Date,Open,High,Low,Close,Volume
2012-10-12,13.623171110908984,13.974836224830922,13.378535270690918,13.378535270690918,6467100
2012-10-15,13.41675919515444,13.630816286351777,13.378535391579211,13.569657325744629,633100
2012-10-16,13.432049607247231,13.722555770388166,13.187413759219922,13.600237846374512,180300
2012-10-17,13.531435012817385,13.81429468998155,13.378536865383651,13.531435012817383,121000
2012-10-18,13.454985939100517,13.661398000692618,13.393826971755985,13.531435012817383,146100
2012-10-19,13.546723246065978,13.607882211537019,13.309732437133789,13.309732437133789,298100
2012-10-22,13.378533788797268,13.386178840225345,12.942776064408129,13.019225120544434,359800
2012-10-23,12.881618878001824,13.225637490584923,12.80516981137958,13.095674514770508,166100
2012-10-24,12.935134369017213,13.35560209964109,12.935134369017213,13.294443130493164,158200
2012-10-25,13.745487508478178,13.745487508478178,12.422924232454605,13.019225120544434,206900
2012-10-26,13.386180268533142,13.386180268533142,12.690496553937665,13.10331916809082,199500
2012-10-31,12.614046143723138,13.019225120544434,12.614046143723138,13.019225120544434,36400
2012-11-01,13.072739247659364,13.363243916209798,12.621691412641841,13.17212200164795,203000
2012-11-02,12.988647061566178,13.172123951731278,12.659917086549445,12.996292114257812,72100
2012-11-05,12.835750916326795,12.996292655097928,12.6140487534774,12.774590492248535,33300
2012-11-06,12.629341650869732,13.363249404282021,12.30061158951607,13.00394058227539,370600
2012-11-07,12.805169250363889,13.302085974420732,12.805169250363889,13.042160034179688,155800
2012-11-08,12.453504532370578,13.202702080255806,12.453504532370578,12.805168151855469,141600
2012-11-09,12.484088260102551,12.950426379754976,12.484088260102551,12.652275085449219,209600
2012-11-12,12.583467793927852,12.652271808783883,12.507020184660867,12.61404800415039,12800
2012-11-13,12.629337208632538,12.812814082449542,12.208868825997692,12.262383460998535,47600
2012-11-14,12.20886798232971,12.591111078498221,11.964231438406511,12.270026206970215,123400
2012-11-15,12.522310408131814,13.195060536277166,12.010104216649548,12.766947746276855,367000
2012-11-16,12.927487599546739,13.523788563191687,12.438215911311696,12.858683586120605,104600
2012-11-19,12.881621590250367,13.187416462980337,12.61405052980728,13.088033676147461,77200
2012-11-20,13.1033195672472,13.217993896252898,12.86632877304844,13.095674514770508,251400
2012-11-21,13.08803288553274,13.363247525292213,12.881620812104474,13.149191856384277,33100
2012-11-23,13.187413786628913,13.416759530095025,13.042160704756549,13.240927696228027,94000
2012-11-26,13.225638530472555,13.317377709261326,13.042161631039795,13.195059776306152,77400
2012-11-27,13.049804092979924,13.248571059101586,12.942776287431526,13.17212200164795,55800
2012-11-28,13.340315202349986,13.37089396186607,12.981004935557037,13.187417030334473,94000
2012-11-29,13.34795563167933,14.02835073175804,13.149190096621394,13.883097648620605,164400
2012-11-30,14.097155373151407,14.127734126770518,13.58494849126469,13.760780334472656,44200
2012-12-03,13.768424759836618,14.1430235880009,13.294441706114547,13.837228775024414,47600
2012-12-04,13.936613216717658,13.936613216717658,13.309733410269253,13.630818367004395,30100
2012-12-05,13.439696183136487,13.837230210313113,13.439696183136487,13.745491027832031,33000
2012-12-06,13.577305628402966,13.592595736751262,13.24093053546543,13.470277786254883,41900
2012-12-07,13.516143417481455,13.646106391039725,13.454984456874307,13.569657325744629,42500
2012-12-10,13.676688416376905,13.699623578899345,13.271510752162019,13.470277786254883,72300
2012-12-11,13.30973251418883,13.638462502303101,13.149190775702197,13.409116744995117,72200
2012-12-12,13.35560124844805,13.592593514668758,13.35560124844805,13.485564231872559,58000
2012-12-13,13.309731024517946,13.745488789518465,13.217993315120259,13.669039726257324,135900
2012-12-14,13.32502287723363,13.493209671960983,13.187414836936345,13.432050704956055,44700
2012-12-17,13.500855152075596,14.143025055008657,13.378537214197378,13.745491027832031,107600
2012-12-18,13.707261662532225,14.71638497003129,13.53142988037738,14.37236499786377,142600
2012-12-19,14.372369015952309,15.205660774260215,13.8601621687185,14.662875175476074,192600
2012-12-20,14.487043000103165,14.540556907653809,14.097154084619685,14.540556907653809,200500
2012-12-21,14.234763674111333,14.662876439741401,13.516144723909422,14.509978294372559,1936500
2012-12-24,14.563492340621679,14.86928863414811,13.768425768629424,14.250052452087402,159000
2012-12-26,14.33414521785757,14.525267154095669,13.967191450235132,14.257696151733398,81300
2012-12-27,14.196537711513365,14.899866521009384,14.058929679068209,14.173604011535645,162100
2012-12-28,14.074217480944412,14.464106356344017,13.99776842452684,14.357078552246094,66400
2012-12-31,14.326501077418412,14.69345486840017,14.196538094177612,14.6170072555542,125600
2013-01-02,14.876932757315554,15.228597924097818,14.219474202440196,14.708745956420898,189700
2013-01-03,14.708743719314471,14.876930494628986,14.25769584291071,14.632294654846191,89100
2013-01-04,14.71639220663978,15.664357036142038,14.502335067792833,15.327981948852539,173300
2013-01-07,15.20566124055609,16.237720019096503,15.014539298535446,15.878411293029785,210300
2013-01-08,15.817253345759415,16.13069323415212,15.580261072568995,15.748449325561523,229400
2013-01-09,15.83254191796619,16.031308924457214,15.595551104057378,15.649065017700195,171800
2013-01-10,15.702577470694818,16.811083719354308,15.549679353154778,16.53586769104004,235200
2013-01-11,16.512940010522613,16.6505480748166,15.71022678818937,16.56645393371582,166300
2013-01-14,16.57409670210079,17.17804134102184,16.57409670210079,16.665834426879883,130400
2013-01-15,16.56644767846482,17.50676715189597,16.184203847820168,16.604671478271484,59300
2013-01-16,16.115404755345157,16.451779837155875,15.335626753115973,16.26830291748047,239500
2013-01-17,16.337098899746156,16.673472357771487,15.870761047202745,16.145977020263672,129800
2013-01-18,16.184203203110805,16.658186175812293,15.526743373986156,15.702576637268066,119400
2013-01-22,15.748445281735881,16.73463355443467,15.748445281735881,16.658185958862305,160100
2013-01-23,16.619961576586366,16.619961576586366,16.01601708257977,16.382970809936523,42700
2013-01-24,16.237717746053622,17.26977638012093,16.199493946258144,16.382970809936523,114500
2013-01-25,16.474716825702423,17.361522843361442,16.474716825702423,16.818737030029297,71200
2013-01-28,16.97162843661271,17.00985224041196,16.31416851262421,16.543514251708984,91000
2013-01-29,16.574095086883325,16.94104886652816,16.53586982349655,16.918113708496094,113700
2013-01-30,16.849309816505784,17.491478150962898,16.849309816505784,17.330936431884766,340500
2013-01-31,17.223906574145158,17.223906574145158,16.474707599633657,17.139812469482422,260400
2013-02-01,17.246846815115635,17.54499809110122,17.093950108234917,17.3538761138916,93600
2013-02-04,17.31564477297556,17.361513623144393,16.70405524357623,17.231552124023438,80100
2013-02-05,17.262134012864085,17.315647924157176,16.941049086960806,17.300357818603516,38700
2013-02-06,17.19332999601733,17.453255957850686,16.979272892700237,17.300357818603516,136100
2013-02-07,16.864596460145773,17.34622447648491,16.81872761130447,17.139812469482422,61300
2013-02-08,17.116880530405087,17.39209659142515,16.849310980129683,16.85695457458496,96400
2013-02-11,16.918116807923006,16.918116807923006,16.28359190090354,16.482358932495117,59100
2013-02-12,16.45177977449965,16.635256693476286,16.092469532293578,16.49000358581543,154700
2013-02-13,16.474713878417177,16.826379075277647,16.230077980502923,16.482358932495117,321700
2013-02-14,16.474716825702423,17.529711146874682,16.474716825702423,16.818737030029297,379500
2013-02-15,16.872244793092673,17.315647639855676,16.58938513571775,17.048076629638672,146500
2013-02-19,17.06336617522787,17.44561004638672,16.994562161767707,17.44561004638672,102000
2013-02-20,17.437968462679308,17.797278706253802,16.21478754003165,16.26830291748047,96200
2013-02-21,16.27594300514219,16.27594300514219,15.71022085274665,15.84782886505127,76900
2013-02-22,17.009851619546307,17.300356308993138,15.46558608885077,16.038951873779297,310600
2013-02-25,16.054238850489085,16.11539779730803,14.96102140022412,15.090984344482422,167600
2013-02-26,15.16744018832605,15.687292198279378,15.06041234797506,15.327981948852539,119300
2013-02-27,15.358559040076981,16.43648665274496,15.175082154744631,16.023662567138672,158500
2013-02-28,16.038948144071373,17.820204043375753,15.4426487996221,17.36151123046875,205000
2013-03-01,17.200973157611372,17.437963935057983,16.74992530038244,17.078655242919922,46000
2013-03-04,17.101593675561286,17.483837596749876,16.68876954076808,17.11688232421875,39000
2013-03-05,17.132172411316017,18.255969013385766,17.1168823045313,18.118362426757812,108700
2013-03-06,18.21774015138701,18.370638260534108,17.87372013487826,18.00368309020996,13800
2013-03-07,17.96546547282674,19.02810317674075,17.223912742072027,18.737598419189453,129700
2013-03-08,18.93635905513609,19.081610655816476,18.263609120264356,19.035741806030273,127200
2013-03-11,19.051037212838867,19.104551128846122,18.40886730446212,18.722307205200195,218100
2013-03-12,18.74524535205879,19.104554172599194,18.577057065645985,19.058685302734375,107300
2013-03-13,19.012806098837547,20.17482607207234,18.859908004866085,19.68555450439453,308800
2013-03-14,19.76965678479446,19.76965678479446,18.515895686456687,19.005168914794922,153000
2013-03-15,19.05103735982628,19.08161611571856,17.965464549970363,18.46238136291504,186000
2013-03-18,18.248321575295556,18.76817197319919,18.06484324880659,18.340059280395508,38800
2013-03-19,18.523539088612054,19.21922287163426,18.018977256049684,18.164230346679688,87200
2013-03-20,18.378287961236616,18.57705351201033,18.080136718786434,18.347707748413086,81000
2013-03-21,18.286546075839027,18.707013732950433,18.263610919614106,18.58469581604004,133000
2013-03-22,18.645859087268263,18.821692409373583,18.53118619590909,18.768177032470703,48100
2013-03-25,18.87520203394698,19.364473703445473,18.821688127363657,19.265090942382812,197000
2013-03-26,19.288026851439785,19.777300035165798,19.173353973024774,19.609111785888672,191400
2013-03-27,19.448570389199748,20.08309521625772,19.448570389199748,19.960777282714844,83600
2013-03-28,20.0601574072664,20.801709963690154,19.907260739605565,20.518850326538086,157500
2013-04-01,20.58765554282233,21.3827220523888,20.58765554282233,20.946964263916016,216600
2013-04-02,21.000475679483827,21.32156055782616,20.450045084387476,20.6717472076416,493300
2013-04-03,20.67939941629803,20.67939941629803,18.71466552764712,19.051040649414062,526600
2013-04-04,19.012808865705654,19.318603640005538,18.217740994381458,19.150415420532227,135100
2013-04-05,18.875200945761907,19.395052793706075,18.78346178394755,19.249799728393555,56400
2013-04-08,19.242156961441697,20.144252750790805,19.127484089166487,19.914905548095703,144200
2013-04-09,20.106026089544283,20.939317805943162,19.983708173205418,20.457691192626953,285300
2013-04-10,20.45004829073259,20.82464713117425,19.81552348620574,19.937841415405273,230100
2013-04-11,19.983712202622247,20.411826454275694,19.18864558610633,20.258928298950195,165600
2013-04-12,20.25893361516923,20.679401465433507,20.05252148875793,20.35831642150879,275800
2013-04-15,20.151899634396102,20.151899634396102,19.119840773855294,19.723785400390625,378800
2013-04-16,19.930200623206183,20.465342771464453,19.76965885361573,20.442407608032227,166300
2013-04-17,20.266572517090676,20.289507676887517,19.425635613755766,19.723785400390625,160000
2013-04-18,19.807879953497974,20.3888908908572,19.463859839882364,20.266572952270508,74100
2013-04-19,20.450047505494176,20.503561415196057,19.945485702384023,20.04486846923828,126900
2013-04-22,20.144252643471845,20.901095346229756,20.037223366193125,20.625879287719727,149300
2013-04-23,20.679394910028996,21.16866810547517,20.61059088970289,21.015769958496094,107100
2013-04-24,20.96989984905335,21.115152934220216,20.6717500841561,20.717618942260742,77900
2013-04-25,21.031059015496606,21.161021996500995,20.77113305348783,20.870515823364258,68500
2013-04-26,20.862866368562358,20.924025315494635,20.144247648499835,20.54942512512207,147000
2013-04-29,20.625880276686907,20.625880276686907,19.708495801241288,19.907262802124023,343500
2013-04-30,20.22834374691339,20.442400826838266,19.97606286542619,20.07544708251953,171600
2013-05-01,19.953134377730194,20.648818246456074,19.8384614849563,20.21306037902832,347100
2013-05-02,20.228345775947272,20.832291816594708,20.228345775947272,20.717618942260742,168400
2013-05-03,20.977544645512488,21.145731428604854,20.763487546731092,21.00812339782715,86000
2013-05-06,21.08457552245224,22.47594322087553,21.08457552245224,21.986671447753906,393000
2013-05-07,21.948441046430627,22.024890107639266,21.31391631724466,21.818479537963867,264200
2013-05-08,21.696161052229755,22.743509879878378,21.031057546253123,22.5753231048584,200900
2013-05-09,22.60590605057254,22.682355129093217,21.76496910313486,21.925512313842773,189700
2013-05-10,21.90257588035436,21.94080114646634,21.33685506520023,21.849061965942383,89400
2013-05-13,21.757319162458035,22.170143218856477,21.673226507304125,21.91021728515625,51700
2013-05-14,21.87199374827316,22.101339476951715,21.810834790082573,22.07076072692871,73700
2013-05-15,21.627358582053645,22.758800072522178,20.78642178740745,22.537097930908203,599000
2013-05-16,23.829088958544396,24.157819003432262,22.728225925422123,22.888769149780273,3939200
2013-05-17,23.33216919527516,24.77705074431939,23.087533320108395,24.02785301208496,914000
2013-05-20,24.17310334471897,24.654729986594372,23.88259718257948,24.486541748046875,545100
2013-05-21,24.769401663545054,24.769401663545054,23.87494957357092,24.24190330505371,295800
2013-05-22,24.654728378087835,26.63475164200289,24.36422369304592,24.87643051147461,876400
2013-05-23,24.448319322359673,26.221930772601524,24.096655636738678,25.43450927734375,609700
2013-05-24,25.526245029283245,26.504788397799896,25.052263449694152,26.237218856811523,792300
2013-05-28,26.5812392473577,27.452754810174458,26.229575584517484,26.718847274780273,383300
2013-05-29,26.61181671323402,26.994060546376364,26.229572880091677,26.72648811340332,230000
2013-05-30,26.58888284164148,27.25398927961369,26.29837959822877,26.718847274780273,355500
2013-05-31,26.474213362859597,26.932904876903393,25.74030285758419,25.816753387451172,596800
2013-06-03,25.732657439723813,26.56594920035783,25.136357930453542,26.451274871826172,338800
2013-06-04,26.46656645978554,27.085802619234983,25.686788564427175,26.05374526977539,175200
2013-06-05,26.19899677038834,26.512436645927533,25.85497668350643,25.946714401245117,165100
2013-06-06,25.900843602062007,27.422172463129822,25.69443157701625,26.435985565185547,110100
2013-06-07,26.64239135883019,27.246337255153342,26.10725237858306,27.101085662841797,135000
2013-06-10,26.42070150687029,27.185189367316067,25.61034332493346,26.55830955505371,234400
2013-06-11,26.420694518894024,26.940546359805374,26.130188392199102,26.3442440032959,123300
2013-06-12,26.56594970837454,26.787651859087692,26.137835512130806,26.321313858032227,65700
2013-06-13,26.405406627536415,26.986416013303625,25.549178278852118,26.7341365814209,282100
2013-06-14,26.726489446166507,27.238697724589695,26.451273405973648,26.672975540161133,145900
2013-06-17,26.940547226682437,26.971124517616605,25.832039503297008,26.33660125732422,186800
2013-06-18,25.877911353896504,27.11638371309525,25.380996024253175,26.76471710205078,611200
2013-06-19,26.94055535663814,27.12403082276755,26.107263414218014,26.458927154541016,3342600
2013-06-20,26.229576978002044,26.229576978002044,24.822919335621126,24.952880859375,642000
2013-06-21,25.075200939767065,25.617986614288867,24.157816393079894,25.3427734375,1297800
2013-06-24,25.159298538995248,25.159298538995248,23.515649723676805,24.478904724121094,797600
2013-06-25,24.91465741788058,25.495666860363215,24.073720549652922,25.16693687438965,406000
2013-06-26,25.41157387475573,25.786171235914058,25.220451938898417,25.725013732910156,325100
2013-06-27,25.770879173940227,25.816749484926543,25.197513409912126,25.273963928222656,290800
2013-06-28,25.34277291904871,25.747950538742273,24.929948787876214,25.472734451293945,902100
2013-07-01,25.602697941272243,26.48950368079867,25.549181111792358,26.198997497558594,245100
2013-07-02,26.076674323910733,26.512432053042783,25.617979982100337,26.42069435119629,119600
2013-07-03,26.397762892924288,27.705039251867152,26.1454834345143,26.909971237182617,192200
2013-07-05,27.322792352332637,27.689746107391905,26.565948227574065,27.437463760375977,224700
2013-07-08,27.575075408131337,28.89763898553122,27.24634541253771,27.59800910949707,498600
2013-07-09,27.865586686409944,28.23254055674355,27.361024750164972,27.903810501098633,280100
2013-07-10,27.93438552710505,28.477171177149266,27.383953365770303,28.408367156982422,284000
2013-07-11,29.149910370186394,29.149910370186394,28.53832092871552,28.74472999572754,320000
2013-07-12,28.58420260012347,28.798258282548137,27.697396737705617,28.477174758911133,117800
2013-07-15,28.438944435152212,28.920572526624326,27.697390396124117,28.49245834350586,243200
2013-07-16,28.423655048207884,28.98173076105253,27.99554085427845,28.828832626342773,213300
2013-07-17,28.43129729035765,29.715636894770565,28.43129729035765,28.790607452392578,207500
2013-07-18,28.70651761509109,30.159045667808368,28.637713593303648,29.111698150634766,294500
2013-07-19,29.165210934156562,30.426614062930863,28.568908463038788,30.090240478515625,348100
2013-07-22,29.89911750532273,30.28136139484864,29.47100329918952,30.174333572387695,150900
2013-07-23,30.503065757924325,30.579513374845575,29.56274315531293,29.654483795166016,182500
2013-07-24,29.753866520697745,29.822670545695853,28.33956512675744,28.599491119384766,252800
2013-07-25,28.484812858718794,29.23401343522652,28.36249493289313,28.859413146972656,222700
2013-07-26,28.668288922534874,29.922048291474134,28.400719392440212,28.645355224609375,244100
2013-07-29,28.6683000819041,28.91293600929979,28.247832263960895,28.798261642456055,82200
2013-07-30,28.87470387145559,28.966441588719803,28.117859684229828,28.920574188232422,137400
2013-07-31,29.019950744130398,30.04436432060844,28.515389007434585,29.188138961791992,149800
2013-08-01,30.029076022865006,33.178767457090125,30.029076022865006,32.57482147216797,973200
2013-08-02,32.444855459386666,33.27050353757463,31.802685704003473,32.60540008544922,509800
2013-08-05,32.544239586012985,33.72155128713791,32.421921676564224,32.94941711425781,419500
2013-08-06,32.857682557770204,32.941776675373454,31.282836771053727,32.261383056640625,308400
2013-08-07,33.46161900974784,33.51513290269986,31.588624007561815,32.291954040527344,421900
2013-08-08,32.32254733530531,33.29344731395021,31.95559349488903,32.17729568481445,324700
2013-08-09,32.18492333833486,32.63597109056506,32.05496186010522,32.291954040527344,219000
2013-08-12,32.12377690008337,32.49073068492306,31.343999013690482,32.169647216796875,250300
2013-08-13,32.14671546904063,33.239933394490954,31.879145871744345,32.17729568481445,366000
2013-08-14,32.03203446613437,32.1314157632786,30.8317890602871,30.923526763916016,974100
2013-08-15,30.7706395825404,31.114659738770914,30.197273627586235,30.418975830078125,2670400
2013-08-16,30.487777891681123,31.321069809031833,30.197271676711093,30.961759567260742,547800
2013-08-19,30.96175213269214,31.03819973687448,30.074946509246846,30.082590103149414,194700
2013-08-20,30.02143584252851,30.365455931048903,29.394556088464455,30.02907943725586,254900
2013-08-21,29.96792713098237,30.816509191159536,29.12698866685897,29.983217239379883,228600
2013-08-22,30.059656405152545,30.51834786282491,29.70799275985112,30.082590103149414,233800
2013-08-23,30.20491324840492,30.92353368379204,29.65448398717078,30.67125129699707,689700
2013-08-26,30.831792090240924,31.53511941432953,30.235489667329603,30.579509735107422,352200
2013-08-27,30.250778896391218,31.275192559512092,29.94498264137723,30.49541473388672,276200
2013-08-28,30.68654746860364,31.917373599776305,30.655967249077428,31.72625160217285,389600
2013-08-29,31.558053854105285,31.69566188444616,30.686538272806004,30.915884017944336,476200
2013-08-30,30.961752660879206,31.351640114923025,30.136104523436938,30.76298713684082,397100
2013-09-03,31.19874129095543,31.963228922445047,31.19874129095543,31.848554611206055,338000
2013-09-04,32.65126940864975,33.92796540138549,32.15435414670321,33.140541076660156,1078600
2013-09-05,33.354600856212166,33.86680624132492,33.079384803672475,33.346954345703125,268500
2013-09-06,33.59159145364917,33.62981817505519,32.811813580854576,33.19405746459961,403800
2013-09-09,33.33165949550313,34.01205593576369,33.26285549216393,33.8820915222168,284600
2013-09-10,34.02735603078362,34.40195639469343,33.43105638648839,33.927974700927734,270300
2013-09-11,33.92796595996277,35.01353712669713,33.75213413364478,34.807125091552734,322800
2013-09-12,34.92180347002832,35.854479533468755,34.63129728503564,35.648067474365234,451900
2013-09-13,35.79331882366387,36.09911511240922,35.0747013362887,35.166439056396484,591000
2013-09-16,35.52574139898001,35.55631868805839,33.927962122150824,34.26433563232422,492400
2013-09-17,34.287277973078716,34.745972420372155,33.690978399515835,34.0885124206543,583900
2013-09-18,34.440179683611994,34.69246209315518,33.438702390224016,34.14967346191406,441400
2013-09-19,34.172607712166204,34.47075750910066,33.1481938695026,33.65275573730469,264600
2013-09-20,33.61452274422176,34.02734385688345,32.016743446651176,32.70478057861328,1209100
2013-09-23,32.49837379241491,33.44633990959124,32.3531221661003,33.29344177246094,562300
2013-09-24,33.828588291878624,34.12673809496339,33.25522238862645,33.35460662841797,449400
2013-09-25,33.51514372789207,33.72919936883884,33.140543439945816,33.453983306884766,245900
2013-09-26,32.72772397741804,33.68333373353675,32.72772397741804,33.62217330932617,331100
2013-09-27,33.30108017331283,33.45397535691847,32.76593828182703,32.987640380859375,283100
2013-09-30,32.46779772095838,33.010583357740664,32.13906773444752,32.59775924682617,307800
2013-10-01,32.57482423935787,33.4769200382993,32.57482423935787,33.19405746459961,332100
2013-10-02,32.94942756449087,33.53044000586299,32.246100091165566,33.041168212890625,491400
2013-10-03,33.064087868758406,33.69861396062482,32.29960028797786,33.50749206542969,359300
2013-10-04,33.49985278187066,36.20614010144498,33.392824964083424,35.17407989501953,646600
2013-10-07,34.745974189319924,35.70922761998384,34.51662841214183,34.98296356201172,353800
2013-10-08,34.96767040989698,35.143502239635055,33.216992790437686,34.065574645996094,830300
2013-10-09,34.149657959507564,34.34842635854422,32.88825523328144,33.16347122192383,427500
2013-10-10,33.5915992924802,34.3407971294962,33.23229194098981,33.3928337097168,350100
2013-10-11,33.19405358148881,34.63893774270251,33.04880197252172,34.17259979248047,475300
2013-10-14,34.01971772880537,35.663368178848096,33.57631326645322,35.56398391723633,474000
2013-10-15,35.52574281898066,36.94004383642613,34.76125515197467,35.816246032714844,619400
2013-10-16,36.068524617977104,38.59133307391869,36.068524617977104,37.857425689697266,795200
2013-10-17,37.80391622781925,38.514890001050425,37.11587615169584,38.36199188232422,460600
2013-10-18,38.71366397192037,40.05151769955508,38.41551417922527,39.89097595214844,800100
2013-10-21,39.59282128055916,41.41230002620536,39.027099062275404,40.32672882080078,863800
2013-10-22,40.800707746024415,41.25175560582616,38.354346521952024,38.46902084350586,643500
2013-10-23,38.26261814045772,38.27026465244591,35.38049845806721,37.536354064941406,1767500
2013-10-24,37.796268617019656,41.335847276575535,37.551632800698926,41.28233337402344,1302500
2013-10-25,41.84042091725447,42.93363880837072,40.525500843175664,40.76249313354492,772000
2013-10-28,41.07592410364445,41.90157222614866,40.33437009542743,40.915382385253906,505500
2013-10-29,41.43523397965913,41.88628183992466,40.471977843226036,41.33584976196289,488200
2013-10-30,41.28234825693688,41.79455377067596,40.708982308923865,41.060646057128906,733800
2013-10-31,40.90009526033665,40.90009526033665,37.84978780728627,39.48579406738281,1503800
2013-11-01,39.3099607364477,39.71514124796137,36.84066552630634,38.713661193847656,910200
2013-11-04,38.92772076162742,40.884810749694864,38.132655596862634,40.640174865722656,1067700
2013-11-05,44.74546739456081,44.883075423848915,40.97654252678094,42.15385437011719,1729800
2013-11-06,42.05447382133002,42.7272239215115,39.998002629218306,40.8695182800293,1018100
2013-11-07,42.100334931650046,42.81130868417245,38.60662658126266,41.28233337402344,4113200
2013-11-08,41.213532663918095,41.641646834856566,40.571362865654976,40.877159118652344,1044500
2013-11-11,41.052987550579964,41.19823915479026,40.586649615629845,40.73954772949219,572500
2013-11-12,40.55608022583571,40.83893991633141,39.569890190511835,40.13561248779297,451700
2013-11-13,40.166192159380365,41.05299794476505,39.82217204516007,40.632530212402344,1443600
2013-11-14,40.387889391055424,41.10650682901564,39.10354973270444,40.609588623046875,492000
2013-11-15,40.7089676137682,40.99182722945319,40.24262967778359,40.92302322387695,245200
2013-11-18,41.022408930433855,41.09885653217593,37.75804617587509,38.384925842285156,883500
2013-11-19,38.51489428711511,38.75953013778531,37.07765647721066,37.32229232788086,908500
2013-11-20,37.69688346416368,38.53781863217934,37.01648707108784,37.27641296386719,509600
2013-11-21,37.44461542768864,39.959781213519925,37.44461542768864,39.554603576660156,686500
2013-11-22,39.39405059814453,40.25027892948771,38.90477893239938,39.39405059814453,478300
2013-11-25,39.40171006811765,39.60812216679999,37.39874951777361,38.89714813232422,599700
2013-11-26,38.98887366426466,40.15089534695823,38.80539532855969,39.4552116394043,572700
2013-11-27,39.33290134039838,39.8145295131694,37.70454136712764,38.270263671875,639400
2013-11-29,37.94153681195596,38.65251082071185,37.1846924775,38.025630950927734,356800
2013-12-02,38.16323540836743,39.072977895821495,37.498131737285945,38.50725555419922,527000
2013-12-03,38.56840336881463,39.88332017248057,37.765691902026155,38.40021514892578,928700
2013-12-04,38.22438888286082,39.24115902696385,37.880368799657184,38.56840896606445,561400
2013-12-05,38.446100220862746,39.1570742571981,37.27643165860355,37.61280822753906,663500
2013-12-06,38.62956737489727,38.84362594072241,35.04412066372774,35.304046630859375,1472900
2013-12-09,35.388147253859174,35.785681330494775,33.7980109473168,34.45547103881836,1388500
2013-12-10,34.56249299008367,36.3055271698689,34.51662558817454,35.166439056396484,753000
2013-12-11,35.112925613056234,35.32698126826793,34.40195171105787,34.486045837402344,743000
2013-12-12,34.72303977939744,35.44930388357696,34.23376797927775,34.371376037597656,386700
2013-12-13,34.50133769015188,34.73832705862149,33.23228796833326,34.19554138183594,672000
2013-12-16,34.52427171351665,35.31169327775905,34.14202778271319,34.776554107666016,499700
2013-12-17,34.57013765768947,35.64806528941278,33.843873697866954,35.258174896240234,587700
2013-12-18,35.181717670021975,36.63424227635764,34.69244610088623,35.426353454589844,751100
2013-12-19,35.8315346098361,38.14793412527829,35.028823176927524,38.07148361206055,1047800
2013-12-20,38.216748925964005,39.20293603663338,37.834505000751,38.828338623046875,1472400
2013-12-23,38.621921952871524,39.97506563689519,38.308482088185094,39.829811096191406,877300
2013-12-24,39.768646240234375,40.05150584234716,39.501073824148165,39.768646240234375,300200
2013-12-26,39.875689268166425,40.64782077408371,39.44757498871044,40.31144714355469,488200
2013-12-27,40.36495074502418,41.15237507408815,39.78394136513282,40.777774810791016,377300
2013-12-30,40.670755761086916,41.129447322140486,39.53931404970359,39.69985580444336,598400
2013-12-31,39.63869624207974,41.09122441103218,39.416996968614484,40.42612075805664,611000
2014-01-02,40.23498865329878,40.96125255490928,37.880365126610286,39.11119079589844,714300
2014-01-03,39.164714715896444,39.98271653452495,36.70306274789857,37.59751510620117,1258300
2014-01-06,37.4599060156606,37.65102798512826,35.961510474943736,37.13117599487305,1434000
2014-01-07,37.30699294965178,38.25495882258944,36.63424306938275,36.993553161621094,727600
2014-01-08,36.99357372200321,37.25349975773164,35.8621318359766,36.397274017333984,534800
2014-01-09,36.435487642921935,36.748927517487836,34.2872759215428,34.79948425292969,1103300
2014-01-10,34.730674011804105,36.08381749598609,34.59306600213889,35.90798568725586,1066600
2014-01-13,35.18937350108653,36.03795544981479,33.67568796401299,33.96619415283203,817400
2014-01-14,34.057925320890796,36.02265841135113,33.652747786556745,35.93856430053711,908300
2014-01-15,36.13733894882011,37.276424146929386,36.09146863058413,36.7107048034668,925800
2014-01-16,36.7107028946034,37.36816284035168,36.12204696448667,37.16175079345703,503600
2014-01-17,37.38346081632034,37.79628208073532,36.41256079856898,37.08530807495117,747300
2014-01-21,37.161754538647855,37.903308680045704,36.45842420616656,37.52106475830078,717600
2014-01-22,37.61279696333217,39.47050238369996,37.45989883381386,39.15706253051758,773300
2014-01-23,39.07297266491947,39.27173821351808,37.85743692323721,38.56076431274414,978600
2014-01-24,38.14030513381732,38.53019563958399,36.70306690437178,37.36052703857422,836800
2014-01-27,37.26877951997083,38.071491110989236,36.12969143711615,36.34375,596900
2014-01-28,36.48899444206428,38.568401740964795,36.48899444206428,38.07148361206055,591900
2014-01-29,37.52870537825667,38.499605212469675,36.924759329871584,37.146461486816406,764900
2014-01-30,37.56692875846804,39.40934417768193,37.56692875846804,39.27173614501953,1053200
2014-01-31,38.736587757355565,40.762481192797765,38.3008300309273,39.738067626953125,827100
2014-02-03,39.738082105089205,40.18148650267535,37.87273261262372,38.28555679321289,1003600
2014-02-04,38.46902203702386,40.227343218904174,38.46902203702386,39.478145599365234,429500
2014-02-05,39.40170286741534,40.556078190241976,38.530187220887086,40.487274169921875,723300
2014-02-06,40.59429804267065,42.360265781296015,40.59429804267065,41.10650634765625,1109300
2014-02-07,43.728693831566595,45.10477100787097,42.054464024341044,43.36174011230469,1298000
2014-02-10,43.75164071197151,44.83721501033869,42.81132097619906,43.97334289550781,914600
2014-02-11,43.919824916156976,45.272968678979105,42.86483093024167,45.03597640991211,717100
2014-02-12,45.0818555064537,45.74695920877868,44.187403085273814,44.31736755371094,795400
2014-02-13,43.973335883967,45.34941325552871,43.31587595005802,45.02068328857422,842900
2014-02-14,45.08184787592315,45.739307870607,44.34029375406491,45.60169982910156,876300
2014-02-18,45.61698379844313,47.298857474313316,44.6766641920737,46.649044036865234,1333600
2014-02-19,47.00836110273185,47.81107279481203,46.175069195491126,46.66434097290039,764900
2014-02-20,46.557301701121105,48.078630578079085,46.045093430000755,47.91044235229492,1073300
2014-02-21,48.91192822656232,49.2483018027323,48.1092166340568,48.91957473754883,3257700
2014-02-24,49.18714879194986,51.98517731159458,49.164215088113394,49.538818359375,1941000
2014-02-25,50.13511228547689,50.13511228547689,48.032770795151194,48.72845458984375,1470100
2014-02-26,48.85077040074044,49.78344642731384,47.32943843250098,49.34004211425781,884300
2014-02-27,49.263595006776754,49.959275862068466,48.63671233659167,48.84312438964844,742900
2014-02-28,49.034238427483814,49.4699961637727,48.68257480105577,49.17949295043945,1029700
2014-03-03,48.84312848578935,49.98221375420208,48.552622284944135,49.240665435791016,709400
2014-03-04,49.71463562542734,50.56321746340207,49.515867184597454,50.058658599853516,667900
2014-03-05,50.08924835794247,50.402691219836086,48.21625519701119,48.95780944824219,685800
2014-03-06,48.88899030053321,49.46235317451696,47.566426894258264,47.979248046875,854300
2014-03-07,48.33856151756051,49.026598763212505,47.7957758988564,48.835479736328125,591100
2014-03-10,48.79726156714043,48.89664288934118,46.641403116147494,48.1856689453125,852400
2014-03-11,48.10157139110922,49.2635961233772,46.18270827972433,47.405887603759766,1085100
2014-03-12,47.107737523955024,48.560265513693494,46.45027754789002,48.28504943847656,811200
2014-03-13,49.19479146471248,49.278885593936316,47.8798743595888,48.437950134277344,800100
2014-03-14,48.49145817839695,49.17949831938192,48.178018317790304,48.60613250732422,508700
2014-03-17,49.02660204938276,49.66112834306989,48.50675301209171,48.87370681762695,580400
2014-03-18,48.94249930239099,50.26506557120736,48.89663190745826,50.211551666259766,595400
2014-03-19,50.15038059345083,50.43324307810518,48.98071561061516,49.23299789428711,683100
2014-03-20,49.1336153716486,50.55556277095509,48.19329889207406,49.83694839477539,841100
2014-03-21,49.89048518965101,50.54029877984735,48.950162445955485,49.09541702270508,851300
2014-03-24,49.3400484853273,49.61526458879067,47.54350021718137,49.03425216674805,686400
2014-03-25,49.13362894412033,49.65348088781885,48.17802209865372,49.148921966552734,496700
2014-03-26,49.622905632025684,50.51735495341907,48.89663872636569,49.60761260986328,746600
2014-03-27,49.852259967927,52.67322245180889,49.592336857014054,52.01576232910156,910700
2014-03-28,52.24509752745163,53.437702554627926,51.64879793015322,53.2848014831543,1465600
2014-03-31,53.78935826221331,54.27098344234903,51.220678969665585,51.45766830444336,1576600
2014-04-01,51.45002787731366,52.48208517268174,49.69170372033199,50.76963424682617,1014200
2014-04-02,50.82313876180946,53.0554411780376,50.555563432865085,52.72671127319336,921400
2014-04-03,52.657914804923884,53.26950734590721,51.228326426686884,51.91636657714844,903100
2014-04-04,52.29861672130348,53.26951372638374,50.73906080431753,51.411808013916016,657400
2014-04-07,50.99133207585486,51.060139008298094,48.96544414546291,49.8216667175293,1101200
2014-04-08,49.82166495105653,51.26654632276779,49.23301195363213,50.91488265991211,873500
2014-04-09,51.503536223502294,52.65026772395741,50.930170473274735,52.031028747558594,722000
2014-04-10,51.98517040008695,52.245093452449446,49.255949187385546,50.17333221435547,823300
2014-04-11,49.92104886477731,54.064570775863025,49.309456375154944,51.67936706542969,2507100
2014-04-14,52.32154486462265,54.27098517929809,51.98516837927272,53.60588455200195,1028000
2014-04-15,52.696135771127935,53.87344749277313,51.08306630720832,52.81081008911133,1323400
2014-04-16,53.636445027454705,54.70672284598495,52.93311210482197,53.88872146606445,876500
2014-04-17,54.049265904593554,56.67910486772861,53.9345974414381,56.06751251220703,910900
2014-04-21,56.58739485377852,57.0690259896921,54.93610393336371,56.96963882446289,982400
2014-04-22,57.665311856972025,58.65150176534671,56.54151391876415,56.7708625793457,952200
2014-04-23,56.854959485496614,57.47419273380136,56.090471689533615,56.48800277709961,641000
2014-04-24,56.763215976510935,58.01697543181007,55.960501498357075,57.65766525268555,848300
2014-04-25,57.55065568594876,57.55065568594876,54.37802932058142,54.61502456665039,1041800
2014-04-28,54.66087862327703,55.47123383853945,52.9942949578236,54.24805450439453,647800
2014-04-29,54.67615881088634,55.815249705701554,54.33978818243706,55.2113037109375,836800
2014-04-30,55.05077496672433,55.325991075603966,53.66704791025181,54.99726104736328,780200
2014-05-01,55.07369372847085,56.22042526015939,53.751127462255674,54.48503494262695,686200
2014-05-02,55.004891822430075,56.79379620802952,54.592073566024304,56.39625930786133,886500
2014-05-05,55.86112286324677,57.36716475034203,55.46359177678002,56.28923416137695,629800
2014-05-06,56.10574988408551,56.5644413216088,55.55531782602633,55.998722076416016,890900
2014-05-07,56.35802586315536,58.48330042241777,54.73731007851866,57.887001037597656,1760300
2014-05-08,55.49416242225314,57.336580681110554,54.110441474907496,54.859642028808594,2311400
2014-05-09,53.72818974254053,55.86875744113948,53.598228245164,54.46209716796875,904500
2014-05-12,54.79848365405838,57.15310738836287,54.286278247349586,55.59355163574219,1706500
2014-05-13,55.983444422186736,56.900827453446,55.23424380834771,56.36568832397461,955600
2014-05-14,56.39626043221242,56.92375886186115,54.85964420836595,55.058406829833984,813000
2014-05-15,55.08134835085141,55.08134835085141,51.77111477536055,53.07838821411133,1684700
2014-05-16,53.231287667965105,54.07222898122767,51.709958457518354,54.0263557434082,736400
2014-05-19,53.804662968785976,54.890240354052025,53.667054896432845,54.3933219909668,559700
2014-05-20,54.45446869469564,54.78319868280991,53.116615041394624,53.63646697998047,548900
2014-05-21,54.11044158846446,55.960500529171995,54.11044158846446,55.58590316772461,935100
2014-05-22,55.654710786313004,56.72498897512085,55.234240188868,55.83053970336914,604200
2014-05-23,55.685294591607764,56.81673922465128,55.50946564478282,55.639427185058594,664200
2014-05-27,55.69293431797156,55.922282987933094,53.78936135457516,54.637943267822266,885600
2014-05-28,54.62265344490683,54.9896101718213,53.712916887957235,54.576786041259766,685000
2014-05-29,54.70674079587569,58.04755431866511,54.171601711025474,57.35186767578125,1460700
2014-05-30,57.74940438512515,58.06284132452926,56.801441223838,57.70353698730469,1019800
2014-06-02,58.857916410781655,59.98936096575113,57.60415683592804,58.1851692199707,1245900
2014-06-03,58.1622303093183,60.00464278205419,57.77998642847249,59.85939407348633,943300
2014-06-04,59.9052653432698,60.97554944530539,58.87320796482014,60.04287338256836,845800
2014-06-05,60.119311482148554,61.059633907294874,59.27072967954131,60.5780029296875,821100
2014-06-06,61.11315707422823,62.31340269626971,60.68503993674134,61.992313385009766,953500
2014-06-09,62.25224569995416,62.87912550205137,61.204895248398095,62.68800354003906,748500
2014-06-10,63.4524863318654,63.957051071009694,62.206373338570444,62.94028091430664,601900
2014-06-11,62.428072570016994,64.57628128471802,62.015248484410705,64.09465026855469,915800
2014-06-12,64.22460922334668,65.66949041779894,63.834718888034466,64.74446105957031,1154600
2014-06-13,65.23374759401318,67.5730784752057,64.59922129859847,67.23670196533203,1617500
2014-06-16,67.42017420247863,69.03324376568399,66.64803996861492,68.72744750976562,1385500
2014-06-17,68.80390943487961,70.51636065880321,67.947680906628,69.00267791748047,1159800
2014-06-18,69.94298968250843,71.34965031760025,67.94767598676452,69.06382751464844,2891900
2014-06-19,69.33139616671505,69.33139616671505,67.50427090415944,68.07763671875,1072300
2014-06-20,68.39871287237786,69.3313887644121,67.50426369693312,68.64334869384766,1729600
2014-06-23,69.09440102307344,69.9582759168971,68.13115065365723,69.88182830810547,1253800
2014-06-24,68.9491527441579,69.21672229287896,66.62510926047744,67.03793334960938,2265700
2014-06-25,67.27493791007154,69.8436178241534,67.1220426569443,69.23202514648438,1917100
2014-06-26,69.14791883855082,69.57603597060931,67.04557739883991,68.26111602783203,939200
2014-06-27,68.06999877987253,68.70452509440823,67.65717464147266,67.80242919921875,3201400
2014-06-30,67.81005169648327,68.68156714412335,67.61892978546435,67.88650512695312,1145900
2014-07-01,68.80389412742271,69.17085079577011,67.42017323417406,68.62805938720703,1030300
2014-07-02,68.4216496014162,69.12497689023766,66.97676830548977,67.49662017822266,796200
2014-07-03,67.85595177067663,68.16174811582066,66.82389420932314,67.89417266845703,596800
2014-07-07,67.88651217198833,68.59748598806432,66.28108328676103,66.74742126464844,918500
2014-07-08,66.29640374961939,66.59455361855717,64.33931623401112,65.72303771972656,1497400
2014-07-09,66.39576309489738,66.79330001014486,65.34077204919402,66.73213958740234,685700
2014-07-10,64.97380468083398,66.16640939824916,63.31486785614058,65.5318832397461,1005000
2014-07-11,65.51660290255774,66.12819548282943,63.71241120659329,64.37751770019531,890900
2014-07-14,64.82091652686394,67.22140757690627,64.68330849961278,66.19699096679688,836200
2014-07-15,65.83006029411035,66.35755886569203,63.23080000073894,63.727718353271484,1110200
2014-07-16,64.16342722729563,65.73826939289356,63.85763110310623,65.35602569580078,856600
2014-07-17,65.60836307106494,67.4278424985369,64.216995077685,64.75978088378906,843000
2014-07-18,64.6527436308714,66.77037261832317,64.6527436308714,66.25052642822266,1229200
2014-07-21,65.76121628821637,68.70449801298555,65.74592910359598,67.26725769042969,1341500
2014-07-22,66.6633286945606,67.03793188717682,66.06702918968233,66.17405700683594,4448200
2014-07-23,66.51044193605118,67.19083564557225,65.93707605729212,67.1602554321289,1308200
2014-07-24,67.3666640060783,68.10057156116312,66.40340778827625,67.2825698852539,2064100
2014-07-25,66.47985007375752,66.80093350978211,65.15728961140842,65.51659393310547,975200
2014-07-28,65.66950291488867,65.82239814122464,63.90353213803946,64.82856750488281,569600
2014-07-29,64.66802254824418,66.26580514114607,64.1558171034825,65.43251037597656,782600
2014-07-30,65.74595403530604,66.65569642849904,64.43103402138723,64.79034423828125,660400
2014-07-31,64.22462952688531,64.29343063762008,61.938806527257064,62.86384201049805,1571500
2014-08-01,62.94027164171785,62.95555882887357,59.61475142414187,61.17430114746094,2387900
2014-08-04,61.5489039024577,62.86382362716513,60.883797530287396,62.38983917236328,974400
2014-08-05,62.69565821390293,63.25373114938916,59.760021462265996,60.341033935546875,1512400
2014-08-06,60.90673853847939,62.12227711179808,59.645332565911275,60.0275764465332,1155600
2014-08-07,60.23397714911065,60.96788452625725,57.23718723428435,58.54446029663086,1941800
2014-08-08,58.71265948428135,59.88232476775386,58.513891043095256,59.209571838378906,955700
2014-08-11,59.74471898228963,59.828813101611665,58.56740714435982,59.24015426635742,1063700
2014-08-12,58.8502655045242,59.224862843079514,57.84114197739072,58.13164520263672,576800
2014-08-13,58.22338371272711,59.59945801837411,58.22338371272711,59.00315856933594,599200
2014-08-14,58.94201237812331,59.48479805456519,57.06901946881572,57.994049072265625,1125400
2014-08-15,59.13313976732193,60.10404269725094,58.40687857240116,59.97407531738281,912300
2014-08-18,60.01228611779143,61.18195139808488,59.17899730127122,60.99082946777344,1350900
2014-08-19,61.0290579536595,62.55038692985909,60.860869716903835,61.159019470214844,1100700
2014-08-20,61.00613191084686,61.579497790337605,60.203417346528084,61.34250259399414,658400
2014-08-21,61.43423203376086,62.030531506501305,60.87615344647043,61.724735260009766,850200
2014-08-22,61.77061371193243,61.77061371193243,60.142251040504554,61.143733978271484,691900
2014-08-25,61.41131112080163,62.603910314562086,60.91439284587494,62.229312896728516,835800
2014-08-26,62.50453349544145,65.3637166613048,62.336345221111856,64.125244140625,1391500
2014-08-27,64.40046155056856,64.41575457540401,62.51982194383193,63.14670181274414,725600
2014-08-28,63.00144835491968,63.78122341831876,62.626845098041095,63.60538864135742,638100
2014-08-29,63.84236939167998,66.37282180954217,63.84236939167998,66.01351165771484,1062000
2014-09-02,66.12054864713411,66.29638340868755,63.23843218749405,63.62832260131836,1137000
2014-09-03,64.20932459776398,64.62979519400521,62.92498494229286,64.09465026855469,969400
2014-09-04,64.19404052199691,64.49983680385762,59.75236833803707,60.77677917480469,2162900
2014-09-05,60.21104267724255,61.02139763543397,59.43126208919882,60.58563995361328,1125800
2014-09-08,60.2492831089097,60.256929620216795,58.29219615999615,59.1866455078125,1323600
2014-09-09,59.240145795499814,60.486264385862256,57.772330921438595,58.45272445678711,1162800
2014-09-10,58.1087157185931,59.408342565213005,57.038431698246825,58.71266174316406,1018900
2014-09-11,57.88699046946908,59.75234170816592,57.83347658143645,59.5306396484375,803200
2014-09-12,59.17899785458208,59.53066150973369,57.971105843901434,58.529178619384766,546200
2014-09-15,58.31513374251648,59.07197510007291,57.48948544377516,58.28455352783203,707900
2014-09-16,58.368627662470956,60.9908203893356,57.90993626451507,59.798221588134766,835300
2014-09-17,60.04288782296404,60.623900332245505,58.873222123909635,59.40071487426758,867500
2014-09-18,58.0322688489825,59.232514402762355,57.52770412611235,58.238677978515625,2357300
2014-09-19,58.406874528670286,58.8655660848938,57.137821862786325,57.75706100463867,1628700
2014-09-22,57.72646174824397,57.75704195291564,55.754082291253894,56.15925979614258,1101600
2014-09-23,56.04460534647399,57.28307782793639,55.53239986002055,55.68529510498047,913600
2014-09-24,55.853472199282116,56.93140270809923,54.01870629652896,56.80144119262695,1752800
2014-09-25,56.518578249696255,56.6714734630368,54.9513760663523,55.501808166503906,1334600
2014-09-26,55.478865857767666,56.54914968278531,54.94372686154765,56.29686737060547,747600
2014-09-29,57.31363441237819,58.827316544144075,56.770848934213475,58.68206787109375,2375800
2014-09-30,58.827325249587176,59.09490060640887,56.09810443714699,57.16838836669922,1609600
2014-10-01,57.56593754439295,58.636215870306906,56.02931532993159,56.88554382324219,1983600
2014-10-02,56.151622323655936,58.81968874301503,54.82906179608008,57.550636291503906,1704600
2014-10-03,57.78000133606678,57.78000133606678,55.43302353544197,55.807621002197266,873900
2014-10-06,55.906991029794035,57.01550184559757,54.997254508813505,56.549163818359375,1040600
2014-10-07,56.31982970278358,56.97728985105473,54.53857125845406,54.62266540527344,1183800
2014-10-08,54.24040997980055,56.12105520111827,52.4285775296857,55.89935302734375,1503900
2014-10-09,55.37184234668186,55.37184234668186,52.41327295468845,52.956058502197266,1436100
2014-10-10,52.596761484063165,52.634982373433736,48.26975785891892,49.50058364868164,2625500
2014-10-13,48.3538510918951,50.10452877204866,44.65373019603764,45.26531982421875,3605700
2014-10-14,45.10478433154185,47.21476956964647,43.499360971002886,44.67667007446289,3573000
2014-10-15,43.53757289349076,46.23621340461757,43.07123495350012,45.85396957397461,1971100
2014-10-16,45.21180604943099,48.957797272229854,43.881598968689254,48.25446701049805,2024000
2014-10-17,49.38591532009422,52.321551778865064,47.29122018582778,48.43030548095703,1731600
2014-10-20,48.16273007467502,50.30329818880323,47.42117599586819,49.141273498535156,752300
2014-10-21,49.98986018530728,51.64879742464792,49.53116864053477,51.59528350830078,1882500
2014-10-22,51.83990571272529,53.24656602255175,49.003657229348285,49.08010482788086,1461300
2014-10-23,49.95927967907344,52.18394211544705,48.781970610033454,51.38887405395508,1535300
2014-10-24,51.0907149887762,51.65643426027536,49.74521498790676,51.404151916503906,774200
2014-10-27,49.39356043290044,49.691710227660046,46.25915849953575,49.02660369873047,1422000
2014-10-28,49.42413391100417,51.85520517489468,48.71316007441604,51.816978454589844,757000
2014-10-29,52.176283917837566,53.51413735162827,51.49589035240168,52.81081008911133,1219100
2014-10-30,52.053972708404935,52.719079209543295,50.77727945264409,51.740535736083984,966600
2014-10-31,51.95458416472793,52.45150234363346,48.980727434108786,52.32154083251953,1746100
2014-11-03,52.321543821529154,54.69145469564495,50.85372289908788,51.518829345703125,1337800
2014-11-04,50.08923923919904,50.769638762786734,47.918096637009874,48.65200424194336,1948200
2014-11-05,51.28949028925241,51.28949028925241,48.18567128906748,49.69935989379883,1402500
2014-11-06,49.27887687960432,50.46383515815607,48.697867505613154,50.318580627441406,1091800
2014-11-07,50.52499642084407,53.16248285745709,50.52499642084407,53.1242561340332,1403800
2014-11-10,53.621169977622664,54.57677965904961,50.69318051391162,50.91488265991211,1361900
2014-11-11,50.930180975687,52.55853794239186,50.38739532011871,51.602928161621094,1143200
2014-11-12,49.52351405529332,50.410322618849904,49.11833649292224,49.54644775390625,3320300
2014-11-13,49.30181714213858,50.15039907626762,48.315630085451716,49.50823211669922,1750100
2014-11-14,49.775799454065584,51.91636755525694,49.38590905602868,51.82462692260742,1044000
2014-11-17,51.144240812115484,51.64879978464632,48.14744677829423,48.71316909790039,1575000
2014-11-18,48.6290668626035,50.020434351996705,47.70403737324779,49.210079193115234,1264000
2014-11-19,49.37826777714903,50.02808712025656,48.040416946583555,49.79109191894531,1008700
2014-11-20,49.79872864039131,51.47295858087724,49.76050192210745,51.38121795654297,813000
2014-11-21,52.36741306521273,54.50798118777123,52.183937630661084,53.31537628173828,1509100
2014-11-24,52.87197398923167,53.38417936640861,51.220677699577756,52.0539665222168,1300100
2014-11-25,52.47443997084723,53.05545230811359,50.861370312471884,51.243614196777344,1169600
2014-11-26,51.06780472276866,51.075445403907594,49.103070642574565,49.59998321533203,961800
2014-11-28,44.99775837429098,47.291222080085305,41.6493005472701,43.11711883544922,2111700
2014-12-01,42.95656848066418,43.91982474287451,41.18295701596368,42.66606521606445,1516000
2014-12-02,42.3296934200209,44.88308307523461,41.61871945292647,44.217979431152344,1981400
2014-12-03,44.68431737901426,48.24683079988575,43.55287566125784,45.762245178222656,1624500
2014-12-04,45.058912395449894,46.022168710300924,43.889246929420466,44.70724868774414,1272400
2014-12-05,44.63844048046641,45.632273999472524,43.942756725533194,44.944236755371094,1507000
2014-12-08,43.81279443228319,43.81279443228319,41.22882499536662,41.89392852783203,1576700
2014-12-09,41.450533472486015,44.080370709879155,41.06064302352032,43.331172943115234,1354400
2014-12-10,42.69664525962127,43.20120712401266,40.51785605345155,41.014774322509766,1325600
2014-12-11,40.73191313834412,42.59726542396251,40.47198714360827,40.601951599121094,1017000
2014-12-12,39.646332930806125,41.985663446572566,39.59281902464736,40.1126708984375,2185300
2014-12-15,40.410815962605064,41.53461369451439,39.516363932886314,40.83128356933594,1413600
2014-12-16,39.81452275266189,45.0741962847992,39.715138530266216,42.688995361328125,2552400
2014-12-17,42.76545528029466,45.831053622103894,42.612560021871055,45.08185577392578,4351300
2014-12-18,47.092446194121,47.696392241675,44.202683312021826,45.54818344116211,1985600
2014-12-19,45.79282862726247,48.1856737721436,44.87544251891438,47.82636642456055,1600000
2014-12-22,47.069518875600515,47.765202734734245,45.34942113327417,46.68727493286133,933300
2014-12-23,46.82487943052815,47.57407715146184,46.18270953882932,47.16889953613281,840900
2014-12-24,46.763711463773895,46.855452088001535,45.104774545561035,46.00687026977539,384500
2014-12-26,47.207126427251524,47.207126427251524,45.532899025687826,46.18271255493164,427200
2014-12-29,46.373830433841825,47.635236486745946,45.16594121061936,46.15977478027344,672500
2014-12-30,45.65520698070887,47.03128427564081,44.96716687509831,45.76987838745117,823000
2014-12-31,44.99011018142379,46.68727419352227,44.04214685156485,45.70108413696289,1022500
2015-01-02,45.90748783356959,47.02363922506014,44.90601076867009,45.81575012207031,1023200
2015-01-05,45.25768573326991,45.555835557347706,42.71193954376254,43.78986740112305,1421500
2015-01-06,43.36173881809075,44.485533638448246,42.4519966822194,43.8586540222168,1394500
2015-01-07,44.64608454315867,45.89219744178535,43.713408580502545,44.531410217285156,1197000
2015-01-08,44.90600790209467,46.886031122985635,44.11858360343255,46.702552795410156,1217300
2015-01-09,46.83250903128947,47.69638083471509,45.930416347460586,47.27591323852539,858200
2015-01-12,46.381467535704296,46.8707421152493,44.17974505105295,45.46408462524414,1168200
2015-01-13,45.89984809831903,47.084803602128666,45.42586356376357,46.81723403930664,927900
2015-01-14,47.008355320822695,50.45619395812736,46.86310077482101,49.92105484008789,2873500
2015-01-15,50.80020453237761,51.450023733212134,48.37677996134091,48.506744384765625,2094200
2015-01-16,49.080114427050475,51.00662694929796,48.92721920008184,50.17333221435547,2162800
2015-01-20,49.19478791826359,50.29565219777482,47.32943876817657,48.017478942871094,1837700
2015-01-21,47.37531033610178,52.67321107226152,47.03129023967137,52.39799499511719,2502400
2015-01-22,52.70378668114748,53.13954445980244,51.34299943666632,51.969879150390625,1611900
2015-01-23,51.64878382547689,52.87960940996297,50.670240565592344,51.220672607421875,1035200
2015-01-26,51.25890580888817,52.72672088444059,50.578512180140066,52.375057220458984,1585300
2015-01-27,51.74052155866066,54.14865869111702,51.625847250909864,52.72671127319336,1336600
2015-01-28,52.061619712624065,52.4056427333994,49.95163168263806,50.517356872558594,1225500
2015-01-29,50.976042451509606,52.48973073458155,49.087756811053936,52.47443771362305,1136500
2015-01-30,51.65643700466795,54.01870718375848,51.02191077271179,52.742008209228516,1544700
2015-02-02,53.30773560337535,55.04312030212141,51.985169174225774,53.31537628173828,1456100
2015-02-03,54.530918261317375,55.662356982385724,52.55853826199371,53.26951217651367,1676800
2015-02-04,52.49736866663186,53.177762249234,50.91487936975364,51.3200569152832,1019400
2015-02-05,52.33682552930036,53.09366669440984,51.43472983951948,52.79551696777344,1056800
2015-02-06,53.36888940420339,54.324499117543674,52.72672247647654,54.1486701965332,1270600
2015-02-09,54.316870168371565,55.13487202632541,53.57531593747713,53.6135368347168,983900
2015-02-10,53.835233111163696,53.858166813499544,51.65644390056653,53.055458068847656,1084400
2015-02-11,51.74818157860257,52.657918103769376,50.1121781364475,52.58147048950195,1473300
2015-02-12,53.45297085833579,56.113390236145506,53.41474997840702,55.78466033935547,1622200
2015-02-13,56.95432761987294,57.550627029526304,55.509446486458216,56.15925979614258,1238200
2015-02-17,55.57061155066431,56.71734307530812,55.24188161362996,56.24335861206055,1456200
2015-02-18,54.54620232338416,57.93288344610927,54.48504190073141,56.4192008972168,1725400
2015-02-19,55.24953464340661,58.812050842759646,54.469759598645176,57.994049072265625,1322800
2015-02-20,58.123992849272696,58.7202922600079,56.85494643227325,57.405372619628906,1241700
2015-02-23,56.19750323882454,57.48948373347366,55.31834104868524,56.84731674194336,1056400
2015-02-24,57.397750501913116,57.59651314804114,55.71587369356668,56.633262634277344,755300
2015-02-25,57.1913254294135,58.14693509549823,56.228075085456645,57.305999755859375,1075600
2015-02-26,56.8626097985818,57.01551088322878,55.29541305086526,55.93758010864258,856900
2015-02-27,56.37332782140886,56.37332782140886,54.163958581972395,54.43917465209961,931300
2015-03-02,54.19453687964362,55.24952788949103,53.315374788481414,54.263343811035156,1051300
2015-03-03,54.45446578539627,55.0431187950644,53.88109996461436,54.806129455566406,1694900
2015-03-04,55.72351349281691,56.24336541349018,54.286278574522036,54.897865295410156,1532600
2015-03-05,54.58442893781188,55.23424238762105,54.06457701144876,54.41624069213867,1059400
2015-03-06,53.651744124381665,54.54619328530051,53.1854061859379,53.407108306884766,740700
2015-03-09,53.47591500547716,54.58442572648017,53.055450248610015,53.21599197387695,983800
2015-03-10,52.52795101259786,53.667036092496346,52.04632584440471,52.0539665222168,859000
2015-03-11,52.229798095832315,53.850514078139,51.985162271387736,53.552364349365234,817700
2015-03-12,54.1945341659785,54.65322563283213,53.42239993335152,53.4682731628418,738300
2015-03-13,52.711433494815076,53.368893494589635,51.61821566566244,53.26951217651367,1105200
2015-03-16,52.74200684259039,53.51414108276367,51.82462389991727,53.51414108276367,662300
2015-03-17,53.81228319399606,54.66086492020262,53.147176863770525,53.873443603515625,856100
2015-03-18,53.36887971109233,55.654701929697104,52.933121994256716,55.5400276184082,1238400
2015-03-19,54.45446994088071,55.241891461631006,53.80465062834306,54.65323257446289,669300
2015-03-20,55.027829334141494,55.4559405962239,54.35507639935085,55.30303955078125,1595700
2015-03-23,55.356568403476246,56.18985736613866,54.683815357942365,54.722042083740234,1423000
2015-03-24,54.668521175263194,56.518580148706526,54.5538468451155,56.39625930786133,931900
2015-03-25,57.46654308112056,57.85643346886916,56.47271250024711,57.275421142578125,867100
2015-03-26,58.06282598781835,60.2033934202353,58.06282598781835,58.7508659362793,1887200
2015-03-27,57.55829720080144,58.54448733471491,57.13782650443444,57.466556549072266,938700
2015-03-30,58.360982054692194,59.49242629753157,57.49711314465603,59.347171783447266,1079600
2015-03-31,58.009344061922945,59.20194924067868,57.4742048251981,58.74325180053711,992600
2015-04-01,59.3242590754778,60.58566526002583,58.460389859826954,59.171363830566406,1137500
2015-04-02,58.72795984275475,60.929682879957134,58.613285492023635,60.30280303955078,891600
2015-04-06,61.51068262674846,61.64829065272869,60.21869648463289,60.753841400146484,941700
2015-04-07,60.47098468752172,62.26752987697288,60.47098468752172,61.12844467163086,994200
2015-04-08,61.44951834013001,61.839408694629455,59.47714453533241,59.675907135009766,887100
2015-04-09,60.264594519735134,61.80121130430615,59.71416218925795,61.709476470947266,1196000
2015-04-10,62.22163618024332,62.42805106824137,61.32718721912286,61.732364654541016,899600
2015-04-13,62.35926382580986,62.59625315539216,60.62387924718686,61.0519905090332,850700
2015-04-14,61.57949706097674,62.10698969770654,61.143739231028164,61.457176208496094,1003800
2015-04-15,62.90968989305439,63.45247542874029,61.71709101648133,63.00143051147461,1431100
2015-04-16,62.68798578214892,64.29340864176157,62.305741966404106,63.69710922241211,1177700
2015-04-17,63.20019638232537,63.91117017238904,62.44335519696025,63.123748779296875,798500
2015-04-20,63.383689691173,65.60834627533904,63.30723624101648,64.27049255371094,1021900
2015-04-21,64.18638629107427,64.27048040428615,62.695637616096775,63.30722427368164,774700
2015-04-22,63.39896761368763,63.81179168735091,62.259882530340626,62.672706604003906,880400
2015-04-23,62.73386872764813,63.704771526606024,62.50452588088537,62.65742111206055,893300
2015-04-24,62.680370511302044,62.917365761330196,60.73857025965632,61.02907943725586,862900
2015-04-27,61.28135915339867,61.91587974276357,60.44041771102277,60.95262908935547,755900
2015-04-28,61.34250243428729,61.75532656635534,60.71562264097935,61.334861755371094,708800
2015-04-29,61.021410685099944,63.67418405488052,61.021410685099944,63.42190170288086,988300
2015-04-30,63.41425200383646,64.28576751003344,62.01524395393808,63.123748779296875,841100
2015-05-01,63.16198525225815,63.56716286020793,61.93880008457238,62.59626007080078,615600
2015-05-04,62.07638838026502,63.50598223656752,61.93113970804903,63.40660095214844,1005900
2015-05-05,63.99528424017679,64.79799890371999,60.72327681663927,60.97555923461914,1272200
2015-05-06,61.403659913287505,61.70180968892683,59.72178908493342,60.14225387573242,911200
2015-05-07,60.77679617363669,60.77679617363669,56.85497482216122,57.59652328491211,2329400
2015-05-08,58.69737613531067,59.6147650540069,56.76322280981845,58.87321090698242,4787000
2015-05-11,58.873223168994755,60.26459111119195,58.48333265152865,59.882347106933594,1735400
2015-05-12,60.28749688915911,61.663577000031964,59.79822525697719,60.8455696105957,731900
2015-05-13,61.32721069103746,61.602426758651205,60.12696510883594,60.71561813354492,827900
2015-05-14,60.72325800663855,61.20488315602534,58.94964678288341,59.01844787597656,1277400
2015-05-15,59.53831925755908,60.57802333287006,57.909962028949174,60.341033935546875,1088200
2015-05-18,60.23399322891932,61.03670190294044,59.798235425142444,60.570369720458984,825800
2015-05-19,60.26456873180966,60.59329868670047,58.406863327673875,59.2248649597168,993100
2015-05-20,59.32426234867536,60.157557227384494,58.20046415557426,60.03523635864258,1064700
2015-05-21,60.394549695869934,62.206388286474954,59.7600232802586,61.63302230834961,880100
2015-05-22,61.0672992217088,62.45866714570423,60.66212151570834,62.21403121948242,802500
2015-05-26,61.2736970822429,62.038184866593824,60.30279432987302,60.570369720458984,934300
2015-05-27,60.58566800465318,61.00613869607709,59.83646727245603,60.53215408325195,776900
2015-05-28,60.203404970393656,60.203404970393656,58.192804466031184,59.270729064941406,1143500
2015-05-29,59.31660636532325,60.341023063440936,59.163711136388244,59.48479461669922,1206700
2015-06-01,60.02756098320901,60.40980476536351,59.06431085163528,60.36393737792969,686100
2015-06-02,60.61622600115603,61.38836015482593,60.11166135640802,60.417457580566406,637900
2015-06-03,60.356305059346546,60.470979387469065,59.28602688374599,59.370121002197266,822200
2015-06-04,58.857901974176926,58.92670889495552,57.77997743098685,58.45272445678711,740000
2015-06-05,58.299836178797214,60.7767748017464,58.093421224547306,59.82881164550781,989400
2015-06-08,59.85175183754385,61.48775529780605,59.38541380299836,60.26457595825195,1015300
2015-06-09,60.63152668457435,61.86235253218067,60.63152668457435,61.1513786315918,735700
2015-06-10,61.99231415181224,62.67271367349836,61.3577936977836,62.25224304199219,683200
2015-06-11,62.28282393060255,62.565680692523344,61.778259167318055,61.95409393310547,442900
2015-06-12,61.77061152196295,61.77061152196295,61.0672783707154,61.65593719482422,433900
2015-06-15,61.18194464214934,61.32719915957159,60.44803721070359,61.07491683959961,856400
2015-06-16,60.93729696713061,62.05344799967503,60.45567194942959,61.732364654541016,595200
2015-06-17,62.27518538178365,63.06260700766911,60.035235538618416,60.69269561767578,702100
2015-06-18,61.04434693487975,61.648292969793616,59.997002428545294,60.06580352783203,655900
2015-06-19,58.506258668128964,60.1193286206733,58.47567845189828,58.57506561279297,1409000
2015-06-22,59.15607251906288,60.70034136724041,58.231042845636495,60.249290466308594,974200
2015-06-23,60.18811421381934,61.25075156240433,59.57652177132565,61.07491683959961,848800
2015-06-24,61.15902404423874,61.67887598191793,59.454213682670805,59.59946823120117,749900
2015-06-25,59.5306639639413,60.241637813961006,58.22339059440418,58.39921951293945,742000
2015-06-26,57.703552383189226,58.34571945432657,56.098123040185634,57.52771759033203,7678900
2015-06-29,56.77087163681316,58.05521150930569,56.36569399337689,57.45891189575195,1228900
2015-06-30,58.062855970442804,58.338072091943886,56.082835030700046,57.627098083496094,1209400
2015-07-01,58.41452425471749,59.140785439318364,55.49417482664347,55.67000961303711,1441600
2015-07-02,55.66998550839813,55.99106889313757,55.21129412554502,55.90697479248047,833200
2015-07-06,54.97432306686791,56.05989439378322,53.437700883931605,53.67469024658203,1371500
2015-07-07,53.560005717876244,54.408587520745336,51.64878649205904,54.324493408203125,1859400
2015-07-08,53.766427248194056,54.7526171894572,52.19157844701049,52.97135925292969,1022300
2015-07-09,53.68996761604149,54.9743070389147,53.59058049352271,54.171592712402344,1339100
2015-07-10,54.507988578597,54.80613838738712,53.18542197011849,54.19454574584961,973400
2015-07-13,53.911663827866874,54.63028404951787,53.53706653113667,54.51560974121094,781400
2015-07-14,54.82139994110973,56.74026526979617,54.54618396438272,56.06751251220703,1052100
2015-07-15,55.585900009498,55.769375424516056,53.49885185314959,54.0416374206543,962800
2015-07-16,54.179244641689266,54.85199170856089,52.33682651079554,52.89490509033203,1006100
2015-07-17,52.83375770644395,52.83375770644395,50.341525591454044,50.6626091003418,1992900
2015-07-20,50.50204974160859,50.616724049831724,49.064815131934424,49.56173324584961,1331000
2015-07-21,49.806382099043624,51.10600904590909,49.431784704430726,50.43326187133789,1233200
2015-07-22,49.951623598667275,50.79256473608184,49.22536261553101,50.63966369628906,1337200
2015-07-23,50.64731438180556,50.998978053452795,48.9577971227144,50.677894592285156,1813900
2015-07-24,50.754349859421886,50.81551028960826,48.254474143205435,48.85077667236328,1810100
2015-07-27,48.200956444749366,49.11834241156968,47.57407666595157,48.3920783996582,1128300
2015-07-28,48.54497398504338,50.15039715504085,47.841646627913654,49.684059143066406,725800
2015-07-29,49.40884166753013,51.916366411497954,48.919572885625456,51.71759796142578,1386100
2015-07-30,51.49589986771916,52.489736363777055,50.41032856638643,51.740535736083984,1543000
2015-07-31,51.4041542350611,52.420924333640876,50.846081448601765,51.45002746582031,1275700
2015-08-03,51.06778928681267,53.08603668784079,50.76963950024574,51.08307647705078,1302000
2015-08-04,51.557062797786124,53.01723156761614,51.365940834072596,51.9775276184082,1543800
2015-08-05,52.74201461814586,53.50650246060517,51.61057587755052,52.268035888671875,1710600
2015-08-06,52.29097487227663,54.24806208021869,50.37210856077033,53.88111114501953,1967800
2015-08-07,53.56001447737001,54.83671356177359,52.3139014380693,52.62733840942383,1149200
2015-08-10,52.81846719757032,54.248061696991954,52.604411514786314,53.65940856933594,1427100
2015-08-11,52.833752459943014,54.36272806385957,51.985170533163,54.17925262451172,858900
2015-08-12,53.934610798690514,55.96814509415021,53.4835600124579,55.410072326660156,1038100
2015-08-13,54.05692502127439,55.08898225843003,53.52942663741732,54.79083251953125,2579900
2015-08-14,55.34125805309926,56.71733809486729,54.7373121365776,56.495635986328125,1502800
2015-08-17,56.01400645496796,56.28922247019803,54.73731350422604,55.203651428222656,987100
2015-08-18,55.56296731721598,56.17455982178188,54.58442397597326,56.098106384277344,766000
2015-08-19,55.616505249138406,55.90700860638072,53.55238986158419,54.92081832885742,1059800
2015-08-20,55.043104719111085,55.257160304250824,53.628803889371596,53.689964294433594,1055500
2015-08-21,52.98664524468835,53.68233191203809,50.7084749661176,50.87666320800781,1998600
2015-08-24,49.56937935160707,50.29564616151308,46.12918763987952,47.207115173339844,2022700
2015-08-25,49.9363422108553,50.28800589435539,46.47321345527373,46.49614715576172,1345500
2015-08-26,47.765190749543784,47.84164126868264,46.08331724024728,47.467041015625,1104700
2015-08-27,48.55261022502602,51.72523811131041,47.84163938096703,50.226837158203125,1676500
2015-08-28,49.70697727652073,52.97898884656245,49.34767303214289,50.8842887878418,1608900
2015-08-31,50.4026794109552,52.864330988063465,49.92869488911026,52.206871032714844,1974300
2015-09-01,50.75434716632421,51.901078924863086,48.6902294176963,49.32475280761719,1462600
2015-09-02,50.13511259103845,51.5952812930047,48.415014997561116,51.564701080322266,1383700
2015-09-03,52.02338869566575,52.74964965498577,51.06777910046673,51.205387115478516,944000
2015-09-04,50.44854550590125,51.3506412934406,50.043367927465376,50.45619201660156,701800
2015-09-08,50.417964503527436,51.893426086255275,49.82931150558379,51.45766830444336,818600
2015-09-09,51.96988023682784,52.290963694637774,49.69170415684111,49.72993087768555,881600
2015-09-10,49.997509395664736,51.70996064378542,48.78961712425454,51.12894821166992,1056500
2015-09-11,50.37209284327397,50.69317626953125,48.49909744123931,50.69317626953125,1112800
2015-09-14,50.60908493507427,50.792566188070715,49.37061855652975,50.24213409423828,704500
2015-09-15,50.61672047899353,51.54174972360129,50.45617879183785,50.99131774902344,645200
2015-09-16,51.472963067159846,54.06457614655511,51.44238285638311,53.430049896240234,1397200
2015-09-17,53.651759096778,54.76791069012398,53.08603970455159,53.368896484375,1012300
2015-09-18,52.000467370090874,53.040171440248294,51.7711244865027,52.74966812133789,1592000
2015-09-21,53.25421335510617,54.09514861711505,52.41327226051929,53.07073211669922,1131200
2015-09-22,52.28330689906799,54.50796863179648,51.557046006519386,52.88725280761719,1372800
2015-09-23,52.910191251830724,53.67467892632487,50.761982752927146,50.83078384399414,931900
2015-09-24,50.379749792435206,51.4882548267416,49.087763477181234,50.96840286254883,729100
2015-09-25,51.75581305458211,51.77110607426382,49.875174081618084,50.46383285522461,925800
2015-09-28,49.77580074811306,50.020436608959535,47.58172159526966,47.8798713684082,983500
2015-09-29,47.956311518985395,49.087752928412684,47.482329976886305,48.162723541259766,795300
2015-09-30,48.82018316108407,49.92868795155727,48.04804897986602,49.385902404785156,769600
2015-10-01,50.52499340719374,51.6793715613071,48.75138494837578,50.119815826416016,1447500
2015-10-02,49.77578450238424,53.14717154159561,48.43793129914953,53.02485656738281,1442900
2015-10-05,53.345946241708624,55.30303272105326,53.345946241708624,55.203651428222656,1242900
2015-10-06,55.80761380548261,57.08430713244649,53.98048828585468,55.48653030395508,1916800
2015-10-07,56.33510749443217,58.261614171991795,54.798485392965716,56.304527282714844,1645100
2015-10-08,55.983447207881504,58.666795332496854,55.3642080900185,58.269264221191406,1060000
2015-10-09,58.52153351142818,59.56887788719226,57.13780686163176,58.82732391357422,1708100
2015-10-12,58.445075864539206,59.56887359239425,57.40537224098472,58.79674530029297,1085900
2015-10-13,58.49860288408001,59.59946716358155,57.95581725531993,58.23103332519531,652700
2015-10-14,58.42215161570855,58.56740615254655,57.237199119782424,58.4297981262207,706300
2015-10-15,58.05520231898701,58.66678902699901,56.541513988943215,57.8564338684082,912300
2015-10-16,58.04754898239579,59.614751038008855,57.948167685082105,59.00315856933594,1115300
2015-10-19,58.192812266732126,58.42980161354611,54.92844616006352,56.04459762573242,1295900
2015-10-20,56.59502627666504,57.41302792252668,55.21895184864525,56.082820892333984,831400
2015-10-21,55.891695321105544,55.891695321105544,54.32449322809994,54.48503494262695,599900
2015-10-22,54.897856357909646,55.80759852912441,54.355070825549426,55.3106803894043,802000
2015-10-23,55.0507710499424,55.66235782304381,53.94226018121844,54.981964111328125,1203400
2015-10-26,55.02018525721399,56.27394472240375,54.48504032336354,55.71586608886719,986500
2015-10-27,54.96666688862063,55.67764068411511,54.27862679095206,55.47122573852539,961900
2015-10-28,55.73115927020599,58.376286238866754,54.851997173385115,57.71882629394531,1395000
2015-10-29,57.27542306012062,58.56740927434749,57.061367414999246,57.64237976074219,1186800
2015-10-30,58.16223254734029,58.200453437348315,55.90699006402335,56.44977569580078,1129000
2015-11-02,56.44212758912502,57.29070939218163,56.029303536347896,56.12104415893555,1293300
2015-11-03,56.426851844826416,60.639181942235474,56.067541587073734,59.06433868408203,1873400
2015-11-04,60.3945303921256,60.3945303921256,57.33657948619519,58.162227630615234,1374700
2015-11-05,58.101056575689256,60.394519335255936,57.068999500399734,58.93434524536133,991500
2015-11-06,58.48332287344238,60.36396236005136,58.376295036750946,59.469512939453125,1005400
2015-11-09,59.637700518408565,61.151383238484556,59.24016355878688,60.868526458740234,1134800
2015-11-10,60.55507973844714,61.12079909414435,59.83645931865662,60.85322952270508,740400
2015-11-11,60.90675855561802,61.250781660788945,59.50774409293371,61.02907943725586,1224900
2015-11-12,60.0046450068959,61.21253711497359,59.35483155188009,59.698848724365234,1407800
2015-11-13,59.50008256505969,60.348664428215095,58.62092049220931,58.6515007019043,1073500
2015-11-16,59.07195153882791,60.99846346748877,58.44507196928083,60.89908218383789,1272900
2015-11-17,61.15900861764112,61.91584971616271,59.706480996456634,60.86085891723633,842500
2015-11-18,61.15902705820773,62.5809749039174,59.71414551056392,62.244598388671875,1429500
2015-11-19,61.48012187935913,61.923526307056115,58.13931314354596,58.911441802978516,1124500
2015-11-20,58.87320130629987,59.93583877691885,58.49859812177835,59.2248649597168,1009900
2015-11-23,59.102552806837224,61.13609325271612,58.20810343744507,60.96025848388672,1331200
2015-11-24,61.541274340764595,62.83326072440614,59.76001618052335,61.113162994384766,1456100
2015-11-25,60.37159515342731,61.2431106727783,59.49243312388458,60.16518020629883,697400
2015-11-27,59.5612438168668,60.02757598164154,58.54447370246808,59.26308822631836,395900
2015-11-30,59.186644633321066,60.84558177511813,59.010815703910204,59.64533615112305,608200
2015-12-01,59.88233469363954,60.66210973434784,59.22487467599674,59.7829475402832,816700
2015-12-02,60.226338305690085,60.226338305690085,57.23719451933508,58.70500946044922,1072500
2015-12-03,59.46952581806344,59.88235006295069,57.91761601737933,58.67445755004883,631200
2015-12-04,58.29217582620616,59.75234984981767,57.26011879776581,58.338043212890625,1056100
2015-12-07,56.94671513926212,57.66533579701634,54.63796371643683,56.45744323730469,1624500
2015-12-08,55.494159677343916,57.94052383161388,55.226590147249254,57.29071044921875,1987600
2015-12-09,58.223382470994935,59.92818667149404,57.3442205032443,58.880836486816406,1089600
2015-12-10,58.45275089359109,61.15903907245696,57.726489637637854,60.46335220336914,1794400
2015-12-11,59.39305348531971,60.08873428521702,58.03226626199176,58.529178619384766,1084700
2015-12-14,57.94816819067871,58.56740134199375,56.403899818466,57.802913665771484,1574100
2015-12-15,57.87938173597021,59.39307043654194,57.672972556727785,58.49097442626953,1440600
2015-12-16,58.85791688386943,59.24016080202108,55.01254400047648,55.31834030151367,1324800
2015-12-17,56.07517519179393,56.07517519179393,51.90871929506687,52.55853271484375,2030900
2015-12-18,52.604409976017806,52.86433889220925,50.26507889319356,50.578521728515625,1670500
2015-12-21,50.5555740817683,51.61821161444039,47.02364140432488,47.55113983154297,2606600
2015-12-22,47.589369989032214,49.554103584995104,47.29886378137337,48.43030548095703,1368100
2015-12-23,49.607608672698255,51.67936973527173,48.927215054946686,51.57234191894531,1192000
2015-12-24,51.43473949325612,52.32918884104367,50.55557733550308,51.92401123046875,486200
2015-12-28,51.335366983913595,51.335366983913595,49.401213404572204,50.02044677734375,889400
2015-12-29,51.396510371879955,51.80932859507893,49.63053982784767,50.792564392089844,815600
2015-12-30,49.9745575944466,51.24360400500069,49.56937425830303,50.47146987915039,633400
2015-12-31,50.280355028168756,51.732882869909574,50.25742132966723,51.144229888916016,770400
2016-01-04,50.80019472311464,51.335339500904695,49.76813771015983,50.5402717590332,1199700
2016-01-05,50.532629076220715,50.91487287533369,49.38589767888177,49.83694839477539,1006900
2016-01-06,48.942504422012775,48.942504422012775,47.20711975211582,47.55113983154297,1324900
2016-01-07,46.43499389061279,48.64436333898037,45.94571921062376,46.17506790161133,1080800
2016-01-08,46.6337461087858,47.29884954000595,44.94422912180307,46.45026779174805,1259300
2016-01-11,46.358543945544135,46.970133657960986,43.40762030230682,44.03450012207031,1944900
2016-01-12,44.82954973222156,45.31882130052756,42.413769176494256,44.73781204223633,2440200
2016-01-13,45.73166698688241,46.28974281664569,43.4611369389262,45.49467468261719,5736200
2016-01-14,46.45026547663957,48.315617094445685,45.0283209846954,47.91808319091797,2322300
2016-01-15,45.62463223852874,48.42265747608503,45.30354584534581,48.28504943847656,2016900
2016-01-19,48.39207665376593,49.36297649962937,45.43350971507767,46.23622131347656,1662300
2016-01-20,45.10477754039518,47.841645102834654,43.26236216768485,46.56494903564453,2868800
2016-01-21,46.52673075203022,49.599969325153126,46.32796227904256,49.00366973876953,1917900
2016-01-22,49.84460085888491,52.74201024126927,49.263594346288684,50.58615493774414,1869500
2016-01-25,48.97309050479473,50.861376454506264,47.08480747137295,47.459407806396484,1283300
2016-01-26,48.69022836865958,51.21303759983295,47.29121716985465,50.86137390136719,1354400
2016-01-27,50.7008327866554,53.353606496998005,50.06630648625486,52.19158172607422,2477500
2016-01-28,54.41623473042919,56.182199451365214,53.590586614441584,55.64706039428711,2382100
2016-01-29,56.067537676545065,57.841155137080605,55.82290179105389,57.75706100463867,2600700
2016-02-01,56.88553492732349,56.90846862606672,54.56149152256035,55.501808166503906,1880400
2016-02-02,54.056929172302205,55.899347485898865,53.659398100770225,54.46975326538086,990400
2016-02-03,55.36419592274052,57.33657552046319,53.506490642574384,57.244834899902344,1342900
2016-02-04,57.703541435556765,58.75853249480456,54.798485476358714,55.043121337890625,2528900
2016-02-05,54.63029361609509,54.63029361609509,50.8919490056616,51.45766830444336,2423700
2016-02-08,50.486762828356696,53.78170258479085,49.70698219429044,53.47590637207031,1903600
2016-02-09,52.573825459756605,53.26951218412554,49.59996827009574,51.26655197143555,1698000
2016-02-10,51.43474232911312,53.04016566989336,50.22685010951885,51.47296905517578,1534000
2016-02-11,49.85988709231132,52.42091963681964,48.74373287053017,51.908714294433594,1795200
2016-02-12,53.43769601654733,54.362725513612666,51.29712793845017,52.849037170410156,1641300
2016-02-16,53.92695990863441,54.59206626852111,51.442375028731426,51.96222686767578,2106500
2016-02-17,53.14717660269006,55.19600365090952,50.63201747376331,53.85050964355469,2530300
2016-02-18,53.66704213618404,54.83671338936675,51.740535413880345,53.70526885986328,1885000
2016-02-19,53.07072364879137,55.17306438465535,52.275655906955386,55.10426330566406,1434900
2016-02-22,56.67147671146489,57.084300810241814,55.11192094916727,56.34274673461914,1367500
2016-02-23,56.34275735607591,56.34275735607591,53.422413735750986,53.506507873535156,1212000
2016-02-24,54.324498691205655,54.86728430421371,51.618211304355405,54.829063415527344,1043400
2016-02-25,54.38566546356144,55.234247448054866,52.23745646038085,54.706748962402344,1200900
2016-02-26,55.48652097820126,56.56444564718271,54.92844236760908,55.501808166503906,1197700
2016-02-29,55.578258191785174,55.975795095895926,53.90403395230808,54.46975326538086,1371300
2016-03-01,54.85964417245492,55.433010001670354,52.719076077019096,55.41771697998047,1673200
2016-03-02,55.203667624844506,56.57210159301758,54.46975997976355,56.57210159301758,1374200
2016-03-03,56.12105412617517,56.87789544106104,54.16396132476812,55.433013916015625,2734300
2016-03-04,55.79995137968593,58.13164102178767,54.89021505148017,58.093414306640625,2124500
2016-03-07,57.871729378461374,58.659156783281816,56.35040015153251,58.28455352783203,2460600
2016-03-08,57.611812578585706,58.47568186535546,56.30453887945758,56.87025833129883,1518100
2016-03-09,57.887015758342194,58.039910981636915,56.18985194990786,57.107234954833984,1215600
2016-03-10,56.877879967265784,57.627074566946156,55.61647423057232,57.39773178100586,872500
2016-03-11,58.055186924718114,60.6391527667474,57.198958761449525,59.95875930786133,1752100
2016-03-14,58.666787844276016,59.782939250660576,57.49712252911201,58.10871505737305,835500
2016-03-15,57.20661578726257,59.02609440706021,57.03842756064851,58.85026550292969,916800
2016-03-16,59.270729424732835,59.98934971675399,57.51241124462961,58.94964599609375,1340100
2016-03-17,59.53830402301603,59.60711095363345,58.643854753040216,59.24015426635742,1144900
2016-03-18,59.6300418063677,60.562717752449075,58.6820786723115,59.33953857421875,1760600
2016-03-21,58.949649773020546,59.94348616257302,58.54447220626684,59.668270111083984,829700
2016-03-22,59.15606442112372,60.4251169807076,59.01845638252522,59.64533615112305,1073700
2016-03-23,58.59799812957913,60.0122995642591,58.49097029123015,58.6362190246582,1013100
2016-03-24,57.86407930285796,59.370121094172966,57.42067501080589,59.19428634643555,843100
2016-03-28,58.605625484862976,59.37775380447917,57.191318679906004,58.45272445678711,699300
2016-03-29,57.69589820573394,59.39306214338545,57.52006343623645,58.987884521484375,987400
2016-03-30,59.77529075915386,60.837928117856414,58.63619996997833,60.417457580566406,1393800
2016-03-31,60.36394568792623,61.05963226685613,58.85026336845674,59.00315856933594,1128100
2016-04-01,58.10107094760821,59.125481767309765,57.573572516000745,58.68972396850586,1090600
2016-04-04,58.91907340658145,59.49243924581738,56.90847263005585,56.96198654174805,945300
2016-04-05,56.90847261328092,56.96962720335474,55.89934896982629,56.4192008972168,1216600
2016-04-06,56.98490210075717,58.70499907086594,56.434470137110026,58.6285514831543,1064500
2016-04-07,58.146934151544265,60.53213793909875,58.078133056340775,60.44804382324219,1277500
2016-04-08,61.617707989491656,63.070235798642734,60.83028658485447,61.96173095703125,1362100
2016-04-11,62.19107377472057,62.73385934657857,61.13608283918256,61.602420806884766,793300
2016-04-12,61.93114748956575,63.61301802265202,61.39600262352702,62.72621536254883,1056800
2016-04-13,62.45865575490888,62.86383921959522,61.32721698969498,62.229312896728516,774300
2016-04-14,62.28282181047629,62.53510418353077,61.54126771351079,62.481590270996094,444600
2016-04-15,61.831767475987434,61.88528138549215,61.02905883341668,61.24311447143555,778100
2016-04-18,59.56888853632703,62.695646700670075,59.24780505712675,62.550392150878906,918000
2016-04-19,62.91735076904297,64.56099493818519,62.49688012933075,62.91735076904297,1254100
2016-04-20,62.61923258640588,64.58396706866833,61.62539557234752,63.796539306640625,847600
2016-04-21,64.60687413185016,64.60687413185016,62.76445549122341,63.10847854614258,552700
2016-04-22,63.184914357992305,64.53041444504052,63.177267847291134,63.97233581542969,810100
2016-04-25,63.50597788113657,64.88205774644122,63.50597788113657,64.58390808105469,1032200
2016-04-26,64.84387007881054,66.60983544205921,64.81328985977233,66.13585662841797,1139100
2016-04-27,66.6098466004826,68.1311821314392,66.51046524639544,67.60368347167969,1320900
2016-04-28,67.45074892188887,68.20759007344344,66.18934311424593,66.41868591308594,907600
2016-04-29,66.59450850813586,67.50425052574197,64.95850567765932,66.1893310546875,977700
2016-05-02,66.57157577557273,67.09906820720713,65.4095514591327,66.97675323486328,1277200
2016-05-03,66.44162830726411,67.27491709436356,63.460125133157355,64.9050064086914,1882900
2016-05-04,65.28724619997632,67.22904552266073,62.83324155378018,64.346923828125,2147900
2016-05-05,65.63126719073598,67.6265805334334,65.63126719073598,67.03028106689453,1796500
2016-05-06,66.50281087276394,67.71070333775518,65.21847077269568,65.33314514160156,756800
2016-05-09,64.63745481840523,65.85298778992886,63.97234824011616,65.53955078125,1002400
2016-05-10,65.76888613359817,66.94619807473617,65.57776417885329,66.82388305664062,903600
2016-05-11,66.51809668378966,67.51957400959913,65.95237141390915,66.12055969238281,1036400
2016-05-12,66.82390007632834,67.58838809001887,65.55484717396332,66.61748504638672,921300
2016-05-13,66.20460716995281,67.04554213704172,64.89733442580464,65.35602569580078,778900
2016-05-16,66.40338662763554,67.26725542776927,66.03643005074109,66.1893310546875,697000
2016-05-17,66.40339342516843,67.08378692279341,65.50894433268311,66.46455383300781,797900
2016-05-18,66.54103384086545,66.98443826483172,65.66187150578206,66.45693969726562,527300
2016-05-19,65.6924517245984,66.7627360528486,64.1328955604476,66.45693969726562,871600
2016-05-20,66.89270604604553,66.89270604604553,65.88358202813986,66.52574920654297,736700
2016-05-23,66.16641860929644,66.9538400765986,65.47073194124266,66.38811492919922,569600
2016-05-24,66.90795308899241,67.6571535134415,66.31165368615416,67.2519760131836,904000
2016-05-25,67.61131746092039,68.64337504669479,67.26729437727539,68.60514831542969,1001000
2016-05-26,68.80390921161985,71.03621242177773,68.71981507819928,70.26408386230469,1792600
2016-05-27,69.88947683208727,71.8006964293282,69.04854137581714,70.99034118652344,2747300
2016-05-31,71.09736902900244,71.6860220987141,69.15556921797823,69.53016662597656,978500
2016-06-01,69.0103004072374,70.46282816785723,68.84211801675937,69.97355651855469,969600
2016-06-02,69.30082033995568,70.8374424533714,68.34521058852931,70.65396118164062,1062500
2016-06-03,70.56986360612396,70.73805184736344,68.72745112840688,68.88799285888672,1318800
2016-06-06,69.44606223887075,70.05000824239555,68.65100013640057,69.46900177001953,1172100
2016-06-07,69.9276911962367,72.58810513908134,69.9276911962367,72.3128890991211,1366700
2016-06-08,72.97034265274927,73.39845969582242,70.66159255426363,71.19673156738281,970700
2016-06-09,70.54693711962975,71.76247582123183,70.11882579457712,70.47048950195312,765800
2016-06-10,69.6448472754786,70.26408644731913,68.29170624420308,68.29934692382812,800900
2016-06-13,67.81007616050817,69.14028934056056,67.42783220056714,67.85594940185547,910100
2016-06-14,67.55778379512476,68.88034432126545,67.25198753210391,68.69686889648438,947300
2016-06-15,68.62040961442908,69.155548609238,67.47367819762916,68.13877868652344,767300
2016-06-16,67.4737030078649,67.4737030078649,65.98294811832444,66.70156860351562,1312800
2016-06-17,67.09147449506798,67.47371852914925,66.47988170750551,66.90035247802734,1211500
2016-06-20,68.23819534979634,68.49811845049027,67.6801165856886,68.04707336425781,821900
2016-06-21,68.16170834695863,69.82064482329194,67.34370112211705,69.5072021484375,951200
2016-06-22,70.08823048017567,70.08823048017567,68.5898353327479,69.4078369140625,577400
2016-06-23,69.95062940624433,70.30993958340156,69.33903687075389,69.88182830810547,671600
2016-06-24,66.90795507409192,68.42164315377217,66.24285456622904,66.72447967529297,1692900
2016-06-27,66.05171278030845,66.7779734800686,63.29955929624893,64.04110717773438,1550700
2016-06-28,64.98910943308235,68.00118739531166,64.4845446860503,67.74126434326172,1394000
2016-06-29,68.53632142864612,70.19525828837922,67.90179525674071,69.4078369140625,1013000
2016-06-30,69.29318498757344,70.32524251879732,68.4904703340771,69.72894287109375,931000
2016-07-01,70.17233798942176,70.92917930124584,68.32991953592466,69.21672821044922,905300
2016-07-05,68.45223421818437,68.81154439590878,67.08380043811285,68.44458770751953,990100
2016-07-06,67.91710447116617,69.72129644113927,67.64953486387778,69.1861572265625,1620600
2016-07-07,69.95062957363231,70.30993975164935,67.58836521061956,67.72596740722656,1087400
2016-07-08,68.48280368247592,68.80388708907292,67.86356473252137,68.1617202758789,923700
2016-07-11,68.73510201664264,69.88183373531139,68.19231053713646,68.57455444335938,626000
2016-07-12,69.60658839796963,70.95972869088841,69.59129538190463,70.3022689819336,750200
2016-07-13,69.0103096463531,70.6768932475931,68.19230795135697,69.59896850585938,4602900
2016-07-14,70.34818803302306,70.89097968303344,69.68308716012133,70.50873565673828,1327500
2016-07-15,70.4781258651877,70.707468685194,68.85740977394869,69.5148696899414,1010200
2016-07-18,69.31609451086119,69.54544314115942,68.42164535133838,69.2396469116211,696300
2016-07-19,68.84213524285498,69.46901506492165,68.1999623970957,68.36050415039062,1051600
2016-07-20,68.88035078149925,68.89564380400283,67.87122710169054,68.4063720703125,1469200
2016-07-21,68.23816942598505,69.04087796074826,67.20611226267354,67.41252136230469,1374700
2016-07-22,67.59599330915367,67.84062911189298,66.8467987150172,67.45074462890625,958500
2016-07-25,67.11439881754534,67.11439881754534,64.36988400373662,65.2490463256836,1118500
2016-07-26,65.22608462858877,65.875897950266,64.56097828800463,65.6618423461914,951300
2016-07-27,65.89885034404017,66.22758035287862,64.77505810378628,65.25668334960938,1121400
2016-07-28,65.11141630114001,66.1817002524548,64.62214463755238,65.69242858886719,958800
2016-07-29,65.3560631645007,67.55779185485704,65.10378661254677,67.11438751220703,1685000
2016-08-01,66.99971180179782,66.99971180179782,64.71389486254974,65.70772552490234,1343100
2016-08-02,65.8988485654906,66.4339935456526,64.14053005730496,65.63127899169922,1198000
2016-08-03,66.87739651390287,67.27492761072232,65.14965242168715,66.7703628540039,1618700
2016-08-04,66.77036015392537,68.76567373375357,66.41105579535514,67.97061157226562,1262300
2016-08-05,68.24579824596894,71.73950597404396,68.16170998486056,71.05911254882812,1744700
2016-08-08,71.62485138821582,73.36023582598507,71.40314926487471,71.63249206542969,1143500
2016-08-09,71.59427208026591,72.9856394183779,71.16615501521585,72.07589721679688,1004500
2016-08-10,72.3740445083798,72.48107231289586,70.85271571626325,71.31905364990234,642300
2016-08-11,71.8924283770441,72.99329259837222,71.22732193789525,71.98416900634766,944900
2016-08-12,72.15235102716987,72.59575531757574,71.533117822258,72.30525207519531,603300
2016-08-15,72.8098259923901,74.11709960201041,72.64163772110916,73.73485565185547,902300
2016-08-16,73.2455664728651,73.76541835495978,71.44137498986466,72.63397979736328,1040100
2016-08-17,72.63398783952951,73.05445263188318,71.8236268017118,72.8556900024414,759600
2016-08-18,73.3373258205498,75.53904891305775,72.89392143062739,75.34028625488281,1237400
2016-08-19,75.13387546796007,75.63844031913271,74.1782655218727,75.37086486816406,606100
2016-08-22,74.52228146945757,75.05742065501602,73.2838089981341,73.76543426513672,1068400
2016-08-23,73.84951204981728,74.55283934729687,73.56665532831917,73.84186553955078,594400
2016-08-24,73.59722635896085,74.38465356842364,73.20734184176705,73.53607177734375,570100
2016-08-25,73.58959197998047,74.05592997112015,72.61868927741284,73.58959197998047,718900
2016-08-26,73.7883532560109,74.45345968194555,73.13853985094563,73.64310455322266,504000
2016-08-29,73.28379512493308,74.83570430184363,73.08502667967707,74.43052673339844,456700
2016-08-30,74.43052355370754,74.91214870895956,73.26849897386063,73.77306365966797,598900
2016-08-31,73.48256555706718,73.58194686609303,71.67072746697374,72.81745910644531,997500
2016-09-01,72.8021892868639,72.90921713214317,71.12031231482644,72.832763671875,710700
2016-09-02,73.52078609098179,74.02535080955403,73.19970263329691,73.68132781982422,569800
2016-09-06,73.83421604299427,74.34642135068161,72.79451240891322,74.26997375488281,728600
2016-09-07,74.61400806183161,75.64606542460135,73.76542613781272,75.34791564941406,997900
2016-09-08,75.63843065796468,76.21179655238204,74.97332412071191,75.17973327636719,653700
2016-09-09,74.59108863019586,75.31734984559388,73.36026257098686,73.42906951904297,961800
2016-09-12,72.96273007990825,74.1094619776474,72.35113740141536,73.10797882080078,754200
2016-09-13,72.0223882464494,72.7180748794507,69.10969186549497,69.49193572998047,1627900
2016-09-14,69.17851063318,70.08825312947519,67.20613622134957,67.70304870605469,1347200
2016-09-15,68.03174945133803,69.10203325093863,67.69537887566396,68.71214294433594,1148900
2016-09-16,68.03177242264982,68.76568006180695,66.45692931149473,68.5669174194336,1319700
2016-09-19,69.20907926207046,69.68306379547919,67.66481647996304,68.26111602783203,634800
2016-09-20,68.42928891294765,68.42928891294765,66.91560084986389,67.54248046875,837600
2016-09-21,68.12349930918127,68.86505331025708,67.28256400698598,68.33755493164062,1389200
2016-09-22,69.1020594456036,69.76716600515775,68.30699134544292,69.56839752197266,1048400
2016-09-23,69.17086120271185,69.52252490347357,66.74743035663028,67.97825622558594,1246700
2016-09-26,68.18465585466126,69.83594615746006,67.95530722499963,69.04087829589844,1120500
2016-09-27,68.32992061010006,68.63571691069436,67.00735992145519,67.68010711669922,879200
2016-09-28,68.08528362760165,71.55605904279167,67.55014448470904,71.38787078857422,1244200
2016-09-29,71.2884858155394,73.81893851264697,71.23497190399442,73.0315170288086,1540000
2016-09-30,73.39083339398758,75.51610867780909,73.19206492042329,73.80365753173828,1292000
2016-10-03,72.7410124236863,73.75013604597395,69.6830613461384,70.73805236816406,2361700
2016-10-04,71.18909549871476,71.74716824386768,69.19378216944361,70.01942443847656,1777500
2016-10-05,70.79156479939061,72.55753547592472,70.48576853151027,72.39698791503906,1675400
2016-10-06,73.01623158679588,73.24557442780025,71.5484105745043,72.65692138671875,1075800
2016-10-07,72.64927027348374,73.02386763953335,72.06061726969149,72.39698791503906,813200
2016-10-10,76.29587215544349,81.05862709554874,75.72250640026505,80.43174743652344,3583500
2016-10-11,80.65346767054871,81.67787858350336,79.2773872161237,80.1489028930664,1946800
2016-10-12,80.04950954901508,80.90573790677787,79.50672396034905,79.91954803466797,1361400
2016-10-13,79.57551876045841,79.88896150475568,78.18415143453996,79.14740753173828,1046600
2016-10-14,79.43028126510056,80.10302840971052,77.02214359896456,77.1368179321289,1556200
2016-10-17,77.19796528489246,77.50375567812331,75.53138197844163,76.80807495117188,1348100
2016-10-18,77.4961183912593,78.50524189776895,76.04359062955862,76.22706604003906,1034000
2016-10-19,76.86160700983297,79.89662462347529,76.86160700983297,78.8951416015625,1868700
2016-10-20,78.13064229969518,79.65197705511177,76.88452942142591,78.16886901855469,1098400
2016-10-21,77.96246175366224,78.97158533019704,77.09094037010269,78.16122436523438,1011200
2016-10-24,78.41349643163264,78.41349643163264,75.37847958967694,76.1429672241211,995100
2016-10-25,75.94418260122279,76.67809570635667,74.09412432044846,74.49166107177734,821000
2016-10-26,73.74250654384481,74.03300986348799,72.25175738273089,73.42906951904297,1276800
2016-10-27,73.78833792129767,74.67514630491377,73.3067128504162,73.98710632324219,1402600
2016-10-28,73.62017294607067,74.99624740190737,71.81598138240547,71.85420227050781,837600
2016-10-31,71.64014372622415,72.05296779599924,69.19378534894044,69.79008483886719,1352000
2016-11-01,70.53927808586619,71.60192136347322,69.22436413054699,70.18761444091797,764700
2016-11-02,69.40019631438803,70.25642468551214,67.8406406201505,69.78244018554688,904800
2016-11-03,70.18761293140261,70.93681343371209,68.84211879686288,70.76097869873047,921600
2016-11-04,70.23349426381037,70.9979820418019,68.61277807473994,70.09588623046875,1190100
2016-11-07,71.60193309006416,72.2823267934181,70.5240024481295,71.8312759399414,1615900
2016-11-08,70.86802545704238,73.57431330233344,69.61426577720084,71.66309356689453,2051400
2016-11-09,71.65544813663837,76.45643086054191,71.22733097813008,75.04212951660156,1984600
2016-11-10,74.53756033015837,75.69957921717581,73.54372385939132,74.43817901611328,1270100
2016-11-11,73.71191230309006,75.11092637741974,72.16764951286109,73.00093841552734,732500
2016-11-14,72.65690019064395,72.7639279850721,70.8756427321826,72.1064682006836,1124400
2016-11-15,73.12324396294981,75.1414908667836,73.12324396294981,73.89537811279297,1149500
2016-11-16,73.72722016671626,75.6843074629694,73.71192714138792,74.60637664794922,973100
2016-11-17,75.34028129446176,77.49613683661502,74.23177039264034,74.85865020751953,1827600
2016-11-18,75.0650219240322,76.1123659605991,74.13999284219466,74.23172760009766,941600
2016-11-21,75.26380845464114,77.29734844772915,75.26380845464114,76.80043029785156,1311900
2016-11-22,77.9930441201775,77.9930441201775,74.76691044850809,75.83718872070312,1022400
2016-11-23,75.24853123221482,77.35087259406595,74.91980125869493,77.03742980957031,923800
2016-11-25,77.64903272255006,77.64903272255006,74.85101015129312,76.02067565917969,456200
2016-11-28,76.64754908440757,76.64754908440757,73.75013959893683,73.96419525146484,1228400
2016-11-29,72.55753915062333,74.78984210382173,70.88330901943503,72.93213653564453,1566500
2016-11-30,76.44876969379494,82.9545616278588,76.44876969379494,82.44999694824219,7379400
2016-12-01,84.99573886689244,86.5629409138907,83.32915552312677,84.09364318847656,2788500
2016-12-02,84.92693590896428,85.27095887397954,82.4729310885333,82.67169952392578,1861600
2016-12-05,83.39794848853754,85.17920597508677,81.47144232587536,81.74665832519531,1412900
2016-12-06,81.05099317192814,82.3200457067624,79.81252668127382,81.25740814208984,1164800
2016-12-07,80.92103779573588,81.5861443252912,79.63669797380179,80.56937408447266,971400
2016-12-08,81.14271887403655,82.61053376528658,80.56935313533783,81.99894714355469,778900
2016-12-09,82.73287554500682,82.84754988830859,79.83546591164045,81.06629180908203,933400
2016-12-12,84.2694849643349,86.50943424441424,79.6672655678545,80.26356506347656,1830900
2016-12-13,80.78342504623683,81.93015675503861,79.22386922235692,80.48527526855469,1486600
2016-12-14,78.8722114935793,80.45470113804423,77.46555662409028,77.60316467285156,1592000
2016-12-15,74.34645323263356,77.46556547244403,73.7730872693999,77.35089111328125,9153500
2016-12-16,77.09860909376643,78.06186555017055,76.06655152105212,77.93954467773438,1994300
2016-12-19,78.11535657858178,80.75283691722008,78.0389089720056,80.46233367919922,2146700
2016-12-20,81.34148970250725,81.4102907935487,78.35234009670691,78.48230743408203,1311100
2016-12-21,78.7422321179997,79.66726152355419,76.80043268430663,77.5572738647461,1422900
2016-12-22,77.93186648429743,79.50670904707431,77.11386499952005,78.53581237792969,872400
2016-12-23,78.68108182150962,79.43028242084962,78.03126836756165,78.68872833251953,1168000
2016-12-27,79.40732945629804,79.88130803750516,78.78044985488094,79.39203643798828,628100
2016-12-28,79.86605382743176,79.96543515716836,78.49761975257576,78.6963882446289,948000
2016-12-29,78.9257201120646,79.17800248995324,77.68725358893691,78.01598358154297,839100
2016-12-30,77.90894396406468,78.29882848989396,76.92275413549166,77.25912475585938,783000
2017-01-03,78.35999144768888,80.26356424095468,78.01597430607187,78.93335723876953,1287500
2017-01-04,78.93336554052128,80.14889834581727,78.33706598829464,79.1780014038086,1250200
2017-01-05,79.45321639590382,80.69932939619501,78.59698796978155,79.25444793701172,1053100
2017-01-06,79.23149500654135,80.11065691981604,78.01596251283331,79.24678802490234,1012000
2017-01-09,78.67344435684385,78.7422454610067,77.4349719886995,77.54199981689453,658600
2017-01-10,77.9318853122137,78.8339811161077,77.67195643689908,78.52053833007812,984300
2017-01-11,78.38292285904357,79.88131804943772,77.90129770831705,79.43791961669922,1204100
2017-01-12,79.91955550481113,80.48527484505448,78.50525423791325,79.1780014038086,1218000
2017-01-13,78.8416203795268,78.8416203795268,77.30500418546751,77.48847961425781,1844800
2017-01-17,78.23767839923738,78.68108272162179,76.2805915039945,76.78515625,1382200
2017-01-18,76.07418497403658,77.58022692002788,75.78367586816259,76.8463134765625,811400
2017-01-19,77.21328014493014,79.14743365495174,77.21328014493014,78.1765365600586,1098100
2017-01-20,79.04038007820844,80.43174741035229,78.43643411637429,78.82632446289062,901200
2017-01-23,78.35998277021599,78.9027682924223,77.40437322423774,78.12299346923828,706400
2017-01-24,78.52818554250105,79.69020439951251,78.19180905352823,79.3079605102539,813000
2017-01-25,79.17797982430783,81.86133291057439,79.17797982430783,80.3629379272461,1290700
2017-01-26,80.97454700221967,82.9469269412877,80.97454700221967,81.57084655761719,1475900
2017-01-27,81.5402624336255,82.41177796160714,81.05863144060834,81.55554962158203,660500
2017-01-30,81.30328543150355,81.50205391479497,77.74841559850157,78.3600082397461,1513200
2017-01-31,78.67341591528968,80.65343585367174,78.42113362607107,80.40115356445312,2493100
2017-02-01,81.0892308974537,81.71611073888626,78.93337526398274,80.85224151611328,1550700
2017-02-02,80.69932374408138,80.95160609740032,78.48995464821738,79.98834991455078,1206800
2017-02-03,80.00366224209259,80.72227692296202,79.45323000477646,79.82782745361328,1032700
2017-02-06,80.04186459076548,80.74519774912116,78.45173451348228,80.60758972167969,1294800
2017-02-07,79.79724145771193,80.81401172064078,76.50230061736819,76.54052734375,2002700
2017-02-08,75.81426202749071,77.03744147490737,73.42906356317314,76.87689971923828,2248600
2017-02-09,77.21327450044643,79.56025201681028,77.15976058310574,79.4532241821289,1200800
2017-02-10,80.52351141926941,81.62437002244971,79.62906198150422,80.11068725585938,1246200
2017-02-13,80.08008585445926,80.22534038257733,78.35998854493626,79.73606872558594,1388500
2017-02-14,79.82015816848723,82.55701951697966,78.58933258796615,82.32003021240234,1964800
2017-02-15,85.50029754638672,87.15159370034651,84.60584837928083,85.50029754638672,3582900
2017-02-16,85.4315097732325,86.20364406739232,83.10746621237783,83.3368148803711,1506900
2017-02-17,82.70228517145458,83.05394883715384,81.29562467607884,82.28181457519531,1432200
2017-02-21,83.76490243907024,84.54467719066835,81.402638657913,81.67784881591797,1567100
2017-02-22,81.06627632302522,81.52496777602927,77.71017579014564,78.00067901611328,2243200
2017-02-23,79.57552264657733,79.69019696917842,75.79895733898381,77.18267822265625,2407700
2017-02-24,76.17357099257512,77.92424891690786,75.53140398063451,76.7622299194336,1963100
2017-02-27,76.8845113619879,78.03888917596748,76.49462108500039,77.71015930175781,1056000
2017-02-28,76.84632564346809,77.6719740236553,76.34941314542186,77.10625457763672,913200
2017-03-01,78.42116572872212,81.00513258426444,77.53435701544069,80.81401062011719,2284400
2017-03-02,79.84311759005509,81.18861208528922,79.25445864488285,79.36913299560547,1113300
2017-03-03,79.55258926241152,80.46233150403663,78.94100259375683,79.18563842773438,770200
2017-03-06,78.98686362537548,80.11066140210573,78.75751499774886,79.47613525390625,1018800
2017-03-07,80.06481625240926,81.73904070191931,79.73608623886153,79.95014190673828,1973800
2017-03-08,79.58316289536603,80.15652863068217,76.09710109106875,76.26528930664062,1979400
2017-03-09,75.67664429704939,77.78663221936509,74.9809634447853,77.5802230834961,1507800
2017-03-10,78.2376655698445,78.68871632936312,77.08329338432985,77.5649185180664,1975300
2017-03-13,77.28206572763365,78.26061497080147,76.98391596448789,77.41203308105469,1190300
2017-03-14,76.2958655720787,77.03741365209105,74.14001075193376,75.1873550415039,2139000
2017-03-15,76.05889026846667,78.90278584308962,75.71487308842448,78.68108367919922,2054800
2017-03-16,79.39969673056326,79.5602384552199,78.1994512183011,79.07861328125,1832100
2017-03-17,79.59081357610515,80.50055579024225,79.27737082473489,80.03421783447266,2046700
2017-03-20,79.04802199297518,79.49142621754574,77.77132905255992,79.2850112915039,1588200
2017-03-21,79.0633036146554,79.7742772927802,77.51904127933368,78.06947326660156,1354600
2017-03-22,78.0006758032195,78.46701374712872,76.54050739083432,77.34321594238281,1204500
2017-03-23,77.2896986757873,77.5572681813272,75.7836571027199,76.1429672241211,1856400
2017-03-24,76.36468562011878,77.16740014046704,75.89834759707135,76.24237060546875,1228700
2017-03-27,74.85864688186308,76.18885990495299,74.49169598986394,75.638427734375,1341100
2017-03-28,75.80662462549418,77.59552355107266,75.52376199656446,77.38911437988281,2503800
2017-03-29,77.19795697308572,79.22384435671587,76.60165177230208,78.86454010009766,1848300
2017-03-30,79.39203238781049,79.91953067361398,78.36762185126273,78.48993682861328,1472900
2017-03-31,77.99303851529164,79.60610815149441,77.59550744741294,79.29267120361328,1217400
2017-04-03,79.12449723185222,79.88898512781215,78.1153734424883,79.56790161132812,956800
2017-04-04,79.19328031250373,81.73902582626629,78.86455619135987,81.62435150146484,2099800
2017-04-05,82.32770585971016,82.69465679456835,78.59700108231235,78.6963882446289,1833900
2017-04-06,79.36910756267432,80.37058451740842,79.08624503254258,80.0189208984375,1138500
2017-04-07,80.21770419992328,80.70697591990455,79.04039230103739,79.79723358154297,942900
2017-04-10,79.86603855818844,80.82164827419513,78.96394275297496,79.980712890625,805300
2017-04-11,80.20241070526303,81.09685995123183,79.05567910809938,81.00511932373047,1522400
2017-04-12,81.11980797939289,82.5264628540882,80.5999559968795,81.28034973144531,1905600
2017-04-13,81.52496747780724,82.34296907965529,79.85838406634562,80.30178833007812,1502100
2017-04-17,80.17183336413686,80.81400028188348,79.51437342497033,80.37824249267578,917300
2017-04-18,79.64431485100359,80.93630070383563,78.52051719588664,78.86454010009766,970900
2017-04-19,78.87985599639815,79.00981753009069,76.33411007544025,76.86925506591797,1461900
2017-04-20,77.59549663312153,77.92422655659452,76.61695337233995,76.6551742553711,1274600
2017-04-21,76.65516726435547,77.99302053256837,76.14296198434396,77.4196548461914,1973400
2017-04-24,77.92425781773169,78.79577362353034,76.66285152010305,77.79429626464844,1691600
2017-04-25,78.22239667484382,79.54496322330439,77.50377622853512,79.48380279541016,1248000
2017-04-26,78.97921859587599,80.73754255375758,78.71929559010077,78.90277099609375,917800
2017-04-27,78.25296769734942,78.25296769734942,75.6307744433209,76.79279327392578,1913800
2017-04-28,77.44261141029958,77.54199271807417,75.84482897981188,76.32645416259766,1019100
2017-05-01,76.34940378511861,76.70870817575022,75.50846248288876,75.65371704101562,1241000
2017-05-02,76.04360667140472,76.71635387347176,74.52227749705733,75.21031188964844,1629300
2017-05-03,75.68429826763746,78.65050906971119,75.31734152788363,76.662841796875,2751300
2017-05-04,75.91363853166825,76.14298136504733,71.58663491748575,72.78688049316406,3233300
2017-05-05,72.92447898551671,76.2423585340482,72.8633185715857,76.18119812011719,1885200
2017-05-08,75.98245257701923,77.25150530172466,75.30205880669206,76.92277526855469,1512700
2017-05-09,76.68576437113849,77.11388147748772,75.88305573281865,76.15827178955078,1043600
2017-05-10,76.83867620947959,78.74224934200383,76.72400186431028,78.26826477050781,1471700
2017-05-11,78.61227969978991,79.12448511180585,77.29735978694147,77.50376892089844,1233300
2017-05-12,77.21327354403789,78.18417055592994,77.14447243655759,77.90131378173828,1236800
2017-05-15,79.60610459759192,80.27121101717678,78.83397619583558,78.95629119873047,990900
2017-05-16,79.19327272417713,80.02656729414782,78.65048719354388,79.47613525390625,1227400
2017-05-17,78.58934158279939,79.87368121240223,77.77898061659972,77.81720733642578,1137500
2017-05-18,77.14447019666545,78.62757262978052,77.1368236851965,77.687255859375,1039100
2017-05-19,78.16887032138231,79.42262973083537,77.67959864123374,78.83397674560547,1327900
2017-05-22,79.19327975911132,79.88131987053359,77.71782406542022,78.16886901855469,1083300
2017-05-23,78.30649677369688,78.39823742253085,76.88454879595965,76.94570922851562,1152800
2017-05-24,76.94569891597118,77.19033478082822,75.47023721563922,75.96715545654297,1350500
2017-05-25,75.88308249651308,77.96249084407641,75.17210840462681,76.16593933105469,1538200
2017-05-26,76.12004864877855,76.39526471845355,74.77454851176508,75.23324584960938,1363400
2017-05-30,74.70573669073175,74.8815655901064,71.93828920170544,72.07589721679688,2086500
2017-05-31,70.95973152061292,71.79302595208523,69.72125963591061,70.91386413574219,2544700
2017-06-01,71.61721842797589,72.49638057788063,70.71512257693453,71.83892059326172,1206700
2017-06-02,71.60192163065216,71.8924248603686,69.93533819158763,70.2105484008789,1481700
2017-06-05,69.78244460540957,70.14940131129886,68.73510006494818,69.30081939697266,1224200
2017-06-06,68.99499882343159,71.18143360178304,68.76565023392403,70.91386413574219,1422400
2017-06-07,70.4169815030829,70.90625329641946,67.42019031075151,67.73362731933594,1430200
2017-06-08,67.2290621121454,68.17702539492828,66.54102189376295,67.13732147216797,2166900
2017-06-09,67.32845046731049,69.08677500553618,66.96149370163054,68.91858673095703,1430900
2017-06-12,69.23964949620934,70.10351848176715,68.71215112637962,69.30845642089844,2319100
2017-06-13,69.17084770910738,70.6845300461206,69.05617339082985,70.66924285888672,1294200
2017-06-14,70.17232466891492,70.48576158397836,68.12349745841455,68.34519958496094,1594100
2017-06-15,67.87120894727522,68.2840329557615,64.71387722399781,65.64655303955078,2805300
2017-06-16,66.08996633943676,66.41869631859487,64.14817250821874,64.882080078125,2396000
2017-06-19,65.24901832437136,65.96763856597416,64.57627130691154,65.6618423461914,1056100
2017-06-20,64.43865949899667,67.03027195597461,63.620658013056406,66.54100036621094,2091200
2017-06-21,66.2734532743499,68.00119160784821,65.47073870255566,66.31932067871094,2075300
2017-06-22,66.42633259611638,67.41252238166174,65.66949144258733,65.73065185546875,1206500
2017-06-23,65.76888833225527,67.74126837097828,65.60070007324455,67.58072662353516,2375000
2017-06-26,67.84063490131186,67.84828141121245,66.25814564141825,66.73977661132812,1218200
2017-06-27,66.95382082880613,67.7871094561798,66.1740402638924,67.26725769042969,1269000
2017-06-28,67.47369581509203,68.43694625725394,66.15877584728852,66.20464324951172,1245200
2017-06-29,66.67097916465981,67.6495225982245,66.28873527138742,66.73213958740234,1526000
2017-06-30,66.83918140191928,68.22290271878535,66.37284328790516,67.89417266845703,1612700
2017-07-03,68.4599005458454,69.30848266534097,67.91710895051584,69.07148742675781,723300
2017-07-05,68.45986643168943,68.54396053370436,66.84679714042473,67.64950561523438,1376000
2017-07-06,68.19230108469073,68.69686577060294,65.58540103854588,65.71536254882812,1536100
2017-07-07,65.27960398706739,65.98293126856234,63.27664412098923,65.81474304199219,1441700
2017-07-10,65.5013214783982,67.40489465737075,65.16494494638167,67.29786682128906,1236400
2017-07-11,67.3513645010895,67.9170837600678,66.18169926550024,67.7489013671875,862500
2017-07-12,68.49046278478774,69.33904475377953,67.12203468388101,67.35902404785156,982900
2017-07-13,67.36667341581544,68.50575871257251,67.03029688553298,68.36050415039062,811700
2017-07-14,68.4063724730628,69.30082181967732,68.39107945046916,69.17086029052734,890500
2017-07-17,68.99504260131738,69.65250275365383,68.7886334058539,69.1632308959961,1115400
2017-07-18,70.3099468692375,70.3099468692375,68.36814707530273,69.11734771728516,1241100
2017-07-19,69.49194479233259,71.84656870444552,69.14028109105536,71.80834197998047,1279300
2017-07-20,72.16765122786565,73.05445406432241,70.39403972237294,70.62338256835938,1373800
2017-07-21,70.6998443635913,70.93683374886501,69.79010188580399,70.32524108886719,1219800
2017-07-24,70.66924347218789,71.90770978911432,70.37873441901993,71.25789642333984,854200
2017-07-25,72.05296756104552,73.71190451249957,71.96887344529638,73.17676544189453,1178900
2017-07-26,73.86481744316163,74.78984703269066,72.88626810538061,73.7577896118164,1023200
2017-07-27,73.7119019125172,74.25468747429376,73.0697350504418,73.82657623291016,1019800
2017-07-28,73.6431052458625,74.40759298432448,73.29144158607942,73.88774108886719,909900
2017-07-31,73.78071088753481,73.93360609725428,72.32818306488625,73.29907989501953,1114900
2017-08-01,73.5360860778192,73.8877497789622,72.27467999448456,72.89391326904297,965600
2017-08-02,74.91215886915695,74.91215886915695,70.22585069356171,73.26850891113281,3738500
2017-08-03,73.63546978638405,73.99478001059813,68.37579545613498,68.5669174194336,2890400
2017-08-04,69.17085657693539,73.19970459234104,68.69687205582579,72.78688049316406,2052600
2017-08-07,72.61105439879158,73.49021070985323,70.92153121442973,73.4214096069336,1436400
2017-08-08,73.1003251898757,73.9030338765305,72.1752956561617,72.61105346679688,1905100
2017-08-09,72.48108098970131,73.71190672155771,71.96122909157202,72.30525207519531,1226500
2017-08-10,71.47961034726923,72.3740596865551,70.30994492934475,70.37874603271484,3388700
2017-08-11,70.34814384902954,71.78538421805466,70.28698927599358,70.99796295166016,1182600
2017-08-14,70.99033561014485,71.43373992169383,68.6204246622414,69.37726593017578,1612500
2017-08-15,69.24730730032637,69.30082121377785,66.99971127020606,67.29021453857422,2985700
2017-08-16,67.19847052244434,68.52103098755153,66.96147536743628,67.32078552246094,1504300
2017-08-17,66.89267160754889,67.86356838911838,65.60068556950382,65.8223876953125,1396900
2017-08-18,66.09762062700177,67.55014874842321,65.53954774741422,66.70921325683594,1345700
2017-08-21,66.51042619647355,67.0379245465257,66.07466846504116,66.57158660888672,761000
2017-08-22,67.11437313181703,67.39723566895037,66.60980847086213,66.83915710449219,634100
2017-08-23,66.68627525597029,68.64336221317748,66.40341266220113,67.93238830566406,773400
2017-08-24,67.84064021877992,68.30697820544097,67.045572271564,68.13114929199219,728000
2017-08-25,68.32991655531092,68.45988391234208,67.64188221052673,67.84064483642578,413600
2017-08-28,67.76420489246485,67.76420489246485,66.14348849488836,67.29786682128906,614000
2017-08-29,67.17552630326216,67.78711287271341,66.21991682045325,67.40486907958984,758300
2017-08-30,67.34371489552142,68.26875009302304,66.5180726588429,67.63422393798828,595000
2017-08-31,68.10820436325382,69.66011924736148,67.63422573623184,69.4078369140625,1300400
2017-09-01,69.6218922707502,70.38637994511117,69.00265912094281,70.2717056274414,1434900
2017-09-05,70.8527221915976,71.80068533219475,69.70599061048581,70.13410186767578,808900
2017-09-06,70.82980160837195,71.49490231571981,70.36346354576416,70.83744812011719,1025300
2017-09-07,70.52396813940956,70.52396813940956,68.811517863238,70.04234313964844,779200
2017-09-08,69.6066324913159,69.6066324913159,67.15262095767768,67.96298217773438,1123500
2017-09-11,67.97826046966834,68.67394723580716,67.53485610218951,68.38343811035156,993100
2017-09-12,68.32992035065634,70.06531099620678,68.32992035065634,69.11734771728516,1058400
2017-09-13,69.47662612400569,71.86182936873838,69.47662612400569,71.47193908691406,1131400
2017-09-14,71.64015089740812,73.19970670625506,71.42609524704112,71.71659851074219,1431300
2017-09-15,71.71659974376092,72.35112602724323,71.21968733225658,71.83892059326172,1054200
2017-09-18,71.28085308356326,73.13855898998472,71.28085308356326,72.74102783203125,1282900
2017-09-19,72.81745119631303,73.30672284273187,71.89242180753433,72.07589721679688,1150700
2017-09-20,72.4275608842867,74.63692980416252,72.12941115686942,74.39994049072266,1396800
2017-09-21,74.08650958389026,74.76690320497343,73.49785075863403,74.43052673339844,1014100
2017-09-22,73.77306706528009,74.07121681790136,72.82510389880679,73.19205474853516,1343800
2017-09-25,73.69660314545965,74.49931159692875,73.51312776120633,73.98710632324219,1406900
2017-09-26,73.71189522365405,74.75924536708828,73.42903853594078,74.26997375488281,896200
2017-09-27,73.98712050985188,74.5528397887765,73.45198143959594,74.06356811523438,1230700
2017-09-28,74.04829631715506,75.195028133961,73.8418813238854,74.2623519897461,1559400
2017-09-29,73.97948641609806,75.17209142402734,73.74249704986299,74.88922882080078,1443400
2017-10-02,74.14001097087515,76.71633048326476,73.15382125424222,76.44876098632812,1429900
2017-10-03,76.56343974478312,78.35998456587542,76.37996434087265,76.50992584228516,1807300
2017-10-04,77.02980990397684,77.58024217854555,76.03597320460774,77.02216339111328,1367700
2017-10-05,77.02979424208598,77.25149640940914,76.18121229675843,76.25765991210938,1060000
2017-10-06,75.89070557917009,75.90599860226867,74.77455402872766,75.75309753417969,701400
2017-10-09,76.2041550942824,76.44114447993252,75.58492175367152,76.40292358398438,486500
2017-10-10,77.21325293039995,77.7025245615705,76.84629629073306,77.02977752685547,529600
2017-10-11,77.41206189061174,77.75607918147695,76.55583317140415,77.61082458496094,922000
2017-10-12,77.15977623226384,77.77900966316444,76.15065227733137,77.3050308227539,934800
2017-10-13,77.97011060936508,78.35235451681918,77.16740190325896,77.49613189697266,834600
2017-10-16,78.28355191652768,79.07097341761691,77.97010911876959,78.43644714355469,1040500
2017-10-17,78.39057788542502,78.75752875463088,77.58022270273142,78.444091796875,755300
2017-10-18,78.18414804742176,79.20091800416128,77.94715874644405,78.12299346923828,784500
2017-10-19,77.8172000436267,78.13828346279178,77.0832925858588,77.66429901123047,816000
2017-10-20,77.67196067058704,78.52054261001999,77.33558999886364,78.3829345703125,577100
2017-10-23,78.41351052748853,78.55111855972842,76.58638521932353,76.71634674072266,646100
2017-10-24,76.76222020852792,77.46554756098645,75.35555967103203,76.19649505615234,1083500
2017-10-25,76.44876448272947,77.17502541228426,75.71485704360461,77.12915802001953,707100
2017-10-26,77.21326926295494,77.95482337621776,76.1735653686494,77.12152862548828,764100
2017-10-27,76.92276512396299,80.29415331480315,76.83102448753299,79.94248962402344,1115400
2017-10-30,80.38588997591782,81.63200293809459,80.08009370218608,81.1885986328125,966500
2017-10-31,81.05864846678766,82.22831398252335,80.69933823226397,81.92252349853516,1041000
2017-11-01,82.74050082946208,85.40091458211973,82.67169390810172,83.92545318603516,1350900
2017-11-02,83.61202489535347,84.04778266692833,82.83224414669625,83.30622863769531,617400
2017-11-03,83.56615594308539,85.40857426116544,83.09981793861611,84.97281646728516,786900
2017-11-06,85.28624922003715,86.96047921374223,84.52176149068556,86.91461181640625,1623100
2017-11-07,87.77849250410031,87.8625866320994,84.9728235647252,85.46974182128906,2018200
2017-11-08,85.05691309699449,85.07220028645048,82.48823365754428,84.12423706054688,2246300
2017-11-09,83.2221285186733,84.9880931762266,83.13038789821906,84.88106536865234,1418100
2017-11-10,84.46825177094789,86.05838772665842,84.46825177094789,85.5156021118164,1001800
2017-11-13,85.12572362939416,85.9360847422359,84.22362770449534,84.83522033691406,1041400
2017-11-14,84.1777714424213,84.77407113005248,82.64879549153919,82.77111053466797,1149600
2017-11-15,81.81545680342022,82.19005991047423,80.87514036283487,81.5096664428711,1501200
2017-11-16,81.79254349009558,82.5188103588087,81.0739289646534,81.44087982177734,878700
2017-11-17,81.33385062313643,82.36590791109155,81.05098805810871,82.2130126953125,1148500
2017-11-20,82.24360587567396,83.19921570644938,81.23448212767832,82.54175567626953,881400
2017-11-21,83.19920417737978,83.73434327542698,82.56467793785332,83.44384002685547,1076600
2017-11-22,84.10129888229406,84.43002884759561,83.35209832210263,83.5202865600586,846700
2017-11-24,83.99427569285221,84.78934369536339,83.80315374511142,84.32300567626953,262100
2017-11-27,84.27711707907397,84.34592400065833,81.73901830907076,81.99894714355469,974500
2017-11-28,82.12891652024477,82.92398445405924,81.73138546962679,82.74050903320312,567900
2017-11-29,82.93930545702209,83.63499236996195,81.81550711001515,82.67938232421875,528100
2017-11-30,83.13805079469662,85.09513775617401,82.67935926717276,83.566162109375,905700
2017-12-01,84.21597135918658,86.47885434606242,83.71140665641434,84.78933715820312,995300
2017-12-04,85.05689309073992,85.69905988326876,83.21447515167377,83.34443664550781,643000
2017-12-05,82.8551786244444,84.28477278870676,82.63347648137194,83.37503051757812,670500
2017-12-06,82.92396678325949,83.27563036186983,81.01274787826162,81.2879638671875,1027600
2017-12-07,81.41794664731692,83.35974626257084,81.11979688676404,83.29093933105469,727500
2017-12-08,84.09365896529648,84.81227937197069,83.84902309979151,84.68231201171875,715900
2017-12-11,84.7740511009703,86.05839082957087,84.47590132759687,85.08749389648438,905700
2017-12-12,85.27862157541433,85.81376073471488,84.55235462198715,85.2633285522461,604800
2017-12-13,85.58441256506566,86.03546342998443,84.86579795145896,85.30919647216797,782100
2017-12-14,85.00338619592468,86.08131078151627,84.59820866259669,84.88106536865234,827200
2017-12-15,85.10278017812826,85.53853798322355,83.5890917941989,83.72669982910156,1045300
2017-12-18,84.10131167911781,84.85815303250163,83.2680168731546,83.82609558105469,858300
2017-12-19,83.93311605927778,85.62263339328946,83.68848019717154,85.47737884521484,983100
2017-12-20,86.20363092913838,90.04135644959018,85.59203846275481,89.62853240966797,2130700
2017-12-21,90.217204227265,94.45246721318033,89.63619188342732,94.10844421386719,2644100
2017-12-22,94.39894448214858,95.9432070815895,94.13136911904563,95.07933807373047,1517500
2017-12-26,95.58390798827915,97.43396705066934,95.11756996714904,96.30252838134766,1490500
2017-12-27,96.44014471853501,96.58539344580055,94.1390346265021,94.17726135253906,1348300
2017-12-28,95.08698055914135,96.34073995393197,94.29955914037902,95.95849609375,1090300
2017-12-29,96.57009258364457,97.33458033552034,94.97231598186197,96.5165786743164,842500
2018-01-02,95.56095768830058,98.0684762848291,95.38512295981978,97.76268005371094,1548100
2018-01-03,97.62509567016602,99.18465740959716,97.45691324329384,98.74889373779297,1609900
2018-01-04,98.71065561378784,99.6891990111491,97.44925547872045,99.48279571533203,978500
2018-01-05,99.16171498463756,100.06380496492642,98.2519726608548,99.36811828613281,873300
2018-01-08,99.45986512951606,100.30079469083489,98.91707367148881,100.1402587890625,1428100
2018-01-09,100.4154517755783,100.96588378544736,97.33456182214881,97.46452331542969,1290800
2018-01-10,97.6862505275296,98.37428488411987,96.66183967121673,97.31165313720703,1487700
2018-01-11,97.3269180152966,100.80533905433533,96.74591161770513,99.30693817138672,1493300
2018-01-12,99.59745291727506,100.43839402205056,99.11582195134399,99.49042510986328,1030900
2018-01-16,99.75036147982789,100.0485112450653,97.74740724490773,97.8697280883789,1002100
2018-01-17,97.93090300091131,98.46604218883489,96.84532576849826,97.42633819580078,1425400
2018-01-18,97.51040578245534,98.11434591615308,96.46305556257268,97.2657699584961,1040000
2018-01-19,96.73063545888577,97.86972642214731,96.30252417918298,97.52570343017578,585100
2018-01-22,97.9844071683466,101.14938642766835,97.85444563255993,101.07294464111328,918100
2018-01-23,101.34816549203717,102.36492412356166,99.89563149742028,101.1493911743164,1152400
2018-01-24,101.63099473999934,102.83888668247079,99.55922798037564,99.65861511230469,1542400
2018-01-25,100.41545815373017,100.53776731301588,96.91409746131437,96.97525787353516,1311100
2018-01-26,97.69386864821732,99.53628068496502,96.97524845585617,99.45218658447266,664400
2018-01-29,99.6127368829606,100.47659994099607,98.34368466388453,98.6571273803711,962000
2018-01-30,97.83915493073125,97.83915493073125,95.25518233562346,96.53187561035156,1514800
2018-01-31,96.58538901931662,97.27342922839269,95.68329898501372,95.94322204589844,1247700
2018-02-01,95.99674125733738,97.617457635637,95.68330426470605,96.81474304199219,969000
2018-02-02,96.11137939585386,96.32543498483,93.43567286849746,93.61914825439453,1554800
2018-02-05,92.11313454037766,95.52274947109152,90.84408780945449,91.9449462890625,1807200
2018-02-06,90.75998408720922,95.13285482871744,90.33951350338016,93.19105529785156,1695700
2018-02-07,93.19871855685527,94.04729472226188,90.56887843101856,90.59181213378906,1224800
2018-02-08,90.63002256089763,91.32570336100075,85.02632611029634,85.11042022705078,2817700
2018-02-09,85.76022105701398,86.96046638168222,80.7757643634926,84.48352813720703,1811700
2018-02-12,85.62262730668174,89.01695475562177,85.62262730668174,88.68822479248047,1709900
2018-02-13,88.09191164475001,89.00929446223614,87.67144111773187,87.93901062011719,1649400
2018-02-14,88.68059987177301,93.99378865174809,87.74027715162502,93.90205383300781,2901600
2018-02-15,94.78882776477897,95.75973040464432,92.95405612842734,95.6756362915039,2419800
2018-02-16,94.88820840673948,96.89880880932728,94.37599725285803,94.70472717285156,1697000
2018-02-20,94.16195005161126,95.82853349644412,93.59623077806714,93.88673400878906,1276800
2018-02-21,93.51978924489086,95.31633431753083,92.3806982810333,92.48773193359375,1260600
2018-02-22,92.62533045216229,95.62976144643649,92.24308661074382,94.26897430419922,1142600
2018-02-23,95.23223925967041,97.92323358677135,94.83470819402024,97.80091857910156,876000
2018-02-26,98.47366974560867,98.7335927929399,97.15110914345121,97.640380859375,669000
2018-02-27,97.08994002305326,98.65714217535438,96.44777314064865,96.45541381835938,823100
2018-02-28,97.13581027173105,98.0226188487988,95.26281764381109,95.28575134277344,1021200
2018-03-01,95.58391145893711,98.33607228441612,95.01054559239218,96.63890838623047,1080000
2018-03-02,95.60684008086952,98.93236659621084,94.7964848989649,98.68008422851562,960900
2018-03-05,98.07614542981395,100.59131709871734,98.037930367771,99.57454681396484,968200
2018-03-06,99.87270217009419,100.16321131477902,96.99822593567053,97.15876770019531,1062000
2018-03-07,96.83003122966184,98.53483582224386,94.21547842148172,96.53187561035156,1225700
2018-03-08,97.05937504253966,97.05937504253966,94.697110426896,95.71387481689453,772900
2018-03-09,96.53953367254621,98.85593113856883,96.11142230346954,98.57307434082031,961500
2018-03-12,98.82533668712296,99.39105016774727,97.34222855600753,97.40338897705078,886300
2018-03-13,97.99202830127749,98.97058329435987,96.65418065183077,97.2046127319336,858700
2018-03-14,97.66331446714187,98.1372931606681,95.95850414141985,96.18020629882812,1038400
2018-03-15,96.38664032879917,97.64040007668774,95.00291319908624,95.25519561767578,1146300
2018-03-16,95.3086711706575,96.95232073716122,94.79646585978217,95.95084381103516,1997700
2018-03-19,94.79648056140599,95.93556567051377,93.25221787988542,93.74913024902344,1603000
2018-03-20,94.40660581569243,96.80709727061232,94.03200839099692,95.97380828857422,1343300
2018-03-21,96.31017829794331,100.50721480394266,96.29488527527228,99.5210189819336,1280900
2018-03-22,98.3360680662368,99.57453455199847,97.45690594206422,97.68624877929688,1439100
2018-03-23,98.14494948371731,100.92003232158916,97.50277668577593,97.82386016845703,1468600
2018-03-26,99.1311470431326,102.20439174333022,98.09144300683072,101.85272216796875,1771700
2018-03-27,102.62484099253578,102.90005705244891,98.2137433557906,98.75652313232422,1285700
2018-03-28,98.6953878633791,99.84211965885527,95.0334844640028,95.30870056152344,2530900
2018-03-29,95.33927091962856,97.32693799311598,95.0946350618544,96.72299194335938,2045500
2018-04-02,96.21843293120835,96.2490131424684,90.80585802233664,93.46627807617188,2427000
2018-04-03,94.33778221921385,94.8347003847915,92.04431914661988,94.36836242675781,1464400
2018-04-04,92.3042390168244,93.73383304975935,92.08253689411823,93.71089935302734,1590400
2018-04-05,93.92496596415613,96.4477778864918,93.92496596415613,95.10992431640625,1361300
2018-04-06,93.86380543194755,94.20018190987844,87.87786492283396,89.1545639038086,3287100
2018-04-09,89.83493355749408,90.20953082355506,86.43296046333069,86.60879516601562,3323800
2018-04-10,88.41301223212798,90.14075623453914,87.38095490371443,89.7355728149414,2040800
2018-04-11,90.78291619888562,91.39450870420421,88.81818300371603,89.09339904785156,2406200
2018-04-12,88.98637158130451,90.2248379521653,87.81670630545669,88.94049835205078,1853100
2018-04-13,89.368623060012,91.60092598807167,89.07811396942387,90.74469757080078,1340600
2018-04-16,90.82115559829909,91.31806801659955,89.65913084246544,91.00463104248047,1462300
2018-04-17,91.66209983261335,94.62831076728379,91.1269548062409,93.49687194824219,1832300
2018-04-18,94.37602290063569,98.34371671491638,94.1390335331815,97.1664047241211,2592700
2018-04-19,97.51043609203593,99.91856836317986,97.18934673431414,98.52720642089844,2326100
2018-04-20,97.69387755493968,99.71211865302668,96.60065998144802,98.16020965576172,1787200
2018-04-23,97.50278072764996,98.94001578059624,96.16492699510688,98.03792572021484,1186100
2018-04-24,98.07612226310685,98.41249871877613,95.14813879403596,96.1190414428711,1996400
2018-04-25,96.30253426653795,97.54100083614001,95.56862663906799,96.13434600830078,1261400
2018-04-26,96.17256078401243,97.41102719973594,95.81325061016423,96.99056243896484,1200600
2018-04-27,96.58537462806031,97.60979119395274,95.79031254112499,96.21077728271484,960400
2018-04-30,96.01200531169499,99.53629399705467,95.85146359816875,98.19844055175781,1388600
2018-05-01,97.42630542078153,99.24578971279144,96.76119908304122,97.93087005615234,1017800
2018-05-02,97.86972024126823,99.85738129509609,97.74739940760463,98.55775451660156,1569000
2018-05-03,98.44309901107337,99.33754835305331,96.28723777771788,96.7153549194336,2000100
2018-05-04,96.77649874128423,97.80856184071652,95.8744088210218,97.31929016113281,1632000
2018-05-07,98.59598421122537,102.65541222156419,98.22903336431555,99.56688690185547,1559300
2018-05-08,99.66624223866938,103.12172937229988,97.72444891488539,102.99176788330078,2030500
2018-05-09,102.05912526300789,105.04827547671606,99.55160611485229,104.36788177490234,4251000
2018-05-10,104.72717545095111,105.07119258695526,99.03173268701588,99.22285461425781,2883600
2018-05-11,99.60512951948864,100.12498738952787,94.16197906764907,94.65889739990234,3155100
2018-05-14,94.72768866189195,95.49981716133635,94.49833998265193,94.97996520996094,1845300
2018-05-15,94.69708832393694,98.74886941297746,94.36071188789343,98.25959777832031,2403400
2018-05-16,98.57304687297989,101.11879233881255,97.80091265527116,101.01176452636719,1691500
2018-05-17,101.57747742294777,105.36934156466882,101.4016485174009,104.1690902709961,1973000
2018-05-18,104.05815308364882,104.35657660413766,102.55072841772949,102.97923278808594,1210600
2018-05-21,103.98927526004871,104.96871713915739,103.23939262545231,104.6473388671875,978100
2018-05-22,104.53254911531685,105.7032882400417,100.80607959255644,101.18101501464844,1005500
2018-05-23,100.05619692551315,100.93617205047514,97.97488009154769,99.19918823242188,2503800
2018-05-24,97.90601289834527,98.33451723208825,94.83760662032569,95.64105224609375,2407000
2018-05-25,93.52912874784741,93.64390251918333,90.3382836322396,92.09056854248047,2607900
2018-05-29,91.51667739505051,93.2689623256062,91.1952991557172,92.58794403076172,1714000
2018-05-30,93.18479715102715,94.56214089327226,92.28187310620733,93.96529388427734,1603300
2018-05-31,93.4449629037155,94.21780025305698,91.93753834714319,92.40430450439453,1835100
2018-06-01,92.05233855486256,92.27423846738583,87.63718998231381,88.37942504882812,2960400
2018-06-04,88.67784194969519,89.10634635261806,83.35212185276319,85.47169494628906,3928000
2018-06-05,85.12736668531099,86.60418325772861,82.47215710047259,85.35692596435547,2346400
2018-06-06,85.56352130786232,86.28280157207456,84.03314174174928,85.86959838867188,1993200
2018-06-07,86.80311138250556,87.95089579956789,86.55825094038293,87.32344055175781,1655700
2018-06-08,86.86432634417734,87.67543134152372,86.03792596048285,87.20101165771484,1074100
2018-06-11,87.30814589694953,88.32584962579988,86.53530264501696,87.10154724121094,1290200
2018-06-12,87.38464887319819,91.30242167701583,87.23161329031831,90.96573638916016,1804800
2018-06-13,90.78210162683604,91.15704292904866,90.13169157746572,90.56019592285156,1616000
2018-06-14,91.24886001577333,91.65440957066299,88.4941786168461,88.7237319946289,1540800
2018-06-15,88.34114965321497,89.61902090529492,87.46118615737221,88.44062805175781,2474900
2018-06-18,87.82080884896132,94.58508802768611,87.62186375394987,93.79694366455078,3950400
2018-06-19,92.09823142826306,98.67120805407859,92.09823142826306,97.6229019165039,3422700
2018-06-20,98.36513262139712,99.97202389359786,97.48516334934395,99.13796997070312,1799700
2018-06-21,98.64062449949598,98.64062449949598,93.42202421681048,94.67694091796875,2061300
2018-06-22,97.49282272090757,99.107373458945,95.93183502848555,96.07721710205078,2211900
2018-06-25,96.1154859271089,96.64346872803557,92.17475750755654,93.04707336425781,1347400
2018-06-26,93.14655685282183,97.14849623457644,93.08534026776339,96.82711791992188,1347000
2018-06-27,98.74009191474995,101.64016794973135,98.43402064879267,99.57415771484375,2309000
2018-06-28,99.85726229863798,100.92852327747117,97.82950829510173,100.11742401123047,1417400
2018-06-29,99.90318380778203,101.65547508277265,99.21451762098917,100.67603302001953,1425700
2018-07-02,100.14037530182831,100.14037530182831,98.02080817597448,98.93903350830078,952300
2018-07-03,100.16332076353704,101.90795223580268,98.86250069047829,99.5129165649414,701700
2018-07-05,100.83669274065389,102.0762962570174,100.06385538522083,101.00503540039062,836300
2018-07-06,100.98975748985855,104.11939298501414,99.4364229614265,103.27767944335938,839100
2018-07-09,103.27000055650716,104.7544586734458,103.07870314353457,104.5784683227539,1089900
2018-07-10,105.47374215163319,105.78747272104312,101.66310083389033,102.50481414794922,2119500
2018-07-11,101.89268366163495,103.1705493154662,98.75540059294153,100.05622100830078,1455900
2018-07-12,101.18870384948444,101.18870384948444,98.4416635804078,99.68892669677734,837300
2018-07-13,99.49761859137217,101.60953802022298,99.4746638337877,100.50001525878906,897000
2018-07-16,98.59470229419533,100.08681994634405,98.2580169417374,99.4670181274414,851800
2018-07-17,98.63294112398485,100.73721265955051,98.02844643842222,99.9720230102539,507800
2018-07-18,99.75778189718436,100.24750285996794,98.07436681735759,99.9261245727539,1009800
2018-07-19,99.80369575811908,101.33407529292758,99.4823174569136,101.07391357421875,653600
2018-07-20,101.78553452876159,101.78553452876159,99.47465842533012,100.35462188720703,885800
2018-07-23,100.35464990309467,100.69133532451134,99.33695761909135,100.36995697021484,702000
2018-07-24,101.20398537840452,103.27000690623531,100.8290498984799,102.11456298828125,855600
2018-07-25,101.93092981631094,104.05815634720219,101.05095461485267,103.05574798583984,608600
2018-07-26,102.83384278636358,103.98927502410045,102.5736810919118,102.9562759399414,556200
2018-07-27,102.757315269756,104.50195845275078,100.6760101167936,101.26519775390625,729600
2018-07-30,102.52778981659596,104.06581717595674,101.3876527633402,102.31353759765625,1388800
2018-07-31,101.94623123100084,103.30062041231689,99.5358880917279,100.96678924560547,625000
2018-08-01,100.5994930872995,101.80849424197567,98.53348318535659,101.67841339111328,724500
2018-08-02,100.98207353227376,103.8056250547837,100.00263176780783,102.91035461425781,544100
2018-08-03,102.90269952186726,103.1628728731363,99.42874369351688,100.08680725097656,1028900
2018-08-06,100.9208767814727,103.86686202204366,100.40820104438228,102.2446517944336,1028500
2018-08-07,102.91802718723362,104.25710932535748,102.6578654597497,103.10167694091797,659700
2018-08-08,102.29821337693203,103.00218650337732,100.62244605734381,102.37472534179688,1548400
2018-08-09,101.77022746591467,103.30825451979386,99.0844158917432,100.35462188720703,1897200
2018-08-10,101.05095884127235,104.06580839376007,100.27812137930809,103.1475830078125,1340700
2018-08-13,102.35177143983141,103.43069173349342,100.68366347590154,100.90556335449219,911900
2018-08-14,101.9309189352059,103.22407964259108,101.44119802373592,102.3441162109375,1239100
2018-08-15,94.14893624506591,95.03655321284843,88.21106286283857,90.06282043457031,11541400
2018-08-16,91.82277231780007,92.34310159445165,90.37656412082949,92.17475891113281,3945000
2018-08-17,92.26284354590159,93.45012202396956,90.87641327775673,92.0560302734375,2165100
2018-08-20,93.04412772688951,93.3122211030571,91.28236123664999,92.67645263671875,1904300
2018-08-21,93.41182413290882,95.18890825676739,93.06713338390138,93.90205383300781,2826800
2018-08-22,95.21956138624604,96.01618621902452,94.8212518918567,95.15828704833984,2283900
2018-08-23,94.21610981810858,94.81357689654943,92.66882343147968,93.14373016357422,990100
2018-08-24,94.1854849580902,94.56081585245575,93.06714791487865,93.2586441040039,1314800
2018-08-27,93.87907839782496,94.66038602648003,93.31225138370209,94.0093002319336,1638100
2018-08-28,93.81014011038623,94.23142815739939,92.2245521340297,92.77606201171875,1304700
2018-08-29,92.77605889041456,93.64161940355672,92.30880780664786,93.38118743896484,2070800
2018-08-30,93.18967881639215,93.78714580251629,92.53858730402797,93.08243560791016,1060800
2018-08-31,92.83732914370911,93.00584668704829,91.68069663078764,92.74541473388672,1852700
2018-09-04,93.56501455162768,93.63395035645078,91.76495201637786,92.16326141357422,1374500
2018-09-05,91.45087666993345,91.57343697854479,89.53591567786013,89.97252655029297,1778800
2018-09-06,89.98021519315166,90.01851091815526,86.9392552847169,87.69757843017578,1721700
2018-09-07,87.32222478153281,87.32222478153281,85.27704776157734,86.28814697265625,1902800
2018-09-10,86.3571028046535,86.8779725702554,85.59877968137971,85.8745346069336,1902400
2018-09-11,86.0660427053944,89.87298765896615,85.26175642021742,89.1606216430664,2335200
2018-09-12,90.17170214817739,92.63051185204687,90.16404066635894,92.30879974365234,2308500
2018-09-13,92.04836176767255,92.34709527399299,90.11042179549177,91.00662231445312,1962500
2018-09-14,91.34365714543576,94.61440858674744,90.72321153301792,93.24330139160156,2167900
2018-09-17,93.12074053385825,95.31911827315922,92.76072686409138,93.97864532470703,1582500
2018-09-18,94.91314016993648,96.69787957532264,94.1854514041029,95.55656433105469,2019400
2018-09-19,95.59489694479645,98.94224648535335,95.3650991874677,98.49031829833984,2071000
2018-09-20,99.04180863767786,99.34054215667794,96.85109226901162,97.06556701660156,1917000
2018-09-21,97.93113057336221,98.78137979636934,97.11152727983149,98.46732330322266,1801100
2018-09-24,99.73885290316447,102.31256144590974,99.55501240439817,101.76870727539062,2216700
2018-09-25,102.36618227699083,104.33476832462408,101.86062963191799,103.03258514404297,1891000
2018-09-26,102.74151513638182,103.08620585871158,100.44356140352066,100.59675598144531,2045700
2018-09-27,101.9142413228385,102.95598072324016,101.01804084931588,102.68788146972656,1283900
2018-09-28,102.29725243726315,105.58332144600449,102.05213173880318,103.553466796875,1629000
2018-10-01,103.7526134850282,106.08121325364235,103.6836776749831,104.78669738769531,1215100
2018-10-02,105.00881416946784,105.31521498772058,103.48451246764641,104.97817993164062,1423900
2018-10-03,105.6599283177427,107.8353219974089,104.5032839740339,107.17657470703125,1820800
2018-10-04,106.7629309614325,106.7629309614325,103.56110944541244,103.59941101074219,1506800
2018-10-05,104.33476396993058,104.70243329282081,102.55767414796648,104.44200134277344,1428600
2018-10-08,103.101521413474,103.86750593604663,100.9720853757618,101.78402709960938,1466900
2018-10-09,101.59253825112805,104.53391622352606,101.59253825112805,103.50749969482422,1228500
2018-10-10,103.51516750663266,103.9441170503869,98.75839757836141,99.02649688720703,1652100
2018-10-11,98.09199595208706,99.35587768303847,95.41104958024899,95.46466827392578,2204300
2018-10-12,97.64004253919423,98.05366901541586,93.35818625980995,96.60596466064453,1604800
2018-10-15,97.88519424058492,98.51330151681968,96.68259838813545,97.992431640625,1073100
2018-10-16,98.96519759428325,100.60440399870016,97.74728501324373,100.20610046386719,1234900
2018-10-17,100.0605625964247,100.37460736991332,98.16857987791278,99.20265197753906,951100
2018-10-18,98.04603729088947,98.32179223829004,95.84000355568418,97.2494125366211,947800
2018-10-19,97.7166650394867,99.11075691827129,96.86642158025002,97.35665130615234,1298600
2018-10-22,97.41028492943083,97.55582391048894,95.05105035943717,95.41106414794922,2078900
2018-10-23,92.82969222273589,93.54205826248622,89.71213457436609,91.23644256591797,2636200
2018-10-24,92.59221369462936,92.76073123684702,86.26518528735669,86.47966003417969,1479700
2018-10-25,87.68993643324345,88.44059821288032,85.75199011381393,87.50609588623047,1766900
2018-10-26,85.98177405685334,88.32568513656409,84.18171135898403,87.13841247558594,1867800
2018-10-29,87.16139567159249,87.44481210128698,81.4854465027325,82.85655975341797,1768000
2018-10-30,81.49311950360106,84.44982119387252,81.14076720942364,84.1664047241211,2093100
2018-10-31,85.03960997952407,88.63207971902943,84.87109827200686,86.06603240966797,2455900
2018-11-01,86.40306033381961,88.8771871793347,86.17326262920903,88.43291473388672,1499900
2018-11-02,88.86953141691923,89.40572414751945,86.53328187501431,87.5673599243164,1556400
2018-11-05,88.50952074579159,90.7002371167942,87.8967307428823,88.84654998779297,1315400
2018-11-06,89.17591758413413,89.33677363416173,86.1809211105757,86.83966827392578,2266000
2018-11-07,90.21766623491975,91.57346226431598,84.46512018998746,88.754638671875,3843100
2018-11-08,88.30270157504823,88.9461316620579,83.93659180033414,84.75619506835938,2403100
2018-11-09,83.55359283705126,87.96565946419727,81.35521516099897,87.20733642578125,2440200
2018-11-12,87.83544615731122,88.57845209917988,84.18936393972632,84.43447875976562,1889200
2018-11-13,84.05150519708124,84.59535364247279,81.71524948293488,82.6114501953125,2039200
2018-11-14,84.28129456507705,85.63709073997254,82.7416637007718,83.27019500732422,1676600
2018-11-15,83.44635287484628,86.31879473520864,82.3816348927918,85.9740982055664,1848800
2018-11-16,86.06229828051424,88.132760151366,85.75556167173622,87.65731811523438,1632800
2018-11-19,86.30002794827197,87.8490395471158,84.93505599917351,87.27391052246094,2185600
2018-11-20,85.19576052699787,85.8015636749705,82.87991071305791,83.37835693359375,1912500
2018-11-21,84.11454014922646,85.40282941876045,83.71578074289816,83.76179504394531,1527500
2018-11-23,80.73277729913414,81.83702689792044,79.37547537605514,80.42604064941406,1443000
2018-11-26,81.7143066649965,84.03782632639557,81.11617358588545,83.82311248779297,2564000
2018-11-27,85.96261018335896,87.58831020274079,83.57774155020391,84.22955322265625,7557100
2018-11-28,83.84612454454947,85.91659214716205,83.02560752717537,84.1988754272461,3818000
2018-11-29,84.64365214355088,87.50396301956685,84.1298716275139,85.88593292236328,4893000
2018-11-30,85.4641633438716,85.55618608605582,80.57173496944296,84.64364624023438,33049700
2018-12-03,87.28923596437653,88.93027003871389,85.3184610704005,86.01628112792969,6422700
2018-12-04,86.18499539707102,86.50706622591618,80.39536124992865,80.57940673828125,3880300
2018-12-06,78.21751417361226,78.47823641261164,74.3449780434392,78.07948303222656,5247300
2018-12-07,80.51806487645061,82.46583590980941,78.26355718774516,78.75433349609375,3588900
2018-12-10,77.71141634181465,79.67452702061956,76.24675774428893,77.16696166992188,2668400
2018-12-11,79.19909414025089,79.44448227207488,76.13173956719383,76.71453857421875,2166300
2018-12-12,78.0411619917941,79.01505029312723,75.44157959770682,75.52593231201172,2795000
2018-12-13,75.25755424605252,75.78667485423459,72.49693592389211,73.86190795898438,4373200
2018-12-14,73.44779928092467,73.44779928092467,70.42645336141197,71.0936050415039,4368300
2018-12-17,70.66416911242813,71.10893684760453,67.59681510516495,67.89588165283203,3815000
2018-12-18,68.1489536852565,68.98480501475208,66.33921398320375,67.4281234741211,3899500
2018-12-19,68.44033981795388,72.88033567459203,68.23329598600797,69.47557067871094,4552800
2018-12-20,67.76553412170628,70.15040280937257,67.76553412170628,68.27164459228516,3320800
2018-12-21,68.73941736882557,70.30376894535418,67.31309698582933,68.072265625,5570500
2018-12-24,67.65817935995639,68.50936491290335,65.6490599107062,65.695068359375,1673500
2018-12-26,66.65362397658922,70.58751058105554,65.32699619088255,70.54149627685547,3065300
2018-12-27,69.01549018491671,71.3466807776691,67.84222778785563,71.22398376464844,1932400
2018-12-28,71.63806008702014,71.73775284862441,69.06915196580066,70.46479797363281,1803100
2018-12-31,70.8865560638296,71.53836764862642,69.8359851644536,71.08592987060547,1508700
2019-01-02,69.50626395545635,73.80055979298331,68.90813066547605,73.01838684082031,2385200
2019-01-03,73.3864610864647,75.06583970789187,72.33589581413244,73.73921203613281,2275500
2019-01-04,75.05050968347292,76.75288677396065,74.452370551095,76.63019561767578,2600800
2019-01-07,77.18997828014797,79.45981989277756,76.47681812968722,78.70064544677734,2267000
2019-01-08,79.89692028220315,80.93982130728101,78.73132226569753,80.4797134399414,3275400
2019-01-09,82.05174435505897,83.53941336786697,81.0625216883427,81.89070892333984,2257300
2019-01-10,80.66375061656365,81.84468271007293,79.88924202688591,81.38457489013672,1835500
2019-01-11,80.70977709488629,80.79412982402431,78.75433597470906,79.82791137695312,1531200
2019-01-14,78.62396046944622,80.8707977942519,78.33256390856704,80.14230346679688,1833700
2019-01-15,80.65609512331447,81.89070590483507,79.22977466578774,80.5257339477539,1245300
2019-01-16,80.31866375223869,81.97503773905332,79.67452221326425,81.00881958007812,1610100
2019-01-17,80.17297350802717,81.66063633087882,79.84323269435896,81.01649475097656,1259700
2019-01-18,81.9597066849131,82.09773786562526,80.82478884395903,81.96737670898438,1645700
2019-01-22,80.96283693562653,81.22355930336617,77.61174947925471,77.80345916748047,2429700
2019-01-23,78.74665149209513,79.13007076183868,76.69152397224913,77.70375061035156,1464900
2019-01-24,77.75743581843253,78.96904222003485,77.44302918172596,77.880126953125,2267500
2019-01-25,78.30189549067669,79.15308686533939,77.78044497151858,78.37857818603516,2364300
2019-01-28,77.28967450171773,77.665423832537,76.10107215764755,76.91392517089844,1631900
2019-01-29,77.5963995206719,78.07950573070933,76.43847160078816,76.80655670166016,1505100
2019-01-30,78.40157584545855,78.63162976278745,76.74520753243853,78.41691589355469,1287600
2019-01-31,78.67764898828167,80.21899640438252,78.08718576697261,79.07640838623047,2240300
2019-02-01,79.2910984103662,80.07327107003856,78.46291146446853,78.90000915527344,1274800
2019-02-04,78.4245917309979,80.32635429228775,76.95226282255643,80.17298889160156,2025300
2019-02-05,79.69750922465711,79.87388461777836,77.95678876021469,78.12548828125,2340800
2019-02-06,77.52738648697047,78.6393060418169,76.56116814805574,77.94915008544922,1347000
2019-02-07,77.36633625898135,77.64239858867103,74.8971153381533,75.11949920654297,1892700
2019-02-08,75.01215076796932,75.50292699836689,72.91101466592261,74.07660675048828,1908900
2019-02-11,73.72387549044727,75.24221875947121,72.74232284605472,75.04283905029297,1374200
2019-02-12,76.17776431816974,77.28201407298066,75.33424280014063,75.6716537475586,1580200
2019-02-13,76.17775233711957,78.2175460522187,75.92470001687134,77.4660415649414,1569200
2019-02-14,77.1439658622133,80.27266891138501,77.067283168467,79.62085723876953,1827600
2019-02-15,80.51806228420746,82.00573121190901,79.82023626949717,80.90148162841797,2132400
2019-02-19,80.1423011696205,81.2082063216038,79.13773865729111,80.36468505859375,2466600
2019-02-20,79.84644425768533,82.8637187797998,79.45488793901393,81.7274398803711,3395400
2019-02-21,80.66028343836501,81.71978836488954,77.5969447167871,78.41844177246094,2724800
2019-02-22,79.22457310652953,80.33781456900053,78.8023058717987,79.8694839477539,1874300
2019-02-25,79.37812614007429,80.90595574043496,78.96353806539076,80.83686065673828,1707600
2019-02-26,80.72936816821951,82.01919566409336,80.42994445109706,81.0057601928711,1854800
2019-02-27,81.45871748218568,83.10171096192583,80.86754933975563,80.99038696289062,1576500
2019-02-28,80.88292768582278,81.00577120570226,78.76392382791306,79.02496337890625,2404900
2019-03-01,79.23994177631441,81.33591415274577,79.23994177631441,80.45299530029297,1910600
2019-03-04,81.05183526379292,81.20538380740423,78.87141548550461,80.36085510253906,1459500
2019-03-05,80.70632711153071,80.70632711153071,78.5028703533052,78.78694152832031,1380800
2019-03-06,78.64876000117319,78.68714420539902,76.34549687758553,76.81382751464844,1680200
2019-03-07,76.98272319084653,77.28215276494284,75.0095948201387,75.0556640625,1711100
2019-03-08,73.60462026269704,73.75048962317857,71.30135694297253,73.32054901123047,1873600
2019-03-11,74.14203928546249,75.06334218657223,73.70441952881022,74.91747283935547,1398800
2019-03-12,75.2476027648779,77.55853905748235,75.2476027648779,77.15930938720703,1920700
2019-03-13,78.67946089765591,79.47792019127161,77.80421563282663,79.4011459350586,2119200
2019-03-14,79.26295256017774,81.47408870046196,79.26295256017774,80.00767517089844,2550900
2019-03-15,79.28599623034104,79.86949122856873,78.27256063210419,78.6103744506836,1755600
2019-03-18,78.94051633423562,80.33015008509324,78.29560537499847,80.26105499267578,1396200
2019-03-19,80.5604894797598,80.76778064205905,78.78697824869022,79.2169189453125,1330900
2019-03-20,78.89444658061426,81.6353296514683,78.84837733188044,80.75241088867188,1531300
2019-03-21,80.64491781616955,81.658353326248,80.12284462264424,81.3128662109375,1657700
2019-03-22,80.66028834514027,80.66028834514027,77.60462862254523,77.82727813720703,1412700
2019-03-25,77.60461392693729,77.78119415366054,76.17659031538791,77.52783966064453,1053200
2019-03-26,78.35699157611329,80.09211770375151,78.26486482114998,78.77925872802734,1353000
2019-03-27,78.75626753011811,79.48563205022974,77.68908911479552,78.57968139648438,880400
2019-03-28,77.94241225327842,78.92514265607613,77.54318260331398,78.72552490234375,2086300
2019-03-29,79.67756676700783,80.43764213622656,77.735148680392,77.95011901855469,1508800
2019-04-01,79.00191762179578,79.99999468441298,78.57965041924594,79.60844421386719,1414000
2019-04-02,79.76969332851391,80.27640825011655,78.62574076925017,78.6871566772461,1209100
2019-04-03,79.07102295187477,79.42418926822221,76.40691428252434,76.7447280883789,1491500
2019-04-04,76.7754313924532,77.18234024163311,75.85412855874398,76.652587890625,1751900
2019-04-05,77.2130495047367,78.96352836673125,76.82149317271146,78.65642547607422,1951600
2019-04-08,78.92514997562515,80.73705072061621,78.92514997562515,80.11516571044922,1577000
2019-04-09,79.68524958631123,79.9078991202761,78.47987511450329,78.95587921142578,1236700
2019-04-10,79.00960718339701,80.23033385339355,78.77159933910434,79.74665069580078,1208200
2019-04-11,79.31672255128338,79.36279180846833,76.65261326293475,76.71403503417969,3192700
2019-04-12,80.61419928828688,82.98655719859917,80.24567465709744,81.596923828125,3828700
2019-04-15,81.91939395271093,83.01728300334526,80.87524747696773,81.35125732421875,1716500
2019-04-16,81.80421512221763,82.46448422516887,80.95968078762888,82.04989624023438,2224300
2019-04-17,82.81767258538898,84.04607850355866,82.24953008901555,83.10173797607422,1890500
2019-04-18,83.8464356430012,84.06908506433639,82.31860642211456,82.36466979980469,1480600
2019-04-22,83.54702956136802,85.58157979515934,83.1324415023784,85.37428283691406,2347500
2019-04-23,85.37429017922368,86.60270195187553,84.56047235871804,85.84262084960938,2130300
2019-04-24,86.26487744220945,86.73320805457867,84.62956281938793,85.2514419555664,2721500
2019-04-25,85.31287529509234,85.95778621168249,84.0691109963094,84.153564453125,1261700
2019-04-26,83.44722262493032,83.53167607248483,81.16699125596024,82.31094360351562,1817400
2019-04-29,82.52593225808387,82.76394014395247,81.48178563540861,82.07295989990234,1224400
2019-04-30,82.47987723317065,83.15549917509803,81.2437918537617,81.68141174316406,1917800
2019-05-01,81.1439774436305,81.19004084062875,77.73514548570837,77.82727813720703,2127200
2019-05-02,76.675631146951,78.41843099196787,76.03071442935598,76.09981536865234,1780900
2019-05-03,76.7907756968698,77.9193753549559,76.5450945769633,77.13626861572266,1697800
2019-05-06,75.89253671219481,77.81960228844191,75.83879412755854,77.31288146972656,1715300
2019-05-07,76.42995476394489,76.9289904503558,73.56622820341856,75.41651916503906,2597600
2019-05-08,77.91939036237686,82.94818389284625,77.91939036237686,81.26679992675781,4557800
2019-05-09,80.58350437945099,84.15356365530468,80.30711231567511,83.10173797607422,3515200
2019-05-10,82.94819504463176,83.60078518366889,81.8656584120216,82.8330307006836,2279900
2019-05-13,82.24185253299298,83.63148610732271,81.15931602928775,82.30326843261719,1587100
2019-05-14,82.71783559053408,84.12282717762285,82.66409303101427,83.76966094970703,1661700
2019-05-15,82.67948048229415,84.78312608321538,82.47986268063687,83.7313003540039,1416400
2019-05-16,84.41459516211913,85.24377133195337,84.27639913381343,84.9366683959961,1044500
2019-05-17,84.26874036480423,85.5508890471073,84.26874036480423,85.2361068725586,1281200
2019-05-20,84.97504712522793,85.38963515484556,83.9309007967466,84.19194030761719,1390900
2019-05-21,85.14397138897294,87.63149421690322,85.02880704765636,87.3704605102539,2239300
2019-05-22,86.7485410558163,86.97119046552051,83.56236011453103,83.59307098388672,1444400
2019-05-23,81.89635495946028,81.89635495946028,78.13435747981559,79.8694839477539,2143600
2019-05-24,80.69861994519472,81.2908643525902,78.17582753640181,80.07561492919922,1389000
2019-05-28,80.2909839163082,80.66017581243491,79.01420725625337,79.621826171875,1428900
2019-05-29,78.1681459402126,78.73731704076837,76.98366281941871,77.9220199584961,2679600
2019-05-30,78.02200997552015,79.02189417672909,76.83752689289219,77.18363952636719,1645400
2019-05-31,75.62995923115906,77.09902176950915,75.07617440502104,75.42228698730469,1900500
2019-06-03,75.92223561230554,76.62984698292041,74.82235899289321,75.50689697265625,1950100
2019-06-04,76.37603640422009,76.87597553790305,74.73775518094499,76.24527740478516,1769100
2019-06-05,76.19145675333901,76.74524176466112,72.64569993128066,73.93017578125,2088700
2019-06-06,73.99937832739305,75.36845435218167,73.7686385397702,75.05310821533203,1450800
2019-06-07,74.56084078251685,75.92222343741241,74.43008180848254,74.62236785888672,1674000
2019-06-10,75.1453947006043,75.8145523446639,74.17627712133826,75.0684814453125,1750900
2019-06-11,75.86839934232515,77.66050711280995,75.3992208124024,76.72984313964844,1516200
2019-06-12,75.58379783614751,77.06824637459572,75.24537837897748,75.53765106201172,1551700
2019-06-13,77.15287628449752,78.12969300166199,76.55294456496978,77.04519653320312,1079900
2019-06-14,77.24516293783228,77.92970090118048,75.54535472461103,76.10682678222656,1093000
2019-06-17,75.706871180341,78.62962177093715,75.52996541522437,78.12967681884766,1256400
2019-06-18,78.64502288198004,81.11397595239067,78.64502288198004,80.40636444091797,1416700
2019-06-19,80.06791918699167,81.06780910838167,79.08341543749674,80.08330535888672,1205700
2019-06-20,82.15231134988467,83.21373437571125,81.19857393853698,82.75224304199219,1871900
2019-06-21,83.05220943104882,84.59049812986494,82.38305173454576,84.4443588256836,2484200
2019-06-24,84.54434332348117,84.78278205603154,82.35997624353439,82.79069519042969,1380200
2019-06-25,82.41383139066389,82.92146369102863,80.79862917225732,80.92938232421875,1302600
2019-06-26,82.00619367157532,83.85982897747834,81.18320924143194,82.47537231445312,1645400
2019-06-27,82.75993747040202,83.79059403281157,82.5753444547862,82.67533111572266,1005600
2019-06-28,83.41370891802018,84.25977246351283,83.02144949395301,83.81366729736328,1633900
2019-07-01,85.41346757293556,85.49038082094964,83.19832847425988,84.10591888427734,1467900
2019-07-02,84.0597863018501,84.06747938838183,79.96024552818659,80.12176513671875,1834000
2019-07-03,80.38327299627319,80.93705783502946,79.94486097694205,80.91397857666016,584800
2019-07-05,81.5446689087185,83.57521508020464,81.52928860604197,82.61378479003906,1355900
2019-07-08,82.2138374384426,83.22910772517423,81.31393997549752,82.2676773071289,804200
2019-07-09,81.89850385707496,82.2984563902758,80.86015415205826,82.27538299560547,1006300
2019-07-10,83.43678555400393,84.90584827947481,82.8599272646508,84.35975646972656,1097200
2019-07-11,84.2828420346062,84.42128825685305,82.85992611424506,84.0828628540039,1230900
2019-07-12,84.45204501898262,86.02109419977089,84.39051206770714,85.2442626953125,1243600
2019-07-15,85.23658162886984,85.55962086646115,81.79850524393187,81.84465789794922,1075200
2019-07-16,81.94463584529116,82.64455411899759,79.09879836514371,80.07561492919922,1652000
2019-07-17,79.83719597129038,80.72170739113717,78.22968102513265,78.29121398925781,1230500
2019-07-18,78.42964594593036,79.70642244449768,77.69895533320991,79.66796875,1418600
2019-07-19,79.88332399005259,80.81398784836728,79.25262592623167,80.4601821899414,1141900
2019-07-22,80.42173147438263,81.91387339333197,79.50645368687229,79.59874725341797,981600
2019-07-23,79.82179159037452,80.62170233723783,79.40645297942018,80.32942962646484,738900
2019-07-24,79.89102082042203,81.79080231856045,79.89102082042203,80.33712005615234,802700
2019-07-25,80.40633861215801,80.69092409014307,77.43744141107749,77.99122619628906,1127400
2019-07-26,78.20660494912016,78.82961005223352,77.12210849899783,78.44503784179688,1005500
2019-07-29,78.31428079335979,78.5219471946733,76.17606034885394,76.70677185058594,1186300
2019-07-30,76.33756484762654,79.437215156447,76.08374584331446,79.09110260009766,1311900
2019-07-31,78.82960706923708,80.75246804865719,78.52964122589603,79.55260467529297,1473000
2019-08-01,76.68369380922691,77.04519261365587,73.0917908940948,74.91466522216797,4983800
2019-08-02,75.2761500312128,76.24526756338123,72.93795080172261,74.98387145996094,2019200
2019-08-05,73.08410225768074,73.44560108412391,70.23057708356376,70.3382568359375,2350900
2019-08-06,70.60745535935351,71.53042625409957,68.29232916762969,70.03828430175781,2593600
2019-08-07,67.70008935906759,72.09959638638446,66.66943865154835,71.33045196533203,3916400
2019-08-08,72.33802293923506,73.45327981430438,71.91499123180586,73.2225341796875,4293900
2019-08-09,73.3302190007194,75.57612494681112,72.49954756827493,74.16089630126953,1676100
2019-08-12,73.88400371667568,75.22231909863842,73.27637898148456,74.51470184326172,1870000
2019-08-13,74.63008813279328,77.49130654408742,74.13783613387243,76.86830139160156,1796900
2019-08-14,74.8608476358395,75.45308641414302,73.96094983442305,74.0763168334961,1783100
2019-08-15,73.72795560564995,74.86081007219714,72.67987296174117,73.83584594726562,1531100
2019-08-16,73.95914780798664,75.40025694118573,73.65859532140595,74.95328521728516,1302500
2019-08-19,76.29422787756059,77.24983070166282,75.57752428958804,77.03404998779297,1109000
2019-08-20,76.47919073526486,77.45020993899251,76.05533739270246,76.51001739501953,1034000
2019-08-21,77.41167079346711,78.25938919011408,76.64873011606868,77.1419448852539,961700
2019-08-22,77.38854937688497,77.60433009538914,76.4021198753895,76.47148132324219,905500
2019-08-23,75.22300458564267,76.01677164243786,72.61050650103752,72.90335083007812,1817400
2019-08-26,74.43695819249157,74.55255667819395,71.75510389802923,72.05565643310547,1659800
2019-08-27,72.28684995168784,72.71070320624,70.41417338742512,71.18482208251953,1528600
2019-08-28,71.83213451120118,75.3308788481643,71.55470062512795,74.4677505493164,1760500
2019-08-29,75.1382485269418,77.08028067108316,75.1382485269418,75.97055053710938,1333000
2019-08-30,76.12467971917197,76.91074470715363,74.63732745246791,75.5852279663086,1703700
2019-09-03,73.43511351912592,74.9995294008458,72.33308567009631,74.75292205810547,1427100
2019-09-04,76.23257730476097,76.74120833109042,75.32321149249799,75.3848648071289,1160600
2019-09-05,75.83953217255402,76.98779694972417,75.18447615349544,75.25383758544922,1561800
2019-09-06,73.81272822541304,74.75292053785955,73.28097876486282,73.67401123046875,1623800
2019-09-09,74.49858917088953,75.22300064320146,73.39656157941948,74.39840698242188,2582100
2019-09-10,75.02265801098741,78.22085164325392,74.76064024640226,76.64872741699219,2724600
2019-09-11,77.06486716414358,78.12065796094214,75.36173430536594,76.07843780517578,1314200
2019-09-12,74.3598885894403,75.09971060776118,73.65089322349729,74.11328125,1575400
2019-09-13,74.45238086740596,75.19991114242285,73.62007875421703,74.54486083984375,1189600
2019-09-16,80.14746114539844,81.65022369004157,78.45973868788944,80.94893646240234,3985100
2019-09-17,80.72545098875285,81.14931012382054,77.3500118134625,77.41165924072266,2406400
2019-09-18,76.5639523809886,76.67955086977427,74.89935413305825,75.71623992919922,1550000
2019-09-19,76.74890995186583,76.94157214880846,74.70669536794087,75.00724792480469,1270700
2019-09-20,75.0226395922049,75.66998746977481,73.82813779698976,74.61419677734375,3524400
2019-09-23,74.48319176244377,76.4021052176656,74.32135625461372,75.74705505371094,1797800
2019-09-24,75.13825017906753,75.74706337324788,72.12501086250707,72.81859588623047,2268100
2019-09-25,72.0710663473139,72.36391662644736,70.18297931838252,71.85528564453125,2199000
2019-09-26,71.4776629206273,71.67032508483383,68.65708601444383,69.45085906982422,2467300
2019-09-27,68.58773689465578,70.05197065596394,68.51067319765707,69.35067749023438,1680800
2019-09-30,69.21197002461054,69.66665589487236,68.27948563934274,69.2890396118164,1125800
2019-10-01,68.54921033504172,68.96536140428952,65.5051498413086,65.5051498413086,3069100
2019-10-02,65.23540395644146,65.64384676613571,63.53227128756768,64.05631256103516,2013100
2019-10-03,63.439794182434255,66.73046120381484,63.439794182434255,66.19100952148438,2143400
2019-10-04,66.4453252668197,66.81523331357762,64.72677624919368,65.82880401611328,1328400
2019-10-07,65.78257458242348,66.00606341464281,64.24127715711755,64.24898529052734,1750400
2019-10-08,63.56312788608781,63.8636805057627,62.2453130095627,62.28384780883789,1900200
2019-10-09,63.06988798250428,63.49374712737988,62.22988370576565,62.846405029296875,1582500
2019-10-10,62.91576324874776,63.817420871838884,62.530438875161806,63.60934829711914,1334000
2019-10-11,64.34146327774835,65.25853718292564,63.93302037598873,64.45706176757812,1397300
2019-10-14,63.33189795258944,65.27392970784484,62.368587266938945,64.70365142822266,1244200
2019-10-15,63.97925547321782,66.22955425073367,63.701827337485184,65.3818359375,2119200
2019-10-16,64.76530021483788,65.86732779769225,64.22584274067658,64.29520416259766,1516900
2019-10-17,64.59579138212386,65.58992918128325,64.07945802367519,64.76533508300781,1900500
2019-10-18,64.93485283725784,65.40494895474636,63.146948316174075,63.170066833496094,1358600
2019-10-21,63.38584590752683,63.99465899322192,62.961986835339715,63.76346206665039,1284200
2019-10-22,64.20274789505584,67.10038895029045,63.83283977371398,66.03689575195312,1218600
2019-10-23,65.86734067706219,67.71689860233157,64.84237656736266,67.16973876953125,1333500
2019-10-24,67.78624346245384,68.12533069446476,66.3065997075397,66.97706604003906,1015200
2019-10-25,66.92313559286605,68.01746130213014,66.41451046791477,67.40093994140625,961600
2019-10-28,67.80168888058046,68.44903109687282,66.28350969481039,66.73818969726562,1213500
2019-10-29,66.12166809722235,68.07911083686345,65.83652593015508,67.75543975830078,1707800
2019-10-30,67.14661219791415,68.00203263716821,64.80383968568145,65.02732849121094,1786700
2019-10-31,64.73447723836564,66.10623069625507,63.84052211144611,66.0908203125,1409000
2019-11-01,66.6919280062729,67.35468624736538,66.12935196271039,66.88459014892578,1491200
2019-11-04,67.96348983950193,70.02882795570952,67.82477288096631,69.63579559326172,2150000
2019-11-05,70.12902613737627,71.50848790650754,69.42003080071359,69.53562927246094,2512500
2019-11-06,61.67501295178201,62.191346156551,58.96233218378591,59.494075775146484,13543100
2019-11-07,59.91793567872938,61.019963541187074,57.45186222127722,58.2302131652832,5583200
2019-11-08,57.68305392928925,58.97774397845715,57.220665885925634,58.13003158569336,2361000
2019-11-11,57.197554922824295,59.45555614382719,56.804522388224136,59.170413970947266,3207700
2019-11-12,59.964168137546956,61.30510098970101,59.41700831471361,60.11830139160156,2975600
2019-11-13,59.57885881397606,60.52675945629496,58.73885441643721,59.3476676940918,2145700
2019-11-14,59.377016748259265,60.26543282060365,58.61993015866901,58.93667221069336,1589300
2019-11-15,59.13753159255113,60.157277125442164,58.774439353102416,59.55469512939453,2195500
2019-11-18,59.245691485886105,59.26113958743977,58.17186866174941,58.504058837890625,1717100
2019-11-19,58.040532586720744,58.27229536508119,57.05941606546906,57.314353942871094,1618800
2019-11-20,57.3606907054236,58.85168263224597,56.53407896738037,58.164127349853516,1591600
2019-11-21,58.36498784588828,58.80533230540848,57.28343829272455,58.380435943603516,3014900
2019-11-22,58.37271751446708,59.16842727792384,57.893749793380664,58.195037841796875,1748100
2019-11-25,57.970988487880255,59.66284089686552,57.337510445652725,59.5855827331543,2119600
2019-11-26,59.732378456123534,59.948687213472546,58.76671015083573,59.56241989135742,2149300
2019-11-27,59.95643160685285,61.04570270640914,59.377030455564345,60.6594352722168,1881400
2019-11-29,59.86370317408179,60.55898547743343,59.26112714250074,59.74782180786133,946200
2019-12-02,59.9409575420264,60.636239869602974,59.29203129893582,60.16499328613281,1677200
2019-12-03,59.3847435046122,59.8250880403921,58.882594779326226,59.415645599365234,1800300
2019-12-04,59.7246374460355,62.637095672050606,59.608761991766364,62.235374450683594,2598900
2019-12-05,62.436252343957506,62.96157615994661,61.26972333166356,61.75642395019531,2013700
2019-12-06,62.08859338713985,64.52207209221689,62.05769130309835,64.29804229736328,2031900
2019-12-09,63.8190746001293,65.15555596531507,63.347828090378364,64.72293853759766,1781600
2019-12-10,64.7847382195335,65.37186604070715,64.31349174245555,64.47572326660156,1710000
2019-12-11,64.63795781756038,65.14783339786959,64.14353622730493,64.76156616210938,3193800
2019-12-12,64.82338434456928,67.10235917051797,64.76158015893714,66.64656066894531,1660500
2019-12-13,66.97102246669732,67.7899072090205,65.70406626786976,65.7349624633789,1272000
2019-12-16,66.15986995841502,67.92124809735344,66.15986995841502,67.74356842041016,2780200
2019-12-17,67.84398393252089,68.29978238180028,66.70063020538808,66.90921783447266,1904100
2019-12-18,66.92465668443515,68.14526251909528,66.90920858891985,67.27230072021484,1594900
2019-12-19,67.40364379450207,67.92124056152281,66.4534236439371,67.58132934570312,2108400
2019-12-20,68.11437074268046,68.90235929452771,67.3418361826574,67.99848937988281,4300900
2019-12-23,68.28432593597412,69.09548954175636,68.1375424907065,68.77874755859375,1980300
2019-12-24,68.9564599293772,70.23886467028369,68.77877432679557,69.66719055175781,745300
2019-12-26,69.89892383319425,71.11952385818606,69.86029475078298,70.54012298583984,1466900
2019-12-27,70.84140494929952,71.15041990042454,69.9916182541832,70.1229476928711,1342400
2019-12-30,70.58650675496791,71.173628958951,70.18478535858709,70.35474395751953,1790300
2019-12-31,70.12298606624623,71.93844768734134,69.99938355453924,71.73758697509766,1101500
2020-01-02,72.11610450985184,72.35559424633809,70.6791896668196,71.57533264160156,1822000
2020-01-03,73.39078248605925,73.97018340042287,72.1779034744169,72.93498992919922,2168500
2020-01-06,73.90066556702344,74.09379922460737,72.59508015568515,73.31353759765625,2018200
2020-01-07,73.12039418994577,74.58048397506919,73.12039418994577,74.48777770996094,2196900
2020-01-08,74.53413973606432,74.87405094730566,71.54442875496527,72.10065460205078,1991100
2020-01-09,72.06976577784269,73.11268648612365,71.09637036626009,72.73414611816406,1458900
2020-01-10,72.37103788383472,72.37103788383472,71.0036543047108,71.27404022216797,1684400
2020-01-13,71.0654719299167,71.15817822426152,69.77534027697384,69.8989486694336,2451800
2020-01-14,69.96847499307903,70.88779327003377,69.45860510165649,70.50152587890625,2048500
2020-01-15,70.12295365047412,70.85686495849492,69.19591461230836,70.54012298583984,1538700
2020-01-16,70.84915203389497,71.6448617802435,69.85258162826365,70.09979248046875,1586900
2020-01-17,70.21568071011302,70.80280875164583,68.99507442960109,69.17276000976562,1930400
2020-01-21,69.08004972623215,69.28091039350473,67.60451155111876,68.23026275634766,2215800
2020-01-22,67.8826386231601,68.03714323382243,65.88177031943619,66.00537872314453,2112200
2020-01-23,65.52636102572338,66.57700817627435,64.12807578749165,65.43365478515625,2058300
2020-01-24,64.90066607077165,64.90066607077165,63.24744166596793,63.996795654296875,1608500
2020-01-27,62.760710325876076,62.96157097561948,61.161563912315515,61.31607437133789,2338600
2020-01-28,61.995909783569935,62.119518164892966,60.80620563620983,61.122947692871094,2815100
2020-01-29,61.76413282196609,62.189029167656365,59.886873693320254,59.92550277709961,1379400
2020-01-30,58.913487799953145,59.593316097893904,57.453397938100494,59.09116744995117,3936700
2020-01-31,58.326356932396905,58.57356774588797,56.81991695861864,57.47657012939453,2437700
2020-02-03,57.32207178325351,57.561561545651216,56.016492161801025,56.45683670043945,2568400
2020-02-04,57.60018076925845,58.06370626760626,56.38730162238766,56.56498718261719,2249200
2020-02-05,57.90146843489157,60.52808736811459,57.692886677152046,59.79418182373047,2996200
2020-02-06,60.00276961534686,60.13409910172162,58.49632928581962,58.890323638916016,1309600
2020-02-07,58.17956260538648,58.4654024494548,57.0284880228966,57.35295104980469,1549500
2020-02-10,56.61134101659991,56.997608360756814,55.406188788901396,55.62249755859375,3973100
2020-02-11,56.49545481533726,56.75811965182331,55.68429699818497,56.01648712158203,1898200
2020-02-12,56.2945984124354,58.00189917081329,56.2945984124354,57.43794631958008,1999300
2020-02-13,57.35296550961787,57.88601625533775,56.93579612957245,57.5847282409668,2526600
2020-02-14,57.94009480313781,58.1409554487673,57.10575602341953,57.91691970825195,2084200
2020-02-18,57.561554571359174,58.38043935951076,57.07485400227409,57.60017776489258,2282400
2020-02-19,59.77099991845577,61.77958855834105,59.63966456627812,61.25426483154297,4359300
2020-02-20,62.11179387158856,63.031106198319556,60.45084301257635,60.6285285949707,2429400
2020-02-21,59.72464801310436,59.72464801310436,58.349537368757375,59.021644592285156,2015200
2020-02-24,56.54953186080317,56.63451114057256,54.35553636777512,54.91176223754883,2522700
2020-02-25,55.12806152848181,55.35209723725096,51.288564180554275,51.883419036865234,3401300
2020-02-26,51.92205154005985,52.30831885331186,48.73920970401921,48.777835845947266,3366500
2020-02-27,46.68426395524904,48.30658536144457,44.52116776465982,45.950355529785156,4306000
2020-02-28,44.13491225526893,47.997586107020446,44.03448190996723,47.89715576171875,4762200
2020-03-02,48.771530847727156,48.79484696549403,46.33101169084934,48.29741668701172,3284100
2020-03-03,48.26633545008086,49.92961936218568,47.45801258101196,48.0020751953125,3101200
2020-03-04,48.56168434245763,48.66272580981114,46.43983131754659,47.465782165527344,2453500
2020-03-05,46.750728560474116,46.836221996977905,44.43456356437907,45.242889404296875,2460900
2020-03-06,43.17544518493749,43.470795599194226,36.91869800992371,37.74256896972656,6880600
2020-03-09,22.58646555374486,22.92844962424592,18.163996168167724,20.892091751098633,19434300
2020-03-10,23.317066888556603,24.778269094624108,20.200352103224436,23.06835174560547,11259800
2020-03-11,22.003541224005204,22.003541224005204,19.43866412680847,20.363574981689453,7510100
2020-03-12,18.38939614453367,20.58897306852604,17.53443659658602,19.912778854370117,7646900
2020-03-13,21.661559997094248,21.90250265329701,19.702925642418922,21.133039474487305,6709900
2020-03-16,17.74429339225971,21.20299332205625,15.731252536057353,18.25726890563965,5636300
2020-03-17,18.404942154042168,18.653657348157417,15.482535658269034,15.723478317260742,6335400
2020-03-18,14.285589649120066,14.697525050038431,11.308778107190491,12.093786239624023,7658200
2020-03-19,12.342500862755502,15.047281014747265,11.86838743488639,14.526533126831055,7577400
2020-03-20,15.03173730380984,16.174273153902313,13.609396150650095,14.448810577392578,8186000
2020-03-23,14.526534536168448,16.702793736604914,13.593851174576058,15.832290649414062,6731200
2020-03-24,17.293497491306816,19.182180825303767,17.161367338816422,18.746929168701172,6282000
2020-03-25,19.119995299664573,20.184807199338913,17.231312629230867,18.785783767700195,5472600
2020-03-26,18.778009667902246,20.845455991030985,18.63033450697617,20.169261932373047,5156700
2020-03-27,19.25989650128512,19.29875768386161,18.109586818036398,18.5526123046875,3532600
2020-03-30,17.689882161608825,18.568157723808156,17.099182936805878,18.33498764038086,4627000
2020-03-31,19.143313744428614,21.20298943917742,18.910143638305048,20.363574981689453,5978800
2020-04-01,19.578565173645796,19.912776718746365,18.42048430786285,19.48529624938965,5043300
2020-04-02,20.66669803382854,25.788681577072815,20.550112971641056,22.578697204589844,10438900
2020-04-03,24.265297661765974,25.55551026856424,21.599380495424008,24.552875518798828,9649600
2020-04-06,25.026989874515813,25.252388936768522,23.029492900879163,24.949264526367188,5645200
2020-04-07,26.153982798108874,29.612679331791224,25.24461547667182,25.65654945373535,6543400
2020-04-08,26.620323497120708,29.270697192397865,26.169525354884268,29.130794525146484,5067400
2020-04-09,31.38477801290412,31.86666331084201,25.827541639801932,27.094436645507812,8914200
2020-04-13,28.718853430089627,28.90538829695883,25.43114749356701,25.710952758789062,5231200
2020-04-14,25.48555794394227,26.324970913039987,24.17202926649648,24.59950828552246,5110200
2020-04-15,22.912905728077842,23.69014134829046,22.228939034572825,23.495832443237305,5506700
2020-04-16,23.697914324575077,23.70568685881735,21.342889817702293,21.78591537475586,5225200
2020-04-17,22.057947414584966,24.545102123635477,21.972452499917548,24.49846839904785,5523300
2020-04-20,22.539832126128772,25.244611625474008,22.190075517394803,23.985490798950195,4717700
2020-04-21,22.90513580317132,24.514014965549364,22.656420613564897,24.405200958251953,4822500
2020-04-22,25.804228623186354,26.93122110303145,25.633235801922908,26.6125545501709,4612900
2020-04-23,27.552999071114716,29.402820391502008,27.08665599211084,28.83543586730957,5175800
2020-04-24,29.441684804780536,30.693034571646674,27.327603063743663,27.80948829650879,5357000
2020-04-27,27.063344821436147,28.563409847921864,25.74204363684786,28.15147590637207,3587000
2020-04-28,29.255146879337477,29.760351194420718,27.825033287551236,29.53495216369629,4282800
2020-04-29,31.120516433805264,34.392677839871276,30.801849932868745,34.34604263305664,5239400
2020-04-30,34.346044628390885,34.703575304903055,31.734535158348898,33.840843200683594,5484800
2020-05-01,32.72939335270306,33.211278620473024,30.281099894907154,31.307050704956055,3825500
2020-05-04,30.187833839784552,33.071377492406064,29.752580792911587,33.04806137084961,3596000
2020-05-05,35.39531612829153,35.659576397122855,30.95730078740351,31.345918655395508,5252200
2020-05-06,31.51690842834439,32.465136972827985,30.234471245885413,30.25001335144043,2879900
2020-05-07,31.27596231395369,32.37963545921557,30.902886611273992,31.37700080871582,2376700
2020-05-08,32.30191468188689,33.02474407359194,31.633491548489218,32.706077575683594,2804900
2020-05-11,32.558405975836294,33.032520270577535,31.80448632912192,31.882211685180664,2340700
2020-05-12,32.34855182585351,32.56617985698385,31.120520854480077,31.765625,2651300
2020-05-13,31.487142861166603,31.487142861166603,29.18875373323544,29.643726348876953,3626200
2020-05-14,29.22798112016107,31.000801913099576,28.090555319392276,29.949661254882812,2732800
2020-05-15,30.106552781295157,31.204757674791068,29.81631028756968,30.420324325561523,2701900
2020-05-18,32.71870981136946,34.2405122162357,32.48338043720339,34.07577896118164,2908600
2020-05-19,34.334634726644346,34.67194117526553,32.804989690958074,32.8206787109375,2503800
2020-05-20,33.565892292695416,34.53858763852227,33.47960417490639,34.248348236083984,2104300
2020-05-21,34.22481853731344,34.703323228714645,32.99325875405539,33.64433670043945,1616800
2020-05-22,33.393327544834875,33.73063412547973,32.459852933501296,33.68356704711914,1773800
2020-05-26,34.89942900502507,35.64463803625367,34.342479244671715,35.221046447753906,2680900
2020-05-27,35.62895341839619,36.225124307899904,33.57373933509414,34.750389099121094,2796200
2020-05-28,34.98572179768471,35.07985594231508,33.33841316753322,33.74631881713867,1983000
2020-05-29,33.40900802341054,33.94242280552246,32.56181878392397,33.40116500854492,4327500
2020-06-01,33.18152486521828,34.56212901887043,32.45984773355374,34.30326461791992,2103300
2020-06-02,34.71117021294391,35.856442003494706,34.65626012657334,35.77799987792969,1941800
2020-06-03,36.53890052661743,37.51159603577231,35.79368837520629,37.323333740234375,2014500
2020-06-04,37.10368612079419,37.950875330005395,36.240810882412305,37.401771545410156,1697800
2020-06-05,40.46106287642073,41.896573969384356,39.68447274966176,40.95525360107422,4400900
2020-06-08,43.371308320130865,46.979699508223774,42.422144954409134,46.92478942871094,4506800
2020-06-09,44.90879854082165,44.924487563152354,41.81028695132052,42.296634674072266,4396800
2020-06-10,41.135682628748,41.825984795012936,39.34717559909068,39.355018615722656,2612300
2020-06-11,35.221049450977866,37.48021475685987,34.69547768714335,34.797454833984375,3623300
2020-06-12,37.464517055883256,38.22541798876447,34.828824809601315,36.836971282958984,2637300
2020-06-15,34.42092672960003,38.49213361447143,33.85613391602253,37.74692153930664,2998500
2020-06-16,40.4140025344625,40.6807099666503,37.684175106856685,39.1981315612793,2151500
2020-06-17,39.07261547822498,39.10399052937717,36.47614072766724,36.51536178588867,2263800
2020-06-18,36.421232298174495,37.62926009733801,35.88781750354061,36.5467414855957,2401200
2020-06-19,37.40177493812648,37.80968055818765,35.84075156505344,36.65656280517578,5432500
2020-06-22,36.75069754070699,36.83698567927665,35.33871825171606,36.1545295715332,2671400
2020-06-23,36.98602667049436,37.37824327148634,36.05254924501331,36.32710266113281,2740100
2020-06-24,35.69171038091071,35.69171038091071,32.75008589896752,32.86775207519531,4372000
2020-06-25,32.765764949231006,34.24049974518712,32.028399047440075,34.21696472167969,3468600
2020-06-26,33.612955751693065,33.71493288835199,31.73031818476681,32.26373291015625,3699000
2020-06-29,31.691092778595188,32.85989621317876,31.314562324533807,32.49905776977539,2680100
2020-06-30,31.997031244505237,33.07170390066026,31.25181909908196,32.804996490478516,2632400
2020-07-01,33.2285880774299,33.61295863785051,31.000797854331555,31.06355094909668,4343000
2020-07-02,32.1068499650136,33.36978785054304,31.628345251378217,32.601043701171875,3305900
2020-07-06,33.47176045022706,33.83260196670576,32.39708789262457,33.63649368286133,2497900
2020-07-07,32.93834664792407,33.2913391432616,31.46361160613428,31.471454620361328,2133100
2020-07-08,31.589121114499346,32.216666992417025,31.25181464404832,31.557743072509766,2738300
2020-07-09,31.41655260892236,31.72248111268622,29.31427115615341,29.416248321533203,3235300
2020-07-10,29.314266142535114,30.59289302209271,28.953427609675305,30.537982940673828,2557200
2020-07-13,30.679176766846965,31.134146375401258,28.945580461323992,29.10246467590332,3915700
2020-07-14,29.14169201057986,30.92235258447539,28.86713861933336,30.812532424926758,2776800
2020-07-15,31.283190603462742,31.534208937919097,29.91827579152855,31.298879623413086,3706300
2020-07-16,30.655645073118443,31.79307060330598,29.941808123942685,30.992948532104492,1651600
2020-07-17,31.055710129482023,31.636192007057684,30.349719061129885,30.608583450317383,1904100
2020-07-20,30.632109223668056,31.463609312740342,30.247738714689728,30.263427734375,1623700
2020-07-21,31.557746910475927,33.589428994579656,31.50283682650354,33.0324821472168,3450300
2020-07-22,32.444153829607245,32.859902419337885,31.667563735947837,32.71086120605469,1267800
2020-07-23,32.31079448357815,32.85989818699558,31.85582489551762,32.2166633605957,1257200
2020-07-24,32.459833746068,32.844204185491286,31.628333807462578,31.949951171875,1026000
2020-07-27,32.161755978049825,32.24019808836348,31.134147575642608,31.41654396057129,1231600
2020-07-28,31.094933905583446,31.596970712524687,30.404631799851533,30.49876594543457,1534200
2020-07-29,30.62426695185531,32.02055682154851,30.326181555363362,31.97348976135254,1644400
2020-07-30,30.88312838373118,31.33810098970589,30.192829453277618,30.992948532104492,1717900
2020-07-31,30.92235126045771,31.432233970672932,30.687021929733294,31.26750373840332,2380400
2020-08-03,31.275346015953605,31.879359845754404,30.459537888152592,31.38516616821289,2151000
2020-08-04,31.196901049891597,32.51474874114364,30.804684546361216,32.2166633605957,2728200
2020-08-05,33.063854183120995,33.934572353147914,32.18528701450661,32.655948638916016,1973900
2020-08-06,32.24019050259499,32.71085203085945,31.651865836544903,31.949951171875,1706300
2020-08-07,31.604806355204808,33.10307326868771,31.29887796333583,32.95402908325195,1584200
2020-08-10,33.150142799839685,35.20535975759596,33.150142799839685,35.040626525878906,2869300
2020-08-11,35.840756689815855,36.82914433154552,34.671952739086656,34.86806106567383,2717200
2020-08-12,35.68684983902818,36.2010677596843,34.88782979723985,35.25965118408203,1702400
2020-08-13,35.164714274524,35.59982261401734,34.71378342950653,35.26755905151367,1508000
2020-08-14,35.12516178946569,36.240622849407444,34.88782720910122,36.00328826904297,1775400
2020-08-17,35.84507459549853,36.2327155013937,35.08560925694912,35.66312026977539,1712400
2020-08-18,35.31502581403417,35.86089172718781,35.06978450727545,35.19636154174805,1604500
2020-08-19,35.16472232227757,35.42578617858658,34.17583813446232,34.254947662353516,1057500
2020-08-20,33.55876845008933,33.86730281582185,32.134775988649906,32.1426887512207,2567000
2020-08-21,31.652195101144798,31.944906913543722,30.900645738167928,31.019309997558594,2582500
2020-08-24,31.35949166044152,32.34837574669578,30.971850788617303,31.68384552001953,1722200
2020-08-25,32.06357549030921,32.64108341370796,31.691757139418556,32.48286437988281,1653300
2020-08-26,32.419577204921595,32.72019882774561,31.114251953991197,31.16171646118164,1318800
2020-08-27,31.438603334836476,31.739221915962712,30.979759682852247,31.46233558654785,1690400
2020-08-28,31.612647287686414,32.10313599124373,31.343670682386712,31.755046844482422,1239000
2020-08-31,31.77086629927735,31.802511312820595,30.813627273353752,30.821537017822266,1819300
2020-09-01,30.6949627964545,30.987671653986713,30.20447711289122,30.441808700561523,2169400
2020-09-02,30.164924273242953,30.251946565094922,28.67764160173174,28.73301887512207,4058600
2020-09-03,28.76466027680871,29.21559117076572,28.068485047362838,28.29790687561035,3410700
2020-09-04,28.661813594112274,28.82794538241309,27.672929590653386,28.1080379486084,2883800
2020-09-08,27.451423343157582,27.562177880002654,25.252144551645824,25.30752182006836,3869100
2020-09-09,25.79800873618076,25.79800873618076,24.9594339377539,25.465742111206055,4372900
2020-09-10,25.49738518536942,25.49738518536942,23.796504974365234,23.796504974365234,2852300
2020-09-11,23.851885944900292,24.12086256060117,23.037046352263072,23.432600021362305,3425800
2020-09-14,23.9309942469427,24.904055799636904,23.53544062302629,24.57179069519043,3083900
2020-09-15,24.67463719702901,25.093923101809256,24.018018196056385,24.128772735595703,2517700
2020-09-16,24.42939110224181,26.802714350100075,24.207882038981076,26.03533935546875,3570800
2020-09-17,25.362902453186294,26.75525004628423,25.165124108907236,26.731517791748047,3290200
2020-09-18,26.494187236218135,26.89765066839663,26.098633549918187,26.715696334838867,4801000
2020-09-21,25.75053958096073,25.940406642887407,24.54805774523458,25.378721237182617,2850900
2020-09-22,25.608142925886895,26.185650903343337,24.476860733619777,25.00690269470215,2702700
2020-09-23,25.006900303224675,25.331254150443975,23.62246263521931,23.65410614013672,2398000
2020-09-24,23.630375434719056,24.46894874027853,22.823445636147298,23.72530746459961,2031200
2020-09-25,23.416774572045583,23.84397169639309,22.815532889441748,23.65410614013672,3254500
2020-09-28,24.37401690197084,25.33916732065118,24.255351101882543,24.911970138549805,2581200
2020-09-29,24.5796999294888,24.76956547230093,23.938903533883217,24.682544708251953,2002600
2020-09-30,24.77748150752066,25.13348041207828,23.72530881161618,23.828153610229492,2935100
2020-10-01,23.74113212723842,23.74113212723842,22.617759612247962,23.01331329345703,4321700
2020-10-02,22.28549335662391,24.500593258188204,22.19055981390888,24.105039596557617,3746800
2020-10-05,24.524325367346872,24.745835946133163,23.915172407372605,24.42148208618164,2377900
2020-10-06,25.022723704535604,25.65561046175985,22.965845893079806,23.108243942260742,3605300
2020-10-07,23.456326222330237,23.630370757524705,22.878818376625386,23.313926696777344,3222600
2020-10-08,23.61455228662422,24.642991132983337,23.337664440629887,24.619258880615234,2542400
2020-10-09,24.919877779289376,25.20467686533479,24.06548203007043,24.279081344604492,2767900
2020-10-12,24.002192048153926,24.93569876533479,23.393039155225093,24.682544708251953,1891700
2020-10-13,24.38983845100065,24.880325650021366,24.033839555830983,24.057573318481445,1866100
2020-10-14,24.279083114787362,25.62396460034255,24.11294979950903,24.120861053466797,2691400
2020-10-15,23.662018374154982,24.23161506652832,23.10824268043732,24.23161506652832,2778900
2020-10-16,24.14459520327348,24.199972472950208,23.10033380674824,23.171533584594727,2778000
2020-10-19,23.48006713195072,23.487978386771,22.158917755314537,22.18265151977539,4017700
2020-10-20,22.459528645409836,23.005392931890437,21.81873235801249,22.506996154785156,2940000
2020-10-21,22.317136836791253,22.499092667689283,21.76336261655683,21.92158317565918,3020000
2020-10-22,21.969051060931402,23.258555353400563,21.905762534471275,23.076601028442383,3398000
2020-10-23,23.17944292896089,23.464242035422306,22.64940098577847,22.965845108032227,2758800
2020-10-26,22.578204866559343,22.736425433824646,21.549764389205922,21.779186248779297,2738100
2020-10-27,21.636784295876367,21.707984071414927,20.924788049408157,21.01972007751465,4581200
2020-10-28,20.17323509195785,20.624165987880723,19.390039087104864,19.461238861083984,5808200
2020-10-29,18.986579256232638,20.27608376679463,18.693868828775244,20.204885482788086,4695000
2020-10-30,20.0862128113375,20.56087746824167,19.65901567636589,20.53714370727539,3394700
2020-11-02,20.924789277453723,22.317136836791253,20.1178594466041,21.92158317565918,4311300
2020-11-03,22.712685359041203,23.31392696899751,22.032334241891462,22.245933532714844,4269200
2020-11-04,22.18264695802993,22.80762087113412,21.280783709909326,21.4548282623291,3972000
2020-11-05,21.597227502073384,22.016514891290562,20.695365712383712,20.72701072692871,3870000
2020-11-06,20.632080714393823,20.845680072284917,19.43750837190219,19.571996688842773,4655900
2020-11-09,22.3487830380436,26.58120622926472,22.158917451710856,25.631879806518555,10946900
2020-11-10,26.76440315382118,27.052537180937293,25.211684628240047,26.996511459350586,5136900
2020-11-11,27.292644570428788,27.39669363508015,25.996044657500352,26.29218101501465,4373600
2020-11-12,25.451794098406836,26.604330152469423,24.923549424685714,25.33974266052246,2862200
2020-11-13,25.731928206597825,27.372688103581382,25.715920420630546,26.89246368408203,3066800
2020-11-16,28.373142822292447,29.061462134552464,28.08500887267923,28.757320404052734,4228600
2020-11-17,28.028982044689908,29.901849589068174,27.772863667097315,29.861831665039062,3521400
2020-11-18,30.21400555577175,31.894783451512332,29.709770965780336,30.206003189086914,5090200
2020-11-19,29.677749345168937,31.73470196096616,29.18151727403221,31.566621780395508,6155600
2020-11-20,31.526606578142466,32.01483327407977,30.89431288821801,31.88677406311035,3236500
2020-11-23,32.59910524619714,35.848612085262324,32.49505617796153,35.60850143432617,5003500
2020-11-24,37.2412540446446,37.81752202392917,36.01668764183731,37.7294807434082,5386400
2020-11-25,37.06516956269716,37.73748109724871,35.368381418770085,36.328826904296875,4276800
2020-11-27,35.70454236765092,35.816593792684706,34.01575946791285,34.83213806152344,3677400
2020-11-30,34.26388554359699,34.64806327890596,31.83875920052264,31.982826232910156,16587200
2020-12-01,33.23140218583347,33.55955415296415,31.646668072384816,31.8947811126709,4307200
2020-12-02,31.686677614048186,33.903704922904765,31.454569367453672,32.43102264404297,4252800
2020-12-03,32.87924223973095,34.07979874317087,32.49506147183787,33.543548583984375,3509900
2020-12-04,34.49598051794861,37.929572008511435,34.49598051794861,37.79351043701172,6387500
2020-12-07,37.12920113813821,37.73748465943121,36.12873763235447,36.52892303466797,3446900
2020-12-08,36.02469154205302,37.601423134139,35.79258630999183,36.92911148071289,3125200
2020-12-09,37.43334864605147,38.673922973058346,36.92911410683141,37.88155746459961,4312000
2020-12-10,37.71347441767655,40.96298123852099,37.71347441767655,39.97052001953125,4896100
2020-12-11,40.07456707575051,40.25064963475891,39.01807782804493,40.10658264160156,2533300
2020-12-14,41.06702484313362,41.24310433438404,37.54539227371502,37.57740783691406,3596800
2020-12-15,38.29774801624687,38.92203942166797,36.9931455905574,38.54586410522461,2919900
2020-12-16,38.77796461830643,38.81798254637959,37.62542874949711,38.13766860961914,2818500
2020-12-17,38.56986135280617,38.63389247170393,37.27326172684439,37.9295654296875,2430500
2020-12-18,37.60141752929287,38.23371115557445,36.32082554849536,36.688995361328125,6740600
2020-12-21,33.82367053061776,36.208778332993084,33.61557545453321,36.03269577026367,6601700
2020-12-22,36.040703197926256,36.128744491658075,34.98421377949026,35.25634002685547,3080500
2020-12-23,35.920647003963374,38.729947531852,35.712548859276694,38.257728576660156,4810500
2020-12-24,38.233715580294685,38.76996258019628,37.25726217370079,38.61789321899414,1609100
2020-12-28,38.93804072400797,39.02607894753031,37.7775024509075,38.12166213989258,2515600
2020-12-29,38.33776665926772,38.72994668361672,36.96913012384655,37.617431640625,2121700
2020-12-30,37.513381474632006,39.722406765152726,37.40933546077974,39.43427276611328,2914400
2020-12-31,39.21817837177061,39.71440752893314,38.617900131386364,38.73795700073242,2210900
2021-01-04,39.21817029061618,40.09057460900372,38.06563740570748,39.17014694213867,2820800
2021-01-05,39.842459978309556,44.78074971570521,39.6663804672798,42.955902099609375,6028500
2021-01-06,43.916343184477945,46.25342741464524,43.155990344257255,45.076881408691406,4451400
2021-01-07,45.9893148599124,47.277912600494645,44.9568355835632,45.453067779541016,3259900
2021-01-08,45.789217957266374,46.74166127191797,44.52463353669654,45.42905044555664,2749400
2021-01-11,43.772271030110296,46.90972565755976,43.30005221066657,46.6616096496582,2167500
2021-01-12,47.477997223495876,50.527411174157265,47.069809445034814,50.319313049316406,4213900
2021-01-13,50.18325182115308,50.223269752153776,48.99069793702878,49.25482177734375,2484200
2021-01-14,50.01517193668131,51.27975619536541,49.25481907666902,49.56696319580078,3008600
2021-01-15,48.87864409647492,48.94267522545362,46.7576602732258,47.41396713256836,2840000
2021-01-19,48.42243523102339,48.910661925992535,47.862175039203514,48.03825759887695,1922800
2021-01-20,48.310387121485974,49.33486087757564,47.95021961249426,48.51848220825195,2348200
2021-01-21,48.10227783131054,48.89464616741922,46.02131523333295,48.64653015136719,4382700
2021-01-22,46.92573763396114,51.21572531564335,46.26943386731878,51.01563262939453,4518300
2021-01-25,49.90312180467342,51.944069936323764,47.58204814699822,49.08674621582031,3581000
2021-01-26,49.879114111166665,51.31177875112006,47.49400920188703,47.71010971069336,2928500
2021-01-27,46.229428066470376,48.15031970643213,44.92482552205967,45.29299545288086,4006700
2021-01-28,46.341480382592415,48.55050291631638,45.63715307412947,48.2703742980957,3635000
2021-01-29,47.85417554118374,48.75059006989523,45.1089031846555,45.373023986816406,3138200
2021-02-01,46.71764262737115,47.02178438551891,45.100893248926674,46.40549850463867,1934800
2021-02-02,47.94221918636508,48.406432730931535,46.65362152049843,46.757667541503906,1886200
2021-02-03,47.37395377403442,51.50386760942722,46.933750377569005,50.8875846862793,4214000
2021-02-04,51.79999456061822,52.73642684807487,50.46337385546849,52.30422592163086,2928500
2021-02-05,53.360720825095065,53.360720825095065,51.41581949840238,51.58389663696289,1912800
2021-02-08,52.80046994570111,55.70581415269687,52.54435149858037,55.1695671081543,2660700
2021-02-09,54.82540415170294,54.94546100250123,53.24066715512465,53.60083770751953,2409400
2021-02-10,54.05704927013399,55.94592501105793,53.37673525218527,55.12954330444336,2186400
2021-02-11,54.69734967117202,55.40968545898358,52.472319330742735,54.24113845825195,1815400
2021-02-12,53.608839346560735,55.78584281255179,53.3287046789989,55.321632385253906,1991300
2021-02-16,56.466175295721726,57.74676764730998,55.08953622788461,55.20158767700195,2524100
2021-02-17,55.36164656413396,56.178028196644135,53.94499294020573,55.0975227355957,1951300
2021-02-18,54.6093031577434,54.953462850956726,51.775989752152356,52.13615417480469,2338300
2021-02-19,52.384261846811086,53.58481794205972,52.160159019379726,52.480308532714844,2293800
2021-02-22,53.920987934997655,56.650249437777326,53.048580507760846,54.74536895751953,3405900
2021-02-23,53.66487112047402,57.18649818443455,50.46338447726789,56.8343391418457,5421100
2021-02-24,57.506637114121396,59.70765667462694,56.54619465752939,59.06736373901367,2798400
2021-02-25,59.70766029962542,59.92376383460254,55.26560603526912,55.27360534667969,2740600
2021-02-26,55.01750213355263,56.170038354886245,52.24021372074506,55.449703216552734,2530500
2021-03-01,56.79431353944662,59.60361687119964,56.3621125571504,58.955318450927734,3159600
2021-03-02,58.499105967840634,59.33949785276256,55.93792153835201,56.8343391418457,2592800
2021-03-03,58.00950247651069,62.80673548767647,58.00950247651069,59.91712951660156,3671300
2021-03-04,60.79445580804777,66.6944091986615,60.77836041478871,65.40656280517578,5757800
2021-03-05,67.61202017553066,71.43531893545651,66.46905654638844,68.63424682617188,6585400
2021-03-08,69.94624117024868,70.63040914747837,65.85732256287169,67.74884796142578,3194400
2021-03-09,66.80710681453802,67.29809929565477,64.33604901293897,65.22144317626953,3557600
2021-03-10,65.26168826560325,66.60587792328151,63.418455378306376,65.14900207519531,2816800
2021-03-11,66.24366301876893,69.19766196127468,65.53534291244716,67.64419555664062,2355000
2021-03-12,67.20150197638907,68.32031918947675,65.74462621134752,66.01024627685547,2146300
2021-03-15,66.42075842534918,67.94203453709045,65.71244423046298,67.84544372558594,2132400
2021-03-16,66.00219987546122,66.80710475199122,63.949689983934924,66.07463836669922,5632100
2021-03-17,65.30192709070984,66.77490441343944,63.59553276971896,65.52730560302734,2594400
2021-03-18,64.68215809262655,65.68023844665443,60.01370722799092,60.50469970703125,3535700
2021-03-19,60.778376247770495,63.61163905151406,59.77224503123779,61.01984405517578,9425400
2021-03-22,61.21301220550711,61.72815078378441,59.69978725849832,60.61737823486328,2663300
2021-03-23,58.1060720477492,60.59322461409639,57.42994890891037,58.05777359008789,3744100
2021-03-24,59.788344416214244,62.299650310906486,59.74005207969989,59.87688446044922,2555300
2021-03-25,58.03363194826456,59.85271842471389,55.9650269613988,59.401973724365234,3060000
2021-03-26,61.703992389106475,62.26742317834974,59.13634463326568,61.00372314453125,2158200
2021-03-29,60.12637417202749,61.04396497066403,58.50852026655178,59.75611877441406,1857300
2021-03-30,59.15244262657622,60.94738274717075,58.452179492125836,59.949302673339844,1567600
2021-03-31,59.876881537352915,60.52080798381944,58.86269953349633,59.1524658203125,2509100
2021-04-01,59.70783641148443,65.38241752746012,59.61929639502428,65.3743667602539,4710600
2021-04-05,65.11679136489796,65.19728060659554,60.49664011297893,60.689815521240234,3868400
2021-04-06,61.575215103734386,63.539184713972645,60.56908413798709,60.73811340332031,2533100
2021-04-07,60.391987260124246,61.91325636472652,60.263205725716816,61.422264099121094,2096400
2021-04-08,60.85886837227351,60.874963770480655,59.22491218251268,60.52885437011719,3255900
2021-04-09,60.93128417466275,61.60740732528177,59.59514554750644,60.20687484741211,1823800
2021-04-12,60.802522462564305,61.64766900055846,58.94319393803956,59.46637725830078,1633600
2021-04-13,60.12639936174909,61.8649970607666,59.57101910312208,60.9796028137207,1941400
2021-04-14,61.87303905461782,65.53535249818971,61.87303905461782,64.66605377197266,2961400
2021-04-15,63.71626458300632,64.36018471487073,62.72622901323941,63.65187072753906,1816900
2021-04-16,64.03017955740732,64.30384424287357,62.32377916371375,62.41231918334961,1588200
2021-04-19,62.78257256470841,64.31994363541662,62.009864716208945,62.51695251464844,1754400
2021-04-20,62.17890024435225,62.186951012389855,58.85464539348203,59.78028106689453,2708500
2021-04-21,58.92707969632695,61.043977110496584,58.22681030928995,60.5771369934082,1693000
2021-04-22,60.83470892282194,61.293504433283026,59.28929311294633,60.59323501586914,1292700
2021-04-23,61.07618997665385,61.73621183952531,60.166649525665704,61.27741622924805,1147400
2021-04-26,60.810547186383936,62.99183799438672,60.810547186383936,62.3479118347168,1192000
2021-04-27,62.44451439728997,64.0704193532492,62.219142041111084,63.84504699707031,1302400
2021-04-28,64.35216282650607,68.07887751667866,64.24752737011741,67.35446166992188,2791100
2021-04-29,68.416921371822,70.50967303265494,67.26590703722327,67.88568115234375,2104800
2021-04-30,67.03248052902786,68.48935646421562,65.48706456166367,65.78488159179688,1718100
2021-05-03,67.19347626396008,68.05472442166807,66.01026485812221,67.5476303100586,1988800
2021-05-04,67.48321267272743,68.00640199911652,63.032090296728974,63.74845504760742,4645800
2021-05-05,64.44873187423177,69.3023071959508,63.3862577050044,66.90369415283203,4667800
2021-05-06,67.14515198970717,67.23369200245158,64.26359154441957,66.20341491699219,2412900
2021-05-07,64.87531478557793,67.99834881668727,64.5131101426196,67.78102111816406,2096300
2021-05-10,68.78716259509011,70.17159981600925,66.19536818954654,66.61392211914062,2036400
2021-05-11,64.10262706062834,65.84926925565864,62.20305096635873,64.23141479492188,2528200
2021-05-12,65.17789053471849,69.45728859735682,63.70558395246968,64.29612731933594,3715300
2021-05-13,63.09886464192006,65.23451802835825,60.7528799785509,61.64273452758789,3031000
2021-05-14,62.848085701742605,64.15051140851931,62.04721109594635,63.665130615234375,2573900
2021-05-17,63.422450376333664,65.13744122456103,62.90471659137368,65.00801086425781,2344800
2021-05-18,65.25069802704384,65.67944571775152,63.65704629224493,64.71678161621094,2063900
2021-05-19,62.48404866974575,63.93208734683073,61.044101318195594,63.034141540527344,2713000
2021-05-20,62.8966111476093,62.90470247202259,60.34838708217417,61.9096794128418,2686900
2021-05-21,63.01794978299968,64.11813525782938,61.40003069317618,61.7317008972168,2688600
2021-05-24,62.144300740721974,62.85618324768195,60.938952189342515,62.5326042175293,2324900
2021-05-25,62.64586748721718,63.001805708025024,60.93896130866889,61.060306549072266,1535600
2021-05-26,61.06029411580898,63.54380068661507,60.79333587565538,63.33346939086914,2386200
2021-05-27,63.87545885589239,64.91901763703774,63.187844327133234,64.182861328125,1741600
2021-05-28,64.61163272173025,64.91094394995699,63.53571451874744,64.77342224121094,1361500
2021-06-01,67.04656586842385,70.25004497381252,66.65826873727642,70.0639877319336,4189300
2021-06-02,70.57363955477196,72.05403722524304,68.80202208257664,69.92647552490234,2704700
2021-06-03,69.55437042159191,70.81634580901738,68.43800188175507,69.99120330810547,2083100
2021-06-04,70.63027507905859,71.09138189805027,67.97688803841365,69.4249267578125,2294200
2021-06-07,69.82130703708393,71.06710566762415,69.36829159756839,70.53319549560547,1269800
2021-06-08,70.52513398001676,72.95201401212762,68.8424956765032,72.51517486572266,2686300
2021-06-09,72.9034596443559,74.51328792367404,71.06711743589821,71.41497039794922,2792100
2021-06-10,73.0571764259283,73.41312080483054,69.53820162172467,70.37142944335938,1771300
2021-06-11,70.50085204696607,71.5524961471277,70.14490773854659,70.5979232788086,1406800
2021-06-14,71.56057133508601,72.49087618563806,69.06897408181322,69.92647552490234,1526300
2021-06-15,70.56556517752456,73.72859474616288,70.4118608424682,73.4939956665039,2721500
2021-06-16,72.86302243691748,74.22207539955544,71.89227296583663,73.105712890625,1672300
2021-06-17,72.76593483956076,73.817585095979,68.06588016351775,70.29051971435547,2811400
2021-06-18,68.28428492608062,70.57363597478889,68.11439797354002,69.71614074707031,4276700
2021-06-21,70.08019197081366,74.67508432220748,69.98312073550632,74.01982879638672,2736700
2021-06-22,73.186602953984,74.14926720753041,71.70620485950698,73.88230895996094,2022300
2021-06-23,74.7155232554262,77.48216412849598,74.27059292267823,74.35149383544922,2321800
2021-06-24,73.83376553097297,76.41434952313764,73.70433515954926,76.24446868896484,1762500
2021-06-25,76.66510529683283,78.17786210331487,75.6862648356524,77.91090393066406,4894100
2021-06-28,77.27992698167708,77.61160345477361,74.32722254320427,74.80451202392578,2340300
2021-06-29,75.4921269249633,77.03724307754193,74.40812377505077,74.92585754394531,1710900
2021-06-30,75.66200580249082,77.19093926397547,74.91776430024001,75.95323181152344,2110500
2021-07-01,78.46909363634184,82.94263994584188,76.92397759296229,80.5723876953125,5577400
2021-07-02,79.08389966260145,80.13554353839386,78.26684866162708,79.32658386230469,1773000
2021-07-06,79.48840546829399,79.77154021304649,73.5910867624153,73.75287628173828,3326500
2021-07-07,73.81756911131295,74.9501138717788,70.21770108641432,71.18035888671875,3724000
2021-07-08,69.33594016898519,72.10258106214779,69.04471416213933,71.3421630859375,3050300
2021-07-09,72.32909593736413,73.41309906575324,71.18845970012435,72.3371810913086,1834200
2021-07-12,71.24509039199489,73.13805956134367,70.30670021950144,72.66886138916016,1403000
2021-07-13,72.67694944521257,73.72050838492412,71.35025579438714,72.8387451171875,1211900
2021-07-14,73.45355255457783,73.92274454952424,68.0011590405813,68.42182159423828,2219300
2021-07-15,67.265010705782,68.45418263643234,65.33968237163434,66.12437438964844,2985800
2021-07-16,66.79580696808259,67.07085649516385,63.10695244677333,63.39008712768555,1964600
2021-07-19,60.049086387219404,61.707450211062586,57.719278301774025,59.207767486572266,4708000
2021-07-20,58.77902450586525,61.68318734766924,58.148030650918436,60.607269287109375,2800200
2021-07-21,61.27869889103563,65.0080037001343,61.27869889103563,64.182861328125,2988100
2021-07-22,64.02918025544996,64.22332891222791,62.20092906949022,63.64087677001953,1593800
2021-07-23,64.63589078874455,64.63589078874455,62.314173885755636,63.29301452636719,1939000
2021-07-26,63.30108718634395,65.8735788997054,63.18783333880183,64.91900634765625,2016500
2021-07-27,63.907818317655924,64.46600250327782,62.83999172681811,63.54378890991211,1815900
2021-07-28,63.76221061892423,65.25878500116625,63.10695516178344,64.37702178955078,2753200
2021-07-29,65.22642877829074,65.36395663981922,63.624691773417254,64.34466552734375,1479200
2021-07-30,64.13433006057615,64.2394987814662,61.68318292653614,62.39506530761719,2085100
2021-08-02,62.807635437706274,64.4983645499235,61.41622365934999,62.08766174316406,2854500
2021-08-03,61.09264759188178,65.7360817597451,61.07647110986139,65.14553833007812,4093400
2021-08-04,63.592309701476715,64.91900284849372,61.49710129113659,61.82068634033203,2713700
2021-08-05,62.63774964148347,65.25069218074927,61.70744475472871,64.57925415039062,2331200
2021-08-06,65.65518624809316,66.56930868260984,64.17478819941317,64.75724029541016,1661600
2021-08-09,63.31727629299127,64.01298216488611,61.958223679507505,62.4759635925293,2151200
2021-08-10,63.44671748855397,64.51454417982791,63.090773200838164,63.19594192504883,2719400
2021-08-11,62.83793430319361,64.29435636234238,61.19436457319599,64.28622436523438,1696600
2021-08-12,64.02586727865814,64.97783252401373,62.911168952280875,64.57914733886719,972300
2021-08-13,64.70118215679238,64.70118215679238,61.45473359684423,61.54423522949219,1786600
2021-08-16,60.42953206384503,60.63294371994844,58.704605192971975,59.02192687988281,2563800
2021-08-17,58.58256415808387,60.41326928802399,58.09437736495954,58.48492431640625,1906700
2021-08-18,58.663930075997165,59.55894026927346,56.71117661308299,56.80067825317383,1633800
2021-08-19,55.466297352260405,56.30435250994664,53.64373037386098,55.23033905029297,4156600
2021-08-20,54.522468721534985,55.7754854215983,53.798323633677185,55.47443389892578,2305800
2021-08-23,58.16760044080563,59.615890563524104,57.7038220733325,58.74528884887695,3154700
2021-08-24,59.94134215764862,60.79567355111024,59.225335400814565,60.37257385253906,2315800
2021-08-25,60.510920850032676,61.31642952508799,59.64845093390872,61.031654357910156,1731000
2021-08-26,60.632954654904026,60.632954654904026,58.97312070446989,59.461307525634766,1886200
2021-08-27,60.3726005458709,62.707769501549066,60.3726005458709,62.36603927612305,2360000
2021-08-30,63.44818679640566,63.54582044967854,61.65815992559467,62.06498336791992,1551200
2021-08-31,61.74765104043453,63.505130990977044,60.909595885504956,62.76470947265625,1550600
2021-09-01,62.78098617771283,62.894896226044295,59.60776261280134,60.34004592895508,4149500
2021-09-02,61.235058540110465,63.62717585755725,60.99096202250277,62.300933837890625,2422800
2021-09-03,62.17886630333901,62.56941936891152,60.754984876512935,61.479129791259766,1671700
2021-09-07,61.226915621523794,62.42297729200256,60.18544881413956,60.966548919677734,2166800
2021-09-08,61.70696039250083,62.58570028478408,60.16916868482087,60.77940368652344,1900500
2021-09-09,60.26681479122115,63.0006683799447,59.64844152034432,61.560516357421875,1823800
2021-09-10,62.95996785160119,62.968106055243865,60.958398082011605,61.05603790283203,1385400
2021-09-13,61.9673357571687,64.23740459131783,61.9673357571687,63.30171585083008,2117300
2021-09-14,64.14788666308168,64.18857147086909,61.06417191085452,61.57676696777344,1936600
2021-09-15,63.17154112174495,66.69463348235838,62.96812940865133,66.37731170654297,3566300
2021-09-16,65.86471925176431,65.93795070649274,64.22115511586765,65.14871215820312,1994800
2021-09-17,67.51640114198372,68.63109306958849,66.71902470078729,67.2234878540039,6737600
2021-09-20,64.09909455079195,65.7752049890851,62.82166931034248,64.36759948730469,3205500
2021-09-21,65.36024112564147,65.92979133454779,63.578352860070424,65.12428283691406,2147000
2021-09-22,66.59697728124823,69.36337714192456,66.56443067022482,68.65550231933594,2866600
2021-09-23,68.91588031673511,72.21929049031165,68.72874503215975,71.48700714111328,2534300
2021-09-24,70.97439019899353,73.93606309894615,70.58383712962781,72.18672180175781,2385400
2021-09-27,74.48121156526338,77.88225464980474,74.4730733610113,77.68698120117188,3893100
2021-09-28,78.92373802726098,79.27360639259435,75.98647264118223,77.2801742553711,3429100
2021-09-29,76.73502229338027,78.88304919681987,76.53161060776945,78.15077209472656,2400300
2021-09-30,77.76020677931257,79.48513983857109,76.88146694491873,77.02792358398438,2991200
2021-10-01,77.5161234578697,80.51848196407947,77.14184669625625,80.43711853027344,2777100
2021-10-04,81.7226748428224,85.37594671206458,80.59170644984343,84.11479187011719,4564700
2021-10-05,85.4329109918652,87.5077127418634,83.14656555081093,84.74945068359375,4147300
2021-10-06,81.86913034687122,85.0993024193335,81.50298562000198,84.70875549316406,3002700
2021-10-07,84.79824965530084,86.02685775958354,83.48013992839702,85.53053283691406,2158700
2021-10-08,86.68592340562653,89.90796371323947,86.4418269034428,89.4197769165039,3156400
2021-10-11,91.15285280951818,92.83710148892573,89.59879060177144,90.0951156616211,3252500
2021-10-12,89.98931588604835,91.95020724073349,88.06910934584765,89.50112915039062,2461000
2021-10-13,87.45076152430758,89.19196519421087,85.30272824338071,88.02845001220703,2924600
2021-10-14,89.50112888117312,90.02186222532582,86.42554562738651,88.54916381835938,2324100
2021-10-15,89.6313136544176,90.15204698888775,87.85756379399393,88.10165405273438,2394200
2021-10-18,90.31477599180556,93.34968065514016,88.28065941541354,88.89903259277344,3628900
2021-10-19,89.30585740490484,90.60769079408949,88.2155676737162,90.26596069335938,1686500
2021-10-20,88.6874795494134,90.7053258521705,88.28879445287838,90.43682098388672,1665900
2021-10-21,89.85915498147176,90.20088514917268,87.67858129938632,88.63054656982422,1533000
2021-10-22,89.40350327274987,90.41242971921348,88.34576621502347,88.95600128173828,2178100
2021-10-25,90.52632502836721,91.85256678933344,88.66307351646758,89.02108001708984,2841100
2021-10-26,89.89168609721519,91.50270301435577,89.19194947013185,90.8761978149414,1901700
2021-10-27,89.09432003713852,90.81925339954574,87.36938667473127,87.53211975097656,2080200
2021-10-28,86.77542613006523,88.73631154702278,86.61269305735938,88.69563293457031,1685000
2021-10-29,88.68748886089918,88.93971734736422,85.81531704972598,87.21479034423828,2158500
2021-11-01,89.36282127329383,91.22607301797409,88.97226811403758,90.81111145019531,3992000
2021-11-02,89.29772723030639,94.47252084932923,87.95520890513534,93.12186431884766,4236000
2021-11-03,92.25127165922551,93.7646551990782,89.91610932345174,90.97384643554688,2673400
2021-11-04,93.12999244099852,94.7003306837893,90.24968262847719,91.74679565429688,2656000
2021-11-05,93.08932496055958,93.88669527627313,91.58407355039623,92.5848617553711,1870100
2021-11-08,93.78906525478284,95.77436546180462,93.44733508369525,94.1470718383789,2161800
2021-11-09,93.97544535468853,94.91520105514977,90.4534110934149,92.33291625976562,2347300
2021-11-10,91.84260753661826,91.85078105986172,86.35117201646221,87.56877136230469,2657600
2021-11-11,87.91198500636727,89.84869230940812,87.89563795979062,88.8844223022461,1649100
2021-11-12,88.44315331200563,90.68221866933301,88.00187656545411,89.84869384765625,1820400
2021-11-15,89.67711540275816,91.4177085994296,87.2419283610198,90.8456802368164,1707800
2021-11-16,91.52392273579645,92.13680614697365,89.62807029993785,90.03665924072266,2032400
2021-11-17,88.53303429119892,90.90285100906577,87.11932027747343,87.63414001464844,2341200
2021-11-18,87.84661786238017,90.15923264751967,86.50644670259427,88.22251892089844,1903100
2021-11-19,85.45227860234135,86.44923647277233,82.35517412608685,83.49105072021484,4786700
2021-11-22,83.59729199357716,88.30423166420204,83.54825708573998,86.187744140625,2790200
2021-11-23,88.74552180314822,90.94373242624714,88.26338981784689,90.04483795166016,2824600
2021-11-24,88.78638257689042,93.91825893556907,88.66380464153136,93.32171630859375,2163700
2021-11-26,86.04882855875863,88.5330436918735,83.71986674028375,87.83027648925781,3128400
2021-11-29,91.28693485727707,94.59650757044146,88.55756389120977,89.83235931396484,4238700
2021-11-30,86.72707269882348,90.94371289774276,86.54729883016749,87.2173843383789,15960100
2021-12-01,89.50550578018533,89.79969036038987,84.09579138385666,84.1693344116211,4079700
2021-12-02,82.96806402228604,87.99370892006107,81.32553483949532,86.97223663330078,2894300
2021-12-03,88.3941239965904,89.22764887098434,84.7086564879513,86.620849609375,2497100
2021-12-06,88.36960413957891,89.67708733340206,86.2531166937295,88.44315338134766,1926900
2021-12-07,90.02848558066029,95.50358111967567,89.8487054494541,94.45758819580078,2953800
2021-12-08,94.87434142026912,95.30744465713562,92.41463449432868,92.85591125488281,2304500
2021-12-09,91.84261745811656,92.6924831646704,89.74247064682513,90.15923309326172,1931500
2021-12-10,91.19705692773321,91.72005031097254,88.05092310321058,90.85384368896484,1940800
2021-12-13,89.79967371871855,90.63319861968711,86.25312483121601,87.11933135986328,2011900
2021-12-14,85.50947696871516,87.89563443844484,84.6187562376898,85.04368591308594,2764200
2021-12-15,85.44411575131298,85.44411575131298,80.92512314577014,84.7822036743164,3691000
2021-12-16,86.27762162085686,88.47582535762314,85.63205050049389,86.04881286621094,2641200
2021-12-17,84.71682044787629,85.64023534566034,82.248946252037,83.70352172851562,5014400
2021-12-20,79.77292071176026,81.70962863279418,77.64825286797549,80.99868774414062,2760900
2021-12-21,82.8700128824428,86.06517519286923,82.43690336336243,85.72196197509766,2142800
2021-12-22,84.83940596587733,87.45437264840008,84.15297954967974,86.3675308227539,1766700
2021-12-23,86.62085179588195,87.76490202877973,85.9997948863822,86.57182312011719,1639900
2021-12-27,86.56363378733369,90.88650455734344,85.08454414920762,90.82112884521484,2062700
2021-12-28,91.21338828819493,91.7935837780956,89.13775592786997,90.02030944824219,1408400
2021-12-29,89.84053494241874,90.88652159426518,88.68013765561516,88.83540344238281,1256500
2021-12-30,88.83540307796683,89.8160202359794,87.57694844432265,87.69135284423828,1231300
2021-12-31,86.71074168897256,88.51670397946641,86.18774836659298,88.13262939453125,1293700
2022-01-03,87.91198517987048,91.87529608080271,87.88747084452865,91.39315795898438,2002000
2022-01-04,92.59440870331989,97.81617401836289,92.12861763597803,97.40758514404297,4505400
2022-01-05,99.18905288369419,100.9132987797279,95.87131255036522,96.51688385009766,3375500
2022-01-06,100.47200866082102,101.67326103206,98.98474530466129,101.04403686523438,3343300
2022-01-07,101.33006317417602,101.89391794012789,98.24113160075295,99.30345916748047,2441400
2022-01-10,99.36882999458574,99.54861012758715,96.16549416796636,99.16453552246094,2356800
2022-01-11,99.87546947707708,102.08184699384219,97.1542659677142,101.62422943115234,3423500
2022-01-12,102.6457107481166,102.7110864727393,99.92450699777628,101.79584503173828,3475000
2022-01-13,101.48532158294304,104.00222468209996,100.9459811966129,101.39543151855469,2634300
2022-01-14,101.82035097235305,105.69377193549582,101.82035097235305,105.5875473022461,1942200
2022-01-18,106.5518292921958,107.66319177052837,101.16662975144895,102.91539001464844,4453700
2022-01-19,103.78975829813817,104.43532953425188,100.92963588310312,102.72742462158203,2098600
2022-01-20,100.55372878112547,105.55485282739338,99.45053378544006,99.62214660644531,2670500
2022-01-21,97.42394714107917,98.6824018152559,94.3186687258823,96.41881561279297,3212200
2022-01-24,92.32476544552804,98.17575619318181,89.244001152364,97.58738708496094,3537000
2022-01-25,96.90094139105385,104.70499158259649,94.13070925157345,103.7652359008789,3375500
2022-01-26,106.00431183774526,107.53243042911149,102.26980930775892,104.10845947265625,3170400
2022-01-27,107.45888664335226,109.55085993199243,102.97258201890315,105.12175750732422,2673700
2022-01-28,105.62840434138528,106.6662237016491,102.19625986718721,105.1871337890625,2358700
2022-01-31,104.5987579616987,105.92258200202548,102.31065763745781,103.09515380859375,2421900
2022-02-01,102.00013015519123,107.238236478134,100.18599448774985,106.40472412109375,3556400
2022-02-02,106.22494895456624,107.72038585644998,103.97770372252828,107.0257797241211,2201100
2022-02-03,105.76733128829726,106.72344041930005,103.56912694196353,105.73464965820312,1822000
2022-02-04,107.5732983137616,110.89103859444177,106.91138620947702,107.91651153564453,2799500
2022-02-07,107.05030272604645,108.75820150976799,104.9746763886217,106.38021087646484,2070100
2022-02-08,105.53851882851146,105.91442614192276,99.76107766724564,101.63241577148438,3257900
2022-02-09,101.73047718883281,105.81637301030061,101.73047718883281,105.3178939819336,1794100
2022-02-10,104.67231372731536,109.5753811043117,104.23921043987896,106.57633972167969,2416700
2022-02-11,107.72038841046877,111.58563608639388,106.15957574990053,110.78480529785156,3674500
2022-02-14,109.56721550832624,110.72760664252613,105.35057450631855,106.61720275878906,2986200
2022-02-15,102.96440226335527,104.93380374368535,100.61093245606729,104.50069427490234,2331200
2022-02-16,105.48132057163971,109.18313531172281,104.75403276875494,106.0860366821289,2270900
2022-02-17,105.92258130331486,108.64378484425919,105.52217216588592,105.97978973388672,1933200
2022-02-18,104.59876383730861,108.259717080254,104.09211133052567,107.43437194824219,2856800
2022-02-22,110.27815284155093,111.39769502052852,103.16870775169852,104.62328338623047,4222400
2022-02-23,105.8735580444336,109.99214130531938,104.36995382436476,105.8735580444336,3944000
2022-02-24,108.78272546112596,108.82358685273584,100.64364000593852,104.5088882446289,4639500
2022-02-25,104.24738611031117,109.48549329057715,104.24738611031117,108.90530395507812,3169100
2022-02-28,108.07177637102038,113.15462386403588,107.26276576789517,112.8522720336914,3783500
2022-03-01,114.13523535951555,116.11280437364319,109.46915655110995,111.814453125,3782000
2022-03-02,114.56017022134479,114.59285185047166,110.67857524970032,111.68370056152344,2960700
2022-03-03,109.86155851416616,111.57698805842774,109.13926711695032,110.08316040039062,2327100
2022-03-04,110.39508735656544,114.5646579581327,110.230933597664,113.10366821289062,3083700
2022-03-07,114.17887184999002,115.09814277513478,107.0052397401938,110.3458251953125,4263200
2022-03-08,111.63444515115813,115.50033006694913,106.1680519437057,110.3458251953125,4156700
2022-03-09,109.04079718717846,109.04079718717846,103.32815401336599,106.74260711669922,4367400
2022-03-10,107.48950721392764,110.47715016287137,106.16804903319522,110.0421371459961,3019700
2022-03-11,108.40878800963989,110.0339313629943,106.07777228678768,106.43070220947266,2354700
2022-03-14,104.95329932926016,105.60992056349703,100.66882025795427,103.57438659667969,2915000
2022-03-15,99.15036341880418,103.5004996685538,98.02589101171186,102.23649597167969,3328700
2022-03-16,102.28574640453786,104.02579838781746,101.22693799818938,103.11473083496094,3209300
2022-03-17,105.70019580544079,110.6659242823471,105.65095094015642,109.88618469238281,3426900
2022-03-18,109.71381298087081,111.18301822828545,107.56337041159213,107.89167785644531,4813900
2022-03-21,110.80545142800793,115.31154429476561,110.20628471593027,114.81086730957031,4203600
2022-03-22,114.35942643709947,114.63848899132977,111.47848942910424,112.73428344726562,2898000
2022-03-23,115.08993635746667,117.24859483662539,113.47299645487752,117.07622528076172,2748800
2022-03-24,116.96131554970641,118.84911472656209,116.05024795919627,117.52765655517578,2042100
2022-03-25,116.48527953180692,121.46742798899635,116.48527953180692,120.2526626586914,2169400
2022-03-28,116.57555008003948,116.97773736722382,114.26095366326663,115.4839096069336,1948600
2022-03-29,111.48671337508706,114.20349717919954,109.41013791352137,113.86697387695312,2263600
2022-03-30,116.07487729417477,116.92028093911901,113.43196079424878,114.21170043945312,1563300
2022-03-31,112.97231548775895,115.90251016600436,112.51268005371094,112.51268005371094,1887700
2022-04-01,112.59475969260474,115.3279626082055,111.97097048547789,113.62895202636719,1825100
2022-04-04,114.90938406260487,115.67270467372457,112.85743077577264,114.57286071777344,1403400
2022-04-05,114.18707541062977,117.3635071397232,110.94499220741548,111.19943237304688,1847900
2022-04-06,112.70967932029119,113.57970538013048,109.55787002402388,110.85470581054688,1650800
2022-04-07,112.7014800034139,113.40735243305328,109.10645384732864,112.40599822998047,1877300
2022-04-08,111.93814167468314,116.87103207271723,111.93814167468314,116.542724609375,2257300
2022-04-11,114.03933770614009,114.22811386838939,109.6071118758996,110.89574432373047,2391300
2022-04-12,112.6686454591091,116.6248045633058,112.6686454591091,114.236328125,1659800
2022-04-13,115.97638625000693,117.19113892119093,113.82593098616677,115.18843078613281,1626000
2022-04-14,114.0967908006805,115.66448590805287,112.98052786089275,113.62895202636719,1589200
2022-04-18,114.5646438139915,115.7711932053565,112.7917533788273,114.90937042236328,1716300
2022-04-19,114.04755980899616,115.38543734368052,112.46345790214923,113.20215606689453,1950700
2022-04-20,114.12141441063181,116.68226031307336,112.81637528700075,116.4688491821289,1882600
2022-04-21,117.88057166909363,119.8094121671193,112.19256494261266,112.73428344726562,2427300
2022-04-22,112.25823902316269,112.83278331121224,106.34861737270435,106.78363037109375,2228000
2022-04-25,102.80285347663481,104.14072468470223,98.29676608361176,103.27069854736328,2901100
2022-04-26,102.9177474975586,106.33220007407913,102.38423849971937,102.9177474975586,1587200
2022-04-27,103.82062240025866,105.11746458819833,99.80700244022859,103.94374084472656,1549900
2022-04-28,104.99432719171286,107.96555105980902,101.15307101337879,106.26654052734375,1896300
2022-04-29,106.5784461442168,108.38416231860613,102.85209240178028,103.60721588134766,1748800
2022-05-02,101.77686312806372,104.7645060285999,100.58673295921409,104.64959716796875,2298000
2022-05-03,109.87797544599648,112.27465505167561,105.3472722307206,111.7165298461914,3555100
2022-05-04,115.11457048850289,117.25681005524336,112.07768236368528,116.953125,2581900
2022-05-05,117.86417372986965,118.96401742383634,111.19942252538473,113.7520523071289,2854100
2022-05-06,116.12410938245436,117.86417387373368,112.93948715239316,117.31423950195312,2732200
2022-05-09,113.76027599837992,114.48255491682276,104.98612322345531,106.282958984375,3314700
2022-05-10,108.85199932302952,111.41284519723986,102.5976505530371,106.57022857666016,3144900
2022-05-11,108.49503976976439,111.899170819772,105.06569397923394,105.29263305664062,2705600
2022-05-12,103.80490381972385,107.31830082089947,102.40122771197905,106.78036499023438,3362800
2022-05-13,109.15064434978234,114.12655388045275,109.06658666776835,112.15131378173828,2781600
2022-05-16,111.86553505394208,113.58021424600491,110.20969880272315,110.36100006103516,3959200
2022-05-17,112.51273759507814,112.51273759507814,108.82283137127769,110.48706817626953,2993400
2022-05-18,111.03340873642173,111.15948241429324,106.24241018361114,107.88983917236328,3284800
2022-05-19,104.91437867131943,111.05862361809868,104.80511267945377,109.11701202392578,2942600
2022-05-20,109.89869481016113,112.57155939581492,106.91482710874413,109.50364685058594,3060100
2022-05-23,110.52911481983676,114.49639662115132,109.11703798821766,114.40393829345703,3308000
2022-05-24,113.52976767889251,114.83257173974125,110.76443203431838,114.12653350830078,2542900
2022-05-25,115.87483448554997,119.8925449522549,115.32849809473112,119.14447784423828,3404000
2022-05-26,120.85073787745263,124.33891306757009,120.44728928694205,123.078125,3329200
2022-05-27,122.73353237940687,128.6592394915181,122.26284016957918,128.3146209716797,3007600
2022-05-31,131.97091733709215,134.22353257159895,126.59155872922939,127.77670288085938,5259000
2022-06-01,129.4409490649463,131.44980483936666,126.82691380133288,128.50796508789062,3194600
2022-06-02,127.21355774621581,130.86983649880898,125.44844881365142,129.3568878173828,2084900
2022-06-03,129.15515623130648,130.8866367739032,128.6424351441432,129.9956817626953,1787700
2022-06-06,130.92025143201883,131.84483464162275,128.8105369769793,130.9622802734375,1561900
2022-06-07,130.05448932620317,135.37501655623933,129.81074260754858,134.8202667236328,2588100
2022-06-08,135.77847158847538,136.36684964662984,133.4922542305445,134.74462890625,2131500
2022-06-09,134.20672026731074,135.52635160817235,132.52566907665053,132.66015625,2012400
2022-06-10,130.45796748649,132.8366433466905,128.50794218541958,130.6933135986328,2074600
2022-06-13,125.65017320043451,126.46548403665996,119.48070571414041,124.22968292236328,3571800
2022-06-14,127.57493904322254,129.6762524585153,123.75054606230987,125.76781463623047,2928600
2022-06-15,125.16265199919397,126.9193471700071,121.13652777760296,123.35551452636719,3256400
2022-06-16,119.07724592101624,120.75829691925249,111.45368631322354,112.36144256591797,4887500
2022-06-17,111.04182488034996,112.00002344218639,100.49322723684989,102.7878646850586,9385900
2022-06-21,106.95687291198097,112.12609975359777,106.7467415310144,111.1847152709961,4853800
2022-06-22,103.80489986222923,108.43619077739957,102.8046724592658,105.99026489257812,4888000
2022-06-23,106.74673807227258,107.87303915966325,98.65247984827799,100.22425842285156,4647300
2022-06-24,102.16586270635564,105.74649621510103,99.22402387053116,100.61088562011719,8195200
2022-06-27,101.70358983285499,105.83057329177224,100.72017649500701,104.55297088623047,3281100
2022-06-28,108.21766532774126,110.47026766147712,105.73811750278801,109.1002197265625,3428400
2022-06-29,110.26012935024046,111.47048812687598,102.61135496659317,102.80467224121094,3422600
2022-06-30,100.21585119985843,104.20834704651435,99.66110133043752,101.82965850830078,2875400
2022-07-01,102.40960986089407,103.42665122022366,97.6186177300429,101.88008117675781,2392300
2022-07-05,98.55161100942892,99.30808521229724,93.3235415784617,95.93757629394531,4823400
2022-07-06,94.41623326357642,96.58479064566994,89.30583655952215,92.69315338134766,4696800
2022-07-07,95.9291826595658,99.09796770454588,95.9291826595658,97.75312805175781,3716200
2022-07-08,99.41735001779739,99.68631790750196,95.51731241073082,97.77832794189453,2328100
2022-07-11,96.21495628745977,97.50095929348832,93.87829639249277,96.14771270751953,1796900
2022-07-12,92.74357100531945,94.39100645820629,90.69269335794807,92.80241394042969,2649200
2022-07-13,91.47438468464634,95.51730997734317,91.47438468464634,92.95370483398438,1872500
2022-07-14,89.09569445758194,90.69269403700312,87.17089047760639,89.69246673583984,3025100
2022-07-15,91.65089594203405,92.28129003025289,90.02027451511056,91.73494720458984,1941300
2022-07-18,94.79445851590187,96.1813267805681,93.98755485946157,94.57592010498047,2007800
2022-07-19,94.65157617348011,98.39191204805057,94.02118205443786,97.95484161376953,1652800
2022-07-20,96.71086700582266,100.3839659403551,95.70223891846551,99.82921600341797,1655900
2022-07-21,96.72768652143696,98.00528259777357,94.66839497650254,97.47575378417969,1392500
2022-07-22,98.0304840133689,98.76174348647926,94.68519620808809,95.34080505371094,1710400
2022-07-25,98.26583131886092,101.79603556766516,96.10567480274435,100.85464477539062,2881300
2022-07-26,102.71220904599669,103.3762249315007,97.66905626640208,99.41735076904297,1921700
2022-07-27,99.87123016760378,104.14950789085222,99.65269176280464,103.62837982177734,2038800
2022-07-28,104.79670073380034,105.55317483018017,102.51887780831736,103.8973388671875,1874700
2022-07-29,106.30968521065591,108.1504319919547,104.74630701544761,107.60409545898438,2478300
2022-08-01,105.75491510459221,106.99889563031672,102.96437078155125,105.8389663696289,2799800
2022-08-02,104.77150438750748,108.40257427470951,103.71244046670253,107.20062255859375,3512000
2022-08-03,108.77242094817811,108.93212286420452,101.45143733074532,102.02299499511719,2596600
2022-08-04,100.71175383339136,101.75400354068528,97.50094704079724,97.87918090820312,3202700
2022-08-05,96.56797906532616,103.39304877903506,96.12250155383092,102.01458740234375,2479600
2022-08-08,102.03979158013601,104.77149931050823,101.5354775893766,103.50230407714844,2461600
2022-08-09,105.46911959267405,107.27624389396057,103.83009137699888,104.67902374267578,2718000
2022-08-10,104.52773644541195,106.94844722372731,102.07340388247695,105.9398193359375,2571400
2022-08-11,108.27648429824619,112.92458856739792,108.15879843408604,111.6049575805664,2690000
2022-08-12,110.62994551195544,112.16810848389679,109.377570914194,111.8991470336914,2517200
2022-08-15,107.70120471318876,110.61739502582148,105.1463173683702,110.04964447021484,2960700
2022-08-16,110.82387366762367,111.63249518693621,106.53990832532006,108.03671264648438,2159800
2022-08-17,108.12274514935912,110.41096929183767,107.18508726983521,108.19155883789062,1905600
2022-08-18,109.44749771076226,112.75079735966428,109.24964114220717,111.89056396484375,2334700
2022-08-19,110.66900662271391,113.19809457526044,110.31632095248527,112.16581726074219,1786900
2022-08-22,110.97009565649088,113.19809675234889,107.75282495340889,112.84539794921875,1885900
2022-08-23,115.67560989634825,119.6584955495087,115.35732767391346,116.23475646972656,3278200
2022-08-24,115.95943405357332,118.72938591374637,115.62394364199292,117.55085754394531,3554400
2022-08-25,118.67781162027667,118.83264733954204,115.4261171283767,117.23261260986328,2759900
2022-08-26,116.63043719062873,118.37670981143059,114.7809276438162,115.21104431152344,2587000
2022-08-29,115.24544593924402,121.95526770409133,114.21316869683304,119.79607391357422,3585500
2022-08-30,116.7852651481249,117.11215799426896,113.0776618184651,115.33148193359375,2509300
2022-08-31,112.14862647844011,116.87991027634907,111.23678115574961,114.65190887451172,2777500
2022-09-01,112.2604381883801,112.92282146066663,109.93781105798197,112.08839416503906,2306300
2022-09-02,115.90785873684541,116.97453980454284,113.75727513117074,115.1594467163086,1756400
2022-09-06,117.24120011125078,117.83476323617018,114.07554761317331,115.27986907958984,2783300
2022-09-07,111.70990339857252,114.10994867049375,111.02171409308669,113.180908203125,2227000
2022-09-08,113.27553644784923,114.05835205180169,111.80454457232464,113.71426391601562,1653600
2022-09-09,116.51861385684428,117.39605561862314,115.2712780258188,116.14871978759766,1732300
2022-09-12,118.55737309798012,120.16600535032248,117.25841226754243,118.17025756835938,2061400
2022-09-13,116.8540890107287,120.68212459307593,115.40890335874444,115.88203430175781,1939500
2022-09-14,117.817576493945,121.40474832634519,117.55950383940187,120.57891845703125,2149300
2022-09-15,117.31864094440084,118.84985542008033,115.52935381106423,115.813232421875,1963300
2022-09-16,114.03254031654056,114.58308918155838,110.7550530790033,114.08415222167969,5496100
2022-09-19,109.00876570461128,114.02392745916362,108.82811749772252,112.63034057617188,1987500
2022-09-20,111.7357058429421,113.36154629900054,109.63673443382561,112.5099105834961,2355600
2022-09-21,114.99600319450383,115.57237116650823,110.74646090726841,110.7980728149414,1969000
2022-09-22,113.36154053014059,113.98090954151222,108.81090569370859,108.85391998291016,1569600
2022-09-23,104.12264301120722,104.20006086060926,97.77412340092066,99.098876953125,3556600
2022-09-26,98.20424982456011,99.61503210037233,95.46010313003094,95.66655731201172,2549500
2022-09-27,97.8257481200263,99.39997689475615,96.11388540730356,97.62789154052734,3214900
2022-09-28,98.27304623513226,103.47746010720783,97.88594389158172,102.71185302734375,2517900
2022-09-29,101.9204362065494,104.2946752012678,99.74404061680279,104.01080322265625,1725600
2022-09-30,102.59144832362283,104.6732118037963,101.49894811101908,103.62372589111328,2004000
2022-10-03,108.73347431396894,112.69054559476112,108.06249348952457,111.41740417480469,2517000
2022-10-04,114.83255563047975,117.7057318945714,112.87122462525747,117.24980926513672,2452800
2022-10-05,115.89064414177854,120.82838855947902,115.882046533223,119.8907241821289,3323900
2022-10-06,118.84123697073774,123.15101463333018,118.72080482179798,122.43701934814453,2422400
2022-10-07,122.58326341194383,123.94243380245281,120.67354415291022,122.52304077148438,2081000
2022-10-10,121.33590289379391,124.05424312203935,118.73799479585718,120.69932556152344,1731300
2022-10-11,117.34444068097906,122.08432196682296,117.01754779018984,119.8907241821289,2605500
2022-10-12,119.66706172082066,122.70368439311692,117.8863723876096,121.43914031982422,2969900
2022-10-13,119.54659406064371,126.88438129853053,119.1938953420208,124.97466278076172,2637200
2022-10-14,124.14888924791015,126.1618322319045,119.64985916368674,119.88212585449219,3216900
2022-10-17,122.40258829292482,124.3467239168791,119.59823251046991,119.9681396484375,1925100
2022-10-18,121.6714176617984,122.81552969152104,119.21114954267674,122.02411651611328,1645600
2022-10-19,121.64561400966176,126.56615034096015,121.64561400966176,125.61988830566406,2078800
2022-10-20,127.23711494268238,128.14036256406624,125.2241721015085,126.10160064697266,1743200
2022-10-21,126.55750792793489,131.11674664804653,126.06718181500906,131.03073120117188,2486500
2022-10-24,130.15333561938502,134.0329841114541,129.697412898907,131.83938598632812,2026600
2022-10-25,131.50389588283002,133.17275103567772,130.5318409170904,131.9254150390625,1711100
2022-10-26,132.65658402603248,135.48674583010245,132.05441021033715,133.66305541992188,1690100
2022-10-27,136.37279642265307,136.45882501093777,131.624304498746,131.9167938232422,2421100
2022-10-28,134.02434893365236,134.73834413802913,128.85433847058968,132.3210906982422,2005400
2022-10-31,130.6006612795161,136.67390792226624,130.4286040720199,135.1512908935547,2053300
2022-11-01,137.6373319830673,138.37713316752104,135.50395701264304,136.4588165283203,1773700
2022-11-02,135.65879156876915,136.40720348088863,132.1490380576077,133.18992614746094,1988900
2022-11-03,132.63939284973202,138.28252197282967,132.13185828327323,136.372802734375,2226700
2022-11-04,139.77931188444802,140.03737137030774,135.60717518147212,138.8158416748047,2899900
2022-11-07,139.95998036415256,142.5148747730526,139.00512070500687,140.6395721435547,3424400
2022-11-08,140.0975990184038,143.12562398007728,138.49756451818007,140.691162109375,2653400
2022-11-09,138.9277047207913,139.822341749692,134.7985814599027,135.52978515625,2815400
2022-11-10,137.2674459998551,138.04165078719248,134.9448053856038,137.87820434570312,2117600
2022-11-11,141.07827707434572,143.2116522230832,140.3384758280574,141.37936401367188,2691200
2022-11-14,140.4588990036805,143.30626926495404,140.22663232607346,140.7083740234375,1865000
2022-11-15,141.24172422669332,145.33643049052336,139.84815031727067,143.68478393554688,3313800
2022-11-16,142.3941849778648,143.13541794566967,138.33052352903155,138.63572692871094,3438600
2022-11-17,136.42078728602658,141.19080685479602,135.60979001783198,141.0774383544922,2038000
2022-11-18,136.4556360035437,136.78701259725807,132.67973384425517,136.22891235351562,3815400
2022-11-21,132.47047407344562,132.70591329254594,123.95071193486231,130.79617309570312,4481900
2022-11-22,132.89773632842778,134.10986086766923,130.63046000574306,132.0605926513672,2863300
2022-11-23,129.71484789279884,131.3106691308412,128.1015822772138,130.79617309570312,2309800
2022-11-25,131.93851942157826,132.45301540119047,130.0026062142701,130.21189880371094,984100
2022-11-28,125.2412722666906,127.44751287889625,124.48260843820722,125.33719635009766,3470000
2022-11-29,127.80505576529578,129.28750806053455,126.60164689560253,127.96202850341797,2099200
2022-11-30,129.8804999745395,130.33396052099474,126.04354966158188,129.07823181152344,2796600
2022-12-01,130.1072282860819,130.6391685695203,125.83427495142827,126.1830825805664,2171600
2022-12-02,125.93891929453115,127.67426858394245,124.4390224819912,126.84584045410156,2402900
2022-12-05,129.25262456612242,130.71763239777974,122.58158300026044,123.82858276367188,2496400
2022-12-06,122.39846970736315,125.22385950846211,119.92190085426576,120.52360534667969,2009500
2022-12-07,121.02937592073555,122.70368990704036,119.0062675887023,119.08474731445312,1795200
2022-12-08,122.37230215020303,123.18328585456577,115.51812729778122,115.87566375732422,3625400
2022-12-09,115.63150873932557,117.8726252272218,112.91948727475311,113.01541137695312,2872100
2022-12-12,113.97463438118508,117.27964469713864,113.10260196310998,117.03547668457031,3968200
2022-12-13,118.7620892988427,120.8724060143958,117.64588894195771,118.87545776367188,4811300
2022-12-14,119.90446307326116,122.03222440151033,118.49177474811444,119.32891845703125,4133300
2022-12-15,117.7243784970371,120.41023998837524,117.12267398906681,119.79981994628906,2998200
2022-12-16,117.16625360910955,119.24169462149254,115.81460096076059,117.13137817382812,12724100
2022-12-19,117.43662682776386,118.88420411483932,115.6315262929043,116.48611450195312,1879400
2022-12-20,116.15473195073056,118.76211404192262,115.76231996800335,117.67207336425781,1668400
2022-12-21,120.20967772405893,120.44511690349692,118.16039615826016,119.46844482421875,2396500
2022-12-22,119.81724042716966,119.92189335810772,113.07643403903168,115.87566375732422,2354400
2022-12-23,117.81159729199591,119.55566231004967,116.86107174447493,119.49461364746094,1759500
2022-12-27,120.03526325850547,120.50616824016704,118.96266705430209,119.97422790527344,1560200
2022-12-28,119.75621263020398,119.87829663552905,116.7738633805551,117.26219940185547,1719700
2022-12-29,115.95415845809718,119.6254077008426,115.55301766767927,118.84058380126953,1406400
2022-12-30,118.21270786678221,119.6951602586105,117.7243718606419,119.2765884399414,1487000
2023-01-03,117.69822023913838,118.87546936308216,113.02412579879318,114.567626953125,2406400
2023-01-04,112.58812001375597,116.14601431814418,111.6899275760727,113.9048843383789,1724400
2023-01-05,114.30602118249561,117.93367955965378,113.59094814875581,116.8872299194336,2407600
2023-01-06,119.03242986993578,121.5438875932944,118.33480124609625,120.46256256103516,2473700
2023-01-09,122.81704392413792,125.01456936767264,122.31999235955013,123.38387298583984,2453400
2023-01-10,124.28205322568837,124.80526464769112,121.8839642829091,123.78498840332031,1756100
2023-01-11,125.74708674953992,126.0697478301976,122.29384542105446,124.03791046142578,2199600
2023-01-12,124.30821121085697,127.9532999606074,124.30821121085697,126.73246002197266,1959900
2023-01-13,126.91559077663216,127.31673153893034,125.4592982523437,126.65399169921875,1526600
2023-01-17,127.46498762378934,128.4329442211297,126.76735896969684,127.08129119873047,1883600
2023-01-18,127.70042658167559,130.4909275960012,125.49418567768079,125.65987396240234,2183500
2023-01-19,124.90118772441427,128.10154479989492,123.62802796566066,127.69168853759766,1808100
2023-01-20,127.88354360912678,128.96486855396475,126.6103837817474,128.6683807373047,1534600
2023-01-23,129.93285090973438,130.98801615773897,129.33114631680425,130.23806762695312,1467200
2023-01-24,130.76125639504684,131.24087687875905,127.76146279454699,128.39805603027344,1213300
2023-01-25,128.58117739984283,128.58990623996624,124.96224818684712,128.25852966308594,1646200
2023-01-26,130.19444266550326,130.79614716289421,127.80506905002355,130.7089385986328,2409400
2023-01-27,130.8048869362797,133.23785197858356,130.4211904722808,131.6420440673828,1632700
2023-01-30,129.6625175736018,129.9328455259117,126.62784812865439,126.74120330810547,2423400
2023-01-31,126.49702680862178,128.71199671354907,125.4593060498572,127.42137908935547,1632700
2023-02-01,126.444715339239,126.99410008454629,122.88682106260946,125.00586700439453,2554200
2023-02-02,124.67448522494553,124.67448522494553,119.49461014420024,119.96551513671875,2727100
2023-02-03,120.68926239013672,123.25303942573336,120.04396701801826,120.68926239013672,1553300
2023-02-06,120.41895448775117,122.08453961454197,117.76798176797385,119.57308197021484,1748300
2023-02-07,120.53234456624263,125.31107939057961,119.03244746048935,125.18899536132812,2406600
2023-02-08,126.34008612393265,126.67144946053767,124.29080421128997,125.82557678222656,2029300
2023-02-09,125.78195025290847,126.13947340173523,123.1571243781025,123.36641693115234,1997500
2023-02-10,125.59881424057744,130.2554636453714,125.2064023570107,130.18569946289062,2817400
2023-02-13,128.99103986428352,131.14496110460595,128.37190426923922,129.26136779785156,2778100
2023-02-14,127.60447901654022,131.44141554227798,127.3167067811865,130.69146728515625,1617600
2023-02-15,128.66837735921723,128.79046135735192,125.45057582233251,127.00279235839844,3966400
2023-02-16,126.27900995802977,127.24696645613888,123.56698865656435,123.61930847167969,2541700
2023-02-17,121.45667459037314,121.45667459037314,116.24192443602796,117.44532012939453,4160500
2023-02-21,117.9947043607577,118.50920029394392,116.31168818082892,117.03547668457031,2601800
2023-02-22,119.29403375030736,124.2122959033124,117.76797706605383,119.72132110595703,3629600
2023-02-23,121.03811885604372,124.22976113650361,120.07016220725379,123.47981262207031,2938100
2023-02-24,122.24149879640215,125.3808208449328,121.42179949510246,124.15998077392578,2199400
2023-02-27,124.84014533825072,126.68013399515102,123.68034080037927,125.88658142089844,2280900
2023-02-28,127.67428316870054,127.83124263377249,122.53801220955935,122.59033203125,2517100
2023-03-01,122.33743237103702,126.57551081173828,121.4130800590839,126.11333465576172,3477500
2023-03-02,125.51688913774508,128.71267050191477,124.27062758669155,128.32989501953125,2394800
2023-03-03,126.40706117229634,130.75119550851312,125.74831525932292,130.6443634033203,3427400
2023-03-06,129.07764661325578,129.46042207981287,127.47530069727249,127.78687286376953,2250100
2023-03-07,126.82547873676674,127.7245665149197,124.11929121820054,127.06583404541016,2709800
2023-03-08,125.78396300888643,129.55836331518586,124.97388611928588,126.84329223632812,2536200
2023-03-09,127.3506863836161,129.48715233123957,124.26172339780635,124.57329559326172,1704800
2023-03-10,124.27063836708315,126.12222323692006,120.43390469395342,120.98583221435547,2090800
2023-03-13,116.890955408546,119.89089415117223,113.5438427864563,117.09569549560547,2957300
2023-03-14,116.89096512508638,121.54665973751926,116.06309410648535,118.07492065429688,2618600
2023-03-15,113.27677077448301,113.27677077448301,107.8020964081985,109.26200866699219,5858600
2023-03-16,106.84068339342929,111.95038283289443,105.94159568844562,111.74563598632812,3899100
2023-03-17,111.37175834228124,112.1640275171285,108.35401243098302,109.60028076171875,6217600
2023-03-20,109.54686734174585,112.94739560532857,109.54686734174585,111.81685638427734,2594200
2023-03-21,114.38952549276242,116.70402716170746,114.26489931571058,116.27672576904297,3064200
2023-03-22,116.58828967500783,117.34495728513639,113.76638648079897,113.9088134765625,1719200
2023-03-23,114.46074506669339,116.33904836823906,111.57652172335409,112.72486877441406,1877900
2023-03-24,109.94744453854435,112.60911257037358,108.46082105286507,111.647705078125,2350300
2023-03-27,112.60022985664033,115.13727222122895,111.63882897590236,114.44292449951172,1742800
2023-03-28,113.96222668574423,116.85534670111626,113.47261904341924,116.35684204101562,1117300
2023-03-29,117.88796581451373,118.49330264588006,116.89986702710407,118.20843505859375,1343200
2023-03-30,119.61491915910051,119.6238297593055,117.86124240595167,118.66242218017578,1753100
2023-03-31,118.87605699385125,120.70986119782894,118.7959430929212,120.32707214355469,1946000
2023-04-03,127.37739904594686,129.78982210446955,125.94419130635966,128.57025146484375,4018300
2023-04-04,129.6918984191488,129.84322922351996,123.94125993687658,126.09552001953125,2252100
2023-04-05,126.70083859508307,127.98271532211147,125.16970956926932,127.27945709228516,1985100
2023-04-06,126.6118471914467,126.79879325601851,124.89378528406444,125.1163330078125,1683600
2023-04-10,126.62964150797626,130.0746755629996,126.62964150797626,127.46642303466797,2581200
2023-04-11,127.93821478559747,130.3061254240814,127.90259954923512,129.22898864746094,2228100
2023-04-12,130.8580322253936,130.92924911101431,128.4634170814213,129.0865478515625,1486200
2023-04-13,128.8194938848119,130.76899998245713,128.63254787321867,129.73638916015625,1663400
2023-04-14,130.16368395134273,132.18442062363164,129.13105948959551,130.6265869140625,1531300
2023-04-17,130.62659580015796,131.1696127020481,128.5613467361715,128.72158813476562,1255500
2023-04-18,128.1696548630084,129.37141775705643,127.0925317084972,128.79278564453125,1365300
2023-04-19,127.0480287540606,127.92932251307397,126.24686248821811,127.89370727539062,1250800
2023-04-20,126.40707748076258,126.98569599368457,124.35963618520243,126.35366821289062,1555000
2023-04-21,126.31807542109465,126.60294301133186,124.5466043335314,125.5970230102539,1342300
2023-04-24,125.18756604721496,128.19640242355536,124.85818613700788,127.73351287841797,1934300
2023-04-25,126.2379503634495,126.59403481981845,123.54957044660473,124.03028106689453,1444300
2023-04-26,122.85522173644058,124.09258634788775,120.88790776603234,121.89381408691406,1607000
2023-04-27,121.86711751788847,123.28253124138277,120.60304818665902,122.89974212646484,1543300
2023-04-28,122.78400287235893,127.24386719569735,122.17867968603377,126.58512115478516,1670900
2023-05-01,124.58217580861482,126.70973086853941,124.10147884558916,126.3447494506836,2382500
2023-05-02,124.07481172716616,124.07481172716616,117.11351238388318,120.22028350830078,5074300
2023-05-03,117.175820290778,118.35977569426534,114.18477863545047,114.6387710571289,3241800
2023-05-04,115.03045535809933,116.73962005067102,112.10172683413582,112.15513610839844,3582300
2023-05-05,116.00075862494711,119.04520946929004,114.92363538537639,118.21733856201172,2272100
2023-05-08,121.00361389168037,121.61784764069104,117.7099110575062,118.03038024902344,1589600
2023-05-09,116.6683959133356,119.89088203727708,116.22330054447151,118.31525421142578,1420000
2023-05-10,119.51561133473224,119.79330244727964,116.49682080742525,116.8909683227539,1541200
2023-05-11,114.34693623408765,115.94142532207924,113.42427894204233,114.35589599609375,2231200
2023-05-12,115.47561355692233,115.98620374859274,113.91694319614726,114.66044616699219,1705100
2023-05-15,115.29647766964445,116.048933686755,114.26631685871672,115.52042388916016,1650700
2023-05-16,114.94711592229986,115.3412497657997,111.82082194556565,111.84769439697266,1591600
2023-05-17,113.05699029036631,115.17104964051003,111.87455471661163,114.28421783447266,1471900
2023-05-18,113.51385222607367,115.3950057946658,112.58223520348115,115.3233413696289,1211600
2023-05-19,116.90887284295582,118.0644429241169,116.05787999108327,116.64910125732422,1486200
2023-05-22,116.8640874195047,119.72162936179595,116.64909415343962,118.64669036865234,1669000
2023-05-23,119.92766660290543,120.56366612045888,118.41378818970644,119.07666015625,1202500
2023-05-24,120.30390777654476,121.02053838840361,118.3242172490013,120.37557220458984,1611200
2023-05-25,116.81034008473094,117.90319870562357,115.95934720284693,117.34781646728516,1483700
2023-05-26,118.18088581493537,118.34213419166738,116.27287342565006,117.33885955810547,1425100
2023-05-30,115.69059339434709,116.18327773374833,114.46337267777612,115.99517059326172,1580800
2023-05-31,113.80945548442533,114.94710594676172,112.87783852215534,113.89903259277344,2308900
2023-06-01,114.21256180047509,116.85512422214038,113.03908590149972,114.75003814697266,1380900
2023-06-02,116.86407572645453,118.38690695342088,115.6905863104297,117.66132354736328,2126300
2023-06-05,120.39346781774141,120.70699795519124,116.6938860062241,116.73867797851562,1651000
2023-06-06,114.66043731528751,117.8763009876533,114.66043731528751,117.31196594238281,1162700
2023-06-07,118.09128734338813,121.25340593837974,118.03754245350429,120.19637298583984,1910900
2023-06-08,120.1963951432453,120.608462155964,117.65236965012062,119.44393920898438,1307600
2023-06-09,119.00500386865446,120.14264060588883,117.84943394147352,118.49440002441406,1098700
2023-06-12,115.93245092480171,118.24357702506785,115.15312263199418,116.21910858154297,1697400
2023-06-13,117.76882765903251,119.84704126812227,116.27286869711497,116.50576782226562,1650500
2023-06-14,118.18087477256333,118.38691510516882,112.40307273896224,113.56758880615234,2260300
2023-06-15,114.248386376189,116.07578806296893,113.11073593101119,113.46009826660156,2961500
2023-06-16,113.77363064111064,115.63685785199995,112.87784583103657,115.3233413696289,4054000
2023-06-20,114.33797479211154,114.57088076077628,112.20600936381439,113.73780059814453,2092900
2023-06-21,113.80946306654324,115.62790514090823,113.37948334981317,114.3648452758789,1710000
2023-06-22,113.2182369266967,113.38843822056225,111.53416401359527,112.73451232910156,1324300
2023-06-23,111.48041362375213,112.56431922646205,110.54880346266688,112.33141326904297,3578500
2023-06-26,112.83305542582903,114.68732973509537,112.7613909997956,113.96174621582031,1296100
2023-06-27,113.91695384723741,115.03668487153037,113.2272025433631,114.05132293701172,1586600
2023-06-28,114.50817522512098,115.22480581511648,112.59119625632319,115.2068862915039,1435400
2023-06-29,115.55623792961192,116.85512314161413,115.32333880486522,116.46097564697266,1143300
2023-06-30,117.34781263006299,118.69148987391868,116.28182649629613,117.67029571533203,1282400
2023-07-03,117.87631606535876,119.13937588718095,117.53592714318013,118.19879913330078,663100
2023-07-05,118.98710601700304,118.98710601700304,116.42516074002094,116.98950958251953,2062300
2023-07-06,116.34452133553827,117.13280257774814,112.62701345966639,113.91693878173828,1833300
2023-07-07,113.50488019301754,120.29492312522237,113.50488019301754,118.60189056396484,2328400
2023-07-10,118.76314598526139,120.35764177617716,118.43170999559858,120.11577606201172,1587400
2023-07-11,120.89512654181358,123.56456150515582,120.41139507971903,122.84793090820312,2162500
2023-07-12,123.60037481630786,125.42778334354621,123.179354894277,124.9709243774414,2066000
2023-07-13,125.51737014027243,126.24295368949893,122.88376046634498,124.8813705444336,2138000
2023-07-14,124.19160593622816,124.19160593622816,121.08323154141429,121.52217102050781,1747500
2023-07-17,120.9936660154374,122.211920287223,120.64429680276754,121.35197448730469,1253000
2023-07-18,121.13696863541219,125.15009418065402,121.0921766639278,124.34387969970703,1934900
2023-07-19,124.3170173357032,126.27878829598762,123.53768890929663,124.42450714111328,1336100
2023-07-20,125.97421703920132,126.97749161131695,124.917183899073,125.42778778076172,2001200
2023-07-21,126.05484083785616,127.3537260918392,125.19488139733565,126.5206527709961,4011400
2023-07-24,127.3805872411147,130.01419656258992,127.18351350490971,129.39610290527344,3024500
2023-07-25,129.33339661167147,131.54598586714212,128.99299405895613,130.8203887939453,2444400
2023-07-26,129.60216273174973,130.8204308361244,129.0199079694372,129.87986755371094,1298100
2023-07-27,130.72187711245758,131.3489374447915,128.74220024060196,129.30654907226562,1558600
2023-07-28,129.79922667936574,130.48898488029872,127.8374692279161,130.4621124267578,1737000
2023-07-31,129.85298805703567,132.12827574034952,129.85298805703567,131.967041015625,2219800
2023-08-01,130.96374798547106,133.02405596306193,129.7365270619837,132.4686737060547,3894300
2023-08-02,132.11930884794728,132.3522079819094,129.90671923523615,131.49224853515625,2429800
2023-08-03,132.44179832935484,134.8156227644142,131.42955705358608,132.9434356689453,2520700
2023-08-04,134.05418171271674,134.5558326518729,132.6478067697801,133.0867462158203,1640300
2023-08-07,133.97355702450184,134.48416086244112,132.64779950085793,133.10464477539062,1416700
2023-08-08,130.09484055001695,133.74964467636718,129.2080222240789,133.65110778808594,1942300
2023-08-09,134.73212819670388,136.70500660338507,134.34476640703613,135.515869140625,2306600
2023-08-10,135.5158520615062,136.6869683934814,133.92134577282866,134.8582305908203,1668300
2023-08-11,134.3717762813752,135.641987410292,133.8312568128205,134.82220458984375,1650100
2023-08-14,134.91227924725936,135.18253897601443,133.61505729200042,134.173583984375,1347900
2023-08-15,133.07456675159779,133.60606896119037,131.72328156016889,132.79530334472656,1713900
2023-08-16,133.07455469648744,134.2907167569959,132.01153662761635,132.35386657714844,1564600
2023-08-17,134.5789601808366,135.2546025969823,132.67815230024078,132.88534545898438,1166300
2023-08-18,131.5611100367934,133.89433940088776,131.24581843071448,133.36282348632812,1497700
2023-08-21,134.56096426973338,135.40777178842075,132.54305400833306,133.732177734375,2390900
2023-08-22,134.02044962980952,134.63302556269903,133.2457123496375,133.5970458984375,1384300
2023-08-23,132.39889265397684,133.60603717206584,130.93049202995516,133.52496337890625,1876300
2023-08-24,132.66916673822064,134.96635401493677,132.452956187077,134.2366485595703,2932500
2023-08-25,134.79516892784042,135.13748506691414,133.083533248552,134.7230987548828,1598200
2023-08-28,135.12851287356594,136.90320177565076,134.94834427226448,135.7410888671875,1237900
2023-08-29,135.12849416070506,136.25456494537758,134.45285168990154,136.2005157470703,1175100
2023-08-30,136.47978923891807,136.9662458057949,136.09242745829167,136.30862426757812,1518000
2023-08-31,136.74101350489457,136.96622764870037,135.3537004272823,136.7320098876953,1370600
2023-09-01,137.74097581358697,139.8309698324808,137.35361405348837,139.3264923095703,2555600
2023-09-05,139.56967056954184,140.92997248336243,138.64178960969224,138.90304565429688,2018700
2023-09-06,138.31752886858743,141.2182884835204,138.29952163205942,140.6237335205078,2533900
2023-09-07,140.44352134415126,141.60563391442608,139.04720478092213,139.51564025878906,1840700
2023-09-08,140.62373551199994,142.0741153400065,140.09221961529028,140.5606689453125,1414800
2023-09-11,141.87593869824352,142.18222670325787,136.70501585189774,137.43470764160156,2383900
2023-09-12,139.18234843808023,141.66870777230434,138.93911330067291,140.81289672851562,2837700
2023-09-13,141.3894489206759,141.4615191024243,138.60580516230527,140.34445190429688,1322200
2023-09-14,142.33534532528074,142.90288939206383,141.839871437294,142.26327514648438,1488800
2023-09-15,141.2543281529885,142.78578173788938,139.56971683821388,140.3084259033203,3351100
2023-09-18,141.51558077932629,141.81286515050607,139.9390814977862,140.7678680419922,1018200
2023-09-19,141.89394278466793,142.23627275089336,139.2634427048925,139.984130859375,1117900
2023-09-20,139.2724503648019,140.30843006431567,137.56983176329894,137.7319793701172,1378100
2023-09-21,138.23647085252367,138.32656202938028,135.5429178639047,136.3536834716797,2660800
2023-09-22,136.92118233477888,138.14634770628572,135.27261331492917,135.6419677734375,1367300
2023-09-25,135.86722275175546,137.76801731376216,135.44381897609065,137.50677490234375,1974600
2023-09-26,136.6779719658187,138.99316640719104,136.56987356658965,137.88511657714844,1392300
2023-09-27,139.82194237823143,142.75872959793998,139.1372826458727,141.64166259765625,3027800
2023-09-28,141.6416817064587,143.12810336857575,140.740825091593,141.56060791015625,1221100
2023-09-29,141.70472926930142,141.81282764987867,138.8129738750468,139.524658203125,1851600
2023-10-02,139.7678605578835,139.92101823751835,134.0023852779299,135.30862426757812,1678100
2023-10-03,134.93030069750938,135.9302520751953,133.65108597266465,135.9302520751953,1693800
2023-10-04,134.74113829670458,134.74113829670458,129.930553247427,131.08364868164062,2536200
2023-10-05,129.16483326095863,131.6151644938866,128.8945735117715,130.73231506347656,1718300
2023-10-06,133.14662507594448,137.83107723946168,131.66922061485099,136.23655700683594,4441200
2023-10-09,140.3714647715129,141.80382329057426,139.5336610884908,140.95701599121094,2184400
2023-10-10,140.9570350997097,142.2993163993848,139.89401715023993,140.87596130371094,1661600
2023-10-11,140.62371860665692,143.30826738470503,140.20031491145713,143.10107421875,3028200
2023-10-12,144.74963056021946,146.9747474414574,144.26317404891975,146.26307678222656,3206300
2023-10-13,149.31697036605337,151.64118187104253,149.29894938651645,150.05567932128906,2908300
2023-10-16,151.27184037002002,151.46102630643713,148.7134108954997,150.81240844726562,1661700
2023-10-17,150.68629351044976,152.78529112404638,150.62322694779263,151.76731872558594,1925700
2023-10-18,152.86636943832713,154.40682663525962,152.15468497636738,153.0735626220703,1996000
2023-10-19,152.62312728571558,153.74919806348115,151.12770199380745,152.17269897460938,1580300
2023-10-20,152.172701772977,152.79429505309133,149.55120565509552,149.974609375,2465500
2023-10-23,148.29901581945745,150.79439256351105,147.50627132276912,148.92962646484375,2548800
2023-10-24,149.3620361403927,149.88453464978318,147.00178235714844,147.0738525390625,1604600
2023-10-25,147.56031340288538,148.75845432694157,146.2360531050328,148.35305786132812,1596700
2023-10-26,146.8666587097168,147.41618181665436,143.89382901228393,145.68653869628906,2669100
2023-10-27,145.93878141530055,146.00184798065013,142.26328453013812,144.18211364746094,1589100
2023-10-30,144.37125578980996,145.27211227763203,141.4795141616495,142.72268676757812,1496200
2023-10-31,143.19117096685525,145.18207033948187,141.73178749881907,144.42535400390625,1342500
2023-11-01,145.88472650259388,146.47027782028815,142.97496340383714,143.60556030273438,1700500
2023-11-02,142.6686658554441,147.2720439704709,141.97501611944057,147.05584716796875,1621200
2023-11-03,147.26300807504379,147.77648911442273,144.92077575744415,146.02883911132812,1294200
2023-11-06,146.30811656605403,146.91168880908555,143.326283564907,144.26316833496094,1914800
2023-11-07,142.1731789147683,144.2001060324503,138.3445388035912,143.0469970703125,3074600
2023-11-08,141.92994674062587,143.72264240872067,139.78590383540907,140.506591796875,2448500
2023-11-09,141.1101792474968,142.59658715989096,139.98410848174944,140.1552734375,1785400
2023-11-10,142.0290663556329,142.92992302857846,140.41652521331045,142.07411193847656,1692200
2023-11-13,142.35337094228856,143.5515119300815,141.74979863944216,142.49749755859375,1289700
2023-11-14,143.2812305515219,143.91182735882794,142.45244421249407,143.3803253173828,2417800
2023-11-15,143.03980267437356,145.3314633267764,143.03980267437356,143.3803253173828,1785600
2023-11-16,142.45998243937942,142.6164532125561,136.8274839915503,140.35240173339844,3097600
2023-11-17,141.76054567963388,144.90811959702197,141.27276461907357,143.711669921875,2182700
2023-11-20,144.52157690997407,145.62598659344394,143.21469047947943,143.711669921875,1421400
2023-11-21,142.87415922240245,143.20548351191235,141.33718694819368,142.73609924316406,1127800
2023-11-22,138.95348772334117,142.31275065021683,138.04235644919075,141.88018798828125,1363500
2023-11-24,142.183911835384,143.81291017133563,142.12867941365866,142.31275939941406,549800
2023-11-27,141.53963837200118,142.0826517777821,140.40761965768158,141.75132751464844,1232200
2023-11-28,142.1102670147971,143.31591495486109,141.30955848618245,141.72372436523438,1066600
2023-11-29,142.13787412647847,142.55202595615623,140.83098784179356,141.53964233398438,1031500
2023-11-30,142.80051771638776,144.93570758634118,139.09153409627112,142.11026000976562,2406800
2023-12-01,142.00902398017325,144.28227385473244,141.42000462259492,141.98141479492188,1353900
2023-12-04,140.5548738133381,141.82495245801536,139.9934636632025,141.60406494140625,1372900
2023-12-05,141.9262130604088,142.18390818184716,138.09757976570884,138.18960571289062,1842800
2023-12-06,136.891921084755,137.22324536418685,134.09406849325734,134.8119354248047,3304500
2023-12-07,136.146455400468,136.87353488706628,134.84878127911145,135.8335418701172,2245500
2023-12-08,136.43173108394535,138.4288748755506,136.2108435792998,136.8826904296875,1596100
2023-12-11,136.65264217404416,138.28165461646756,136.50539784039637,137.62820434570312,1992800
2023-12-12,136.45936683746865,137.06678301769392,135.12487125662417,136.10043334960938,2404800
2023-12-13,136.29368510427446,137.8214589039257,135.62183818498852,137.5545654296875,1840400
2023-12-14,139.01789355458405,141.86175170292015,138.8614368390763,141.21751403808594,2552900
2023-12-15,140.5088801169379,141.73293900261476,138.8522585407086,140.91383361816406,4063700
2023-12-18,144.052198585762,145.2762573811669,143.23309326171875,143.23309326171875,1883400
2023-12-19,143.15946232126637,144.88969889127276,142.54283374048438,144.6320037841797,1578800
2023-12-20,144.60439722462075,146.7396013431363,143.26990167221373,143.4171600341797,1581400
2023-12-21,143.98777954998167,144.2362762992243,142.25754281734888,143.8129119873047,1292300
2023-12-22,144.99094583024248,145.70882686339408,143.55521185060107,143.93255615234375,1258500
2023-12-26,145.06454664438306,147.2457704191834,145.06454664438306,146.33462524414062,1038900
2023-12-27,146.3346628269868,147.01572228819612,144.84371037884216,145.4971466064453,911800
2023-12-28,144.93571876794135,145.1289971197715,142.90176709977564,142.9569854736328,1167000
2023-12-29,143.57361268553603,143.90493696885122,142.404772291156,142.72689819335938,2267700
2024-01-02,144.09823435575842,145.98492789602219,143.86814840759632,144.503173828125,1400300
2024-01-03,145.12900473347634,148.07410185477997,143.90494588988292,147.4114532470703,1391300
2024-01-04,148.23974753235106,148.7459252679207,143.13183784224793,143.40794372558594,1815200
2024-01-05,144.3098702602247,145.09215384528548,142.32192483819736,143.52757263183594,1654700
2024-01-08,140.62852779135852,143.3527374267578,138.70501272449474,143.3527374267578,2130700
2024-01-09,143.6012332982293,143.74849166771526,140.10392426125796,140.59170532226562,1356800
2024-01-10,140.06709426813643,140.1683326255351,137.93189038239353,139.30320739746094,1470200
2024-01-11,139.88302229846326,140.41682324677774,138.39205618650624,139.330810546875,1234700
2024-01-12,141.72372281441335,142.27592057489065,139.93825389787804,141.58566284179688,1472500
2024-01-16,140.8402095418978,141.1439246788363,138.69580681866427,139.11917114257812,1423100
2024-01-17,137.49012662472666,139.26639703368943,137.01154403179436,137.84906005859375,1448100
2024-01-18,137.79386031197484,138.3552705324376,136.49617232057767,137.81227111816406,1460800
2024-01-19,137.80304095695138,139.07311959725968,137.14960487630623,139.027099609375,1344100
2024-01-22,139.22956029029666,141.05183644541557,138.19878008834286,139.8369903564453,2268600
2024-01-23,138.9626884567319,140.8954016357571,138.7049933661952,139.40444946289062,1307300
2024-01-24,140.2511669637384,141.37398732981302,139.20197577418188,140.99664306640625,1470200
2024-01-25,142.3219488304727,143.9509611073039,140.3248046919457,143.86813354492188,2399500
2024-01-26,144.03377891847575,144.57677829288116,141.96300573913663,143.79449462890625,1443200
2024-01-29,143.48156525164384,143.48156525164384,141.46602451306245,142.5244140625,2775200
2024-01-30,141.56726443495023,144.84368552302715,141.1807077507799,144.4295196533203,2002400
2024-01-31,144.31910033700697,144.31910033700697,141.2727647894572,141.49365234375,1636100
2024-02-01,142.19311190371377,142.80054215991558,139.2756238495299,140.55490112304688,1578800
2024-02-02,140.41684157918752,140.72054263455036,138.22641913346135,138.2540283203125,1282800
2024-02-05,137.8858927092388,138.56693802411525,136.14642972503685,137.70181274414062,1613000
2024-02-06,138.41968425348878,140.61930509329324,138.05155239776013,139.88304138183594,1927200
2024-02-07,139.8738130774536,140.62850155234696,138.70498684438002,139.3860321044922,1754700
2024-02-08,139.43205707829176,142.09184955257354,139.25718954525433,141.25433349609375,1674700
2024-02-09,141.46603226220134,141.93540248018527,139.2019806458548,139.6529541015625,1015100
2024-02-12,147.2549853300318,154.72817134166536,145.98490658769472,152.75863647460938,7276300
2024-02-13,153.9826847133085,156.14549778002475,150.54060865393294,152.40890502929688,3354200
2024-02-14,154.35082626845588,156.71610194028406,152.87827093946137,156.32955932617188,3724500
2024-02-15,156.9922423706247,165.22931632438397,156.70693804813294,164.29977416992188,3728700
2024-02-16,165.1372653981167,167.0791911909323,163.88561143219175,165.12806701660156,2540900
2024-02-20,165.2661010648982,165.79068959555082,163.14009562875927,163.87637329101562,2792200
2024-02-21,167.7142108993939,169.30641544432027,164.0788564749777,165.4317626953125,3442900
2024-02-22,165.33053186925972,165.9931804172992,162.33941502222828,162.65232849121094,2346100
2024-02-23,161.39148483889053,163.62791346986086,160.498750254265,162.31182861328125,2092400
2024-02-26,161.7871996110903,163.7659468302435,160.7380084406386,163.00205993652344,1374200
2024-02-27,163.29657907786515,164.06046604869573,162.10934186119104,163.77516174316406,1499100
2024-02-28,163.02046957881618,165.49619615860334,162.6523237055541,165.4409637451172,1458000
2024-02-29,166.26005762153642,168.41367221353002,165.66183992801652,167.98110961914062,2029400
2024-03-01,168.7357679384467,170.98140824577817,168.56090043271286,170.4199981689453,1774300
2024-03-04,171.3653168781152,171.3653168781152,166.78871247064652,167.4251251220703,1320000
2024-03-05,167.54678522119696,170.44810064882137,167.4251122256744,168.52012634277344,1141500
2024-03-06,169.39056351192144,170.1767254474136,167.8088713897167,169.56837463378906,1736600
2024-03-07,169.91464461225408,171.85197295285124,169.86784620616135,171.09388732910156,1551100
2024-03-08,170.9909524835824,173.04060004599322,170.64466995178745,171.5431365966797,1251800
2024-03-11,170.8318370371214,172.77853366899555,169.91464823778077,172.6755828857422,1290800
2024-03-12,173.6115095607657,173.95779209890605,171.94558894033415,172.69432067871094,1099200
2024-03-13,174.78138882073216,176.51282997789036,174.07010156289596,175.5394744873047,1436900
2024-03-14,175.96060539806496,177.54229712405052,175.75470385498596,177.35511779785156,1467800
2024-03-15,176.97140719516364,179.11465137800022,175.81088669732898,177.76693725585938,3367100
2024-03-18,178.49696194104553,179.0304238294605,176.69064613442882,177.87925720214844,1170300
2024-03-19,177.73886612238547,180.4998007889866,177.35513917486244,180.27517700195312,1288700
2024-03-20,179.41412590491242,180.64016696205508,177.89795473878092,180.53721618652344,1373600
2024-03-21,180.83673289812984,182.19380105451012,180.0505710493002,181.94110107421875,1326900
2024-03-22,182.50266950442008,182.61497426962117,180.64020122323598,182.22189331054688,1080300
2024-03-25,183.18585389319898,184.73011559369536,183.18585389319898,183.99073791503906,1332700
2024-03-26,183.9907795146079,185.42272250918117,181.6416475420106,181.80075073242188,1541900
2024-03-27,181.45444221521254,183.96267701961474,181.051993030405,183.93460083007812,987000
2024-03-28,185.3197332334447,185.8064109554088,183.90651275491405,185.469482421875,1052600
2024-04-01,186.5738826688985,187.06054615651112,184.90796206076536,186.66746520996094,1148300
2024-04-02,187.18219041799503,187.79989507378266,185.45074944428146,187.52847290039062,1543800
2024-04-03,188.12744664788735,190.42979376725287,188.08066252713832,190.19581604003906,1490100
2024-04-04,190.58893860786284,190.89779098906433,187.71569891507906,188.16493225097656,1459700
2024-04-05,188.49246911797027,191.88983060758034,187.46297558960282,191.225341796875,1519800
2024-04-08,191.46867816947557,195.12809368478156,190.36429573991506,193.33114624023438,1830400
2024-04-09,194.24834772708115,195.1281064282027,191.62779384398098,192.35780334472656,1830200
2024-04-10,190.92586172797743,193.55576959723246,190.70123792600785,193.012939453125,1182900
2024-04-11,193.73358377794173,194.94090272659872,190.55149197896085,194.91282653808594,1250200
2024-04-12,195.94233050569014,198.3757048549768,191.86175791251122,193.11587524414062,1526900
2024-04-15,194.58524549933992,196.05461823803768,191.49673656439495,192.18931579589844,1229200
2024-04-16,190.88841182875854,192.04893231675342,188.88556288113332,190.87904357910156,1331900
2024-04-17,190.56083113184027,191.85239282648416,186.59256352043184,188.25848388671875,1578200
2024-04-18,189.119547440672,189.76531405118664,186.00296201760514,186.80784606933594,1063300
2024-04-19,188.33337364451762,190.78547026812143,187.2758038855649,187.87478637695312,1800800
2024-04-22,187.1821954985443,190.63570929043135,185.35717194860712,189.5968475341797,1416100
2024-04-23,188.59541923048238,191.42187443056574,187.6501542678021,191.27212524414062,960400
2024-04-24,190.65445245326913,193.40601903344614,189.9150747025382,192.08639526367188,1289500
2024-04-25,192.46074257524091,194.35128684404506,190.39237292677961,193.82717895507812,1093800
2024-04-26,192.03021782968267,195.46502386888224,191.73073372683777,194.4448699951172,1184000
2024-04-29,193.49024749465158,194.17345853382437,191.18790012473045,192.66664123535156,1663400
2024-04-30,191.46868209894225,192.43266932677673,187.85606491666525,188.2397918701172,2042700
2024-05-01,189.9899294013387,190.45788489247502,180.80864495018338,183.44790649414062,2875200
2024-05-02,184.20601044194095,185.4507595086089,182.5400757184129,184.96409606933594,1933200
2024-05-03,183.98139421943523,188.62350498717257,183.70997202016122,188.58607482910156,1873700
2024-05-06,189.53133031639996,192.55433311024325,189.20377003691286,191.10366821289062,1791600
2024-05-07,191.3376442625524,192.3016314356618,190.02736031363295,190.6263427734375,1244800
2024-05-08,189.39093208718884,191.64648080493816,188.82937982952882,190.19581604003906,1390200
2024-05-09,190.26136914359486,191.5529310851568,189.89636437065832,190.663818359375,1032900
2024-05-10,191.30022814657153,192.40461069959835,188.07133762303295,189.23187255859375,1732200
2024-05-13,190.1677655404655,190.26134807547058,187.3038800574932,187.90286254882812,1384100
2024-05-14,187.63820801449,188.9614617940286,186.2582309966416,187.1939697265625,1474600
2024-05-15,186.28660155044997,186.95768958262775,182.92174357165447,185.95579528808594,1614800
2024-05-16,186.0880970383063,186.74027723989406,183.81964353615822,183.92361450195312,1145200
2024-05-17,184.6514171617565,187.41135675185149,184.15047006211782,186.8347930908203,1011900
2024-05-20,186.97657628760376,188.16750465837896,186.20151736365025,186.98602294921875,929000
2024-05-21,185.69113464233322,188.18642358341967,185.57770258429406,185.78564453125,834100
2024-05-22,185.4926451350134,185.57770836440343,180.98410648633012,181.79696655273438,1179200
2024-05-23,183.39431613266947,184.47182687725308,181.24874130514115,181.4377899169922,1394600
2024-05-24,183.13911964630094,184.19773711154778,182.58146371639216,182.85557556152344,688400
2024-05-28,184.53801906339115,187.3074056083933,184.5002035675001,186.9198760986328,1304000
2024-05-29,186.7402885484074,186.94821607020486,182.67598839718775,184.33006286621094,1527700
2024-05-30,183.87635106859742,187.04272775015707,183.87635106859742,186.5228729248047,1288500
2024-05-31,186.70246457730065,188.52667983708318,186.1637164172091,188.33763122558594,2933800
2024-06-03,187.57202715447795,187.93120219753087,176.25815752214712,180.2563018798828,2775100
2024-06-04,178.38483066167973,178.91413216076373,174.953817579266,178.8479766845703,1744900
2024-06-05,178.8479955235486,179.59468569789817,178.15801416973372,178.81964111328125,825700
2024-06-06,178.52661734837685,181.05026055626382,178.4510007880706,180.56820678710938,1181400
2024-06-07,180.56821765862287,181.0975336126354,179.37728921246102,179.86878967285156,1027800
2024-06-10,180.3035644410241,184.31115578974163,180.1712390599166,183.33761596679688,961200
2024-06-11,182.05216763381006,183.11077070829813,180.7572682000248,183.05406188964844,716300
2024-06-12,184.55690539828976,185.25634782192105,181.80642670541596,183.03515625,1056800
2024-06-13,181.94820440892815,182.2979184204208,177.95007387758702,179.9160614013672,1268800
2024-06-14,179.49069459936763,179.58521890458684,175.51147229912212,175.776123046875,978300
2024-06-17,176.33380619054526,177.81775436190807,174.9538434244183,177.27899169921875,1235300
2024-06-18,178.4415648255326,179.45292023682813,177.89336992530812,178.51718139648438,1124300
2024-06-20,179.12207506158924,182.987894202842,179.12207506158924,182.1655731201172,1960000
2024-06-21,182.95955867264556,183.0824229767395,179.89715255239702,180.41700744628906,3342900
2024-06-24,181.58900009384925,188.23365177737043,181.33381044011696,187.175048828125,1809700
2024-06-25,187.04274133983301,187.742183739524,185.5682543988922,187.03329467773438,1441900
2024-06-26,187.2979310752473,187.2979310752473,184.32058859065177,186.16371154785156,1258000
2024-06-27,187.38302296762186,188.46053384688324,185.87072041809648,188.27149963378906,1036500
2024-06-28,189.54746576850283,191.74974938822072,188.1580565577499,189.21665954589844,2105900
2024-07-01,190.75733179067524,193.1864508637759,188.82914542293656,192.54373168945312,1230300
2024-07-02,194.2261579098285,197.18457847881294,192.62879223618026,193.66848754882812,1763200
2024-07-03,194.78382025513557,197.32637143611964,193.1297457092418,195.58721923828125,741100
2024-07-05,195.13353601355234,196.10707588695922,191.22046877239092,192.37359619140625,761300
2024-07-08,191.27716859876315,192.39249489265362,190.02007026099824,192.20346069335938,774800
2024-07-09,189.93500330715688,193.40383199559636,188.6779049940628,191.49456787109375,993300
2024-07-10,190.99361446569335,191.54180928809885,189.74596285567873,191.2960662841797,970900
2024-07-11,191.40948899789814,196.8821205071521,190.53047350398845,195.81405639648438,1249100
2024-07-12,196.00309074573008,197.21292689753773,192.2790579818534,192.97850036621094,1128200
2024-07-15,193.76299308395525,200.47381471093837,193.1580750482958,199.36793518066406,1410700
2024-07-16,198.34718375054936,199.0655195414115,196.76871126743055,197.60047912597656,1077600
2024-07-17,199.03717403275112,202.74229964285726,197.87459984929117,199.37744140625,1485200
2024-07-18,199.50028909955188,200.6439553558631,195.31311028213457,198.5172882080078,893900
2024-07-19,197.53428599194623,198.08249521037777,194.0843509070142,194.2072296142578,1348100
2024-07-22,194.11272100514086,194.4624494104026,191.0030673846328,193.46054077148438,930500
2024-07-23,193.13918913976104,193.2904222713703,187.42081434945618,187.4869842529297,1390300
2024-07-24,188.87639877169516,190.86127944312116,187.43971293638833,187.93121337890625,1178900
2024-07-25,187.52478471481598,191.1070455934358,186.69303133844053,188.84805297851562,1067800
2024-07-26,188.58341136183336,190.2847481135039,186.89152127292164,189.75543212890625,775700
2024-07-29,190.54938567046563,191.192104830722,185.71948761689995,187.40191650390625,853000
2024-07-30,187.61929668291583,189.4529586155092,186.48507711893174,187.22232055664062,1525100
2024-07-31,191.89154697481575,192.798916896601,188.0729898220136,191.220458984375,1245800
2024-08-01,190.30361850802,192.5909653676087,185.1240067302934,187.35464477539062,1525000
2024-08-02,184.31116606657048,184.8499287055102,175.78558911588985,178.69676208496094,1999200
2024-08-05,174.03698585009818,176.6362456035119,169.7647439625833,175.0294189453125,2421900
2024-08-06,181.83477061394734,184.15991860538688,176.74966858183106,179.30166625976562,1953100
2024-08-07,182.99733138038562,185.8801495065887,180.63436806749513,180.8895721435547,1454900
2024-08-08,180.53042907182078,188.243146152178,180.53042907182078,186.66468811035156,1319600
2024-08-09,186.28658257846683,190.6533488294654,184.8404501047729,188.81968688964844,1289100
2024-08-12,189.68927554149377,191.74977295703115,188.63067242322765,190.25637817382812,1114700
2024-08-13,187.87451420071946,188.31875251191005,184.84992367311295,185.388671875,1783000
2024-08-14,185.39809739925897,186.135340805607,184.46237314940848,185.68165588378906,1066700
2024-08-15,186.3321478076959,189.2305976411772,186.03561044490093,188.04443359375,1220000
2024-08-16,185.47122843472852,187.6809250989314,185.08860241182435,186.36085510253906,1163700
2024-08-19,187.18350685675094,189.89062913279037,186.7721845959779,187.33656311035156,1189700
2024-08-20,187.19305597734055,187.19305597734055,181.3292186179779,181.51097106933594,1114600
2024-08-21,183.60590502468938,184.60074146363496,181.61621755055074,182.82150268554688,1105500
2024-08-22,183.18500480333927,185.0407716782609,182.50582682271178,183.40501403808594,893400
2024-08-23,184.6964045854543,187.40352680530702,184.5529088770891,186.7434844970703,755500
2024-08-26,189.0679648392255,190.60805868283325,185.98777715201004,188.7140350341797,1127100
2024-08-27,188.58967258357112,189.30710732268625,185.46166763032696,186.25563049316406,876600
2024-08-28,185.05035534113694,186.98265058180073,184.70598603682308,186.12173461914062,698700
2024-08-29,188.53227710324205,190.00541791772972,185.9782112246789,188.24530029296875,1054700
2024-08-30,185.81560078812964,187.1069891803685,184.3902918260195,186.6382598876953,1811900
2024-09-03,183.11805621978442,183.11805621978442,178.30646120074923,179.33956909179688,1414100
2024-09-04,180.18135028949638,181.03270562642598,176.23067151440577,176.27850341796875,1098600
2024-09-05,177.82815286817004,178.23948971181662,174.94885334763308,176.0202178955078,1312600
2024-09-06,175.66628583193918,177.33073967275385,171.04600438430884,171.92605590820312,1505600
2024-09-09,172.68178231096155,172.98788024402145,171.04602449949698,171.4286651611328,1442900
2024-09-10,171.06516098473634,171.42866596593475,161.58545201834255,164.0438690185547,3135100
2024-09-11,164.93346049757233,164.93346049757233,160.55232397568875,161.1836700439453,2580700
2024-09-12,162.58986771714976,170.24250602035383,160.63843677593317,163.44122314453125,2673900
2024-09-13,163.79513949054015,166.9709911307243,163.79513949054015,164.9334716796875,1464800
2024-09-16,166.4448688185799,168.5876126143419,164.37865315083593,167.21969604492188,1638300
2024-09-17,166.64574451967434,172.50000721099943,166.64574451967434,171.96432495117188,1817500
2024-09-18,171.71561626517828,174.95842085626134,170.15640128350566,170.38597106933594,1609800
2024-09-19,174.4801165880142,175.89586493279006,171.54342474906358,173.74356079101562,1175100
2024-09-20,171.48606645189693,174.26970260302684,170.31903791717943,173.1409454345703,7855300
2024-09-23,174.32709072297754,178.1055776391093,173.75313706138246,177.20639038085938,3249300
2024-09-24,179.8369410335787,180.90830537319331,176.1923755746271,177.37852478027344,3046800
2024-09-25,177.37858026303593,177.77078147298133,172.0504385186215,172.69134521484375,1740600
2024-09-26,168.39628076349427,169.44852425198437,160.7914752123538,161.52804565429688,4646800
2024-09-27,163.14466328220527,165.7274254346649,162.01589169785424,163.22119140625,5079300
2024-09-30,162.72377603146617,165.0865290970886,161.43238757669343,164.91433715820312,2768200
2024-10-01,163.49858063030854,171.02685728027518,162.60896862401466,169.81201171875,3149200
2024-10-02,174.69057239829286,175.34105415550263,170.77816510184894,173.41831970214844,3037900
2024-10-03,173.97313253618142,180.62137263781466,173.02612804462981,180.1239471435547,3018800
2024-10-04,183.242402185047,187.05916038413437,181.27185036868156,186.15997314453125,3491700
2024-10-07,187.4418006826199,191.76554527623173,186.53305283166412,190.83766174316406,3780800
2024-10-08,187.60439876190466,188.34096918907,183.5006784316209,185.3564453125,10794600
2024-10-09,184.0267861649394,186.25561836082488,182.52494920268654,185.33729553222656,2270800
2024-10-10,186.24607581723507,189.09667940688905,185.5382161384696,185.6338653564453,1431600
2024-10-11,184.2946453031168,187.48961794250704,184.093757147258,186.49478149414062,1366800
2024-10-14,184.06504156076795,184.91639680556358,181.50141528520217,182.4197235107422,1560500
2024-10-15,175.68541914488125,176.24023708434459,171.84952546960392,171.96432495117188,2845200
2024-10-16,172.39477778985756,175.647142612303,172.39477778985756,174.5375213623047,1916600
2024-10-17,174.1644770183582,176.09675754780594,172.90178477891885,175.972412109375,1753800
2024-10-18,175.4749768953773,176.8428788164614,173.8966116830717,176.0010986328125,1214200
2024-10-21,177.21594360678483,178.6316920212698,174.1357559156379,174.4897003173828,1461000
2024-10-22,176.22108961196318,177.01505240687789,174.36532291014396,176.03933715820312,1068000
2024-10-23,174.42273516317186,175.29322617414834,172.146085452634,173.25570678710938,1415100
2024-10-24,174.43230183538407,175.187993322756,172.44261444811457,173.05482482910156,1072700
2024-10-25,174.69055612568394,176.4984909262682,173.95400036724857,176.3741455078125,2150800
2024-10-28,170.05114971979586,172.08865422421877,169.42936425809765,170.45291137695312,1788200
2024-10-29,170.04158545066025,171.41906241823588,167.5544872336455,168.01364135742188,1690800
2024-10-30,169.1806855216754,170.4911950336468,168.01365712552288,168.97979736328125,1568200
2024-10-31,170.60600223084077,171.35213325930587,168.157145838989,169.0946044921875,2028700
2024-11-01,169.69724310099687,171.09385596895885,167.47798565418245,168.17628479003906,1946100
2024-11-04,170.45295031129712,173.45661018338924,169.79290793940046,171.95477294921875,1918600
2024-11-05,167.30579089389744,171.12254931585542,166.1770338055042,168.0041046142578,3691100
2024-11-06,172.18435695695098,177.7229473500501,169.31461767433512,175.6471710205078,3017300
2024-11-07,174.5375412846369,175.25497607114744,171.61997023357767,173.70530700683594,1727300
2024-11-08,172.75829100502332,174.27924914873896,171.44776695621903,173.9827117919922,2579100
2024-11-11,174.05923388963322,174.18357931465127,171.2277517951416,171.35211181640625,2803600
2024-11-12,172.64349416275545,174.56622863446185,171.98345185731878,172.09825134277344,1788200
2024-11-13,173.14090818092617,175.64714207053632,169.7928795696928,174.3270721435547,1469300
2024-11-14,175.77868900351913,176.9707253748617,173.5195641567177,175.3653106689453,1366000
2024-11-15,175.36531805999036,176.87460890820728,169.1935987740436,169.77040100097656,2123400
2024-11-18,171.58730277041823,176.54774013499818,170.7317221214337,174.86541748046875,1967600
2024-11-19,173.63489939895385,175.68253085474296,172.16407008157196,173.15423583984375,1632800
2024-11-20,173.07733114701938,175.51911028742975,173.03888451579414,174.4424285888672,1647800
2024-11-21,176.1632085993425,178.49922664375467,175.44221320261943,175.6344757080078,2140300
2024-11-22,174.96155326885537,178.87416207798137,174.4808896609739,178.1243133544922,2188900
2024-11-25,177.3552668714376,177.45139079372692,172.00066713134882,172.60630798339844,2957900
2024-11-26,172.77933414934398,173.56762949705478,168.35723781518627,169.1647491455078,2466800
2024-11-27,169.6934909747499,171.88531594026412,169.0974581025909,169.37625122070312,1490400
2024-11-29,169.38583233182595,171.51037168012843,169.20317783557115,170.72207641601562,820300
2024-12-02,170.8951592044091,171.38543084948103,167.20365120311794,169.03018188476562,1719200
2024-12-03,171.15470036405748,171.37581619718472,167.5881844137529,168.96287536621094,1804400
2024-12-04,169.19360974534982,169.501241531313,162.16630932393977,164.3773651123047,2437500
2024-12-05,164.8195400739935,167.39590451279764,164.8195400739935,166.00196838378906,2157300
2024-12-06,165.2040862878693,165.2521409132382,158.43633454032474,160.3782196044922,3104700
2024-12-09,162.96419177208298,163.4063940715732,160.28208065775323,160.65699768066406,1775700
2024-12-10,161.23378715463755,161.39721100622899,156.29256630122842,156.84051513671875,2298900
2024-12-11,158.0037404071612,158.42672672543998,156.2541178485879,157.5615234375,2662900
2024-12-12,157.378890614682,157.70573835932723,155.66771461380293,155.95611572265625,1627900
2024-12-13,156.32142855683537,157.6961195172,154.77369105949285,157.023193359375,1718100
2024-12-16,156.3694828724903,156.3694828724903,152.37996626781697,152.78372192382812,2370800
2024-12-17,151.79356687023045,154.1392077066445,149.77478844694028,153.9469451904297,2714400
2024-12-18,154.79290384316616,155.48506057379618,149.93819873785685,150.0439453125,2546800
2024-12-19,152.46650826904545,153.17788104865753,146.91964590924576,147.1407470703125,2963100
2024-12-20,146.2755552890829,150.17854150794764,146.12173941132235,148.9480438232422,7837400
2024-12-23,148.96727418877714,150.52461960921298,147.78483113304156,150.0631866455078,2107300
2024-12-24,151.34173196865402,151.9858340922208,149.19797644944043,151.66859436035156,823200
2024-12-26,152.15886512058017,153.41820138140676,150.6399664135051,151.9185333251953,1163800
2024-12-27,151.76472775489407,153.3797651572001,150.70727658465185,152.216552734375,1723500
2024-12-30,152.37997610123577,155.68694416618686,151.2744556385794,154.75445556640625,2086900
2024-12-31,154.76408152698622,157.90761111911206,154.47568041402047,157.49424743652344,2491900
2025-01-02,159.72451356941104,161.71446797862967,158.81125563366328,160.3301544189453,1787600
2025-01-03,161.83944606915315,165.28098466603458,161.1953439125025,164.3485107421875,2016400
2025-01-06,165.13679912031114,168.3091820806504,162.2912785836444,163.07955932617188,2121400
2025-01-07,163.65635828850722,166.5787867094226,162.7046390188356,165.75204467773438,2127400
2025-01-08,164.91570606904935,166.3096277610541,162.91614346636138,164.3773651123047,1666000
2025-01-10,168.12652401087902,170.40486492440226,165.05988770273345,168.01116943359375,2725200
2025-01-13,169.26088037446468,173.12540500242602,168.91480200956042,170.74131774902344,3038500
2025-01-14,170.15491355699837,171.95259071811165,168.89557727822776,170.80860900878906,1734400
2025-01-15,171.5873084766782,173.2792391790574,170.80862107184393,172.6159210205078,1669800
2025-01-16,171.7122685044565,173.20232867398872,170.77977989952873,172.19293212890625,1377800
2025-01-17,173.3849605724389,173.91369342407472,171.62573017628034,173.2119140625,1812000
2025-01-21,171.53922482393278,171.81800325268617,168.97248300642696,170.10684204101562,2151200
2025-01-22,169.41467097137274,172.7024078978966,168.20340410434423,170.72207641601562,1608400
2025-01-23,172.15447351571777,173.3176711914918,169.03016017416485,169.79922485351562,1888600
2025-01-24,170.30874015242173,170.8182424244838,165.8385596118846,166.55955505371094,1940300
2025-01-27,166.94407670291537,168.89556964758415,163.6275009629263,164.9637451171875,1773100
2025-01-28,164.81955261763042,166.75182976096212,160.6954652059141,162.7046356201172,1731200
2025-01-29,162.4547030435557,164.944537189238,161.2338132853443,164.25238037109375,1316300
2025-01-30,165.6559169907471,166.32884312481818,162.88728984635236,163.8197784423828,1284500
2025-01-31,162.97381398144563,163.30066173892067,157.59999796134193,158.00375366210938,2917300
2025-02-03,158.79200563584814,159.5610702607193,155.34084481737096,158.11907958984375,2217700
2025-02-04,157.503842055801,161.10881899007268,154.36031273057193,159.86871337890625,1991400
2025-02-05,159.48417227917065,159.48417227917065,155.2639465725862,158.3882598876953,1985300
2025-02-06,159.81105058072956,159.9744744563205,152.84142787605555,153.84120178222656,2122300
2025-02-07,154.44683566358245,154.7736833999665,151.79356313162185,152.01467895507812,1974200
2025-02-10,153.51434160727027,155.49467327541046,153.15865524028067,155.4081573486328,1697300
2025-02-11,156.60020960724026,158.27292437186077,155.4466197934666,155.74462890625,1722300
2025-02-12,154.95633790959604,155.07169248273817,149.1403052584206,149.44793701171875,2391400
2025-02-13,149.44794375845075,151.07257452207304,148.32317794478067,150.13047790527344,2256900
2025-02-14,150.813015628425,154.36992332993356,147.3330011943674,150.91876220703125,3073900
2025-02-18,154.95634992267193,155.3408749754158,148.40971335291576,150.69766235351562,2500200
2025-02-19,152.68759557023554,156.10991793497226,152.38958649569892,154.06228637695312,2086300
2025-02-20,154.10076384924653,156.5425286534471,153.29325246537138,155.821533203125,2352500
2025-02-21,154.66794802772458,155.23512761173598,149.57291042647017,150.08241271972656,3936400
2025-02-24,150.08240254790397,150.73611269243315,149.03455938703115,149.22682189941406,3883400
2025-02-25,151.1302753492042,155.22552447654505,145.82374440334542,146.0448455810547,4696100
2025-02-26,145.9583077072366,148.04438593056096,145.1604043864591,146.53509521484375,3301800
2025-02-27,149.60172987702887,150.90913541825896,145.8717904227722,149.57289123535156,3137200
2025-02-28,149.01530728589657,153.24515529292245,146.70812813201871,152.81256103515625,3361400
2025-03-03,153.77390820081848,154.23534115809142,141.9880271236022,142.27642822265625,3495000
2025-03-04,140.34418089315542,141.8246185134786,135.36449774195947,139.430908203125,5029500
2025-03-05,137.87355328212413,138.2004010286474,134.1724521480911,137.181396484375,3759200
2025-03-06,136.62958481372115,137.8978085531469,134.50941820167554,135.4387969970703,3351300
2025-03-07,136.31010441215665,139.55326912754794,135.06123228403436,135.64210510253906,2813700
2025-03-10,135.29358784077067,137.41375447889516,132.7184075966464,136.0971221923828,3438400
2025-03-11,137.3459742015224,141.3442794359617,136.74574979677803,140.03732299804688,2319200
2025-03-12,139.86306586290237,143.62901890674496,138.68196868257252,141.87673950195312,2411000
2025-03-13,140.67627010378342,142.22525430698735,138.05269639021432,141.15065002441406,2641900
2025-03-14,141.84769624838944,146.20419784888608,140.58914838713756,145.41033935546875,2738700
2025-03-17,145.9912011767123,149.06978831912178,145.458736955545,148.15008544921875,1979600
2025-03-18,149.0794942036902,150.07664786022937,147.26911566572323,150.05728149414062,2352900
2025-03-19,150.37676923608717,153.5134559844664,150.2509100071436,152.5743865966797,2974500
2025-03-20,151.8289371485915,154.17176534219385,150.98668482170996,153.4263153076172,2048800
2025-03-21,151.79987695631468,153.66832494743798,151.1802862247464,153.44566345214844,7798100
2025-03-24,153.78453107394606,156.29193653193636,153.49409464421586,155.87564086914062,2042200
2025-03-25,156.83406180829107,158.05387697102697,155.44966946447082,156.4468231201172,2324100
2025-03-26,157.64728485112224,159.86426862360835,157.1632290650855,157.88931274414062,2373500
2025-03-27,157.4536508746668,158.005481510183,154.54931642805673,155.12049865722656,1468100
2025-03-28,154.8300670511343,155.8272354991049,150.88018508101354,152.5162811279297,1635700
2025-03-31,152.6034112440257,156.44681484838796,151.7998769749511,154.7816619873047,2068900
2025-04-01,155.130181628295,156.0014760107202,152.81639589004192,155.74008178710938,1455900
2025-04-02,153.9684470297098,156.62107786751636,153.21332123869354,156.34033203125,1394900
2025-04-03,146.24292509693163,148.14043019211329,136.60054254779854,136.77479553222656,5414200
2025-04-04,129.7753354502751,131.4888967555915,119.2229197678728,119.43590545654297,5425100
2025-04-07,117.00595444349676,125.12840919617439,113.29808569039574,120.55892181396484,5480200
2025-04-08,125.12840285391178,125.51564151865765,113.66596701981956,115.4472885131836,3368700
2025-04-09,112.1363533454524,132.9701163165701,110.3647075826449,130.6272735595703,5370800
2025-04-10,125.12840793756831,125.88353370504734,115.83453927010326,119.23261260986328,4367600
2025-04-11,119.16483892106085,124.91542349478864,117.17053162923393,124.89605712890625,3928700
2025-04-14,127.60677887652791,128.72011600346113,121.8562013896635,123.56975555419922,2523500
2025-04-15,122.65004614646097,125.87385915755908,122.65004614646097,123.085693359375,1690700
2025-04-16,123.65687143618958,128.35221021343978,123.63750507211799,126.06746673583984,2047300
2025-04-17,128.35222779652779,134.7804877336108,128.35222779652779,133.25086975097656,3667400
2025-04-21,129.90119341569851,130.0657853695284,126.1642972232337,128.1295623779297,2180300
2025-04-22,130.8112269848913,133.57035079178587,130.09483389716598,132.18594360351562,1731900
2025-04-23,133.39606997272574,135.53560277342072,130.10449695711173,131.2178192138672,2130200
2025-04-24,132.57317992336186,133.4154321297812,130.80153425603905,131.81805419921875,2054400
2025-04-25,130.80154768666964,132.87330574269836,130.54984401017978,132.39892578125,1608400
2025-04-28,132.06011465813953,134.18028155022537,131.89553744913803,133.42515563964844,1664800
2025-04-29,133.41544761274034,133.6090669643376,131.02421095137976,132.2924346923828,1665100
2025-04-30,130.15291851696077,130.30781990954304,126.3482324622869,127.80039978027344,1980000
2025-05-01,127.12273013775712,132.05041457073497,126.72580084171807,130.53048706054688,2158100
2025-05-02,132.2052987948253,133.4541708523698,129.55268284501156,132.44732666015625,2368000
2025-05-05,129.72693395230723,130.75312972300347,127.8391195843086,128.83627319335938,2865800
2025-05-06,129.63011154610618,132.63126281802488,127.13239711447744,127.7713394165039,3775900
2025-05-07,128.53615544752947,128.65232408908577,123.67623205558499,125.43820190429688,2549200
2025-05-08,126.31918498089604,132.95075469612735,126.31918498089604,131.83741760253906,2555000
2025-05-09,133.59939752736574,134.90635406423496,132.2924409904965,133.49290466308594,1944500
2025-05-12,140.2212600195062,143.03846790737748,137.5396019170636,138.36248779296875,2264700
2025-05-13,139.03048712777579,142.98038365060097,138.3431214925595,141.50885009765625,2010200
2025-05-14,139.9211284816788,141.29584478915038,139.3886642990157,140.20188903808594,1621500
2025-05-15,136.66323381105138,138.44719817196656,135.03524789014386,138.3789520263672,2596100
2025-05-16,139.17833168152706,139.17833168152706,135.71763624535492,137.57958984375,2291900
2025-05-19,136.4097714504729,136.7119852700926,134.15788654007326,135.84437561035156,1476400
2025-05-20,135.67862861737282,136.30254235759924,133.98241147962972,134.86952209472656,1104900
2025-05-21,134.86951663660636,135.1814586191731,132.69560633265334,132.88082885742188,1650200
2025-05-22,131.36981972481803,133.41699570051807,128.87422435915204,132.861328125,1928900
2025-05-23,130.9311444955716,133.1830291625839,130.38523486416523,132.44215393066406,1766200
2025-05-27,134.32359942337453,134.63555629778733,132.13020285302278,134.03115844726562,1787100
2025-05-28,135.71761801747775,135.71761801747775,132.52013477136924,132.85157775878906,1904900
2025-05-29,134.01165086541923,134.71353892357553,132.70536498632015,134.3430938720703,2103100
2025-05-30,133.20251795455295,133.27076408967338,130.38522289228837,131.16510009765625,4362800
2025-06-02,134.96699708423637,135.5324077535488,132.44215753284985,134.12863159179688,2118500
2025-06-03,134.52832646001454,139.69499704541994,132.4616641758215,138.70065307617188,2770700
2025-06-04,138.56418098754145,140.37738953064252,134.89877672699154,135.84437561035156,2444000
2025-06-05,136.7314476492338,136.8679250481097,133.387743939314,133.9921417236328,2062800
2025-06-06,135.76638489218098,137.6575826380822,135.50317312472995,137.02392578125,1776700
2025-06-09,137.86228308681103,139.71449354801408,136.81920890398797,138.55442810058594,1735600
2025-06-10,139.40255937164443,143.8478414023886,139.15884860351218,141.9079132080078,2282200
2025-06-11,142.13210917050188,145.60254779227026,140.66984470346983,145.17361450195312,3217700
2025-06-12,143.4481227664425,145.63177615624113,142.21982610182428,145.5732879638672,1758700
2025-06-13,153.38176991280315,154.025169761535,148.68303512718887,151.01290893554688,5208100
2025-06-16,150.26227638652912,151.31510845009794,145.0858632301736,147.2305145263672,3828700
2025-06-17,149.21919490898378,152.10472127424154,147.3084964712423,149.08270263671875,3360000
2025-06-18,149.57013814262243,151.2078819401169,144.70568161968592,145.03712463378906,2978500
2025-06-20,146.54814057979146,146.90882770669222,144.38398806854136,145.10537719726562,4309700
2025-06-23,147.20126792272686,147.20126792272686,137.23837297001614,137.59906005859375,4574200
2025-06-24,134.801286478737,137.67707030316478,133.65097889893528,135.84437561035156,3222300
2025-06-25,135.52266326444652,137.10190399246696,134.27486555034505,134.5673065185547,2068400
2025-06-26,135.23020461163676,138.0377568474936,134.30410685672953,137.32611083984375,1581900
2025-06-27,137.05316289994147,137.76480894328807,135.49342314894452,136.25379943847656,2781700
2025-06-30,135.65913813229497,135.65913813229497,133.50472883235156,133.9434051513672,2386100
2025-07-01,134.33335658806882,138.33020361241614,132.96856758286634,136.6729736328125,2014200
2025-07-02,138.3984375,139.27579009535106,135.4544079940612,138.3984375,1852400
2025-07-03,138.1352392520754,138.63241866289243,136.72171998832144,137.35536193847656,1199600
2025-07-07,136.76069006213382,137.65755852934342,132.5688779160904,134.4503173828125,1717300
2025-07-08,134.17738325494983,141.58619563662197,133.89468534396937,140.14341735839844,2482000
2025-07-09,139.9289375515192,140.3773718119952,137.9500077361077,138.54466247558594,1237300
2025-07-10,137.54056530772198,139.5974841841842,135.85409145045554,139.4317626953125,1793300
2025-07-11,139.1003396158199,141.80065868824272,138.36920742066346,140.69908142089844,1333400
2025-07-14,140.15318108641594,140.15318108641594,136.77047471510895,138.3887176513672,1549900
2025-07-15,138.710392403519,139.0710943985066,134.3723443888292,134.41134643554688,2913500
2025-07-16,134.31386135098194,135.1717279126416,131.272356086804,133.0368194580078,2179700
2025-07-17,133.05632273217122,137.70631300317186,132.8808432620811,137.38461303710938,1727700
2025-07-18,139.40252086817839,141.43993875704004,137.76479209864004,137.8135223388672,2388400
2025-07-21,137.72581299365328,138.10600115525048,136.23430444623926,136.32203674316406,1296200
2025-07-22,136.6437280666735,139.84121160175258,136.4877496320545,138.25222778320312,1540500
2025-07-23,139.01261999531883,140.4553834936439,138.03777697957304,140.0751953125,1249100
2025-07-24,139.5974926513722,142.49277709562762,138.8566174429638,141.64466857910156,1851200
2025-07-25,141.93713045381546,142.49278316505928,139.6559867907772,140.97203063964844,1035600
2025-07-28,142.31731565894225,147.19152999910153,142.31731565894225,146.7333526611328,1686800
2025-07-29,146.73335890530868,149.19971027639008,145.46606014795358,148.66354370117188,2587200
2025-07-30,147.79593345369767,148.1078754484049,145.72927125463022,147.20127868652344,2019300
2025-07-31,145.25159377668055,148.37108811770534,144.04278321175494,144.92015075683594,1866000
2025-08-01,144.70568849143027,145.24185508377735,141.17676180621947,142.4635467529297,2830900
2025-08-04,141.3522242333692,144.46197554649095,141.0597683806605,144.06228637695312,2536100
2025-08-05,144.06228223637126,144.06228223637126,137.15064966145525,142.01510620117188,3845200
2025-08-06,143.30190184167748,145.26133065474494,139.24655193386377,140.7283172607422,2171900
2025-08-07,141.96637518352756,143.98429223588357,137.3066273477397,137.56982421875,2202600
2025-08-08,138.42771085502292,141.0402830466893,136.77048067188426,138.4569549560547,1684600
2025-08-11,137.45285698642698,137.9207774409768,132.77360781615977,133.3975067138672,3044700
2025-08-12,134.23587766556926,137.27739793010724,133.67046694251366,135.00601196289062,2581300
2025-08-13,134.52831144238073,136.65346168607354,134.2358556164348,136.45849609375,1945500
2025-08-14,136.49778393877162,138.5204072521492,134.4064234341866,138.21603393554688,1483400
2025-08-15,138.2160345582169,140.0717439638162,137.04762215803382,137.67601013183594,1889700
2025-08-18,136.80215324765413,137.62690962627616,134.71079280433702,136.98870849609375,1408000
2025-08-19,135.9479447263245,138.0883860770414,135.30972860305553,136.43887329101562,1324000
2025-08-20,136.88072087720238,137.90184581066367,135.1526425532568,135.36865234375,1582000
2025-08-21,135.1624490443914,136.4584925976123,133.9351276960629,135.49627685546875,1734700
2025-08-22,136.37995695289834,141.1812379864811,135.9970332501691,140.6804962158203,2029200
2025-08-25,140.79831626523006,142.91913140955475,139.57099476716513,142.6343994140625,1623100
2025-08-26,141.66234628272102,141.92745190419865,139.67899067446606,141.34815979003906,2046200
2025-08-27,141.54452706199694,144.98102700741975,141.34815863293437,144.39190673828125,1987800
2025-08-28,144.93192835504328,146.65999147214436,143.26277426732798,146.463623046875,1061400
2025-08-29,145.81560138391933,147.39639201021004,145.60941977028867,146.06106567382812,1214100
2025-09-02,145.76651926232114,147.38657756905525,144.28390537552875,147.14111328125,1558700
2025-09-03,145.3246586637962,145.99232925799748,138.95241590624138,139.70843505859375,1952800
2025-09-04,139.36481033296505,141.19106528450948,137.99020129370115,140.15029907226562,1572700
2025-09-05,138.22584156101084,139.47280427495576,134.5831601040641,136.1934051513672,1995100
2025-09-08,137.08687910270717,137.36179788331708,133.18890534240634,134.78933715820312,2052100
2025-09-09,135.52574338034148,137.36181148593982,133.75839748572608,133.8173065185547,2149800
2025-09-10,134.5046063456793,137.56799563110192,133.65038050112875,137.1065216064453,2005900
2025-09-11,135.00536929257402,136.84143752072825,134.51444067696465,135.90867614746094,1573000
2025-09-12,136.30141164197977,137.6563642704318,134.35732377089326,134.3966064453125,1752000
2025-09-15,134.96608246883451,135.0151633378781,131.86341046220608,132.0892333984375,3109100
2025-09-16,133.1791142432291,137.52874956814327,133.13001838527768,135.90867614746094,2752100
2025-09-17,135.23118422432037,139.74773321229904,134.02350409663777,137.92147827148438,2225200
2025-09-18,138.2553080889763,138.61859045390133,136.19341698567672,138.08839416503906,1954500
2025-09-19,138.14731336527694,138.14731336527694,135.20174158784266,137.13600158691406,4089400
2025-09-22,135.7123000439638,136.78252076996736,133.66022214211443,136.3112335205078,2136700
2025-09-23,137.1654469629782,143.8617202153236,137.1654469629782,139.60044860839844,2423600
2025-09-24,141.68198533266153,145.45231307567167,141.5936217875794,141.98635864257812,1998900
2025-09-25,141.98635902457593,144.52936537511843,141.29906203550374,143.1449432373047,1306500
2025-09-26,143.57697746733402,148.260440614131,142.67367062036695,145.56033325195312,1646100
2025-09-29,144.0678959202438,144.48027412682853,140.30738122497098,140.9750518798828,1808100
2025-09-30,139.16842743858058,141.515065252508,138.19638353919015,140.50375366210938,2488400
2025-10-01,139.04078350041894,141.8194408706718,138.83458691888805,140.93576049804688,1497300
2025-10-02,139.62991672302493,145.02030307451685,139.49245731654858,140.59213256835938,2614600
2025-10-03,140.9750406872069,145.22648362162667,140.9750406872069,144.79446411132812,2012300
2025-10-06,146.3065341865256,149.72340798768087,145.85488826995044,146.39491271972656,2499600
2025-10-07,145.02028982971467,146.36544423661329,143.0173079494285,146.20834350585938,1358100
2025-10-08,146.4439833834918,147.1509217081016,143.83225483185356,146.36544799804688,1399900
2025-10-09,147.0920031966132,148.75134401875283,141.4070574331029,141.59361267089844,1481000
2025-10-10,139.09969076955807,140.54302187616847,137.15561794549203,137.28326416015625,2134500
2025-10-13,139.64954108863182,140.49393885407648,138.1963966720357,139.53172302246094,1527300
2025-10-14,136.86105651106695,140.50375283609986,136.47813285270067,139.2567901611328,1751500
2025-10-15,140.59212857398686,141.58379890810957,138.2454905702708,139.36480712890625,1105700
2025-10-16,140.0226570609549,140.74923678852707,134.7599018257145,136.91017150878906,1915000
2025-10-17,137.11633537099087,137.4992590333088,135.08389900390347,136.56649780273438,1541200
2025-10-20,137.3618138136654,139.3942653724028,136.87088522250585,138.62841796875,2216200
2025-10-21,138.81496192449794,139.56116792878197,136.9690657778554,138.9622344970703,1410200
2025-10-22,140.50376899808865,142.27109994341168,138.2749489958602,139.69863891601562,2404200
2025-10-23,144.94174114843818,146.66981924290928,143.84206598428418,144.49990844726562,2477500
2025-10-24,145.0792066688287,145.67814012786596,142.56565476924644,143.21368408203125,1434400
2025-10-27,143.8420726360658,144.98103052700944,141.28923805042686,141.78016662597656,1389400
2025-10-28,141.03395801863505,141.33833133282582,137.8625636732314,138.57931518554688,1140500
2025-10-29,138.13749209320713,142.72276342694417,138.13749209320713,141.02415466308594,1473300
2025-10-30,141.02415863180767,141.98637452152877,139.33536299893663,139.5709991455078,1392100
2025-10-31,139.52191183351127,141.87836308223484,139.33535657144657,140.59213256835938,1653700
2025-11-03,140.65104326715,141.0634214914603,137.30290663454625,138.70697021484375,1964300
2025-11-04,139.02114634595947,139.02114634595947,135.00535431156015,136.89051818847656,2390400
2025-11-05,136.67451460234366,138.2651334000559,134.54388634853092,134.79916381835938,1830700
2025-11-06,135.97740085259005,140.4939347120858,135.8301132922673,138.21603393554688,2062700
2025-11-07,139.3648100832509,142.00600828616638,137.1163487583062,141.0437774658203,1564600
2025-11-10,141.8489095356454,143.1154987195598,139.68882671254661,142.10418701171875,1332800
2025-11-11,143.5671506176921,147.24911485187184,142.192556629712,145.46212768554688,1432400
2025-11-12,145.31485144628624,145.93342621626147,143.03693577281905,143.51805114746094,1295000
2025-11-13,143.4488533180856,145.50517086569246,141.7978436615912,142.73704528808594,1602100
2025-11-14,143.1720490970013,148.11515232363183,141.5111585685734,147.502197265625,2001800
2025-11-17,146.98811813702497,147.30448400125763,144.170558198832,144.70440673828125,1271900
2025-11-18,143.9036245325518,149.627746747883,142.7963741923121,147.8778839111328,1853500
2025-11-19,144.04202004037538,147.41321994513444,142.8754549599879,146.9980010986328,1365200
2025-11-20,147.70981451891618,152.73200921692177,144.44736336611817,144.5857696533203,1963100
2025-11-21,144.24965283084387,146.38507720581796,142.25263475322058,144.77362060546875,1873500
2025-11-24,144.19033650508044,146.77063716011062,141.93628249438223,145.9599609375,1776600
2025-11-25,144.41770953581315,145.95007459401782,143.14238042160144,145.34701538085938,1341800
2025-11-26,145.62382458188705,148.96535211684872,144.91201650795526,147.61094665527344,1379600
2025-11-28,147.6109478882612,151.66429861616604,147.34401608701862,150.85362243652344,749300
2025-12-01,151.02167653421097,156.92374268819688,150.59657691959288,154.38299560546875,2404200
2025-12-02,154.22482424462976,155.36173197903807,152.13883403124814,154.20504760742188,1820900
2025-12-03,155.01572109149845,157.57624495711298,155.01572109149845,156.57774353027344,1638800
2025-12-04,156.35034534570107,159.29644566076877,156.20205828645257,157.6948699951172,1652800
2025-12-05,157.82340115587635,162.56878332878637,156.6963742097612,156.7952423095703,2047800
2025-12-08,155.91537941174784,158.36715455814232,154.78835240141566,155.7275390625,1215500
2025-12-09,155.13435658600812,157.90249753006833,154.81800581005658,156.37013244628906,1370100
2025-12-10,156.73591037025594,158.82190053393896,154.10619092012146,158.45611572265625,1817300
2025-12-11,156.2613880775957,159.0295291015571,153.89858516794348,155.25299072265625,1902500
2025-12-12,156.33059150862815,157.33897373158322,154.31379689240947,154.89707946777344,1514900
2025-12-15,155.63854689920404,155.63854689920404,149.8155716791645,152.30690002441406,1897600
2025-12-16,149.9342043940019,150.408738059987,144.76370777477422,147.36378479003906,2939400
2025-12-17,148.93570680994154,153.17689818561234,148.08549237948029,152.31680297851562,2313100
2025-12-18,151.68406372308274,152.02020621907005,144.50668301544513,145.32723999023438,2178300
2025-12-19,145.24814408988215,149.20262668993934,144.99110815153384,146.4443817138672,3981300
2025-12-22,148.40184793843707,151.44680138273657,146.74095738465823,146.7706298828125,1317900
2025-12-23,147.04744660924052,148.06572471138298,145.51508152533583,146.4740447998047,1041200
2025-12-24,146.2763207098912,146.2763207098912,144.76371720914588,145.23826599121094,667500
2025-12-26,145.06029941678256,145.12951010108867,143.15226886016146,144.64508056640625,985300
2025-12-29,146.0687030872112,147.71969778566034,145.74245645791467,146.87937927246094,1398200
2025-12-30,148.15468756266492,150.56692430286492,147.73946871011216,149.52886962890625,1551800
2025-12-31,149.52886814561106,150.02317845353042,148.24365832798998,148.6193389892578,1202100
2026-01-02,149.38059580019603,151.9114624123906,146.98812039928984,150.60647583007812,1370500
2026-01-05,151.98066166619836,152.8209953266609,141.91650980500677,145.31736755371094,2598000
2026-01-06,146.61245365859295,146.68164926370497,142.0252541879813,142.82603454589844,1892900
2026-01-07,142.23285715126949,143.30056933152213,137.82361721900077,138.85177612304688,2492100
2026-01-08,139.14834911914235,148.09536854489937,139.14834911914235,145.97972106933594,2496800
2026-01-09,145.70291705003487,147.18584803343953,144.03214572844095,145.73257446289062,1899100
2026-01-12,145.61392757808204,147.51209248377208,144.3089561762182,145.880859375,1998800
2026-01-13,148.1744668406767,151.62474323119332,147.01778249826833,149.4893341064453,1853600
2026-01-14,149.51898102224948,155.0651430450476,149.47942775160925,151.9806365966797,2496800
2026-01-15,150.44828463884446,151.35782892001833,147.8482225636985,149.10377502441406,2404300
2026-01-16,149.46956047559706,150.12205373371447,147.9273146547044,149.55853271484375,2249300
2026-01-20,151.07112030080214,152.2475812971777,146.56301251497788,147.0078887939453,2055500
2026-01-21,150.07261516613843,154.56094620427652,149.1531901328027,151.2589569091797,1955500
2026-01-22,149.01478964333972,150.8338631442516,147.50220122222936,150.12205505371094,2170300
2026-01-23,151.8620111761754,154.47196896032287,151.45667310918674,152.26734924316406,1227500
2026-01-26,153.75029745557867,154.22483117380855,149.35093830130552,151.77305603027344,1705900
2026-01-27,151.8817932711135,157.45761305971018,151.4270211406811,157.30931091308594,2016900
2026-01-28,159.59303182960304,159.62270432884677,156.63706560092837,158.4462432861328,1748800
2026-01-29,163.12240127123195,166.56279678329136,160.99687298569847,161.21437072753906,2504900
2026-01-30,160.72994513910274,164.0615918619725,159.00973979829695,162.0843505859375,2161200
2026-02-02,156.80512041962353,158.6538361904219,155.70775090507686,156.83477783203125,1748000
2026-02-03,156.76558247977957,161.095730634856,154.98606230672917,161.0265350341797,1876000
2026-02-04,161.05620096851945,167.56132694883425,161.05620096851945,167.0670166015625,2672000
2026-02-05,164.0517107849938,166.13770093078628,161.23413593775643,162.9049072265625,1821300
2026-02-06,162.77638736227266,166.5825829777245,162.64787693301375,165.0304412841797,2090800
2026-02-09,164.0220533779154,165.57417993252184,163.043313517389,164.0714874267578,1738400
2026-02-10,163.9627390674383,164.0615920802793,160.80903681434143,163.01365661621094,1636100
2026-02-11,166.08827527105547,168.59936517637604,164.42739975921907,167.08677673339844,2986500
2026-02-12,166.01906845035785,167.7293931385367,162.48970036289478,165.51487731933594,2316900
2026-02-13,164.72395814028147,168.3620897615417,164.45704144186757,167.2152862548828,1405800
2026-02-17,168.55980822745525,170.83363856954827,161.6394641946565,166.67153930664062,1704100
2026-02-18,169.10355298524763,172.18804436320676,167.5514114359843,172.0298614501953,2497700
2026-02-19,174.26416124561942,175.00562671204213,171.60476935909205,172.73179626464844,2257600
2026-02-20,172.10897590022307,174.5409894859411,170.33935146559068,174.0071258544922,3473900
2026-02-23,174.26417395771782,175.23301801400837,171.2587586002282,171.84205627441406,2711300
2026-02-24,173.0086139806838,173.997234632002,164.20989621801348,170.5568389892578,3975500
2026-02-25,172.4945215317863,172.51429816802676,163.74523809699278,165.8608856201172,2479300
2026-02-26,164.47682053216775,168.98492849685005,162.49957913817343,165.0798797607422,2523500
2026-02-27,167.34381265995114,172.47475597145123,165.54451593273203,172.0990753173828,2459400
2026-03-02,179.12817323395413,181.27347817730993,171.40704857595898,176.92355346679688,5199300
2026-03-03,177.97149756362626,179.43465193406635,171.30818880495084,175.50982666015625,5508700
2026-03-04,173.80940528011695,175.50983411467087,170.58650718377427,174.6991729736328,2533800
2026-03-05,175.31575620837722,178.79661138751501,175.04722884546723,178.06065368652344,5065300
2026-03-06,181.5813096431591,182.07857469908558,178.32919192830875,179.55245971679688,4917000
2026-03-09,182.64544381756536,185.63898908197558,178.51815003997442,181.85977172851562,5221200
2026-03-10,180.29835901899025,181.76031951137315,175.1864748023609,177.3943328857422,2194700
2026-03-11,172.05370862260662,177.07608870127953,171.86474547410202,175.67379760742188,11186100
2026-03-12,177.43411451738558,180.64644241406702,175.93236439028112,176.04176330566406,4683900
2026-03-13,173.94331062693647,182.39681658419812,173.3068119618733,181.37245178222656,4100900
2026-03-16,181.60119949103355,182.6156092509406,178.72700815398076,181.33267211914062,3203000
2026-03-17,182.03877922465549,187.697657809729,181.33267136581,186.1959228515625,2629900
2026-03-18,187.08105173876018,190.15414600746374,186.6036815551083,188.6424560546875,2692200
2026-03-19,190.6911983218334,192.6901982704514,188.64245366004675,189.26901245117188,3262100
2026-03-20,189.26901855979733,193.61511018688873,188.98061151151083,191.48681640625,4606800
2026-03-23,186.22575236539876,193.00845460887092,185.00248464968612,190.73097229003906,3254900
2026-03-24,193.13774471312917,198.86624787039187,193.13774471312917,195.9821014404297,2780700
2026-03-25,193.56538826294556,196.06165322243157,192.9587243261367,194.94778442382812,2182300
2026-03-26,197.80209301141872,203.04327094128374,196.95673634761545,201.08404541015625,3220000
2026-03-27,203.0929932517669,203.789161269061,200.34808053311497,200.73594665527344,5333800
2026-03-30,202.79463835902345,203.57037063074714,196.52909563136484,197.5634002685547,3737600
2026-03-31,198.42864734315597,202.03878124221623,192.72003917675147,196.70809936523438,4423800
2026-04-01,189.48781222033676,194.66932054022885,186.31525888242487,189.5773162841797,4287000
2026-04-02,196.48932234099487,200.36798372402907,191.84485334407344,192.8195037841797,2911800
2026-04-06,193.0184037961438,194.76877131054215,191.62605254974335,193.20736694335938,1463500
2026-04-07,195.04723734763044,198.19989592729428,193.84386443103307,194.43063354492188,2520300
2026-04-08,176.2008945753272,186.31526378974027,174.1819997026307,185.4500274658203,5403100
2026-04-09,186.94181710085718,190.09447557859602,184.2565889666161,185.2908935546875,3384800
2026-04-10,184.6444567566714,188.6424567187317,184.30632017436622,187.18051147460938,2948000
2026-04-13,189.50770888467605,190.96966930940226,186.6335175740539,188.06564331054688,3560300
2026-04-14,185.74839467219013,186.5639014790289,182.01890672398315,185.48980712890625,4133500
2026-04-15,185.34062720661225,187.74738819074085,182.99353559951848,184.85330200195312,3336300
2026-04-16,184.5350543672189,188.3639859660329,184.5350543672189,185.6290283203125,3026600
2026-04-17,175.48482348900478,179.6220721202587,169.61710229083175,179.283935546875,6169400
2026-04-20,180.87517391543938,184.64445127348864,179.42316855203595,182.446533203125,2861200
2026-04-21,183.451023371528,188.9408184311612,182.08850685653962,188.76181030273438,2447000
2026-04-22,190.23371055596527,193.69467095011765,188.22475556568148,192.80953979492188,2043500
2026-04-23,195.7434245695661,197.17553518826682,192.94878219841317,194.5201416015625,2569300
2026-04-24,194.241662440706,194.87816106832517,190.78070210148448,193.72450256347656,1733900
2026-04-27,195.45499522918925,197.05618926353435,194.86822612460512,195.34559631347656,1640700
2026-04-28,198.90601360736815,200.04971711548072,195.5246174461727,198.96568298339844,1863600
2026-04-29,201.42218242027673,204.7439093531188,200.64645014674656,204.19692993164062,2135500
2026-04-30,199.51267341874996,205.76826073984182,199.51267341874996,204.50521850585938,2169500
2026-05-01,203.44106592382983,206.6335140822472,199.164583645936,206.51416015625,3206000
2026-05-04,208.3540499949016,213.33664019037406,206.91198442618318,212.52113342285156,2725400
2026-05-05,208.9507715036502,210.57184518089147,204.46543122454503,205.0522003173828,4916200
2026-05-06,197.75235172344597,197.87170564880137,191.41720015388896,194.01292419433594,3938200
2026-05-07,189.94530363764648,191.0591724605597,185.52958769634824,189.4082489013672,2611100
2026-05-08,188.77174511734103,189.278965151703,185.91744874877125,187.66781616210938,3161400
2026-05-11,189.45798317464659,195.95226348361504,189.45798317464659,195.0770721435547,2290600
2026-05-12,196.97662752562567,198.1103912231022,194.60964105137694,197.06613159179688,1783500
2026-05-13,196.91695076138396,200.29834687604568,195.4152158424316,200.0,1388900
2026-05-14,198.9199981689453,201.5,197.61000061035156,200.25999450683594,1569100
2026-05-15,203.0,204.61000061035156,201.4499969482422,203.55999755859375,2152700
2026-05-18,202.85000610351562,206.9199981689453,199.5,205.6199951171875,1538100
2026-05-19,207.25,208.5800018310547,205.02000427246094,207.77000427246094,1732400
2026-05-20,207.0800018310547,210.8000030517578,202.89999389648438,204.3300018310547,1550900
2026-05-21,208.0800018310547,208.9499969482422,198.75,200.97000122070312,1495600
2026-05-22,199.52000427246094,201.5,198.0,200.7100067138672,1522900
2026-05-26,199.1199951171875,201.89999389648438,194.67999267578125,195.1300048828125,1651900
2026-05-27,191.9600067138672,194.67999267578125,190.75,192.83999633789062,1570400
2026-05-28,194.75999450683594,195.7100067138672,191.7899932861328,194.13999938964844,1947600
2026-05-29,193.11000061035156,193.89999389648438,189.5,191.47999572753906,4583100
2026-06-01,194.49000549316406,201.66000366210938,194.1300048828125,199.02999877929688,1819300
2026-06-02,197.0800018310547,203.6199951171875,197.0800018310547,202.39999389648438,1819300
2026-06-03,202.47999572753906,211.69000244140625,201.50999450683594,210.58999633789062,3174200
2026-06-04,207.16000366210938,207.16000366210938,199.8000030517578,202.94000244140625,4824900
2026-06-05,202.5,203.52999877929688,192.60000610351562,192.6199951171875,3749300
2026-06-08,195.42999267578125,200.02999877929688,194.80999755859375,198.1999969482422,2908900
2026-06-09,196.5,197.02999877929688,191.91000366210938,194.24000549316406,2661400
2026-06-10,196.77999877929688,200.22000122070312,194.88999938964844,196.5500030517578,2732800
2026-06-11,199.5500030517578,200.35000610351562,190.2899932861328,191.58999633789062,2788500
2026-06-12,190.0,195.42999267578125,189.4499969482422,192.1300048828125,2033000
2026-06-15,183.11000061035156,190.83999633789062,182.3000030517578,189.9600067138672,3360400
2026-06-16,186.66000366210938,188.30999755859375,185.5500030517578,188.1199951171875,2241600
2026-06-17,187.27999877929688,188.92999267578125,184.7100067138672,185.47999572753906,2616700
2026-06-18,183.0,183.89999389648438,180.44000244140625,183.5,4783100
2026-06-22,184.77999877929688,188.3699951171875,184.77999877929688,187.8000030517578,1864500
2026-06-23,186.4499969482422,188.97999572753906,186.25999450683594,187.91000366210938,2188600
2026-06-24,184.02999877929688,186.0800018310547,182.0,183.47999572753906,2561700
2026-06-25,181.6199951171875,183.9199981689453,181.0800018310547,182.5500030517578,1748700
