Date,Open,High,Low,Close,Volume
2004-01-02,6.095440026700677,6.167025764527096,6.060972015361555,6.140512466430664,20843251
2004-01-05,6.19619016954798,6.283684765284328,6.167024933116036,6.275730609893799,24475230
2004-01-06,6.230657898243045,6.331409424138271,6.204144602534718,6.302244186401367,24513765
2004-01-07,6.3022437836871,6.3287570777012245,6.1776309120749024,6.193538665771484,40717182
2004-01-08,6.243913573207949,6.562074728287746,6.212097513377935,6.54616641998291,48804908
2004-01-09,6.4825353802136405,6.5435161253146505,6.373830259027633,6.405646324157715,30494617
2004-01-12,6.416251430317833,6.572680360216502,6.408297275378991,6.543515682220459,21789671
2004-01-13,6.548819182437829,6.559424723538907,6.336711701094894,6.432159900665283,23653223
2004-01-14,6.501097138002849,6.564728731662577,6.466629120003119,6.548820972442627,23173628
2004-01-15,6.628361016443464,6.840468542244221,6.620406858950461,6.707901477813721,50162881
2004-01-16,6.805997934453568,6.813952088266615,6.6972928360141655,6.766227722167969,33197132
2004-01-20,6.808650980138124,6.813954307853966,6.64691925048828,6.646919250488281,21082388
2004-01-21,6.609799975493363,6.7185051021848405,6.575333080238269,6.691991806030273,24144930
2004-01-22,6.73441359736956,6.8351645709248725,6.699946144395906,6.758275508880615,26406384
2004-01-23,6.774185010028971,6.798046925728092,6.649571546311584,6.707901477813721,16484833
2004-01-26,6.707900350790141,6.935915596487179,6.707900350790141,6.9253106117248535,26362784
2004-01-27,6.885538166841237,6.967729416943098,6.771530302375231,6.792740821838379,24774041
2004-01-28,6.803349422469976,6.87758710917832,6.373831616563072,6.437463760375977,47882490
2004-01-29,6.53556391859906,6.559425833333932,6.323456401369468,6.437463760375977,44588078
2004-01-30,6.376481514780064,6.402994809053769,6.286335534757832,6.307546615600586,29653013
2004-02-02,6.339364690871013,6.498445063751762,6.26247561198702,6.389740467071533,27420185
2004-02-03,6.389738861688446,6.389738861688446,6.310198416842169,6.339363098144531,20918119
2004-02-04,6.259825533924987,6.267779693425889,6.114001503528561,6.148468971252441,32646412
2004-02-05,6.148465101065189,6.217400549901159,6.082181593840269,6.180281162261963,19762289
2004-02-06,6.167026985968723,6.307548774305137,6.167026985968723,6.304896831512451,23221852
2004-02-09,6.336712768804446,6.3897399264649195,6.267777853591737,6.299593925476074,17663123
2004-02-10,6.296941405221881,6.416252070876613,6.296941405221881,6.395040988922119,19206725
2004-02-11,6.4772316867376025,6.628358392151194,6.281031996822127,6.320802211761475,50120162
2004-02-12,6.363223877650214,6.363223877650214,6.0742268562316895,6.0742268562316895,62592070
2004-02-13,6.19088833457318,6.204145262226848,6.098091511336983,6.100742340087891,34504900
2004-02-17,6.190888674214175,6.251869987986744,6.1564212172035315,6.201494216918945,21768311
2004-02-18,6.267776240851913,6.288986764390576,6.217401038655191,6.233308792114258,23229999
2004-02-19,6.3287588878213645,6.440115422666008,6.312850572795034,6.326107501983643,44867291
2004-02-20,6.283687521572098,6.326108588703094,6.084836333483116,6.132560729980469,47722405
2004-02-23,6.190886107273911,6.190886107273911,6.015897509100391,6.0742268562316895,26862198
2004-02-24,6.031807718385726,6.042412703257217,5.901891503496807,5.965524196624756,41243020
2004-02-25,6.01855049622383,6.06627487453485,5.9761288884784545,6.0318074226379395,28358677
2004-02-26,6.031805949612145,6.1988403977396125,6.0132468139444875,6.156418800354004,24485359
2004-02-27,6.180284955143562,6.2014960468119185,5.978782924974307,6.021203994750977,27990503
2004-03-01,6.071578778166295,6.113999837048429,5.997341089952743,6.098092079162598,20181110
2004-03-02,6.151118302141805,6.151118302141805,6.050367319139922,6.058321475982666,21054203
2004-03-03,6.047715395577604,6.095439775609106,5.984083260055463,6.090137004852295,17269185
2004-03-04,6.071577790533445,6.087485545831642,6.018550640386619,6.053018093109131,15737694
2004-03-05,5.999991130906746,6.071577417297502,5.952266754386325,6.029155254364014,21262292
2004-03-08,6.031807049963881,6.090136409022545,6.002641813654809,6.007944583892822,20380171
2004-03-09,6.029154189764582,6.029154189764582,5.885982199043454,5.923100471496582,26546431
2004-03-10,5.875378587991839,5.986735112228107,5.85947083126085,5.9151482582092285,23978459
2004-03-11,5.8594712600308405,6.002643308205779,5.835608788018453,5.838260173797607,29370716
2004-03-12,5.939012260469363,5.965526123160105,5.867426501544303,5.928406715393066,21095380
2004-03-15,5.923084339605046,5.923084339605046,5.747467327391943,5.776736736297607,24916951
2004-03-16,5.8086649362414065,5.840595236601804,5.707551666524809,5.79802131652832,22281377
2004-03-17,5.800682168114838,5.907116687930371,5.7980212632110355,5.885829448699951,25312210
2004-03-18,5.832612202190939,5.90977676454563,5.806003154366395,5.872525215148926,20672376
2004-03-19,5.875186432948714,5.9124385431089586,5.739481958149982,5.7554473876953125,22960694
2004-03-22,5.646352770672252,5.7048915698299165,5.6037788445671595,5.688926696777344,25480003
2004-03-23,5.707550968388253,5.792698798120104,5.6915855407714835,5.691585540771484,20354187
2004-03-24,5.702231504293683,5.827291824687393,5.67296154449357,5.7527875900268555,18016103
2004-03-25,5.827291950238417,5.994926761225859,5.819309233757305,5.947031021118164,20488729
2004-03-26,5.9124411582768985,5.992266664975081,5.880510843841805,5.949692726135254,16709877
2004-03-29,6.106681467756616,6.237063578579358,6.1013602164971985,6.165220260620117,30784841
2004-03-30,6.1652231826139445,6.1652231826139445,6.056127701459948,6.154580116271973,32297174
2004-03-31,6.146596471099844,6.149257376979107,6.069431318159329,6.077414035797119,38865961
2004-04-01,6.10668395866066,6.159901521972079,6.082735803719923,6.101362705230713,23039306
2004-04-02,6.186512571752288,6.226425620976677,6.106686473303509,6.141278266906738,27750044
2004-04-05,6.162560929094031,6.31955213019298,6.162560929094031,6.290282726287842,21885017
2004-04-06,6.253028706719514,6.284959006628416,6.18118539222977,6.213115692138672,16955400
2004-04-07,6.159898264323872,6.197149812528631,6.010889836389594,6.151915550231934,28827703
2004-04-08,6.210456621506984,6.226422055566254,6.06410904441308,6.0853962898254395,19245040
2004-04-12,6.08539745802563,6.1199886796820975,5.992266859026517,6.021536827087402,18382076
2004-04-13,6.021535370277454,6.026857181364638,5.89647448606562,5.920422077178955,28678848
2004-04-14,5.859220965453384,5.907116695000296,5.837933726197487,5.851238250732422,23001872
2004-04-15,5.867205144500305,5.888492389069032,5.763430944785751,5.824631214141846,22594942
2004-04-16,5.824629133192031,5.853898525238038,5.707551006229207,5.853898525238037,28174370
2004-04-19,5.808667454541118,5.827293238335214,5.726180483560878,5.779397487640381,18637728
2004-04-20,5.774076471551594,5.798024068493629,5.627728866149897,5.630389213562012,23616890
2004-04-21,5.609102040022982,5.691588448514253,5.5266150727526355,5.672962665557861,30455422
2004-04-22,5.667641784317622,5.8459191428095965,5.635711469454947,5.803345203399658,25293713
2004-04-23,5.813987963031548,5.853900990367027,5.646353695245761,5.766092777252197,25477140
2004-04-26,5.766092777252197,5.7953621816238075,5.688927628322207,5.766092777252197,19432210
2004-04-27,5.74746882642071,5.774077894892386,5.646356042566129,5.656999111175537,22380247
2004-04-28,5.601118471101293,5.622405715564582,5.497344830679733,5.507988452911377,26975161
2004-04-29,5.5452387855122955,5.571847273740336,5.321726143327603,5.385586738586426,30234121
2004-04-30,5.36696276100097,5.390910911323556,5.236580622138438,5.241901874542236,29170114
2004-05-03,5.308423687138933,5.335032182928517,5.220614924620645,5.228597640991211,29736248
2004-05-04,5.2844789121141,5.343017745793561,5.268513470867373,5.28980016708374,34942877
2004-05-05,5.32172966003418,5.412198803304883,5.2951211542226995,5.32172966003418,27580050
2004-05-06,5.265849185629452,5.319066735844084,5.2552061226097,5.26318883895874,29203364
2004-05-07,5.26851264841122,5.385590297493403,5.257869022574956,5.32172966003418,36548576
2004-05-10,5.281814450712378,5.305762040220568,5.201988407313145,5.300440788269043,31115361
2004-05-11,5.335033441970107,5.380267727853777,5.295120409476968,5.350998878479004,24761490
2004-05-12,5.281815879052887,5.369624662293615,5.255207376983828,5.350998878479004,24265159
2004-05-13,5.300442978566022,5.441468786083783,5.284478098556394,5.329712390899658,23841935
2004-05-14,5.319066406434835,5.327049122289507,5.188684282590939,5.217953681945801,33484273
2004-05-17,5.130147077122652,5.241902898679703,5.111520734343738,5.188685894012451,19353158
2004-05-18,5.239240398287784,5.316405534475442,5.21529280935259,5.276493072509766,21494603
2004-05-19,5.641031337954142,5.678283455944247,5.4680752754211435,5.468075275421143,72405063
2004-05-20,5.502667607327122,5.566528234364381,5.481380917907733,5.515972137451172,22668489
2004-05-21,5.558546115449875,5.585154619787035,5.476059696126762,5.539920330047607,19421860
2004-05-24,5.561205387981982,5.585152978972151,5.460092654182508,5.518631458282471,21780422
2004-05-25,5.529273418817616,5.606437971861341,5.4787162340514035,5.593133449554443,17923179
2004-05-26,5.587813041137976,5.672960320392112,5.574508516826934,5.654334545135498,15496575
2004-05-27,5.712874081060024,5.720856796689769,5.60111773858036,5.625065326690674,17194097
2004-05-28,5.68094558582646,5.694250116111478,5.609102239845554,5.651676177978516,21682213
2004-06-01,5.65167630773144,5.667641744440001,5.603780556384865,5.633049964904785,22025945
2004-06-02,5.646352419388011,5.680943627425276,5.609100306211039,5.670300006866455,14787971
2004-06-03,5.622404252033237,5.6623172662334165,5.60111701311109,5.619743347167969,14530778
2004-06-04,5.633051508330292,5.699573061950956,5.630390601483124,5.656999111175537,19243718
2004-06-07,5.7128749828244,5.771413789124906,5.696909549044804,5.763431072235107,17911288
2004-06-08,5.72085552933139,5.853898525238038,5.718194624710954,5.853898525238037,23507011
2004-06-09,5.853902066580971,5.901797819944773,5.806006313217168,5.832615375518799,31982288
2004-06-10,5.832616024345793,5.840598743924289,5.723519974331401,5.787381172180176,18417088
2004-06-14,5.715272310830139,5.808746166605435,5.715272310830139,5.76601505279541,19630610
2004-06-15,5.792720746410829,5.87551222946966,5.749990201130703,5.795392036437988,15778211
2004-06-16,5.774024440738947,5.774024440738947,5.720610434177735,5.741976261138916,16747311
2004-06-17,5.688562973643423,5.712598407959801,5.571052043771911,5.6324782371521,20403732
2004-06-18,5.608442971141312,5.619125325466086,5.530992397025268,5.5870771408081055,21368648
2004-06-21,5.5657108382875995,5.619124282523103,5.549687029353639,5.552357196807861,21394412
2004-06-22,5.541677659931992,5.600432590610012,5.539006369437161,5.579066753387451,20582314
2004-06-23,5.565712232222379,5.680551895184593,5.52298112962692,5.643162250518799,24520591
2004-06-24,5.63247893780134,5.683222223715982,5.597759463704808,5.613783836364746,23451961
2004-06-25,5.597759010212027,5.640490667176695,5.533663207290366,5.557699203491211,24245121
2004-06-28,5.576392629416932,5.675207873958701,5.576392629416932,5.603099346160889,24496810
2004-06-29,5.58707881445266,5.64850503421941,5.581737355269291,5.635151386260986,17808455
2004-06-30,5.595091003227714,5.661858121335835,5.59242027363603,5.635151386260986,18590605
2004-07-01,5.568383998760228,5.571054167380735,5.434849769004233,5.496275424957275,24226844
2004-07-02,5.496274647696681,5.501616105866268,5.400129522327879,5.450873374938965,13257581
2004-07-06,5.394789606941955,5.4081426939545185,5.320010300640424,5.352057933807373,21305011
2004-07-07,5.344045100386175,5.496274985037047,5.341374931979387,5.410813331604004,19229405
2004-07-08,5.3680834874153565,5.4214975296949595,5.320011466290041,5.338706016540527,15573865
2004-07-09,5.354727641356901,5.408141095302066,5.346715455012578,5.376092910766602,17052728
2004-07-12,5.3413752647031885,5.389447833332626,5.328022178469761,5.370753288269043,16195710
2004-07-13,5.397456317381971,5.472235575770511,5.386773966784776,5.408139228820801,14001197
2004-07-14,5.328022780817721,5.35472951714581,5.279950206753544,5.314669132232666,25288869
2004-07-15,5.303983787110383,5.344043027778925,5.215850877767732,5.247899055480957,24262957
2004-07-16,5.266595075955137,5.3306920102821485,5.229205431281824,5.245229244232178,18078200
2004-07-19,5.207840550928949,5.317338764194625,5.199828363432017,5.2746076583862305,17398442
2004-07-20,5.255914629231157,5.4081434313185115,5.2479024394260145,5.341376304626465,18476982
2004-07-21,5.4028007553827715,5.4028007553827715,5.253241610734294,5.258583068847656,16546709
2004-07-22,5.210510697922238,5.341374169049732,5.210510697922238,5.330691814422607,16076582
2004-07-23,5.333362845353929,5.333362845353929,5.215852999550264,5.229206085205078,14214791
2004-07-26,5.231876481570388,5.287961232445815,5.19181610547134,5.269266128540039,16246796
2004-07-27,5.266596988129277,5.370754333911987,5.245231148648897,5.341376304626465,16158937
2004-07-28,5.277278163444496,5.3387038099619595,5.213181227032921,5.3226799964904785,14234389
2004-07-29,5.3894454988697325,5.450871687967524,5.368079672803817,5.397457122802734,15395283
2004-07-30,5.400129459985798,5.4375191058993755,5.341374542482412,5.381434917449951,15434479
2004-08-02,5.2746065165205875,5.44286017416437,5.2746065165205875,5.440188884735107,15768302
2004-08-03,5.41882214025963,5.42950505169846,5.384102678083434,5.408139228820801,16355575
2004-08-04,5.368080667282646,5.4882617786427605,5.365409938529632,5.458883762359619,15386475
2004-08-05,5.477580511966368,5.520311624031571,5.448203047684663,5.474909782409668,20577250
2004-08-06,5.413484449236007,5.413484449236007,5.279950206753544,5.314669132232666,19982269
2004-08-09,5.290633530615525,5.368083015811476,5.287962800694072,5.309328079223633,13210679
2004-08-10,5.35205505049364,5.394786700607391,5.293300153270614,5.328019618988037,14707598
2004-08-11,5.325351413308398,5.325351413308398,5.1116964040869215,5.21318244934082,23939924
2004-08-12,4.569545278505934,4.569545278505934,4.294464429915253,4.5268144607543945,178324346
2004-08-13,4.521473028796169,4.5241434770786695,4.374585193476149,4.406633377075195,60167228
2004-08-16,4.414645827557943,4.5161315614184945,4.409304089410336,4.513461112976074,40570088
2004-08-17,4.513461112976074,4.553521485084365,4.489424833626916,4.513461112976074,30986104
2004-08-18,4.468059602300065,4.756493817204513,4.468059602300065,4.6817145347595215,37767823
2004-08-19,4.676373607329315,4.777859353288137,4.6737031585685465,4.729787349700928,29284838
2004-08-20,4.729786114246603,4.847296485022167,4.727115385762493,4.83661413192749,30150004
2004-08-23,4.72711541701769,4.855308702577297,4.72711541701769,4.775187969207764,21236308
2004-08-24,4.775186665354902,4.817917188032206,4.6897247787378715,4.72177267074585,27089004
2004-08-25,4.737801056948195,4.865994431439674,4.727118696372189,4.833946228027344,24413134
2004-08-26,4.825933008404726,4.8873592326251325,4.825933008404726,4.857981204986572,15746062
2004-08-27,4.857979549971386,4.898039922261446,4.857979549971386,4.876674652099609,13624435
2004-08-30,4.839286010297204,4.876675661450535,4.777859794289758,4.785871982574463,18984983
2004-08-31,4.772516408389056,4.791210943799382,4.716432241316406,4.777857303619385,15743860
2004-09-01,4.76717743741878,4.7992256297156395,4.74047070397839,4.785871982574463,17855357
2004-09-02,4.77251782966547,4.817919098114816,4.753822727845991,4.812578201293945,13442770
2004-09-03,4.740470230585486,4.753823315551233,4.695068395681369,4.727116584777832,27929507
2004-09-07,4.753823564316425,4.809908318801552,4.753823564316425,4.804566860198975,18418849
2004-09-08,4.756493730877492,4.815248639942847,4.756493730877492,4.79121208190918,23315437
2004-09-09,4.788541227398696,4.89803884381611,4.780529042536429,4.8392839431762695,20783577
2004-09-10,4.83928614385695,4.930089825239117,4.83928614385695,4.884687423706055,16162460
2004-09-13,4.924924880525352,5.026856209341436,4.911512567099079,4.991985321044922,20575928
2004-09-14,4.951747504280864,4.975889098122746,4.935652732849121,4.935652732849121,22020661
2004-09-15,4.938335762795976,4.946382586131715,4.860545485206041,4.903464317321777,21508916
2004-09-16,4.884689163490731,4.924925545899726,4.882006137137092,4.887371063232422,14868124
2004-09-17,4.898098750692012,4.908828598140579,4.841768178198488,4.857862949371338,27237859
2004-09-20,4.865909507279644,5.0134426655381175,4.865909507279644,4.938335418701172,24061474
2004-09-21,4.9758926230987015,5.0349057002091255,4.970527695487547,5.016129016876221,19715827
2004-09-22,4.994668006896973,5.040269316420897,4.9893030806816885,4.994668006896973,21188745
2004-09-23,5.0000318194924995,5.091234418227475,5.0000318194924995,5.053679943084717,19927880
2004-09-24,5.053679594019096,5.077821754943331,4.970524951864195,4.9839372634887695,25388840
2004-09-27,4.922240423322668,4.9866183824381745,4.895416367575496,4.935652732849121,21960766
2004-09-28,4.924925034491593,4.9517490988768325,4.849817203568189,4.892735481262207,20059119
2004-09-29,4.892735698307022,4.967843532562256,4.857864807373456,4.967843532562256,18757737
2004-09-30,4.967841703824108,5.096598185138406,4.962476780022795,5.029537200927734,24156380
2004-10-01,5.059046126294944,5.182437165488905,5.059046126294944,5.128788471221924,18845377
2004-10-04,5.128787999105523,5.217308139340487,5.0992820367683835,5.112693786621094,21491300
2004-10-05,5.010759584594581,5.099279683986824,4.997347277624354,5.0912322998046875,23823438
2004-10-06,5.069772503929242,5.14756275613844,5.05367773589743,5.144880294799805,15036797
2004-10-07,5.0965988191989675,5.136834626103023,5.06172681015206,5.1046462059021,17612036
2004-10-08,5.07782178531995,5.096599021706685,4.930288609790334,4.978572368621826,19524473
2004-10-11,4.957113673434344,5.024174111302291,4.930289047642464,5.0000319480896,11291856
2004-10-12,4.9490656533172,5.013443057074095,4.882004660712268,4.970524787902832,18677144
2004-10-13,5.029536834898203,5.093914789217316,5.002712781149522,5.069773197174072,24834596
2004-10-14,4.938336656591697,5.0295386984518355,4.884688529216534,4.930289268493652,26052963
2004-10-15,4.930289596528676,4.970525976390112,4.882005828033766,4.884688854217529,22021982
2004-10-18,4.882001572880873,4.916873559898171,4.841765791394885,4.895413875579834,26480371
2004-10-19,4.911512720646015,4.959795923878263,4.882005630185745,4.892735481262207,22189774
2004-10-20,4.855180397434826,4.898099228106639,4.820308953133813,4.89005184173584,21393091
2004-10-21,4.879321095405168,4.959793817693933,4.863226888930821,4.924922943115234,16564105
2004-10-22,4.890051372085432,4.924923376343048,4.809579206023495,4.81226110458374,17749221
2004-10-25,4.747883810616133,4.83908583690064,4.742518886133667,4.804214954376221,15702242
2004-10-26,4.828358307873072,4.852499913521453,4.718379287540764,4.790804386138916,28635689
2004-10-27,4.801533439784215,4.978573166117814,4.793486051472253,4.949066638946533,25723984
2004-10-28,4.908829813617241,4.978572712690531,4.903464888564548,4.9597954750061035,17538049
2004-10-29,4.91151187527747,5.010761290734206,4.91151187527747,5.005396366119385,23023672
2004-11-01,4.981255093433311,5.072457691219988,4.9624778560571725,5.03222131729126,19001278
2004-11-02,5.034903030511736,5.179754309288821,4.97857244707551,5.096599102020264,21153733
2004-11-03,5.198530982665618,5.225355043192115,5.085869252487331,5.096599102020264,22749082
2004-11-04,5.096599363518916,5.254861835720701,5.083187050914585,5.238767623901367,20218103
2004-11-05,5.303145529051367,5.354111752981339,5.262909155065779,5.281685829162598,23002092
2004-11-08,5.257542636029968,5.340697821274955,5.257542636029968,5.313873767852783,17762653
2004-11-09,5.327286955186341,5.364840298190041,5.284367561340333,5.284367561340332,20612041
2004-11-10,5.2360846208998755,5.252179396095232,5.077822148008189,5.088551998138428,35397590
2004-11-11,5.07245473033384,5.228034646963393,5.0563599648348205,5.163656711578369,26767292
2004-11-12,5.166342224381042,5.217307885290227,5.096599325964156,5.187801361083984,33192728
2004-11-15,5.177069581655024,5.230718248377028,5.16365783745376,5.209258556365967,27909469
2004-11-16,5.190484427596436,5.311193564275164,5.144883123077015,5.2790045738220215,36841662
2004-11-17,5.702825897648606,5.718920673179979,5.370206169725675,5.418489933013916,85922260
2004-11-18,5.415805390934408,5.464089140705343,5.383616412189025,5.4345831871032715,27222225
2004-11-19,5.431902259724902,5.456043862280837,5.386301517486571,5.386301517486572,22690509
2004-11-22,5.367523143831235,5.426537320779603,5.351429494911617,5.418489933013916,22079014
2004-11-23,5.394348479747036,5.431901830396589,5.362158927808746,5.407759666442871,17963035
2004-11-24,5.399713262379767,5.431902253519555,5.372889196980934,5.402395725250244,12820484
2004-11-26,5.3836196252580715,5.410444259643555,5.3836196252580715,5.410444259643555,5252871
2004-11-29,5.397031338630384,5.431902796124034,5.335335813058387,5.391666412353516,17941235
2004-11-30,5.35947653578788,5.3836181367539035,5.332652472124977,5.364841461181641,17202905
2004-12-01,5.388979355794953,5.507005943365404,5.364837771432672,5.504323482513428,21633769
2004-12-02,5.472137995779742,5.552610745907296,5.466773633969661,5.517739295959473,17192996
2004-12-03,5.568705143377734,5.635765582948404,5.557975856094432,5.630400657653809,30396628
2004-12-06,5.590163957768232,5.756473798988929,5.568704259994078,5.721602916717529,27499897
2004-12-07,5.686729514255102,5.7886619270913675,5.641128794271452,5.654540538787842,27926204
2004-12-08,5.676000233360843,5.686730080687241,5.616987199677093,5.63844633102417,23484330
2004-12-09,5.686730850967951,5.686730850967951,5.477502179597005,5.598211288452148,25518097
2004-12-10,5.611625042588777,5.641132137283598,5.498963280035629,5.582118511199951,17355944
2004-12-13,5.622508116390287,5.6359716212308895,5.477097853370552,5.574038028717041,16194609
2004-12-14,5.587505565959484,5.600969079153896,5.533649816741853,5.54711389541626,16975658
2004-12-15,5.5282616747301,5.582117399490304,5.5201832311941095,5.576731204986572,24322411
2004-12-16,5.536338233004131,5.6709772300688,5.528260356873526,5.6682844161987305,27887229
2004-12-17,5.668284971675839,5.679056228211673,5.59558068649794,5.644049644470215,34528021
2004-12-20,5.64404980311031,5.700598336033213,5.630586297541751,5.649435997009277,16230281
2004-12-21,5.64943450445391,5.719446524448509,5.646741690955693,5.711368083953857,19343689
2004-12-22,5.700596829960988,5.719446524448509,5.654820131450345,5.711368083953857,14901154
2004-12-23,5.687134954916862,5.714062532122912,5.6548217491736645,5.67097806930542,9432487
2004-12-27,5.630585133653423,5.711368412284902,5.603657562602783,5.679055213928223,13751490
2004-12-28,5.665592956721882,5.722141496032,5.635972562549791,5.7167558670043945,12162527
2004-12-29,5.679055475291783,5.724832178540756,5.665591406407035,5.708675861358643,12202603
2004-12-30,5.692517305489429,5.714059809373015,5.681746619027054,5.689825057983398,9024677
2004-12-31,5.689824396999453,5.70867352022848,5.635968709026295,5.646739959716797,11881552
2005-01-03,5.6871341132892175,5.722140128120519,5.652127532978313,5.6682844161987305,18188740
2005-01-04,5.66828305963883,5.697903439641105,5.541723099952892,5.630584239959717,20448433
2005-01-05,5.6144283295551585,5.695211601169939,5.603657075878652,5.654819965362549,25067788
2005-01-06,5.665592157541881,5.697905361669722,5.606351377554115,5.644049644470215,19883620
2005-01-07,5.641360518695494,5.6548245968185755,5.592890402932373,5.6117401123046875,30230818
2005-01-10,5.571344049107079,5.617120747659975,5.5444159141000515,5.603657245635986,18342440
2005-01-11,5.466327981644287,5.469020230632088,5.250906217120361,5.399008750915527,46168013
2005-01-12,5.399008477619756,5.425936055452252,5.285911972147638,5.396315097808838,27833500
2005-01-13,5.401699756148099,5.463633337197888,5.361308118143595,5.372079372406006,21799139
2005-01-14,5.366693508299748,5.420548646274666,5.3289941200459845,5.404391765594482,21118281
2005-01-18,5.393621434457953,5.539031108290721,5.377464552707845,5.5013322830200195,31857875
2005-01-19,5.501333438916919,5.517489758582114,5.4528633489619915,5.460941791534424,18587082
2005-01-20,5.364000224966853,5.469017678270469,5.361307411756046,5.390927791595459,19998564
2005-01-21,5.366695755518258,5.439400618064063,5.366695755518258,5.382852077484131,24270004
2005-01-24,5.372081015822384,5.436706864728448,5.339767808629496,5.355924129486084,24905281
2005-01-25,5.372082067322013,5.380159946591567,5.285913120954969,5.293991565704346,25210918
2005-01-26,5.302067381861638,5.334381148285386,5.248212235447931,5.275139808654785,26468260
2005-01-27,5.272447097303324,5.307453678276383,5.18897099671141,5.2482123374938965,23593329
2005-01-28,5.223978254791347,5.2455202034719335,5.0866464234586655,5.207821369171143,40191785
2005-01-31,5.229362538367412,5.323609892810803,5.226670289978369,5.275139808654785,20895439
2005-02-01,5.304761547444393,5.423243691416602,5.2966831037799755,5.3370747566223145,20330626
2005-02-02,5.328995668711542,5.339767491108257,5.267062637877617,5.269754886627197,17305958
2005-02-03,5.318224706181028,5.466327219322138,5.304760635721054,5.358616352081299,20923184
2005-02-04,5.337073616757234,5.522874953957585,5.334381368257172,5.506718635559082,20447111
2005-02-07,5.506719076826702,5.525568210715322,5.466327429374319,5.4851765632629395,12264479
2005-02-08,5.471714098741276,5.504026744274953,5.4178583700656615,5.423243999481201,17948722
2005-02-09,5.9510269117279195,5.994110809911679,5.660206923369504,5.797538757324219,224995956
2005-02-10,5.708676641390308,5.800230625877744,5.665592180551654,5.784074306488037,57506992
2005-02-11,5.7221421195064455,5.789461358727021,5.7086780454704105,5.7356061935424805,37891135
2005-02-14,5.641355567454635,5.6817472008934375,5.53364473344432,5.592885494232178,41418299
2005-02-15,5.568653082682094,5.6979059116698085,5.560574639500434,5.687135219573975,35657867
2005-02-16,5.627893606487927,5.722140974928633,5.609044472087598,5.67097806930542,38110895
2005-02-17,5.70059876598209,5.784074881817695,5.600966329149742,5.617122650146484,50631026
2005-02-18,5.619813956393411,5.711367916205191,5.590193008783019,5.654819965362549,20896540
2005-02-22,5.587501588832068,5.684440624367585,5.539031505584717,5.539031505584717,21491520
2005-02-23,5.536339499429154,5.547111322853065,5.45017113231492,5.482484340667725,22046204
2005-02-24,5.425935547434661,5.536338662759075,5.358616326416514,5.504025459289551,26208865
2005-02-25,5.458248234601164,5.584808222428685,5.4555559862563765,5.563266277313232,15645430
2005-02-28,5.506717768198179,5.622507054647967,5.506717768198179,5.600964546203613,19906300
2005-03-01,5.587503779552266,5.600967288442196,5.479792881033759,5.57942533493042,19472947
2005-03-02,5.493254737754848,5.611736860134089,5.471712790722097,5.574038028717041,15733510
2005-03-03,5.56326560860497,5.627892001662786,5.533645225576766,5.603657245635986,17119229
2005-03-04,5.6278938409762915,5.6386650984993745,5.530954219707671,5.536339282989502,24593477
2005-03-07,5.522876110640986,5.66020739044855,5.520183296097328,5.619816303253174,30046730
2005-03-08,5.595581527830755,5.644050493090659,5.584809704195648,5.633279800415039,17929565
2005-03-09,5.600967738600407,5.665594169809672,5.517491601758521,5.557883262634277,21827765
2005-03-10,5.544415473937988,5.560572353659536,5.460939958481763,5.544415473937988,15334067
2005-03-11,5.525570561870917,5.5605765958275875,5.3451547614050146,5.369389533996582,31485517
2005-03-14,5.420758876740317,5.4856456431417575,5.404536901261064,5.461313247680664,19928540
2005-03-15,5.46671902287947,5.496459305914677,5.382907201235123,5.445090293884277,19027922
2005-03-16,5.407238775301078,5.477533411368862,5.38020272620276,5.4667181968688965,25497619
2005-03-17,5.4477936834027085,5.542420148688941,5.439682697526206,5.509977340698242,21591050
2005-03-18,5.5099761473185325,5.5126792409342595,5.426163212504973,5.434274196624756,43132556
2005-03-21,5.4207545860699495,5.4829376406719845,5.415347265190236,5.447790622711182,21861236
2005-03-22,5.447793895852909,5.485644596995015,5.391017560260911,5.409942626953125,21641036
2005-03-23,5.339646822038202,5.380201167817839,5.2909814935511505,5.342350482940674,28018248
2005-03-24,5.3342400039506455,5.409940813096042,5.32072226591923,5.355869293212891,14129794
2005-03-28,5.358572466596117,5.399126816810661,5.299093055752118,5.350461483001709,16951877
2005-03-29,5.350463198801688,5.907409067858062,5.342352780363908,5.888484001159668,99364810
2005-03-30,5.812780545929179,5.985812018200414,5.753301137017734,5.947961330413818,98579576
2005-03-31,5.934444990307895,5.958777378273831,5.891186970112533,5.931740760803223,44812241
2005-04-01,5.934443245256222,5.958775626067104,5.791150918070631,5.869555950164795,36033088
2005-04-04,5.869557661451473,5.926333990240095,5.8263002091219445,5.9236297607421875,34235375
2005-04-05,5.907410805670095,5.977704904527481,5.8263026231285435,5.829005718231201,27712831
2005-04-06,5.8641500877986985,5.93985147778227,5.829003054431869,5.88577938079834,22564995
2005-04-07,5.885780824506461,5.931741947889211,5.829004484213466,5.89389181137085,16299204
2005-04-08,5.880369982980602,5.918220664618839,5.842519301342365,5.850630283355713,14928239
2005-04-11,5.853335337576488,5.896592783098212,5.807373662982445,5.8317060470581055,15704444
2005-04-12,5.799261900926741,5.893888898733122,5.7749289523584135,5.869555950164795,15552946
2005-04-13,5.826299202989348,5.964183089145525,5.8235949739584285,5.934443950653076,27768761
2005-04-14,5.912817336982251,5.912817336982251,5.856040992297647,5.880373954772949,31113820
2005-04-15,5.812783953729806,5.815487048667334,5.61271575306375,5.634345054626465,44482162
2005-04-18,5.582974240947367,5.618121844716417,5.4586075001143834,5.526197910308838,36416236
2005-04-19,5.526197629310227,5.612713667904194,5.526197629310227,5.582973957061768,19168190
2005-04-20,5.555936926170195,5.61541633734497,5.550529603743851,5.566751003265381,18677364
2005-04-21,5.596494149044621,5.739785995858121,5.582975836040407,5.6992316246032715,22909388
2005-04-22,5.6640846607069575,5.701935369909984,5.582975917020786,5.618123531341553,22325417
2005-04-25,5.677601001378813,5.710044374030152,5.653268046072107,5.704637050628662,13594487
2005-04-26,5.582974255651409,5.582974255651409,5.474829485503932,5.534308910369873,35536537
2005-04-27,5.474830501723567,5.482941488735628,5.391018104781066,5.453201770782471,39184590
2005-04-28,5.39371919948884,5.52619573822144,5.3558685165263515,5.488345623016357,32095691
2005-04-29,5.488347794681478,5.561345528724965,5.4721258236684225,5.534308910369873,26060890
2005-05-02,5.561342292299107,5.6775979802980565,5.555934971774882,5.669486999511719,27362933
2005-05-03,5.669488923382686,5.750597623254705,5.62623091226711,5.677599906921387,19850149
2005-05-04,5.677599447263228,5.71815379391596,5.615415812925069,5.685710430145264,19107415
2005-05-05,5.672194457823238,5.696526848717699,5.593789393237255,5.6586761474609375,14968315
2005-05-06,5.664083494645623,5.70193419605635,5.628936455318354,5.672194480895996,14363866
2005-05-09,5.528901522574302,5.62352797272965,5.523494199521272,5.607306003570557,19951661
2005-05-10,5.542418360997941,5.566750743021455,5.488346274777363,5.528900623321533,20316533
2005-05-11,5.537013274023354,5.55864143371582,5.469422862014408,5.55864143371582,19020656
2005-05-12,5.528899300392216,5.553231676593591,5.447790622711182,5.447790622711182,21066974
2005-05-13,5.47753434444445,5.610011518574991,5.439683074398358,5.574863910675049,28310233
2005-05-16,5.558640511521949,5.6911182194180965,5.5234940481555315,5.680303573608398,20878043
2005-05-17,5.618119300061388,5.8262977600097665,5.610008318249988,5.826297760009766,35369405
2005-05-18,5.972292968044015,6.166953704927946,5.90740624500184,6.0966596603393555,75390755
2005-05-19,6.042586610007219,6.096658681273094,6.0101432536962305,6.085844039916992,28148386
2005-05-20,6.083143711090088,6.150734114759439,6.0669217416858086,6.083143711090088,22933169
2005-05-23,6.058808977271853,6.14532498649969,6.058808977271853,6.0966596603393555,23431042
2005-05-24,6.061514238594605,6.145326609179984,6.042589175942373,6.142622947692871,15814324
2005-05-25,6.085846765198948,6.172362799275573,6.075032686757548,6.16965913772583,19181842
2005-05-26,6.169660738997966,6.285916512537184,6.156142427740714,6.218326091766357,26846784
2005-05-27,6.164253698767804,6.202104404275929,6.137217642764214,6.156142711639404,12268443
2005-05-31,6.096658681273094,6.115584303646272,6.072325738221866,6.085844039916992,24547896
2005-06-01,6.069624168465965,6.161546939783652,6.069624168465965,6.131807804107666,18204595
2005-06-02,6.091253456604803,6.139917651644814,6.069624168465965,6.131807804107666,15305221
2005-06-03,6.096661270169513,6.156140687370877,6.085846624221062,6.142622947692871,15092508
2005-06-06,6.145325964368588,6.20480537532895,6.083142892204802,6.104771614074707,12606890
2005-06-07,6.091251928352359,6.158842301313361,6.083140947335283,6.085844039916992,11719264
2005-06-08,6.110177801092541,6.12099187613928,6.0534014941282415,6.064216136932373,13070411
2005-06-09,6.0534038331225,6.202102958106078,6.050700739134402,6.153437614440918,17898296
2005-06-10,6.212919339768897,6.3535075187683105,6.177772295019044,6.3535075187683105,29315666
2005-06-13,6.32095140989907,6.4837223803191515,6.3073869249903245,6.481009483337402,42080660
2005-06-14,6.451167252630225,6.478296790614321,6.415900733250804,6.470158100128174,22104337
2005-06-15,6.443030046638011,6.51356423480535,6.331802969959205,6.478297710418701,23847880
2005-06-16,6.429465411115222,6.510851179034975,6.424039617294311,6.48372220993042,25601773
2005-06-17,6.532554003851197,6.551544284517814,6.459306917816874,6.486435890197754,30396188
2005-06-20,6.437603907880528,6.491860135364019,6.402336818804166,6.470158100128174,18550529
2005-06-21,6.467447973461286,6.700753803030788,6.43760723232922,6.676337718963623,38591812
2005-06-22,6.668196904963068,6.700751673372608,6.624791686477787,6.6464948654174805,27440884
2005-06-23,6.6329317837101245,6.668198317563934,6.556971780723825,6.616654396057129,25955194
2005-06-24,6.578670702193195,6.581383028680975,6.413186313720743,6.456592082977295,22215097
2005-06-27,6.429466538747296,6.443030455981525,6.329091044546955,6.377922058105469,15681543
2005-06-28,6.415903013090944,6.456595910284634,6.361646196630785,6.418615341186523,15832160
2005-06-29,6.443028442683688,6.565107077827327,6.426751063452451,6.529839992523193,17039957
2005-06-30,6.462020737685324,6.532554360636838,6.375209160719211,6.377922058105469,24561548
2005-07-01,6.470159371623548,6.478298063709084,6.364357513905673,6.369783878326416,17815721
2005-07-05,6.266696473011961,6.456596486978395,6.253132552533983,6.432180404663086,24037252
2005-07-06,6.456595255946751,6.627504951081847,6.432179178286677,6.500000476837158,24035931
2005-07-07,6.402333964188041,6.556966165994086,6.375205007996905,6.551540374755859,31605306
2005-07-08,6.48372409274296,6.594951189280069,6.48372409274296,6.586812496185303,25929871
2005-07-11,6.605802870422207,6.630218380343321,6.535268098999964,6.546119689941406,22110282
2005-07-12,6.551544873008147,6.578673847825879,6.510852550175706,6.540693283081055,21253704
2005-07-13,6.524417538468512,6.668198280109848,6.521704640541584,6.62479305267334,27185231
2005-07-14,6.695323439437222,6.708887351635953,6.6492047706891055,6.679046630859375,32854060
2005-07-15,6.681763285239026,6.779426478748761,6.681763285239026,6.765861988067627,38985309
2005-07-18,6.765859375175884,6.8011264676299,6.72516648854479,6.760434150695801,33465335
2005-07-19,6.763145856549539,6.790274255244817,6.619365172555476,6.651919364929199,38927396
2005-07-20,6.60580119850454,6.765859275894716,6.5705341065680285,6.708889007568359,29521553
2005-07-21,6.673622461077922,6.70075086176966,6.578672773808341,6.589523792266846,20380831
2005-07-22,6.578671306617252,6.605799701258752,6.499997879732875,6.559680461883545,19324091
2005-07-25,6.529841972620829,6.646494850061001,6.527129075259636,6.59223747253418,13846396
2005-07-26,6.57867167851541,6.641066590930299,6.51898909299083,6.6085124015808105,16092216
2005-07-27,6.597661670900895,6.746868710876532,6.562394583435577,6.722452640533447,21450783
2005-07-28,6.673620567062982,6.689897374979774,6.608511626305352,6.643779277801514,16695784
2005-07-29,6.616650583836567,6.71973950684926,6.597660878879604,6.679046630859375,20260822
2005-08-01,6.681761391800376,6.695325878637685,6.619366461439917,6.6464948654174805,16457748
2005-08-02,6.646493545264031,6.6736219438532425,6.570533573456687,6.597661972045898,14968756
2005-08-03,6.565111170335476,6.689902210112048,6.551546679187052,6.676337718963623,17629652
2005-08-04,6.679048311827206,6.7631464116548665,6.608513557915023,6.6356425285339355,18742984
2005-08-05,6.6166534387318485,6.727881098873419,6.586812135382762,6.695326328277588,19991518
2005-08-08,6.714318294179213,6.760436994386623,6.646496977831557,6.676337718963623,11310573
2005-08-09,6.700748508957363,6.727877469820382,6.6302143501070825,6.660055637359619,15247749
2005-08-10,6.670910130891905,6.700751431158247,6.535266976513119,6.548831462860107,14885960
2005-08-11,6.510850035165074,6.630215199466416,6.4945726565620605,6.559680461883545,19378921
2005-08-12,6.429464638261292,6.575958205331845,6.424038845092589,6.518989086151123,23183317
2005-08-15,6.513562367080986,6.589522327895067,6.481008179545932,6.53526496887207,16795094
2005-08-16,6.578673318256961,6.849958487019786,6.418614088808,6.429466247558594,28745569
2005-08-17,6.969320972355568,7.389813013607406,6.969320972355568,7.27587366104126,137035084
2005-08-18,7.1754999416291,7.26773729518248,7.1619360270690935,7.229757308959961,51593741
2005-08-19,7.232472764171914,7.23789856022136,7.161939124620675,7.186354637145996,24104633
2005-08-22,7.186349760108854,7.278586521261135,7.156507902089158,7.197200775146484,29108678
2005-08-23,7.216195223951001,7.251462325047771,7.189066816114361,7.246036529541016,27762155
2005-08-24,7.29758084484466,7.349124761547484,7.22433317693016,7.248749256134033,36623884
2005-08-25,7.18363781044156,7.335558319698304,7.164648102845045,7.29757833480835,30015022
2005-08-26,7.324708291021112,7.392530154658579,7.254174099747311,7.327421188354492,30929512
2005-08-29,7.297580400994225,7.319283011491671,7.189066209112823,7.240610122680664,27197122
2005-08-30,7.248746319813838,7.370824957290262,7.232468940271559,7.351835250854492,30683769
2005-08-31,7.311143130319095,7.563437981828076,7.311143130319095,7.5308837890625,44434158
2005-09-01,7.501046463123956,7.568867206573486,7.425085885975072,7.568867206573486,24624526
2005-09-02,7.5281735380947925,7.574292231428951,7.487480640411376,7.487480640411377,19573358
2005-09-06,7.5010412428794,7.555297458061847,7.384388414783141,7.392527103424072,41147233
2005-09-07,7.460352721642892,7.506470844785923,7.44136186737156,7.449500560760498,26949397
2005-09-08,7.48748130765028,7.560728985765538,7.4603534663734,7.555302619934082,37508868
2005-09-09,7.5552989161165875,7.590566004003146,7.5091808109781875,7.544447898864746,35063107
2005-09-12,7.563490495189314,7.568932512093689,7.52540151892191,7.5471673011779785,15640366
2005-09-13,7.536283817364512,7.547167279802078,7.470987613461962,7.49003267288208,17612036
2005-09-14,7.470985760994683,7.55532700340453,7.460103443936152,7.481869220733643,16889780
2005-09-15,7.468269924558601,7.582538604736329,7.457387029872947,7.582538604736328,21327691
2005-09-16,7.615187919110614,7.713131701374605,7.585259954002509,7.710411548614502,38175634
2005-09-19,7.7158502366281665,7.86276642880852,7.69680517473599,7.857325553894043,31513923
2005-09-20,7.857328672415413,8.028731440771468,7.666880834608322,7.694087505340576,39339170
2005-09-21,7.617909451863175,7.715854394551266,7.517244355922223,7.642395973205566,24713046
2005-09-22,7.642396061281863,7.707692309599285,7.517244442556185,7.620630264282227,26414972
2005-09-23,7.590701010767533,7.783869555255386,7.470990870530213,7.745779991149902,25364398
2005-09-26,7.816518298615227,7.917183379206583,7.794752505185322,7.873652935028076,32617565
2005-09-27,7.870927856469104,7.870927856469104,7.707687340907099,7.718570232391357,24315805
2005-09-28,7.767542415015685,7.832839195217316,7.672318824704755,7.75938081741333,19674870
2005-09-29,7.713131922504481,7.930786428759623,7.661439305789759,7.873652935028076,24417097
2005-09-30,7.925345798432726,8.009687107917573,7.797474043414413,7.944390296936035,28052599
2005-10-03,7.944386333533445,7.979755159972028,7.805631750685188,7.862765789031982,27177745
2005-10-04,7.672322540481779,7.900859953519281,7.658718918988829,7.7675461769104,49214480
2005-10-05,7.767544014162499,7.767544014162499,7.468269566711849,7.473711013793945,34950584
2005-10-06,7.492754488783365,7.530844041840176,7.2614964472712655,7.315910339355469,35161316
2005-10-07,7.29142582972645,7.386649445341873,7.24517352675987,7.373046398162842,29401544
2005-10-10,7.419296371322072,7.446503032667477,7.2478936621034205,7.25605583190918,25454459
2005-10-11,7.256058673691949,7.432902898707532,7.256058673691949,7.411137104034424,23698805
2005-10-12,7.332237042792834,7.481874580102127,7.299588354209899,7.427460670471191,34667848
2005-10-13,7.264220846694364,7.457388846374094,7.23701360335298,7.411137104034424,26401980
2005-10-14,7.411137208745219,7.506361419104106,7.318634294099603,7.492757797241211,17439840
2005-10-17,7.495477548568257,7.577098132689959,7.416578260013982,7.449226379394531,13329367
2005-10-18,7.427457197492142,7.596139152927444,7.408412138057311,7.544445991516113,19127673
2005-10-19,7.454671188295893,7.528130209822162,7.356727349836766,7.519968032836914,20691974
2005-10-20,7.528122346979603,7.675039093901164,7.419295148198461,7.4601054191589355,19838919
2005-10-21,7.495475416446195,7.601582488426165,7.441062661410783,7.500917434692383,18907033
2005-10-24,7.522683122554861,7.696805993184882,7.481872842643876,7.685923099517822,18611304
2005-10-25,7.563489434717769,7.669596465658194,7.454662252717084,7.476428031921387,21680231
2005-10-26,6.945897043393571,7.533564670934515,6.945897043393571,7.334954738616943,33953299
2005-10-27,7.296869061042824,7.343120232635598,7.20980702391403,7.2914276123046875,26059789
2005-10-28,7.359444656193556,7.642395422824749,7.294147841990384,7.60702657699585,29157563
2005-10-31,7.607027536171362,7.672323787267088,7.56893796114206,7.628792762756348,29017516
2005-11-01,7.566215752960523,7.767545916256122,7.566215752960523,7.694087505340576,40376312
2005-11-02,7.685925431777985,7.9144634114326395,7.617908468400391,7.832842826843262,30217385
2005-11-03,7.832841327653489,7.900858278012778,7.770265253396879,7.81923770904541,22470089
2005-11-04,7.821958340446643,7.821958340446643,7.672321383296709,7.76210355758667,19509940
2005-11-07,7.756661151490138,7.846443308074512,7.732175212665395,7.816515922546387,18880829
2005-11-08,7.696809704557881,7.819240603326562,7.677765202797829,7.764827251434326,18238946
2005-11-09,7.726733639003881,7.789309708351194,7.675041035029744,7.680481910705566,15893816
2005-11-10,7.6532755880297545,7.729454706972281,7.544448356874792,7.691365718841553,21611749
2005-11-11,7.683201716628426,7.821955731953246,7.683201716628426,7.75938081741333,22975888
2005-11-14,7.6559970719041965,7.691365908618739,7.530845495884752,7.67232084274292,27559571
2005-11-15,7.590698841462039,7.808353268050899,7.590698841462039,7.650554180145264,28913581
2005-11-16,7.658717035288582,7.772986285042909,7.612465304929076,7.691365718841553,29160866
2005-11-17,7.753941541508152,7.971596028890684,7.7485006649631005,7.8899760246276855,46839182
2005-11-18,8.191971190488518,8.20829553290786,7.892696150191698,7.998802661895752,90992806
2005-11-21,7.971596405824539,8.017848715039616,7.922625086559871,7.966155529022217,21505613
2005-11-22,7.851884391396611,8.102186928784976,7.835560052041948,7.9851975440979,30259664
2005-11-23,7.919907324596036,8.064103479354484,7.919907324596036,7.99336576461792,20289889
2005-11-25,7.993361282335483,8.115792137499072,7.93622722606348,8.088584899902344,9139841
2005-11-28,8.066820841521334,8.156603595824032,8.028731274747559,8.151162147521973,26495565
2005-11-29,8.153882871673003,8.183810265993687,8.113072580748199,8.151162147521973,24067860
2005-11-30,8.162043987931412,8.197412828453123,8.053216742376868,8.072261810302734,33464455
2005-12-01,8.031452231774722,8.134837459794381,8.031452231774722,8.04233455657959,43411549
2005-12-02,8.028731935224519,8.058659903347849,7.919904674252671,7.952552795410156,32407054
2005-12-05,7.94167211819222,8.118516382572315,7.8899789156776645,8.104912757873535,35808924
2005-12-06,8.142999327809553,8.230060779700358,8.045054980179671,8.058658599853516,44883586
2005-12-07,8.028730883595982,8.134837406294814,7.993362042696371,8.031452178955078,24082393
2005-12-08,8.02601121084967,8.085866575755638,7.914463796843667,7.952552795410156,18137434
2005-12-09,7.949831005891208,8.16204346406026,7.949831005891208,8.140278816223145,20112848
2005-12-12,8.183925630434542,8.216661846249877,8.107542845482381,8.175742149353027,22301195
2005-12-13,8.088446594947808,8.102086111788362,7.821105419554154,7.930224418640137,38315461
2005-12-14,7.932950140194473,8.107540959098221,7.883846400768771,8.077532768249512,35424455
2005-12-15,8.093905302968981,8.129368975058155,7.96569013595581,7.9656901359558105,19443880
2005-12-16,7.984784994083817,8.020248660515643,7.88930606842041,7.88930606842041,30458725
2005-12-19,7.859297554872569,7.957505067929491,7.842929445072287,7.875665664672852,36503435
2005-12-20,7.856568650272879,7.88384825732355,7.834745079206805,7.870208740234375,35587403
2005-12-21,7.870206992887053,7.952045795869176,7.8211038256722185,7.84838342666626,26946535
2005-12-22,7.883844375610351,7.962956285562933,7.832013205021057,7.883844375610352,27010833
2005-12-23,7.845655409279636,7.922038750360706,7.802007703965854,7.84838342666626,17976908
2005-12-27,7.878391620688219,7.911127258847364,7.840199947357177,7.840199947357178,16231382
2005-12-28,7.826560712642329,7.883847942447958,7.823832694758985,7.856568336486816,14770796
2005-12-29,7.829287877013384,7.892031135745725,7.829287877013384,7.840199947357178,17865266
2005-12-30,7.782914308916546,7.851113621730612,7.733810551626564,7.810194492340088,14376858
2006-01-03,7.9875100218952815,7.9875100218952815,7.7392644498179015,7.84838342666626,35097017
2006-01-04,7.851110765442365,8.088444837649043,7.845655303614786,8.077532768249512,25552228
2006-01-05,8.047527066534027,8.066623192530338,7.973871726292905,8.020247459411621,24501214
2006-01-06,8.047527746841599,8.263038322656794,8.047527746841599,8.249398231506348,35942585
2006-01-09,8.186654484305222,8.374884294056775,8.18392589336063,8.353060722351074,27414460
2006-01-10,8.25485665204324,8.413079463595098,8.224848442845618,8.396711349487305,29466063
2006-01-11,8.456722308952504,8.560385260146338,8.39125103165874,8.549473762512207,46263359
2006-01-12,8.484006197017496,8.522198463078022,8.429446962676097,8.46218204498291,19088698
2006-01-13,8.524921706727618,8.702239990234375,8.524921706727618,8.702239990234375,34009450
2006-01-17,8.565841976551708,8.647681366112868,8.484002586990545,8.63676929473877,22579969
2006-01-18,8.511284509376905,8.683147388811921,8.456725283399637,8.63949966430664,31604645
2006-01-19,8.66950627894972,8.819544992096358,8.623131114170576,8.79499340057373,40640112
2006-01-20,8.79499177439157,8.860463054927946,8.617673484242106,8.65859317779541,34459318
2006-01-23,8.64495266082626,8.672232837092197,8.51401010623873,8.549473762512207,23498203
2006-01-24,8.57948272217273,8.655866659863488,8.544019057997934,8.557659149169922,32093489
2006-01-25,8.557661435866995,8.803179132461075,8.49491814545493,8.75953197479248,41979148
2006-01-26,8.767711660736744,8.781351748753547,8.58493677280052,8.620400428771973,35521343
2006-01-27,8.593122501209995,8.721337062079952,8.473091994745955,8.535835266113281,26065955
2006-01-30,8.522199114612349,8.584941837890954,8.440359683970977,8.533110618591309,15611740
2006-01-31,8.49764289633067,8.584937750967871,8.445811701705647,8.505826950073242,18752232
2006-02-01,8.456723134355375,8.53310648961077,8.393979868564264,8.519466400146484,20118133
2006-02-02,8.51128262445402,8.571299020057063,8.388524106755252,8.432171821594238,19232268
2006-02-03,8.353059007783736,8.448538474969652,8.271220201031522,8.336690902709961,22913131
2006-02-06,8.301227894995662,8.30941194817049,8.140277713585384,8.257580757141113,22082977
2006-02-07,8.238481087769925,8.355784080846215,8.219384971913032,8.284856796264648,16603741
2006-02-08,8.342151148527783,8.737707585877757,8.323055589175238,8.73225212097168,33535359
2006-02-09,8.770439105467865,8.778623158277949,8.571297830528195,8.620400428771973,22705703
2006-02-10,8.617674134585352,8.620401579680614,8.445811866989503,8.595849990844727,21754879
2006-02-13,8.511281937280156,8.691328818063598,8.503097883995041,8.65859317779541,19688963
2006-02-14,8.674961232121326,8.865919622539685,8.634041536112226,8.863191604614258,35077640
2006-02-15,8.797722450811117,8.874105825477248,8.636771645720533,8.63949966430664,44442746
2006-02-16,9.013229824255406,9.416970154356383,8.999590308219034,9.280570983886719,112853601
2006-02-17,9.179638239372915,9.296941313416891,9.149631182343944,9.29421329498291,36021637
2006-02-21,9.234198231945717,9.266933880978629,8.841369870678362,8.86864948272705,41875214
2006-02-22,8.784080012852963,9.007774039961026,8.702240622862735,8.985950469970703,33023174
2006-02-23,8.925937193869016,8.999593124150046,8.79772260949907,8.83045768737793,23862193
2006-02-24,8.855007842549723,8.855007842549723,8.67496151790178,8.734976768493652,22059856
2006-02-27,8.825001833827478,9.138718807202673,8.816817778282424,9.114167213439941,29196098
2006-02-28,9.002319291480573,9.086886711420862,8.844096524591613,8.950488090515137,30171364
2006-03-01,9.073244508991111,9.291483053681183,9.029596800053096,9.2887544631958,32599729
2006-03-02,9.2751201895224,9.329679426873044,9.179640664849929,9.32695198059082,26040852
2006-03-03,9.206916595750704,9.258748938930557,9.073246002197266,9.073246002197266,29221421
2006-03-06,9.084158623964585,9.149630488543115,8.887744175973737,8.964127540588379,24487561
2006-03-07,8.925933638762219,9.037780639645234,8.906838088793034,8.991405487060547,23141038
2006-03-08,8.947761361880136,9.005048607598013,8.906841655136315,8.91502571105957,22877239
2006-03-09,8.947762623893933,9.026874029898552,8.923211025533806,8.936850547790527,21885898
2006-03-10,8.936847033668172,9.048694051130298,8.871375175664935,8.999590873718262,17710466
2006-03-13,8.999588684665683,9.100768969480843,8.955834877261491,9.08436107635498,15301918
2006-03-14,9.065223683563694,9.180077270613282,9.054285656891158,9.133588790893555,22576886
2006-03-15,9.119910720518634,9.286721999609242,9.111706774150617,9.267580032348633,31048640
2006-03-16,9.267583336194537,9.311336583892242,9.240237412817232,9.259379386901855,28661452
2006-03-17,9.297664441827866,9.352356291714766,9.264849217042727,9.341418266296387,32240583
2006-03-20,9.283994208138555,9.346890028219761,9.25938292512095,9.286728858947754,16352713
2006-03-21,9.259379206936638,9.352355574318377,9.163668189843822,9.17187213897705,21421276
2006-03-22,8.925756348082595,9.16093218329048,8.925756348082595,9.122648239135742,30957698
2006-03-23,9.057017567504008,9.103506036109248,9.021468271486086,9.024202346801758,20922964
2006-03-24,8.969510793744645,9.111709705209048,8.958572195068557,9.070691108703613,18280123
2006-03-27,9.010528750492108,9.098036385157771,8.996856077382722,9.054283142089844,20791724
2006-03-28,9.010526317427216,9.0132615404284,8.750738707319071,8.769881248474121,30757536
2006-03-29,8.79176288077427,9.046081912791436,8.778090203555065,8.947635650634766,20972729
2006-03-30,8.91481920703628,9.089834505135666,8.868330732587069,8.906615257263184,21691902
2006-03-31,8.909350937631048,9.081631605731818,8.90388221141481,8.996858596801758,25993069
2006-04-03,9.024205677849913,9.210159046645744,8.994125095624804,9.169139862060547,22371659
2006-04-04,9.158198209112179,9.229297373515998,9.070690573397629,9.212890625,21585325
2006-04-05,9.188281509597664,9.415254040583678,9.180077558637068,9.396111488342285,33190526
2006-04-06,9.344153230357794,9.420722286891339,9.303134051910176,9.325011253356934,14855132
2006-04-07,9.327738741714,9.344146055936504,9.114439636969164,9.125377655029297,16089794
2006-04-10,9.100773038620492,9.193749418444341,9.024203984993777,9.051549911499023,12624727
2006-04-11,9.059753222631489,9.098037746744156,8.887473151256984,8.898411750793457,25307146
2006-04-12,8.936695938291455,8.974979886697108,8.838249694701307,8.840984344482422,14650567
2006-04-13,8.86832841785249,9.005059155587483,8.821840529802145,8.920286178588867,15504722
2006-04-17,8.923026031038454,9.010533134010386,8.73707264760847,8.758949279785156,15885668
2006-04-18,8.750739937761608,9.201950151541222,8.750739937761608,9.155462265014648,25530428
2006-04-19,9.160935323390165,9.196485778782897,9.007797771485443,9.02147102355957,14326212
2006-04-20,8.969509663238554,9.275785219181882,8.920286549665128,9.245704650878906,24384948
2006-04-21,9.240236156370932,9.29219334629641,8.914817472796614,9.013263702392578,22815362
2006-04-24,8.980451269622916,9.106242883632614,8.920289538593654,8.996858596801758,14533200
2006-04-25,9.024203788398076,9.035142388467884,8.846454408588768,9.026938438415527,17738211
2006-04-26,9.024203837897815,9.024203837897815,8.821843181086463,8.969511985778809,19786952
2006-04-27,8.942161681156996,9.130850156061687,8.88746985230574,9.09529972076416,25032336
2006-04-28,9.037873120410412,9.07889227862466,8.819104659444264,8.879265785217285,16931178
2006-05-01,8.928490150011335,9.024201149842495,8.906612956268313,8.925755500793457,17789518
2006-05-02,8.955836451478808,8.964040399483792,8.810902333783577,8.838248252868652,14514703
2006-05-03,8.854656570238241,9.024201965751574,8.854656570238241,8.980448722839355,14621720
2006-05-04,8.996860246804603,9.133590486852908,8.985921643835884,9.103509902954102,17097869
2006-05-05,9.15273212934296,9.270320384113123,9.081632935470829,9.262116432189941,26915266
2006-05-08,9.185542919990658,9.28398856650344,9.119911914717301,9.240235328674316,16945711
2006-05-09,9.043345031050618,9.136321975575695,8.991387833461578,9.057018280029297,21053102
2006-05-10,9.007796065004785,9.11991441371198,8.991388165624222,9.046080589294434,12669868
2006-05-11,8.991388594687214,9.010530570612984,8.789027938260404,8.89567756652832,19887803
2006-05-12,8.914818312600808,8.939430159450758,8.750741630660913,8.78629207611084,19460836
2006-05-15,8.783555489674738,8.969509339969086,8.64955997467041,8.64955997467041,26631649
2006-05-16,8.649559920159561,8.715190352635217,8.340549727976327,8.507360458374023,42034639
2006-05-17,8.778089589296227,8.947635024511754,8.712459135294413,8.7944974899292,74536159
2006-05-18,8.846450110791453,9.037872647690802,8.846450110791453,8.881999969482422,48920733
2006-05-19,8.917548463343994,8.947629020053338,8.55658063430257,8.756206512451172,43877713
2006-05-22,8.709720355860078,8.895673603547065,8.676905144417052,8.799962043762207,28871963
2006-05-23,8.90661627509087,9.037877763665673,8.780824661254883,8.780824661254883,32552166
2006-05-24,8.80543319055715,8.944898586309266,8.756210075923173,8.851921081542969,27154403
2006-05-25,8.854655611378963,8.898409423818041,8.758944038993821,8.82457447052002,20571524
2006-05-26,8.81363875291577,8.920288375601414,8.778088878687221,8.898411750793457,17672371
2006-05-30,8.832780594709412,8.882003717616646,8.72613097363122,8.728865623474121,17361669
2006-05-31,8.737070842963753,8.868331757442261,8.685113636926456,8.854659080505371,26209305
2006-06-01,8.786292233655056,8.887472549724254,8.720661789408275,8.868330001831055,22932289
2006-06-02,8.862858857555773,8.87653152805397,8.756208696934026,8.860123634338379,19831432
2006-06-05,8.791758804559064,8.865593179811423,8.633151457938496,8.63862133026123,19570055
2006-06-06,8.696056267201438,8.696056267201438,8.362433929644018,8.449941635131836,36266059
2006-06-07,8.47728330480705,8.578463643470359,8.452672026284917,8.458141326904297,27749604
2006-06-08,8.449933359067765,8.452668008077465,7.93035808693204,8.220226287841797,51628753
2006-06-09,8.203822450893297,8.23663825523839,8.124519313187923,8.18741512298584,40624918
2006-06-12,8.209344463135329,8.272409310160036,8.140796242102711,8.19015121459961,29296069
2006-06-13,8.190153464266391,8.275152982276785,8.061282335716378,8.168217658996582,38152072
2006-06-14,8.192898893766195,8.26693112135751,8.157253768474215,8.264189720153809,27802232
2006-06-15,8.294346737518977,8.752249790568293,8.280637434199921,8.74128246307373,52885874
2006-06-16,8.74676557104378,9.116926537979731,8.74676557104378,9.059346199035645,79815674
2006-06-19,9.064835229190926,9.32257706257855,9.064835229190926,9.204673767089844,71087827
2006-06-20,9.130642655465971,9.177255123297346,8.946933034343182,9.009997367858887,33110813
2006-06-21,9.03467039376048,9.333541784233098,9.026444464739455,9.251283645629883,50708757
2006-06-22,9.21838004237838,9.306122710539759,9.031929103774097,9.040154457092285,44242364
2006-06-23,9.02370171189978,9.086766582473143,8.944185561553294,8.955153465270996,22803031
2006-06-26,9.020960014879948,9.103218143699113,8.856443757241617,8.908540725708008,23983523
2006-06-27,8.91676602761485,8.935960435409363,8.746766394711157,8.757734298706055,28713199
2006-06-28,8.801604511827145,8.826282293496783,8.510959689700757,8.661766052246094,35107807
2006-06-29,8.691931869460007,8.787899344436813,8.60418975031275,8.782415390014648,29322272
2006-06-30,8.798862607746733,8.861926898698197,8.656281595459996,8.686443328857422,47106725
2006-07-03,8.650801472415244,8.963382220545492,8.637091588443353,8.914027214050293,21245116
2006-07-05,8.96612053824144,9.114185506810042,8.960637162341934,8.98531436920166,36641941
2006-07-06,8.935961081316822,9.166283051233654,8.92499260072566,9.075798988342285,27904625
2006-07-07,9.034669972147992,9.133379964186847,8.977090199098386,9.007250785827637,35165720
2006-07-10,9.007253194440061,9.03467238809253,8.656285327634622,8.754995346069336,30724286
2006-07-11,8.719348330406477,8.96338077081486,8.68096123729749,8.92225170135498,30536015
2006-07-12,8.86192803737664,8.916766408084136,8.6535413074026,8.68370246887207,27982576
2006-07-13,8.683703295356057,8.716607011876375,8.445154805404883,8.56031608581543,31176356
2006-07-14,8.49999321264298,8.574025994267787,8.420477054419566,8.434186935424805,34690748
2006-07-17,8.43967457201759,8.628867557657827,8.395803509453176,8.554835319519043,23930896
2006-07-18,8.445152337132448,8.576765437336473,8.3464435196353,8.486281394958496,31158080
2006-07-19,8.54111974338735,8.861925681408398,8.48628081145547,8.842732429504395,39206610
2006-07-20,8.815311537839195,8.982569711630163,8.711118214000567,8.719344139099121,22595823
2006-07-21,8.508220966964906,8.5274142286873,8.22031801050372,8.368382453918457,50117960
2006-07-24,8.357413617864832,8.612413400314187,8.357413617864832,8.519187927246094,28375192
2006-07-25,8.541127684744389,8.656288454849046,8.472579387947293,8.590482711791992,29448667
2006-07-26,8.382090499661583,8.826283732493604,8.382090499661583,8.70563793182373,46299692
2006-07-27,8.708383032729794,8.933221115339784,8.678221285832342,8.826286315917969,34566776
2006-07-28,8.850963887872929,8.886609014377127,8.752253863858478,8.804350852966309,23413866
2006-07-31,8.735797648413708,8.798861934540083,8.716604395341776,8.749506950378418,19660557
2006-08-01,8.656282707714855,8.711121654225819,8.582251080000773,8.68370246887207,21408064
2006-08-02,8.656286861435932,8.977094190290556,8.650803482376757,8.911287307739258,29073226
2006-08-03,8.89757120508039,9.018216400375302,8.796119838397626,8.935958862304688,16174791
2006-08-04,9.048379439261181,9.064831295782842,8.83725073538732,8.894831657409668,26866162
2006-08-07,8.845473936685996,9.070312451679337,8.81257080958981,8.977087020874023,22635679
2006-08-08,9.051121176839125,9.171766394075084,9.01547606445162,9.018218040466309,29047683
2006-08-09,9.11967106592843,9.19918723304985,9.04015489880701,9.06483268737793,22036515
2006-08-10,9.020960549590402,9.103218683285354,8.952412296779102,9.051121711730957,22443885
2006-08-11,8.993541664936082,9.070315848849729,8.960638525516448,9.062089920043945,19443660
2006-08-14,9.116933166334354,9.281449527161445,9.108707233132238,9.127901077270508,22414158
2006-08-15,9.240313795270417,9.360959001440229,9.201926710389268,9.319829940795898,37151924
2006-08-16,9.377408700393376,9.934021049495243,9.344505572581816,9.440473556518555,55282531
2006-08-17,10.035475227656603,10.071120918632442,9.52821826236049,9.637895584106445,126866248
2006-08-18,9.67080015140127,9.783218883483132,9.621444574929841,9.739348411560059,59593827
2006-08-21,9.670800861403842,9.692736674779386,9.56112294613329,9.566607475280762,28184719
2006-08-22,9.569347911912136,9.706444428480681,9.547412100746913,9.602251052856445,21159238
2006-08-23,9.651603680032363,9.728377848634267,9.599507292926102,9.668055534362793,19835396
2006-08-24,9.670800522249602,9.72015494900655,9.64338075649178,9.700961112976074,18681548
2006-08-25,9.651605118666764,9.720153370321015,9.632411285753628,9.659831047058105,14218314
2006-08-28,9.569349208764011,9.733865511584572,9.54193001689512,9.673542022705078,21675167
2006-08-29,9.687250962520226,9.821606659415307,9.665316302126968,9.805154800415039,16967731
2006-08-30,9.76676628916507,9.895638021973037,9.76676628916507,9.870960235595703,27229932
2006-08-31,9.81612547303975,10.062899972774584,9.81612547303975,10.02451229095459,31731701
2006-09-01,10.035470940703402,10.07111661645212,9.983374566215614,10.016278266906738,16165763
2006-09-05,10.008056336920742,10.019024241529472,9.925798203962218,9.997088432312012,19974782
2006-09-06,9.8435440323244,9.914833129415804,9.827092170715332,9.827092170715332,23055380
2006-09-07,9.720153342308066,9.802411474377495,9.654347066973912,9.71192741394043,26711141
2006-09-08,9.65709018157558,9.920315905442296,9.651606804160574,9.917573928833008,29317208
2006-09-11,9.824140783860237,10.063218049486805,9.813148566476062,9.991769790649414,26735143
2006-09-12,9.950548008086225,10.236341015651563,9.950548008086225,10.145657539367676,44901202
2006-09-13,10.098941077766344,10.098941077766344,9.857116924502334,9.99451732635498,34140248
2006-09-14,9.906579346349563,10.027491405898461,9.906579346349563,9.961539268493652,22085620
2006-09-15,10.024744124177095,10.134665131090774,9.923067279343913,9.942303657531738,31531539
2006-09-18,9.892843652558804,10.054976594319351,9.83513564991049,10.002764701843262,19585469
2006-09-19,9.942306277849662,10.02749482097349,9.895590501241072,9.989023208618164,21575416
2006-09-20,9.989024167472838,10.123676554881738,9.96429167233895,10.10718822479248,28679068
2006-09-21,9.906583212392851,9.961543155985051,9.494381327131403,9.582317352294922,91471741
2006-09-22,9.45315878180366,9.678495188223817,9.384458580481926,9.64826774597168,50696646
2006-09-25,9.672999096122505,9.857116409820081,9.598802790663408,9.81314754486084,45322885
2006-09-26,9.84337474585711,9.88734245043161,9.760934289890395,9.81039810180664,31182962
2006-09-27,9.727962059434272,9.824142827392741,9.659261840652503,9.725214004516602,35113532
2006-09-28,9.672999169234867,9.898336141375296,9.620787295860753,9.88459587097168,32976491
2006-09-29,10.030241846966545,10.197870861270138,10.030241846966545,10.082453727722168,51275992
2006-10-02,10.12367441998328,10.370995856686507,10.085202812047992,10.349011421203613,47568265
2006-10-03,10.222600027339972,10.305040489757175,10.126420449652858,10.28305721282959,37319496
2006-10-04,10.195119543940795,10.480912500636224,10.195119543940795,10.44793701171875,33425039
2006-10-05,10.33801770496893,10.398473739624023,10.296798048573061,10.398473739624023,27041221
2006-10-06,10.318780673439377,10.456181058273094,10.299544296397986,10.365497589111328,30163657
2006-10-09,10.32428263390081,10.4424467086792,10.288559067589281,10.4424467086792,24609112
2006-10-10,10.456180867266141,10.483661405394704,10.335268807819507,10.423205375671387,23201593
2006-10-11,10.423206578869815,10.533126435753577,10.381985766918666,10.406718254089355,36070081
2006-10-12,10.453436401552555,10.599082149466721,10.442444182528096,10.557861328125,34422545
2006-10-13,10.502901830666767,10.717246648215072,10.502901830666767,10.678773880004883,27856621
2006-10-16,10.678773147253668,10.747473360183573,10.632057371792495,10.651293754577637,19328055
2006-10-17,10.585336785337457,10.758460689239943,10.516636603631515,10.733729362487793,26037549
2006-10-18,10.750219322676724,10.85189500694583,10.612817784149534,10.719990730285645,22322335
2006-10-19,10.70625566233665,10.904112173449699,10.651295712720819,10.871136665344238,31724654
2006-10-20,10.915100358920773,10.915100358920773,10.71999197512758,10.821667671203613,25451377
2006-10-23,10.772204385892024,11.019525811267204,10.772204385892024,10.956321716308594,32438543
2006-10-24,10.895866604856659,10.983803205414725,10.733734832075163,10.83815860748291,25503124
2006-10-25,10.871131882015803,10.904107375611952,10.695258735637704,10.763958930969238,32566259
2006-10-26,10.769455038928529,10.849147450178643,10.728235383393443,10.763958930969238,26738666
2006-10-27,10.68976933565236,10.777705964022825,10.511148023207342,10.568857192993164,29683621
2006-10-30,10.497403599580563,10.744723871455674,10.480915273679628,10.695260047912598,22610136
2006-10-31,10.689767365843943,10.74472731563787,10.579846312095986,10.64579963684082,27768321
2006-11-01,10.719991485336061,10.752966979743933,10.577094983196186,10.593582153320312,22297232
2006-11-02,10.59633290027715,10.670529224250334,10.566105452234687,10.60457706451416,16405561
2006-11-03,10.60457775483352,10.681522138561174,10.483665646472915,10.502902030944824,21341564
2006-11-06,10.502898881950665,10.662282557308464,10.502898881950665,10.643047332763672,21254365
2006-11-07,10.670530193775253,10.71449907370099,10.615570248028096,10.634806632995605,23841935
2006-11-08,10.634806071943416,10.71724656329491,10.58259418394612,10.684269905090332,27528964
2006-11-09,10.75022454535739,10.97006549798081,10.747475336008499,10.871136665344238,50609227
2006-11-10,10.920593868312215,10.992042105642872,10.862885898575797,10.989294052124023,27370640
2006-11-13,10.992044687337943,11.06624099561389,10.972808308187968,11.05250072479248,29836439
2006-11-14,11.027766527500832,11.198142378959759,10.964561298137099,11.17615795135498,28842677
2006-11-15,11.178907890335475,11.2256248068753,10.926091546875842,10.934335708618164,39323977
2006-11-16,10.992045336175014,11.060745540177626,10.91510096919292,11.027770042419434,62878550
2006-11-17,11.008534014742521,11.008534014742521,10.719992917857496,10.928841590881348,66865932
2006-11-20,10.906856453475445,11.005785251870039,10.838156251694663,10.912352561950684,45735100
2006-11-21,10.901358647839672,10.992042105642872,10.901358647839672,10.989294052124023,26868804
2006-11-22,10.970062138274033,10.981053201502982,10.84090473811663,10.915101051330566,30655804
2006-11-24,10.813427506379515,10.934340780526458,10.799687230435534,10.871136665344238,8653640
2006-11-27,10.824417280485012,10.840905607890923,10.612820541255322,10.618316650390625,34432674
2006-11-28,10.571601534486689,10.706253908357755,10.544120987100795,10.68152141571045,27367117
2006-11-29,10.758462116215803,10.840902576029505,10.73098157822473,10.824414253234863,25331588
2006-11-30,10.788692792776823,10.937085418284479,10.730983651844051,10.843652725219727,27603832
2006-12-01,10.843654717152786,10.937087427380726,10.774954500439284,10.83815860748291,30001369
2006-12-04,10.838157048299555,10.970062507240636,10.791441276986115,10.953574180603027,20943002
2006-12-05,10.923343198176928,10.994791443856007,10.917847090497036,10.967310905456543,29060014
2006-12-06,10.967315176216546,11.063495943908702,10.961820220556405,11.03052043914795,37590122
2006-12-07,11.005786060795671,11.05250183210911,10.928841690646616,10.953574180603027,28960484
2006-12-08,10.972809173391573,11.04425743313692,10.840904871424742,10.893117904663086,26042173
2006-12-11,10.893118587045592,11.063839054035666,10.857321632624116,11.01702880859375,41919694
2006-12-12,11.083112863886107,11.094127309936237,10.890363527489972,10.967463493347168,44876320
2006-12-13,10.98673926962528,11.00050732925838,10.868336269768385,10.923408508300781,35282206
2006-12-14,10.923406150049022,11.003258565693919,10.873841146070443,10.989490509033203,32616905
2006-12-15,11.003263229331973,11.088624060314237,10.97572826083371,10.997756004333496,34646708
2006-12-18,10.995000158372145,11.080360972014697,10.98673932255249,11.022536277770996,21412909
2006-12-19,11.028042150340546,11.151952359464389,11.014274092328176,11.13267707824707,31618738
2006-12-20,11.11065015491714,11.416296439181739,11.11065015491714,11.38325309753418,46454493
2006-12-21,11.31716816847989,11.352963967328234,11.151953764503508,11.2345609664917,29215475
2006-12-22,11.151952910071328,11.32267452486629,11.151952910071328,11.187749862670898,15753328
2006-12-26,11.171228265220787,11.297892093028375,11.168474653464369,11.270357131958008,13912236
2006-12-27,11.273113341173724,11.482384413398572,11.270359728782841,11.454848289489746,21569911
2006-12-28,11.405283192949264,11.46861511461548,11.36673262363438,11.388761520385742,16652625
2006-12-29,11.38876161975036,11.468615214676804,11.333690533885422,11.341951370239258,13838249
2007-01-03,11.303398399574109,11.49614773740548,11.303398399574109,11.460351943969727,46615900
2007-01-04,11.399779116448514,11.515428543338182,11.35847492363487,11.476879119873047,26219654
2007-01-05,11.465859081652406,11.639333137460707,11.421802453945624,11.6200590133667,38363905
2007-01-08,11.633827377249997,11.647594278681428,11.548466574607692,11.556727409362793,25309568
2007-01-09,11.587015675216334,11.672376475611072,11.53469821297196,11.6200590133667,26132675
2007-01-10,11.556727105072204,11.642087905466942,11.548466270534613,11.6200590133667,19408428
2007-01-11,11.57875493825067,11.7825198789076,11.55121997938704,11.741215705871582,26081149
2007-01-12,11.724696482350575,12.038603636928395,11.724696482350575,11.986286163330078,50720868
2007-01-16,11.936719477971774,11.97526888189986,11.854112290704524,11.895415306091309,22157405
2007-01-17,11.834838645707963,11.892663337836545,11.64759535363256,11.69991397857666,27410496
2007-01-18,11.757739975504489,11.757739975504489,11.520932800538638,11.658612251281738,33403019
2007-01-19,11.658612861461304,11.691655052433566,11.421805674101622,11.564990043640137,31606847
2007-01-22,11.578756441148192,11.61455339575911,11.405282361361499,11.57049560546875,24999306
2007-01-23,11.562238037848502,11.738465761712108,11.509919402323957,11.650352478027344,23997836
2007-01-24,11.639338999942742,11.779772101321191,11.6338329306381,11.672382354736328,20948727
2007-01-25,11.611796010341923,11.730198970281728,11.465856940419144,11.485132217407227,29511204
2007-01-26,11.496150987651138,11.59252626206135,11.388762420488767,11.479630470275879,21393311
2007-01-29,11.53745093136471,11.810054980521693,11.504407595772246,11.680636405944824,34421003
2007-01-30,11.70266985201484,11.900926473267127,11.658613210567909,11.870637893676758,29978689
2007-01-31,11.840348054591269,11.967011909581633,11.799043869380895,11.917448043823242,23779618
2007-02-01,11.730204304301072,11.873389828335618,11.628322964023038,11.664118766784668,36162125
2007-02-02,11.691654472695461,11.754986395704808,11.54846895376286,11.584264755249023,25295475
2007-02-05,11.578755587896724,11.840345228987303,11.567742297629582,11.7880277633667,22046644
2007-02-06,11.777015309453922,11.777015309453922,11.501657563317517,11.567744255065918,37591883
2007-02-07,11.564987259618496,11.754984148823967,11.564987259618496,11.647594451904297,21594574
2007-02-08,11.702667344743485,11.785274541690374,11.650349877391523,11.694406509399414,20760676
2007-02-09,11.74397103608221,11.768753543530623,11.592524692440778,11.628321647644043,17636919
2007-02-12,11.694403164077865,11.702663997058828,11.581506269831536,11.592520713806152,17978449
2007-02-13,11.628322444371193,11.777015186261757,11.581511038205742,11.72745132446289,18441530
2007-02-14,11.727451603755588,11.837593778485907,11.666872135510522,11.793537139892578,18216926
2007-02-15,11.763244136262204,11.83483687688643,11.721939964848033,11.752229690551758,27669451
2007-02-16,11.716434319124563,11.785274614081334,11.697160193030491,11.777013778686523,22577987
2007-02-20,11.719192908657044,11.906435102511464,11.702671232480247,11.876145362854004,37980757
2007-02-21,11.595281349676993,11.595281349676993,11.311663871477958,11.317171096801758,80903242
2007-02-22,11.350209143489895,11.37223803673304,11.072098992270268,11.229052543640137,55800001
2007-02-23,11.259343719735385,11.311661191421807,11.176736515944558,11.240068435668945,31817359
2007-02-26,11.264849261129331,11.264849261129331,11.080359597038367,11.094127655029297,29298050
2007-02-27,10.890365580081344,10.959204724375587,10.592980106652155,10.716890335083008,56711629
2007-02-28,10.645295190740882,10.904130037665315,10.603992176027244,10.835290908813477,58010589
2007-03-01,10.642542668178665,10.84906007586323,10.504864396388955,10.719642639160156,49564157
2007-03-02,10.719639218273768,10.793985553834068,10.615003163728623,10.648046493530273,32463866
2007-03-05,10.592978310273832,10.860074006061609,10.504863896701519,10.67007827758789,41674612
2007-03-06,10.766449920034752,10.961953983654912,10.744422189023192,10.857317924499512,40928574
2007-03-07,10.884857806529599,11.124417415203295,10.876596970852042,11.061086654663086,47019306
2007-03-08,11.151954972075169,11.157462196570314,11.055579699904122,11.088623046875,29577925
2007-03-09,11.129923897122051,11.157460014211818,10.882103469289294,11.044564247131348,38339903
2007-03-12,11.014215721054397,11.168722686662035,11.008696332177005,11.138372421264648,24779546
2007-03-13,11.050078970634688,11.138368301524935,10.884534447307232,10.912125587463379,30726928
2007-03-14,10.953511935676177,11.03076597492831,10.837631456200375,10.978343963623047,38717986
2007-03-15,10.94799872918015,10.997662807855207,10.887299347382626,10.953516960144043,28116898
2007-03-16,11.091465831963369,11.11905697537802,10.99489798881693,11.011452674865723,53103212
2007-03-19,11.036287533610881,11.124578056370357,11.01421577202487,11.09422779083252,24379663
2007-03-20,11.055598313503241,11.105261211987559,10.914885802126985,10.928681373596191,48514684
2007-03-21,10.961792853502871,11.16320478057006,10.917648170448821,11.088709831237793,34317509
2007-03-22,11.174240788339986,11.188036363362103,11.000420019476703,11.160445213317871,29261717
2007-03-23,11.10802345631605,11.201832209935393,11.05008319862372,11.154927253723145,30739039
2007-03-26,11.15769290924072,11.188042030858123,11.036292946353978,11.157692909240723,23091493
2007-03-27,11.091467452519144,11.138371244372241,11.063877463878212,11.09974479675293,26206002
2007-03-28,11.036284203360948,11.085947100449891,10.906608152803551,10.978343963623047,27575646
2007-03-29,11.022495542705949,11.07491874568213,10.942482339074141,11.036291122436523,24471707
2007-03-30,11.063880377714614,11.138374177827687,10.895576651579082,11.07491683959961,31237132
2007-04-02,11.13837493865631,11.15217051695489,11.050085555156214,11.121821403503418,25056118
2007-04-03,11.13285143611475,11.309432418737448,11.130092322048624,11.281841278076172,26287256
2007-04-04,11.312197279385703,11.345306668390439,11.243220544431276,11.339788436889648,27442645
2007-04-05,11.306675930980518,11.554992803646355,11.26253124994898,11.532919883728027,32912633
2007-04-09,11.508090057153689,11.524643589796984,11.389449260577845,11.406003952026367,18629140
2007-04-10,11.419801830729009,11.554996187206449,11.132858422987798,11.234943389892578,33597015
2007-04-11,11.257010448160095,11.281842477395017,11.124575276516886,11.237696647644043,22740274
2007-04-12,11.207348002764366,11.370134614596108,11.157686254756413,11.34530258178711,22314628
2007-04-13,11.34530082092703,11.419795748986932,11.237696520927239,11.361855506896973,23081144
2007-04-16,11.361859186169802,11.383930949138977,11.25425485132486,11.364618301391602,22877018
2007-04-17,11.334263961294035,11.370132446289062,11.229418779344142,11.370132446289062,27074911
2007-04-18,11.312197003338786,11.345306391535567,11.163207074064097,11.306678771972656,27322856
2007-04-19,11.306675521724834,11.463942752840252,11.2901208323853,11.353580474853516,26260171
2007-04-20,11.436350946008464,11.480495618429478,11.33978309900668,11.414278030395508,25533511
2007-04-23,11.367375395346246,11.505329987164128,11.31219425390217,11.42531681060791,23558537
2007-04-24,11.488772257787764,11.588098054349894,11.353577975552493,11.491531372070312,27282119
2007-04-25,11.532924651442595,11.585347857920395,11.491539068292036,11.552238464355469,22788058
2007-04-26,11.491533937649548,11.657078513952046,11.46118367376556,11.599138259887695,31557082
2007-04-27,11.588103173651318,11.692948403901074,11.574308754949405,11.66811752319336,21923993
2007-04-30,11.626727104187012,11.75088610357984,11.61569064568054,11.626727104187012,23404177
2007-05-01,11.626732364322548,11.864012853146578,11.626732364322548,11.841939926147461,37568102
2007-05-02,11.80331332710243,11.888844759435889,11.80331332710243,11.844698905944824,23261267
2007-05-03,11.861250931699328,11.919191192561756,11.803310670836897,11.817106246948242,19835836
2007-05-04,11.966097097002503,12.101292607865183,11.894362406218026,12.081978797912598,36236112
2007-05-07,12.057142814957366,12.12611952629065,12.029552825707079,12.084733963012695,22357126
2007-05-08,12.363403465361896,12.45169400562983,12.134400347306622,12.418585777282715,87662941
2007-05-09,12.368918022766875,12.47376322547018,12.277868393946248,12.396509170532227,36399500
2007-05-10,12.31925651194792,12.371678539838948,12.244761563342704,12.324774742126465,30263848
2007-05-11,12.291665886071838,12.493077819776248,12.277870310036219,12.482041358947754,22283800
2007-05-14,12.498594043298114,12.498594043298114,12.36339973746754,12.421339988708496,20733592
2007-05-15,12.363402226096547,12.512392135737766,12.324775770429133,12.346847534179688,26218113
2007-05-16,12.468245030669205,12.479282649636982,12.225447542311777,12.473764419555664,41071484
2007-05-17,12.548257053238,12.584124383348316,12.253036433539952,12.379953384399414,50365245
2007-05-18,12.426863803554946,12.426863803554946,12.181307114403925,12.299946784973145,39197582
2007-05-21,12.261314947717242,12.559294738556991,12.236484071017362,12.476522445678711,42418447
2007-05-22,12.465489138142711,12.625515519383626,12.415825059188773,12.575851440429688,32954692
2007-05-23,12.636547269857923,12.722078667426484,12.575847904784915,12.589643478393555,43219535
2007-05-24,12.545501704249164,12.655864001042314,12.484801166327129,12.526187896728516,42303503
2007-05-25,12.553776280385561,12.655861208573775,12.504112214862086,12.586884498596191,35747268
2007-05-29,12.556540762204715,12.65310750216604,12.479286674952347,12.57033634185791,31312880
2007-05-30,12.47101087970487,12.60896437579992,12.457215298334233,12.600687026977539,24812797
2007-05-31,12.584123220328689,12.653099918447504,12.556533236364055,12.611714363098145,33441334
2007-06-01,12.625511449055065,12.691729040840482,12.608956761407471,12.639307022094727,34286241
2007-06-04,12.62551506705775,12.691732677818667,12.49031957133203,12.686214447021484,24837239
2007-06-05,12.61723663164618,12.711044229489543,12.559295213277691,12.669658660888672,30850681
2007-06-06,12.636543052865711,12.744147332299033,12.562049297848683,12.700002670288086,34259817
2007-06-07,12.622754678133921,12.7413943106931,12.515150347250454,12.528945922851562,38741548
2007-06-08,12.504115741845657,12.636550969653667,12.426861665823427,12.631033897399902,29886645
2007-06-11,12.658670559393848,12.79410155301811,12.564698743920138,12.68354606628418,28195289
2007-06-12,12.597865405221668,12.689074439791543,12.445850734549815,12.454142570495605,37302761
2007-06-13,12.48454419039898,12.575753211975098,12.385043334058338,12.575753211975098,35349807
2007-06-14,12.631037352884094,12.686315118503705,12.526008553456018,12.622745513916016,24923777
2007-06-15,12.661431366238322,12.722236979378765,12.633791923522947,12.63379192352295,41189511
2007-06-18,12.61444859686703,12.700129737544401,12.589573089976698,12.68354606628418,26557221
2007-06-19,12.658666556395797,12.733291892634558,12.584042380990443,12.68630599975586,26746813
2007-06-20,12.71394645432027,12.71394645432027,12.445847314904613,12.44861125946045,30600093
2007-06-21,12.481780245477472,12.606155445278036,12.40991883835191,12.575753211975098,32981556
2007-06-22,12.575749739734395,12.658665742818728,12.45690130175797,12.4873046875,50540744
2007-06-25,12.465201683005153,12.589576933762894,12.371228678006307,12.420978546142578,30778455
2007-06-26,12.476252443385462,12.531530181370767,12.285542564127356,12.338057518005371,34211373
2007-06-27,12.315945303499024,12.517709790957156,12.313181358705068,12.490070343017578,25205413
2007-06-28,12.423740206099161,12.531531750626977,12.285544102579856,12.329767227172852,25012298
2007-06-29,12.382277956315516,12.553640199952454,12.233027269491993,12.332528114318848,30598992
2007-07-02,12.506654011781325,12.537057404514862,12.387806707308332,12.490070343017578,20762218
2007-07-03,12.506657019051064,12.611685785642402,12.484546616216473,12.59786605834961,11536058
2007-07-05,12.537055327278338,12.705653610107902,12.479013657055615,12.68630599975586,19366810
2007-07-06,12.661435798921115,12.713949597631672,12.578518602579624,12.70842170715332,18428098
2007-07-09,12.669722018726889,12.669722018726889,12.528763182762109,12.537055015563965,23045912
2007-07-10,12.520479443249245,12.59234204065093,12.409923922761061,12.420978546142578,26759365
2007-07-11,12.38228792710665,12.617219924926758,12.351884512005968,12.617219924926758,40089612
2007-07-12,12.658674176046313,13.164469328988869,12.57575811772318,13.087080001831055,55380080
2007-07-13,13.004160004419626,13.08431326045293,12.879783621838925,13.05943775177002,30140536
2007-07-16,12.990344328437834,13.125775374055968,12.959940919455136,13.111955642700195,26158879
2007-07-17,13.095367938726968,13.23356287587613,12.995867073212718,13.131298065185547,26196533
2007-07-18,13.029034614562988,13.142355217788158,12.885311772058296,13.029034614562988,22342593
2007-07-19,13.134063196037676,13.567995662892692,13.134063196037676,13.377286911010742,37799312
2007-07-20,13.4049216992149,13.523770160615118,13.302658066866904,13.415977478027344,33178855
2007-07-23,13.407687601863408,13.543119751259661,13.35240986056245,13.385577201843262,23579677
2007-07-24,13.3772829417122,13.451908285233461,13.134059298908292,13.158933639526367,22914452
2007-07-25,13.239091131627168,13.415980145293371,13.031797559348373,13.1395902633667,25140895
2007-07-26,13.114705781117573,13.302651608008363,12.813441758919472,13.017970085144043,47845717
2007-07-27,13.045613846229914,13.109184570280174,12.841085433959961,12.841085433959961,29038435
2007-07-30,12.84384973517112,12.904655355552608,12.647613151023243,12.752640724182129,28436628
2007-07-31,12.849373818256591,13.015206962675492,12.705651063260307,12.722234725952148,32341875
2007-08-01,12.725003422327221,12.96822710566967,12.603392161072854,12.9157133102417,33589748
2007-08-02,13.0041622215812,13.382817003033262,13.0041622215812,13.330303192138672,40744046
2007-08-03,13.286075559997363,13.501659783183786,12.713948243111606,13.103658676147461,38206241
2007-08-06,13.145113339678963,13.410447343420717,13.142349395438595,13.393863677978516,40357595
2007-08-07,13.363468463408871,13.540357505098376,13.255675742313695,13.399399757385254,34619624
2007-08-08,13.51271714599361,13.775287303166857,13.46020334672572,13.65367603302002,52203034
2007-08-09,13.388340016559015,13.598397523481001,12.995866775512694,12.995866775512695,53269022
2007-08-10,12.868726016958728,13.319240888355276,12.84661445881239,13.048378944396973,40367945
2007-08-13,13.261200832873945,13.50995240997885,13.208687036679722,13.385577201843262,39563774
2007-08-14,13.457439477160017,13.476785933314622,12.968228126884572,13.067728996276855,40532654
2007-08-15,12.990333363572686,13.15340373425812,12.700123893398004,12.755401611328125,44910451
2007-08-16,12.780283652573024,12.799631270049655,12.061669468922167,12.72776985168457,78414321
2007-08-17,13.211449593095333,13.335824788157508,12.802391564464488,13.031795501708984,65244599
2007-08-20,13.07878169329919,13.114711812685442,12.686307359681535,12.874253273010254,37040503
2007-08-21,12.882553133298535,12.948886684968677,12.66696763932776,12.716718673706055,33358979
2007-08-22,12.86319299690323,12.890831272728967,12.664191374625684,12.830025672912598,34051288
2007-08-23,12.854903637053624,13.222502411115789,12.796861969745565,13.169988632202148,32248730
2007-08-24,13.128532468496601,13.31371445034834,13.1008941810438,13.294366836547852,24581587
2007-08-27,13.26673138770156,13.32753703142876,13.20316179831249,13.20868968963623,19972580
2007-08-28,13.156176827943753,13.26120444897139,12.940592533333612,12.957176208496094,25136491
2007-08-29,12.97652024589544,13.476786227389544,12.97652024589544,13.382814407348633,30796732
2007-08-30,13.28054562077199,13.540351762149141,13.255670120108164,13.388337135314941,24302813
2007-08-31,13.534824954396253,13.742117309542683,13.457435669174902,13.639852523803711,39402368
2007-09-04,13.559701522335072,13.949411956984584,13.556937577378918,13.858202934265137,48633592
2007-09-05,13.750413872603875,13.86096936904162,13.708954690814316,13.847150802612305,36582487
2007-09-06,13.86096970772644,13.9355950759372,13.775288557434987,13.872025489807129,27369979
2007-09-07,13.695135146866447,13.778051182859516,13.391105812112562,13.50166130065918,33382760
2007-09-10,13.565333366394043,13.676070183650502,13.38261610636182,13.565333366394043,19192632
2007-09-11,13.648385939355201,13.856018334311793,13.604090284279007,13.806185722351074,24788134
2007-09-12,13.792343026898473,13.808953897186838,13.44075208614978,13.498888969421387,31333359
2007-09-13,13.482283109197297,13.631778658977531,13.396461417621532,13.50166130065918,30942284
2007-09-14,13.42691068955457,13.49612265421997,13.205435890838544,13.39369010925293,36575220
2007-09-17,13.363242167894821,13.709297478117989,13.346631289758372,13.604096412658691,32000565
2007-09-18,13.68991234587185,13.941839240392095,13.330015951744556,13.889239311218262,31718048
2007-09-19,13.91139003397417,13.988906285971979,13.676072798883038,13.78127384185791,44937976
2007-09-20,13.717601377133878,13.925233842314297,13.717601377133878,13.869865417480469,25195724
2007-09-21,13.958453589026394,14.107949140964832,13.869864579738293,13.988906860351562,51882203
2007-09-24,14.044275903586176,14.113486724196624,13.889243386361633,13.908622741699219,24490204
2007-09-25,13.853254827636174,14.119024202524017,13.853254827636174,14.113487243652344,29547317
2007-09-26,14.116258759597034,14.143943559910596,13.969531643411875,14.013827323913574,30356772
2007-09-27,14.05534704417242,14.132863287470718,13.889240642427803,13.916925430297852,24937430
2007-09-28,13.900316366169216,13.930769636788595,13.717600230666905,13.784041404724121,24301712
2007-10-01,13.789579800611943,14.16055139406156,13.781275525042542,14.113487243652344,25105442
2007-10-02,14.085795277799388,14.141163671017832,13.93076284659781,14.13008975982666,18892499
2007-10-03,14.047046004279904,14.074730800814788,13.878172233631716,13.941844940185547,21625842
2007-10-04,13.955684886106395,13.999980552778403,13.844948044902367,13.972295761108398,14057128
2007-10-05,14.02489561175025,14.182696597771729,13.994443503848377,14.091339111328125,25659466
2007-10-08,14.09687166504032,14.44569414391576,14.094103186527908,14.404168128967285,27702261
2007-10-09,14.451235047757887,14.53151977734727,14.321117695344643,14.523214340209961,21370190
2007-10-10,14.498298941785098,14.595194551750813,14.395867536117187,14.465078353881836,19969277
2007-10-11,14.528750136023179,14.5730458007569,14.163316715659708,14.287897109985352,24259434
2007-10-12,14.23529884899002,14.387562888986047,14.202077096523361,14.27128791809082,20366078
2007-10-15,14.27128462968582,14.368180222648707,14.066420691560637,14.185462951660156,16328931
2007-10-16,14.141170619927271,14.365413943528448,14.13840214076906,14.260212898254395,17674793
2007-10-17,14.501070818395876,14.603503410800277,14.420786064941247,14.545365333557129,27190957
2007-10-18,14.531528346444441,14.672718535561264,14.40141091730225,14.636728286743164,19066017
2007-10-19,14.534291135411078,14.645027993701243,14.20207823506423,14.22976303100586,31380922
2007-10-22,14.071957836365016,14.24360119470138,13.911388393113297,14.199305534362793,24672089
2007-10-23,14.334958379079406,14.39586491081453,14.127325963650357,14.35710620880127,21362042
2007-10-24,14.310044697391852,14.354340364966484,13.961222128931722,14.28512954711914,27986099
2007-10-25,14.251910830748093,14.387564005033445,14.105182575376675,14.226994514465332,26143465
2007-10-26,14.448468503177072,14.573047751440397,14.384793476599091,14.525984764099121,26237270
2007-10-29,14.495526510237001,14.525979773354836,14.271283242764241,14.332188606262207,26631208
2007-10-30,14.296201517462293,14.38756015665769,14.25744281361182,14.28235912322998,18903069
2007-10-31,14.31834968864312,14.382024708796388,14.130096595534367,14.307275772094727,27490208
2007-11-01,14.17992528275731,14.478916320110118,14.163314411184876,14.257441520690918,34915132
2007-11-02,14.368180671726451,14.525981639038323,14.257442681630918,14.50660228729248,30892959
2007-11-05,14.404175185728919,14.628418566880478,14.337732831617897,14.545365333557129,26351114
2007-11-06,14.537062709655581,14.80560182072041,14.537062709655581,14.786222457885742,30084605
2007-11-07,14.633951297111706,14.78344684133886,14.326654771451672,14.351571083068848,31606627
2007-11-08,14.362643017851077,14.423548386219181,13.426911174623086,13.825566291809082,54678082
2007-11-09,13.615163008055092,13.68437380032479,13.252498177504842,13.396456718444824,44514971
2007-11-12,13.269113782197824,13.548725529264965,13.13622794389702,13.161144256591797,34071326
2007-11-13,13.357696479932326,13.717593953427615,13.31340199658423,13.703751564025879,36695669
2007-11-14,13.900315897031135,13.900315897031135,13.529345517514406,13.58471393585205,29105155
2007-11-15,13.50996246435829,13.731437239794696,13.446288626296749,13.537647247314453,30042987
2007-11-16,13.875398567431256,14.049810409545898,13.698219409203833,14.049810409545898,48557843
2007-11-19,14.083035812601143,14.260215016835502,13.634549098768973,13.687149047851562,59922145
2007-11-20,14.002748814066921,14.033200921692107,13.460135044943694,13.720367431640625,71499160
2007-11-21,13.415838125651943,13.820030226295266,13.415838125651943,13.532113075256348,31647805
2007-11-23,13.687143998296614,13.698217912489204,13.537648482172134,13.612396240234375,10267486
2007-11-26,13.606858620058635,13.731437823178887,13.299562167140179,13.332782745361328,35100320
2007-11-27,13.374312416033842,13.57087093182113,13.318944000179915,13.4850492477417,34609935
2007-11-28,13.612397654510064,14.11902114229309,13.532112931010255,14.044273376464844,37406915
2007-11-29,13.947380339724582,14.257444186700312,13.939074902385325,14.132864952087402,24286519
2007-11-30,14.274055686997887,14.332192588182801,13.892011366337272,14.163317680358887,44869053
2007-12-03,13.9861389998319,14.177160585653052,13.916928179223824,13.963991165161133,22036735
2007-12-04,13.853253632744421,14.246370702296783,13.844948195153284,14.038738250732422,26954462
2007-12-05,14.141170438115775,14.32942353023985,14.130096521625305,14.301738739013672,25669595
2007-12-06,14.2962063358488,14.462311634407008,14.16885859146603,14.45400619506836,22898818
2007-12-07,14.509372064501727,14.58135135754673,14.307275417971645,14.351571083068848,19687421
2007-12-10,14.443059083198989,14.473559397084774,14.204605577330739,14.40978717803955,27889211
2007-12-11,14.307211973643938,14.492983321669033,14.041030619539603,14.079849243164062,29917033
2007-12-12,14.368201947551414,14.473565548494198,14.171339695131731,14.287793159484863,31820882
2007-12-13,14.196302819338337,14.542893015825651,14.196302819338337,14.520710945129395,26713343
2007-12-14,14.398707958162849,14.653798228619491,14.398707958162849,14.45693588256836,29050546
2007-12-17,14.365439010901625,14.431984059527696,14.082622263106956,14.121440887451172,24694769
2007-12-18,14.196301311495812,14.351573460806723,14.107575367205547,14.146392822265625,26530577
2007-12-19,14.138069009053,14.29334109754709,14.068751237175443,14.182433128356934,22024184
2007-12-20,14.257308659468547,14.390398802609832,14.079854358922939,14.185216903686523,20014198
2007-12-21,14.279480666244869,14.465253130420876,14.273936314563677,14.426434516906738,37873739
2007-12-24,14.412569059308042,14.5512046196099,14.370978857031476,14.506841659545898,8512051
2007-12-26,14.501291506884478,14.667654591862679,14.409792858227616,14.631609916687012,13257141
2007-12-27,14.459707958465124,14.592798021754872,14.282253764388697,14.309981346130371,17697914
2007-12-28,14.28780595059228,14.418124481078497,14.210169850008533,14.240670204162598,15323057
2007-12-31,14.221257837104481,14.224030595978213,13.974485790948618,13.996667861938477,18880168
2008-01-02,13.996661612386319,14.135297165100862,13.652845488235648,13.766526222229004,30826238
2008-01-03,13.713844991685857,13.816435859671378,13.608481366064648,13.766526222229004,23538279
2008-01-04,13.530848380741773,13.638984788485207,12.909761010522251,12.99571418762207,54436963
2008-01-07,13.048395342010668,13.073348999451976,12.258172122644492,12.574260711669922,69337016
2008-01-08,12.618623723162258,12.760032039446786,11.928217523716942,11.975353240966797,94068339
2008-01-09,11.95593949636819,12.371847182036015,11.856122583435537,12.321937561035156,67394412
2008-01-10,12.20549383866816,12.740628160963405,12.20549383866816,12.571492195129395,54328845
2008-01-11,12.615854435455455,12.657444648640782,12.435627461070045,12.477217674255371,40140038
2008-01-14,12.940258712220377,13.004030980479484,12.721214327967328,12.790532112121582,41575522
2008-01-15,12.643580624235083,12.682398078193946,12.477217445473638,12.491081237792969,35336815
2008-01-16,12.144488619147879,12.53266886527866,12.10012566153361,12.294215202331543,61638384
2008-01-17,12.324717139117782,12.421762513574395,11.78403859530209,11.922674179077148,53745315
2008-01-18,12.14449333304261,12.280356180789926,11.925448888513484,12.130629539489746,55236509
2008-01-22,11.22949447746174,12.061309098854297,11.22949447746174,11.845037460327148,71427375
2008-01-23,11.534491745600922,11.98367151422294,11.088084734730954,11.975353240966797,74560821
2008-01-24,12.000310172828993,12.527126086694716,11.778493007229487,12.446717262268066,49071790
2008-01-25,12.687944340347714,12.69071593418472,12.089037848227292,12.12785530090332,46897315
2008-01-28,12.13062359422328,12.421758458005577,12.03635100880255,12.144487380981445,31277208
2008-01-29,12.213808583259935,12.213808583259935,11.881082265681377,12.028036117553711,46600926
2008-01-30,11.958719120392477,12.280354426736936,11.88108305212089,12.07240104675293,43454929
2008-01-31,11.906038027098429,12.263718031507247,11.728583821801159,12.122309684753418,48722113
2008-02-01,12.138942769478957,12.324714032256344,12.050215692159734,12.31639575958252,40343723
2008-02-04,12.269263542358896,12.391262580608117,12.161128295850546,12.216582298278809,27414900
2008-02-05,12.186078527865762,12.186078527865762,11.869989987782304,11.917125701904297,40007037
2008-02-06,11.975352440381501,12.047442972580338,11.662035493486016,11.689763069152832,41052106
2008-02-07,11.589945829159744,11.589945829159744,11.135220541382752,11.229493141174316,107215160
2008-02-08,11.296039447361128,11.70085630575526,11.246130966284905,11.612129211425781,49548083
2008-02-11,11.711949317145178,11.82008457183838,11.625994966381045,11.820084571838379,29752543
2008-02-12,11.861673114087633,12.036353367872662,11.736900173344011,11.889399528503418,43568332
2008-02-13,11.955944124629317,12.333033362160242,11.955944124629317,12.213807106018066,38519586
2008-02-14,12.075170270026183,12.09457840801089,11.86444419341832,11.99476146697998,43709260
2008-02-15,11.964265259931937,12.280355066104317,11.869993801400211,12.163900375366211,41743534
2008-02-19,12.31362182310225,12.524347863796942,12.186076164245605,12.186076164245605,70195136
2008-02-20,12.715671108727843,13.234168786827539,12.615854133656788,13.153759956359863,88567743
2008-02-21,13.156530456001564,13.264666852387384,12.904214138659746,12.984622955322266,42128003
2008-02-22,13.012348366601099,13.167620472002152,12.851530745683226,13.142666816711426,31144207
2008-02-25,13.126031222104452,13.400529601954755,13.073348820873948,13.345075607299805,37159851
2008-02-26,13.281304273972454,13.777619831925787,13.209212561949096,13.641757011413574,44991925
2008-02-27,13.586300547374309,13.722163343231765,13.489255194104015,13.569664001464844,31914467
2008-02-28,13.478172009390297,13.530853270902083,13.35339900697156,13.461535453796387,34746679
2008-02-29,13.33952998294614,13.480938308661058,13.200893250633138,13.245257377624512,31239774
2008-03-03,13.20366944871444,13.275760002964951,13.07057820933752,13.198123931884766,26813974
2008-03-04,13.114935444485209,13.453205970462115,13.02898114337925,13.433797836303711,35650160
2008-03-05,13.47261742694916,13.544707954820502,13.253573085934898,13.394981384277344,27464665
2008-03-06,13.314574732671007,13.530846351183042,13.223074888233413,13.248029708862305,35416528
2008-03-07,13.117711067199709,13.356164723918281,12.959666215241292,13.117711067199707,27717455
2008-03-10,13.126046218676723,13.170484329440397,12.945515154284868,12.973288536071777,25183173
2008-03-11,13.239916519825355,13.331571341826187,12.945512207457185,13.30935287475586,32002106
2008-03-12,13.237142848931875,13.328796522543911,13.084385170901596,13.128823280334473,26981767
2008-03-13,12.939960662274112,13.198260493512851,12.80109023681546,13.0593900680542,34488164
2008-03-14,13.148265617448967,13.15104307222776,12.526125079061034,12.753872871398926,40414407
2008-03-17,12.476125438266111,13.048271486988504,12.359473565973596,12.892736434936523,38639155
2008-03-18,13.073278975227684,13.312136650085447,13.001066298317939,13.31213665008545,33076682
2008-03-19,13.192704424769142,13.287136725732081,12.928850872867319,12.939959526062012,45659351
2008-03-20,12.956626293506645,13.148268380500676,12.831643135211701,12.914965629577637,62210464
2008-03-24,12.973291743157272,13.464894370453136,12.856639777990464,13.31213665008545,36454330
2008-03-25,13.28991334744556,13.462112042514041,13.22047814516634,13.403786659240723,23042829
2008-03-26,13.33435664826714,13.39823696591317,12.962183399213997,13.148270606994629,30242708
2008-03-27,13.087159545749653,13.148263541234268,12.895518695797659,12.95384407043457,26909101
2008-03-28,13.03994497119195,13.109380168422488,12.756649273170751,12.801087379455566,22426269
2008-03-31,12.776094872948589,12.942738690978802,12.681662559509277,12.681662559509277,49361794
2008-04-01,12.806644403258428,13.292692030638637,12.806644403258428,13.21770191192627,38758723
2008-04-02,13.206590356623499,13.331573482552791,12.99550730326226,13.11771297454834,28822418
2008-04-03,13.014950274093923,13.128823588347794,12.8788561548408,13.042723655700684,33455426
2008-04-04,13.037166248485272,13.123266164637807,12.828860677056054,12.887186050415039,27220023
2008-04-07,12.901075641659533,13.034391138026184,12.701102397109558,12.753872871398926,31075064
2008-04-08,12.651107868664155,12.831640091383806,12.551120665841681,12.795533180236816,27289826
2008-04-09,12.792756182314573,12.839971743148913,12.570563317875338,12.801087379455566,26160200
2008-04-10,12.748316516265232,13.006616281880321,12.748316516265232,12.934402465820312,23886415
2008-04-11,12.851080984656349,12.873299453547915,12.595558677089347,12.628888130187988,22629954
2008-04-14,12.601113986852319,12.845526484495926,12.559452169153516,12.726097106933594,19190430
2008-04-15,12.787199939717603,12.812197030336884,12.57889435074629,12.726097106933594,18835908
2008-04-16,12.914955333332108,13.120483366776527,12.870516082961212,13.081600189208984,28398093
2008-04-17,13.153817041637588,13.19270023173011,12.976062315909967,13.13992977142334,20645071
2008-04-18,13.281581698758975,13.470445132511648,13.256584604648936,13.381568908691406,36858617
2008-04-21,13.31768193805376,13.47877192267959,13.220473389733574,13.45655345916748,17836640
2008-04-22,13.428784832122014,13.459335670337875,13.253807501720432,13.378791809082031,21637513
2008-04-23,13.381566000632942,13.492661839518956,13.259359178049358,13.337126731872559,23108889
2008-04-24,13.337127631579982,13.595427399151903,13.289912071844439,13.42878246307373,23119899
2008-04-25,13.414896958146995,13.414896958146995,12.989953365015445,13.178816795349121,27167395
2008-04-28,13.178817541812121,13.30380185067125,13.123269608156825,13.21770191192627,17874735
2008-04-29,13.217695182489962,13.339900807615438,13.142705101956789,13.287130355834961,20826296
2008-04-30,13.339906924772967,13.339906924772967,12.806643755724942,12.87330150604248,36430328
2008-05-01,12.873296680315995,13.381563731531601,12.84552330855774,13.3399019241333,36478772
2008-05-02,13.412109763451587,13.475990012123395,13.262129643437131,13.431551933288574,25672898
2008-05-05,13.353791983156226,13.49543982488913,13.276024426272718,13.409339904785156,19085835
2008-05-06,13.398230872213773,13.570430722511603,13.203812551867015,13.50932788848877,25449835
2008-05-07,13.489885352125334,13.850948604145735,13.434337428700863,13.512104988098145,41361487
2008-05-08,13.573209900183977,13.734299952653737,13.459335414883185,13.625980377197266,23282847
2008-05-09,13.567647776129258,13.706518115381396,13.498212606503188,13.645415306091309,21163862
2008-05-12,13.717632281244017,13.87872229916649,12.734428614257615,13.00661563873291,88435403
2008-05-13,12.328928228562742,12.734430797207109,12.017859123207518,12.295599937438965,312113021
2008-05-14,12.47613037437967,12.909406262301857,12.295598171158334,12.676103591918945,121108679
2008-05-15,12.739986068677924,13.07327598842855,12.576118563684124,12.978843688964844,63124073
2008-05-16,13.073272746471531,13.198255852130396,12.86218972734486,13.13437557220459,54706048
2008-05-19,13.142710947653487,13.34546165068103,12.898298422184034,12.973288536071777,45865018
2008-05-20,12.964954340203525,13.006616156760447,12.74276148475587,12.903851509094238,47797933
2008-05-21,12.831642227238563,12.87330288821964,12.331708462926414,12.442804336547852,75987277
2008-05-22,12.556676211987746,12.587227045930915,12.415028361094853,12.470576286315918,64460247
2008-05-23,12.440025014261092,12.5400122187196,12.417806542776274,12.487241744995117,36950661
2008-05-27,12.506684746911844,12.764984580051285,12.501131003039845,12.692771911621094,34436417
2008-05-28,12.776090718860765,12.956621754654956,12.759425992523836,12.920516014099121,39419103
2008-05-29,12.909405926885064,13.078827141582373,12.817751100453984,13.02883529663086,32093710
2008-05-30,13.067719104681112,13.220476767073585,13.031612196675688,13.070496559143066,38642678
2008-06-02,13.014946191566903,13.056606834162784,12.706653470232482,12.845523834228516,32123877
2008-06-03,12.93440134464058,13.045498347056785,12.789977224562168,12.842747688293457,32110445
2008-06-04,12.781644160110757,13.101045545692147,12.781644160110757,13.001059532165527,29005184
2008-06-05,13.087158624277645,13.537099196666176,13.03716561618139,13.47321891784668,50031642
2008-06-06,13.356570893993865,13.456558097034785,13.192703399137898,13.22881031036377,36927320
2008-06-09,13.264977799793096,13.315054928961795,13.12587258593295,13.251067161560059,23753635
2008-06-10,13.131428924535973,13.401291638151076,13.131428924535973,13.234366416931152,27738594
2008-06-11,13.214895029883161,13.220459283293286,12.88382779432998,12.931122779846191,31003720
2008-06-12,13.009029853018658,13.181519487067199,12.986772824503845,13.067453384399414,24474569
2008-06-13,13.114744929017084,13.376261439410234,13.100834289878568,13.200989723205566,30800255
2008-06-16,13.089708321914507,13.36235220378528,13.075797681314889,13.23715877532959,22404469
2008-06-17,13.32340485338502,13.354007097161821,13.10083691943628,13.170390129089355,27297093
2008-06-18,13.025720859013154,13.08970863885027,12.814282622190797,12.961731910705566,34617422
2008-06-19,12.839320607405904,13.05910522879012,12.739165161134064,12.961731910705566,31204322
2008-06-20,12.811499550487445,12.958949996613544,12.558329409500768,12.697433471679688,44324058
2008-06-23,12.761416747319553,12.792020144335583,12.613966353182258,12.661262512207031,24371956
2008-06-24,12.577801344927433,12.650135486973925,12.480428056932888,12.530505180358887,37526044
2008-06-25,12.558330439015258,12.853231355443025,12.558330439015258,12.68630599975586,25854783
2008-06-26,12.588931208617018,12.588931208617018,12.313505221872889,12.427571296691895,38770394
2008-06-27,12.408097787580749,12.472085567615796,12.249518817355838,12.402533531188965,31972820
2008-06-30,12.488778961546444,12.639011554699113,12.199442288581384,12.29959774017334,33923792
2008-07-01,12.113192508196494,12.3441055598439,12.010254970508356,12.241168022155762,42337193
2008-07-02,12.274552728275157,12.366360582584662,12.104845317753998,12.13266658782959,23031819
2008-07-03,12.129887923306512,12.182747183068873,11.868371415355817,12.085373878479004,29976707
2008-07-07,12.132667398550746,12.505466600124745,12.071461768764577,12.241168022155762,32702783
2008-07-08,12.188305407243382,12.224473050768038,11.887840427225154,12.088150024414062,39679820
2008-07-09,12.132668459045702,12.132668459045702,11.723701568209595,11.743176460266113,36156179
2008-07-10,11.79325651233612,11.818295665479784,11.420457185660437,11.53174114227295,58493488
2008-07-11,11.459405474156462,11.695882828483253,11.41767355773217,11.570688247680664,41198980
2008-07-14,11.659710913462773,11.71813440667031,11.426015772162756,11.626326560974121,37358692
2008-07-15,11.426019344432483,11.707009559803607,11.359249450110148,11.587380409240723,48189889
2008-07-16,11.492789857879124,11.809947749348396,11.406545065596227,11.779345512390137,41337045
2008-07-17,11.962964959896347,12.143799797388652,11.768218312171662,12.026952743530273,41732304
2008-07-18,11.960178146148067,12.227257689464919,11.943485382573243,12.07980728149414,31188688
2008-07-21,12.129886222447498,12.157706328093433,11.904537407517681,12.060334205627441,24124672
2008-07-22,11.935139949454912,12.11875802643276,11.860023675867643,12.110411643981934,33311856
2008-07-23,12.07702729927681,12.430352850485699,12.07702729927681,12.319068908691406,35939723
2008-07-24,12.3580183489269,12.3580183489269,12.051990117741845,12.068681716918945,30372626
2008-07-25,12.079806657017082,12.241167692958502,11.976870290567225,12.160487174987793,25906530
2008-07-28,12.09372174368382,12.193877188347091,11.87671925397211,11.962964057922363,24259654
2008-07-29,12.024166042235379,12.380272493554003,11.968524664819677,12.277336120605469,37281842
2008-07-30,12.377490943761899,12.566673271660182,12.310721054053724,12.536069869995117,35328007
2008-07-31,12.477648126880398,12.627880692083991,12.383056949556202,12.463737487792969,32050991
2008-08-01,12.463736720782645,12.519378105237907,12.157707353573336,12.23004150390625,24273086
2008-08-04,12.160487886795606,12.366361800216062,12.141014164295221,12.22447681427002,20893677
2008-08-05,12.282903411198848,12.572238878970497,12.232825107523617,12.519379615783691,29322052
2008-08-06,12.458175775750473,12.652922425795364,12.416445018438312,12.561113357543945,26909321
2008-08-07,12.51937520360268,12.758634620318094,12.408092460484331,12.661262512207031,28335997
2008-08-08,12.613966382225122,12.783673792764816,12.46373386074047,12.747506141662598,32508346
2008-08-11,12.750294212783798,12.889399459557033,12.602843749566457,12.722474098205566,23260387
2008-08-12,12.69464935219949,12.794804775383202,12.541634674113078,12.7085599899292,18694980
2008-08-13,12.739165963465751,12.814283429253493,12.591716665664404,12.689088821411133,19913126
2008-08-14,12.60284000202291,12.73081669752187,12.558327130851644,12.658482551574707,24341569
2008-08-15,12.69186956227567,12.753075211089214,12.552765496298415,12.683523178100586,26993657
2008-08-18,12.705782250851696,12.72803927890662,12.199443041896417,12.408099174499512,39821408
2008-08-19,12.352452886818094,12.352452886818094,12.054769928214453,12.154925346374512,50250080
2008-08-20,12.519375223604893,12.897739822527713,12.46373385195682,12.842097282409668,73021403
2008-08-21,12.714123042452682,12.95060035607989,12.689083896907537,12.922779083251953,31711002
2008-08-22,12.933907464914546,13.136999249146681,12.8810482155325,13.092486381530762,29461439
2008-08-25,12.978418974857238,13.142562128813177,12.939470365826484,13.022933006286621,26605445
2008-08-26,12.992331170437534,13.075793820923975,12.953382556727913,13.036845207214355,22292387
2008-08-27,12.97842398609863,13.137002947356555,12.950603874183294,13.020155906677246,29849211
2008-08-28,13.02293520312712,13.167603492736816,12.953383185755929,13.167603492736816,29988157
2008-08-29,13.006241420898563,13.170384589701042,12.983984403170751,13.053536415100098,30975314
2008-09-02,13.125876527952176,13.295584028422047,12.714128523417758,12.797591209411621,43926817
2008-09-03,12.744732112520452,12.86992555900285,12.391406464296242,12.544421195983887,41882701
2008-09-04,12.516590777254645,12.544412042158344,12.26898619349076,12.369141578674316,34521415
2008-09-05,12.271771966300104,12.55832640607326,12.23560431117878,12.508249282836914,38697508
2008-09-08,12.69777197193637,12.77859516289036,12.49710402654783,12.747937202453613,41541170
2008-09-09,12.962538880588053,13.177141063777844,12.823186874389648,12.823186874389648,57484972
2008-09-10,12.870568297419936,13.132549831201374,12.825976069506064,13.032217025756836,48909943
2008-09-11,12.884500107091062,13.221731735292344,12.864990500754178,13.152055740356445,56100574
2008-09-12,13.029428320156324,13.149270722546364,12.901223486038969,13.090743064880371,37038521
2008-09-15,12.756289733172348,12.982041309853987,12.633660316467285,12.633660316467285,56049047
2008-09-16,12.480379755101335,13.656512877959797,12.27413883452019,13.49207592010498,118518026
2008-09-17,13.26910867878244,13.349934176383371,12.733997507363865,12.750720024108887,70425245
2008-09-18,12.954183023452108,13.29141483183648,12.831552317223032,13.138127326965332,80783233
2008-09-19,13.62028254367993,13.71225525368413,13.296986270850297,13.450272560119629,66806258
2008-09-22,13.572903107727395,13.62028242066978,13.074022681263807,13.143698692321777,48716387
2008-09-23,13.246822458627841,13.506016967899923,13.001562219204674,13.065665245056152,43078607
2008-09-24,13.087955740369262,13.20501222413066,12.8538439433996,13.037789344787598,44267907
2008-09-25,13.004345639780869,13.503227242173393,12.864993616163341,13.294198036193848,48798962
2008-09-26,13.079590020997935,13.539452197164772,13.079590020997935,13.324850082397461,43179018
2008-09-29,13.143691987011483,13.210580876681354,12.341022969867744,12.41627311706543,62351171
2008-09-30,12.605796074704944,12.956963134537508,12.536120080060014,12.887287139892578,49185413
2008-10-01,12.86499441207882,13.021068969119058,12.385622391090466,12.53333568572998,48475929
2008-10-02,12.338239459666827,12.346600719617749,11.691645891772454,12.056748390197754,62470079
2008-10-03,12.009372957246557,12.572355277583751,11.878381013028077,11.984289169311523,56100354
2008-10-06,11.778043671496498,11.984284559074505,10.955866037107732,11.41294002532959,65157180
2008-10-07,11.359989301204289,11.64984168263973,11.033905957366011,11.058988571166992,60375757
2008-10-08,10.523877923745646,11.705584359094798,10.351082001017591,11.148176193237305,90903625
2008-10-09,11.379494732656614,11.460319059787814,10.73011302947998,10.73011302947998,74624018
2008-10-10,10.097457235128594,11.329329674900741,9.894003414752214,10.31205940246582,109116807
2008-10-13,10.730115249797585,11.677710682435889,10.54895812571297,11.538358688354492,59184916
2008-10-14,11.716729903717905,11.984285545235362,11.114727369197617,11.27916431427002,62699748
2008-10-15,10.975377777747259,11.315397748044969,10.688312466447126,10.760775566101074,63653214
2008-10-16,10.76635276748191,11.103585745270415,10.328786959229486,11.053418159484863,64119157
2008-10-17,10.994887288580834,11.510490243398348,10.652081404650316,11.067350387573242,48530979
2008-10-20,11.231784947870425,11.502127702752567,10.897339192440073,11.429664611816406,47715578
2008-10-21,11.206702539331198,11.34326747700948,10.554534640930056,10.604701042175293,61715014
2008-10-22,10.412392342350277,10.412392342350277,9.556770257641862,9.81875228881836,67624741
2008-10-23,9.815965596426624,9.896790526823118,8.848861712287203,9.23904800415039,83432018
2008-10-24,8.430805893373854,9.286428140087043,8.369491149993328,9.041169166564941,60695267
2008-10-27,8.837713787840936,9.130353208711549,8.642620645501694,8.690000534057617,52761902
2008-10-28,8.848864805443451,9.80760776447329,8.578521978663655,9.77973747253418,61128401
2008-10-29,9.760226137317426,10.228450325853228,9.671040521855694,9.866133689880371,61792964
2008-10-30,10.195005829938346,10.668802462276842,10.094671860823347,10.50436782836914,64697843
2008-10-31,10.351079252546132,10.941932313334386,10.351079252546132,10.668801307678223,63365192
2008-11-03,10.604701017530529,10.97816486506292,10.604701017530529,10.760775566101074,47844395
2008-11-04,10.908485964708012,10.908485964708012,10.426328180622379,10.657652854919434,59618049
2008-11-05,10.560109339665775,10.576830693875216,10.024996741130646,10.103034019470215,49269750
2008-11-06,9.80203244268499,9.871708452862197,9.303151437251044,9.375615119934082,65312421
2008-11-07,9.431355922700732,9.751865694344431,9.350531561646447,9.654318809509277,40039627
2008-11-10,9.843836790698136,9.96646626325528,9.35331655936358,9.52332592010498,34610375
2008-11-11,9.356104749586967,9.473160647878982,8.977066769958503,9.266919136047363,35418950
2008-11-12,8.968705397458818,9.096909642168704,8.639834402694184,8.678853034973145,44782955
2008-11-13,8.542285245199624,8.879517995971433,7.867820914208806,8.837712287902832,84129172
2008-11-14,8.561797782846309,8.91853847921673,8.36112986084547,8.489334106445312,48695468
2008-11-17,8.30260259144644,8.528353136299422,8.1298061165482,8.177186012268066,34776847
2008-11-18,9.353317816002598,9.43135508281062,8.84886266879906,9.361679077148438,149712439
2008-11-19,9.252981572074168,9.710056683153924,9.183305002716951,9.205601692199707,79745650
2008-11-20,9.133139681047252,9.60136260588891,8.75967594166676,8.8711576461792,89122207
2008-11-21,9.074614601475105,9.70448579557526,9.004938589608068,9.654318809509277,84768192
2008-11-24,9.782523232407177,10.03335758164187,9.325448516706787,9.949746131896973,73899781
2008-11-25,9.916302587761095,9.92745093882503,9.163801181756726,9.364468574523926,82894510
2008-11-26,9.300363571153872,9.824328317770838,9.20281728213021,9.813179969787598,48701414
2008-11-28,9.70727140264222,9.852198155409132,9.62923414548946,9.832687377929688,16278725
2008-12-01,9.498245435141394,9.704486396210472,9.31987476348877,9.31987476348877,46361128
2008-12-02,9.434142684357111,9.62644877481611,9.219540481569846,9.55119800567627,47689815
2008-12-03,9.275281468540156,9.726782591848417,9.211179630621565,9.704485893249512,48025620
2008-12-04,9.673830349564746,9.75186704888494,9.149865473581247,9.305940628051758,41009167
2008-12-05,9.166587627218027,9.551199273929981,8.868373939367467,9.344958305358887,47113331
2008-12-08,9.587427623527413,9.988762222338206,9.467584661178028,9.81875228881836,43795578
2008-12-09,9.62644903037849,10.052866945349534,9.581856219261503,9.618087768554688,40373230
2008-12-10,9.503815399280985,9.896788705574936,9.503815399280985,9.782519340515137,31248362
2008-12-11,9.570706064797456,10.105817908707209,9.542835199013242,9.69333553314209,37803055
2008-12-12,9.492666412633088,10.061223151826098,9.475943897387856,10.024991035461426,38701031
2008-12-15,10.072483582715543,10.083656783809843,9.611596076551605,9.726119041442871,33454105
2008-12-16,9.868575015193867,10.209352956130862,9.759638064200825,10.145108222961426,42896722
2008-12-17,10.07248303800612,10.388121259200082,9.86298787514259,10.187005996704102,36416456
2008-12-18,10.245661852432196,10.245661852432196,9.689804636706132,9.879745483398438,40168223
2008-12-19,9.860196450587313,10.061310554247346,9.740085709925458,9.888128280639648,48699432
2008-12-22,9.902093929697399,9.904887229778403,9.508245070670071,9.706565856933594,29089961
2008-12-23,9.781978487148617,9.89650196868956,9.597623714572142,9.65069580078125,22793342
2008-12-24,9.642316663705396,9.75125355668136,9.594831170896073,9.68700885772705,9966472
2008-12-26,9.69539088315272,9.809913812271708,9.69539088315272,9.768014907836914,9863198
2008-12-29,9.882536418703129,9.952367716400985,9.768012926235961,9.938401222229004,23469797
2008-12-30,9.98309335096302,10.12834253453227,9.857397257956316,10.108789443969727,23726110
2008-12-31,10.094824034098002,10.323871028640612,10.03895922822866,10.136723518371582,28226117
2009-01-02,10.125552365949844,10.318286513016686,9.904885223730272,10.281974792480469,32135327
2009-01-05,10.279180437753219,10.279180437753219,10.069686515100393,10.147897720336914,32013557
2009-01-06,10.357393032971025,11.041740877340771,10.332253336540496,10.980289459228516,67447921
2009-01-07,10.742861472576378,10.812692782739518,10.404876945930484,10.569679260253906,54853802
2009-01-08,10.530571639358557,10.544538134126745,10.295939219901376,10.513813018798828,34139147
2009-01-09,10.561295805753074,10.67581986667865,10.318282365101902,10.471911430358887,37500941
2009-01-12,10.460742880438927,10.502642374924264,10.200970707279367,10.329460144042969,32928928
2009-01-13,10.195383699262088,10.259628415068194,9.977509856160465,10.008234977722168,43604004
2009-01-14,9.918852658568905,9.999857179003852,9.745671005163352,9.885333061218262,42076036
2009-01-15,9.913266716250854,10.08644779455693,9.76522416446198,9.985891342163086,52189382
2009-01-16,10.111585955461916,10.111585955461916,9.547348247234625,9.712150573730469,63500395
2009-01-20,9.617177544036858,9.687008840441896,9.26802047543065,9.312712669372559,39036836
2009-01-21,9.547344233691744,9.818290069037579,9.340643674161717,9.807117462158203,39664186
2009-01-22,9.614385358088123,10.047340293540826,9.497069134802981,9.913264274597168,46859221
2009-01-23,9.734496983388066,10.245662618451696,9.650699751787338,9.997063636779785,42188118
2009-01-26,9.994267924121507,10.047339432663962,9.787567314863718,9.935609817504883,38335058
2009-01-27,10.00823219667069,10.080857964019247,9.86019088271543,10.024991989135742,26130473
2009-01-28,10.184212574208676,10.536163692766323,10.119967845325355,10.449572563171387,38836894
2009-01-29,10.200969456553448,10.335045476142897,10.005442025749021,10.03616714477539,32548202
2009-01-30,10.092034815717913,10.147900817337979,9.636734528071083,9.706565856933594,38226059
2009-02-02,9.538968221408778,9.857399652415317,9.497069318035228,9.681424140930176,34562592
2009-02-03,9.770808615453333,10.125551767101005,9.617179497523967,10.083653450012207,31687661
2009-02-04,10.069687818357338,10.335046586762207,10.019409598898882,10.064101219177246,32007391
2009-02-05,9.90209322902234,9.907679828789036,9.709358469977506,9.801535606384277,60545752
2009-02-06,9.840638732565289,10.390909252494042,9.790359936942984,10.293146133422852,51278635
2009-02-09,10.181417311079228,10.268007240839115,10.083653011243024,10.147897720336914,31009445
2009-02-10,10.047337754765897,10.24845173236363,9.776391899484011,9.835050582885742,37942222
2009-02-11,9.904886887653802,9.930026587514483,9.650700695131341,9.79874324798584,37694937
2009-02-12,9.569695072738167,9.854606359297302,9.430032435832608,9.84343433380127,43407365
2009-02-13,9.795946289929972,10.122756986847467,9.742874196623912,10.019407272338867,45732017
2009-02-17,9.795949335941364,9.835054946700023,9.586454783098105,9.592041969299316,45791471
2009-02-18,9.667458003007317,9.76801443020402,9.36578578851164,9.519414901733398,63094346
2009-02-19,9.159082642653484,9.195394349939665,8.566912746795309,8.768027305603027,125596575
2009-02-20,8.619985348585457,8.89372453017145,8.572500441236244,8.726129531860352,57415609
2009-02-23,8.74009306712958,8.793164557780232,8.147923256201024,8.178648948669434,71573368
2009-02-24,8.142340511290145,8.360214948575338,8.030610286320307,8.273624420166016,90113767
2009-02-25,8.256863792554586,8.561328141065943,8.15630618958203,8.413286209106445,61862548
2009-02-26,8.483118261959055,8.684232898928036,8.402113747255143,8.446805953979492,46800427
2009-02-27,8.301558557072207,8.368596588686506,8.086477374652812,8.108823776245117,86499404
2009-03-02,8.030610002944059,8.117201701460194,7.7931836498744635,7.84066915512085,61577829
2009-03-03,7.740112255655653,8.02781741808092,7.740112255655653,7.868602275848389,60132216
2009-03-04,8.097647001824258,8.150718509022036,7.8909458112226085,8.002676010131836,58725138
2009-03-05,7.851840265705218,7.9021184705227245,7.488716703971048,7.56413459777832,66549284
2009-03-06,7.315536728625706,7.647934077238826,7.178667404661816,7.536203861236572,73780652
2009-03-09,7.415737520293143,7.572624564137096,7.113168683487617,7.152390003204346,67449022
2009-03-10,7.300875526555063,7.595039628269769,7.16920172971251,7.5754289627075195,78522659
2009-03-11,7.807956756934965,8.099319172036187,7.732313957894481,8.01527214050293,61522339
2009-03-12,7.984455525098113,8.25060410143396,7.861187156684197,8.21978759765625,52911197
2009-03-13,8.292626236493312,8.404688745252333,8.160953068156154,8.250602722167969,52131910
2009-03-16,8.303833183398035,8.371070575195036,8.096517205643956,8.130136489868164,38899651
2009-03-17,8.197374590858063,8.345857422391424,8.096517906111275,8.334650993347168,43155457
2009-03-18,8.222586881405086,8.35986384573355,7.939629309237892,8.12173080444336,70603607
2009-03-19,8.267414847443776,8.334652255237735,8.121733601114915,8.15255069732666,42264527
2009-03-20,8.211378280625226,8.4018845319079,8.040482681463715,8.08250617980957,62212005
2009-03-23,8.306636087055207,8.738077163696289,8.2057799836164,8.738077163696289,59166639
2009-03-24,8.656827237198055,8.746476864346484,8.5447647620184,8.578383445739746,40498744
2009-03-25,8.682042699132431,8.824922278298455,8.443910263297592,8.68764591217041,54908191
2009-03-26,8.906171154808996,9.334809442387941,8.850139594662338,9.301191329956055,78037118
2009-03-27,9.18912461123106,9.424455997638693,9.105077603467546,9.337607383728027,62667819
2009-03-30,9.037843487122664,9.077064810655381,8.819321070582298,8.998620986938477,62684114
2009-03-31,9.105079500950337,9.19192813296011,8.970604142839175,8.981810569763184,42260123
2009-04-01,8.785702083249937,9.259165997059958,8.67924219861333,9.211539268493652,46105036
2009-04-02,9.402046134277644,9.783058808033624,9.385236492056478,9.438467025756836,50750595
2009-04-03,9.430064426975585,9.780259505854566,9.430064426975585,9.567340850830078,44217041
2009-04-06,9.530918407753981,9.55053024678446,9.222746317571504,9.458078384399414,35054299
2009-04-07,9.281578119807492,9.404847055462811,9.1863252524777,9.332006454467773,30607139
2009-04-08,9.38523890807119,9.472087571919658,9.141503151400078,9.261970520019531,31572716
2009-04-09,9.497298122898885,9.707415689440735,9.407648471056598,9.645781517028809,34958952
2009-04-13,9.472085500265054,9.749440489372272,9.37683203397541,9.67099666595459,28761423
2009-04-14,9.480488496070341,9.62336807966516,9.455274036617878,9.558932304382324,30456523
2009-04-15,9.466482704392632,9.794265439581114,9.460878901876823,9.763447761535645,41112221
2009-04-16,9.94555125085432,10.329365592930007,9.93434482091757,10.253722190856934,46594540
2009-04-17,10.208895238548855,10.24811773407131,9.886716337156791,10.169673919677734,46762333
2009-04-20,9.906327984166518,9.967962167426672,9.690608342755981,9.715822219848633,35719743
2009-04-21,9.665394193698596,9.945550811459412,9.603760008421075,9.925939559936523,31438835
2009-04-22,9.732631863460908,9.956756915003343,9.693409361698933,9.715822219848633,33798058
2009-04-23,9.735432912681071,9.780258040794116,9.514109467719033,9.738234519958496,32441185
2009-04-24,9.797068689541717,10.085630167768242,9.757847357930272,10.0295991897583,39284781
2009-04-27,9.841889305879905,10.138854882623193,9.822278649078738,9.931539535522461,31252986
2009-04-28,9.827881948720865,10.052006348154386,9.788659458121149,9.923134803771973,24279472
2009-04-29,9.967958286893731,10.365780480920845,9.942745007942387,10.211695671081543,30911456
2009-04-30,10.304148783399684,10.47784487798271,10.00718316418364,10.080023765563965,42768565
2009-05-01,10.071619688290447,10.24811857939751,9.953954545320025,10.231308937072754,28886497
2009-05-04,10.295743020942496,10.433019390602182,10.166871471056004,10.405004501342773,28399634
2009-05-05,10.248116391564517,10.357376690046978,10.214497114092266,10.3097505569458,28406681
2009-05-06,10.273332105929702,10.309751817660334,10.054809128940626,10.178078651428223,33939206
2009-05-07,10.214500938333751,10.214500938333751,9.59815728878917,9.673799514770508,60399539
2009-05-08,9.760647347822271,9.763448366765225,9.357221784385281,9.715822219848633,52738781
2009-05-11,9.536520828068376,9.903526028834948,9.53371922123099,9.813875198364258,31282933
2009-05-12,9.836286895891407,9.87270719216716,9.715819581032964,9.802667617797852,30401252
2009-05-13,9.696209591005568,9.755041566740752,9.50570268866893,9.584146499633789,31151694
2009-05-14,9.640178854292987,9.825081970419316,9.553330215938335,9.785860061645508,32398907
2009-05-15,9.791462721093115,9.987571665532156,9.760645634871304,9.808272361755371,37361554
2009-05-18,9.861503097059991,10.018390745277092,9.699012234502888,10.00998592376709,38810470
2009-05-19,10.077223664327976,10.360181291583112,9.976366979405201,10.248119354248047,57536278
2009-05-20,9.872708240279069,9.94554884056352,9.645781619010055,9.713018417358398,104510443
2009-05-21,9.61216381202176,9.634576080204535,9.399244616819669,9.586949348449707,55941810
2009-05-22,9.614961922556875,9.71021535725557,9.483288783699047,9.564534187316895,26434790
2009-05-26,9.486092121492975,9.825081240598264,9.455274447489693,9.656987190246582,44173882
2009-05-27,9.665392810150317,9.875510390475188,9.595353812817258,9.62056827545166,37085864
2009-05-28,9.62336962085256,9.827883994203082,9.581346103360653,9.721424102783203,36560687
2009-05-29,9.62057105849793,9.766252309225589,9.483294042753894,9.623372077941895,42954854
2009-06-01,9.749440931759151,10.122048227411831,9.721424859034638,10.085628509521484,39155083
2009-06-02,10.074416278512889,10.239708659091578,9.979162862758093,10.04079818725586,36484498
2009-06-03,10.007183341773516,10.043604231435683,9.850295708839212,9.981968879699707,30705128
2009-06-04,10.009982245666222,10.16406823009546,9.939943268803027,10.110838890075684,41645105
2009-06-05,10.2145000154884,10.505862463070441,10.211699584888102,10.463839530944824,57153350
2009-06-08,10.348729376156237,10.564912653899814,10.247656200139838,10.503146171569824,38497346
2009-06-09,10.503144964534334,10.52279712994186,10.289769332289772,10.34311294555664,34094447
2009-06-10,10.42453085789469,10.455413500271096,10.194309543846298,10.329072952270508,31185385
2009-06-11,10.323460854736723,10.592987753636626,10.323460854736723,10.452609062194824,34506661
2009-06-12,10.424536151941007,10.612643259400498,10.40207517940466,10.601412773132324,29702558
2009-06-15,10.477878441538756,10.542452550138844,10.309423527430594,10.410496711730957,28673783
2009-06-16,10.455415413400265,10.480683999294772,10.295384573599664,10.34311294555664,30885913
2009-06-17,10.2925769528911,10.5284135773928,10.278540027185386,10.505953788757324,37231196
2009-06-18,10.500334693573722,10.567717579851863,10.312227673578029,10.542448997497559,39896056
2009-06-19,10.61825399001358,10.795131715213284,10.60702350851811,10.76705551147461,57646378
2009-06-22,10.643522089067053,10.831629108025837,10.54244893938392,10.595793724060059,42870958
2009-06-23,10.657561048257639,10.657561048257639,10.472260455450893,10.489106178283691,27792983
2009-06-24,10.564906713640772,10.65755697463053,10.385221430459215,10.449796676635742,38211746
2009-06-25,10.388035286106872,10.755827752287194,10.388035286106872,10.702484130859375,35187079
2009-06-26,10.699675287808493,10.758634144671818,10.536835641860538,10.559296607971191,50673085
2009-06-29,10.626678946200407,10.95797349892408,10.61544846249083,10.94393539428711,54594406
2009-06-30,10.907438136834772,11.016934192042124,10.767059425465535,10.851286888122559,36395317
2009-07-01,10.893399060569354,11.123621636076809,10.820403269162812,10.859708786010742,42926449
2009-07-02,10.741787812440197,10.859705506552014,10.62667655944824,10.626676559448242,26403081
2009-07-06,10.542448217730119,10.724941162881553,10.503142716152011,10.592984199523926,26788871
2009-07-07,10.559296198456147,10.612639811723016,10.326267221626969,10.34311294555664,30990287
2009-07-08,10.34872661713308,10.503143371378373,10.33188089575863,10.446990966796875,33266495
2009-07-09,10.508761233182268,10.52841458189348,10.388035878025212,10.47226333618164,21676488
2009-07-10,10.446993816397615,10.592987749778091,10.326268471971265,10.455416679382324,25083422
2009-07-13,10.463840472448265,10.505954791115148,10.306616041113243,10.47226333618164,29401544
2009-07-14,10.36557118748039,10.466643146149899,10.295381868724483,10.427337646484375,30506728
2009-07-15,10.66879378582814,10.907438065260836,10.612642537484387,10.899016380310059,38480831
2009-07-16,10.811973275851232,11.19941884242953,10.781089463626088,11.137652397155762,44304680
2009-07-17,11.18258016162509,11.230308540458779,11.129236540672466,11.224693298339844,32078516
2009-07-20,11.275226731235598,11.370684646347618,11.185385236141101,11.351031303405762,26301128
2009-07-21,11.255577349920596,11.393148426168038,11.16011941121077,11.390340805053711,31145528
2009-07-22,11.317343026600005,11.511065332114653,11.311727784772579,11.454914093017578,32579691
2009-07-23,11.415603346976951,11.772165143699869,11.40718048809649,11.69074535369873,41931145
2009-07-24,11.572832365537215,11.730056785856826,11.482990850363656,11.713211059570312,24813237
2009-07-27,11.690750275148284,11.760939616189713,11.55317921387417,11.746901512145996,23531893
2009-07-28,11.701980708048149,11.786208152770996,11.567216088985301,11.786208152770996,25555751
2009-07-29,11.65986184968922,11.859200490172201,11.578443236686903,11.845162391662598,29696392
2009-07-30,11.906932004860286,12.153999066646596,11.898509143519922,11.991159439086914,41869489
2009-07-31,11.946234954697706,12.226993401745624,11.912544695725076,12.156804084777832,46439299
2009-08-03,12.176461215983007,12.24103649880108,12.061351113661779,12.179268836975098,29392736
2009-08-04,12.09503876564109,12.212956451907942,12.07257780476098,12.190495491027832,31643180
2009-08-05,12.18768960551783,12.190497226027436,11.999582568905364,12.145576477050781,29705420
2009-08-06,12.111889543479961,12.18207889636019,11.831130952781688,11.850784301757812,37465268
2009-08-07,12.030463468596388,12.277530500038193,11.923776263075668,12.224186897277832,42434962
2009-08-10,12.176460383238782,12.283148794464587,12.123116767214457,12.260687828063965,26819699
2009-08-11,12.193307666970071,12.269112259086738,12.156809771079907,12.18207836151123,23773232
2009-08-12,12.128732049160718,12.49371685849919,12.120309186732467,12.403875350952148,30369764
2009-08-13,12.412300278120949,12.49091131550698,12.291573742410744,12.451605796813965,25480883
2009-08-14,12.445990434422043,12.485295952736596,12.255074547816097,12.378608703613281,25604195
2009-08-17,12.24945128787291,12.27471868097015,12.041691008929678,12.1034574508667,27558470
2009-08-18,12.162425456976093,12.38422399909728,12.064159892003275,12.342109680175781,54209276
2009-08-19,11.954663674363609,12.353339992010397,11.93781794703121,12.305611610412598,55755080
2009-08-20,12.207346209926444,12.375801127146588,12.18769286110938,12.347724914550781,27630476
2009-08-21,12.409487983995508,12.589173336746681,12.305608384366847,12.572327613830566,41693769
2009-08-24,12.586369531063257,12.667789370658324,12.502142070131207,12.575139045715332,33297763
2009-08-25,12.620058887286685,12.679017746375887,12.493717127321615,12.544254302978516,39838584
2009-08-26,12.51617434481876,12.5639027061307,12.381410941792366,12.48809814453125,31409548
2009-08-27,12.474062299775332,12.600402853615618,12.406679413271785,12.58074951171875,33063250
2009-08-28,12.707090295998006,12.78850891942371,12.516174490179328,12.566710472106934,43127051
2009-08-31,12.384218668938178,12.620055215862648,12.330873887930503,12.603209495544434,28322564
2009-09-01,12.533021723254887,12.662169903311577,12.255070841162903,12.316837310791016,36370654
2009-09-02,12.255070002436355,12.493714182592493,12.241033080572857,12.423524856567383,35604578
2009-09-03,12.443176460861672,12.575132233865618,12.398255722980563,12.479674339294434,24729341
2009-09-04,12.493717419727025,12.67621042218257,12.485294556920412,12.662172317504883,19347212
2009-09-08,12.664980024578483,12.7688608207227,12.628482131345468,12.766053199768066,23098319
2009-09-09,12.715515338218806,12.909238815307619,12.636904314074457,12.909238815307617,36294025
2009-09-10,12.87835618663199,13.0552339553833,12.85027997598027,13.0552339553833,32684506
2009-09-11,13.049620565347503,13.06365867266575,12.878358014419742,12.94293212890625,28274781
2009-09-14,12.748873432375735,12.937308726000115,12.746060930046196,12.852934837341309,28440812
2009-09-15,12.858551945737329,12.89511327234216,12.729179280479267,12.836051940917969,24415556
2009-09-16,12.866989447544588,12.92605077896878,12.776990609493778,12.836051940917969,30588863
2009-09-17,12.807929933095263,13.004802658897235,12.765743595410214,12.855742454528809,26794817
2009-09-18,12.923241435587684,13.077926644058001,12.86136758844494,12.979490280151367,43862299
2009-09-21,12.833240520913513,13.072299548568825,12.79949169206935,13.035737037658691,25341277
2009-09-22,13.204482343589708,13.266356169664801,13.162296019837852,13.221357345581055,31560385
2009-09-23,13.187613976166956,13.46042310192866,13.167927645166218,13.198863983154297,35200952
2009-09-24,13.229801244891162,13.353548956889323,13.080741017664115,13.181988716125488,29190813
2009-09-25,13.052618987857599,13.28324063570658,13.038557657406233,13.2241792678833,43992437
2009-09-28,13.210112251712797,13.499795168606612,13.176363416419173,13.466046333312988,36722754
2009-09-29,13.404170668573851,13.485730834996842,13.29167180997088,13.34229564666748,43270401
2009-09-30,13.291671375979522,13.395732728197514,13.125736185102221,13.277608871459961,47109368
2009-10-01,13.22417538978196,13.308549253883589,12.883868613091499,12.926054954528809,44306882
2009-10-02,12.821997219524057,12.926058623741413,12.712311991915414,12.734810829162598,39974668
2009-10-05,12.791052444115044,13.061047762932361,12.748864937283233,12.956986427307129,32144796
2009-10-06,13.049797187788714,13.246669848568077,12.96823585939038,13.221357345581055,34583291
2009-10-07,13.159487294057728,13.18198612193971,13.0104270961654,13.09480094909668,24052446
2009-10-08,13.187617103213295,13.263554668384158,13.03574433532635,13.066681861877441,33040129
2009-10-09,13.049799789516738,13.353545161012411,13.044174787731503,13.325421333312988,31486178
2009-10-12,13.342295035504309,13.359170040705788,13.176361028036636,13.22979736328125,18741002
2009-10-13,13.151050423957386,13.207299268211399,13.091989078429327,13.131362915039062,27593042
2009-10-14,13.359174239166082,13.494171960750915,13.322612897632617,13.468860626220703,32045045
2009-10-15,13.406980755898001,13.499792098999023,13.395731934175872,13.499792098999023,26253125
2009-10-16,13.45198149382866,13.615103001711661,13.345107641272591,13.603854179382324,42915659
2009-10-19,13.564487018617761,13.65167222659802,13.539174498168915,13.63198471069336,24700054
2009-10-20,13.648849216701688,13.75291053942979,13.598225396004286,13.707910537719727,27112125
2009-10-21,13.668545145754653,13.79510536615099,13.544796245972291,13.561671257019043,27263182
2009-10-22,13.519483753825122,13.637606458590833,13.423859880636138,13.589795112609863,20235279
2009-10-23,13.80354103351113,13.837291051110276,13.57010695546468,13.657293319702148,29841064
2009-10-26,13.631986400421775,13.75292283188495,13.378865889467528,13.460427284240723,24698513
2009-10-27,13.423862244877483,13.499798620237256,13.252301979487228,13.302927017211914,22187132
2009-10-28,13.271987847344908,13.376049230750708,13.176365150406724,13.198863983154297,25992188
2009-10-29,13.215738894399479,13.609483229864294,13.215738894399479,13.598233222961426,34263560
2009-10-30,13.564486211895673,13.688233942053492,13.297302055618994,13.34792709350586,36841001
2009-11-02,13.339485266720356,13.578543143294043,13.263548915712029,13.544793128967285,33946032
2009-11-03,13.440734065357201,13.499795414115356,13.30292385784585,13.361985206604004,32444048
2009-11-04,13.488543685727578,13.679791395943317,13.412607338100381,13.432294845581055,34283599
2009-11-05,13.603855758697987,13.750103459451978,13.502606896165654,13.738853454589844,25068889
2009-11-06,13.69104162322868,13.82603931427002,13.646041605397004,13.82603931427002,23799216
2009-11-09,13.800725548733004,14.062284584904026,13.730414208494354,14.05947208404541,34274791
2009-11-10,14.008846462639431,14.053846474430808,13.96384763207474,14.051033973693848,23372689
2009-11-11,14.01166325552864,14.062288284301758,13.980726919172115,14.062288284301758,31344149
2009-11-12,13.963853254508019,14.051039631232019,13.930104413302471,13.97791576385498,48412071
2009-11-13,13.980722260225443,14.048221094869188,13.893535920952832,14.036971092224121,30512674
2009-11-16,14.031346890042817,14.309780927686182,14.02290938757847,14.290093421936035,45400616
2009-11-17,14.163533295213307,14.464466184314473,14.132596964719633,14.4335298538208,34825070
2009-11-18,14.351970873850071,14.357595876909834,14.13822430126016,14.197285652160645,36385848
2009-11-19,14.115722894640198,14.1607229146731,13.871038829392,14.011661529541016,33199994
2009-11-20,13.944162285005058,14.138221305770175,13.92447359724035,14.073534965515137,31674889
2009-11-23,14.183223060225481,14.351970788561507,14.160724229347153,14.34915828704834,34737871
2009-11-24,14.231034024409999,14.349156712547673,14.01728629531735,14.11572265625,38027219
2009-11-25,14.157911351838054,14.16072503473826,14.051038650713327,14.076351165771484,28065811
2009-11-27,13.764163654778255,13.885098824289637,13.668539810730483,13.800724983215332,21907698
2009-11-30,13.77260412775594,13.868226811202815,13.727604106155582,13.7979154586792,36022958
2009-12-01,13.890731611212557,14.006043025093293,13.879481601933719,13.946980476379395,40320382
2009-12-02,13.885099639838243,13.94978597950837,13.75291445958943,13.77541446685791,32493593
2009-12-03,13.845724351256452,13.899160681668835,13.747288011042793,13.769786834716797,34699116
2009-12-04,13.814787505462577,14.03415902005935,13.809162503968299,14.00322151184082,41607891
2009-12-07,13.916035669945792,14.028533331871236,13.823224331059992,13.840099334716797,28708355
2009-12-08,13.80353588822734,13.82322339115497,13.73041205857984,13.764162063598633,25495417
2009-12-09,13.789480923665652,14.062288865079667,13.727605885943046,14.048226356506348,38609207
2009-12-10,14.053847486361704,14.126971329561202,14.003222469451211,14.101658821105957,41310401
2009-12-11,14.08759999123692,14.121350011314462,14.031351139001428,14.076351165771484,26059129
2009-12-14,14.070711150686344,14.298884864207492,14.065077144195623,14.276350021362305,27472813
2009-12-15,14.23128399716469,14.436921771821808,14.177762095951074,14.363680839538574,40775535
2009-12-16,14.33832902097178,14.518613756163335,14.335510833407541,14.46790885925293,34427389
2009-12-17,14.349597526111626,14.391852597721156,14.15804475083678,14.2425537109375,30883050
2009-12-18,14.338329431018332,14.538333203051817,14.281989340486444,14.507346153259277,47244130
2009-12-21,14.504527408574777,14.7214331817449,14.49326057493836,14.64537525177002,34862504
2009-12-22,14.631291999680084,14.820027738519585,14.620023982474477,14.7777738571167,26843261
2009-12-23,14.780588450202035,14.789039461727596,14.653824460436605,14.786222457885742,17747239
2009-12-24,14.721435575344431,14.912989525080286,14.693266711996186,14.893270492553711,9164284
2009-12-28,14.896082983810954,14.896082983810954,14.774954186942454,14.862278938293457,24545254
2009-12-29,14.822844710807646,14.882000617891181,14.797491672149782,14.808759689331055,15338471
2009-12-30,14.727070469342193,14.910173416137694,14.727070469342193,14.910173416137695,14634492
2009-12-31,14.87918107666981,14.915802126264992,14.498891477232618,14.510159492492676,30512894
2010-01-04,14.518609115196242,14.789037906216572,14.456636220311736,14.77495288848877,27957473
2010-01-05,14.687631408087016,14.856649305751855,14.676363390493604,14.836930274963379,28830566
2010-01-06,14.797488446458003,14.853827336964954,14.662274635994162,14.698894500732422,25866013
2010-01-07,14.701706084131892,14.81438381453561,14.648184221345993,14.704523086547852,22507303
2010-01-08,14.676359371015268,14.82847520062936,14.656640345627329,14.814390182495117,22548260
2010-01-11,14.811575319040656,14.851013375515066,14.631290610226019,14.76932144165039,22335767
2010-01-12,14.656642738986063,14.805941589353088,14.58903582401968,14.639741897583008,27153743
2010-01-13,14.704531015933664,14.76368691545117,14.54959816574334,14.710165023803711,25957837
2010-01-14,14.712982781972748,14.912987721459373,14.684813922031328,14.791857719421387,35483689
2010-01-15,14.8143910123222,14.887631927604984,14.665092177971992,14.780588150024414,29408371
2010-01-19,14.67636080432003,14.870730524201287,14.67636080432003,14.859463691711426,25052594
2010-01-20,14.721429072187023,14.769318130025251,14.504523359567177,14.707344055175781,30609341
2010-01-21,14.763691447869622,14.780593476668647,14.335512633886083,14.44819164276123,40706392
2010-01-22,14.36931081010335,14.42283269627532,13.873526450085711,13.884793281555176,44600189
2010-01-25,13.958039016028303,14.203113664736268,13.918600954688884,14.101702690124512,29677235
2010-01-26,14.11297045065274,14.225648248174004,13.966488604004267,14.01155948638916,34636139
2010-01-27,14.020008773895409,14.020008773895409,13.665071034197206,13.929865837097168,39655818
2010-01-28,13.915780241685589,13.924231252577515,13.383374837319257,13.462249755859375,58488863
2010-01-29,13.625633532542068,13.648169561475303,13.183371063434503,13.259428977966309,51719475
2010-02-01,13.343945176543599,13.4932440833668,13.29605608895825,13.473525047302246,34662122
2010-02-02,13.605912043527779,13.752393838833814,13.515769127235378,13.687603950500488,38453746
2010-02-03,13.65380580783634,13.772118806272411,13.594649900177382,13.72704792022705,25012958
2010-02-04,13.574929782946459,13.724229816977692,13.234078202780818,13.248163223266602,47682328
2010-02-05,13.214360165141438,13.377742851047488,13.087596165730034,13.329854965209961,43448323
2010-02-08,13.281965408488617,13.558028246504954,13.253796552079029,13.405912399291992,38791313
2010-02-09,13.5495751528112,13.75802986393314,13.481968251450512,13.555209159851074,38803644
2010-02-10,13.670706273062665,13.724229349083899,13.450983510329541,13.5270414352417,30548346
2010-02-11,13.521412053768609,13.760853926437743,13.470707147517158,13.696063995361328,28307591
2010-02-12,13.614364901857972,13.693239816436371,13.414361203481722,13.650984764099121,34720916
2010-02-16,13.786200863552182,13.972119559520642,13.743945807797145,13.927048683166504,32341435
2010-02-17,14.020005244213243,14.155219023810172,14.000286222946054,14.118597984313965,51705823
2010-02-18,14.191845168158752,14.355227853789044,14.048179144652568,14.312973976135254,51696134
2010-02-19,14.203106023310639,14.366489823292472,14.141133143380385,14.307333946228027,36685981
2010-02-22,14.284807599428687,14.335512502241782,14.15804475083678,14.2425537109375,27387815
2010-02-23,14.189021877150598,14.293249806445273,14.0791611248972,14.118597984313965,26555019
2010-02-24,14.096062280644983,14.366489823292472,14.090428274913366,14.307333946228027,33065232
2010-02-25,14.1411409467914,14.355229733379431,14.06508301056156,14.343961715698242,28263110
2010-02-26,14.343953800366,14.363672820426663,14.256627894643467,14.307333946228027,24262076
2010-03-01,14.276353351150732,14.552413817995413,14.276353351150732,14.518610954284668,31158961
2010-03-02,14.524246800774439,14.57495169431849,14.346779081811198,14.400300979614258,33058846
2010-03-03,14.397480814370514,14.465087718625444,14.366493774324647,14.39466381072998,25219506
2010-03-04,14.403115713758023,14.527061515382758,14.377762679422895,14.510159492492676,17791279
2010-03-05,14.569316969202346,14.718617004468355,14.55241494447962,14.65664291381836,34019138
2010-03-08,14.549603929027375,14.642562729469345,14.529884893671246,14.572138786315918,28370128
2010-03-09,14.529879528677514,14.7129812400208,14.4988924845595,14.614388465881348,22527781
2010-03-10,14.608756776935296,14.673546696349144,14.538332848605618,14.586220741271973,25738077
2010-03-11,14.574953674062757,14.656645625552292,14.473542690081679,14.653828620910645,21071599
2010-03-12,14.66791228125951,14.769323255818055,14.597488354879962,14.749604225158691,25892437
2010-03-15,14.715743853673422,14.791918146257318,14.645212189053384,14.78909683227539,22631055
2010-03-16,14.755237763080617,14.800378776691394,14.69599136764438,14.769344329833984,24895812
2010-03-17,14.786276360867372,14.882199856790825,14.721386135585343,14.735492706298828,31279630
2010-03-18,14.73267103767721,14.904767627614739,14.701636585350315,14.876554489135742,31112939
2010-03-19,14.808848381042479,14.938626474957019,14.729851577007798,14.80884838104248,46066501
2010-03-22,14.707290513931197,14.964025531649344,14.707290513931197,14.938634872436523,34552022
2010-03-23,14.955549177818572,14.997868882950353,14.8709121374111,14.995047569274902,21254805
2010-03-24,14.944265352035018,15.014797010144823,14.893481705047753,14.969655990600586,33297543
2010-03-25,15.048659501462366,15.175617500748565,15.000698327909875,15.09380054473877,37032355
2010-03-26,15.116367879713971,15.147402342856864,15.020445545311182,15.07122802734375,31326313
2010-03-29,15.071226922208428,15.13047334439012,14.924520931602123,14.944270133972168,22537250
2010-03-30,14.932986506755917,15.057121993928458,14.932986506755917,15.02608871459961,22335326
2010-03-31,14.921694598641192,15.062757912557707,14.901945402913027,14.995047569274902,28308472
2010-04-01,15.062763405631536,15.16432955005881,14.932985299089477,15.020444869995117,23526168
2010-04-05,15.031729531580595,15.22075525430386,15.006338883177435,15.198185920715332,21758623
2010-04-06,15.144583415722778,15.226400373797512,15.054302511820103,15.195365905761719,21325269
2010-04-07,15.161514184180268,15.189727342293347,14.941455105685078,15.034557342529297,26592893
2010-04-08,15.000699763292975,15.164333690970325,14.887849514160953,15.130477905273438,19832974
2010-04-09,15.133295679978806,15.19818592071533,15.065585309356173,15.198185920715332,16474483
2010-04-12,15.175616239539128,15.23486266898689,15.169973609598523,15.201006889343262,18616369
2010-04-13,15.203829531844073,15.229221368793898,15.11072731462341,15.172796249389648,17861963
2010-04-14,15.240505527914003,15.415424688843714,15.220756322825157,15.381568908691406,26495785
2010-04-15,15.29129210280814,15.3223265762478,15.107910132724191,15.299756050109863,31134078
2010-04-16,15.24896298990551,15.446451402046602,15.10225585654617,15.164324760437012,34406911
2010-04-19,15.07969411574237,15.1586897573176,14.96402137614746,15.13329792022705,23629882
2010-04-20,15.192543533763263,15.232040756870488,15.054300290566621,15.110725402832031,26978684
2010-04-21,15.059941893891528,15.24332497741651,15.02326598814361,15.150222778320312,25513033
2010-04-22,15.043014149791174,15.099439254306194,14.814490047402165,15.040191650390625,27285863
2010-04-23,15.054298077822686,15.209468002441444,14.961195886065758,15.206647872924805,21544148
2010-04-26,15.215111039692044,15.404136742724198,15.184077764892406,15.308213233947754,26640236
2010-04-27,15.240507380924557,15.305396449177383,14.983771238340221,15.023269653320312,32043724
2010-04-28,14.983771382623766,15.105086759159192,14.980950067240878,15.031732559204102,35458366
2010-04-29,14.842702346469,14.952732419686345,14.825774460600437,14.918876647949219,42994050
2010-04-30,14.952735352305831,15.059942947309631,14.648038086625908,14.662144660949707,34641644
2010-05-03,14.681894432628868,14.938630561182595,14.667787856621187,14.870920181274414,25692936
2010-05-04,14.727034028996151,14.741140603617932,14.190992487868487,14.286914825439453,44013136
2010-05-05,14.19099858141457,14.422342949764209,14.120466862948259,14.368739128112793,30896702
2010-05-06,14.255880247891646,14.667785079763306,11.832408866293878,13.635200500488281,83531108
2010-05-07,13.570310074629793,13.626735177338887,12.867813457898812,13.183795928955078,85063040
2010-05-10,13.829865551771507,14.199452977208882,13.767797823468406,13.852436065673828,51745018
2010-05-11,13.705731928075652,13.956825374033636,13.604165786860733,13.660592079162598,38132695
2010-05-12,13.73676531506039,14.066853174581661,13.717016114298502,13.98221492767334,38938627
2010-05-13,13.976571799773815,14.106351072360543,13.714194310163164,13.74522876739502,34014074
2010-05-14,13.584419654125288,13.598526229157837,13.144300437752756,13.381288528442383,57160617
2010-05-17,13.386930900703303,13.454641280620548,13.158407924134348,13.4066801071167,37365958
2010-05-18,13.612631383334127,13.621095328206964,13.164049414645278,13.200726509094238,47203393
2010-05-19,13.516706514530647,13.584418066774735,13.073767219838034,13.259971618652344,71202991
2010-05-20,12.932705882507372,13.192263318665619,12.726753433609339,12.963740348815918,73032413
2010-05-21,12.684433599066248,13.20636854838197,12.63929256176329,13.1414794921875,61267567
2010-05-24,13.056837929821178,13.254326363287,12.876276196134311,12.890382766723633,39803792
2010-05-25,12.565937722613464,12.949630558909716,12.461550274051325,12.935523986816406,50023495
2010-05-26,13.051196182750248,13.189438214002697,12.862170493947525,12.898847579956055,47477762
2010-05-27,13.082232272855514,13.2853633920219,13.076589643023512,13.24304485321045,39501678
2010-05-28,13.276900436353912,13.279721751228296,12.910135427326768,12.980667114257812,42136811
2010-06-01,12.935526430582698,13.138657552316616,12.836782777131692,12.859352111816406,39122934
2010-06-02,13.022986086567938,13.355896513128638,12.977846232001603,13.33614730834961,54484747
2010-06-03,13.386930379979836,13.4631047025398,13.279722776334637,13.395394325256348,37078597
2010-06-04,13.172516401337917,13.288189156382787,12.918601551304118,12.991955757141113,41163968
2010-06-07,13.028627767300685,13.10480208097008,12.754964975014847,12.763427734375,34116026
2010-06-08,12.791641123508038,12.969381587068503,12.704181549135882,12.943989753723145,43871987
2010-06-09,12.994773977829066,13.116088150270322,12.75496576295515,12.81139087677002,42015922
2010-06-10,12.983489084862688,13.152764431089311,12.955275934693947,13.11890983581543,34997707
2010-06-11,13.037087903639998,13.338963755381013,13.011696078190628,13.31357192993164,25318156
2010-06-14,13.528359758516995,13.627271106421246,13.234449447259143,13.248579978942871,31644281
2010-06-15,13.313577947779342,13.584879382056524,13.288142993213052,13.559444427490234,34802610
2010-06-16,13.471837120972271,13.61314124551082,13.333360289604189,13.567923545837402,39890992
2010-06-17,13.618788783993558,13.683789210631,13.336182981158284,13.632919311523438,35988607
2010-06-18,13.635748104248293,13.740312841635562,13.54814000323855,13.559444427490234,41537867
2010-06-21,13.669660114186158,13.706398302669411,13.34183658893523,13.426618576049805,27931489
2010-06-22,13.429441661857165,13.565092335959267,13.197704599040895,13.217487335205078,29172977
2010-06-23,13.240100571117226,13.395534032974133,13.141188044406242,13.25140380859375,28219731
2010-06-24,13.155317341558995,13.223142694763341,12.932058541070308,12.968796730041504,33223115
2010-06-25,12.937711551136582,13.107274351140832,12.816190179484966,12.977275848388672,52895783
2010-06-28,12.96879794880438,13.129883622905748,12.889668164806178,13.01966667175293,28837172
2010-06-29,12.816190390960127,12.90945070401283,12.440324219629716,12.519454002380371,48785530
2010-06-30,12.499668818006464,12.499668818006464,12.188801959856,12.231193542480469,52202374
2010-07-01,12.194457606466058,12.307500671705471,11.988155407059693,12.120981216430664,47108047
2010-07-02,12.149238313292253,12.197280922537823,11.95706668936934,12.098369598388672,36861040
2010-07-06,12.256625628935694,12.454450613581448,12.092715092692051,12.200104713439941,37853481
2010-07-07,12.217060769070175,12.73422967343322,12.194451929159987,12.70596981048584,40336456
2010-07-08,12.835971527380208,12.884014137455395,12.686190298800355,12.852928161621094,29114183
2010-07-09,12.841624593240052,12.858581228609186,12.71445101491228,12.787928581237793,28074619
2010-07-12,12.722932727085933,12.937714458517442,12.722932727085933,12.909453392028809,23186399
2010-07-13,13.036618978441988,13.288138777422441,12.97444585172356,13.217487335205078,31943533
2010-07-14,13.29945124148476,13.556622219392267,13.28814681398269,13.378581047058105,30349726
2010-07-15,13.344660302046321,13.432268379254655,13.18357467410527,13.4011812210083,26357940
2010-07-16,13.313581032633161,13.39270964684801,13.028147814963608,13.056408882141113,29433253
2010-07-19,13.112927820525636,13.268361292305812,13.036624137777928,13.192057609558105,23366963
2010-07-20,12.943357694273265,13.189225263913645,12.881184572361297,13.172269821166992,34969742
2010-07-21,13.1722733587285,13.211837651683243,12.79357994177799,12.852928161621094,39016798
2010-07-22,12.951841312174588,13.045101626697615,12.923581438065762,13.01966667175293,37770466
2010-07-23,12.994230911943909,13.124229398963998,12.920753351418558,13.04227352142334,41692888
2010-07-26,13.028140399569669,13.1637922578699,13.005532745636636,13.160964965820312,35687594
2010-07-27,13.31357735979833,13.517053426519897,13.220317050781496,13.443575859069824,36299750
2010-07-28,13.375750055906638,13.480313598236169,13.262707009105773,13.319229125976562,24676713
2010-07-29,13.454879973825763,13.471836610560853,13.09031821872549,13.115753173828125,38419175
2010-07-30,12.994229247464729,13.175096426468066,12.917925591041628,13.011184692382812,27760834
2010-08-02,13.166614859804792,13.50856877009837,13.112920059116616,13.440743446350098,28197271
2010-08-03,13.412494543938323,13.463362094628366,13.305103667893357,13.384233474731445,21255906
2010-08-04,13.401180610194048,13.480310367910347,13.183574073209337,13.217487335205078,34668288
2010-08-05,13.19488134662194,13.19488134662194,13.005535820363642,13.098794937133789,29695952
2010-08-06,12.99140594374303,13.090317277033904,12.833146386148735,13.08466625213623,64481827
2010-08-09,12.284889125725728,12.389452662167436,11.990978882310149,12.039021492004395,442012304
2010-08-10,12.1096750647021,12.146414445023712,11.914677299202266,11.962719917297363,161481688
2010-08-11,11.892068372933057,11.911851116055331,11.490768419812044,11.521854400634766,127332632
2010-08-12,11.36924384282756,11.4370703715906,11.290114079544527,11.343810081481934,115949393
2010-08-13,11.431418418884277,11.581199648287747,11.37489749137785,11.431418418884277,64885233
2010-08-16,11.448378038762186,11.612289839522859,11.403161522353471,11.45968246459961,50389027
2010-08-17,11.584025925024568,11.685763348225572,11.507721077212974,11.535982131958008,52025113
2010-08-18,11.629242069861139,11.75924054382967,11.55576451671277,11.688589096069336,48828469
2010-08-19,11.762070240389606,11.78467909039677,11.397508468728521,11.519028663635254,55820039
2010-08-20,11.442724497623985,11.470985558937125,11.11490093415491,11.261856079101562,85548581
2010-08-23,11.287288471900805,11.30424510483928,10.91142237646743,11.032943725585938,82384747
2010-08-24,10.877511852394209,10.982075396580292,10.835120263988443,10.849250793457031,66596627
2010-08-25,10.778600814619624,10.900122197812385,10.747513645515665,10.806861877441406,57778498
2010-08-26,10.891639815419644,10.922725785984884,10.764466267109524,10.8012056350708,40355393
2010-08-27,10.823817610117002,10.894469082070787,10.54686393501345,10.739035606384277,81852304
2010-08-30,10.987730174622987,11.160120300521122,10.894469845289487,10.897295951843262,64720303
2010-08-31,10.843598276289708,11.015988357070128,10.747511865550049,10.866207122802734,66500180
2010-09-01,11.021638996260165,11.09229044459295,10.945335337105515,11.080986022949219,49174183
2010-09-02,11.066856750245872,11.213811874389648,11.04990011585836,11.213811874389648,39153762
2010-09-03,11.326858679085394,11.442726678672692,11.326858679085394,11.400336265563965,39889891
2010-09-07,11.233594349150374,11.349462307513363,11.222289926492396,11.281638145446777,45667498
2010-09-08,11.100768961300394,11.19120196220235,10.809683659539063,10.96794319152832,72177376
2010-09-09,11.106422272513367,11.117727883630055,10.902946198169765,10.970772743225098,39355685
2010-09-10,10.95946582961448,10.973596358154978,10.761641990869489,10.81816291809082,50171029
2010-09-13,10.888961858000126,10.914450073218227,10.753027089022774,10.84081745147705,74494100
2010-09-14,10.804001328682398,11.344909519971793,10.804001328682398,11.126847267150879,90116410
2010-09-15,11.129676881227487,11.339244229547727,11.084365697210849,11.220301628112793,53147252
2010-09-16,11.24578916220646,11.4666834245469,11.223132974450701,11.42703628540039,51375523
2010-09-17,11.435538873091662,11.503505096241756,11.073044420112847,11.084372520446777,77950580
2010-09-20,11.115522334040188,11.203313902753706,11.090034113935026,11.155169486999512,48828469
2010-09-21,11.200485492074794,11.47518719524443,11.158005111526787,11.305269241333008,57222053
2010-09-22,11.24012665201334,11.279774986006622,11.044720574182286,11.200479507446289,47288831
2010-09-23,11.075874626167721,11.517663330074098,11.070211766357533,11.370400428771973,50526652
2010-09-24,11.656428012410208,11.809354919201494,11.57430051139813,11.605451583862305,54061302
2010-09-27,11.65642674300226,11.82634577413833,11.585627344933245,11.684745788574219,50767550
2010-09-28,11.718733806157372,11.849004549822645,11.611118068286194,11.786701202392578,58452090
2010-09-29,11.885819733006912,12.103882022919631,11.86599556408039,12.044410705566406,68941317
2010-09-30,12.166191216734832,12.219998511706375,11.815024813105172,11.914144515991211,62014045
2010-10-01,11.670593133404399,11.693248144153738,11.398722299571846,11.545985221862793,138696053
2010-10-04,11.571468142678142,11.679083854756461,11.441196240809406,11.509164810180664,50641156
2010-10-05,11.62244739041392,11.630943464516756,11.429873279029362,11.55731201171875,66841049
2010-10-06,11.625277639246745,11.673420862381917,11.452527727157948,11.53748607635498,57013964
2010-10-07,11.577136184625372,11.605455242208244,11.458192336612234,11.55731201171875,41811796
2010-10-08,11.568637346747007,11.696076048990982,11.520492938332744,11.653596878051758,41464321
2010-10-11,11.681913336584122,11.721561664127083,11.560138709411389,11.667753219604492,28417691
2010-10-12,11.662095228333259,11.766877758851715,11.579967705009137,11.710238456726074,32950508
2010-10-13,11.766879395407827,12.047246299305364,11.766879395407827,11.953790664672852,54227333
2010-10-14,11.950950756266906,11.990599079713801,11.837671021558835,11.931126594543457,32948966
2010-10-15,12.004765493474894,12.13220542318716,11.928302011418197,12.126540184020996,52053078
2010-10-18,12.089722777422393,12.310617107457821,12.03591550443883,12.26813793182373,40655746
2010-10-19,12.143526756789308,12.219990203733092,12.047240334286847,12.12936782836914,45773194
2010-10-20,12.177516631676566,12.248316063993757,12.10954922422913,12.126540184020996,40429381
2010-10-21,12.14069878930121,12.169019034455262,11.871661218043739,12.007596015930176,43872208
2010-10-22,11.99909864761015,12.166185697136365,11.976443643358024,12.140697479248047,22693372
2010-10-25,12.166189908185473,12.24265339889014,12.052911279436893,12.143533706665039,29026103
2010-10-26,11.99909983212605,12.19450714304043,11.93962850727552,12.163354873657227,31916889
2010-10-27,12.050075761839073,12.132204476654401,11.882989875839305,12.004764556884766,41287720
2010-10-28,12.055736227266094,12.120872774825118,11.939625630035033,12.08122444152832,33384082
2010-10-29,12.018922045401455,12.08688943264673,11.860331078687047,11.905643463134766,40048875
2010-11-01,11.942460323060438,12.10671536172112,11.914140078661534,12.03308391571045,28380257
2010-11-02,12.106714976283428,12.17468237125046,12.072730684086691,12.152026176452637,25437944
2010-11-03,12.135040926188191,12.460719153770409,12.129378063697207,12.406911849975586,48920733
2010-11-04,12.497521922461887,12.619296527633981,12.406898379590974,12.48052978515625,47587422
2010-11-05,12.44088764147122,12.489032054406763,12.279465825201866,12.381416320800781,34391717
2010-11-08,12.355927487332531,12.5994767830305,12.321943200811193,12.531509399414062,34617422
2010-11-09,12.641958542515907,12.64479056670661,12.443720417445885,12.494695663452148,33490218
2010-11-10,12.605144755703085,12.607976780461684,12.387082417570857,12.506026268005371,29190152
2010-11-11,12.401242673987033,12.452217930760337,12.101052804071735,12.205835342407227,53794199
2010-11-12,12.098221559365507,12.171853019197581,11.899982190214518,11.953790664672852,40141799
2010-11-15,11.984941431591194,12.180348770580327,11.962286421847722,12.047245979309082,31834094
2010-11-16,11.965117880501799,12.0047650377466,11.73572744303989,11.837677955627441,49218664
2010-11-17,11.832011468698504,11.928299101352843,11.54598178434069,11.602621078491211,63136625
2010-11-18,11.650766269003261,11.854668455242631,11.619614000951792,11.806525230407715,43813855
2010-11-19,11.829180534891304,12.0472440379099,11.809357553238547,12.03308391571045,44667570
2010-11-22,12.16335152094893,12.259639137620695,11.93679319252642,12.248311042785645,73272431
2010-11-23,12.455044571339002,12.585315276459536,12.20866327892106,12.51451587677002,113475005
2010-11-24,12.446556303652349,12.559836127828738,12.313453491522244,12.3870849609375,61423909
2010-11-26,12.194505645328828,12.29079208728907,12.186009572904158,12.234152793884277,21790331
2010-11-29,12.058567825144829,12.109544251868714,11.916969018653042,12.064231872558594,45409644
2010-11-30,11.843342279505974,12.016093415151444,11.837678229850278,11.874494552612305,51448189
2010-12-01,12.035914516114975,12.16052119787429,11.98777010633307,12.055737495422363,45520405
2010-12-02,12.021754632036808,12.225656803315072,12.013258559555252,12.20866584777832,36577202
2010-12-03,12.041577367216224,12.253976796089391,12.041577367216224,12.186009407043457,38868823
2010-12-06,12.047244181328464,12.248314350674919,12.03874810790765,12.135034561157227,26368289
2010-12-07,12.219992535020852,12.236984679678086,11.919802737115058,11.94812297821045,48462717
2010-12-08,11.979272773905622,12.098216584369805,11.939625630035033,12.08122444152832,26942571
2010-12-09,12.115213387392838,12.115213387392838,11.95095832226265,12.047245979309082,36700734
2010-12-10,12.018922407061096,12.081225748125165,11.948122993657423,12.069897651672363,37092690
2010-12-13,11.933709900007521,11.967758108256223,11.783332696902665,11.817380905151367,57203996
2010-12-14,11.828731223076375,11.876964996830372,11.709563676649516,11.786170959472656,31156098
2010-12-15,11.76063337598384,11.80602978872926,11.695374319646332,11.698211669921875,29304656
2010-12-16,11.669839102740113,11.919522346518935,11.63295354996748,11.902498245239258,49922643
2010-12-17,11.902499029604625,11.970594247547497,11.825891760460978,11.905336380004883,53357983
2010-12-20,11.840077793034668,11.94505736813879,11.837239251143549,11.88547420501709,33962987
2010-12-21,11.848589506655836,11.945057028332137,11.842914806361557,11.891148567199707,33032202
2010-12-22,11.837237114403575,11.865610611560427,11.74644430682774,11.769143104553223,32372923
2010-12-23,11.732258174562931,11.893984733526644,11.715234075374518,11.842913627624512,18720083
2010-12-27,11.77197996924684,11.911007716261185,11.766304078386277,11.865610122680664,14431468
2010-12-28,11.91385231823569,12.055717501207083,11.899665561605806,11.987622261047363,22902121
2010-12-29,11.998963089387102,12.092593232889241,11.987613692195845,12.007473945617676,19046639
2010-12-30,12.021664333834533,12.047200485250542,11.962081172193747,11.99045467376709,14917009
2010-12-31,11.970596889218115,12.024505367056214,11.871290794957536,11.945060729980469,16456427
2011-01-03,11.979106205531439,12.339443745243598,11.979106205531439,12.126646041870117,42656924
2011-01-04,12.27702223572344,12.418887359832889,12.203252323519997,12.379165649414062,42763501
2011-01-05,12.350794631487021,12.546568256126033,12.31390907213655,12.5408935546875,43477609
2011-01-06,12.546567696178109,12.756529256706429,12.535219485470975,12.733830451965332,42272675
2011-01-07,12.685594335644689,12.878530565244231,12.685594335644689,12.793411254882812,49035677
2011-01-10,12.728153228759766,12.782061687674764,12.645871269540464,12.728153228759766,28563023
2011-01-11,12.830292980150846,13.068627953565308,12.824619472843787,12.889877319335938,55004859
2011-01-12,12.90690454146374,12.969326251011582,12.844484023579248,12.949464797973633,31664320
2011-01-13,12.901232763412072,13.006212360229801,12.855835150376505,12.952303886413574,28887157
2011-01-14,12.97216894437217,13.165105278359498,12.940958076743238,13.122546195983887,33773175
2011-01-18,13.091330239105234,13.17077486143097,13.074307327770944,13.148076057434082,32492492
2011-01-19,13.11686768358142,13.187800261384194,13.074308613565153,13.142402648925781,36369994
2011-01-20,13.07430961381077,13.275757959516229,12.983515573611273,13.272920608520508,47405757
2011-01-21,13.321148204589916,13.516921757491728,13.287101200098007,13.400592803955078,65627087
2011-01-24,13.247379795997297,13.502737720918901,13.23886774600026,13.491388320922852,37324561
2011-01-25,13.550979049710286,13.570840510799295,13.30129687696093,13.35804271697998,38899651
2011-01-26,13.32399098813818,13.414785023249815,13.213335497169478,13.30129337310791,31716507
2011-01-27,13.32966232702257,13.32966232702257,13.216170705512177,13.261567115783691,31695368
2011-01-28,13.238870810895571,13.24738286286321,12.870021183948426,12.912581443786621,45469318
2011-01-31,12.884206088130606,12.972162754176193,12.804761472831037,12.963650703430176,47145481
2011-02-01,13.074306196571477,13.221844834795968,13.023233891997293,13.19914722442627,31903677
2011-02-02,13.179289491121116,13.349528171073882,13.173614789011783,13.304130554199219,25852581
2011-02-03,13.270080315310434,13.471528616351197,13.184960995974855,13.426132202148438,34391276
2011-02-04,13.41478379651691,13.485716369284955,13.358037976635153,13.457344055175781,24691907
2011-02-07,13.536781241872779,13.738229447181897,13.508406560027295,13.658784866333008,38285734
2011-02-08,13.644598121241643,13.687157164852984,13.55096679530139,13.658784866333008,21798479
2011-02-09,13.636090440189133,13.885773658752441,13.616228990701984,13.885773658752441,42495297
2011-02-10,13.749584750212053,14.013454770153686,13.661629268561544,13.772283554077148,50968373
2011-02-11,13.729724700826823,13.848891039634774,13.687164442921564,13.800657272338867,31594736
2011-02-14,13.746746521387857,13.812004381010018,13.636091060871538,13.707023620605469,26403521
2011-02-15,13.51125138547871,13.670140621083954,13.488552582774158,13.616230964660645,27679580
2011-02-16,13.758097279474901,13.936847982793736,13.72121291357651,13.899962425231934,33038808
2011-02-17,13.809163935209385,13.84321093658414,13.695671150080045,13.794977188110352,21648082
2011-02-18,13.846050310778182,13.846050310778182,13.718371951541716,13.809165954589844,29789757
2011-02-22,13.497064389946527,13.775119951400617,13.411945073005556,13.684327125549316,67891403
2011-02-23,12.393349019190323,12.404698417780308,12.078407974970347,12.367814064025879,212846641
2011-02-24,12.245815906779383,12.271352067549,11.939386744198643,11.964922904968262,125124907
2011-02-25,12.03585208310063,12.143670206360559,12.001803878388023,12.10962200164795,58977707
2011-02-28,12.217439074263588,12.435911460725197,12.186228222627689,12.379165649414062,60966774
2011-03-01,12.382004225813489,12.438748851081092,12.15501976642634,12.174880027770996,43070019
2011-03-02,12.157854403560822,12.347954475232806,12.137994144701802,12.268509864807129,32207553
2011-03-03,12.387681914724896,12.444427745343596,12.234466146226227,12.25716495513916,46410453
2011-03-04,12.274183271397982,12.328091725470902,11.93370606498085,12.089757919311523,61036798
2011-03-07,12.17204025578865,12.214600503767274,11.899659435377902,11.911008834838867,39176883
2011-03-08,11.976273398791383,12.11813858819546,11.902503452634711,12.030181884765625,34500275
2011-03-09,12.030176117795833,12.030176117795833,11.848589286738925,11.930870056152344,33616833
2011-03-10,11.84574916355063,11.88830940928591,11.706721410808147,11.769143104553223,43823103
2011-03-11,11.752118844546004,11.87979719666885,11.73509474648615,11.840075492858887,36279491
2011-03-14,11.743425308027833,11.982216974498536,11.734896906301842,11.794595718383789,38435249
2011-03-15,11.547275850963771,11.70931430937696,11.467679813145287,11.63540267944336,48816358
2011-03-16,11.601284003872196,11.746264399529428,11.399448808613535,11.410820007324219,56758091
2011-03-17,11.578543720028438,11.891246965845935,11.575700919831835,11.77753734588623,58591477
2011-03-18,11.919674786501922,11.976529595616958,11.734895164437825,11.74626636505127,63678097
2011-03-21,11.896934643397563,11.96800346676877,11.84007982349108,11.874192237854004,31760547
2011-03-22,11.862819774663286,11.894089381863706,11.754794564633794,11.865662574768066,31596498
2011-03-23,11.80880287113087,12.019167625040176,11.8002756674416,11.959468841552734,33455647
2011-03-24,12.027702793126977,12.263651678824324,12.013488789057416,12.252279281616211,40888718
2011-03-25,12.178366089833084,12.303446909408201,12.03338447511585,12.090240478515625,34191115
2011-03-28,12.058968272400357,12.175521871845243,11.970842671344968,11.979371070861816,25038061
2011-03-29,11.902622337354115,11.942421554052343,10.688765331300088,11.686573028564453,57533195
2011-03-30,11.706465298776939,11.791748087147166,11.59844011512082,11.740577697753906,38219013
2011-03-31,11.743427380988216,11.791754999299675,11.6439317311933,11.646773338317871,35154930
2011-04-01,11.678041384471006,11.678041384471006,11.51316134895009,11.649613380432129,42300200
2011-04-04,11.555801536245186,11.621185941999336,11.427877912891518,11.467677116394043,48102250
2011-04-05,11.476202852167932,11.592756453533216,11.430719247947378,11.453461647033691,35568245
2011-04-06,11.479045341922038,11.754792118904572,11.464831344355533,11.706465721130371,43334699
2011-04-07,11.754793955681931,11.882717565865695,11.67235395086623,11.67803955078125,36758206
2011-04-08,11.65529488075105,11.666666078366063,11.518842897274649,11.570012092590332,29206227
2011-04-11,11.57285967665638,11.734896921758947,11.558646867713367,11.669513702392578,28198151
2011-04-12,11.564328746432935,11.706467550356356,11.521687941022382,11.67803955078125,29022800
2011-04-13,11.658140465471961,11.811649282046606,11.612656858097019,11.692254066467285,27977071
2011-04-14,11.513159975950176,11.578543183490043,11.405135961389401,11.47336196899414,37244188
2011-04-15,11.47904462229445,11.561483415108214,11.427874234262932,11.444931030273438,32344077
2011-04-18,11.359648191478419,11.382390586053598,11.132227827582135,11.29995059967041,40814731
2011-04-19,11.322694765301838,11.385235166214095,11.186241570459067,11.368178367614746,29737129
2011-04-20,11.558639307226345,11.709305251462263,11.555795314555155,11.624022483825684,31271042
2011-04-21,11.712152698556004,11.712152698556004,11.575700679852304,11.652456283569336,20957755
2011-04-25,11.672355444096398,11.703625053677193,11.496105406039606,11.521689414978027,30662850
2011-04-26,11.49042119293138,11.643931250811407,11.388082746281393,11.567176818847656,46682400
2011-04-27,11.609814084072411,11.709310893246604,11.572857682911195,11.666668891906738,28855228
2011-04-28,11.717839055283125,11.740581457852617,11.479048604112487,11.521689414978027,43227462
2011-04-29,11.552958562452218,11.558644162279588,11.368178955966844,11.476202964782715,31813175
2011-05-02,11.567174844242636,11.592758854561485,11.362495597977924,11.393766403198242,31406906
2011-05-03,11.331224048041477,11.479047259523506,11.314167248112293,11.46483325958252,32734492
2011-05-04,11.47904547386384,11.689409058410316,11.430717881582238,11.638239860534668,33850906
2011-05-05,11.555798178924212,11.749106151870016,11.544428175179059,11.598440170288086,28342603
2011-05-06,11.669511944113879,11.803121163294408,11.564329532488589,11.601285934448242,28250559
2011-05-09,11.595600827012662,11.757638054587938,11.584229625926364,11.66098403930664,20495996
2011-05-10,11.678041252150875,11.865663688777005,11.65529884917746,11.817336082458496,19832093
2011-05-11,11.791751110088766,11.814492317252737,11.587071887947763,11.672354698181152,37273474
2011-05-12,11.621187210083008,11.706470032942107,11.572859600556516,11.621187210083008,31191991
2011-05-13,11.598442341401341,11.615499141139754,11.433562331834219,11.48757553100586,30978397
2011-05-16,11.427879521840149,11.467678730946066,11.27437067462211,11.314169883728027,40213364
2011-05-17,10.680231173499246,10.705816370449202,10.245289989061858,10.492609977722168,221134088
2011-05-18,10.41301177000752,10.41585576367053,10.231076170358845,10.373213768005371,98306528
2011-05-19,10.35615970435831,10.424386915438452,10.23392167241102,10.27087688446045,68518753
2011-05-20,10.236764599916153,10.333418622860231,10.208336594946621,10.228236198425293,50658992
2011-05-23,10.114523400087641,10.233919803724103,10.07472539484355,10.17990779876709,58336925
2011-05-24,10.12589458405635,10.27940339281218,10.114523384303757,10.225391387939453,60180440
2011-05-25,10.142952737633255,10.276563158609337,10.142952737633255,10.236763954162598,56094849
2011-05-26,10.23107490328295,10.44428127334802,10.222546505206125,10.39026927947998,59849920
2011-05-27,10.444283136631674,10.529565938662715,10.438597536899467,10.506823539733887,45412947
2011-05-31,10.597793653545805,10.666019667401978,10.569365650292292,10.626221656799316,60264336
2011-06-01,10.575050680146376,10.606321482037375,10.376058249969331,10.413013458251953,42534272
2011-06-02,10.398802172696584,10.421543383446716,10.32204775077801,10.356160163879395,36684439
2011-06-03,10.248133565529931,10.341943573553266,10.23391956614698,10.265189170837402,35152288
2011-06-06,10.23107974794042,10.302148571614874,10.208337342299822,10.222551345825195,33927755
2011-06-07,10.270878061433525,10.276564856960853,10.111684799194336,10.111684799194336,37202129
2011-06-08,10.015029575098835,10.162852810557334,10.006501173750962,10.051984786987305,35259525
2011-06-09,10.094626867034735,10.157167283420996,10.051984859985703,10.080412864685059,25523162
2011-06-10,10.094623492360766,10.100309091399918,9.989441104088376,10.020711898803711,31533741
2011-06-13,10.020713865576052,10.034976420098664,9.869533183697603,9.883795738220215,47868838
2011-06-14,9.94084574617811,10.06350133120056,9.880943610245515,9.9066162109375,44312167
2011-06-15,9.849565264564257,9.85812279645955,9.684122043982903,9.77254867553711,54940120
2011-06-16,9.724056729212219,10.015008007658487,9.715499197724922,9.975072860717773,62025275
2011-06-17,10.046389010247776,10.074914727239774,9.966519877944569,9.983634948730469,86674684
2011-06-20,9.923730975055191,10.074912874497818,9.923730975055191,9.980780601501465,36622783
2011-06-21,10.020713553924246,10.169041720285055,9.992189044781465,10.069206237792969,37343278
2011-06-22,10.074912543533832,10.126256546731886,10.01501040778228,10.017862319946289,28249018
2011-06-23,9.93228646485852,10.066353269072357,9.855270473380953,10.049238204956055,42936358
2011-06-24,10.03497679921725,10.043534332254119,9.94940266687923,9.955107688903809,81145021
2011-06-27,9.99789705162691,10.0834718026371,9.957962487297072,9.977930068969727,33563765
2011-06-28,10.003596764316663,10.040678797293106,9.972219751646618,10.00930118560791,31350094
2011-06-29,10.032122084501971,10.154778833056398,10.009302001416422,10.14051628112793,29754745
2011-06-30,10.354454280018665,10.622585549970571,10.33448670092797,10.382979393005371,60283934
2011-07-01,10.425760126480709,10.591203294687903,10.365858620207105,10.56838321685791,32710270
2011-07-05,10.491374092110654,10.554128152614695,10.345898388841427,10.402947425842285,36084174
2011-07-06,10.400093740867671,10.43717638945511,10.297405725456443,10.325929641723633,36117644
2011-07-07,10.402945416777888,10.437175551186307,10.363011457998807,10.397241592407227,35314575
2011-07-08,10.305961617794946,10.394388270279102,10.21183114072771,10.391535758972168,33198233
2011-07-11,10.268878473170307,10.268878473170307,10.0321236678817,10.066353797912598,40220411
2011-07-12,10.029270347814315,10.186156035069452,10.012155284179828,10.060647964477539,33412708
2011-07-13,10.097731305221547,10.211830552900166,10.06920739182493,10.10914134979248,24364910
2011-07-14,10.13766362490431,10.180450082043798,9.986482972698198,10.020711898803711,33998660
2011-07-15,10.0634976804884,10.094875292173597,9.975071662784666,10.00930118560791,33395972
2011-07-18,9.977928475310259,10.01215741182259,9.926583872511015,9.989337921142578,33749834
2011-07-19,10.052092311678624,10.18615793914841,9.963665664401516,10.157632827758789,35168362
2011-07-20,10.206125719781673,10.217535764564088,10.015010464753074,10.063501358032227,33050038
2011-07-21,10.080615182983683,10.374420205833406,9.960812123592996,10.334485054016113,39892533
2011-07-22,10.388685371087293,10.588357586266456,10.371570301721135,10.468554496765137,35325145
2011-07-25,10.345895441839849,10.66822318780061,10.331632887144542,10.579797744750977,42153106
2011-07-26,10.579796257785928,10.753795806521547,10.565533705095188,10.688190460205078,32187295
2011-07-27,10.534159392488027,10.61402851457114,10.39724243781377,10.497077941894531,41713367
2011-07-28,10.459994333125579,10.519895862820924,10.303108632761692,10.334485054016113,32379529
2011-07-29,10.211833233474083,10.23465213057512,10.012159797130533,10.032127380371094,45043451
2011-08-01,10.097728943119437,10.126254047874061,9.889498673486768,10.040679931640625,34665425
2011-08-02,9.937994759668035,10.015011370886869,9.795371583045132,9.798223495483398,35387021
2011-08-03,9.783960840155588,9.84386298106733,9.618517573561297,9.7782564163208,46468586
2011-08-04,9.621369584757284,9.624222095856487,9.270516110693523,9.281926155090332,55492382
2011-08-05,9.364646178190204,9.410286350895342,8.990973254319757,9.307597160339355,69509873
2011-08-08,8.87972495236711,9.099364635545376,8.76562634563637,8.788446426391602,74474282
2011-08-09,8.836940212292285,8.999530934157203,8.486086770010466,8.993825912475586,72602362
2011-08-10,8.814120981733042,8.848349914790784,8.494644550364102,8.517464637756348,60997162
2011-08-11,8.486088311697774,8.965303031830148,8.486088311697774,8.856908798217773,59152326
2011-08-12,9.087960289546938,9.230583478171393,9.002386136766075,9.219173431396484,52231660
2011-08-15,9.227729824695452,9.347533503961799,9.193500287621553,9.25054931640625,38070158
2011-08-16,9.107923604912935,9.407432420027693,9.099366073277602,9.301891326904297,39977750
2011-08-17,9.122186894836311,9.184940933869667,8.834088098619663,8.95389175415039,53887784
2011-08-18,8.51746497655064,9.698385976597484,8.169464021114472,8.417628288269043,211412919
2011-08-19,6.73181962966919,6.848770158502672,6.489359842882009,6.7318196296691895,283937991
2011-08-22,6.891559207772761,7.196773112780476,6.88300167420835,6.974280834197998,134617068
2011-08-23,6.997099805307778,7.054148826805153,6.860181674501819,6.99995231628418,75178482
2011-08-24,6.999947809937742,7.216735509506503,6.917226841921241,7.191062927246094,63646828
2011-08-25,7.171099007450043,7.202476022299687,6.982835720321787,7.139721393585205,56269688
2011-08-26,7.022771617824414,7.22529628038225,6.9657220036990015,7.07982063293457,50299185
2011-08-29,7.116901909692163,7.459197731902263,7.102639359136064,7.4506402015686035,50811811
2011-08-30,7.410705074750595,7.4706071881902085,7.3365416087568045,7.430672645568848,51554545
2011-08-31,7.493430298295724,7.533364258044984,7.399298624416421,7.424970626831055,49853280
2011-09-01,7.473460588252212,7.547624662092659,7.319427419658173,7.322279930114746,36037051
2011-09-02,7.145429790948622,7.15969174923423,6.937199449430661,6.942904472351074,41261076
2011-09-06,6.640541468043659,6.754640102229556,6.532147855419349,6.740376949310303,62000833
2011-09-07,6.837362751650254,6.9400507592391225,6.7603461469432276,6.885854244232178,45019229
2011-09-08,6.945756636828725,7.037035201949146,6.803133467004983,6.808837890625,47381975
2011-09-09,6.7175591842856965,6.7489356100900695,6.41805029434606,6.460837364196777,81245873
2011-09-12,6.346129689206859,6.4809093577424886,6.346129689206859,6.4751739501953125,62155854
2011-09-13,6.489513959084541,6.532528923359036,6.43216047264992,6.509587287902832,53611433
2011-09-14,6.506718160836252,6.632895321640225,6.4178211494976445,6.575542449951172,49601591
2011-09-15,6.658704730554907,6.6931165775075465,6.518189638647813,6.673043251037598,34834759
2011-09-16,6.713189538645667,6.7648076073684775,6.638631042810602,6.7476019859313965,51567977
2011-09-19,6.624292827781576,6.655836970371865,6.4866454411309284,6.569807052612305,37159190
2011-09-20,6.558335114111532,6.618556281591284,6.4350256780393265,6.443628787994385,56909589
2011-09-21,6.4751750248734945,7.197825053845864,6.369071172052298,6.876646995544434,194598227
2011-09-22,6.609952432637842,6.799217217255234,6.383406906844232,6.538260459899902,141623171
2011-09-23,6.457968089576879,6.486645128920344,6.165467105919795,6.400615215301514,151729911
2011-09-26,6.478042786012995,6.615690182376224,6.432160119823301,6.512454032897949,70296648
2011-09-27,6.698849353037157,7.025762673918253,6.652966707730353,6.764805316925049,87035812
2011-09-28,6.865175474779912,6.876645687390219,6.627159680581464,6.6501007080078125,52441511
2011-09-29,6.827898521479079,7.014296940634748,6.6931187931485665,6.819295406341553,59073274
2011-09-30,6.759072847007442,6.810690313870523,6.429291709287883,6.437894821166992,88339175
2011-10-03,6.503852263286461,6.658705286396939,6.360468853107941,6.366204261779785,62751495
2011-10-04,6.288777268806913,6.615690133875875,6.2629679305236285,6.601352214813232,68262000
2011-10-05,6.589881791234742,6.919662380246321,6.552602235916809,6.842235565185547,68344795
2011-10-06,6.922529012620894,7.186353563414417,6.845102209550741,7.183486461639404,62709657
2011-10-07,7.197825432536551,7.34981135693491,7.037236394936955,7.13473653793335,66480582
2011-10-10,7.263780746067678,7.453046207662291,7.252310531750851,7.381354808807373,47821274
2011-10-11,7.338339875775204,7.46451705136635,7.306795732428873,7.4329729080200195,38865961
2011-10-12,7.49032773401434,7.539077508757685,7.361282831103639,7.418636322021484,45473062
2011-10-13,7.432972814919522,7.441575927235081,7.209295507949914,7.349810600280762,34114705
2011-10-14,7.4616504438819655,7.55341578547265,7.430106295899516,7.487459182739258,26379079
2011-10-17,7.410029454933932,7.438705884765512,7.083116107354786,7.128998756408691,36848488
2011-10-18,7.091719933642344,7.401427721802674,7.040102470787073,7.344074249267578,45327069
2011-10-19,7.272382063899531,7.3125293096160995,7.123263894725326,7.1634111404418945,30336073
2011-10-20,7.137602274360867,7.174881815936365,6.954072269851156,7.094587326049805,41184226
2011-10-21,7.183484777310105,7.335470041627457,7.163410854151252,7.2781171798706055,32969225
2011-10-24,7.341207782493309,7.501796194624212,7.3039276306883405,7.461648941040039,27818747
2011-10-25,7.432972492528902,7.4387079004905114,7.169147941735378,7.183486461639404,33247337
2011-10-26,7.203558640593935,7.421500495207089,7.123264146324733,7.38422155380249,44776129
2011-10-27,7.59355939935024,7.868855313707989,7.57922148449384,7.739810466766357,57765286
2011-10-28,7.949153066973791,8.192904343824285,7.903270395751756,8.01224136352539,60502372
2011-10-31,7.8573895880873215,7.903272875914122,7.630845069885254,7.630845069885254,36597901
2011-11-01,7.427236558406545,7.475986314262448,7.269515272246892,7.352676868438721,42338074
2011-11-02,7.435840969841587,7.559151059415448,7.39569431109527,7.430106163024902,35995874
2011-11-03,7.513266853889761,7.736944146820469,7.410031319199999,7.696796894073486,35458145
2011-11-04,7.656652188258987,7.736946111941168,7.553416025142309,7.734078407287598,27821169
2011-11-07,7.7570180544191665,8.000768671995854,7.693929170432274,7.995033264160156,39393780
2011-11-08,8.06098974667768,8.06098974667768,7.85738517999541,7.98356294631958,38344087
2011-11-09,7.791429186266216,7.80289939868224,7.527604665406075,7.550545692443848,41072144
2011-11-10,7.610765006423839,7.719736522901521,7.5448090376654715,7.673853874206543,33130191
2011-11-11,7.808639665501365,7.969228761321482,7.785698624186819,7.909007549285889,28986027
2011-11-14,7.903268690575808,7.943415341751558,7.771356716754887,7.834444999694824,25022867
2011-11-15,7.797167202990927,8.149889450800822,7.771358463660519,8.098271369934082,44235538
2011-11-16,8.055254417836792,8.19863720443633,7.926209548573744,8.009371757507324,44428653
2011-11-17,7.983562240668086,7.992165351548746,7.691061288371418,7.825840950012207,40352971
2011-11-18,7.96635582336887,8.144150432843185,7.926208575783612,8.02657699584961,64464211
2011-11-21,7.754150839822336,7.854518676663356,7.5362083393415995,7.702532768249512,75977368
2011-11-22,7.530471386847369,7.676722459277252,7.240838149909712,7.642310619354248,109866808
2011-11-23,7.539072701001257,7.650911304654015,7.35267502824666,7.392822265625,53940412
2011-11-25,7.341209892021281,7.415768410438549,7.275253283619215,7.280988693237305,19859838
2011-11-28,7.453046054776575,7.63370900247905,7.346942810736045,7.6078996658325195,43727316
2011-11-29,7.745548184506613,7.8860638870213275,7.630841820403949,7.714004039764404,59906731
2011-11-30,7.868859128292513,8.072462556040676,7.868859128292513,8.015109062194824,79655368
2011-12-01,7.868854916261334,8.155620425373206,7.868854916261334,8.09253215789795,48815257
2011-12-02,8.16996162587293,8.172828727876816,7.920475575067598,7.937681198120117,45038387
2011-12-05,8.023709226079367,8.144150976880775,7.992165689262163,8.063857078552246,40751533
2011-12-06,7.954887644333867,8.155623331355333,7.946284531465728,8.081064224243164,37991767
2011-12-07,7.99216825260712,8.195771670787272,7.937682466124329,8.147021293640137,39457638
2011-12-08,8.07819496654731,8.221577733932154,7.903267460396788,7.931943893432617,47746186
2011-12-09,7.917608339925198,8.1527565037039,7.891799600751509,8.000770568847656,42526786
2011-12-12,7.796285201966893,7.908606337950803,7.796285201966893,7.8740458488464355,43156558
2011-12-13,7.894211393431323,8.020933063972667,7.675327958125892,7.718528747558594,40160737
2011-12-14,7.669560984972557,7.7070021631325965,7.473718451130885,7.597559928894043,49147539
2011-12-15,7.672445659932662,7.692605699976155,7.522683288841863,7.534203052520752,39440462
2011-12-16,7.586041143523288,7.6810829368052485,7.439158317105075,7.4420390129089355,72903376
2011-12-19,7.473719958926883,7.511159935026431,7.205875710163154,7.237555503845215,37086745
2011-12-20,7.352758839794253,7.537082295579165,7.352758839794253,7.462201118469238,32525302
2011-12-21,7.418998158746247,7.45355864531358,7.211634634535245,7.326837062835693,43380941
2011-12-22,7.352757404641284,7.485239787027127,7.3268377931409905,7.447799205780029,28505330
2011-12-23,7.462201581927646,7.479482133783425,7.416121319926671,7.453561305999756,23351109
2011-12-27,7.39308117974681,7.482362223772994,7.378680718706812,7.3873209953308105,26312138
2011-12-28,7.3556384244450275,7.410358950703224,7.243316675759839,7.257717132568359,23050976
2011-12-29,7.2375565993446696,7.393079733736111,7.2375565993446696,7.378679275512695,20169880
2011-12-30,7.349878684703353,7.482360476098139,7.344118501632775,7.418999671936035,25310008
2012-01-03,7.580281668669945,7.727163903983321,7.580281668669945,7.666683197021484,29487863
2012-01-04,7.637884305073607,7.718525665843283,7.6148435706781665,7.660924434661865,24478313
2012-01-05,7.580282900745137,7.658044167939179,7.560122863416799,7.632123947143555,30491094
2012-01-06,7.65228428826371,7.663804655655637,7.574523622789776,7.603323936462402,25775951
2012-01-09,7.600442433979997,7.663803843110593,7.583162489531382,7.614842891693115,24350597
2012-01-10,7.686842441558838,7.747323747115719,7.655162045699046,7.686842441558838,27737933
2012-01-11,7.632120819602968,7.681081754204208,7.583159885001727,7.672441482543945,29947200
2012-01-12,7.698363073314547,7.773244231518576,7.675322949562164,7.761724472045898,22961795
2012-01-13,7.692602736005634,7.744443769411585,7.594681456024413,7.629241943359375,25997032
2012-01-17,7.701243474480859,7.741563541469289,7.603322188581573,7.620602130889893,24645004
2012-01-18,7.603322033786085,7.776124477386475,7.603322033786085,7.776124477386475,25251435
2012-01-19,7.781885340795139,7.848126837713242,7.741564061484149,7.819325923919678,24623865
2012-01-20,7.81068757421544,8.115972497188,7.7905275343999145,8.101572036743164,49524742
2012-01-23,8.046848511962999,8.317572834259233,8.046848511962999,8.259971618652344,48962131
2012-01-24,8.130370886002193,8.306054052504708,8.121731216101244,8.213892936706543,32782715
2012-01-25,8.18220835496628,8.219649529011438,8.075646827873747,8.156288146972656,29325355
2012-01-26,8.124610531832404,8.199491695870956,8.020928454850505,8.061249732971191,25121077
2012-01-27,7.966207873765222,8.087169892854103,7.948927326120923,8.029568672180176,26209305
2012-01-30,7.851006037224441,8.075649527757903,7.842365763402292,8.029568672180176,26692204
2012-01-31,8.11885191424236,8.130371676833185,7.911488929921202,8.058370590209961,30277500
2012-02-01,8.130370315762207,8.32621410951435,8.113090977172225,8.283013343811035,32944122
2012-02-02,8.271492236075739,8.308932815684496,8.173570347986967,8.208130836486816,27984337
2012-02-03,8.317575193207329,8.412616409423867,8.294534458507181,8.372296333312988,25609921
2012-02-06,8.346374144278782,8.383814727247376,8.277253161076313,8.283013343811035,28194408
2012-02-07,8.27437247284055,8.401094669442083,8.234051801413111,8.337733268737793,32116170
2012-02-08,8.343494229079761,8.513416586988976,8.320453499324572,8.48461627960205,29045701
2012-02-09,8.461577032314265,8.49325804127816,8.360775636396102,8.38381576538086,35306648
2012-02-10,8.32333146207868,8.349252278308237,8.205250162927388,8.265730857849121,22073509
2012-02-13,8.31469434628711,8.352134931967568,8.185092644597066,8.280133247375488,20170760
2012-02-14,8.26573474638107,8.375176429748535,8.24557470685872,8.375176429748535,24151536
2012-02-15,8.484617159003989,8.510537377858059,8.343495093854873,8.386695861816406,34663223
2012-02-16,8.334856852703686,8.634381605182549,8.331976155675868,8.608461380004883,45416911
2012-02-17,8.625738045647598,8.640137896462624,8.504776032843363,8.522056579589844,40803941
2012-02-21,8.501900606001426,8.559501246378682,8.401098578130236,8.4529390335083,31564569
2012-02-22,8.39533422840035,8.415495472155754,8.288772665523226,8.334854125976562,63042820
2012-02-23,7.948927434600476,8.026689295253972,7.732924214941353,7.790525436401367,157176338
2012-02-24,7.776122928046348,7.8020431382202196,7.652280848669996,7.672441482543945,61370401
2012-02-27,7.580283482478996,7.6638049395500145,7.519802156238128,7.560123443603516,62169066
2012-02-28,7.54284095242018,7.597561475874461,7.490999915372966,7.539960861206055,50854529
2012-02-29,7.55436241098383,7.560123199514391,7.280757917774327,7.289398193359375,85514009
2012-03-01,7.3009170946819655,7.387318011602935,7.254835637966211,7.272116184234619,55506034
2012-03-02,7.272117648422581,7.364279370796135,7.249077520232765,7.292278289794922,49792945
2012-03-05,7.2519562479795665,7.266356704595355,7.119474466342642,7.202995300292969,54422650
2012-03-06,7.0791528099598535,7.139634119710817,6.917870728507066,6.961071491241455,71076156
2012-03-07,6.978353684717033,7.061875750768237,6.966833921130009,7.015794277191162,36185026
2012-03-08,7.038833023458469,7.12523455236739,7.010032715424521,7.096433639526367,30791887
2012-03-09,7.082032671586464,7.10507279342044,6.9236300951578125,6.963950157165527,51575905
2012-03-12,6.937904579504224,7.0305253712637645,6.932115666052298,6.958165168762207,36583808
2012-03-13,6.96684758882396,7.131828560585487,6.920536895348014,7.111567974090576,51385872
2012-03-14,7.02473459305623,7.102883688264593,6.9986844894377125,7.0449957847595215,47708972
2012-03-15,6.981318981548241,7.117356600167193,6.969741156689526,7.062363147735596,45009541
2012-03-16,7.021840403127432,7.105778413431089,7.007368122791071,7.088412284851074,45849604
2012-03-19,7.09998923230698,7.120250424010272,7.036312416886682,7.0449957847595215,25903227
2012-03-20,7.050785328035083,7.053680392325101,6.937903957143517,6.940797805786133,53160023
2012-03-21,6.975529270068897,6.987106484768989,6.761342592499587,6.790286540985107,100204873
2012-03-22,6.703454940337388,6.738188412326096,6.631094756008118,6.665828227996826,75506140
2012-03-23,6.68319472749903,6.842387384997922,6.633989580604695,6.839492321014404,45554095
2012-03-26,6.906063870100459,6.926324454413867,6.8163375569645,6.91474723815918,52524086
2012-03-27,6.9350100159709305,6.937905080729801,6.8366003036499015,6.836600303649902,40436427
2012-03-28,6.859754612352355,6.891592416739813,6.787394418829672,6.825021743774414,45144523
2012-03-29,6.775816842431078,6.833705369264208,6.764239623323458,6.8047614097595215,38194130
2012-03-30,6.83949123798932,6.923429845510648,6.816336808024023,6.897380352020264,37217984
2012-04-02,6.911852836608887,6.943690634628087,6.8568581766397925,6.911852836608887,30648317
2012-04-03,6.897381074657834,6.963952347121,6.7584490098983,6.787393569946289,34913591
2012-04-04,6.7208215854043605,6.767132272939156,6.70056100150866,6.735293865203857,33824482
2012-04-05,6.700562220018533,6.76423904706888,6.680301632438407,6.688984394073486,32442286
2012-04-09,6.625305381115694,6.7497651569087145,6.613728165751933,6.697666168212891,33610888
2012-04-10,6.706349305604864,6.8337035443696506,6.686088721709163,6.735293865203857,56912011
2012-04-11,6.804761485068209,6.82502268242235,6.726612368064045,6.775816917419434,36575220
2012-04-12,6.943688296707403,7.2765457376491645,6.935004932267527,7.264967918395996,95579572
2012-04-13,7.2157665785437,7.250500054518414,7.042101629964821,7.111567974090576,53908924
2012-04-16,7.17235249831446,7.183930327121122,6.995793648132127,7.036315441131592,33324848
2012-04-17,7.0623613383274115,7.256286208084584,7.0507829086114935,7.154982089996338,35050996
2012-04-18,7.10867196204237,7.2591812270328235,7.097094747074786,7.215764999389648,39862145
2012-04-19,7.1955053522417725,7.27944336273642,7.085517237082402,7.1520891189575195,39805334
2012-04-20,7.169456343168277,7.218660884124215,7.076834958150641,7.09420108795166,43260272
2012-04-23,7.021843854277715,7.082626853740913,6.963955920128297,7.024738311767578,36980388
2012-04-24,7.030523568330582,7.097095448132034,7.010262984268297,7.073939800262451,26346710
2012-04-25,7.126038630441539,7.192609895228837,7.0623618213253,7.186820983886719,39345997
2012-04-26,7.16366525636688,7.22734205935003,7.146298524013216,7.198398113250732,21712381
2012-04-27,7.207081997666989,7.233131490247149,7.137615671080694,7.163665771484375,20772567
2012-04-30,7.137618122262873,7.178140514584691,7.099990794359199,7.166562080383301,20366078
2012-05-01,7.157876750636359,7.351802858066611,7.157876750636359,7.285231590270996,34302316
2012-05-02,7.253394168700885,7.3112826896220575,7.198400712040652,7.3083882331848145,29967899
2012-05-03,7.3083855230173995,7.331540558105074,7.076832740846782,7.08551549911499,32500859
2012-05-04,7.05657673633215,7.117359735795347,7.004477717162456,7.024738311767578,30896702
2012-05-07,7.001579330268533,7.013156545906739,6.885802919121448,6.9089579582214355,29051867
2012-05-08,6.842388219393268,6.856859894133783,6.65714604168972,6.749766826629639,54170741
2012-05-09,6.686089342742354,6.810549137107611,6.633989738448522,6.752661228179932,30901106
2012-05-10,6.741083969460703,6.833705369264208,6.686090507184176,6.8047614097595215,35469155
2012-05-11,6.755556417564116,6.804761575396431,6.694774040342375,6.700562953948975,35897665
2012-05-14,6.657145187118929,6.709244789838463,6.599256672116821,6.648461818695068,37041383
2012-05-15,6.648461538458819,6.671617186613092,6.4747966085962,6.483479976654053,35379534
2012-05-16,6.5008467867177275,6.5847854122563625,6.370598683484695,6.376387596130371,35803859
2012-05-17,6.376386610467115,6.445852335829861,6.315603644907029,6.385069370269775,36844965
2012-05-18,6.399543350551558,6.419804547064575,6.15930770380625,6.211406707763672,56280918
2012-05-21,6.199827880711199,6.359020539186549,6.19403957617957,6.335865497589111,35540060
2012-05-22,6.3358626151587565,6.341650917057061,6.234557910676271,6.3040242195129395,34813840
2012-05-23,6.121678254159502,6.136149924545084,5.953802258227942,6.101417064666748,118421138
2012-05-24,6.547157809005309,6.558735025979856,6.170883973476869,6.301132678985596,129899283
2012-05-25,6.2142991453374155,6.471901448254163,6.194038563230949,6.463218688964844,51980632
2012-05-29,6.477691323695033,6.6195172297099445,6.477691323695033,6.5992560386657715,50152312
2012-05-30,6.529793475266009,6.599259233976527,6.497955053175678,6.581892490386963,45986128
2012-05-31,6.602152325259413,6.622413521921873,6.466114685425557,6.564525604248047,48214552
2012-06-01,6.330075583351372,6.367702899881582,6.13615008926129,6.150622367858887,69010680
2012-06-04,6.162199044817726,6.202721421352503,6.04063434650736,6.095627784729004,40088951
2012-06-05,6.107207503936981,6.295344128608419,6.095629678472991,6.275083541870117,44487006
2012-06-06,6.280869987615544,6.471900385796792,6.277974924562983,6.469006538391113,32429074
2012-06-07,6.512424213140772,6.58478439437893,6.370597698716289,6.385069370269775,31562147
2012-06-08,6.402436909807361,6.469008795481146,6.350337305328671,6.457430362701416,25166658
2012-06-11,6.5104247696601,6.530806562219487,6.225084565361059,6.233819007873535,31706818
2012-06-12,6.251287308322963,6.347371651152889,6.227993837847165,6.318255424499512,24670327
2012-06-13,6.262933945555399,6.321167015077475,6.213436539619268,6.254199504852295,25448734
2012-06-14,6.254196942106914,6.3298994734564396,6.227991796411268,6.286224842071533,23946970
2012-06-15,6.32698878145288,6.40269070590085,6.280401852978055,6.300783634185791,38416532
2012-06-18,6.260022213615114,6.292050123330294,6.105705421080864,6.128998279571533,46979009
2012-06-19,6.163938007200003,6.175584742419534,6.041649733160415,6.05911922454834,47818632
2012-06-20,6.070765642072813,6.178496102891613,6.012532580463981,6.1610260009765625,38185102
2012-06-21,6.137734598366765,6.158116388766555,5.887333413532529,5.9106268882751465,43249262
2012-06-22,5.933918726560747,6.032914132591452,5.904801891162321,5.93100643157959,35432382
2012-06-25,5.875687256491026,5.901891803996234,5.668960726452328,5.692253589630127,49780394
2012-06-26,5.692253148093582,5.733016114073938,5.601992163828198,5.636932373046875,46797785
2012-06-27,5.636930773838211,5.706809949567836,5.628195724011693,5.680605411529541,25362196
2012-06-28,5.628197320742206,5.648579109453101,5.567052566050955,5.636932373046875,35102522
2012-06-29,5.779602495869225,5.866951796752628,5.75339795018078,5.8553056716918945,41492066
2012-07-02,5.855304408179653,5.893155070761061,5.785424615687383,5.869861602783203,32697278
2012-07-03,5.79998229833559,5.931005593345618,5.788335565822262,5.928093910217285,16158716
2012-07-05,5.901889208829131,5.9484755261413635,5.861126257611077,5.904800891876221,23178252
2012-07-06,5.808716099361785,5.8640368440285835,5.663133808556151,5.698073387145996,36405886
2012-07-09,5.686430051534216,5.700987859730651,5.604904124445157,5.657313823699951,27352804
2012-07-10,5.6427560018251555,5.706811832134546,5.537936592211566,5.564141750335693,36986994
2012-07-11,5.561228787212089,5.773778630354812,5.546670369379944,5.733015060424805,54092350
2012-07-12,5.619460957735285,5.6747823313200785,5.543758411634805,5.634019374847412,51804032
2012-07-13,5.587433115898808,5.590344799354776,5.465144245072006,5.526288986206055,67303029
2012-07-16,5.494260872415724,5.561228985388708,5.462233574926339,5.4767913818359375,32752548
2012-07-17,5.520465461481305,5.532112194972237,5.386529860659427,5.494260311126709,45486934
2012-07-18,5.482612986326302,5.677692672297318,5.4738779381243585,5.619459629058838,62340161
2012-07-19,5.610724706327034,5.639841534317973,5.537933859232004,5.561227321624756,33601199
2012-07-20,5.523378827095109,5.543760005470403,5.406913291038024,5.418560028076172,32614483
2012-07-23,5.351589992539962,5.371971775086173,5.2409478644699865,5.328297138214111,38327351
2012-07-24,5.310827496448906,5.328297597279385,5.185627552929004,5.238036632537842,45746550
2012-07-25,5.261330232544609,5.296269827702881,5.162334814836406,5.17689323425293,37947947
2012-07-26,5.255507934975161,5.299181974154288,5.182716442979924,5.243861198425293,36696330
2012-07-27,5.287534661475644,5.441850828895083,5.232213286730284,5.406911849975586,40760341
2012-07-30,5.37197224202639,5.427293005149321,5.293358011111656,5.316650867462158,27529404
2012-07-31,5.281710896076825,5.366149109062632,5.240948548546379,5.310827732086182,35438327
2012-08-01,5.33120787969403,5.371970826144559,5.1273928417208126,5.141951560974121,63462741
2012-08-02,5.127395546652547,5.293359408435183,5.069163084683628,5.109925746917725,68615641
2012-08-03,5.191450312405118,5.337032651779986,5.15942240563269,5.316650867462158,41814218
2012-08-06,5.3253865606778445,5.479703986819478,5.3079170671608775,5.44185209274292,33730236
2012-08-07,5.403999875253186,5.546669912490947,5.389442070061513,5.52046537399292,43313560
2012-08-08,5.671869950986766,5.750484170850229,5.6019901688760765,5.651488780975342,99068641
2012-08-09,5.648577097910679,5.695163415504068,5.5495810965945775,5.651488780975342,44464105
2012-08-10,5.619459720666892,5.74466024594566,5.613636966545154,5.735925197601318,40011881
2012-08-13,5.733014782306688,5.843656918139597,5.6718706532605205,5.7126336097717285,30528308
2012-08-14,5.753397902784833,5.782514743800397,5.610727216132868,5.636932373046875,39807316
2012-08-15,5.616549015045166,5.648577531213365,5.584521110318229,5.616549015045166,24196016
2012-08-16,5.657311626418271,5.706809011079478,5.596166899129194,5.683515548706055,39273551
2012-08-17,5.683515548706055,5.686427842943891,5.607813630315905,5.683515548706055,32208214
2012-08-20,5.69225030444611,5.861125452206583,5.645663993535518,5.849478721618652,39443105
2012-08-21,5.887332545122139,5.89897989221689,5.753397530874095,5.802895545959473,46305418
2012-08-22,5.677693219738284,5.715544487488499,5.561227733472914,5.590343952178955,84119483
2012-08-23,5.255508164923275,5.305005574543032,5.112837775990064,5.136130332946777,160326519
2012-08-24,5.139042238287523,5.165246171797896,5.095367589073587,5.1186604499816895,48699212
2012-08-27,5.139042151662503,5.165246084731176,4.996371775971532,5.010929584503174,59985783
2012-08-28,4.987636234915674,5.031310264992439,4.89446327909761,4.920668125152588,75458136
2012-08-29,4.909021539845347,4.975989036026661,4.897374806095104,4.932314395904541,51786196
2012-08-30,4.911935601312236,4.946875208037085,4.8828193642817945,4.885730743408203,34838723
2012-08-31,4.91484260559082,4.978899003769191,4.891549758988441,4.91484260559082,43130134
2012-09-04,4.8973751772700735,4.973078035222281,4.894463493611835,4.946873188018799,37570964
2012-09-05,4.92940234225745,5.04586782946601,4.903197500633313,5.028398036956787,46219099
2012-09-06,5.057515279708211,5.16815804136737,5.016752929338672,5.121572017669678,50930058
2012-09-07,5.0400463627028,5.092456068880463,4.984725583654438,5.072074890136719,36899134
2012-09-10,5.101999843705974,5.184147946696428,5.087330264551427,5.113735198974609,43028401
2012-09-11,5.146007993374611,5.272164218412856,5.134272638041404,5.26629638671875,40682611
2012-09-12,5.289766533114436,5.33964185916493,5.2574934659984045,5.278030872344971,52895343
2012-09-13,5.289766500739732,5.377782723752309,5.234022728535803,5.351377487182617,48325312
2012-09-14,5.366046476958787,5.4452615710010726,5.313237851853621,5.330840110778809,61495915
2012-09-17,5.351378588652875,5.371915999100946,5.289767589528644,5.3425774574279785,36216955
2012-09-18,5.301502080691756,5.363113689466261,5.292700334279694,5.354311943054199,37179229
2012-09-19,5.404188233700476,5.415923896329718,5.289767371395268,5.310304164886475,41868828
2012-09-20,5.263362421784919,5.2721641692439905,5.1372061979232235,5.210553169250488,43134538
2012-09-21,5.257494496962739,5.26336232849812,5.1196029203212445,5.160677433013916,45285892
2012-09-24,5.122537192729918,5.122537192729918,5.025720116218195,5.049190521240234,35047472
2012-09-25,5.052121789143298,5.066791671145069,4.899561300644666,4.90249490737915,61807718
2012-09-26,4.896627666421866,5.0609241418829,4.76166972627158,5.019850254058838,81795272
2012-09-27,4.931833219726626,5.078526488229334,4.914230039828497,5.055056095123291,63752744
2012-09-28,5.037455822948377,5.0814639521235385,4.975844195659105,5.00518274307251,50007420
2012-10-01,5.046256913146876,5.169479543049169,5.031587332404912,5.049190521240234,47931374
2012-10-02,5.084395280644463,5.1196016449764965,4.969974134482977,5.0257182121276855,43062092
2012-10-03,5.055056488263133,5.090262850797448,4.356795219021446,4.374398708343506,310536610
2012-10-04,4.3127885426373185,4.394936954507554,4.177830569445505,4.383201599121094,199108804
2012-10-05,4.374398846597958,4.436010137007707,4.303985811248998,4.32158899307251,89521209
2012-10-08,4.2746500589098035,4.347996748907426,4.227708312855575,4.242377281188965,72241895
2012-10-09,4.224772431560615,4.2511767471164825,4.154359691191758,4.215970993041992,65251646
2012-10-10,4.19249958396086,4.224772346022305,4.113285098622255,4.160226821899414,85381009
2012-10-11,4.171962284196548,4.239440791409314,4.148490963331367,4.1807637214660645,79702051
2012-10-12,4.180764870655961,4.25411153630115,4.180764870655961,4.2277069091796875,55831490
2012-10-15,4.236506654975834,4.254109835370158,4.18076319905133,4.2453083992004395,59304925
2012-10-16,4.2570454788391014,4.336259976808913,4.254111562906144,4.274648666381836,52481367
2012-10-17,4.283447872419801,4.321588143549075,4.204233415758254,4.318654537200928,39507183
2012-10-18,4.321589913916365,4.356796285065159,4.283449627162676,4.342127323150635,48824506
2012-10-19,4.336258595975766,4.342126425973136,4.2423745482374935,4.248242378234863,45863696
2012-10-22,4.227706234346199,4.318656072906469,4.195433164436979,4.315722465515137,38512540
2012-10-23,4.239441339377825,4.248243085839936,4.1807642618502765,4.1836981773376465,41892830
2012-10-24,4.207172178647867,4.21303970573132,4.116221658164561,4.1191558837890625,40322363
2012-10-25,4.151424831707569,4.218904267332793,4.1250202101819795,4.163160800933838,47290592
2012-10-26,4.148491541850368,4.198367797589338,4.089814463724433,4.133821964263916,42432540
2012-10-31,4.160226371954022,4.174895947693088,4.048739444666698,4.063409328460693,42811064
2012-11-01,4.072212297506953,4.136757222816036,4.048740967496312,4.107418060302734,55042954
2012-11-02,4.14262326161009,4.166094275148365,4.013533149231987,4.037004470825195,71585038
2012-11-05,4.013534048296879,4.12208708665264,4.013534048296879,4.110352039337158,31547834
2012-11-06,4.1132833460611655,4.2482412435703285,4.1132833460611655,4.224770545959473,50056304
2012-11-07,4.201301801865738,4.21010324119394,4.016467571258545,4.016467571258545,59540979
2012-11-08,4.042872374179923,4.075145138816213,4.025269188039668,4.054608345031738,42556072
2012-11-09,4.048740820868098,4.081013898463937,3.990063114076643,3.992997646331787,46388653
2012-11-12,4.004733764964125,4.025270565777775,3.9049821373238154,3.9343206882476807,41180923
2012-11-13,3.913781416689008,3.931384907182045,3.8345669416900305,3.8551037311553955,58142709
2012-11-14,3.860971869374664,3.919649554908276,3.837500548717281,3.8551037311553955,55365987
2012-11-15,3.8521708656951774,3.8932453766977755,3.7934937849757047,3.837501287460327,54104241
2012-11-16,3.837500662469957,3.843368800863171,3.6262624669509775,3.77002215385437,77062954
2012-11-19,3.8052289398197012,3.9313854576891414,3.796427193340685,3.9020469188690186,71848838
2012-11-20,3.4150246263249957,3.5382466117948286,3.329942001742822,3.435561418533325,340591267
2012-11-21,3.4179581388289417,3.570519274802589,3.3886196010132195,3.503039836883545,142771955
2012-11-23,3.5235780358570294,3.6644032215161206,3.5235780358570294,3.6497342586517334,57819455
2012-11-26,3.637997599914524,3.7846915011847817,3.599857321128419,3.737748861312866,57819455
2012-11-27,3.7406835764179167,3.7612203662622528,3.614527073886018,3.6262624263763428,69091934
2012-11-28,3.6321294842550786,3.749484216421858,3.5851871601115595,3.7348146438598633,73116970
2012-11-29,3.7494852107066334,3.840435044434672,3.7494852107066334,3.781757354736328,68996367
2012-11-30,3.790557837542392,3.8228305869282586,3.7436161327022504,3.8110952377319336,52001992
2012-12-03,3.8639054776691557,3.9137814179726074,3.7612202980889635,3.7758898735046387,56031652
2012-12-04,3.814031279649958,3.9841956322221583,3.787626344160042,3.9695260524749756,80532645
2012-12-05,3.9636584986312564,4.166094985216695,3.9460553124910014,4.054608345031738,122331449
2012-12-06,4.081014131403647,4.119154119301522,4.001799315130199,4.05754280090332,68460180
2012-12-07,4.0780796431752675,4.122087772230194,4.025270073142389,4.089815616607666,55613492
2012-12-10,4.102253926258946,4.321435398889584,4.060786766112846,4.19407320022583,112995850
2012-12-11,4.235540122826393,4.28589317791433,4.176302112604908,4.223692893981934,70389572
2012-12-12,4.253312882242895,4.348094466905641,4.24146533966002,4.303665637969971,73324398
2012-12-13,4.315512731301299,4.386598912398177,4.2533124394664945,4.294779300689697,57911939
2012-12-14,4.2947785687480815,4.368826389312744,4.259235639757031,4.368826389312744,57409663
2012-12-17,4.359941708098724,4.392522992199271,4.176302789258986,4.208883762359619,67958785
2012-12-18,4.197036510724351,4.333284649927126,4.158531608580086,4.303665637969971,83315312
2012-12-19,4.318473869617194,4.336245335027155,4.226654579832418,4.259235858917236,52666775
2012-12-20,4.265160531290039,4.282931688812169,4.191112071948333,4.274046421051025,38294542
2012-12-21,4.211845431697175,4.2473883628845215,4.1614923756820055,4.2473883628845215,58133461
2012-12-24,4.232579220961417,4.232579220961417,4.120026795000824,4.149645805358887,20820571
2012-12-26,4.170379115386194,4.24442695564378,4.161493225275316,4.182226657867432,33273101
2012-12-27,4.1851890257302,4.202960495349018,4.108178909382066,4.158531665802002,35407720
2012-12-28,4.117064726360096,4.125950617182437,4.037092952958858,4.051902770996094,40061867
2012-12-31,4.0430158241949465,4.235539972585378,4.028205700165184,4.220730781555176,62631266
2013-01-02,4.39252323934324,4.58800939994592,4.365865880124726,4.4487996101379395,109584071
2013-01-03,4.481380300698104,4.656133962835585,4.419180002818629,4.484342575073242,94420439
2013-01-04,4.519885824575753,4.55542814107846,4.463608831446816,4.484342575073242,48466460
2013-01-07,4.499152695159286,4.582086442719826,4.487305150222066,4.493229389190674,42256600
2013-01-08,4.513961314584798,4.57912357190949,4.395484652721676,4.558390140533447,72416513
2013-01-09,4.62947771684364,4.715373120382639,4.605782004143213,4.694639682769775,75684281
2013-01-10,4.7420274976568155,4.839771013356646,4.650208217787071,4.821999549865723,79908598
2013-01-11,4.881238318901616,4.955286768881109,4.6946377675127104,4.786457061767578,86181656
2013-01-14,4.872353332969538,5.130040730200633,4.8486585585458695,5.020449638366699,136710069
2013-01-15,4.981942951166051,4.993790801373252,4.851618775885779,4.896047592163086,86273699
2013-01-16,4.887162411958075,5.130039955365557,4.8842007599774035,5.097458362579346,103469998
2013-01-17,5.109306173416382,5.168544814157352,5.047106502538101,5.067839622497559,63232192
2013-01-18,4.99379178807121,5.085611401319794,4.99379178807121,5.067839622497559,51849173
2013-01-22,5.094496665839135,5.147811377021098,5.038220302702521,5.1093058586120605,61367098
2013-01-23,5.133002152867467,5.1655834381164345,5.008601249462232,5.0382208824157715,44244786
2013-01-24,5.023411065939002,5.124116262981405,4.984906476099178,5.0382208824157715,37565459
2013-01-25,5.061916146404152,5.103383323010671,5.017487317397109,5.032297134399414,33975319
2013-01-28,5.041184902191162,5.085613747745738,5.00564163914747,5.041184902191162,33975319
2013-01-29,4.996752973059349,5.0115627864382,4.82792327753947,4.881237983703613,69064189
2013-01-30,4.890124128693304,4.9078959068120245,4.822000534237695,4.857543468475342,45146725
2013-01-31,4.851619260129698,4.937515249705704,4.7864570104857425,4.8901238441467285,45152671
2013-02-01,4.937514828173379,4.9612095959303275,4.863466385309003,4.875314235687256,36881738
2013-02-04,4.830887793628316,4.946402836604105,4.783497301817741,4.792383193969727,36469084
2013-02-05,4.759800491352901,4.958248913999851,4.747952949657526,4.91974401473999,51306380
2013-02-06,5.038221554576387,5.053030751029032,4.9167825982650575,4.943439960479736,50786708
2013-02-07,4.9286305676322355,4.937516458349702,4.819039781449885,4.869391918182373,35865295
2013-02-08,4.872351867397991,5.00267666402663,4.863466290786846,4.996752738952637,32979134
2013-02-11,4.99379081960792,5.017485898109148,4.9404764264803855,4.984905242919922,24516407
2013-02-12,4.987867408506084,5.100419820485596,4.958248401827246,5.064877510070801,32823893
2013-02-13,5.058954314483323,5.082649709846229,4.996754018280669,5.0382208824157715,25309127
2013-02-14,5.044144630432129,5.070801989790232,4.970096790103982,5.044144630432129,31410209
2013-02-15,5.067839803495106,5.073764040980678,4.9523251030244255,4.973058223724365,33737943
2013-02-19,4.9908292776561645,5.0796869235609705,4.961210269687825,5.0026774406433105,38418734
2013-02-20,5.038220903611969,5.085611694537157,4.928630127222372,4.946401596069336,39652075
2013-02-21,4.919743506544829,5.09153486488166,4.907895655073388,5.064877510070801,82804669
2013-02-22,5.393648936655747,5.873479325966139,5.364029938080926,5.686878204345703,293423326
2013-02-25,5.689839492036369,5.760925328990597,5.636525425320459,5.648372650146484,91358558
2013-02-26,5.666146533576068,5.900137863650597,5.64245083108766,5.861632347106934,85774946
2013-02-27,5.873479896323834,5.879403199014321,5.808317346731959,5.855708122253418,64970010
2013-02-28,5.829051343525443,6.000842679214613,5.823127418570689,5.965299129486084,59840891
2013-03-01,5.938644136277519,6.030463138727769,5.882368073807995,5.968263149261475,44782735
2013-03-04,5.944566038925169,5.965299778522683,5.8616323245346065,5.914947032928467,42259243
2013-03-05,5.947528842257702,6.098585840591219,5.941604916440746,6.033423900604248,40754176
2013-03-06,6.089698910696666,6.317767527656989,6.071927758283943,6.1992902755737305,74226998
2013-03-07,6.1992908397186,6.255567508479427,6.148938096300989,6.175595760345459,39428792
2013-03-08,6.255567995387123,6.267415224995973,6.184482129734947,6.220025062561035,42565321
2013-03-11,6.202738172929521,6.2742737036778795,6.190815375826684,6.268312931060791,32408596
2013-03-12,6.259370692146328,6.393499652792629,6.241486496895187,6.378596782684326,38915946
2013-03-13,6.372635783285009,6.375615856745813,6.277254654508669,6.3547515869140625,30503425
2013-03-14,6.354750422947081,6.53955062192619,6.342828253484527,6.5365705490112305,53435714
2013-03-15,6.545510207455996,6.611084938049317,6.47993610279674,6.611084938049316,70007085
2013-03-18,6.631950624955013,6.828673607186092,6.617047757563299,6.804828643798828,86551151
2013-03-19,6.798867828508323,6.897229641011556,6.745216499810428,6.888287544250488,74591209
2013-03-20,6.894248115698116,7.028377673233651,6.819731903489767,6.831654071807861,78230234
2013-03-21,6.77800120726281,6.8704022242917,6.637910897474665,6.6528143882751465,80226127
2013-03-22,6.652816940152479,6.8972305274275945,6.652816940152479,6.8674235343933105,61490189
2013-03-25,6.879345110428197,6.9866477528033775,6.828673235875379,6.885305881500244,65137362
2013-03-26,6.909151679013912,7.067125574797588,6.885306090266047,7.046261310577393,60178458
2013-03-27,6.980688403640737,7.08501099469664,6.950881412538226,7.028378963470459,52790528
2013-03-28,7.004534066912999,7.132701637657825,6.974727698781716,7.1058759689331055,53674411
2013-04-01,7.073088398484879,7.1684688864694035,6.932996800603304,6.947900295257568,55561525
2013-04-02,6.661759796173331,6.700508265593154,6.503784592917,6.587243556976318,106819460
2013-04-03,6.530611515045166,6.688586748569883,6.509747239483502,6.530611515045166,66342957
2013-04-04,6.518684827462406,6.65579506457421,6.49483986819405,6.646852970123291,45355255
2013-04-05,6.554454783620394,6.584261149213359,6.494842052434466,6.548493385314941,41562970
2013-04-08,6.572338309267373,6.6289703355336655,6.456092306017111,6.5365705490112305,33571472
2013-04-09,6.551473688228772,6.652815565807022,6.5246474000397185,6.623009204864502,36305475
2013-04-10,6.608104541807797,6.691562838422303,6.608104541807797,6.6528143882751465,35091072
2013-04-11,6.256386334268246,6.339845245716524,6.143121697051459,6.223599910736084,105075697
2013-04-12,6.193796100265976,6.241486032182951,6.1580277124268425,6.229563236236572,43067597
2013-04-15,6.190812337272418,6.304077602288217,6.163986682891846,6.163986682891846,35055400
2013-04-16,6.193796701036723,6.301099371224932,6.161009009003923,6.268312931060791,30659327
2013-04-17,6.2206213739704985,6.229562844433647,6.089472504611641,6.107356071472168,34556867
2013-04-18,6.119278271446361,6.134181763992328,5.979187945250943,6.023897171020508,41135782
2013-04-19,5.839096841981599,5.94043933680268,5.684103027252089,5.830155372619629,62578418
2013-04-22,5.868903709629077,5.901691395226605,5.755639663119899,5.889768600463867,50321866
2013-04-23,5.886787157834541,5.961303363816302,5.827173817488656,5.856980800628662,44066864
2013-04-24,5.818231278817163,6.065626090340926,5.8092898104912125,5.913612365722656,56769542
2013-04-25,5.937458822448789,5.961303784710226,5.836116324485802,5.839097023010254,49556450
2013-04-26,5.859962747761049,6.065627845585806,5.830156384203127,5.952362537384033,59877885
2013-04-29,5.973227911772513,6.1431252796467595,5.937460769617739,6.11033821105957,35052977
2013-04-30,6.125238949998053,6.169948796457495,6.032838558919599,6.140142440795898,33164762
2013-05-01,6.104374593947296,6.134180949145672,6.00601280807834,6.06562614440918,33309654
2013-05-02,6.089471361851771,6.146103376539054,6.050722910668958,6.095432758331299,20686469
2013-05-03,6.149086952209473,6.244467453003268,6.134183455553719,6.149086952209473,24053327
2013-05-06,6.158027628666028,6.199756787976487,6.125240566193724,6.152066230773926,16730135
2013-05-07,6.178893673670287,6.217641515327021,6.098415413051727,6.11033821105957,29575723
2013-05-08,6.101394905843079,6.2802343368530265,6.092452809105731,6.280234336853027,28283149
2013-05-09,6.271292824860154,6.462055069306849,6.259370654032969,6.313022613525391,34106778
2013-05-10,6.3428289781060165,6.450132271133055,6.316002685398524,6.42032527923584,28039387
2013-05-13,6.393499124153947,6.417344715850492,6.318982901970771,6.363692760467529,18465972
2013-05-14,6.357732779303189,6.470996850213412,6.280235222583917,6.414364814758301,40726871
2013-05-15,6.387539451492105,6.390519525032796,6.190815789875521,6.250429153442383,46323254
2013-05-16,6.232543573004673,6.420324468575467,6.232543573004673,6.366672515869141,38291018
2013-05-17,6.375614699075934,6.405421687615226,6.277253514698994,6.339847564697266,32171660
2013-05-20,6.330906182733324,6.36667332114919,6.268312751604092,6.313022613525391,24807952
2013-05-21,6.327923645704272,6.369652796315669,6.271291003469471,6.2921552658081055,24068521
2013-05-22,6.310041486364549,6.423306807283594,6.292157290661226,6.327925682067871,77420558
2013-05-23,6.918092034139946,7.436725994627684,6.825692270433008,7.409899711608887,193096463
2013-05-24,7.326443334400525,7.386056691430521,7.201256473912711,7.216159343719482,64543483
2013-05-28,7.27278957908603,7.362208638248835,7.216156319008244,7.347305774688721,43258070
2013-05-29,7.284714952043924,7.552973499508642,7.275772854410426,7.523167133331299,49562616
2013-05-30,7.505282007077419,7.591721021610337,7.466534174007339,7.529127597808838,52200392
2013-05-31,7.496343149588862,7.552975195448503,7.272794414161837,7.278755187988281,49226811
2013-06-03,7.290673707959186,7.4695124661373935,7.2638480507159775,7.421822547912598,45541103
2013-06-04,7.4039411167540425,7.511245037560814,7.278753626435692,7.338366985321045,37373005
2013-06-05,7.3175036271573255,7.350290699758426,7.189335410685337,7.210200309753418,34941116
2013-06-06,7.213179637198793,7.323463633486295,7.06712724931437,7.22808313369751,33355235
2013-06-07,7.251923600434902,7.394995212554932,7.231059342421939,7.394995212554932,28283149
2013-06-10,7.3934997198006345,7.441470642944316,7.297558503127307,7.342531204223633,31185605
2013-06-11,7.276568019149115,7.381504489329681,7.222600673638716,7.267573356628418,27544598
2013-06-12,7.402492841560646,7.642346777624293,7.402492841560646,7.468452453613281,48864582
2013-06-13,7.429476464429221,7.579385022305347,7.375509736177615,7.474449157714844,30180832
2013-06-14,7.474446831309506,7.522417731190928,7.360516337599711,7.417481899261475,21467518
2013-06-17,7.459458020167075,7.594376099482885,7.450463985237161,7.543406963348389,29154700
2013-06-18,7.54640486408968,7.660335378454895,7.534411349927754,7.627355575561523,25308026
2013-06-19,7.618363316307059,7.756279643291226,7.585383503006119,7.624359130859375,38156696
2013-06-20,7.6813226084927875,7.6813226084927875,7.366514413242192,7.411487102508545,39218501
2013-06-21,7.477446752254628,7.51042718628221,7.2285981640933965,7.240591049194336,52043830
2013-06-24,7.177631284646717,7.195620616365869,6.952767786227398,7.02472448348999,35221430
2013-06-25,7.1116712305816785,7.279569146209387,7.108673008544467,7.15064811706543,31786310
2013-06-26,7.25258289661371,7.34852407485257,7.171632192992348,7.198615550994873,31891346
2013-06-27,7.228598296588304,7.426478385925293,7.222601853927924,7.426478385925293,34177022
2013-06-28,7.360519950574395,7.471452907756873,7.339532396118343,7.435474872589111,34971063
2013-07-01,7.4804462303820465,7.5254182940537415,7.4354735370964224,7.474449157714844,21979043
2013-07-02,7.462459967274234,7.558401206703575,7.432477739689265,7.501436233520508,22666287
2013-07-03,7.459456864660912,7.576386226390042,7.423478841672652,7.549402236938477,16483952
2013-07-05,7.582383587929974,7.7202998841202195,7.555400224820234,7.66933012008667,28195729
2013-07-08,7.7083070925458905,7.756278639669512,7.5284169389021285,7.546406269073486,24542391
2013-07-09,7.66033736069105,7.681324284467048,7.579385998657886,7.636351585388184,21642797
2013-07-10,7.819239415685797,8.008124864252853,7.705309509588152,7.774266719818115,73061699
2013-07-11,7.864209865499669,7.9571534523887015,7.7922538245079345,7.909182548522949,44346959
2013-07-12,7.912182273790111,7.945162709328202,7.8252357416677665,7.852219104766846,24957028
2013-07-15,7.894192073924379,7.927171873577776,7.828231845003802,7.909182548522949,18211861
2013-07-16,7.91817812811954,7.951158561206456,7.852218521173424,7.930171012878418,23950053
2013-07-17,7.879201328579028,7.942163339524809,7.807245284309975,7.888195991516113,36547695
2013-07-18,7.867207434695123,7.924172362197141,7.774263233329287,7.894190788269043,23532994
2013-07-19,7.804250003808148,7.82823515106366,7.513426866563054,7.537412643432617,54798532
2013-07-22,7.570392005802313,7.702311881880044,7.540410416116378,7.64834451675415,31337763
2013-07-23,7.681325109043475,7.807248554059148,7.681325109043475,7.7143049240112305,24665483
2013-07-24,7.744285717862574,7.837229338322655,7.729295237849473,7.828234672546387,24802888
2013-07-25,7.807246588202256,7.879202644488727,7.732292310436022,7.867210388183594,24112561
2013-07-26,7.798253276122222,7.810246164121058,7.7262972073572564,7.792256832122803,16420754
2013-07-29,7.783261833982851,7.85222030741942,7.678325957313119,7.696315288543701,19948579
2013-07-30,7.726296078517688,7.810245023016248,7.69631449251504,7.729294300079346,28872624
2013-07-31,7.735291348475331,7.849221887891399,7.666333506389235,7.699312686920166,39715052
2013-08-01,7.732291863430877,7.903187959442152,7.705308501286844,7.864211082458496,20967664
2013-08-02,7.876207248589797,8.328931262891036,7.867212581642703,8.095073699951172,66453057
2013-08-05,8.02011757816631,8.140044554690327,8.02011757816631,8.104065895080566,19005242
2013-08-06,8.12205584111184,8.131050506696711,7.9181799025913975,7.9271745681762695,23980881
2013-08-07,7.903188229745285,8.008124090217862,7.864211351428549,8.002127647399902,17682721
2013-08-08,8.06209061181423,8.074082866595457,7.933168993408807,8.0560941696167,21931920
2013-08-09,8.014120624359254,8.12505355852781,7.945162790394733,8.026113510131836,24552520
2013-08-12,7.996134388050553,8.047102909054042,7.948162830185427,8.017121315002441,19259353
2013-08-13,8.1010705235644,8.26896783302753,8.086079411284603,8.185019493103027,39624329
2013-08-14,8.176023265447746,8.191014374866688,8.080082054008534,8.149039268493652,22900580
2013-08-15,8.02311264199511,8.04709777601406,7.7442819174477515,7.7802605628967285,33150670
2013-08-16,7.7802639596663745,7.966150560906764,7.771269294377167,7.921177864074707,33225097
2013-08-19,7.885200444616692,7.95415765617205,7.735291245638429,7.759276390075684,26006721
2013-08-20,7.75627525885184,7.80124730544982,7.666329906428501,7.747280597686768,23531673
2013-08-21,7.774265435042817,7.8072458682790105,7.564393728495658,7.609366416931152,56657680
2013-08-22,6.955765063958772,6.967757950143547,6.53901856517719,6.661944389343262,149010441
2013-08-23,6.661944184614892,6.730902018830334,6.616971492417978,6.715910911560059,48591534
2013-08-26,6.703919997844643,6.787868964025737,6.6709401817622345,6.676936626434326,38450443
2013-08-27,6.613972071955961,6.709914520612168,6.5719982344405246,6.592985153198242,36809293
2013-08-28,6.604979718075372,6.790866961051895,6.601981496116781,6.778873443603516,40453823
2013-08-29,6.754888557066263,6.802858846547404,6.706917008357151,6.751889705657959,24632893
2013-08-30,6.724908140492431,6.736901030882188,6.6559502799796375,6.6979241371154785,26700351
2013-09-03,6.7428972369062254,6.805859285484073,6.685932263484666,6.706919193267822,30236323
2013-09-04,6.703919997844643,6.781873148967743,6.676936626434326,6.676936626434326,30428777
2013-09-05,6.676933073493948,6.676933073493948,6.5989805934651455,6.631960391998291,33551213
2013-09-06,6.682932313002854,6.772877713652746,6.610976244328552,6.7219085693359375,31336662
2013-09-09,6.738505058041173,6.774717287316498,6.711345410800359,6.747557640075684,23217227
2013-09-10,6.660046813854467,6.765665789923391,6.611762984274265,6.720400333404541,38195011
2013-09-11,6.732470657087003,6.7505770931795785,6.693241312978267,6.720400333404541,24877756
2013-09-12,6.702291362258383,6.729451006124468,6.581583735101719,6.626849174499512,43796018
2013-09-13,6.6268504968745034,6.678152056636456,6.548391188964238,6.660045623779297,28345465
2013-09-16,6.726434132191741,6.741522191454759,6.545372351336074,6.560461044311523,32671735
2013-09-17,6.587621780504106,6.638922077674955,6.469931223267951,6.5393385887146,33867861
2013-09-18,6.494072561985313,6.620815057874821,6.494072561985313,6.578567981719971,28881872
2013-09-19,6.611762433066488,6.629868867649571,6.418630933122154,6.43070125579834,37492133
2013-09-20,6.4638945917884225,6.515195513518667,6.403541088104248,6.403541088104248,61989383
2013-09-23,6.40052445294287,6.451825383516943,6.325081609763336,6.3975067138671875,30881509
2013-09-24,6.409578323364258,6.478985061753073,6.3431886906460635,6.409578323364258,28734559
2013-09-25,6.418630971867655,6.4638957911735275,6.343188127695275,6.457860946655273,38049899
2013-09-26,6.418630137255069,6.515195875253731,6.409576921086066,6.427683353424072,22998789
2013-09-27,6.403543134855884,6.472949876390749,6.361295415288439,6.388454437255859,22117108
2013-09-30,6.319046517630374,6.361294229321373,6.282834283854163,6.334134578704834,30058401
2013-10-01,6.322064549437451,6.4337189948955205,6.322064549437451,6.43070125579834,22587015
2013-10-02,6.427684189213846,6.524249939768923,6.397506798059878,6.457860946655273,35733616
2013-10-03,6.454839930745281,6.463893144384425,6.276796564403504,6.313008785247803,28055021
2013-10-04,6.319046006242808,6.430700437492871,6.300940207676221,6.415611743927002,22270367
2013-10-07,6.337151810194144,6.394487572634702,6.285850890869125,6.316027641296387,30798493
2013-10-08,6.303956760956062,6.319045453201372,6.110824668778095,6.261709690093994,39090785
2013-10-09,6.267746814005208,6.8682674782017035,6.141004287874775,6.8199849128723145,123246821
2013-10-10,6.946724030564726,7.094590647484885,6.657025004882301,6.735485553741455,74863816
2013-10-11,6.756609966510462,6.940689460953085,6.714362265631199,6.880335330963135,39966080
2013-10-14,6.826018932871745,6.937673371112298,6.759629310737838,6.9105143547058105,24246222
2013-10-15,6.898440005064516,6.9286173820105255,6.822997830123974,6.877316474914551,29622405
2013-10-16,6.919568517493466,7.046311033861001,6.883355645716933,7.0251874923706055,38308855
2013-10-17,6.979923493674547,7.070454424592327,6.931640288270883,7.058383464813232,21594574
2013-10-18,7.100627398927744,7.1308035148374325,7.010096516349179,7.0855393409729,31621601
2013-10-21,7.097609059173781,7.176068348057896,7.0764855263419655,7.106662273406982,20726765
2013-10-22,7.115718079424757,7.360150516765488,7.08855842683269,7.257549285888672,36016793
2013-10-23,7.194175682519104,7.2334062824701295,7.130803808618309,7.170034408569336,20141694
2013-10-24,7.176070260852562,7.254530838075132,7.167017677918699,7.2062482833862305,19925898
2013-10-25,7.266601850454917,7.27263796250527,7.1821070548633354,7.242461204528809,18409821
2013-10-28,7.239442452063927,7.26961920845814,7.157964766200791,7.200212478637695,27241823
2013-10-29,7.230389385897463,7.272637732928418,7.1338236366785885,7.194177150726318,24853974
2013-10-30,7.200211682376999,7.332990283025271,7.200211682376999,7.302813529968262,25577771
2013-10-31,7.281690381443629,7.414469000731552,7.2696194250413075,7.3541154861450195,30393766
2013-11-01,7.393343667532239,7.891262893810452,7.393343667532239,7.821855545043945,75260837
2013-11-04,7.827889347523602,7.827889347523602,7.69209305111623,7.776588439941406,33276404
2013-11-05,7.758484893434619,7.758484893434619,7.589494686769902,7.686060428619385,28835851
2013-11-06,7.716236450801017,7.767536734629532,7.673988114474807,7.728306770324707,27838565
2013-11-07,7.743396772859055,7.930493411132373,7.734343556399263,7.752449989318848,32663367
2013-11-08,7.719254031393725,7.830909088287579,7.69511275714534,7.8278913497924805,33289616
2013-11-11,7.815822003392654,8.024042183224728,7.773573659197029,7.95161771774292,26937947
2013-11-12,7.903330820838044,8.024038417902545,7.894277608472964,7.912384033203125,21875108
2013-11-13,7.888244955006155,7.9998993796417865,7.861085941908952,7.9938645362854,20455039
2013-11-14,7.770554667947213,7.827890425156742,7.495944299604799,7.5653510093688965,58115404
2013-11-15,7.5894929862948475,7.637775529545332,7.508014689492846,7.607598781585693,42531190
2013-11-18,7.640796852340702,7.658902654624104,7.532159503789947,7.5442304611206055,25527786
2013-11-19,7.613637996572531,7.658903457595617,7.511036749642814,7.541213512420654,28677307
2013-11-20,7.535175786285504,7.622688942587973,7.47482227872602,7.526122570037842,38992796
2013-11-21,7.604580943766815,7.616651261559238,7.53517360632705,7.553279399871826,24807292
2013-11-22,7.544229303941892,7.646830524377147,7.501981593477377,7.622689247131348,23658949
2013-11-25,7.64381233584529,7.692095521209024,7.592511411789294,7.6407952308654785,30730231
2013-11-26,7.607596644050994,7.680021706001862,7.571384429931641,7.571384429931641,56419864
2013-11-27,8.093451069188012,8.352972225037096,7.571389750624662,8.2564058303833,114927665
2013-11-29,8.159839753257275,8.310724184558689,8.15078653528817,8.253388404846191,26397576
2013-12-02,8.220192309130665,8.298652888623744,8.193033292118164,8.24433422088623,31727517
2013-12-03,8.217172444194883,8.380127771534724,8.202083753251436,8.298650741577148,39451693
2013-12-04,8.464625392102082,8.660775257219061,8.446519591936482,8.48876667022705,75005625
2013-12-05,8.494799790522766,8.503853004949175,8.156818188302204,8.2232084274292,48529658
2013-12-06,8.331845959927655,8.482730992957134,8.325811116273432,8.359004974365234,37820231
2013-12-09,8.375688146722126,8.396923472926,8.251312355716193,8.266480445861816,34091584
2013-12-10,8.190641481824946,8.272547903013665,8.129970389042914,8.202775955200195,32508346
2013-12-11,8.145138694668796,8.245246199331898,8.145138694668796,8.18760871887207,34684363
2013-12-12,8.205810629777597,8.224011705136162,8.01469519770589,8.069299697875977,29556125
2013-12-13,8.09053503987351,8.15423912223758,7.97525880191005,8.120870590209961,25890455
2013-12-16,8.111770616171118,8.202777914124944,8.093568901761447,8.160307884216309,27367557
2013-12-17,8.354457050175759,8.451530957710649,8.290751681216397,8.327155113220215,42127123
2013-12-18,8.302885006145372,8.34838865278711,8.084468266721707,8.345355033874512,33372191
2013-12-19,8.357491433107379,8.563774397130375,8.345357590786563,8.506136894226074,35090411
2013-12-20,8.518268663879478,8.551637834479777,8.43029499053955,8.43029499053955,45100263
2013-12-23,8.490967546913962,8.524336083673356,8.418161323916237,8.50916862487793,20759795
2013-12-24,8.493998523670221,8.554670255669668,8.454562757884213,8.542535781860352,10973447
2013-12-26,8.55467213229337,8.706350539994714,8.55163851317556,8.588041305541992,17158645
2013-12-27,8.62444322691628,8.62747684572772,8.542536793101812,8.551637649536133,15079957
2013-12-30,8.566804871024818,8.572871470982577,8.478830571500847,8.515233993530273,16080325
2013-12-31,8.469733032822527,8.58500866124692,8.442430457662056,8.487934112548828,21935003
2014-01-02,8.457596991949146,8.560738760510453,8.327153927367533,8.39085865020752,28688096
2014-01-03,8.406027399098583,8.645678851653667,8.402993142913507,8.597142219543457,27911011
2014-01-06,8.58500478661119,8.64567587437955,8.46366197402741,8.581971168518066,22550682
2014-01-07,8.624443207556997,8.660845996165357,8.454563739733716,8.548604011535645,31535723
2014-01-08,8.548605502292858,8.55467274096016,8.299852539217351,8.327155113220215,33498586
2014-01-09,8.363555669491356,8.457595932520698,8.296817336109612,8.375689506530762,39702500
2014-01-10,8.412092150272702,8.424226624155184,8.272548248812717,8.40299129486084,31545412
2014-01-13,8.40602855396033,8.733654369475126,8.402994297358392,8.530405044555664,43408907
2014-01-14,8.53040450534389,8.75185489654541,8.521303647255447,8.75185489654541,32705425
2014-01-15,8.76701947066068,8.818590982853841,8.657811757734208,8.748818397521973,36064136
2014-01-16,8.949036710559072,9.046111253261383,8.833761726301951,8.967238426208496,48586249
2014-01-17,9.02487383065719,9.115881113757425,9.000605519119135,9.04004192352295,35356193
2014-01-21,9.040042752063153,9.088580016634971,8.933867366365947,9.070378303527832,26614473
2014-01-22,8.988470175026226,9.140148540817497,8.936899938367336,9.052175521850586,22542975
2014-01-23,8.924769626645244,9.018809926019975,8.815561228800041,8.909602165222168,21811471
2014-01-24,8.809490395445865,8.858027016655324,8.612308381010136,8.642643928527832,37470553
2014-01-27,8.654782420612847,8.824663234411398,8.609278756336845,8.676017761230469,35066410
2014-01-28,8.666912610415174,8.821623961716028,8.642643663507497,8.797355651855469,27320214
2014-01-29,8.773088331521702,8.84285965060951,8.72151681352608,8.803423881530762,30642371
2014-01-30,8.84286041219873,8.92476748725764,8.821625716477712,8.873196601867676,20028731
2014-01-31,8.779154578721828,8.854993763714083,8.718482848499754,8.797355651855469,28481329
2014-02-03,8.81556165878428,8.885333641056823,8.481868572537016,8.506136894226074,32271191
2014-02-04,8.53647109214587,8.618376897544808,8.460631250914659,8.594108581542969,21098023
2014-02-05,8.545571979142352,8.627477784825023,8.463664899365122,8.497034072875977,22632156
2014-02-06,8.563770485706405,8.694214805240911,8.554670267384092,8.642643928527832,14739527
2014-02-07,8.706348510755543,8.845893046508474,8.703314892344798,8.818591117858887,16597135
2014-02-10,8.80039401482447,8.867132380707375,8.688151986004145,8.73972225189209,17205767
2014-02-11,8.76095262956441,8.946000796499327,8.736683683318729,8.906563758850098,18967147
2014-02-12,8.9065676838448,9.037011416258691,8.9065676838448,8.924769401550293,21415551
2014-02-13,8.891399092992708,9.076447317962003,8.851962042975327,9.049144744873047,20902705
2014-02-14,9.058246590919989,9.13711942546602,9.015776554083867,9.106783866882324,20949828
2014-02-18,9.10071613131324,9.115884229363116,8.970273036273813,8.973306655883789,24774262
2014-02-19,8.927798947760344,9.030940693603807,8.876228074838613,8.933865547180176,32786018
2014-02-20,8.894433372099662,9.185655743609171,8.82769438108928,9.158353805541992,58859680
2014-02-21,9.28879578451514,9.316097717448823,8.949035565574967,9.037009239196777,65633693
2014-02-24,8.997573077035138,9.152285733354052,8.933867715716234,9.076446533203125,31748436
2014-02-25,9.046107096265803,9.100710944027124,8.970267923338513,9.064308166503906,20270291
2014-02-26,9.073411922379023,9.16138559496909,9.043076370914342,9.070378303527832,19833414
2014-02-27,9.01577256223348,9.067343434925245,8.988469998254086,9.024872779846191,24490644
2014-02-28,9.052174332027509,9.209919913643796,8.99453622933832,9.064308166503906,28953658
2014-03-03,8.876230812115436,9.055211157848591,8.742754116869634,9.018808364868164,27428112
2014-03-04,9.079476421103433,9.173517303026854,9.058241732598125,9.137114524841309,29367413
2014-03-05,9.137117358264488,9.146217577847587,9.055210285638822,9.082512855529785,14328854
2014-03-06,9.097681870746147,9.161386599511896,9.055211202172597,9.12801742553711,15711710
2014-03-07,9.176554846874614,9.246327457050478,9.112850749682408,9.203857421875,20446451
2014-03-10,9.159655713963597,9.223666981029748,9.098692632953274,9.113933563232422,16356016
2014-03-11,9.144416453100696,9.22366866491438,9.07735762784264,9.116983413696289,15575186
2014-03-12,9.08650041680316,9.0956449748579,8.96457489639208,9.019441604614258,16304269
2014-03-13,9.034685770180669,9.098696423809779,8.763400938822064,8.812171936035156,29097448
2014-03-14,8.799976889060838,8.955431841662184,8.787784142941087,8.860939979553223,17873634
2014-03-17,8.9158053188257,9.049923594721493,8.909708946270486,8.985912322998047,15577168
2014-03-18,9.153561725032278,9.336450375573046,9.11393593609597,9.315113067626953,42182613
2014-03-19,9.327303303577079,9.674791389998143,9.318159385597259,9.638213157653809,51013294
2014-03-20,9.601637373571652,9.879018513780983,9.589445267267152,9.595541000366211,52667216
2014-03-21,9.702227214442177,9.818056396525431,9.647360490252655,9.738804817199707,52127065
2014-03-24,9.760140363440557,9.818055267877723,9.632118448452907,9.641263008117676,29350018
2014-03-25,9.6991772485559,9.924739837646484,9.677839944132174,9.924739837646484,37940460
2014-03-26,9.988750166175302,10.095434764722416,9.85463189134835,9.86072826385498,37957415
2014-03-27,9.802813711565838,9.842439491565456,9.647358137623067,9.732706069946289,27248429
2014-03-28,9.811960374716453,9.921692539660574,9.73575634442716,9.76623821258545,24492185
2014-03-31,9.84244144705204,9.933885769867317,9.830248699981626,9.863778114318848,19385307
2014-04-01,9.845488808078217,10.196025158891997,9.842441261474493,10.128966331481934,36240296
2014-04-02,10.162495089926885,10.260035778149,10.061906215191181,10.244794845581055,31245279
2014-04-03,10.247841307421098,10.253938319909373,10.010087265268115,10.058856964111328,34094227
2014-04-04,10.128966705707798,10.205170096063672,9.879019226880933,9.949126243591309,30085486
2014-04-07,10.028379872124525,10.089342340836826,9.909502482039635,9.967416763305664,26866602
2014-04-08,9.964363511732241,9.991796542937712,9.735752784665992,9.891207695007324,29947640
2014-04-09,9.949126839924666,10.022282047842586,9.839394028047787,9.973511695861816,27717235
2014-04-10,10.150299096251707,10.333187028019635,9.99484419422243,9.997892379760742,56410396
2014-04-11,9.927785283316684,10.040566874052258,9.842438003998973,9.891207695007324,41256672
2014-04-14,9.936934156091969,10.147255860294443,9.92474204809787,10.0283784866333,30499462
2014-04-15,10.055809604414225,10.058857150555403,9.717466051793629,9.872920989990234,28979201
2014-04-16,9.936933651306681,10.089340434395824,9.842441778646762,9.903404235839844,25435963
2014-04-17,9.842439491565456,9.90340193459273,9.586395054489499,9.732706069946289,46738111
2014-04-21,9.76623778724088,9.88816333424458,9.717467440418122,9.735755920410156,33668140
2014-04-22,9.720515311764165,9.775381390066793,9.641263100681652,9.683937072753906,29817502
2014-04-23,9.705271599391368,9.741849187819946,9.629068236822985,9.674790382385254,19356681
2014-04-24,9.735757956308072,9.778431938688477,9.677843037325188,9.754046440124512,25621811
2014-04-25,9.702224758322366,9.732705979552907,9.580299233293916,9.626021385192871,20048990
2014-04-28,9.647356304487275,9.854629723586426,9.601634160851534,9.811956405639648,23410783
2014-04-29,9.973511254214127,10.086292888208725,9.943030025615844,10.046667098999023,27000043
2014-04-30,9.991798593214408,10.141157162800923,9.949124624745929,10.077146530151367,24966716
2014-05-01,10.095436650657556,10.144206999715115,9.912548001718315,9.949126243591309,19723094
2014-05-02,9.979608267490855,9.994848561735905,9.872923007243303,9.903404235839844,14133537
2014-05-05,9.842442483978866,9.930837989232813,9.76319025977816,9.906453132629395,15473454
2014-05-06,9.900355266000842,9.936932865445243,9.784526094409177,9.793670654296875,15529385
2014-05-07,9.85768335610271,9.894260320719647,9.708324110033391,9.85158634185791,18630461
2014-05-08,9.842441112782339,10.000944258888964,9.781478019607116,9.824151992797852,14731820
2014-05-09,9.824152326446418,9.875970221282843,9.75404467089795,9.863778114318848,12337806
2014-05-12,9.87596827465384,10.025327476507325,9.869872542426567,10.003990173339844,13174786
2014-05-13,10.034473555315301,10.162496121670753,10.000944780474558,10.144207000732422,16176332
2014-05-14,10.098483477254009,10.162494751803246,10.028376469986775,10.049713134765625,14955984
2014-05-15,10.049716947908676,10.086295198733533,9.860732519179859,9.879021644592285,15890072
2014-05-16,9.866823054831665,9.912545204162598,9.811957627825795,9.912545204162598,17682280
2014-05-19,9.921690689859405,10.110675676780692,9.900354026233043,10.092387199401855,22331143
2014-05-20,10.101529407851036,10.132010623127996,9.964362978945468,9.997892379760742,19302512
2014-05-21,10.052759838117877,10.086289883705145,9.869871880900394,9.912545204162598,22590979
2014-05-22,9.891209337564833,10.168590441808185,9.51324064889967,9.686984062194824,71474278
2014-05-23,9.848536574927968,10.391105429552983,9.82719927025352,10.27832317352295,89753520
2014-05-27,10.211267692139495,10.256989862714036,9.997898416267036,10.08934211730957,46128817
2014-05-28,10.074096092467746,10.235647371257901,10.058855164239926,10.165539741516113,20924945
2014-05-29,10.186880163946958,10.311853893408744,10.159447124833134,10.253939628601074,21707316
2014-05-30,10.229553729043147,10.302708923840916,10.168591280080458,10.211264610290527,27366236
2014-06-02,10.171638935860194,10.253939331026022,10.074098888449278,10.18992805480957,22474052
2014-06-03,10.1868836865354,10.305761083944526,10.128969401701175,10.269184112548828,17787976
2014-06-04,10.226503682101487,10.32404371071784,10.199070649069737,10.290514945983887,12473229
2014-06-05,10.275273581734083,10.333187831251553,10.229551435211432,10.324043273925781,13707670
2014-06-06,10.314899444580078,10.360621591492242,10.2935621439715,10.314899444580078,13179410
2014-06-09,10.317965009479547,10.388404425634329,10.244461639830416,10.333277702331543,14936166
2014-06-10,10.299588087148974,10.363902806311886,10.253648726398097,10.293462753295898,10337289
2014-06-11,10.247524790333372,10.29958949203908,10.149521364757819,10.183209419250488,12584430
2014-06-12,10.333276115257066,10.50478223637097,10.195458041872898,10.22608470916748,27662625
2014-06-13,10.412905795130644,10.780420071913095,10.354715761302506,10.768169403076172,48854673
2014-06-16,10.737542486830343,10.737542486830343,10.605849737157644,10.6885404586792,22075711
2014-06-17,10.688543853677505,10.74060856532209,10.63341647410398,10.691606521606445,15293110
2014-06-18,10.700793357078744,10.713044671340645,10.538475180548067,10.630353927612305,13989746
2014-06-19,10.624228058553875,10.657916759279768,10.517036621126518,10.55991268157959,13137572
2014-06-20,10.575223214727028,10.581348548352022,10.477219163021488,10.480281829833984,24178400
2014-06-23,10.529284027896157,10.57828605455037,10.415967283421976,10.572160720825195,18077319
2014-06-24,10.578287338796649,10.587474697352613,10.391467210086851,10.397592544555664,21767871
2014-06-25,10.366966317113292,10.366966317113292,10.24446155952142,10.287338256835938,22287543
2014-06-26,10.339403232242255,10.397592623845213,10.2842758647498,10.385342597961426,14484316
2014-06-27,10.373091285783117,10.419030651502286,10.311839226922396,10.385342597961426,20073432
2014-06-30,10.379216717813414,10.41903010377682,10.302651326688904,10.314901351928711,15594124
2014-07-01,10.391469334047475,10.541537486617514,10.314903923832254,10.468034744262695,19014270
2014-07-02,10.477221955580125,10.486409958466549,10.370030518013868,10.376155853271484,19732562
2014-07-03,10.42515349738212,10.449654184936792,10.388401501329511,10.41290283203125,10702821
2014-07-07,10.385341100756335,10.412904458955254,10.311837740313935,10.373089790344238,15209434
2014-07-08,10.376155238447248,10.391467932536617,10.23833713275913,10.259775161743164,15809699
2014-07-09,10.275087624843874,10.348590994179409,10.262837599243989,10.305713653564453,12515067
2014-07-10,10.241397881510185,10.41596732071393,10.180145830333505,10.366965293884277,19004141
2014-07-11,10.39146923071879,10.468034640172675,10.37921920254639,10.403719902038574,14222498
2014-07-14,10.47416165169945,10.517039008179074,10.41597223991493,10.45884895324707,23952255
2014-07-15,10.520101033351564,10.556852410043755,10.412909571594957,10.45884895324707,16994816
2014-07-16,10.54153485739714,10.755918338417663,10.54153485739714,10.664039611816406,42322660
2014-07-17,10.624226640731369,10.624226640731369,10.513971907245532,10.544598579406738,30013700
2014-07-18,10.572161305950164,10.670165364682703,10.547660612840636,10.660977363586426,22836502
2014-07-21,10.6517887729581,10.670164774133621,10.532346694758743,10.572160720825195,16077242
2014-07-22,10.581351268272165,10.80798545491701,10.572163265472915,10.765108108520508,17981752
2014-07-23,10.771231647613797,10.826359655216688,10.713042259216309,10.713042259216309,14149832
2014-07-24,10.758981328019605,10.774294663961246,10.679353267417556,10.73141860961914,16701730
2014-07-25,10.64566322836161,10.893736023581386,10.618099227144322,10.850858688354492,18090311
2014-07-28,10.841673095367454,10.9059878261947,10.79573436943217,10.902926445007324,14945414
2014-07-29,10.93661142193587,11.089742180334083,10.902923375413046,11.007051467895508,26892586
2014-07-30,11.02542926518443,11.086681321271314,10.976427877573816,11.059117317199707,21412688
2014-07-31,10.942737835278777,10.982551218970851,10.856984447756174,10.905985832214355,23581658
2014-08-01,10.820232843106186,10.85085951345425,10.556847980143344,10.777356147766113,26141043
2014-08-04,10.804920961471986,10.856986308067821,10.719168202403099,10.820234298706055,14265437
2014-08-05,10.752856977124454,10.820233727958456,10.664040268999072,10.740606307983398,12421702
2014-08-06,10.61810056679823,10.80492004955004,10.550723174949496,10.73141860961914,13458844
2014-08-07,10.786544366235672,10.835546396632825,10.615038224566483,10.664039611816406,14176916
2014-08-08,10.648728782799587,10.786546253669597,10.6058520790929,10.771233558654785,12439098
2014-08-11,10.850859404469032,10.881486074509484,10.75591801363805,10.78041934967041,13159152
2014-08-12,10.80492084882549,10.820234185899912,10.676292033136829,10.755919456481934,10667589
2014-08-13,10.798796884261316,10.850860944424605,10.73448151119593,10.811047554016113,14945414
2014-08-14,10.811047506684465,10.909050291704583,10.706918100519175,10.899862289428711,21632888
2014-08-15,10.942739133074474,10.948864467645,10.691604274566446,10.740606307983398,25346121
2014-08-18,10.87536284977719,10.884550852571337,10.786546132581092,10.823297500610352,21101326
2014-08-19,10.875362700544045,10.954990770705995,10.807985300606187,10.866174697875977,19349414
2014-08-20,10.939676928785804,10.939676928785804,10.679354057404419,10.755919456481934,41314144
2014-08-21,10.838608189588497,11.454193935986728,10.801857473688637,11.331689834594727,87014232
2014-08-22,11.285750807634393,11.353128190175633,11.224498758623659,11.28268814086914,31705937
2014-08-25,11.328628843219542,11.441946247116688,11.264314116162044,11.377630233764648,24122690
2014-08-26,11.405193128283448,11.677766632763639,11.365379743524777,11.585887908935547,30656905
2014-08-27,11.576701663071294,11.699207075513312,11.497073595187096,11.686956405639648,21393531
2014-08-28,11.607323699112179,11.665513071463206,11.515444998071871,11.6348876953125,15351463
2014-08-29,11.647142715097562,11.693082731015052,11.582827979107794,11.637954711914062,13678604
2014-09-02,11.637952617181073,11.659391287417122,11.533824505766379,11.653265953063965,15908129
2014-09-03,11.677766451262821,11.714517168446212,11.650202448654479,11.659390449523926,15093609
2014-09-04,11.653268299349024,11.714520368918683,11.478698807724964,11.53382682800293,19013389
2014-09-05,11.512387695137113,11.533826368836172,11.383758225532153,11.50932502746582,24788575
2014-09-08,11.457035530062424,11.524702303745272,11.413976147695,11.466262817382812,16221473
2014-09-09,11.41704965280011,11.426275646501981,11.266338614826156,11.315550804138184,22669590
2014-09-10,11.358611389325144,11.401672059565351,11.30324896223915,11.389369010925293,17302655
2014-09-11,11.380144840079787,11.38937212908606,11.232510799568653,11.306327819824219,17688005
2014-09-12,11.306325011009811,11.334006871151667,11.22635648461653,11.244811058044434,16810288
2014-09-15,11.238655620921634,11.241731382088817,11.112550704860995,11.149459838867188,16018009
2014-09-16,11.146388682033752,11.17407054397318,11.075647437760715,11.15254020690918,16861154
2014-09-17,11.174069936366088,11.340158515382559,11.1556153627433,11.278644561767578,19223460
2014-09-18,11.26633919407902,11.41089871582142,11.254037437912658,11.383216857910156,17264120
2014-09-19,11.432428461960118,11.497018168638022,11.294020471314171,11.315550804138184,25866454
2014-09-22,11.438583959944227,11.438583959944227,11.19252680327427,11.217131614685059,14804266
2014-09-23,11.164842591746904,11.250962643079703,11.004905538099464,11.007981300354004,24059492
2014-09-24,11.001833217346727,11.07257447953552,10.860349401174426,11.057195663452148,25813165
2014-09-25,11.06642158887464,11.069497351712146,10.817288674420356,10.84804630279541,18350807
2014-09-26,10.835741013115097,10.9187853007788,10.774226414969284,10.878800392150879,21419735
2014-09-29,10.780377734111566,10.808058947506693,10.65119766177242,10.75577163696289,20152704
2014-09-30,10.823439490506157,10.964922642507004,10.78345586564843,10.909560203552246,23629001
2014-10-01,10.884952145236673,10.888027907503439,10.58045684800406,10.626592636108398,29791739
2014-10-02,10.645048818416912,10.700410609893655,10.435899536258235,10.614291191101074,20753630
2014-10-03,10.660426599856258,10.851120006920416,10.660426599856258,10.826515197753906,20386997
2014-10-06,11.4109006622445,11.543155866791674,11.235584782490257,11.34015941619873,122759078
2014-10-07,11.229433973735894,11.337084376825695,10.808060941304138,10.832666397094727,50105629
2014-10-08,10.731168273146926,11.081799391542301,10.672728784568534,11.047966003417969,37682165
2014-10-09,11.007982581402587,11.029511627895486,10.540473123277932,10.555851936340332,30794750
2014-10-10,10.518944352549738,10.614291710096419,10.297493300431187,10.303644180297852,31669604
2014-10-13,10.217522290789137,10.266733842234713,9.913026986908267,10.054510116577148,44099234
2014-10-14,10.05450880496822,10.14370396332494,9.888419598294274,9.916101455688477,28800398
2014-10-15,10.026826171283195,10.186763195812128,9.725406046495646,10.088340759277344,43866042
2014-10-16,9.765390042666242,10.509712726788518,9.753087642112542,10.457426071166992,51573482
2014-10-17,10.537398369225578,10.605063857234502,10.392840105052716,10.506641387939453,34008349
2014-10-20,10.156011894255393,10.445129133661503,10.143708840609099,10.402069091796875,31289319
2014-10-21,10.540473291247702,10.70963765404093,10.512792073191493,10.685032844543457,26534540
2014-10-22,10.681957317711781,10.734244641375929,10.59583724787576,10.60814094543457,29465843
2014-10-23,10.681957017686067,10.829591695785734,10.675806137925363,10.746546745300293,22123054
2014-10-24,10.765003705324515,10.894183835046869,10.685035791760109,10.743474006652832,27900221
2014-10-27,10.749623643360518,10.89110615634536,10.703487844722803,10.857274055480957,22223245
2014-10-28,10.894182152176803,11.001832566598262,10.881879100037821,10.93109130859375,27557590
2014-10-29,10.928012424164413,11.072570661917663,10.777302662098746,10.881875991821289,30730892
2014-10-30,10.937238099806128,11.001829103202422,10.829589011067437,10.863422393798828,31124830
2014-10-31,10.99567713027519,11.057191077300038,10.912632849663684,11.035660743713379,44145696
2014-11-03,11.081799415298157,11.118708566058368,11.001830880445475,11.029511451721191,27518394
2014-11-04,11.06949537287182,11.195600334871818,11.004905656625152,11.041814804077148,22484402
2014-11-05,11.124859646748273,11.174071851510279,11.029512291816424,11.127935409545898,16385743
2014-11-06,11.081798509118274,11.201751947485695,11.069495459870915,11.118707656860352,15398806
2014-11-07,11.15253954767756,11.20175174377203,11.078722545330162,11.189447402954102,19811834
2014-11-10,11.232507927258045,11.395520741094963,11.226356402826893,11.349384307861328,21091857
2014-11-11,11.349387210058874,11.395523655090244,11.238662325572834,11.306327819824219,15719638
2014-11-12,11.275568204807314,11.340159216480373,11.220205772310518,11.229433059692383,13889996
2014-11-13,11.257112867755211,11.309400826045044,11.140236485754794,11.183297157287598,16909158
2014-11-14,11.207903998771938,11.398598709457124,11.204828235961063,11.355539321899414,13951432
2014-11-17,11.294021563430736,11.533927134143015,11.294021563430736,11.506246566772461,18491295
2014-11-18,11.573910913917711,11.626197573228186,11.521622962813105,11.533926010131836,13179631
2014-11-19,11.537004741716748,11.540080504338167,11.40782529520609,11.435505867004395,12154379
2014-11-20,11.386294877621328,11.457036125627221,11.327856680015495,11.358613014221191,16187122
2014-11-21,11.463185472708949,11.51854789719536,11.352460623736128,11.46010971069336,28766928
2014-11-24,11.546229057450567,11.626197573228186,11.48163935082136,11.533926010131836,23952035
2014-11-25,11.53392961162183,11.764607945495358,11.53392961162183,11.573914527893066,42016582
2014-11-26,11.49701807006292,12.081403770573813,11.457033166589726,12.04449462890625,56868632
2014-11-28,11.918389413195273,12.173673734153164,11.887631799178436,12.013736724853516,16958703
2014-12-01,11.841496449207805,12.0475698981719,11.823043170922569,11.85995101928711,31062293
2014-12-02,11.795368573445618,12.096788236360267,11.715400012358371,11.979911804199219,21298625
2014-12-03,11.927619690322839,12.099861098896845,11.924545219610676,12.010663986206055,24390453
2014-12-04,12.010663322753489,12.07217856948705,11.89686269988509,12.016816139221191,16442774
2014-12-05,12.029115559697354,12.195204110020772,12.001434995839514,12.164447784423828,19748857
2014-12-08,11.96680209922442,12.013124630079295,11.769156360950143,11.877243995666504,26586948
2014-12-09,11.593129971489098,11.8494512959362,11.531366156344648,11.796952247619629,23233302
2014-12-10,11.596219818073596,11.793865610102095,11.512838202224321,11.537544250488281,30294235
2014-12-11,11.519015030197085,12.013128226777704,11.519015030197085,11.880335807800293,27163211
2014-12-12,11.800043516937613,11.914306409581162,11.695044096446402,11.73827838897705,29345834
2014-12-15,11.750626726973836,11.809303575128826,11.552982287470186,11.61474609375,27395522
2014-12-16,11.494309092444263,11.830922489336356,11.460338278654397,11.525190353393555,25127903
2014-12-17,11.747541601447718,11.969893438557339,11.707395570635043,11.935922622680664,25379371
2014-12-18,12.071804327122537,12.303419630129646,12.0316570001397,12.297243118286133,27499677
2014-12-19,12.284889326077058,12.433123006965035,12.254006768791452,12.32194709777832,40949713
2014-12-22,12.346651561339051,12.479445243607701,12.20459441011333,12.291064262390137,23830925
2014-12-23,12.334302858945737,12.538125188196986,12.331214602531572,12.464008331298828,21266476
2014-12-24,12.497980553246597,12.609155202538913,12.488715782965254,12.519597053527832,12175959
2014-12-26,12.516500258393833,12.646204359768664,12.507235494432628,12.568999290466309,10779671
2014-12-29,12.531945077782582,12.63076795762464,12.476356478285647,12.572091102600098,16292598
2014-12-30,12.528857515275922,12.621503889187403,12.52268100387906,12.575180053710938,12683960
2014-12-31,12.584449563573779,12.606067361610009,12.383716758648884,12.39298152923584,15880604
2015-01-02,12.371358383887216,12.50106252195828,12.223124712651321,12.426945686340332,21604483
2015-01-05,12.291065087031194,12.38062320064949,12.127390137494547,12.220036506652832,23850963
2015-01-06,12.3126816743992,12.420768013669502,12.019301317851037,12.127388954162598,26398677
2015-01-07,12.210775564760324,12.275627654372043,12.115040910075507,12.269451141357422,23140598
2015-01-08,12.389889621756241,12.627681438964823,12.37753659794672,12.562828063964844,21644999
2015-01-09,12.612245207103008,12.692538596959796,12.420775855505251,12.559744834899902,21369089
2015-01-12,12.562825305328394,12.599884368619255,12.28179926353779,12.328123092651367,19723975
2015-01-13,12.340482449946443,12.559744818918892,12.182983927621684,12.294159889221191,25409098
2015-01-14,12.195328531632711,12.207681551837002,11.97915456918116,12.186063766479492,22849273
2015-01-15,12.186071162884334,12.241659787543474,11.787692504703672,11.793869018554688,30338936
2015-01-16,11.69813272898338,11.90504202317894,11.60548633110535,11.840189933776855,28576235
2015-01-20,11.871070366769857,12.013127546050628,11.769159217702539,11.926657676696777,22572702
2015-01-21,11.864895750322082,12.034747260221165,11.827836673089514,11.911219596862793,18478083
2015-01-22,12.019301989083369,12.380622684019004,11.914302602146641,12.371357917785645,25723324
2015-01-23,12.34047770172692,12.430035828575917,12.278713878843964,12.37753677368164,15726684
2015-01-26,12.272532662290626,12.272532662290626,11.948271095155777,11.994593620300293,24806851
2015-01-27,11.56842551377664,11.688866202021856,11.33989845845978,11.537544250488281,37881006
2015-01-28,11.682690722100823,11.769160601622552,11.460340159205677,11.475781440734863,23465173
2015-01-29,11.51901288200047,11.701217364881353,11.349161421286615,11.654894828796387,22355144
2015-01-30,11.556074687742019,11.574602928343088,11.13607831971449,11.157694816589355,38528394
2015-02-02,11.19784132520942,11.290487709572885,10.944608220493713,11.262693405151367,34042039
2015-02-03,11.333723468211387,11.673425153370015,11.333723468211387,11.664161682128906,32171881
2015-02-04,11.614747534916987,11.824746318182887,11.614747534916987,11.704305648803711,23076299
2015-02-05,11.725927260837723,11.790779351475237,11.673426899383031,11.719749450683594,13901446
2015-02-06,11.716662491169249,11.935924815531054,11.682691669051506,11.719749450683594,18456283
2015-02-09,11.68268946722349,11.685777723197608,11.522102750652543,11.624013900756836,17545976
2015-02-10,11.70121955871582,11.83092372170477,11.630190964979812,11.70121955871582,17134863
2015-02-11,11.701217186765952,11.871068644894336,11.698128931271205,11.790775299072266,17514047
2015-02-12,11.87106694307899,11.99768280612948,11.806214884027735,11.849449157714844,20244307
2015-02-13,11.824746523857563,11.91430334226061,11.778422689813146,11.908126831054688,14600361
2015-02-17,11.905043167030485,12.000777830604148,11.827838044221128,11.898866653442383,16668920
2015-02-18,11.914304672103448,11.914304672103448,11.707395414734632,11.781512260437012,18160334
2015-02-19,11.781510483458364,11.858715573463737,11.688864116043645,11.8525390625,12622304
2015-02-20,11.840188640159896,11.886512482558626,11.682690170087508,11.855629920959473,16555297
2015-02-23,11.883427172352446,11.889602389161492,11.710487378607947,11.793869018554688,21905276
2015-02-24,11.809307647613108,11.954453096389056,11.738277754298982,11.886512756347656,35894362
2015-02-25,10.919903116331422,11.021814277647357,10.62961156247382,10.706816673278809,138698915
2015-02-26,10.65431745406685,10.700640649563068,10.404173236020638,10.502995491027832,71632381
2015-02-27,10.493730306999826,10.805638989539414,10.475200770126193,10.759316444396973,65045318
2015-03-02,10.75931502650089,10.848872497358824,10.654315628429094,10.78402042388916,34614559
2015-03-03,10.784020539182308,10.821079608442016,10.638874463477341,10.675932884216309,30137453
2015-03-04,10.63578932845228,10.651230610899725,10.502996244966923,10.558584213256836,34467686
2015-03-05,10.586374489595357,10.601815118586881,10.45049319304998,10.49990463256836,40130789
2015-03-06,10.438140277129719,10.484463461616471,10.225054536419627,10.246671676635742,38343426
2015-03-09,10.249775597327918,10.268394917775641,10.122545529258035,10.224949836730957,31130995
2015-03-10,10.305629583743144,10.305629583743144,10.082201068735571,10.138057708740234,36627407
2015-03-11,10.234259170189437,10.234259170189437,10.05737888989953,10.119441986083984,30305245
2015-03-12,9.815330161735398,10.17840165492588,9.77809217683488,10.153575897216797,57814171
2015-03-13,10.11323776233621,10.11323776233621,9.930149710444777,10.063586235046387,32689791
2015-03-16,10.054274788390174,10.150473953769318,9.989109125383223,10.04806900024414,27522578
2015-03-17,10.017039231538703,10.075999116868843,9.992213467893793,10.063586235046387,22919297
2015-03-18,10.041863393985539,10.290117096980794,9.979800294068324,10.249775886535645,30584459
2015-03-19,10.22184843188785,10.252879984503238,10.125649901950561,10.190816879272461,25941542
2015-03-20,10.197022089249367,10.423553909299638,10.197022089249367,10.32735538482666,55359601
2015-03-23,10.333561184090765,10.470100911698406,10.314942515399784,10.380108833312988,28018028
2015-03-24,10.370799924964125,10.395625035572849,10.274602051149994,10.336665153503418,24455412
2015-03-25,10.370799281729084,10.395624390798066,9.992212295532227,9.992212295532227,24911226
2015-03-26,9.902222986022238,10.116341973913912,9.79671477672449,9.933255195617676,30187218
2015-03-27,9.995316695903645,10.032554689735893,9.629142546833819,9.771888732910156,43260712
2015-03-30,9.89291205477824,9.923943606687665,9.768784543814052,9.796712875366211,24483157
2015-03-31,9.709826312006406,9.75947654284176,9.632247093204896,9.669485092163086,30216064
2015-04-01,9.88360132292548,9.886704542946546,9.68810106825097,9.709823608398438,34191775
2015-04-02,9.712925973714428,9.852568255721684,9.68810021573048,9.74395751953125,18777995
2015-04-06,9.641553869521202,9.892910775989169,9.619831329828259,9.877394676208496,20327543
2015-04-07,9.846361883471188,9.871186988318561,9.750164031982422,9.750164031982422,18595450
2015-04-08,9.774991107120227,9.920839859087941,9.657071338718183,9.781197547912598,25685669
2015-04-09,9.790506362915039,9.858775902404133,9.734649052274657,9.790506362915039,16612549
2015-04-10,9.824642874990847,9.9953174056447,9.7191346752549,9.964285850524902,34174600
2015-04-13,9.964285490696383,10.193919902619006,9.899118510468465,10.147372245788574,43386006
2015-04-14,10.14426837659213,10.147370945097405,9.939458452125479,10.091513633728027,24938311
2015-04-15,10.15668251017443,10.324253824042179,10.125650954333858,10.252881050109863,24667465
2015-04-16,10.224949935057476,10.293220125692448,10.178402936816925,10.181506156921387,16646680
2015-04-17,10.103928458998974,10.17530122868064,10.03255503765402,10.094618797302246,23481467
2015-04-20,10.125651351391724,10.3801115529219,10.122548130519647,10.367698669433594,23556996
2015-04-21,10.392521447348322,10.432862003756004,10.215639863504093,10.305632591247559,20619528
2015-04-22,10.333560452032414,10.442171191414525,10.249774819700658,10.398727416992188,19969498
2015-04-23,10.302529383362938,10.457687775869385,10.280806843480663,10.358386039733887,18965386
2015-04-24,10.47320599243919,10.47320599243919,10.28701600254965,10.321150779724121,16781662
2015-04-27,10.36149323847144,10.36149323847144,10.240468923592577,10.262190818786621,18521683
2015-04-28,10.299424355383522,10.314940452575684,10.156678216204787,10.314940452575684,19676852
2015-04-29,10.283913344414827,10.414246010377967,10.206333476663596,10.33976936340332,19029464
2015-04-30,10.336663565629438,10.38321121107567,10.190814841339288,10.231155395507812,23163939
2015-05-01,10.30253186206337,10.529063065358132,10.30253186206337,10.48872184753418,25519198
2015-05-04,10.488718742304663,10.516647720604283,10.420449209787403,10.442171096801758,11214566
2015-05-05,10.377004202963041,10.448376951294357,10.218742608113997,10.290115356445312,19213551
2015-05-06,10.299426039219378,10.358385914862744,10.007727925958855,10.085307121276855,18630241
2015-05-07,10.069792216517646,10.240466727136239,10.01393490252838,10.184609413146973,17075849
2015-05-08,10.296325892702534,10.395627005618932,10.228056336843549,10.367698669433594,16641175
2015-05-11,10.36459397567229,10.494927278788081,10.342872084317953,10.45768928527832,21954821
2015-05-12,10.339770775780073,10.35528688178243,10.20943809201394,10.215643882751465,19882078
2015-05-13,10.243567921943397,10.38941729287355,10.23115504314174,10.3335599899292,13776373
2015-05-14,10.398729400414224,10.466998946571575,10.36459397567229,10.45768928527832,13458404
2015-05-15,10.426657676696777,10.466998890421213,10.33045914717572,10.426657676696777,21415771
2015-05-18,10.392524170862005,10.401833181577024,10.243571527798396,10.318047523498535,19302292
2015-05-19,10.314943284539108,10.392522488473155,10.305633623667848,10.364593505859375,16899689
2015-05-20,10.367699028767328,10.380111912685852,10.17219936536744,10.262190818786621,26427303
2015-05-21,10.27149789276412,10.532165131034311,10.246672782847687,10.498029708862305,29584090
2015-05-22,10.634569069774136,11.047292153553089,10.63146650115853,10.786624908447266,62989091
2015-05-26,10.69663180459542,10.743179452679987,10.321148051598867,10.358386039733887,37517015
2015-05-27,10.435967378338448,10.494927263114493,10.308736644180497,10.482514381408691,30496379
2015-05-28,10.460790415668171,10.52285416022642,10.386313791865645,10.442171096801758,15106160
2015-05-29,10.43286304892216,10.457688811245522,10.321149073456722,10.364593505859375,27299075
2015-06-01,10.367694577282057,10.547678710168968,10.336663032472858,10.476305961608887,20373344
2015-06-02,10.445276447802897,10.637672845025623,10.342871482858671,10.513545989990234,21692563
2015-06-03,10.553888142431266,10.631467352286425,10.504237265658245,10.538372039794922,23260827
2015-06-04,10.408036611076033,10.49802802739873,10.296322005187333,10.3335599899292,28373871
2015-06-05,10.342874648643964,10.377009430185732,10.184612322410167,10.215643882751465,26715765
2015-06-08,10.223753866922236,10.273671618725663,10.10831886113744,10.198795318603516,20899622
2015-06-09,10.189434642074888,10.248711434345763,10.0740003025042,10.164475440979004,18063667
2015-06-10,10.189432223552394,10.342304673315796,10.189432223552394,10.267428398132324,14656952
2015-06-11,10.276790259726548,10.32670735024658,10.130156922721971,10.145755767822266,19590533
2015-06-12,10.13327739766645,10.19567474710534,10.045921501551572,10.111438751220703,11506331
2015-06-15,10.067760381223412,10.067760381223412,9.874329838297207,9.893049240112305,26872988
2015-06-16,9.896169169090623,9.908649426329054,9.821292866988077,9.874330520629883,28651543
2015-06-17,9.88993039005995,10.080241708059498,9.88993039005995,10.049042701721191,24212531
2015-06-18,10.061521538290176,10.158237140244072,9.989764484340842,10.00848388671875,33620136
2015-06-19,9.971046984102365,10.014724939947175,9.92112922668457,9.92112922668457,32953370
2015-06-22,9.971045872496887,9.983524819085595,9.886809870984665,9.88992977142334,25077477
2015-06-23,9.94920738714246,9.952326632466107,9.840012180336812,9.868090629577637,26198295
2015-06-24,9.84313149698428,9.911767993353363,9.833771796070506,9.840011596679688,22555967
2015-06-25,9.893048155869174,9.893048155869174,9.6933778342211,9.737055778503418,21054863
2015-06-26,9.540506615053081,9.640342123482645,9.443791662375839,9.524907112121582,44778991
2015-06-29,9.462512269727203,9.487471479321075,9.328358483658585,9.350197792053223,36351056
2015-06-30,9.381393459798483,9.425071408901772,9.209802218856238,9.362674713134766,42613985
2015-07-01,9.462507345637103,9.531143825970972,9.343953127257782,9.521784782409668,40408682
2015-07-02,9.577945486194077,9.674661101300355,9.559226736436582,9.57482624053955,34572941
2015-07-06,9.478109441207176,9.556105641644788,9.2721992886054,9.537386894226074,25501802
2015-07-07,9.521785169940575,9.70273607686695,9.425069589489107,9.609140396118164,39923361
2015-07-08,9.512427148924857,9.571703943401195,9.45939015495465,9.499947547912598,34055251
2015-07-09,9.587304436181046,9.621623342514008,9.465630279225874,9.481229782104492,28691399
2015-07-10,9.609143359567542,9.634102564886389,9.46563054964832,9.562345504760742,20429936
2015-07-13,9.652819975556008,9.665298920472477,9.521786140188825,9.590422630310059,14817258
2015-07-14,9.568584971376954,9.587303718263579,9.50306771935884,9.518667221069336,19164667
2015-07-15,9.531146599632507,9.574825206403284,9.484348747544102,9.515547752380371,26173853
2015-07-16,9.556103979184162,9.59354212267452,9.465628192763347,9.468748092651367,23588044
2015-07-17,9.46562966794048,9.49994791689117,9.343955518842959,9.471869468688965,27158367
2015-07-20,9.484348046647272,9.528026650190183,9.390752349387219,9.499947547912598,26343847
2015-07-21,9.406351085313005,9.574823719773043,9.387632340483599,9.56546401977539,37532650
2015-07-22,9.49058463021957,9.606018926988652,9.468745337358412,9.59977912902832,26893026
2015-07-23,9.677775578746434,9.815049836885857,9.609139104842468,9.743292808532715,33530074
2015-07-24,9.727697070646023,9.799453466725401,9.528026728635695,9.612262725830078,51338309
2015-07-27,9.512424614675117,9.512424614675117,9.384510703875446,9.43754768371582,21959445
2015-07-28,9.518666729805043,9.524905875001267,9.362674341414829,9.443790435791016,17687785
2015-07-29,9.428190297263143,9.499946686243254,9.387632252817964,9.45314884185791,18873782
2015-07-30,9.428190205578838,9.568583737369613,9.384512261588323,9.552984237670898,15541716
2015-07-31,9.581061564016425,9.615380459349167,9.509305184106854,9.521784782409668,26260171
2015-08-03,9.543624243398646,9.56546354230303,9.306515786289095,9.365793228149414,25409979
2015-08-04,9.375154263511075,9.421952115935898,9.209802812520167,9.28467845916748,27861686
2015-08-05,9.365793608193279,9.478108041618569,9.350194108342867,9.45314884185791,22831437
2015-08-06,9.484348977177465,9.602903888093719,9.39387382645971,9.403233528137207,23400214
2015-08-07,9.365791115782114,9.425067889107243,9.172359989776197,9.175479888916016,22853237
2015-08-10,9.194200825642582,9.450028667016337,9.191080925979549,9.434429168701172,21779542
2015-08-11,9.340832288100064,9.350191985885695,9.141161356002888,9.147401809692383,20635162
2015-08-12,9.075652344716248,9.088131296096071,8.854141949188595,9.078771591186523,28699327
2015-08-13,9.047571357350813,9.175485332474018,8.872859522532181,8.87597942352295,18760600
2015-08-14,8.875977144232845,8.994531385939828,8.863497543474447,8.957093238830566,16725291
2015-08-17,8.891578685776148,8.985174409508751,8.822942171127512,8.925897598266602,18111010
2015-08-18,8.844777587875605,8.916534632572159,8.801100298291122,8.857257843017578,23687575
2015-08-19,8.794860461177294,8.851018005666692,8.613908882951593,8.654467582702637,35782940
2015-08-20,8.582710132042907,8.691904660706193,8.489114447379595,8.532793045043945,36584468
2015-08-21,8.408001133536086,9.181724038758896,8.404880577751602,8.570233345031738,82317366
2015-08-24,7.989938769080443,8.660706786910222,7.752830299904692,8.29880428314209,77705938
2015-08-25,8.479757575690792,8.542154937996418,8.00242060402519,8.014900207519531,51917435
2015-08-26,8.223927481121212,8.464155835334509,8.102253354110612,8.45479679107666,50281789
2015-08-27,8.54527279391517,8.691905479218942,8.47975554641478,8.670066833496094,39007549
2015-08-28,8.641987276670749,8.776141009558794,8.629508331986804,8.744942665100098,32787780
2015-08-31,8.676307729497317,8.773023335315854,8.645109379453467,8.754303932189941,32679001
2015-09-01,8.54527382261366,8.782382329811272,8.523435174261829,8.676307678222656,39561793
2015-09-02,8.782382110235384,8.785502010659927,8.551513409815014,8.735584259033203,24898234
2015-09-03,8.744943771953835,8.953973820066185,8.71686532390369,8.776142120361328,23986166
2015-09-04,8.60849290866112,8.658724280985268,8.467215443360882,8.473494529724121,32748805
2015-09-08,8.611632539114296,8.674422748899238,8.548842988620295,8.661865234375,22639202
2015-09-09,8.756048842589902,8.793722701657256,8.542563201680974,8.558260917663574,25772208
2015-09-10,8.536284151972737,8.633608665384582,8.429541009658294,8.580236434936523,22748201
2015-09-11,8.533146342919629,8.573959753653243,8.45152018074342,8.523728370666504,25235581
2015-09-14,8.536284496092746,8.636747897231228,8.464075664219399,8.489192008972168,28594732
2015-09-15,8.464075042583204,8.561399552770546,8.432680273238866,8.511167526245117,35193465
2015-09-16,8.712093307927715,8.963252733260347,8.643024696712981,8.93813705444336,71039823
2015-09-17,8.721515337348773,8.875350990403996,8.636748981745814,8.655586242675781,37588140
2015-09-18,8.633607435341403,8.643025403611373,8.303960085751672,8.332215309143066,64914520
2015-09-21,8.219195454188647,8.382449721093444,8.219195454188647,8.300822257995605,35254901
2015-09-22,8.128148838712903,8.253728569327754,7.968034797554855,8.052801132202148,70321310
2015-09-23,8.052801223280628,8.087335534214413,7.939779662236205,8.002569198608398,24554502
2015-09-24,7.905246354153591,7.952338845979709,7.829898630948174,7.930362701416016,30536675
2015-09-25,7.977454762450243,7.9900129354033,7.77338708912665,7.851874351501465,27951748
2015-09-28,7.688622275154707,7.817341584709547,7.660367042083487,7.713737964630127,33171589
2015-09-29,7.685483113578462,7.833040363991681,7.628972639779386,7.738855361938477,37439285
2015-09-30,7.870713276253442,8.071640789561062,7.829899864811408,8.04024600982666,42508949
2015-10-01,8.011990040612652,8.071640050718814,7.873852099418372,7.958619117736816,27526541
2015-10-02,7.851872130139926,8.184659004211426,7.848733247080573,8.184659004211426,34297471
2015-10-05,8.272568393576917,8.551983166661572,8.238034072313553,8.533145904541016,34995065
2015-10-06,8.523727964866557,8.828259088591953,8.511169790072234,8.790584564208984,46387112
2015-10-07,8.825121411031837,8.872213257886493,8.7120991325655,8.793725967407227,37784779
2015-10-08,8.78744412595499,9.167322253401116,8.759188237664132,9.161043167114258,44186433
2015-10-09,9.148487642028545,9.346276265885512,9.12023174759697,9.198719024658203,52431822
2015-10-12,9.170463789517644,9.217556287612586,9.044884014361466,9.198719024658203,18726909
2015-10-13,9.110809666985395,9.292899830311013,9.082553785295516,9.176738739013672,19378481
2015-10-14,9.145346583890603,9.252089737708582,9.08569657966077,9.2363920211792,18953054
2015-10-15,9.117091139643763,9.18615977217165,9.019766618025558,9.03232479095459,26036228
2015-10-16,9.066861248897403,9.091976941397139,8.953839643712023,9.060582160949707,26529035
2015-10-19,8.978952593431496,9.123369594240621,8.950697365588972,9.09825325012207,27508045
2015-10-20,9.048021883560834,9.088834624185742,8.934999653570399,8.966394424438477,18177510
2015-10-21,8.975815226097668,9.035465239256318,8.856514540489359,8.86279296875,18079961
2015-10-22,8.9036054963047,9.079417280147563,8.9036054963047,9.03232479095459,17540912
2015-10-23,9.09825396673393,9.183020316228854,9.019766703763208,9.113951683044434,18330549
2015-10-26,9.08569638757314,9.110812074198252,8.796863024575323,8.812560081481934,22048846
2015-10-27,8.765469167770881,8.803143034125863,8.586518467407469,8.617913246154785,33424158
2015-10-28,8.639888259970064,8.790583705619323,8.602213739266823,8.78430461883545,18359175
2015-10-29,8.67442602878724,8.718378994468475,8.561404399588856,8.592799186706543,22002164
2015-10-30,8.514305196630676,8.599071516722029,8.38872548758018,8.464073181152344,58129717
2015-11-02,8.62071885922723,9.678433155153227,8.579239569902846,9.560909271240234,51620800
2015-11-03,9.491778137988627,10.024092322614742,9.3673415781637,9.878915786743164,39579400
2015-11-04,9.85126452894796,9.975701765549923,9.616216708384734,9.775219917297363,34907600
2015-11-05,9.823609905568595,9.851262545992725,9.650780738095039,9.71299934387207,16651600
2015-11-06,9.650780638397736,9.719912568389374,9.560909393124987,9.685346603393555,21712700
2015-11-09,9.851265361496544,9.920397311960345,9.567825551319016,9.5885648727417,19631600
2015-11-10,9.588560592639244,9.775216379998174,9.560907956655424,9.76138973236084,15740300
2015-11-11,9.768300589700598,9.823605847703758,9.609297478473497,9.623124122619629,9752900
2015-11-12,9.533257251377648,9.540170576596426,9.187598901930611,9.201425552368164,20432200
2015-11-13,9.235986168540476,9.29820474532411,9.007851826527583,9.063157081604004,17493700
2015-11-16,9.090813484766505,9.28438261721834,9.063160845743516,9.229077339172363,12704600
2015-11-17,9.27055917711477,9.436475068685366,9.166861909705935,9.18068790435791,14773000
2015-11-18,9.284382240169641,9.464124056874097,9.249816277971938,9.429558753967285,12828600
2015-11-19,9.45029766690462,9.56782153781961,9.41573170617241,9.533255577087402,15354600
2015-11-20,9.567823617953072,9.740652799897914,9.547084300721172,9.719913482666016,20111400
2015-11-23,9.89274262054914,9.906568612211823,9.671520820327164,9.83743667602539,14518100
2015-11-24,9.726825361021389,10.245312864859049,9.692260054864976,10.12087631225586,28906300
2015-11-25,9.1046397664418,9.173771690854425,8.475541759592302,8.738242149353027,71908600
2015-11-27,8.669111588542375,8.904159377367911,8.648372271672768,8.717503547668457,17214300
2015-11-30,8.696761979580819,8.772806561278701,8.565412127686145,8.669109344482422,28852400
2015-12-01,8.731328460627754,8.828113018907684,8.65528387438051,8.807373046875,17801800
2015-12-02,8.717501179001347,8.717501179001347,8.226666417847344,8.261232376098633,52272800
2015-12-03,8.275060483507334,8.55158687973769,8.199015230075785,8.399497032165527,47349900
2015-12-04,8.399495411308619,8.682935736862708,8.378756100416156,8.517019271850586,21815300
2015-12-07,8.526795761682495,8.708365691472812,8.429027184258336,8.484894752502441,21616400
2015-12-08,8.324275944149443,8.63154757996971,8.303325771842008,8.512828826904297,20595500
2015-12-09,8.436014312473867,8.694402089783761,8.415064132149881,8.456964492797852,23603500
2015-12-10,8.463946145810336,8.645516109171165,8.463946145810336,8.631548881530762,15199900
2015-12-11,8.47791238190639,8.575680299978375,8.408077583860123,8.526796340942383,20889500
2015-12-14,8.589646123955038,8.708364861659636,8.387126041869646,8.491877555847168,19394200
2015-12-15,8.533779953945807,8.708366283067482,8.519812727938957,8.526796340942383,18768600
2015-12-16,8.568696831267197,8.659481130808388,8.505845650051024,8.561713218688965,18241300
2015-12-17,8.575685644020457,8.624570299513502,8.303331227105852,8.310314178466797,25744300
2015-12-18,8.261426567241784,8.317294149603988,7.9960552180242574,8.037956237792969,38462400
2015-12-21,8.100809279228839,8.121759460887077,7.898289080547832,7.982090473175049,18336200
2015-12-22,7.961135050992787,8.212539750409622,7.891300930261132,8.142704963684082,19678100
2015-12-23,8.205558776855469,8.233492567328403,8.14270758179284,8.205558776855469,11953800
2015-12-24,8.205558490563583,8.303327086804762,8.184608314938357,8.191591262817383,4626600
2015-12-28,8.170641474766581,8.184608703175318,8.086840102296485,8.121757507324219,8052400
2015-12-29,8.14969095504134,8.331260920746077,8.14969095504134,8.282376289367676,9666300
2015-12-30,8.317293694396877,8.352211097960748,8.247459553263216,8.268409729003906,8390600
2015-12-31,8.261426115092316,8.373161273701438,8.212542149699345,8.268409729003906,10382700
2016-01-04,8.086839961775372,8.14270754245132,7.996054976678435,8.100807189941406,15143500
2016-01-05,8.135723685201974,8.226508667585465,8.086839720070124,8.177624702453613,13558400
2016-01-06,8.044938602419684,8.044938602419684,7.821467641689795,7.884318828582764,16352600
2016-01-07,7.716719610574733,7.716719610574733,7.486265598014095,7.521183013916016,25487700
2016-01-08,7.56308133471142,7.625932533137442,7.367544790937011,7.388494968414307,17429400
2016-01-11,7.444364406940732,7.507215621024677,7.332629211233406,7.437380790710449,17004000
2016-01-12,7.514198102087897,7.6049831013838185,7.38151207773455,7.556098461151123,16629500
2016-01-13,7.56308133471142,7.632916147627919,7.290726363530035,7.388494968414307,29839500
2016-01-14,7.402461051479919,7.556096550522528,7.36056003701755,7.4164276123046875,29085000
2016-01-15,7.109153970043136,7.248822869396923,6.976468016161654,7.060269355773926,24212500
2016-01-19,7.172007522654023,7.178990470444956,6.773950194831921,6.815851211547852,27430300
2016-01-20,6.669201374053954,6.725068975148063,6.452713920318532,6.669201374053955,27005100
2016-01-21,6.7110996437192245,6.9904382278516906,6.641265497181706,6.941553592681885,25739300
2016-01-22,7.0742402082955405,7.15105797585465,6.79490160027351,6.843786239624023,17295200
2016-01-25,6.83680065371493,6.850767879787053,6.599363138440816,6.6272969245910645,14556800
2016-01-26,6.662214663248413,6.8437846154738695,6.641264489066716,6.732049465179443,9929600
2016-01-27,6.732051088642065,6.9066374695778565,6.683166449103993,6.71808385848999,9768600
2016-01-28,6.808867700316886,6.822834928097256,6.578413769893379,6.620314121246338,13443700
2016-01-29,6.690147934187767,6.787916516142407,6.564445566816655,6.780932903289795,47468400
2016-02-01,6.739030618779596,6.990435306017088,6.697130281569248,6.962501525878906,21712300
2016-02-02,6.864736027491662,6.9625046346257475,6.794901212968151,6.899653434753418,21614700
2016-02-03,6.850769536654086,6.878703329560158,6.515563355787075,6.7390336990356445,15264300
2016-02-04,6.704115216461715,6.941552061508206,6.704115216461715,6.885684490203857,11744600
2016-02-05,6.8647347468261035,7.067254871969723,6.8158507853757895,6.920602321624756,17014200
2016-02-08,6.815850573221268,6.85076797288207,6.4317605089404495,6.5434956550598145,15919200
2016-02-09,6.487629037203805,6.578414023290983,6.389860436957434,6.417794227600098,20489200
2016-02-10,6.452711864936389,6.613331666415482,6.4177944588762275,6.480645656585693,12246800
2016-02-11,6.382876485402339,6.424776831782536,6.222256714960927,6.299075126647949,14737600
2016-02-12,6.347959565985673,6.592380047665296,6.306058550443825,6.578413486480713,9665500
2016-02-16,6.6761822187030955,6.878702355080389,6.599363799598357,6.850768566131592,12066900
2016-02-17,6.8996515441215776,7.053287694377672,6.892667931384035,7.039320468902588,11990100
2016-02-18,7.074238454521087,7.451344915767305,7.053288280561303,7.346593379974365,18758900
2016-02-19,7.325643211792048,7.325643211792048,7.018371523559905,7.2069244384765625,13933500
2016-02-22,7.290726728234146,7.5072141263093375,7.276760164548677,7.458330154418945,10850000
2016-02-23,7.409441785864886,7.423409008511997,7.1580377721613875,7.199938774108887,13019800
2016-02-24,7.178991899611094,7.584032255858006,7.0532901564272175,7.556098461151123,21745800
2016-02-25,7.095190028796279,7.304693807724107,6.948537450146215,7.220892429351807,35602800
2016-02-26,7.290723645235942,7.674813641083214,7.248823305903592,7.430393218994141,22768000
2016-02-29,7.430397165447245,7.5770497629887785,7.4024633690581085,7.465313911437988,17442500
2016-03-01,7.570065249580543,7.695767651420434,7.451346462508239,7.632916450500488,17280100
2016-03-02,7.632916500721119,7.723701495314562,7.52118132768124,7.611965656280518,12508200
2016-03-03,7.660848526591386,7.891302434318001,7.653864913389,7.7586164474487305,18109800
2016-03-04,7.786551902486283,7.905270688385571,7.751635160981678,7.807502746582031,15194000
2016-03-07,7.76089342442435,8.050426198406553,7.7326463409495885,7.986870765686035,12399200
2016-03-08,7.909191015727607,7.95862391837299,7.739708509849867,7.803264617919922,13055000
2016-03-09,7.8315110158662185,8.085734752402237,7.8315110158662185,8.022178649902344,12056800
2016-03-10,8.043366205860913,8.163416497997918,7.873883004720392,8.06455135345459,15901300
2016-03-11,8.135168912914342,8.262280464172363,8.085736006931656,8.262280464172363,12948000
2016-03-14,8.212848540473681,8.269342715037915,8.022180196221631,8.099860191345215,13588500
2016-03-15,8.07161038923933,8.085733591398316,7.909189186898512,8.050424575805664,11307600
2016-03-16,8.057489326527348,8.241095732936303,8.015119031795246,8.20578670501709,11691700
2016-03-17,8.205786328202734,8.650678443242262,8.184601181809517,8.27640438079834,18156500
2016-03-18,8.318773431703095,8.629492008581234,8.318773431703095,8.601244926452637,35437900
2016-03-21,8.572995727216815,8.643613078367526,8.460006753141567,8.622427940368652,14445600
2016-03-22,8.537689364263159,8.68598672320062,8.516504219690265,8.657739639282227,10974900
2016-03-23,8.643616037946574,8.671863122771356,8.452948383745206,8.48825740814209,11990000
2016-03-24,8.460010133180045,8.544752065959381,8.276404408061254,8.523566246032715,12086600
2016-03-28,8.516504979520823,8.572999152397937,8.445886926692598,8.523566246032715,10561500
2016-03-29,8.495316295792113,8.72129358458647,8.417637002637969,8.671860694885254,10721200
2016-03-30,8.714234558889427,8.749543585199401,8.587122333558984,8.68598747253418,10790100
2016-03-31,8.685986277309139,8.728356564279864,8.615368234406505,8.700109481811523,13811600
2016-04-01,8.622430616018335,8.67892478385512,8.495318401653769,8.657739639282227,11919300
2016-04-04,8.643616587411302,8.68598755407376,8.537690180950658,8.54475212097168,11098400
2016-04-05,8.544755591267423,8.57300268935988,8.424705256008497,8.438828468322754,15487800
2016-04-06,8.495316295792113,8.678922632480203,8.396451863316555,8.671860694885254,13146700
2016-04-07,8.622427921920778,8.678922072105834,8.424698396273081,8.467068672180176,14245300
2016-04-08,8.537691344555084,8.67186485592269,8.509444254084864,8.51650619506836,8256100
2016-04-11,8.544751896194228,8.784851789419884,8.544751896194228,8.565937042236328,15969500
2016-04-12,8.61536697645227,8.693046946995608,8.318772317109547,8.629490852355957,28336400
2016-04-13,8.714231117695972,8.99670186970257,8.657736967294653,8.926084518432617,16054700
2016-04-14,8.869592647293743,8.96139516018928,8.714233357034983,8.862530708312988,14172500
2016-04-15,8.876657965843846,8.975523136324995,8.827225717335208,8.841349601745605,12488300
2016-04-18,8.813098148766064,9.152063824814386,8.791913004470416,8.947272300720215,15584500
2016-04-19,8.96845871340149,9.123818031623351,8.890779391022406,9.02495288848877,18279200
2016-04-20,9.053201922539952,9.152067086931297,8.989645793535788,9.039078712463379,17072000
2016-04-21,9.02495493041141,9.067325908045271,8.883719460738273,8.89078140258789,11000400
2016-04-22,8.84134607044596,8.989642756741066,8.84134607044596,8.904901504516602,11636300
2016-04-25,8.862532371464965,8.926088487291626,8.735420139811643,8.876655578613281,13957200
2016-04-26,8.890780522024947,9.032015977709806,8.883718580874762,8.989645004272461,15712300
2016-04-27,8.94021092183289,9.032014117486309,8.820160640860239,9.010828971862793,10530700
2016-04-28,8.996705869960598,9.039076838332937,8.841347224010642,8.876655578613281,8041100
2016-04-29,8.820161193528211,8.834285073804644,8.565937409725542,8.664802551269531,13491900
2016-05-02,8.657738291631686,8.707170512428426,8.48825581450272,8.558873176574707,12284000
2016-05-03,8.509442011256638,8.55181229906258,8.19872342451636,8.269341468811035,16316500
2016-05-04,8.226971121043706,8.33289819538492,8.135168599463737,8.184600830078125,8674600
2016-05-05,8.241095590806154,8.290527824962304,8.050427247408983,8.085736274719238,8975400
2016-05-06,8.050426670605312,8.21990985485853,8.02924152512252,8.184600830078125,8438300
2016-05-09,8.177541655814759,8.21285069253556,8.036306182395409,8.071615219116211,9548400
2016-05-10,8.106918714714233,8.276401854518097,8.057486497064144,8.198721885681152,14925500
2016-05-11,8.205787221414196,8.304652371116921,8.14223110185271,8.255219459533691,14228900
2016-05-12,8.318774544572562,8.332898424258106,8.085735917470283,8.163415908813477,12098300
2016-05-13,8.142231215278551,8.255219574533523,8.071613827476066,8.12104606628418,7605500
2016-05-16,8.142231569849043,8.248158666361205,8.113984478805222,8.219911575317383,6107900
2016-05-17,8.184600999179144,8.325836427755181,8.10692100836459,8.142230033874512,9530700
2016-05-18,8.177536944071493,8.248154976824312,8.099857646814167,8.170475006103516,7045400
2016-05-19,8.099859180647726,8.156353348162638,7.9868708456179025,8.078673362731934,10828700
2016-05-20,8.106917600874837,8.248153643550358,8.050423453189975,8.234029769897461,10409100
2016-05-23,8.234030744222684,8.382328067809174,8.205783667037801,8.241092681884766,9392300
2016-05-24,8.248156262572293,8.424700698511161,8.20578530162299,8.410576820373535,8904000
2016-05-25,8.643617841144826,8.71423590467066,8.551814627946749,8.615370750427246,15239800
2016-05-26,8.827223942549606,9.286239318176689,8.791914912086659,9.2085599899292,29850900
2016-05-27,9.194433347591815,9.399224839628353,9.152062392169587,9.300359725952148,18881900
2016-05-31,9.265053490662568,9.448659896850586,9.229744462785842,9.448659896850586,22009800
2016-06-01,9.406289425750398,9.526339722796715,9.328610099087845,9.4910306930542,15232000
2016-06-02,9.4557219573224,9.639327692380773,9.448660016964542,9.56164836883545,13659200
2016-06-03,9.512216514977945,9.554586811897982,9.406289425750398,9.4910306930542,10880000
2016-06-06,9.483970322597596,9.67463802369308,9.483970322597596,9.65345287322998,8693900
2016-06-07,9.674633959826945,9.74525199632563,9.61107786167083,9.667572021484375,9551200
2016-06-08,9.667574093883085,9.815871463549424,9.646388947777508,9.794686317443848,9281700
2016-06-09,9.731130429529644,9.808810422809884,9.618142083082386,9.7735013961792,9412000
2016-06-10,9.681694998658916,9.688756936345372,9.455718380399857,9.533397674560547,10148000
2016-06-13,9.457853816118247,9.472107951728416,9.279672702895585,9.286799430847168,13612100
2016-06-14,9.272546001430234,9.407963358721704,9.187019142134506,9.301054954528809,11584300
2016-06-15,9.329560482499522,9.407959904811344,9.236906249018201,9.26541519165039,9813000
2016-06-16,9.22265453047394,9.279673114565126,9.058728225296274,9.251163482666016,8609900
2016-06-17,9.25116379680327,9.393709242311022,9.23690966007673,9.350945472717285,14437800
2016-06-20,9.464973953214027,9.536246620755765,9.308175172152653,9.315301895141602,12433400
2016-06-21,9.358069452679203,9.521995703370148,9.308178972852708,9.500614166259766,13198700
2016-06-22,9.129999837737714,9.244035632668181,8.980327686964737,8.987454414367676,18255600
2016-06-23,9.144251467028587,9.24403310010936,9.115742526106475,9.229778289794922,13354200
2016-06-24,8.844908287174512,9.00170782053063,8.659599809545178,8.73799991607666,19822700
2016-06-27,8.631090256684747,8.638217662177203,8.182073906262055,8.231965065002441,15065900
2016-06-28,8.317493066224843,8.41014731158918,8.203457281070857,8.403019905090332,15332900
2016-06-29,8.531309515435966,8.716617305001702,8.438655280799692,8.680981636047363,14196400
2016-06-30,8.745125280009805,8.944687843322754,8.652471062830694,8.944687843322754,14463700
2016-07-01,8.94469095666469,9.094363101171844,8.916182009125563,9.072980880737305,10889200
2016-07-05,8.994579313714608,9.0587246004055,8.737998846657808,8.809270858764648,9277500
2016-07-06,8.737999348419311,8.994579830209716,8.581199825249554,8.980325698852539,12005100
2016-07-07,9.023089352129263,9.179888885369307,8.973198869614777,9.158507347106934,13625700
2016-07-08,9.301053836700849,9.379453278372893,9.229781122666646,9.32243537902832,8603600
2016-07-11,9.386578203494684,9.479232435354517,9.286796566174838,9.379450798034668,9729600
2016-07-12,9.600395789291747,9.856976273300383,9.564759441030512,9.778576850891113,17162900
2016-07-13,9.785704323368991,9.87123183760392,9.714432301115698,9.84272289276123,9809500
2016-07-14,9.899742344211251,9.935378021106285,9.799960681667041,9.835597038269043,9378300
2016-07-15,9.89974193461085,9.928250882771502,9.814215090128888,9.871232986450195,10008700
2016-07-18,9.871230605513434,9.978138965402897,9.871230605513434,9.935375213623047,6628700
2016-07-19,9.928248997261242,10.056538899766707,9.921121591647935,10.013775825500488,11298800
2016-07-20,10.085049030924736,10.156321736042882,10.00664959906029,10.09217643737793,17222700
2016-07-21,10.070795077417706,10.106431430612636,9.928250344344892,9.978140830993652,18617700
2016-07-22,9.985269407835144,10.077923665118163,9.913996693092212,10.056541442871094,10287300
2016-07-25,10.049413358072554,10.12068538348381,10.042285951619363,10.09217643737793,6971300
2016-07-26,10.092174290163095,10.170574385054,10.063665350122788,10.106429100036621,9362900
2016-07-27,10.163447989645164,10.163447989645164,9.906866824089633,9.971012115478516,17620300
2016-07-28,9.942502618870817,9.963884154907355,9.84984838977012,9.935375213623047,16140900
2016-07-29,9.913996830776034,10.0707963975639,9.828469979720923,9.985269546508789,15759100
2016-08-01,10.0209022799157,10.14919217024371,9.992393339875393,10.106429100036621,13847600
2016-08-02,9.92112100015012,10.106429456807124,9.87123052324507,10.020902633666992,10680600
2016-08-03,10.01377675076819,10.22759418097633,10.006649344496315,10.199085235595703,10143200
2016-08-04,10.213339268346175,10.248975619649455,10.049413003940696,10.08504867553711,14859900
2016-08-05,10.149193958683549,10.234720793875578,10.11355760742682,10.177702903747559,10185600
2016-08-08,10.191958233926934,10.220467180439318,10.120685527792526,10.16344928741455,11586400
2016-08-09,10.184830471088821,10.220466822909403,10.14919411926824,10.15632152557373,12412400
2016-08-10,10.17770407291553,10.191958886938496,10.077923093582548,10.113558769226074,11868700
2016-08-11,10.120685719941624,10.213339967792706,10.085049366197836,10.1919584274292,8173800
2016-08-12,10.184830309940278,10.248975606261014,10.156321364876268,10.177702903747559,9991300
2016-08-15,10.199085605235949,10.398648230132984,10.199085605235949,10.34875774383545,12748600
2016-08-16,10.305994440152425,10.34875820151793,10.248976544803035,10.270358085632324,9366400
2016-08-17,10.263227624972105,10.341627717529827,10.21333715131299,10.334500312805176,10371400
2016-08-18,10.348758342611525,10.405776238738289,10.305994580662984,10.341630935668945,9054600
2016-08-19,10.305993839812833,10.341630192257062,10.256103354215046,10.277484893798828,9503700
2016-08-22,10.234723444927411,10.256105669044103,10.163451403659561,10.241850852966309,13103100
2016-08-23,10.284609883247553,10.441408709621918,10.284609883247553,10.384390830993652,14074900
2016-08-24,10.45566525216397,10.498428328369805,10.256102643887443,10.263229370117188,19757300
2016-08-25,9.721562300853542,10.320250302273056,9.657416987917548,10.241850852966309,36143400
2016-08-26,10.241845845493758,10.46991735357277,10.241845845493758,10.25610065460205,15567800
2016-08-29,10.2703568899341,10.39152007337219,10.256102757609714,10.284611701965332,8023600
2016-08-30,10.28461114856355,10.30599268575304,10.177702103202485,10.248974800109863,10540800
2016-08-31,10.220469308556657,10.277487213453753,10.127815043172115,10.241850852966309,11282700
2016-09-01,10.256100899954179,10.334500312805176,10.177700807396455,10.334500312805176,10854000
2016-09-02,10.41290128872699,10.477046581464197,10.298865514841655,10.327374458312988,8327200
2016-09-06,10.363011153485942,10.455665392787191,10.355883747453497,10.427156448364258,7582500
2016-09-07,10.427158028798015,10.512684875030034,10.341631182565994,10.469921112060547,6809000
2016-09-08,10.405774909973768,10.469919525145233,10.370138559518388,10.427156448364258,10292000
2016-09-09,10.348757849238325,10.355884576134203,10.028031349182129,10.028031349182129,16645900
2016-09-12,9.958999244674082,10.47672288513382,9.90866448753889,10.419198036193848,15824300
2016-09-13,10.31853339410376,10.383248356803795,10.11000557451336,10.196292877197266,15057500
2016-09-14,10.196291668182988,10.318532170594949,10.131576027406018,10.261007308959961,8594800
2016-09-15,10.203481304720393,10.498297064587577,10.167528782121108,10.426390647888184,11822000
2016-09-16,10.598961824245096,10.642105797571483,10.419196525927166,10.447958946228027,18459500
2016-09-19,10.483915746180191,10.598965466924213,10.455153315994187,10.469534873962402,7980900
2016-09-20,10.52705988463789,10.548631536147784,10.440772592847878,10.455153465270996,8222200
2016-09-21,10.519869461989478,10.78592212546079,10.512678682659061,10.778731346130371,13734100
2016-09-22,10.771540694383358,10.908162760277671,10.73558816880635,10.872209548950195,9938700
2016-09-23,10.85782821502347,10.922543169765625,10.80749344700121,10.850637435913086,8102200
2016-09-26,10.78592190080619,10.872209193722586,10.735587818042571,10.80030345916748,7484500
2016-09-27,10.785922125965083,11.051974789448833,10.749968915061773,11.030403137207031,9061300
2016-09-28,11.073546154247945,11.138261795043945,10.908162348436335,11.138261795043945,9742200
2016-09-29,11.116692660187653,11.217361533745194,11.023214567402206,11.06635856628418,9794700
2016-09-30,11.123877507610255,11.31083290771067,11.102305176800405,11.167020797729492,11457300
2016-10-03,11.116689786625113,11.282073587129522,11.116689786625113,11.253311157226562,7281600
2016-10-04,11.274884695391453,11.318028001967928,10.980069586033723,11.044784545898438,12313900
2016-10-05,11.095119488829235,11.274884869085053,11.095119488829235,11.238931655883789,9081200
2016-10-06,11.238928329058883,11.238928329058883,11.087925426912207,11.21735668182373,5285900
2016-10-07,11.231739610651301,11.274883598782033,11.138261541160073,11.202977180480957,5458200
2016-10-10,11.282072657107078,11.418694702196694,11.210166931152344,11.210166931152344,7726100
2016-10-11,11.217358679139005,11.217358679139005,11.016020983260567,11.10230827331543,10650000
2016-10-12,11.131069305713675,11.188594844277752,11.00882950779723,11.037591934204102,10064100
2016-10-13,10.929734874834722,10.96568808768214,10.742778716628546,10.893781661987305,14423600
2016-10-14,10.519872720003159,10.785925465871236,10.412013053894043,10.412013053894043,23107500
2016-10-17,10.426390411977117,10.469534398170644,10.074050486773158,10.088431358337402,22058000
2016-10-18,10.203480572603285,10.368865044845107,10.13157484681366,10.217862129211426,12762800
2016-10-19,10.196292644355026,10.261008291327741,10.095623783980747,10.153148651123047,9918200
2016-10-20,10.124382826564716,10.18909845186205,10.052476423845395,10.138764381408691,6824000
2016-10-21,10.074052885768822,10.095624541127378,9.901478271399258,9.923049926757812,14610100
2016-10-24,9.966191838151978,10.045289039611816,9.944620185822233,10.045289039611816,9762500
2016-10-25,10.045290795106956,10.059671670589804,9.966193579824246,9.994956016540527,11069900
2016-10-26,9.958999610773159,10.117192608298206,9.951808832953752,10.002142906188965,17328500
2016-10-27,10.038097843195406,10.138766692802465,9.973382203144471,10.059669494628906,14106500
2016-10-28,10.023716902770863,10.203482275878844,10.023716902770863,10.131576538085938,15247800
2016-10-31,10.16033621596398,10.419198036193848,10.088429811913871,10.419198036193848,16364200
2016-11-01,10.433580747000608,10.469533953008092,10.153146563042673,10.318531036376953,25361500
2016-11-02,10.268195738658239,10.663679612633766,10.268195738658239,10.534248352050781,22285000
2016-11-03,10.548631536147784,10.699634468217912,10.433581813761101,10.455153465270996,10558900
2016-11-04,10.426390605938467,10.735587236451257,10.376056525901655,10.577393531799316,11832500
2016-11-07,10.71401688131833,10.89378226983542,10.706826786948055,10.821876525878906,9780800
2016-11-08,10.80749354622537,11.016021342087987,10.692443822404677,10.987258911132812,11642100
2016-11-09,10.836255753733989,11.296455325277764,10.77873089300982,11.195786476135254,16866900
2016-11-10,11.2317398666659,11.433076882447558,11.102308585073896,11.138261795043945,16182000
2016-11-11,11.073547235078598,11.382743910949468,11.044784801445298,11.375553131103516,10306800
2016-11-14,11.397122745745294,11.641603716051554,11.36116954086196,11.576888084411621,14528200
2016-11-15,11.476223260775381,11.555319790576098,11.375554389051265,11.411507606506348,14279400
2016-11-16,11.40431598525196,11.43307841994583,11.30364780669869,11.361172676086426,10164100
2016-11-17,11.404314769814931,11.476221191761303,11.375552338186475,11.425887107849121,9623300
2016-11-18,11.418698387147481,11.476223260775381,11.368364294160717,11.411507606506348,10878200
2016-11-21,11.461838010418887,11.555316071415291,11.454647917842522,11.504981994628906,10618300
2016-11-22,11.548126895567817,11.641605655286194,11.433077169376677,11.469030380249023,19634500
2016-11-23,11.037592721225163,11.303645355896828,10.627727258514428,10.692442893981934,23408600
2016-11-25,10.670871823313206,10.958496123503418,10.663681044370845,10.915352821350098,8875200
2016-11-28,10.829065858997895,10.929734024235637,10.785921869788545,10.843446731567383,12791800
2016-11-29,10.82906670176255,11.016022174218227,10.8074943626038,10.893781661987305,9762900
2016-11-30,10.908165418274999,11.16702736855898,10.865021417019017,11.073549270629883,15933300
2016-12-01,11.080737385099148,11.131071469658826,10.800303844551838,10.829066276550293,12821700
2016-12-02,10.807493905710833,11.001640835428919,10.800303812045712,10.872209548950195,8377100
2016-12-05,10.972879157661968,11.18140697479248,10.972879157661968,11.18140697479248,11538500
2016-12-06,11.152641054367969,11.246119106720702,11.116687851809179,11.21735668182373,6886900
2016-12-07,11.23173924727512,11.627223163635243,11.21735837553042,11.612841606140137,11679200
2016-12-08,11.605651705576816,11.684748906284264,11.576889959911055,11.620033264160156,9581900
2016-12-09,11.56250501433002,11.612839083126461,11.318024076032577,11.346786499023438,9865100
2016-12-12,11.1749221603718,11.486746948616846,11.1749221603718,11.47949504852295,12704700
2016-12-13,11.392476375695711,11.566517859845739,11.377972572893519,11.472245216369629,10979400
2016-12-14,11.435984143565243,11.530256071152396,11.261942012715478,11.319955825805664,10637800
2016-12-15,11.26919534792033,11.348964178186932,11.167670816288872,11.247440338134766,10122200
2016-12-16,11.21843419896847,11.269196122483562,10.913861274719238,10.913861274719238,19766500
2016-12-19,10.89935772430508,10.993630364136463,10.812336985594424,10.96462345123291,10344100
2016-12-20,10.993631277526514,11.037141996286545,10.877603616272316,10.935617446899414,12148600
2016-12-21,10.942867166755251,11.138663633187553,10.942867166755251,10.9791259765625,8133100
2016-12-22,11.037139795622387,11.073398605429636,10.834090737333506,10.9791259765625,7591700
2016-12-23,10.957369272914772,11.008131878630849,10.892104251129894,10.950118064880371,6305600
2016-12-27,10.979126233107454,11.051643162837152,10.971874332660699,11.029888153076172,4408500
2016-12-28,11.008135280487165,11.102407929859677,10.82684188359682,10.83409309387207,5175100
2016-12-29,10.82684188359682,10.90661072925998,10.78333116404819,10.83409309387207,4904600
2016-12-30,10.87760046547532,10.950118078543507,10.710810923629387,10.76157283782959,9187100
2017-01-03,10.841342457838598,10.979125794505551,10.602035285289958,10.76882553100586,12502200
2017-01-04,10.819589785645215,11.029890094563305,10.768827856741357,10.935617446899414,9127800
2017-01-05,10.950119501744428,10.993629521977022,10.805084256757638,10.928363800048828,13221100
2017-01-06,10.98637832634983,10.993630227380345,10.855847565697271,10.877602577209473,7494200
2017-01-09,10.863097430831195,10.942866949136635,10.638294059339568,10.645545959472656,12908400
2017-01-10,10.623795543963382,10.855851622605464,10.442502099925921,10.652802467346191,15888200
2017-01-11,10.667303500691078,10.8558487994361,10.602037767157846,10.83409309387207,15009300
2017-01-12,10.797832714247606,10.848594633477465,10.558525535622163,10.72531509399414,11507700
2017-01-13,10.725317588489444,10.834093352589438,10.65279995136982,10.710814476013184,9336200
2017-01-17,10.645547144371344,10.797833606220065,10.558526407826264,10.573029518127441,11976800
2017-01-18,10.594784529368876,10.66005025467252,10.515015693764056,10.573029518127441,13664400
2017-01-19,10.739818200629179,10.892104640056711,10.69630749297307,10.776076316833496,15081800
2017-01-20,10.848598785465118,10.87035380323555,10.587536497481302,10.681808471679688,14687000
2017-01-23,10.667300173087124,10.681803280692888,10.449748026366986,10.638293266296387,15250500
2017-01-24,10.660048558796564,11.058894056528182,10.638293551016071,11.000880241394043,12369700
2017-01-25,11.06614441289614,11.131410118714106,10.964619904781625,11.015381813049316,16223300
2017-01-26,11.03713989287305,11.102405612785313,10.710811984891016,10.72531509399414,14419200
2017-01-27,10.754323753829244,10.957372155369992,10.718064937802119,10.732568740844727,14921400
2017-01-30,10.754320938206929,10.768824737452253,10.602034504027106,10.76157283782959,11239700
2017-01-31,10.71081288907953,10.957371297280934,10.56577763632897,10.913861274719238,14889600
2017-02-01,10.964624439712054,10.993631355230628,10.76157603108204,10.870351791381836,12433800
2017-02-02,10.797832871414276,11.03714005352293,10.783329070520763,11.029888153076172,15599600
2017-02-03,11.037143582537274,11.109660535453528,10.964625938041506,11.073402404785156,11659500
2017-02-06,11.00088113039101,11.095153760497096,10.942867310568692,11.066146850585938,7975400
2017-02-07,11.066146881754669,11.196677630932891,10.993629260982878,11.18942642211914,12330300
2017-02-08,11.174922716743824,11.341712969311272,11.16041960741321,11.247440338134766,13204300
2017-02-09,11.247444103619763,11.43598942909508,11.203933377902565,11.341716766357422,7709400
2017-02-10,11.348966154578866,11.414231886880707,11.276449212138585,11.399728775024414,10006400
2017-02-13,11.421482508638956,11.68254540859005,11.38522369569249,11.631783485412598,16142000
2017-02-14,11.57377191897281,11.900099935487065,11.566520016219723,11.646288871765137,17086200
2017-02-15,11.631783500212888,11.704299743039423,11.52300706123508,11.588272094726562,14448300
2017-02-16,11.595525494868715,11.624533102276764,11.523008551086866,11.544763565063477,12560000
2017-02-17,11.515754004399692,11.566515922546387,11.39972636773338,11.566515922546387,17366700
2017-02-21,11.552015256014311,11.762314873247904,11.552015256014311,11.697049140930176,17318100
2017-02-22,11.668042736595988,11.776818494388808,11.668042736595988,11.747812271118164,16654200
2017-02-23,11.972611983477389,12.908084870811226,11.95085628538744,12.76305103302002,37118800
2017-02-24,12.574506372645873,12.82106542961214,12.552750673563517,12.799309730529785,19816100
2017-02-27,12.799309730529785,12.915337359318801,12.676030202046652,12.799309730529785,12287500
2017-02-28,12.792063546791404,12.813819255594995,12.596267700195312,12.596267700195312,13940100
2017-03-01,12.799311692305118,12.842821713980253,12.654277825668446,12.777557373046875,9818700
2017-03-02,12.806565268678417,12.828320973941754,12.552754239908152,12.560006141662598,12229200
2017-03-03,12.545499950947196,12.618017571533883,12.41496989368144,12.581759452819824,14165500
2017-03-06,12.744722637304926,12.744722637304926,12.518181272695324,12.642413139343262,11163100
2017-03-07,12.620491981506348,12.730108016984754,12.459720495217404,12.620491981506348,11528000
2017-03-08,12.642416167751888,12.715493999846004,12.583954180845339,12.657032012939453,6745700
2017-03-09,12.605874490751118,12.73010635308037,12.554720440470248,12.686260223388672,8505400
2017-03-10,12.605874236402435,12.861645876489407,12.605874236402435,12.708182334899902,7840700
2017-03-13,12.722797569837068,12.781259536743164,12.678951443118306,12.781259536743164,6966600
2017-03-14,12.759339416688578,12.847033088988255,12.722801199639166,12.766647338867188,6334400
2017-03-15,12.744722451471963,12.898184605411734,12.62779850737213,12.839722633361816,13418100
2017-03-16,12.861649418900294,12.942033778212409,12.773955743289994,12.898187637329102,9144000
2017-03-17,12.898183560861126,12.934723161585287,12.832413673400879,12.832413673400879,14282500
2017-03-20,12.839721593545711,12.920107321295623,12.803183386664795,12.832413673400879,8847800
2017-03-21,12.8762572641267,12.927411295683841,12.532792091369629,12.532792091369629,11252300
2017-03-22,12.583952035012237,12.642414011949768,12.496259766527679,12.591259956359863,10654600
2017-03-23,12.591259786284452,12.700875817331259,12.525489888887677,12.576643943786621,9156900
2017-03-24,12.627799563097993,12.71549183158255,12.518182136727079,12.591259956359863,6633800
2017-03-27,12.488951154638611,12.649721233866623,12.44510502282068,12.569336891174316,5698100
2017-03-28,12.591260210733935,12.722800009961674,12.569337840091649,12.613183975219727,8741700
2017-03-29,12.569337840091649,12.700876245475882,12.547414075605857,12.613183975219727,5477400
2017-03-30,12.605877708367577,12.9274193271471,12.58395394100408,12.898187637329102,10806000
2017-03-31,12.8689549053056,13.124725173578192,12.832415299949927,13.066263198852539,19240600
2017-04-03,13.102798490483053,13.117414327813472,12.737410920280372,12.854334831237793,10538200
2017-04-04,12.803184676868687,12.963954754726402,12.788568835106153,12.949338912963867,6781100
2017-04-05,13.007800185455272,13.110109678438329,12.861645957233252,12.92741584777832,10310700
2017-04-06,12.927415241440455,12.949337608031707,12.73741349920455,12.832413673400879,8368700
2017-04-07,12.817802018859107,12.883570526801448,12.627800235238034,12.693570137023926,13464900
2017-04-10,12.715490511902026,12.817800006307095,12.635106173107804,12.686260223388672,6694100
2017-04-11,12.715489131206036,12.825105140454424,12.63510480114025,12.817798614501953,14400800
2017-04-12,13.42434408263327,13.42434408263327,13.044340557906287,13.168572425842285,19363900
2017-04-13,13.146649166812143,13.40972875460227,13.110110954660604,13.3001127243042,12854100
2017-04-17,13.278188960707206,13.387804991005277,13.205111142560677,13.3001127243042,8213800
2017-04-18,13.307417002216486,13.417034407828627,13.212416830374936,13.314724922180176,10177100
2017-04-19,13.460881844444193,13.599729549587389,13.373188190184454,13.431650161743164,12352000
2017-04-20,13.4754993174441,13.570499510038626,13.365883281729333,13.533961296081543,6785500
2017-04-21,13.526652961417325,13.533960882754261,13.351267030861283,13.365882873535156,9953200
2017-04-24,13.53396337064278,13.592425358241602,13.417039395445135,13.548579216003418,8054600
2017-04-25,13.57049880691228,13.672806915766051,13.512036831303918,13.599730491638184,10425800
2017-04-26,13.51934251754674,13.694728415378052,13.460880551602967,13.61434268951416,7950700
2017-04-27,13.665499771734124,13.76049995511927,13.621652246624011,13.716653823852539,9193700
2017-04-28,13.694735673056549,13.7605055938292,13.533965529970047,13.75319766998291,7956900
2017-05-01,13.775116135334457,13.884732163116695,13.738576530178099,13.833578109741211,7958600
2017-05-02,13.877423985101437,13.906655668685207,13.745884196661256,13.811654090881348,11526600
2017-05-03,13.767808659126855,13.818962714155074,13.69473084029649,13.745884895324707,6996200
2017-05-04,13.767812828355478,13.797043128433193,13.65819676383725,13.731274604797363,7204800
2017-05-05,13.760496324923617,13.826266201394466,13.67280269168148,13.818958282470703,11898000
2017-05-08,13.818965727689868,14.169737661957143,13.80434988196779,14.111275672912598,10053200
2017-05-09,14.133196494762027,14.133196494762027,14.00896461971391,14.060118675231934,6673600
2017-05-10,14.067428047836616,14.15512171908835,14.001658142858723,14.14781379699707,7252400
2017-05-11,14.111272901089544,14.140504586791833,14.008964788818519,14.074734687805176,8233400
2017-05-12,14.067428495176976,14.191660386992027,13.97973482113661,14.10396671295166,6417200
2017-05-15,14.14050587490579,14.191659935701127,14.111274186540674,14.14781379699707,7176600
2017-05-16,14.19165698142307,14.242811031569666,14.052809278279938,14.228195190429688,7350400
2017-05-17,14.228198761834806,14.228198761834806,13.840888631310381,13.85550308227539,11096500
2017-05-18,13.789733640859676,13.804348090841751,13.62896214646459,13.723963737487793,14280900
2017-05-19,13.782424139034303,13.943194221156341,13.745884533658778,13.884732246398926,8049900
2017-05-22,13.943193692135306,13.994347743876773,13.782423616113071,13.965117454528809,9759400
2017-05-23,13.987042897866205,13.987042897866205,13.745887033897603,13.85550308227539,7834800
2017-05-24,13.899343402925489,14.023575231635492,13.818957692041677,13.892035484313965,12740100
2017-05-25,14.301277728025424,14.308585651010254,13.343962118513081,13.424347877502441,21296500
2017-05-26,13.35126984960672,13.548579585829977,13.307422312327928,13.497424125671387,14526000
2017-05-30,13.468191432192391,13.906656970077018,13.46088351061257,13.840887069702148,16424300
2017-05-31,13.848194488528986,13.870116858629046,13.680115085982193,13.709346771240234,12234100
2017-06-01,13.694731509560858,13.84819507598877,13.58511547288008,13.84819507598877,8340300
2017-06-02,13.862805453324844,14.001653135718502,13.833575169256406,13.870113372802734,9262100
2017-06-05,13.840888313857281,13.855502764487094,13.687424734573261,13.738578796386719,8274500
2017-06-06,13.731271296429938,13.738577824306043,13.329343964910304,13.34395980834961,22009800
2017-06-07,13.40972666155198,13.460880708117163,13.263571048071544,13.329340934753418,12448700
2017-06-08,13.32934508526159,13.380499147755188,13.227036960274392,13.358576774597168,12264800
2017-06-09,13.365884174400405,13.39511446874958,12.861648703823741,13.007802963256836,16228700
2017-06-12,12.965835534614303,13.076276779174805,12.833305479407056,13.076276779174805,12527200
2017-06-13,13.12045510157723,13.208808954005786,13.017376777357953,13.061553001403809,9036400
2017-06-14,13.010008526884302,13.068910603006092,12.72286108133262,12.811213493347168,8743100
2017-06-15,12.722860905536576,12.803850381374808,12.634507090406574,12.715497970581055,8765900
2017-06-16,12.69341456480751,12.848033455967476,12.619786588271184,12.774405479431152,14634800
2017-06-19,12.825943218479773,13.068914531052636,12.803854406668899,13.024738311767578,10306300
2017-06-20,13.017374953447598,13.223531573000823,12.987923205319055,13.127816200256348,16282800
2017-06-21,13.127812087208342,13.135175021933613,12.914292597520337,13.039458274841309,14704800
2017-06-22,13.024733809726975,13.098361752643468,12.951105866810481,13.039458274841309,11064600
2017-06-23,13.0394583723557,13.15726392450481,12.929017159323138,13.10572338104248,14051500
2017-06-26,13.171995350453997,13.437055525271845,13.171995350453997,13.370790481567383,14175300
2017-06-27,13.326609462673783,13.38551154653041,13.083638191223146,13.083638191223145,8303900
2017-06-28,13.164626609698994,13.333971315828482,13.098362999536041,13.275069236755371,6161100
2017-06-29,13.194082355500198,13.245621514788061,12.833306836148395,12.936385154724121,9018300
2017-06-30,13.002646263024987,13.03945953587531,12.848028831850028,12.870116233825684,8935300
2017-07-03,12.95110969235331,13.068913874082616,12.914296412189133,12.929020881652832,4312600
2017-07-05,12.936379149875245,13.046820354846687,12.855388277539333,12.995281219482422,13992300
2017-07-06,12.943742656595504,12.973194394869743,12.590330223321674,12.656595230102539,11986400
2017-07-07,12.700777502894827,12.796492889356257,12.641875402533136,12.774405479431152,8241000
2017-07-10,12.906930529351158,13.171989175575574,12.848028451930587,13.157264709472656,9820100
2017-07-11,13.127814193591606,13.341335121875664,13.0910009183947,13.208805084228516,12040600
2017-07-12,13.311882894372085,13.422324120284777,13.16462699026424,13.282432556152344,10146000
2017-07-13,13.26770961448798,13.370787927522137,13.2161704579709,13.311885833740234,9397000
2017-07-14,13.31924550589806,13.613755902610695,13.31924550589806,13.562216758728027,8174800
2017-07-17,13.562216269380958,13.621118346598202,13.43704917975228,13.599029541015625,9070600
2017-07-18,13.584310150253547,13.628486373587267,13.45178007591557,13.540132522583008,5426100
2017-07-19,13.562218346401735,13.76837635040283,13.518042132807397,13.768376350402832,10808600
2017-07-20,13.94508171081543,14.033434132312703,13.805188738385592,13.94508171081543,11180800
2017-07-21,13.945081582025278,14.165964038064914,13.878816564346105,14.099699020385742,9235800
2017-07-24,14.077610757627218,14.276404394187482,14.062884886967549,14.165963172912598,8144800
2017-07-25,14.188054621794864,14.416300042191091,14.070250443246064,14.291132926940918,9266600
2017-07-26,14.313221771324121,14.335309177144556,14.121789629639709,14.180691719055176,8027800
2017-07-27,14.23222990604098,14.32058373633733,13.856728584870348,14.143876075744629,14731900
2017-07-28,14.055523574078212,14.143875999562184,13.856728510234552,14.114425659179688,5898300
2017-07-31,14.136515152801579,14.22486758256728,14.026072509089627,14.062887191772461,12771600
2017-08-01,14.092336654663086,14.12178839897249,13.959806613943696,14.092336654663086,6530100
2017-08-02,14.129152216265012,14.143876685001594,13.893543864441078,14.062887191772461,10780700
2017-08-03,14.062883292420878,14.254315376281738,13.989255351807293,14.254315376281738,14994500
2017-08-04,14.232230763723502,14.41629996729175,14.188054548081363,14.261682510375977,9122500
2017-08-07,14.261681547896508,14.283768952058676,14.173327718238399,14.22486686706543,9191700
2017-08-08,14.210140994732999,14.342671037051922,14.1365144417438,14.22486686706543,11560500
2017-08-09,14.151238909739753,14.239592739397862,14.055523548251909,14.22486686706543,7843800
2017-08-10,14.15123964648985,14.188054329237596,13.90090542115139,13.915631294250488,13284600
2017-08-11,13.945083040448685,14.062887216568367,13.878818015839295,13.915631294250488,6609900
2017-08-14,14.04079838216276,14.136515152801579,14.003985103816477,14.062887191772461,7615800
2017-08-15,13.996623232471471,14.077614136200843,13.886181984691108,14.018712043762207,9246000
2017-08-16,13.97453078949252,14.040795801807178,13.893541311147276,13.967167854309082,9583100
2017-08-17,13.900904595047843,14.048160508614592,13.716835405257644,13.724198341369629,9282800
2017-08-18,13.694752630043876,13.73156591871011,13.51804631663945,13.628487586975098,11687300
2017-08-21,13.606394849990327,13.738924897934476,13.554855698975722,13.672659873962402,6919100
2017-08-22,13.716836491213304,14.06288749419092,13.687386148770265,14.003985404968262,8432000
2017-08-23,14.018707075086528,14.026068605237622,13.84199945606476,13.886177062988281,15066900
2017-08-24,13.864092428617372,14.563555967545382,13.864092428617372,14.291132926940918,27375500
2017-08-25,14.38685212638793,14.460478697147268,14.217507362365723,14.217507362365723,13592900
2017-08-28,14.24695416410173,14.357395386205274,14.048159121713553,14.121787071228027,13044000
2017-08-29,14.018710373024243,14.173327820622243,13.959806883269016,14.143876075744629,9552900
2017-08-30,14.136514467718921,14.173327744281163,14.033434765538978,14.114425659179688,7959500
2017-08-31,14.180688669397304,14.21013900560324,13.996619504017282,14.048158645629883,10435400
2017-09-01,14.04815742343093,14.350030716044088,14.040794488935955,14.254315376281738,7550900
2017-09-05,14.195414914231938,14.239591121874628,14.062884886967549,14.165963172912598,12082800
2017-09-06,14.23959370038662,14.342672004997135,14.188054548081363,14.261682510375977,11645100
2017-09-07,14.246959427597975,14.269046837577012,14.136518164692239,14.195420265197754,5716400
2017-09-08,14.158604287361657,14.180693099669213,14.048163034497312,14.077614784240723,6496700
2017-09-11,14.180690654404616,14.283768952058676,14.158601845905968,14.22486686706543,7335300
2017-09-12,14.301230663587376,14.45691989135554,14.278988739304312,14.442091941833496,7431400
2017-09-13,14.360539008421958,14.360539008421958,14.16036596051204,14.293814659118652,7965000
2017-09-14,14.2345102868342,14.449509958764398,14.175199886225368,14.427268028259277,9665600
2017-09-15,14.419853447522685,14.493990377355079,14.3234731762265,14.434679985046387,12790700
2017-09-18,14.471750888165827,14.612612196072838,14.40502651533771,14.52364730834961,6414500
2017-09-19,14.538473047895408,14.545887023088994,14.345713935075706,14.449506759643555,5527700
2017-09-20,14.442092975706682,14.531059265136719,14.397610538027264,14.531059265136719,7007700
2017-09-21,14.493986544477067,14.664505114583973,14.486573984711086,14.65709114074707,7539400
2017-09-22,14.590365858469953,14.790538897069464,14.56812393837973,14.783124923706055,6778200
2017-09-25,14.708990939307437,14.805369793295707,14.590370158673606,14.716404914855957,9339000
2017-09-26,14.657093701602077,14.923989736007432,14.657093701602077,14.73864459991455,16565000
2017-09-27,14.746062043831449,14.842442329151583,14.649683172582815,14.73123550415039,11022900
2017-09-28,14.731234349675121,14.857269118551626,14.731234349675121,14.805371284484863,8094900
2017-09-29,14.827608547827246,14.909160847343,14.78312611812363,14.797952651977539,6704600
2017-10-02,14.783124832895183,14.998124402829964,14.783124832895183,14.916573524475098,8307900
2017-10-03,14.864675086368772,14.983295826326378,14.842434581420946,14.894330978393555,6592800
2017-10-04,14.872089082810806,15.079676085099122,14.849848577827935,15.020365715026855,7003400
2017-10-05,14.953642747467109,15.138987847750998,14.953642747467109,15.087091445922852,11265300
2017-10-06,14.975883550808735,15.279849379461487,14.975883550808735,15.257607460021973,10614200
2017-10-09,15.302091908051278,15.368816261121232,15.235367554981323,15.250195503234863,5614600
2017-10-10,15.287265373868713,15.287265373868713,15.138988719475265,15.250195503234863,6676500
2017-10-11,15.25019731002609,15.36140410696109,15.042611666166396,15.131576538085938,8402000
2017-10-12,15.08709421272384,15.17605908529555,15.012955876199982,15.124162673950195,9084900
2017-10-13,15.531923266258545,16.310372287057827,15.531923266258545,16.09537124633789,27016700
2017-10-16,16.13985420969277,16.213992544276934,16.073129849974137,16.154682159423828,9645900
2017-10-17,16.139852110502968,16.199162487642017,15.910023161777085,15.976747512817383,7137000
2017-10-18,16.117611151813456,16.369680623233094,16.065714745474885,16.102783203125,7610600
2017-10-19,16.043474396377192,16.28812991745438,15.947095548589092,16.280715942382812,10247700
2017-10-20,16.332615010181392,16.4289938653003,16.236234740991225,16.3252010345459,8621000
2017-10-23,16.42157827920879,16.540199049601103,16.384509818737868,16.399337768554688,8678400
2017-10-24,16.39193052675833,16.466067478152503,16.26589572968784,16.2733097076416,8226000
2017-10-25,16.21398860827128,16.265885005660817,16.050884028966138,16.065711975097656,13378000
2017-10-26,16.147265951720193,16.243644783502592,15.917437004882842,15.954506874084473,17010000
2017-10-27,16.021237196429865,16.058305665377702,15.806236117132357,15.939684867858887,20420300
2017-10-30,15.917441803222312,15.961925659674003,15.806234990235781,15.858131408691406,7459200
2017-10-31,15.887782654144274,16.09536826709548,15.887782654144274,15.976747512817383,9732500
2017-11-01,16.013818762029217,16.04347324611822,15.858128124831012,15.917438507080078,8813700
2017-11-02,15.850714972473998,15.984163692974198,15.620887406096504,15.895198822021484,14764900
2017-11-03,15.939680430700122,15.976748889329143,15.813645691661977,15.917438507080078,7709600
2017-11-06,15.917439332724099,15.961923182271583,15.850714972473998,15.895198822021484,13309000
2017-11-07,15.917440957944212,15.917440957944212,15.806234150863196,15.850716590881348,6245500
2017-11-08,15.821059757484417,15.917438598918578,15.746921425727567,15.880370140075684,6061800
2017-11-09,15.769159969083212,15.865538789856902,15.68019370723224,15.821056365966797,5844700
2017-11-10,15.754333715402016,15.798816144070354,15.672781417784302,15.739505767822266,6276700
2017-11-13,15.739504053155905,15.813642368907093,15.680193683369106,15.695021629333496,4921900
2017-11-14,15.643130693665706,15.902614182347161,15.561578376461785,15.83588981628418,11628100
2017-11-15,15.798819938431828,15.961924572839672,15.746923523509787,15.83588981628418,12655200
2017-11-16,15.887778646100028,16.12502009480681,15.872950702038208,15.991571426391602,9562200
2017-11-17,15.947089884528019,16.21398723602376,15.902607463968947,16.12502098083496,10639900
2017-11-20,16.169508788607356,16.517958538946996,16.13985430304484,16.399337768554688,11871800
2017-11-21,16.56244426075824,16.814513801377018,16.532788355240076,16.651409149169922,17552900
2017-11-22,15.568986940471595,15.961919024701352,15.265021118092811,15.821056365966797,28424700
2017-11-24,15.895197241235492,15.954507620662561,15.561575473163858,15.746920585632324,9657900
2017-11-27,15.695021220503259,15.813641956986976,15.539330620074178,15.754331588745117,15350100
2017-11-28,15.769163975801545,16.073129875413706,15.680197691345517,16.05830192565918,10376700
2017-11-29,16.117615428275457,16.28813264122269,15.82847742248916,15.887787818908691,12113500
2017-11-30,15.932268127030513,16.147269169025666,15.798819399457138,15.902613639831543,13922800
2017-12-01,15.850715304374788,16.006405952908764,15.54674939645782,15.872957229614258,9909900
2017-12-04,15.91002074724975,16.110193769992097,15.598642375078162,15.628296852111816,12975500
2017-12-05,15.702432399050004,15.754328785267846,15.583811683674801,15.620880126953125,9209200
2017-12-06,15.628304695275848,15.680201116682328,15.480027993481825,15.583822250366211,10032100
2017-12-07,15.598645982751558,15.672782899517523,15.509679702932935,15.546748161315918,8450900
2017-12-08,15.606052184013608,15.65794998430192,15.465190968299598,15.620880126953125,13822000
2017-12-11,15.546751083570493,15.835890486775995,15.517096594104292,15.791406631469727,7730600
2017-12-12,15.686182713231643,15.82050800409442,15.574245445299194,15.656332015991211,7174800
2017-12-13,15.626484054575783,15.656333330963665,15.492158752431052,15.559321403503418,9156700
2017-12-14,15.536932907368861,15.596632881693289,15.469770258333922,15.477232933044434,8161000
2017-12-15,15.581705358484017,15.671256019157367,15.417530807835584,15.611556053161621,19023000
2017-12-18,15.671257233859029,15.924982464847417,15.663794559611185,15.887670516967773,12155700
2017-12-19,15.947368233176244,16.133930792920022,15.850354905028231,15.98468017578125,9773100
2017-12-20,16.044384697837213,16.11901002761539,15.887672786326844,16.01453399658203,7347300
2017-12-21,16.05184481433988,16.104082109849568,15.842894208941587,15.857819557189941,8742400
2017-12-22,15.85781747822137,15.924980113174351,15.783192170122573,15.865280151367188,4100000
2017-12-26,15.768267336265593,15.902592610536836,15.768267336265593,15.84289264678955,3014800
2017-12-27,15.783196740940319,15.887672771878666,15.745884787765052,15.872747421264648,7605400
2017-12-28,15.835438536257126,15.89513853228659,15.723501221621904,15.783201217651367,5214100
2017-12-29,15.798119458863935,15.880207450201635,15.678719520568848,15.678719520568848,5204300
2018-01-02,15.80558152802684,15.917518787974556,15.671256246745788,15.910056114196777,6457300
2018-01-03,15.902598287557579,16.04438628583363,15.850360978550592,15.94737434387207,5957700
2018-01-04,15.969761002636812,16.14886095842026,15.917523693453296,16.066774368286133,7653900
2018-01-05,16.12646909550651,16.245869027098422,15.88766923232269,16.23094367980957,6750700
2018-01-08,16.25333442854379,16.327958330793287,16.11154645222229,16.29810905456543,5769600
2018-01-09,16.260792859077547,16.380192779542824,16.208554148434576,16.27571678161621,7859500
2018-01-10,16.178712534678013,16.521987112590335,16.178712534678013,16.454824447631836,8443300
2018-01-11,16.477204364029134,16.73092954597431,16.462279018418407,16.723466873168945,8355800
2018-01-12,16.77570864492665,17.14137117000432,16.75332204388414,17.10405921936035,8821800
2018-01-16,17.201069921779286,17.24584596739937,16.977195387117177,17.074207305908203,9311600
2018-01-17,16.939885230845594,17.52942232693582,16.91003453060825,17.507034301757812,11151500
2018-01-18,17.484643493773397,17.589118072751873,17.350318221738565,17.380168914794922,12277300
2018-01-19,17.484646396872197,17.75329698554781,17.477183722369027,17.686134338378906,11551400
2018-01-22,17.671208292759164,17.880157477172475,17.559271026343527,17.798070907592773,9150800
2018-01-23,17.484646387321824,17.805534273984726,17.432409089187793,17.768220901489258,7840100
2018-01-24,17.82792158249549,17.91000958188757,17.566735081447373,17.65628433227539,6781500
2018-01-25,17.73836864490675,17.79060593425932,17.387630119209113,17.402555465698242,7273800
2018-01-26,17.566730326154563,17.85030477482626,17.566730326154563,17.84284210205078,8113300
2018-01-29,17.984634191884098,17.984634191884098,17.69359557985795,17.768220901489258,7036500
2018-01-30,17.6413565970074,17.73090725908498,17.380170131280064,17.492107391357422,7973400
2018-01-31,17.58165535348965,17.715980625173056,17.38016886932393,17.402555465698242,13704700
2018-02-01,17.32793430046977,17.52195958115014,17.268234323595788,17.38763427734375,7317600
2018-02-02,17.223455773774514,17.305543757038865,16.768242664194982,16.775705337524414,9163100
2018-02-05,16.656307460821207,16.83540737269073,15.88020784271993,15.887670516967773,13314200
2018-02-06,15.410069741634002,16.036920161657587,14.932469963848265,15.992145538330078,20439900
2018-02-07,15.939910165309927,16.066772799522965,15.708571499570995,15.827971458435059,11839000
2018-02-08,15.872745099581278,15.92498239572989,14.857844180032593,14.865306854248047,16750600
2018-02-09,15.081718276515153,15.156343593150085,14.410093273519816,15.007094383239746,13216400
2018-02-12,15.141421132756305,15.3951449564761,15.029482435299153,15.23097038269043,12507900
2018-02-13,15.148878525049371,15.417529053134274,15.148878525049371,15.357829093933105,11648700
2018-02-14,15.253357439496803,15.932445139095261,15.186194794625784,15.887670516967773,12152400
2018-02-15,16.02945905089825,16.066772426777476,15.63394723009675,16.00707244873047,8133700
2018-02-16,15.969758987426756,16.20109622320148,15.917521684835021,15.969758987426758,6082200
2018-02-20,15.87274628169114,16.111546180931832,15.842895582606218,15.962295532226562,8085400
2018-02-21,16.00707014981812,16.223482005397848,15.798119544982912,15.79811954498291,7528200
2018-02-22,15.86528360691991,16.148858131428312,15.857820932148678,15.962295532226562,10726200
2018-02-23,16.97719455637681,17.327931689747476,16.417506823749,16.51451873779297,22297300
2018-02-26,16.827946528315287,17.574196953932105,16.827946528315287,17.507034301757812,21393900
2018-02-27,17.439873933567252,17.783148463078252,17.357785927223407,17.55181121826172,15105700
2018-02-28,17.66374645507071,17.835383699927068,17.454795837402344,17.454795837402344,13425900
2018-03-01,17.51449124126905,17.753292494887297,17.178679513727076,17.424942016601562,12042400
2018-03-02,17.33539186738027,17.63389166379298,17.223454621645416,17.5891170501709,10112600
2018-03-05,17.507036001565822,17.82046126769063,17.41748673887866,17.678674697875977,10034100
2018-03-06,17.760761025782422,18.021948980970958,17.701061043741603,17.872699737548828,9878100
2018-03-07,17.723446102011092,18.014483287790096,17.68613415324544,17.93985939025879,8420600
2018-03-08,18.021948980970958,18.089111638686862,17.723449070766854,17.872699737548828,7113300
2018-03-09,17.95478134312635,18.469694435006573,17.91000672485486,18.395069122314453,12892400
2018-03-12,18.424921665381962,18.424921665381962,17.7756832301871,17.783145904541016,19626700
2018-03-13,17.857459628151762,18.022597446783994,17.677307458375584,17.7298526763916,16955600
2018-03-14,17.857459442430848,17.872470929997075,17.474638591131775,17.62476348876953,9305400
2018-03-15,17.677307274528285,17.74486397956405,17.54219529616754,17.62476348876953,10320200
2018-03-16,17.69231896973278,17.87997615257969,17.6322687284902,17.647281646728516,20052900
2018-03-19,17.60224420242779,17.624762147919412,17.27196716201417,17.414587020874023,9930800
2018-03-20,17.45211670220414,17.684811190687903,17.429597326527425,17.47463607788086,8403100
2018-03-21,17.459623160763048,17.692317649246807,17.39957292400238,17.47463607788086,6337600
2018-03-22,17.294484354688418,17.33952167169351,16.83660043138676,16.86662483215332,13453500
2018-03-23,16.896654283433463,16.91166720288735,16.386226475687717,16.4012393951416,16835700
2018-03-26,16.70149036952215,16.84411023872518,16.453782929175198,16.663959503173828,9768600
2018-03-27,16.686475025133305,16.769044637152113,16.273629828460397,16.3411865234375,15088800
2018-03-28,16.341191536004253,16.416254712527408,16.08597759485213,16.28114128112793,13347800
2018-03-29,16.37872366768123,16.573887368962104,16.341192792389613,16.453786849975586,8428200
2018-04-02,16.393723703080727,16.42374809336908,15.703145545928608,15.86828327178955,10079000
2018-04-03,16.01841944496087,16.18355727315757,15.770711986810378,16.003406524658203,8117000
2018-04-04,15.665621576394257,16.221086641789114,15.620582823627462,16.168542861938477,8208400
2018-04-05,16.24360880850479,16.38622869924819,16.13852122148912,16.17605209350586,7189200
2018-04-06,15.973377784465285,16.228591633564005,15.462950086267842,15.598063468933105,10557600
2018-04-09,15.718164884092467,16.003403151160878,15.583051493271954,15.680632591247559,8208900
2018-04-10,15.90582398086453,16.453782637413905,15.90582398086453,16.326175689697266,11728200
2018-04-11,16.17604411811073,16.38622062022818,16.138513264598107,16.206069946289062,9736500
2018-04-12,16.36370487879447,16.588894344951274,16.333680475666593,16.468793869018555,8036300
2018-04-13,16.543856608368813,16.603906844825065,16.251110452897837,16.3411865234375,5867500
2018-04-16,16.49131404844332,16.536352806804985,16.311163310129082,16.4012393951416,8246500
2018-04-17,16.581394560302883,16.603913945495865,16.483811989511143,16.551368713378906,5719100
2018-04-18,16.596404315614958,16.618922264798222,16.49131530315306,16.536354064941406,7955000
2018-04-19,16.446278433391377,16.46129135440769,16.13101425060355,16.258621215820312,7028900
2018-04-20,16.258618552266356,16.341188172618235,16.0859742839949,16.16103744506836,7425100
2018-04-23,16.18355048112716,16.2511071624256,15.943349583937264,16.048437118530273,6374500
2018-04-24,16.05595139650605,16.243608617808686,15.785725971393717,15.91333293914795,7331600
2018-04-25,15.890809732601161,16.03342958734472,15.82325303465477,15.99589729309082,7279400
2018-04-26,16.13852137500304,16.161040757453893,16.0109144045369,16.12350845336914,5632100
2018-04-27,16.153533604027523,16.258621187537006,16.10849484105693,16.22109031677246,7237500
2018-04-30,16.258622754884104,16.40874911583651,16.04844613589296,16.13101577758789,7536600
2018-05-01,16.100987490125643,16.431263114010658,16.063455193063206,16.378719329833984,8273700
2018-05-02,16.44627895350157,16.44627895350157,16.13852122148912,16.17605209350586,8476400
2018-05-03,16.108494103355113,16.13851994396045,15.733179686053708,16.003406524658203,5958300
2018-05-04,15.920839341480397,16.34869904559627,15.920839341480397,16.273635864257812,6547700
2018-05-07,16.296149497351372,16.408744955372455,16.258618632484826,16.356201171875,6851100
2018-05-08,16.326171482114177,16.5063221680426,16.251108338383066,16.483802795410156,6372800
2018-05-09,16.52133959429425,16.97922360754021,16.506326675106664,16.94919776916504,6288500
2018-05-10,17.01675296767284,17.099322584185686,16.896652488223598,17.07680320739746,4950400
2018-05-11,17.054284184304816,17.144360261615194,16.986727484249702,17.046777725219727,5544400
2018-05-14,17.12935148703298,17.317008714422407,16.90416338685008,16.941694259643555,7655200
2018-05-15,16.814084876943834,16.821591336768456,16.35620228132842,16.543859481811523,8544800
2018-05-16,16.558863138491052,16.72400231311108,16.506319376279276,16.68647003173828,6158300
2018-05-17,16.633931834340732,16.86662632985851,16.60390743090809,16.7390193939209,7286700
2018-05-18,16.739019853004258,16.76153922997932,16.596401427294193,16.618919372558594,6295600
2018-05-21,16.769051439569992,16.769051439569992,16.51383747317494,16.58139419555664,6349800
2018-05-22,16.60390802769997,16.70899559105728,16.521338409798837,16.566375732421875,8676700
2018-05-23,16.416250441939486,16.43876838684082,16.17604805321038,16.43876838684082,9861600
2018-05-24,16.363710744880134,16.49882418666775,16.093485293016023,16.453786849975586,8288900
2018-05-25,16.408744846442175,16.49881949420821,16.363706090848446,16.44627571105957,7733100
2018-05-29,16.31866990200104,16.348695741151957,15.913331095439354,15.98839282989502,13558900
2018-05-30,16.814088616417592,16.874138876659003,15.793234192313607,16.63393783569336,18182000
2018-05-31,16.596404315614958,16.754035686741446,16.483808842855,16.536354064941406,15182500
2018-06-01,16.618919371987552,17.04677751252437,16.59640142672393,17.024259567260742,9230400
2018-06-04,17.039273384687405,17.136854493305627,16.96421022252146,17.069297790527344,8173500
2018-06-05,17.144360650663074,17.639775507835644,17.099323326841215,17.57972526550293,14278000
2018-06-06,17.654788105847672,17.714838347090257,17.399574222639025,17.647281646728516,10129200
2018-06-07,17.662293735734764,17.789900671348033,17.54219325888823,17.677305221557617,9292400
2018-06-08,17.564712636359634,17.827432987784924,17.564712636359634,17.797407150268555,6778800
2018-06-11,17.774887049262986,18.16521429939795,17.752367673855392,18.022594451904297,9149100
2018-06-12,18.112442727258827,18.112442727258827,17.780242454265224,17.833093643188477,6088400
2018-06-13,17.833097380109034,17.931246728581222,17.77269744873047,17.77269744873047,8073200
2018-06-14,17.840640333311928,18.112440656509513,17.840640333311928,17.968990325927734,8243000
2018-06-15,17.893494309905872,17.893494309905872,17.697194205842315,17.810443878173828,13022800
2018-06-18,17.644346289233248,17.931245584971737,17.591495092605758,17.855745315551758,5550200
2018-06-19,17.599048141241134,17.795348297811735,17.4857984386172,17.757598876953125,8855500
2018-06-20,17.817992463786844,17.885942549152514,17.59149169921875,17.59149169921875,6834400
2018-06-21,17.772693354537353,17.833093272001936,17.599042331785004,17.74249267578125,8911800
2018-06-22,17.855740671277903,18.044490575710117,17.810441097427468,17.968990325927734,14816900
2018-06-25,17.840642436937713,17.93879320524221,17.319693676112887,17.43294334411621,8785300
2018-06-26,17.463140389866556,17.53864063906709,17.357440905014293,17.402740478515625,6863200
2018-06-27,17.349890440489702,17.49334076752193,17.221540451049805,17.221540451049805,7520900
2018-06-28,17.23664265292307,17.25174299214862,16.87424315179547,17.115842819213867,9800800
2018-06-29,17.21399420125864,17.40274414399195,17.115844864658342,17.130945205688477,7585900
2018-07-02,17.017694823597903,17.259294509887695,16.896893540405287,17.259294509887695,5855900
2018-07-03,17.304590710529798,17.312140879257363,17.025240227799706,17.05544090270996,3619200
2018-07-05,17.229090662677592,17.357440652436566,16.949741616762296,17.176240921020508,7158600
2018-07-06,17.198897525488054,17.531096430844524,17.06299731872951,17.372547149658203,5375100
2018-07-09,17.470689520283557,17.69719025442131,17.372540210190373,17.64434051513672,7057100
2018-07-10,17.636794814360357,18.097343687681928,17.636794814360357,18.0218448638916,10481600
2018-07-11,17.855741584191342,17.901041160357817,17.402741502383922,17.41029167175293,6833500
2018-07-12,17.576394413702037,17.833094439747644,17.531093392601484,17.76514434814453,6345400
2018-07-13,17.599041458545656,17.946342046770173,17.591491289231257,17.90104103088379,5150200
2018-07-16,17.885942083175582,17.923691489596333,17.75004191598481,17.79534149169922,3791500
2018-07-17,17.65189318487154,17.90859321018175,17.65189318487154,17.810443878173828,4094700
2018-07-18,17.817994099380794,17.87839402080048,17.606593654388025,17.76514434814453,6467400
2018-07-19,17.66699115705092,17.76514191595009,17.493341586749338,17.508441925048828,6056000
2018-07-20,17.508450239322034,17.516000412057146,17.281949377413312,17.319700241088867,6919000
2018-07-23,17.26683931183487,17.47823825159071,17.108288666970722,17.39518928527832,5596300
2018-07-24,17.553739091961003,17.70473957414734,17.28948896815858,17.357439041137695,7192200
2018-07-25,17.2970436181939,17.599043220771836,17.2970436181939,17.58394432067871,5854100
2018-07-26,17.531093305726422,17.855743421766345,17.531093305726422,17.704744338989258,6452300
2018-07-27,17.704743740805615,17.780242559619456,17.448043724705112,17.53864288330078,4729700
2018-07-30,17.553746131736027,17.659445647627926,17.34234565990433,17.44049644470215,4268300
2018-07-31,17.455589007289564,17.53108780496486,17.402737832850697,17.42538833618164,6092600
2018-08-01,17.470696498957167,17.59149636273188,17.33479629219863,17.372547149658203,4344500
2018-08-02,17.281942729777292,17.561293253329197,17.281942729777292,17.523542404174805,5254300
2018-08-03,17.561292740634673,17.734942321532305,17.531092062192855,17.621692657470703,5092800
2018-08-06,17.57639353250767,17.9916427914435,17.57639353250767,17.92369270324707,5649700
2018-08-07,17.99164028927001,18.180390187999254,17.96898978300542,18.11244010925293,6311700
2018-08-08,18.104889119819,18.308739346817617,18.067139717803276,18.225688934326172,5567800
2018-08-09,18.2181407177055,18.361591052819016,18.157740803980996,18.180391311645508,4837000
2018-08-10,18.05204019926147,18.18794035675412,18.05204019926147,18.11244010925293,5335900
2018-08-13,18.15774023035995,18.240790649125316,17.961441596992234,17.968990325927734,4631500
2018-08-14,18.067138843318858,18.30873846063931,18.067138843318858,18.233238220214844,5071400
2018-08-15,18.052036685432103,18.18793681647179,18.029386183576435,18.142637252807617,6318700
2018-08-16,18.255889607976652,18.3389400204681,18.165289027072586,18.225688934326172,6125700
2018-08-17,18.18039219399276,18.58809271145569,18.172842024404826,18.527692794799805,7524400
2018-08-20,18.527692794799805,18.72399144389573,18.459742708555982,18.527692794799805,6085600
2018-08-21,18.572991062875147,18.671140380503534,18.384241156626512,18.489940643310547,8179200
2018-08-22,18.46729013614361,18.59564012999458,18.308740906117556,18.489940643310547,5273800
2018-08-23,18.49749086458963,18.656040095063307,18.482390526435704,18.595640182495117,8162100
2018-08-24,18.119988579601795,18.406887765158007,17.87838896228134,18.233238220214844,12857900
2018-08-27,18.41444019880915,18.54279019130798,18.32384105119085,18.369140625,6600000
2018-08-28,18.45219123807982,18.5654408938195,18.354040480403928,18.489940643310547,5619700
2018-08-29,18.53524388820186,19.086394818030495,18.50504464604631,18.935394287109375,11216200
2018-08-30,18.905187732481405,19.07128710020965,18.640937625604526,18.6711368560791,9607900
2018-08-31,18.542792479845907,18.671142488185602,18.43709298123004,18.610742568969727,8939200
2018-09-04,18.520147359664126,18.78439616255589,18.414446398459447,18.73154640197754,8906600
2018-09-05,18.746640079040926,18.82214032732687,18.482389930063857,18.633390426635742,12746000
2018-09-06,18.656039493088304,18.81459015849353,18.60318975130238,18.633390426635742,7686500
2018-09-07,18.693792948438833,18.844792026055092,18.618292689606875,18.656042098999023,14398300
2018-09-10,18.708893337725314,18.791942326617352,18.55034264975385,18.610742568969727,11585700
2018-09-11,18.56442701683757,18.837767280212294,18.488498602705796,18.73906135559082,13718300
2018-09-12,18.678316116333008,18.74665153399508,18.54164528100887,18.678316116333008,6950600
2018-09-13,18.761838782062235,19.050366464828098,18.731468285473955,18.9896240234375,6814900
2018-09-14,18.98961690869738,19.095915779250973,18.9516519919186,19.01239585876465,5509800
2018-09-17,19.012402982039237,19.17185134760929,18.966845064835763,18.9896240234375,5937400
2018-09-18,18.966842878225243,19.18703510801486,18.951656907574815,19.103513717651367,7597400
2018-09-19,19.09591436745553,19.23258516132783,19.019985987724986,19.17943572998047,7133900
2018-09-20,19.316113468135246,19.574269183099908,19.28574152603874,19.50593376159668,10136200
2018-09-21,19.581865523862813,19.847612821671948,19.53630760291197,19.61223602294922,21915800
2018-09-24,19.536306374575272,19.703349177797307,19.528713388227537,19.642606735229492,9643700
2018-09-25,19.63501178551286,19.695754222006837,19.37685606835997,19.4072265625,6308800
2018-09-26,19.521121161523457,19.90835479104232,19.521121161523457,19.718534469604492,10367800
2018-09-27,19.748904409774198,19.75649739564599,19.42241325835696,19.460376739501953,7933500
2018-09-28,19.392042763096423,19.657790027539487,19.346484847865632,19.56667709350586,9174500
2018-10-01,19.589456476797782,19.72612733913588,19.38445163150475,19.43760108947754,8571800
2018-10-02,19.437596954298474,19.855200990855163,19.437596954298474,19.802051544189453,14379900
2018-10-03,19.893167491689887,19.99946639344222,19.71853171967887,19.786867141723633,8714400
2018-10-04,20.417076739214345,20.561340613234343,19.90835813439954,20.06021499633789,12955500
2018-10-05,19.946320451853843,20.06780534614841,19.1490742038048,19.240188598632812,15682400
2018-10-08,19.126294878619852,19.247779761401045,18.936474568247483,18.9896240234375,11520200
2018-10-09,18.883328240353762,19.073148582162563,18.792213839071255,18.95925521850586,9625500
2018-10-10,18.837766284252538,18.982030118654222,18.38979025759518,18.420162200927734,14230000
2018-10-11,18.27590141988716,18.329050881384852,17.34198572959111,17.4710636138916,18005500
2018-10-12,17.812733447614598,18.040518640619016,17.66847108508024,17.972183227539062,12284500
2018-10-15,17.934225983659942,18.108860345219878,17.873483534064565,17.888668060302734,9107900
2018-10-16,18.048118487763148,18.207566880102004,17.88866864721001,18.192380905151367,8101400
2018-10-17,18.24552354438053,18.321450488277478,17.919032472054607,18.124038696289062,7839200
2018-10-18,18.07848336149515,18.291082599977646,17.873478556338053,18.048112869262695,7205500
2018-10-19,18.124040092768418,18.412566267163538,17.95699732761159,18.101261138916016,11827000
2018-10-22,18.222751100740282,18.549242289676144,18.184787615232732,18.306272506713867,10434900
2018-10-23,17.926631826087277,18.32145699857382,17.660883083376657,18.177194595336914,9621900
2018-10-24,18.199969426735144,18.25312032602026,17.478653172147123,17.509023666381836,11420600
2018-10-25,17.676065620389988,18.26830398808835,17.668472635135668,18.06329917907715,11226200
2018-10-26,17.69884661581592,17.941816398980297,17.349577914570663,17.562175750732422,12369400
2018-10-29,17.82792548954499,18.010152837092672,17.23568697206859,17.478656768798828,9897300
2018-10-30,17.51661428974396,17.994962181303624,17.448278876664006,17.972183227539062,9440800
2018-10-31,18.10126625404968,18.50368586321055,18.055709781685064,18.329050064086914,9992200
2018-11-01,18.40497871492553,18.602392028606648,18.207565401244413,18.594799041748047,7361500
2018-11-02,18.49609075482226,18.85295240246995,18.45053283946929,18.701095581054688,11792200
2018-11-05,18.701103376299272,18.807403774885106,18.5416549507424,18.708696365356445,7039000
2018-11-06,18.67072413024349,18.890914916992188,18.62516766543581,18.890914916992188,6444500
2018-11-07,19.042778407677925,19.369269657741945,18.723880145779862,19.338897705078125,8228400
2018-11-08,19.300925204293247,19.528708950102537,19.262961729396277,19.36166763305664,7545700
2018-11-09,19.255372576465597,19.354078499767784,18.799803545978065,18.982030868530273,7125800
2018-11-12,18.807396436624114,18.875731863261,18.177193072917074,18.21515655517578,7794700
2018-11-13,18.215152517630525,18.47330819476655,18.05570418963023,18.184782028198242,7820600
2018-11-14,18.42015975609478,18.54164461687286,17.98736975854616,18.01774024963379,9949500
2018-11-15,17.881068898788325,18.549237061834933,17.782362995359072,18.351823806762695,10585800
2018-11-16,18.2151547051348,18.503682354566823,18.192375749164736,18.3442325592041,8672100
2018-11-19,18.291085571395975,18.351828013942427,17.69884567040752,17.881072998046875,10002900
2018-11-20,17.516623366498358,17.554588309111946,17.061054192636668,17.167354583740234,10786900
2018-11-21,17.288836045057494,17.524212849316882,17.20531463623047,17.20531463623047,8218100
2018-11-23,17.000302945658568,17.281237582933446,16.909190026908796,17.09141731262207,3909000
2018-11-26,17.34957818526947,17.40272764513918,17.068643463968503,17.31920623779297,10845700
2018-11-27,17.182536388258274,17.28883676250778,17.06105148758534,17.258464813232422,10173900
2018-11-28,17.311610981314693,17.79755193973108,17.167348594357087,17.789958953857422,9003500
2018-11-29,17.683661279208604,17.683661279208604,17.2053132733628,17.35717010498047,17342500
2018-11-30,17.63050605219573,17.645692021277405,17.023081771065968,17.463464736938477,19163100
2018-12-03,17.76717657484823,18.237931470865007,17.76717657484823,18.184782028198242,13177200
2018-12-04,18.1392272179455,18.35182647311519,17.49383936315676,17.645694732666016,15220600
2018-12-06,17.281243275925412,18.291087388728208,17.235686801542773,18.237937927246094,19873600
2018-12-07,18.146820626876057,18.154413612760695,17.182533142736546,17.41031837463379,17395300
2018-12-10,17.311611006347455,17.509024294706144,16.939563387284004,17.41031837463379,13111500
2018-12-11,17.539399355541025,17.767183179708553,17.00030884763033,17.121793746948242,13064900
2018-12-12,17.358851671003055,17.580615970497306,17.221204160286536,17.244144439697266,10202000
2018-12-13,17.305319560895587,17.519438055785827,17.022378774730793,17.045320510864258,11356800
2018-12-14,16.8847346377846,17.160029691961682,16.777676098299384,16.831205368041992,11959500
2018-12-17,16.747077115030695,17.03766648956818,16.280607001003162,16.38001823425293,11680600
2018-12-18,16.517674064002804,16.762380108740714,16.341791776667815,16.372379302978516,11889400
2018-12-19,16.410616592182127,16.54061688070591,15.554145304254014,15.714733123779297,18164000
2018-12-20,15.68414402114341,15.783555310140862,15.156495672530227,15.347672462463379,16294900
2018-12-21,15.278850216602082,15.584732819116795,15.01120239244047,15.026496887207031,21153900
2018-12-24,14.835317074677768,15.210023369213676,14.774140566560947,14.820022583007812,6326300
2018-12-26,14.93472941888144,15.561788975215153,14.697669179925647,15.546494483947754,14093800
2018-12-27,15.309441266653282,15.592382165099545,15.026498909643522,15.584734916687012,11942900
2018-12-28,15.722374137481863,15.905903626414018,15.508257129675709,15.554139137268066,9753900
2018-12-31,15.668849141347321,15.791202167201071,15.477672356130448,15.645907402038574,8510300
2019-01-02,15.317092736841055,15.890623398789058,15.29415098528013,15.77591609954834,9467400
2019-01-03,15.56178905548656,15.600023825289316,15.06472975523586,15.240612030029297,13459000
2019-01-04,15.58473360205443,15.974734486814583,15.500616793739129,15.844734191894531,9220400
2019-01-07,15.8676688394963,16.181198564941088,15.860021595148533,16.020610809326172,8167600
2019-01-08,16.227087707915526,16.380029744997785,15.936499587735275,16.219440460205078,6355900
2019-01-09,16.318853221877553,16.410617277276216,16.066499881686184,16.219440460205078,8326700
2019-01-10,16.15061426169434,16.464144049562798,16.104730786472363,16.41826057434082,8015000
2019-01-11,16.242375842581698,16.280612066160074,15.90590436790596,16.188846588134766,12524900
2019-01-14,16.012963960150294,16.127669711072077,15.814139977889923,15.898258209228516,9626100
2019-01-15,15.90590098558485,16.112372173314494,15.791195256366986,16.066490173339844,8839400
2019-01-16,16.020612603147047,16.196494867150957,15.837081635376233,16.097082138061523,8633200
2019-01-17,16.020614615833445,16.40296817269283,15.997672877339177,16.234731674194336,11295400
2019-01-18,16.33414235453646,16.66296660531066,16.280613096701195,16.63237762451172,10827100
2019-01-22,16.53296559736721,16.555905873353613,16.196494116792756,16.303552627563477,15246600
2019-01-23,16.372377249207858,16.50237750148787,16.204142229194918,16.39531898498535,10037100
2019-01-24,16.47943805856359,16.785322077237527,16.448850531834054,16.647674560546875,5623200
2019-01-25,16.777673308469396,16.91532081266959,16.701202310740065,16.900026321411133,7290600
2019-01-28,16.69355230827108,16.823552545373293,16.578846559901535,16.808258056640625,6033200
2019-01-29,16.915319600072824,16.999436378838396,16.708848358573686,16.731788635253906,6811600
2019-01-30,16.89237560935229,17.007081353126406,16.754728133398284,16.97649383544922,7559200
2019-01-31,16.976494914842288,17.022376923556653,16.83120018559024,16.846494674682617,11203200
2019-02-01,16.94590982441421,17.045322567759314,16.77002753518899,17.022380828857422,7946700
2019-02-04,17.03002738619427,17.28238066965354,16.9459091388535,17.244144439697266,6486400
2019-02-05,17.259439519758754,17.450616300364963,17.259439519758754,17.435321807861328,6946500
2019-02-06,17.435317263372575,17.65708297118317,17.435317263372575,17.641788482666016,5836900
2019-02-07,17.5270889170906,17.60355992808225,17.35120661280406,17.4812068939209,7607700
2019-02-08,17.320614997151274,17.53473350372984,17.28238022673792,17.52708625793457,6870400
2019-02-11,17.588265434171277,17.741207456154577,17.42767762379571,17.4812068939209,7093200
2019-02-12,17.595914480754757,17.89414984970477,17.588267233017145,17.855915069580078,6945300
2019-02-13,17.92473132665018,18.00120231340647,17.756494864073787,17.832965850830078,9811200
2019-02-14,17.764142990112305,17.940025247385616,17.733555469029604,17.764142990112305,7696600
2019-02-15,17.84062010932881,17.894149383534202,17.695325323226083,17.802385330200195,10865500
2019-02-19,17.77179077365567,17.88649653367728,17.7259087613596,17.779438018798828,7177100
2019-02-20,17.802385193915093,17.993562005221282,17.779443451475554,17.878854751586914,7660100
2019-02-21,17.748851887360278,18.06238315430783,17.748851887360278,17.886499404907227,9610900
2019-02-22,18.008847654370353,18.21531887594153,17.985907379904255,18.154142379760742,6729600
2019-02-25,18.222968849880267,18.421792856890107,18.207674358903446,18.28414535522461,13031100
2019-02-26,18.184738557926373,18.345326377029494,18.16944406318418,18.27650260925293,9502200
2019-02-27,18.161796883128474,18.268855429594026,18.054738336662922,18.23826789855957,10887200
2019-02-28,15.332380234834,15.554146044036449,14.78943877130531,15.087674140930176,53508300
2019-03-01,15.232965351896608,15.255907089770794,14.904141068515065,14.988259315490723,29705800
2019-03-04,14.995906083261524,15.225317620435842,14.797082070381057,14.93472957611084,21409900
2019-03-05,14.94238178145888,15.095322370817714,14.797086981789043,14.804734230041504,15526900
2019-03-06,14.781793064306074,14.797087561410102,14.575321729092261,14.590616226196289,14410400
2019-03-07,14.529434078908697,14.5447285700995,14.322962823521726,14.391786575317383,14276200
2019-03-08,14.170020605168855,14.338255612607513,14.116489892355714,14.330608367919922,10238700
2019-03-11,14.361201175945396,14.69002403381255,14.361201175945396,14.560025215148926,11834900
2019-03-12,14.590870525343817,14.737396591992962,14.544599677794933,14.698836326599121,19010700
2019-03-13,14.72968657959961,15.138415152934467,14.69112630886354,15.122992515563965,25276400
2019-03-14,15.130706015635656,15.200111567745282,15.030450773065184,15.14612865447998,18526800
2019-03-15,15.153840105313854,15.400619968074897,15.14612805073707,15.377485275268555,22557800
2019-03-18,15.354342758202385,15.477732638526515,15.300359869426003,15.385190963745117,13232400
2019-03-19,15.446889898543487,15.639686820273528,15.354346728906604,15.42375373840332,13000000
2019-03-20,15.431469299169631,15.547147184315085,15.269519083226706,15.416045188903809,11575300
2019-03-21,15.385193810716238,15.693668568608633,15.385193810716238,15.593413352966309,11842800
2019-03-22,15.508583020724005,15.554853864608893,14.907056166526058,14.91476821899414,15765300
2019-03-25,14.868496150221628,14.899342886629153,14.544597327863451,14.629426956176758,15882400
2019-03-26,14.729687229763373,14.930196233669562,14.652568155811148,14.752821922302246,10991500
2019-03-27,14.737398203862712,14.9456177760681,14.544601268577951,14.598584175109863,13537800
2019-03-28,14.621716791129744,14.845361910368267,14.583157997913842,14.652565002441406,15678400
2019-03-29,14.822223630360497,15.022732562416172,14.799088946111723,14.984173774719238,12159900
2019-04-01,15.215536625094776,15.493164734519446,15.06901198594212,15.462316513061523,13958500
2019-04-02,15.531718810713691,15.577991128809774,15.16926114450331,15.207819938659668,16597200
2019-04-03,15.254095101962049,15.446892050551906,15.161551919432366,15.230958938598633,14054200
2019-04-04,15.2540877749011,15.315782709978704,15.153832586072944,15.238663673400879,9354000
2019-04-05,15.261804580688477,15.377482436134693,15.230956368076827,15.261804580688477,6320700
2019-04-08,15.2232471255809,15.431468186382032,15.2232471255809,15.377485275268555,7296100
2019-04-09,15.277224701136491,15.331207593396488,15.038156976446434,15.107563972473145,12549700
2019-04-10,15.09985300177004,15.423751849445335,15.092140949334484,15.400615692138672,12761900
2019-04-11,15.392907913498114,15.493163152072293,15.323502364155079,15.377485275268555,11975900
2019-04-12,15.454598615037908,15.616547288280518,15.4391745116081,15.585699081420898,8572500
2019-04-15,15.6011271293405,15.639687397664357,15.431466361487034,15.57799243927002,8880500
2019-04-16,15.616551011052422,15.894179055277863,15.577992214209473,15.863330841064453,10751300
2019-04-17,15.886464296840487,15.925023087118284,15.755362350602987,15.809345245361328,8671000
2019-04-18,15.801631911561845,15.901887111630824,15.77078517602608,15.82476806640625,7436000
2019-04-22,15.747650222491876,15.793921064787016,15.292649438972918,15.331208229064941,9455600
2019-04-23,15.392906923028198,15.562569170952356,15.254094362350132,15.493162155151367,8000600
2019-04-24,15.446888627975126,15.624261428355435,15.323498725891115,15.323498725891113,11881900
2019-04-25,15.300364068980073,15.338922865568481,15.115279197692871,15.115279197692871,13499400
2019-04-26,14.99959725193409,15.099850978314599,14.876207371347274,14.968749046325684,7894600
2019-04-29,14.907059569674393,15.254094655345062,14.907059569674393,15.161551475524902,9036700
2019-04-30,15.11527504893981,15.392901544207401,15.099850946168445,15.385190963745117,8299200
2019-05-01,15.385190337495095,15.562563099375696,15.254088411121751,15.369766235351562,9269900
2019-05-02,15.416042925188119,15.524008739346792,15.323501219030371,15.45460319519043,8627500
2019-05-03,15.570279885422941,15.693669798247814,15.49316082217645,15.647398948669434,6821300
2019-05-06,15.292653161828943,15.508586263312456,15.176975292468597,15.493162155151367,11525300
2019-05-07,15.315789456472537,15.385196472873536,15.015025228426895,15.122992515563965,9272100
2019-05-08,15.053583456237769,15.261804477183047,15.03815935003655,15.061295509338379,6271300
2019-05-09,14.91476996230558,14.91476996230558,14.575446968666263,14.876211166381836,8803300
2019-05-10,14.79909054774423,14.891632236601586,14.47519169489624,14.745107650756836,10180100
2019-05-13,14.305529287056789,14.405784498041145,13.973919857056698,14.089597702026367,11637100
2019-05-14,14.135870000686921,14.367225714437286,14.012480090563558,14.112733840942383,8363300
2019-05-15,13.981630707202612,14.529174674599744,13.927647809907887,14.444343566894531,12947100
2019-05-16,14.490617723741796,14.706549340357766,14.452057455829074,14.606295585632324,7430300
2019-05-17,14.42892237205211,14.760533346233776,14.42121178881787,14.667991638183594,11414300
2019-05-20,14.459769692168402,14.814515335906158,14.398074733652104,14.621718406677246,14502100
2019-05-21,14.714258154756472,15.099851923456509,14.714258154756472,14.991886138916016,11554600
2019-05-22,14.853076464492688,14.976466388671167,14.644855415845033,14.806805610656738,16045800
2019-05-23,14.590871261918686,14.876211356542717,14.452057241340714,14.799092292785645,14652000
2019-05-24,15.053583051627568,15.601125568740457,14.961039887831355,15.44688892364502,13551000
2019-05-28,15.408331327146737,15.52400919872898,15.161551475524902,15.161551475524902,17343400
2019-05-29,15.061294976778873,15.107565822822691,14.513750993386278,14.652565002441406,19384800
2019-05-30,14.775955531785307,14.891633387257079,14.637141516849688,14.760531425476074,9387600
2019-05-31,14.53688655780317,14.544598610315925,14.151292757707191,14.405784606933594,13082700
2019-06-03,14.459772626868839,14.683417816207996,14.351806795283942,14.390365600585938,9809100
2019-06-04,14.652563549435252,14.976462381470235,14.521461606208627,14.953326225280762,10299600
2019-06-05,15.038156993129157,15.153834829660836,14.799089268173887,15.084427833557129,8291300
2019-06-06,15.153839421296228,15.246382601116386,15.01502538702796,15.161551475524902,7820000
2019-06-07,15.176968125698098,15.408323755169517,15.161544024820477,15.200102806091309,8454100
2019-06-10,15.292649438972918,15.454599593391244,15.284937386769801,15.331208229064941,7656100
2019-06-11,15.471150960203952,15.541121109642148,15.331210661327555,15.440053939819336,7689200
2019-06-12,15.440052835638896,15.556669248743434,15.315661797279638,15.486699104309082,10798500
2019-06-13,15.517798557099924,15.618867218410102,15.486701534060286,15.541122436523438,6705700
2019-06-14,15.525569107675796,15.54111835654269,15.346757194280489,15.478922843933105,6987500
2019-06-17,15.447828956764297,15.564445381161235,15.385633431562043,15.471151351928711,7188800
2019-06-18,15.556670882853304,15.984264936771487,15.548896256781916,15.953167915344238,9406900
2019-06-19,15.992036672482776,16.147526200091132,15.906517284012375,16.03868293762207,8971500
2019-06-20,16.233046548110586,16.248595799782553,16.077558479965692,16.217498779296875,9745500
2019-06-21,16.186401683286018,16.186401683286018,15.953168819361023,16.093109130859375,15220600
2019-06-24,16.093112137957387,16.225277847639774,15.992043457275098,16.062013626098633,9726300
2019-06-25,16.11642894865493,16.256369237760637,15.999812535352895,16.015361785888672,9236900
2019-06-26,16.124203275137717,16.20194804351783,16.08533163237672,16.163076400756836,8431000
2019-06-27,16.20194941055996,16.39631060648044,16.1086553840605,16.124204635620117,7896600
2019-06-28,16.19417341839401,16.295240579287473,16.116428650013894,16.163076400756836,10777300
2019-07-01,16.419634018064723,16.621768351173078,16.233045970358514,16.318565368652344,7054400
2019-07-02,16.404086252245282,16.435183274439844,16.25637131896068,16.372987747192383,7058000
2019-07-03,16.365209980490985,16.528474134972097,16.295239840407373,16.450729370117188,5034400
2019-07-05,16.334112964263852,16.481827869202373,16.26414282418024,16.450729370117188,6394700
2019-07-08,16.326340457320406,16.42740762674143,16.093107615359127,16.124204635620117,9759100
2019-07-09,16.007585921815217,16.13975157542491,15.945390407343481,16.03868293762207,8638000
2019-07-10,16.19417206430855,16.23304370381927,15.999810901038952,16.007585525512695,5646600
2019-07-11,16.038685620715842,16.217499052236363,15.91429457096313,16.20972442626953,10293700
2019-07-12,16.32633792468605,16.536248339603652,16.303014050964755,16.505149841308594,6845900
2019-07-15,16.520701119903975,16.660641413706355,16.520701119903975,16.598445892333984,8419000
2019-07-16,16.645093257769638,16.808357438900025,16.544026084961907,16.56734848022461,6269000
2019-07-17,16.53624438303899,16.63731151259995,16.46627426147461,16.46627426147461,5692800
2019-07-18,16.40408347695872,16.668414793754742,16.388534227062934,16.621767044067383,5734000
2019-07-19,16.676194884116203,16.777262075846146,16.621772491644695,16.629547119140625,7724600
2019-07-22,16.715059424494928,16.746157921242546,16.637314665483828,16.668413162231445,9753600
2019-07-23,16.761708787929162,16.87832520659265,16.66064162051633,16.816129684448242,8395700
2019-07-24,16.785030908559257,16.901647315020977,16.676189126909396,16.769481658935547,6886200
2019-07-25,16.70728823311219,16.70728823311219,16.450731513662063,16.582897186279297,5332100
2019-07-26,16.6217685250373,16.77725807213283,16.505152106144763,16.73061180114746,5061900
2019-07-29,16.691737312723024,16.79280595495643,16.621767170517774,16.71506118774414,5866900
2019-07-30,16.68396160383785,16.777255615003345,16.582894451028395,16.746158599853516,4525800
2019-07-31,16.6995136799874,16.77725845531079,16.240821136723486,16.357439041137695,12752200
2019-08-01,16.349663870889444,16.753934019964355,16.16307730604144,16.318565368652344,12234100
2019-08-02,15.984264605880906,16.085333259858412,15.494475036389073,15.657737731933594,10942600
2019-08-05,15.517797811685316,15.548896316089483,14.763676874183966,14.895842552185059,9648400
2019-08-06,15.0202316685932,15.144622704464346,14.833645114786478,14.965810775756836,8275800
2019-08-07,14.7481252049065,14.91138936055434,14.623734173392938,14.841419219970703,8637000
2019-08-08,14.965809531762043,15.230140831730894,14.93471103395018,15.183494567871094,6054000
2019-08-09,15.121302374862124,15.144624770483265,14.872518786322832,14.989136695861816,5250900
2019-08-12,14.888066747339666,14.911390623796152,14.615960786780093,14.693705558776855,5204700
2019-08-13,14.678156860562906,15.385632977803546,14.631510588751498,15.191271781921387,11827700
2019-08-14,14.934714312743075,15.082429244063022,14.82587251222223,14.989136695861816,18915500
2019-08-15,14.903615065121858,14.996909082248013,14.336080785940535,14.483794212341309,10146000
2019-08-16,14.654833883401736,14.919165217920163,14.639284632463431,14.833645820617676,10972700
2019-08-19,15.12908035322935,15.261246074468175,14.93471908569336,14.93471908569336,7609100
2019-08-20,14.678154131457342,14.84919290106172,14.608185478178605,14.701478004455566,8141300
2019-08-21,14.888065630695625,14.926938755207514,14.717028331417547,14.740350723266602,7503000
2019-08-22,14.779227008544254,14.856971791336877,14.639286696089215,14.717031478881836,11687700
2019-08-23,13.465342838654633,14.118396547570011,13.294305527408484,13.846290588378906,26397600
2019-08-26,13.978457353897232,14.048427505555956,13.784096151035953,13.86961555480957,15138600
2019-08-27,13.94735801112763,14.071749041626543,13.683026700602925,13.784093856811523,13791900
2019-08-28,13.815196442894582,13.931812883129371,13.698580002659792,13.830745697021484,10675500
2019-08-29,14.048424178386572,14.203913696993435,14.032874929954296,14.063973426818848,7605300
2019-08-30,14.235010159686528,14.390499672271373,14.157265403394105,14.219462394714355,8070100
2019-09-03,14.048426883160067,14.22723882598444,13.97068210888827,14.11062240600586,7878600
2019-09-04,14.227238925997092,14.390503101401382,14.157268776946431,14.273886680603027,6870800
2019-09-05,14.452695957239708,14.841418276728978,14.413824318433969,14.701478004455566,9151800
2019-09-06,14.771447860329356,14.895838881577179,14.755898611958893,14.84919261932373,6576200
2019-09-09,14.608185204857046,14.888064261309319,14.577086708107938,14.77922248840332,12135200
2019-09-10,14.732186326441187,14.91251607344092,14.716505088759872,14.888994216918945,9472400
2019-09-11,14.881150915159123,14.990918063693309,14.771385262069805,14.94387435913086,8737700
2019-09-12,14.888995114736026,14.93603733517152,14.481291883107819,14.700824737548828,25108900
2019-09-13,14.779224026685961,15.053639620451765,14.779224026685961,14.959553718566895,14057400
2019-09-16,14.551854784511091,14.826270456505958,14.473450093163258,14.794909477233887,7849500
2019-09-17,14.787068858554592,14.865472054457323,14.567536021869678,14.794909477233887,8663100
2019-09-18,14.810587471641874,14.888992153738718,14.496970238699431,14.669459342956543,6164300
2019-09-19,14.700824737548828,14.928198211303291,14.685143498921923,14.700824737548828,10121600
2019-09-20,14.747861016367974,14.787064097141108,14.473445432734533,14.48128604888916,14437500
2019-09-23,14.418565068130317,14.606735401520947,14.402885328598087,14.520491600036621,6720700
2019-09-24,14.567536358193998,14.622419194771044,14.206876863290471,14.23039722442627,10328400
2019-09-25,14.285278268147223,14.520492318100924,14.253917292087033,14.434247016906738,17288600
2019-09-26,14.42640498557143,14.496969044099375,14.30879871983979,14.442086219787598,11331800
2019-09-27,14.536174282209581,14.700822779526668,14.449928976693949,14.52833366394043,19906800
2019-09-30,14.583214582751022,14.91251302961925,14.583214582751022,14.834108352661133,24391700
2019-10-01,14.93603306216464,15.037959588634436,14.567533032526814,14.575373649597168,10441600
2019-10-02,14.457767384431461,14.661618941926257,14.293117416843634,14.575373649597168,18666100
2019-10-03,14.512650245552338,14.544011218469066,14.222553394987386,14.42640495300293,16118400
2019-10-04,13.328745017280763,13.36010748807616,12.905360634212402,13.046488761901855,41105500
2019-10-07,12.960245332944405,13.344426638629924,12.944564097093169,13.17193603515625,15382900
2019-10-08,13.022968567662137,13.062170161203367,12.764234162133183,12.779913902282715,16839200
2019-10-09,12.913200199155783,12.944562667394338,12.795593934150789,12.858317375183105,13539400
2019-10-10,12.58390464919601,12.685831198929314,12.489820213767723,12.568224906921387,19859400
2019-10-11,12.772075099243622,13.015128275254654,12.709350155297578,12.732872009277344,21192100
2019-10-14,12.803435311856857,12.999446263658367,12.772074337199955,12.968085289001465,15195600
2019-10-15,12.968085496910012,13.250340255126865,12.866158962889973,13.179776191711426,13098000
2019-10-16,13.140571799719064,13.454188961734339,13.117049951776197,13.36010456085205,18463600
2019-10-17,13.367947376298615,13.367947376298615,13.21113949967146,13.297383308410645,9597400
2019-10-18,13.218976480248356,13.313060881245692,13.140571815787515,13.211135864257812,12184400
2019-10-21,13.320903317569366,13.540436108970479,13.320903317569366,13.328743934631348,8777400
2019-10-22,13.33658623223459,13.469873748194235,13.2581815471798,13.422831535339355,10038800
2019-10-23,13.446351894044303,13.45419251209428,13.313064378084658,13.422831535339355,7109700
2019-10-24,13.469873748194235,13.579639410003947,13.320904996134635,13.422831535339355,6364000
2019-10-25,13.501232395794768,13.681563588944583,13.485552657844774,13.587477684020996,17277300
2019-10-28,13.689403463445423,13.85405343226025,13.689403463445423,13.822690963745117,13899500
2019-10-29,13.822692760426953,13.924619300904798,13.744289569837846,13.799172401428223,9462700
2019-10-30,13.77564867545076,13.82269088250216,13.571797117634965,13.814851760864258,8662600
2019-10-31,13.74428709447376,13.814851149651279,13.454190257027875,13.618840217590332,11414800
2019-11-01,13.673724027612542,13.940299034118652,13.556117758964515,13.940299034118652,8824900
2019-11-04,13.995182876857951,14.230395431247516,13.971661023241014,14.112789154052734,12249200
2019-11-05,14.300958070446411,14.48912839428119,14.269597097529681,14.42640495300293,12554300
2019-11-06,16.966712318607218,16.990234177850823,15.281017954393514,15.343741416931152,63188300
2019-11-07,15.539747166380486,15.82984401711541,15.179087752680381,15.202608108520508,28254200
2019-11-08,15.132045266715698,15.328056223514839,14.865470245833274,15.304535865783691,21512500
2019-11-11,15.312379644598439,15.610315702443321,15.273176547878565,15.3986234664917,12704500
2019-11-12,15.375099466807722,15.406460441319712,15.139885428465854,15.312376022338867,15757600
2019-11-13,15.194768255445494,15.390779206341278,15.092843218975432,15.312376022338867,9692000
2019-11-14,15.586793496250351,15.790645108304581,15.469187199608156,15.782804489135742,15231600
2019-11-15,15.861204954505217,15.876886188660029,15.735758072156328,15.822003364562988,10628100
2019-11-18,15.602471590395755,15.8612059890468,15.531907527541387,15.688716888427734,12326000
2019-11-19,15.759285463540259,15.822008926765038,15.625997917256939,15.767126083374023,14578600
2019-11-20,15.53974883014603,15.602472278176535,15.320217509761743,15.445664405822754,13926500
2019-11-21,15.531907653572969,15.602471716999917,15.3123763410846,15.406460762023926,12026400
2019-11-22,15.516231399572224,15.735762761380261,15.453506444261075,15.633837699890137,10331100
2019-11-25,15.641677858596866,15.861209213938869,15.618156001047995,15.79848575592041,12898800
2019-11-26,15.759279184368198,15.759279184368198,15.453501114467828,15.727916717529297,17370500
2019-11-27,15.994493429502747,16.025855899725297,15.461343399278507,15.516227722167969,17500200
2019-11-29,15.484866428127768,15.822005531403775,15.477025809976581,15.743600845336914,10551800
2019-12-02,15.665194618196875,15.720077444411046,15.516227374314084,15.547588348388672,13833500
2019-12-03,15.328055099805308,15.42998162731772,15.22613006773771,15.390778541564941,16160700
2019-12-04,15.461341165225772,15.798480194179572,15.445661427824994,15.712236404418945,14994400
2019-12-05,15.790643141808106,15.939611896573751,15.649515005234864,15.931771278381348,12964500
2019-12-06,16.018012233051504,16.190501300106607,16.002331000925242,16.072895050048828,10736900
2019-12-09,16.065060586887046,16.26891219626963,16.025858987001815,16.049379348754883,7428000
2019-12-10,15.793139614608657,16.030393501494277,15.793139614608657,15.975034713745117,11302800
2019-12-11,15.975039120974701,15.998763460318703,15.769419632312598,15.872228622436523,15139500
2019-12-12,15.76942156119347,16.212293547952218,15.76942156119347,16.15693473815918,14798600
2019-12-13,16.10947949077367,16.236014304431993,16.022486240728337,16.09366226196289,8692100
2019-12-16,16.13320937002449,16.362554741357318,16.11739213577785,16.228111267089844,8720900
2019-12-17,16.243925258955223,16.243925258955223,16.07784734934458,16.109481811523438,7612800
2019-12-18,16.07784652709961,16.196472737375245,16.05412068167884,16.07784652709961,11285100
2019-12-19,16.11738843148726,16.133205662098593,15.99085360342485,16.054121017456055,8267500
2019-12-20,16.077845312872483,16.33882355913499,16.00666929039962,16.25973892211914,16082800
2019-12-23,16.251830307576157,16.34673217367797,16.13320410625938,16.25973892211914,7613800
2019-12-24,16.25973668405085,16.402088709402562,16.25973668405085,16.283462524414062,3064900
2019-12-26,16.307190036682258,16.449540568214765,16.299281422417017,16.362548828125,3729700
2019-12-27,16.362550141395964,16.394183092581873,16.220198090024237,16.23601531982422,4780500
2019-12-30,16.212290558177344,16.323008157345537,16.12529729687996,16.204381942749023,4458000
2019-12-31,16.141117251533093,16.267652102910553,16.077849825844364,16.251834869384766,6282100
2020-01-02,16.35464566901257,16.47327190573152,16.330919818303006,16.441638946533203,7194700
2020-01-03,16.196472245324262,16.354641526495975,16.172747909038343,16.23601531982422,5421800
2020-01-06,16.33882363846753,16.441634119611525,16.22019743657477,16.29928207397461,9312500
2020-01-07,16.259740580746946,16.433727101612668,16.220199012412447,16.338825225830078,6536200
2020-01-08,16.23601584118603,16.599803087783023,16.23601584118603,16.552352905273438,7780100
2020-01-09,16.6077136089057,16.813333101263773,16.58398776072098,16.797515869140625,9378700
2020-01-10,16.813331369096137,17.034768070764176,16.813331369096137,16.908231735229492,10012100
2020-01-13,16.971498489379883,17.042674515421492,16.876598126933782,16.971498489379883,7157700
2020-01-14,17.01104647316404,17.034772324829458,16.813335567862385,16.924053192138672,11997700
2020-01-15,16.88450631753339,17.090125775551087,16.852871858570346,16.939865112304688,13958100
2020-01-16,16.931961354581347,17.13758087158203,16.837060967297624,17.13758087158203,7861700
2020-01-17,17.105941471488308,17.38273695335219,17.026858341024933,17.374828338623047,13476400
2020-01-21,17.335287519327697,17.374829086260856,17.216661310114134,17.366920471191406,10312200
2020-01-22,17.36691738677997,17.36691738677997,17.026856049673995,17.34319305419922,9776100
2020-01-23,17.351107217048053,17.53300086427106,17.295748412103162,17.477642059326172,10814500
2020-01-24,17.54090740171367,17.55672463222753,17.24038605560683,17.38273811340332,10299900
2020-01-27,17.105940182858397,17.23247650057838,16.995222601819066,17.06639862060547,10554400
2020-01-28,17.2008486423626,17.327383500207972,17.066405167350084,17.113855361938477,8610900
2020-01-29,17.200842606625503,17.2403841701717,16.924047136560233,16.947772979736328,8548000
2020-01-30,16.829152199919783,17.09013052523987,16.765884772824442,17.02686309814453,8308300
2020-01-31,16.963591200637715,17.026858611060213,16.73424589509739,16.860780715942383,11420500
2020-02-03,16.924049628228815,17.161303569677955,16.797514796154946,16.8449649810791,8202900
2020-02-04,17.12966827679816,17.192935689767122,16.939866037891274,17.042675018310547,10185100
2020-02-05,17.20875399669205,17.232479843694993,17.042676084499877,17.224571228027344,8857200
2020-02-06,17.28783757031789,17.343196368136034,17.192935696619568,17.27202033996582,5703500
2020-02-07,17.145486506417,17.21666253870713,17.04267601159162,17.185028076171875,7343100
2020-02-10,17.952143074124102,18.086586492171183,17.2799259838887,17.319467544555664,13112200
2020-02-11,17.414369873887367,17.63580503308572,17.366918189704382,17.580446243286133,9181000
2020-02-12,17.635808035260833,17.817703172098817,17.635808035260833,17.778160095214844,12993500
2020-02-13,17.67534693569731,17.7069798813159,17.509269068854888,17.57253646850586,9202700
2020-02-14,17.5962697522911,17.722804605117567,17.58836113543764,17.691171646118164,8979300
2020-02-18,17.453914480272168,17.627901002465386,17.398555680815836,17.58835792541504,8465800
2020-02-19,17.675349534406543,17.896784711534448,17.588356281441147,17.738616943359375,13283600
2020-02-20,17.706992190358704,18.047055265533224,17.699083571352922,17.90470314025879,20458200
2020-02-21,17.841425528238886,18.015412030376087,17.801883964160783,17.952144622802734,16987100
2020-02-24,17.61999413399263,17.746528976270753,17.36692294102209,17.477642059326172,21989400
2020-02-25,18.173577669572424,18.92487936649809,17.95214252317111,18.466190338134766,44019200
2020-02-26,18.58481948636804,18.58481948636804,17.960052490234375,17.960052490234375,16657000
2020-02-27,17.604175067451404,17.683259712739094,17.185027503316558,17.303653717041016,23949800
2020-02-28,16.591898142450464,16.900328168017055,15.951315257436601,16.441638946533203,26357500
2020-03-02,16.52863114691781,17.303657522679615,16.425822141322666,17.287841796875,15428100
2020-03-03,17.240384778493866,17.272019237178206,16.141112982251272,16.40999984741211,19957500
2020-03-04,16.615616721289456,17.11384730082282,16.409997297039787,17.08221435546875,18364200
2020-03-05,16.670976544625525,17.161300049650045,16.58398329976298,17.034765243530273,16562300
2020-03-06,16.52071644966375,16.99522274270191,16.52071644966375,16.931955337524414,12858900
2020-03-09,15.785234909983615,16.046214702711925,14.962758486975067,14.994391441345215,14985100
2020-03-10,15.565940600405177,16.228490831725654,15.015145352846782,15.79743480682373,9319500
2020-03-11,15.31848519008588,15.541995197096515,14.823567346973686,15.454188346862793,14195100
2020-03-12,13.889609580065931,14.823566167689288,13.051444075360594,13.977417945861816,12917200
2020-03-13,14.823568887454053,14.863482480387908,13.115306696130226,13.713996887207031,16605100
2020-03-16,12.548543104988674,12.548543104988674,11.430987937755933,11.542743682861328,16105100
2020-03-17,11.686430608743956,12.085557327824741,10.864229019320401,11.49484920501709,20724700
2020-03-18,10.816333145655188,11.17554700425138,10.161764874882902,10.46510124206543,11237900
2020-03-19,10.38527741318774,11.742308105807648,10.010098084095137,11.49484920501709,13536500
2020-03-20,11.510811749872799,11.814148071586862,10.848261623406737,11.135632514953613,17318900
2020-03-23,10.99993448451565,11.143620377294656,10.353349489558052,10.936074256896973,15106500
2020-03-24,11.40703984096392,12.484682120729522,11.18352912591928,12.348978996276855,14245700
2020-03-25,12.356961682133553,13.410655876688708,11.870027405222947,12.27713680267334,14110600
2020-03-26,12.396874994363191,14.536193572392667,12.221259795818717,14.320666313171387,20615300
2020-03-27,13.570307345577168,13.81776546497734,12.867845047021124,13.458552360534668,11273200
2020-03-30,13.51442862277394,14.440402329666725,13.21109151591924,14.240839004516602,11892700
2020-03-31,14.240843569797814,14.344615862222016,13.514432955184907,13.857682228088379,16771900
2020-04-01,12.97161692715342,13.306883394787898,11.662481160139091,11.84607982635498,18685400
2020-04-02,11.822132686733656,12.628368007915176,11.774237149807893,12.364944458007812,15832200
2020-04-03,12.285118368316844,12.53257646112121,11.343179245487388,11.558707237243652,12047500
2020-04-06,12.149415647676083,12.340996260258484,11.917922217153926,11.973799705505371,21196000
2020-04-07,12.532578441200503,12.843897546561454,12.037661416123912,12.069591522216797,23111100
2020-04-08,12.325032425147073,12.883809664866105,12.229242106447277,12.548543930053711,21466300
2020-04-09,12.796001537979636,13.163197342112387,12.636350261588712,12.748106002807617,14773100
2020-04-13,12.732144339714498,12.732144339714498,12.301087440656778,12.404860496520996,9803100
2020-04-14,12.700212015618744,12.891792657110482,12.396875619286595,12.708194732666016,17585800
2020-04-15,12.372926362355551,12.412839180295306,11.917922217153926,11.973799705505371,9487300
2020-04-16,12.013713623054858,12.245207074765505,11.614586929672795,12.16538143157959,12117400
2020-04-17,12.33301297305635,12.556523677381096,12.261170056347842,12.388891220092773,17718700
2020-04-20,12.149416357708342,12.364944369140941,11.893974764729688,12.261171340942383,16571900
2020-04-21,12.021698138454123,12.14143585987579,11.494850184886745,11.510815620422363,12232300
2020-04-22,11.814151273460451,11.893976162109713,11.582657802212102,11.806168556213379,12847100
2020-04-23,11.885993297232904,12.053626540233662,11.646517127049858,11.670464515686035,11357300
2020-04-24,11.814149195020036,12.013712523445127,11.78221909292297,11.973799705505371,11254600
2020-04-27,12.069591302659507,12.181347052588547,11.957835552730467,11.997748374938965,11356200
2020-04-28,12.285118202766444,12.668279410180292,12.26915277182071,12.388891220092773,15964400
2020-04-29,12.692228281138831,13.28293559235639,12.660298176783119,12.995565414428711,18232300
2020-04-30,12.907756026531251,12.915738742301638,12.364943534523675,12.380908966064453,11954700
2020-05-01,12.061608721677008,12.14941708377845,11.670464734434967,11.742307662963867,9405800
2020-05-04,11.678448173897788,11.92590631939504,11.502832200101345,11.893976211547852,9864900
2020-05-05,12.053627489726017,12.181347920878142,11.798185866147948,11.822134017944336,10683400
2020-05-06,11.95783435020763,12.053625418384435,11.6066032248962,11.702393531799316,8422800
2020-05-07,11.893975612247411,12.1653818959101,11.878010939765138,11.93388843536377,9652300
2020-05-08,12.149416400042709,12.564507753009591,12.149416400042709,12.50064754486084,12000300
2020-05-11,12.30906867980957,12.444771831840809,11.88599455003362,12.30906867980957,9961700
2020-05-12,12.372927257480843,12.444770182715176,11.862044825694056,11.870027542114258,9161000
2020-05-13,11.830117041372548,11.87801258801314,11.095723734709384,11.223444938659668,12796100
2020-05-14,11.023880547815853,11.590640531281093,10.688614035835073,11.582657814025879,14935300
2020-05-15,11.415022891226695,11.893974437496258,11.327214536788661,11.862044334411621,13232100
2020-05-18,12.261171095882716,13.003547711053429,12.229240992557775,12.867844581604004,18013000
2020-05-19,12.875825971350956,13.713992909264759,12.867844777627136,13.354778289794922,19523700
2020-05-20,13.634168726449882,14.001366101440555,13.602239380499343,13.809783935546875,16561300
2020-05-21,13.721979605793802,13.849700058086357,13.482502615834346,13.713996887207031,8731500
2020-05-22,13.650132416451552,13.650132416451552,13.346795294670729,13.570306777954102,8480500
2020-05-26,13.889605561895884,13.945483043038243,13.594252726558508,13.618199348449707,9027300
2020-05-27,13.889607598330722,13.953467803648781,13.402674103735793,13.666097640991211,15044600
2020-05-28,12.532576389797223,12.532576389797223,11.92590371206228,11.981781959533691,50083800
2020-05-29,11.989764773215839,12.109502462126526,11.862043607431136,12.085555076599121,29035900
2020-06-01,12.013715463769998,12.436789610420826,11.933889808353372,12.07757568359375,19564600
2020-06-02,12.165382077321233,12.668281829029533,11.98178415403146,12.604421615600586,28266700
2020-06-03,12.891791673788813,13.554341912700387,12.811966031952393,13.458552360534668,19391500
2020-06-04,13.155213817573449,13.466533635148592,13.02749341332884,13.147231101989746,20873100
2020-06-05,13.729956280965439,14.081186608897514,13.674077275453898,13.897588729858398,19470700
2020-06-08,14.081188115342826,14.63198333393302,14.057241490108936,14.504262924194336,18930900
2020-06-09,14.138311791655724,14.235038258308903,13.888431755016166,14.10606861114502,15369200
2020-06-10,13.9932209954936,14.041584230345258,13.541825678746408,13.614371299743652,24239900
2020-06-11,12.961461932205491,13.203279638007743,12.534249780739144,12.622916221618652,22947700
2020-06-12,13.10655430392628,13.24358475904648,12.808311774758733,13.122675895690918,13611900
2020-06-15,12.759947066393925,13.703038608601112,12.630977414249314,13.598251342773438,15649900
2020-06-16,14.025461304052547,14.194734916074093,13.509582748252349,13.904552459716797,15253100
2020-06-17,13.977097324295498,14.009338963584392,13.517642817993902,13.557945251464844,12427500
2020-06-18,13.404796104097947,13.783645824491565,13.356432866100326,13.638554573059082,10313100
2020-06-19,13.896495632014382,13.985162860643369,13.461223360664412,13.525708198547363,29456100
2020-06-22,13.437038013340914,13.662735664990455,13.219401156833083,13.646614074707031,10895000
2020-06-23,13.807826096578689,13.985160524210256,13.678856442359123,13.711099624633789,12517300
2020-06-24,13.549887557530276,13.582130741635778,13.042069707385727,13.058191299438477,17669700
2020-06-25,12.977585018172753,13.219402751843191,12.888917798355086,13.195221900939941,13512000
2020-06-26,13.1307345067906,13.509582625586543,12.961460896306043,13.388673782348633,30227400
2020-06-29,13.461222918195803,13.928738361839981,13.283888466766792,13.807827949523926,12255900
2020-06-30,13.791707986449087,14.081888980616498,13.68691916672882,14.049647331237793,12307100
2020-07-01,14.033524108635046,14.17861535759456,13.638554340600583,13.703039169311523,11761700
2020-07-02,13.89649183816394,14.186674298135054,13.694976582614974,13.759461402893066,10167400
2020-07-06,13.985162057433433,14.210858208341449,13.969040464528653,14.073827743530273,11548700
2020-07-07,13.936797396245552,14.01740227767779,13.348371614689087,13.40479564666748,14367300
2020-07-08,13.598249102426704,13.622429947320258,13.243581848741604,13.501521110534668,16397400
2020-07-09,13.46122220030456,13.493463847746895,12.913100356827774,13.227463722229004,12495000
2020-07-10,13.259705570366416,13.75946258613841,13.22746238873492,13.694977760314941,11230100
2020-07-13,13.840070347518363,14.194737692727688,13.67079670238495,13.767524719238281,10659000
2020-07-14,13.686916947294716,14.372069181687104,13.64661450774673,14.339827537536621,14898500
2020-07-15,14.49297803777058,14.79928211311754,14.226977939411126,14.339827537536621,14876500
2020-07-16,14.299524685654028,14.484918382065006,14.23503985483979,14.3720703125,8319300
2020-07-17,14.468798490243735,14.509100933416251,14.025463928147778,14.14637279510498,14076400
2020-07-20,14.033524760556597,14.275342495096272,13.920676689430039,14.22697925567627,8371400
2020-07-21,14.323705188663542,14.533281245588256,14.073825156884402,14.089946746826172,10038400
2020-07-22,14.025461861493525,14.347885971683374,13.95291624452088,14.291461944580078,8483400
2020-07-23,14.26728385063411,14.452677557592155,14.130253385178221,14.235040664672852,7281300
2020-07-24,14.154431844471608,14.226977463181226,13.96903816885346,14.10606861114502,8019400
2020-07-27,14.178613667376993,14.396250514872008,14.073824872313732,14.35594654083252,9427300
2020-07-28,14.323705856667093,14.404312272695691,13.42897755988473,13.461220741271973,19906000
2020-07-29,13.549887834398037,13.872311994843027,13.517646187073373,13.767524719238281,12325900
2020-07-30,13.630493796224632,13.944857149808456,13.485402544589139,13.896493911743164,8938700
2020-07-31,13.92874019420464,14.210860426883123,13.823951361404095,14.170557975769043,14603400
2020-08-03,14.178615377726562,14.412372305595786,14.009341741220249,14.32370662689209,7614300
2020-08-04,14.339826265141186,14.525219930514877,14.25921985575803,14.420431137084961,8697100
2020-08-05,14.549403426119698,14.686433885788267,14.412372966451128,14.484918594360352,9822400
2020-08-06,14.388186631955058,14.799277854289668,14.380125838877232,14.72673225402832,8267200
2020-08-07,14.70255340947579,14.887947082519531,14.638068586789295,14.887947082519531,6907700
2020-08-10,14.912131797793707,15.34740557202468,14.904071001518354,15.299040794372559,8436300
2020-08-11,15.315161018435855,15.661767540106574,14.896008874208961,14.968554496765137,10594000
2020-08-12,15.162010533931234,15.202314515843263,14.831525569451138,15.153949737548828,9132400
2020-08-13,14.952433439064805,15.089463893510471,14.791222134530825,14.81540298461914,9263200
2020-08-14,14.734799352331294,14.79122339058162,14.541344847998857,14.654192924499512,11523000
2020-08-17,14.702553639395768,14.775099258232482,14.428492754332513,14.468796730041504,12917000
2020-08-18,14.460734166806478,14.72673422420449,14.355945380214948,14.70255184173584,8279000
2020-08-19,14.750921746889484,14.904073830310079,14.581649605298283,14.621952056884766,6196900
2020-08-20,14.509101731252576,14.686434643378467,14.484919341555514,14.630010604858398,5865500
2020-08-21,14.597764929187168,14.750915409368863,14.468795294592415,14.694491386413574,7473800
2020-08-24,14.84764729424148,15.178132261660252,14.84764729424148,15.033041000366211,5670000
2020-08-25,15.089464723830439,15.153949556680326,14.750918967008618,14.863768577575684,7465100
2020-08-26,14.912131163985261,14.976615994007613,14.750918320209573,14.775100708007812,10461000
2020-08-27,14.91213232796685,15.202314854437732,14.79122345441723,15.073345184326172,14543400
2020-08-28,15.540860086430593,16.26631484012819,15.194253533429377,16.000314712524414,22607800
2020-08-31,15.960005794886724,16.25824901538266,15.758490562438965,15.758490562438965,18537600
2020-09-01,15.742371328381596,15.75849137935928,15.363521687779148,15.524734497070312,12850600
2020-09-02,15.621462512755816,16.040614628820705,15.581160075127805,15.9922513961792,10325900
2020-09-03,15.855223445632282,16.161526017047542,15.403829616068855,15.55698013305664,12562400
2020-09-04,15.51667567524408,15.718190943753745,15.250675582308904,15.500554084777832,10339300
2020-09-08,15.350871464809401,16.25386280863996,15.236979476493202,15.822705268859863,17584200
2020-09-09,15.87151250350531,16.131834343481604,15.822702546419894,16.026079177856445,10103400
2020-09-10,16.091158263009714,16.139968215924767,15.440352167033781,15.464757919311523,10408300
2020-09-11,15.611193008337786,15.838973876709561,15.489167321475648,15.692543983459473,10224500
2020-09-14,15.863380504607683,15.969135691916415,15.684409590838722,15.72508430480957,12678100
2020-09-15,15.80643469870202,16.074891835228513,15.660003251207419,15.66813850402832,8732700
2020-09-16,15.806438317899975,16.074895515895076,15.757628341439368,15.790167808532715,9701400
2020-09-17,15.57051372528076,15.668135186822676,15.367137102738889,15.570513725280762,8434100
2020-09-18,15.52984504612526,15.66000601091587,15.3590078100619,15.41595458984375,21729600
2020-09-21,15.06614254869726,15.114952510057423,14.716334463727918,14.919711112976074,11370400
2020-09-22,14.98479474643824,15.123090959228275,14.86276904142139,15.001065254211426,8167500
2020-09-23,15.220706574954537,15.415949509438233,14.854629563988919,14.90343952178955,9745200
2020-09-24,14.74074204760809,14.984793436304155,14.50482436044646,14.765146255493164,8950500
2020-09-25,14.643119421917,15.017331729022866,14.618713664289794,14.887170791625977,7839200
2020-09-28,15.131222443419391,15.415950051950848,15.098681435980076,15.342734336853027,11572100
2020-09-29,15.334602931077637,15.578654341520688,15.326467677177398,15.391548156738281,8211400
2020-09-30,15.359007712926516,15.71695113965749,15.3264682477552,15.448493957519531,11925400
2020-10-01,15.537976911577443,15.684408352940743,15.399680722694411,15.456625938415527,10634200
2020-10-02,15.074282781042637,15.708817143281655,15.049877016479133,15.52984619140625,8391100
2020-10-05,15.716947012015321,15.936594162891227,15.537976121472367,15.70881175994873,9371300
2020-10-06,15.863385845782405,15.944736852755724,15.415957634891257,15.424091339111328,11898900
2020-10-07,15.586784004664688,15.708809666117356,15.489164096158742,15.643729209899902,11850000
2020-10-08,15.749487788421225,15.871513464342291,15.676272072540456,15.782027244567871,8393500
2020-10-09,15.952865072119298,16.009810286390778,15.65186694457485,15.757623672485352,8176000
2020-10-12,15.920324033709212,16.148106442016378,15.733217886692994,16.1318359375,7831400
2020-10-13,16.237594208802104,16.245729462611045,15.90405656084061,16.00981330871582,7111600
2020-10-14,16.009809959425368,16.21318660717896,15.838972768459195,15.863378524780273,6033400
2020-10-15,15.676274303842176,15.928460943526426,15.546113357447668,15.912190437316895,7697800
2020-10-16,15.961004128113762,16.12370455742872,15.93659836547803,15.944733619689941,7409100
2020-10-19,16.00167738893238,16.083028371995017,15.716949724033606,15.749490737915039,5010500
2020-10-20,15.871514101028309,16.074890752935424,15.749488420212181,15.757623672485352,6142600
2020-10-21,15.708816784076289,15.83897775548957,15.627465789032694,15.635601043701172,5817100
2020-10-22,15.5949215985744,15.82270400537697,15.440354909971202,15.741353034973145,6149500
2020-10-23,15.700677750001159,15.822704989013209,15.505436339878997,15.554247856140137,6232100
2020-10-26,15.359004109791995,15.45662558568667,14.700064190335281,14.846495628356934,12399800
2020-10-27,14.870898221801983,14.952247624161508,14.610574858674184,14.626845359802246,8907300
2020-10-28,14.19569175803742,14.439743134012291,14.073664518409178,14.114340782165527,12223900
2020-10-29,14.057396130988913,14.569904661843948,14.032990371751675,14.464149475097656,7721800
2020-10-30,14.342119535047244,14.618711881188785,14.252634871277154,14.610576629638672,7882600
2020-11-02,14.789551703265996,15.041738339821467,14.659390758486344,14.97665786743164,7499100
2020-11-03,15.1963090637674,15.285795318842151,15.098687553536646,15.147499084472656,6340200
2020-11-04,15.163765344093372,15.188171105217313,14.846498207687095,14.870903968811035,8512600
2020-11-05,15.131225134297246,15.619329471205075,15.123089880990674,15.562382698059082,8926200
2020-11-06,15.53797986236187,15.733221304043902,15.432223111675114,15.660005569458008,6515700
2020-11-09,16.20505230679171,16.758237069432436,15.977269889339421,16.050485610961914,13946800
2020-11-10,16.083024342495108,16.335210930328696,15.993538128382314,16.16437530517578,11227200
2020-11-11,16.205054070768508,16.229459831179582,15.619329785671193,15.749490737915039,9736400
2020-11-12,15.627458088523838,15.749485296780293,15.204435915697573,15.399677276611328,8877500
2020-11-13,15.5054369475106,15.993541267764376,15.48103274006447,15.952866554260254,6526600
2020-11-16,16.180645468925103,16.587398761168696,16.05861979158016,16.514183044433594,11140100
2020-11-17,16.294538054459625,17.00228794047871,16.1481066155203,16.6768856048584,12321500
2020-11-18,16.766376177970905,17.042968622902368,16.62807995550517,16.636215209960938,9110300
2020-11-19,16.562995175301474,16.74196607198246,16.375887474634155,16.6768856048584,5731600
2020-11-20,16.693160439510155,16.83145666197589,16.538593708132893,16.636215209960938,7255900
2020-11-23,16.839590642423943,17.303289249833238,16.741969147981504,17.238208770751953,8895700
2020-11-24,17.34395948116234,17.84833422731026,17.295149522386932,17.693767547607422,17525300
2020-11-25,18.613029541338864,18.995378620285223,17.783254023534088,18.100521087646484,18762300
2020-11-27,17.93782211908417,18.21441452128854,17.913417911127894,18.11679458618164,6690200
2020-11-30,17.970363280522726,18.133065242567874,17.73444559072135,17.84020233154297,14794200
2020-12-01,18.076116909544538,18.37711504785649,17.96222647692742,18.20627784729004,11564600
2020-12-02,18.19000813594954,18.694381360789382,18.108657165337746,18.564220428466797,8710000
2020-12-03,18.54794998492281,19.060460015311556,18.515410527555662,18.905893325805664,8730600
2020-12-04,18.922162456965136,19.426535646854497,18.91402720530362,19.345186233520508,8720500
2020-12-07,19.174345890403725,19.43466769408752,19.00351028860136,19.263832092285156,8380900
2020-12-08,19.135881705812807,19.488579305479153,19.111274350792705,19.291725158691406,7938400
2020-12-09,18.988241598622114,19.51318757922958,18.980039146562554,19.02105140686035,10541100
2020-12-10,18.774974802213677,19.22610009285658,18.742166571951845,19.004638671875,10405000
2020-12-11,18.873409937711322,19.15228704309358,18.791386983576942,18.955432891845703,7718900
2020-12-14,18.963631866124857,19.291722058038967,18.963631866124857,19.037450790405273,6512300
2020-12-15,19.275316413946314,19.504980321657566,19.242506613791544,19.44756317138672,6973600
2020-12-16,19.742845910006224,19.931497575121128,19.554194244891324,19.669025421142578,11160100
2020-12-17,19.833074631005697,19.92330003576269,19.65262382149171,19.865882873535156,10914900
2020-12-18,19.76745607815321,20.120153671996,19.734646272001477,20.06273651123047,17948100
2020-12-21,19.652626437424868,19.849482176635625,19.455772262672024,19.685436248779297,10390200
2020-12-22,19.759255768927055,19.988919743516504,19.73464841164531,19.81667137145996,7150200
2020-12-23,19.816668674967428,20.062735956470686,19.808466223656303,19.85767936706543,4538500
2020-12-24,19.956110596504974,20.05453846444269,19.816672029526984,19.89869499206543,2309800
2020-12-28,19.939699104644088,20.202171246501273,19.89048596916021,19.906890869140625,5592900
2020-12-29,19.90689697797826,20.03813308917933,19.660828096132864,19.7264461517334,5831200
2020-12-30,19.849478300863062,20.25138902473101,19.849478300863062,19.947904586791992,7556300
2020-12-31,19.96430835331428,20.2513878724447,19.874082959298498,20.16936492919922,6368200
2021-01-04,20.259591321909102,20.456445456727643,19.562398616640778,19.775657653808594,8041600
2021-01-05,19.751051175077343,20.275995557843732,19.751051175077343,20.06273651123047,7856500
2021-01-06,20.193979017334563,20.817349839231287,20.193979017334563,20.472854614257812,8471800
2021-01-07,20.72712035384679,21.16183932048231,20.554872005882483,21.12082862854004,9288400
2021-01-08,21.071610434497057,21.276666973972038,20.825541648452734,20.94037437438965,7514100
2021-01-11,20.9157713978357,21.268468969759475,20.784535310300004,21.145435333251953,8907000
2021-01-12,21.186447609889516,21.448919804608796,21.120829561209696,21.252065658569336,7280700
2021-01-13,21.317682355402624,21.3586946110128,21.079817530693948,21.0880184173584,6596600
2021-01-14,20.981390404952137,21.268469946289155,20.96498550214256,21.01420021057129,8290500
2021-01-15,20.88295870695213,20.97318409133214,20.497452948663884,20.64509391784668,8364600
2021-01-19,20.718916966940707,20.817343248940475,20.497455485754923,20.6204891204834,6794200
2021-01-20,20.686109683964883,20.768132638597784,20.546671130426272,20.669706344604492,6270500
2021-01-21,20.841954071551783,20.866561428377267,20.489256446008916,20.80094337463379,7160000
2021-01-22,20.59588146471372,20.792735575321363,20.48104872684954,20.72711753845215,6684500
2021-01-25,20.686106622163205,20.7271188756382,20.021723760443344,20.522062301635742,9953100
2021-01-26,20.661504264637184,20.800942820685925,20.005322180219327,20.1939754486084,11548300
2021-01-27,19.83307385009868,20.702513363075045,19.816668947251024,20.382625579833984,12948600
2021-01-28,20.489254523068343,20.792738970935684,20.382625782414102,20.399030685424805,9292900
2021-01-29,20.31700533583001,20.4974545542676,19.742846313912498,19.96430778503418,14666900
2021-02-01,20.079145431518555,20.16116839885046,19.767460033006877,20.079145431518555,9353000
2021-02-02,20.32521004664354,20.50565928514809,20.234984645162445,20.415433883666992,5952800
2021-02-03,20.390826378819476,20.78453462851189,20.31700588644496,20.69430923461914,6300500
2021-02-04,20.677908805310253,21.293078665174892,20.595887408894587,21.28487777709961,6963400
2021-02-05,21.32588754987097,21.801618824943624,21.284876853442793,21.44892120361328,7267500
2021-02-08,21.629368429519705,22.441392286674706,21.58015372463211,22.39217758178711,8426300
2021-02-09,22.416790546310168,22.59723981603453,22.21993637084961,22.21993637084961,7065500
2021-02-10,22.318359110463867,22.580832866932788,22.096899176240413,22.269145965576172,6267500
2021-02-11,22.39218185691193,22.53982287084735,22.088698941118306,22.457799911499023,6265600
2021-02-12,22.45779972026494,22.556227583536355,22.33476606451903,22.548025131225586,3941200
2021-02-16,22.58083393621603,22.70386758649018,22.146113369825773,22.2773494720459,6380700
2021-02-17,22.146108127068608,22.211726162644588,21.514533556863917,21.555545806884766,9402800
2021-02-18,21.399709623175113,21.694991665361115,21.293079301515544,21.662181854248047,7345300
2021-02-19,21.900043931746033,22.260942395397382,21.859031676019114,22.228134155273438,8979600
2021-02-22,22.137907061251667,22.433189022034973,21.98206363034298,22.244537353515625,9524800
2021-02-23,22.17072190046663,22.507014625782713,21.72779885866038,22.457799911499023,11845500
2021-02-24,22.39218064257991,23.17959881938103,22.3183601396155,22.94173240661621,8275900
2021-02-25,22.884314549427213,24.60679017453627,22.326560388491174,23.122180938720703,18366000
2021-02-26,24.131061594621077,24.811849467854984,23.647127876537695,23.761959075927734,26078200
2021-03-01,24.09004988480211,24.96769187623868,23.917801528510786,24.262296676635742,17327800
2021-03-02,24.13105971915905,24.84465734501957,24.0572392211577,24.63960075378418,10928600
2021-03-03,24.557580082966638,24.836457198078914,24.21308491514899,24.459152221679688,10059700
2021-03-04,24.163866279883194,24.48375560379649,22.84330298799046,23.023752212524414,14448400
2021-03-05,23.212402775824245,24.42633884235179,23.064763361619057,24.401731491088867,13688900
2021-03-08,24.28690556057707,25.16454760726305,24.24589329961271,24.73802947998047,13142600
2021-03-09,24.799118227501065,25.2283960283285,24.64226584521809,24.848649978637695,10337000
2021-03-10,24.815624052220446,25.236647810415025,24.774347861540598,24.980731964111328,11820400
2021-03-11,25.071540568788492,25.162348499925898,24.741324756917496,25.04677391052246,10122500
2021-03-12,24.980732774583664,25.451288291777864,24.865158177261804,24.997243881225586,9478300
2021-03-15,24.98073519027722,25.434779644736622,24.832138365301866,25.418270111083984,12813700
2021-03-16,25.434777837831312,25.575119098717426,25.08805246238243,25.121074676513672,10605200
2021-03-17,25.005495161480457,25.41826330947781,24.980728505749827,25.376985549926758,12590100
2021-03-18,25.22839685071856,25.682442903794183,24.94771429415139,25.02201271057129,11022700
2021-03-19,24.79911551522384,25.030264711638004,24.50192189173614,24.832136154174805,49810500
2021-03-22,24.856904533931864,25.36048072851863,24.650520408806788,25.154096603393555,14955000
2021-03-23,25.046780563379063,25.236653603428458,24.303797938491705,24.41937255859375,10313100
2021-03-24,24.543198060580337,24.98073294200892,24.2377504585866,24.24600601196289,9073900
2021-03-25,24.031367880790217,24.78260596550695,23.915791700735863,24.67528533935547,9561200
2021-03-26,24.782606666801414,26.16125271587627,24.782606666801414,26.136486053466797,13195700
2021-03-29,26.07870109814378,26.367639220603323,25.59988993719995,25.64942169189453,9661500
2021-03-30,25.59163405207219,26.136488070439743,25.558611832977878,26.05393409729004,7219500
2021-03-31,26.08695284878928,26.51623061785129,26.08695284878928,26.210783004760742,8919000
2021-04-01,26.48320901388009,26.53273918201813,26.09520590121785,26.45844078063965,7866900
2021-04-05,26.681342342911286,26.92900269013296,26.210786738438447,26.796916961669922,6915200
2021-04-06,26.689598374666886,26.887725384626844,26.458445997484212,26.65657615661621,8973300
2021-04-07,26.582274151674532,26.970274139283326,26.540997959269973,26.6483154296875,6836800
2021-04-08,26.846447715582492,26.986787410849793,26.45019056820368,26.730873107910156,7066500
2021-04-09,26.73087185073012,27.23444960262313,26.697849636041987,27.226192474365234,6635300
2021-04-12,27.226197476011805,27.39130543061226,26.879473605605924,27.0280704498291,7861600
2021-04-13,27.05283108870662,27.317002512923562,26.697850146945395,27.275726318359375,9579700
2021-04-14,27.201433674832636,27.746287746428674,27.16841145251228,27.407817840576172,7798500
2021-04-15,27.64722389958952,27.91964935755897,27.482115939125276,27.754541397094727,7402600
2021-04-16,27.93615459898013,28.29113553718443,27.894878404829534,28.051729202270508,7281600
2021-04-19,27.903133828732745,28.101263979754663,27.738025894409798,27.820581436157227,7808600
2021-04-20,27.952669141327824,28.0930088485193,27.449091322963802,27.548154830932617,8219500
2021-04-21,27.465600276152866,28.076495534699763,27.407812971943617,27.985689163208008,6392100
2021-04-22,28.084750584139375,28.3158997838632,27.853601384415548,27.878366470336914,7579700
2021-04-23,27.960925863627587,28.57182437921897,27.853608364958486,28.41497039794922,6192800
2021-04-26,28.481013159315886,28.76994971430671,28.26637502549017,28.340673446655273,5311400
2021-04-27,28.38194539349018,28.64611681822168,28.29938985502922,28.423221588134766,6578900
2021-04-28,28.423216499142978,28.472749813350937,28.12602291223767,28.332406997680664,6245600
2021-04-29,28.580073730190858,28.786457862281836,28.241603879528526,28.6461181640625,7533400
2021-04-30,28.538796014829792,28.571818230008237,27.99394206107251,28.15904998779297,8807800
2021-05-03,28.34066993275703,28.59658423568371,28.15905089261149,28.46449851989746,6234900
2021-05-04,28.274627460429254,28.381948096061844,27.762795669921058,28.035221099853516,8884100
2021-05-05,28.26636780186087,28.63785666357807,28.26636780186087,28.439729690551758,5498700
2021-05-06,28.414968117496006,28.89378085469068,28.233352207846472,28.877269744873047,5583900
2021-05-07,28.885524556838455,29.38084521493823,28.736927729574134,29.364334106445312,6796400
2021-05-10,29.628501494276396,29.71931100398936,29.08364758517012,29.10015869140625,7745900
2021-05-11,28.497519843475043,28.56356112471354,27.440834150284886,27.72977066040039,11388800
2021-05-12,27.449087508317415,27.548151002519205,26.22729391592299,26.375890731811523,12679900
2021-05-13,26.417165596258748,26.95376553210137,26.367633851649778,26.739124298095703,10282600
2021-05-14,26.96202621421791,27.39955962045392,26.689600763843213,27.176664352416992,7289600
2021-05-17,27.028066001802465,27.350024728243625,26.73087236226546,27.275726318359375,8442400
2021-05-18,27.300490512287897,27.300490512287897,26.673084187587527,26.69784927368164,7568100
2021-05-19,26.210778028518824,26.309843079239535,25.773243214262823,26.25205421447754,10975200
2021-05-20,26.40065817170007,26.590531198002314,26.062188316261814,26.450191497802734,7495100
2021-05-21,26.631806704968607,26.78040353025353,26.111719391057328,26.136486053466797,8679900
2021-05-24,27.151895711695584,27.151895711695584,26.51623221169147,26.673086166381836,8591600
2021-05-25,26.829942481406643,27.07760285909281,26.26032172322493,26.301599502563477,9366000
2021-05-26,26.375890680458234,26.574017668476067,26.22729386485901,26.557506561279297,10337500
2021-05-27,26.77214624147456,26.846444644933207,26.2850796297282,26.499717712402344,24469000
2021-05-28,25.145841671750485,25.253162301239623,23.9983464115242,24.13043212890625,36879400
2021-06-01,24.53494794112459,24.74133209748374,24.254265362509255,24.650524139404297,15438700
2021-06-02,24.617497110730923,24.91469074171306,24.51843361679411,24.584476470947266,11186100
2021-06-03,24.435884061605016,24.840396813055932,24.411117396362094,24.708311080932617,8983200
2021-06-04,24.807369423396462,25.43477730753662,24.807369423396462,25.28618049621582,11233700
2021-06-07,25.426524590434727,25.50082300438291,24.947713464205304,25.22014045715332,9071500
2021-06-08,25.323156089800264,25.414545941104098,24.857901690218892,25.27330780029297,10084900
2021-06-09,25.422859633810784,25.422859633810784,24.824673694532414,24.965911865234375,12472800
2021-06-10,25.206851627426392,25.29824151042287,24.866218625811097,24.899450302124023,7948000
2021-06-11,24.799750624194896,25.09053528308591,24.799750624194896,24.99083709716797,11422000
2021-06-14,24.957605161849887,25.024070090211517,24.21818105109675,24.41757583618164,12610900
2021-06-15,24.47572613386096,24.700045803433653,24.459111094545133,24.58373260498047,8406000
2021-06-16,24.3511109544571,24.558814054066094,24.043711254439163,24.118484497070312,12431900
2021-06-17,24.1683302856306,24.301260128793984,23.36244291337149,23.794464111328125,12545500
2021-06-18,23.370751800020706,23.877547864283333,23.27936351481268,23.81939125061035,25007000
2021-06-21,24.010476871545542,24.49234797664802,23.96062857367944,24.268028259277344,9318400
2021-06-22,24.2846445301397,24.317877784661587,23.910779924661277,24.209871292114258,8631800
2021-06-23,24.243103222279604,24.517271218512672,24.060323501691755,24.259719848632812,7914000
2021-06-24,24.50896615682574,24.517274471104567,24.18494982319604,24.484041213989258,6270700
2021-06-25,24.425882154439474,24.85790494581341,24.400958798745936,24.683433532714844,17050100
2021-06-28,24.724979556433134,24.949299305999386,24.625281361742896,24.76651954650879,6570000
2021-06-29,24.88283054063105,25.190230223027573,24.749900691273293,25.04068374633789,7779100
2021-06-30,25.03237591660108,25.15699903935091,24.824672824883137,25.082225799560547,7129200
2021-07-01,25.140383312705612,25.31485315537008,25.032376813738082,25.21515655517578,7606500
2021-07-02,25.35639490499515,25.597329677706327,25.21515673318208,25.50594139099121,6294700
2021-07-06,25.40623815219526,25.464394755260077,24.85790220237187,25.07391357421875,7533400
2021-07-07,25.165307902020473,25.339777742237207,24.94929649176485,25.156999588012695,7349900
2021-07-08,24.708357964525703,25.0822241387217,24.475729946731672,24.8579044342041,6996800
2021-07-09,25.132075206043172,25.31485336434079,24.932680419359706,24.957605361938477,10959100
2021-07-12,24.841289231008354,24.866214172265813,23.786157154174866,24.268028259277344,14636600
2021-07-13,24.126795644336404,24.151719005040857,23.395679760457018,23.420604705810547,13290500
2021-07-14,23.636610749652025,23.968935355264183,23.520295949201234,23.7529239654541,7022000
2021-07-15,23.59507017114039,23.669843408613925,23.121507390240534,23.345827102661133,10203100
2021-07-16,23.43721583696085,23.570147271995317,22.814106569034784,22.863956451416016,7143000
2021-07-19,22.531628425379548,23.096579411941825,22.357157032670983,22.922109603881836,12621200
2021-07-20,23.046732692587746,23.81938837442834,23.046732692587746,23.437213897705078,13161300
2021-07-21,23.6366141966062,23.794467416886437,23.320904586747822,23.69477081298828,11177700
2021-07-22,23.752922960246767,23.794462939947074,23.03011558706141,23.096580505371094,8836700
2021-07-23,23.23781747009514,23.603375294484984,23.187969180066524,23.428905487060547,8394700
2021-07-26,23.553532253835655,23.935705203644268,23.553532253835655,23.661537170410156,5687600
2021-07-27,23.38737058360539,23.603382014762886,23.138127477850055,23.595073699951172,9027000
2021-07-28,23.65322494506836,23.819388034253024,23.39567358301593,23.65322494506836,5932900
2021-07-29,23.81939008760822,24.07694147186292,23.761233476774784,23.91077995300293,6496400
2021-07-30,23.661539603808365,24.076945853529647,23.5369180458218,23.985557556152344,6815000
2021-08-02,24.135098054088814,24.492347616955094,24.027093146190282,24.209871292114258,8016500
2021-08-03,24.34280361423783,24.63358828225411,24.1849503931667,24.533891677856445,8118100
2021-08-04,24.30125887963639,24.575426865148906,24.135095791899076,24.15171241760254,6062600
2021-08-05,24.326186649660325,24.392651575561768,24.11017524431843,24.284645080566406,4855100
2021-08-06,24.317876979541673,24.66681821722468,24.28464372612008,24.359416961669922,5730800
2021-08-09,24.342800334959126,24.55881172825325,24.276335412764684,24.359416961669922,5828400
2021-08-10,24.425884232853175,24.874523689296986,24.3926525608845,24.70005226135254,7458700
2021-08-11,24.691742431220426,25.240078454553434,24.575429209497905,25.0074520111084,5644800
2021-08-12,25.04068528639606,25.323161629816425,24.949296999747514,25.256696701049805,5329400
2021-08-13,25.03237666717478,25.05730160940187,24.076942733554166,24.10186767578125,11393300
2021-08-16,24.02709130688718,24.533887307008495,23.786154983993875,24.45911407470703,7672800
2021-08-17,24.32618936074377,24.342804405584207,23.611690139187772,23.827701568603516,8946000
2021-08-18,23.46214275190516,23.927397267394507,23.370752877833542,23.445526123046875,8190300
2021-08-19,23.20459478645665,23.36244961473606,22.888885129897833,23.079973220825195,9137800
2021-08-20,23.146434726842482,23.55353262597678,23.1298180979842,23.445526123046875,7878800
2021-08-23,23.6283059440585,23.819392422571234,23.462142824261107,23.728002548217773,6733600
2021-08-24,23.81108039680257,24.085248392480807,23.678150555543347,24.010475158691406,6974000
2021-08-25,24.03540289426449,24.708360492007106,23.977246280029174,24.41757583618164,11460300
2021-08-26,24.59204378927164,24.616967143480622,24.0603228528491,24.176637649536133,12504100
2021-08-27,23.088278436032557,24.176642287213014,22.85565038268335,24.027095794677734,23469000
2021-08-30,24.209876651065404,25.115462436807373,24.076946772850906,24.708364486694336,13430400
2021-08-31,24.791446056740682,25.223468953262365,24.641899547587087,24.708364486694336,14276400
2021-09-01,24.666819494603143,24.758207776947604,24.20156343049988,24.276336669921875,11839800
2021-09-02,24.4092632137536,24.716664443574537,24.32618325645207,24.592042922973633,8280900
2021-09-03,24.517275024654182,24.949297869013918,24.467426722504662,24.808059692382812,8119600
2021-09-07,24.66924017820295,24.736139748784055,23.950068598197397,23.958431243896484,11345800
2021-09-08,23.874810212082064,23.93334874136682,23.431601084008864,23.573762893676758,9890000
2021-09-09,23.523579337605,23.849716085752323,23.314518014823182,23.590478897094727,7907700
2021-09-10,23.74100641163698,23.899893484347558,23.398145925006247,23.414871215820312,7346300
2021-09-13,23.590481349371323,23.80790533906742,23.51522073275679,23.732643127441406,8211300
2021-09-14,23.80790586702166,23.80790586702166,22.988385761155605,23.04692268371582,6591300
2021-09-15,23.038560781008126,23.481771429697833,22.896398995202865,23.37306022644043,7104500
2021-09-16,23.38141732765005,23.573754954788846,23.272706142755332,23.448318481445312,6107400
2021-09-17,23.281075078408158,23.373062594723862,22.963300892051205,23.147275924682617,13268800
2021-09-20,22.628802946292684,22.829501676336033,22.419741569787732,22.779327392578125,8460700
2021-09-21,22.988386153261988,23.005111444282047,22.38629003164375,22.436464309692383,8719100
2021-09-22,22.787684601136004,23.222532543299852,22.737510329351355,23.07200813293457,7844300
2021-09-23,23.2225386950842,23.60721087235394,23.172362814996333,23.398149490356445,6323200
2021-09-24,23.281079589839425,23.57376589346049,23.247628997420087,23.322891235351562,4292900
2021-09-27,23.289435959038386,24.234392609952877,23.289435959038386,24.00860595703125,8797800
2021-09-28,23.908257360192884,24.702691169619786,23.791183508492267,23.89989471435547,11729800
2021-09-29,23.055286015763883,23.41487180221402,22.72078816616314,22.837862014770508,11513300
2021-09-30,23.113820678454534,23.481769074518567,22.74587387740191,22.87967300415039,10304100
2021-10-01,23.021836066028293,23.632294815409757,22.87131164124678,23.473407745361328,7473400
2021-10-04,23.38142131631575,23.866445194004477,23.373060265676315,23.48177146911621,7881600
2021-10-05,23.649019179278472,23.832992582907323,23.36469563139024,23.665742874145508,6966900
2021-10-06,23.339607768946145,23.531943818110644,22.90475980082615,23.205808639526367,8765000
2021-10-07,23.381418092381598,23.741003830735576,23.33960646490333,23.456680297851562,7714800
2021-10-08,23.6657518325896,23.73265142241624,23.255991645524922,23.322891235351562,7211700
2021-10-11,23.38978629268076,23.49849910196509,23.072013701335536,23.147275924682617,7319100
2021-10-12,23.14727454544904,23.264348399230094,22.118693014342725,22.202316284179688,15261700
2021-10-13,22.118691506054255,22.30266492016659,21.834367941964228,22.14377784729004,12821900
2021-10-14,22.394652678043016,23.0887363052876,22.319390463461307,22.988386154174805,7555300
2021-10-15,23.097101159656486,23.93334665052728,23.088738513346375,23.649023056030273,14068400
2021-10-18,23.490131135774032,24.19257733125908,23.490131135774032,23.916616439819336,8972100
2021-10-19,24.00024360354967,24.309653508156867,23.933344035390427,24.134042739868164,8696400
2021-10-20,24.234391732048568,24.501990009515886,23.832994315847593,23.90825653076172,11236500
2021-10-21,24.627428093243385,25.756358126727264,24.5187152961598,25.564022064208984,21188500
2021-10-22,25.488758915991518,25.923606898380005,25.346597136941877,25.480396270751953,11161000
2021-10-25,25.798173713499523,25.906884925512355,25.29642609995267,25.614198684692383,7640300
2021-10-26,25.714545542853962,25.73963347856332,25.078998859986925,25.204435348510742,8680700
2021-10-27,25.246252651132195,25.346601220149648,24.79467930551842,24.83649253845215,7504800
2021-10-28,25.028824654480992,25.538934850269243,24.96192508741134,25.463672637939453,7023000
2021-10-29,25.3131489336926,25.656009424058798,25.17098715024723,25.363323211669922,7772500
2021-11-01,25.43858581209148,26.14103209447756,25.38841153335292,26.13266944885254,8312500
2021-11-02,26.132671227286266,26.45044380760493,25.714548487649687,25.93197250366211,8487500
2021-11-03,25.839983232023076,26.241380651954678,25.714546737670897,26.13266944885254,6253200
2021-11-04,26.16611880887402,26.46716606225204,26.015594384679268,26.199567794799805,5267000
2021-11-05,26.416987848096667,26.793298852489997,26.341725647218002,26.718036651611328,8504100
2021-11-08,26.67622890229062,26.994001463936666,26.35845634064458,26.425355911254883,7662000
2021-11-09,26.40862925677639,26.85183988607571,26.366817625432386,26.567516326904297,4536900
2021-11-10,26.500613605928862,26.876923028275076,26.249739062686743,26.35845184326172,6744800
2021-11-11,26.42535196119691,26.81838668040522,26.375177689492123,26.500614166259766,4589900
2021-11-12,26.483890830266894,26.701314817035534,26.2748294885676,26.60932731628418,6016700
2021-11-15,26.69295101074885,26.784936912487105,26.115941286157113,26.216291427612305,7091100
2021-11-16,26.24138206915878,26.49225666642355,26.099220275878906,26.099220275878906,5973300
2021-11-17,26.099219957610693,26.191207468320528,25.798172677580414,25.86507225036621,6997200
2021-11-18,26.007228642054777,26.31663850381724,25.62255498214716,26.266464233398438,6979300
2021-11-19,26.308278271062782,26.584240771189872,26.10757957597972,26.299917221069336,7931600
2021-11-22,26.425357793049134,27.2365153438394,26.27483334970396,26.701318740844727,10940100
2021-11-23,26.801663569669483,27.20306096595202,26.626052806925173,26.918737411499023,13042700
2021-11-24,28.432343424377663,30.280444981356684,28.432343424377663,29.63653564453125,34001100
2021-11-26,28.97590485893422,29.469289780587836,28.766843505522065,28.917367935180664,9289800
2021-11-29,29.076252550003073,30.180096207965008,28.984265046835745,30.046297073364258,16670700
2021-11-30,29.745247056777274,30.071382235203295,29.210050539357862,29.502735137939453,20479200
2021-12-01,30.096472608713388,32.095098555108734,29.82887115247984,30.489505767822266,24511000
2021-12-02,30.48114551846594,32.003111893783704,30.36407167267581,31.476276397705078,18331200
2021-12-03,31.6602515520294,32.1870870505244,31.05815383946369,31.40101432800293,16219000
2021-12-06,31.61007423253019,31.961298945459163,30.874177416411857,30.88254165649414,12219500
2021-12-07,31.40454573706051,31.741324999025665,31.135123612194413,31.396127700805664,10699300
2021-12-08,31.53925554192382,31.61503071225633,30.84886097301203,30.90779685974121,10980600
2021-12-09,30.310012994240704,30.72256736206094,30.150044637450783,30.43630599975586,14452800
2021-12-10,30.70573285905195,31.025669622421233,30.29317842702886,30.672054290771484,9650500
2021-12-13,30.56259965564321,30.646796073881237,29.67014010467482,29.703815460205078,10614700
2021-12-14,29.501747135020377,30.20055966245654,29.32493949441462,29.973234176635742,11187100
2021-12-15,30.091114478978305,30.571022852353458,29.75433520808532,30.52892303466797,9127000
2021-12-16,30.613116434422338,31.177217963918277,30.444726815608753,30.899377822875977,12380000
2021-12-17,30.730988735742347,31.39612597509295,30.714149452393166,30.78992462158203,30029500
2021-12-20,30.38579698259662,30.46999020288939,29.956406420278718,30.419475555419922,9298300
2021-12-21,30.78151212462356,31.202484648808298,30.562604613458834,31.168806076049805,9113800
2021-12-22,31.076191800743004,31.44664646810141,30.697315884259694,31.387710571289062,6947900
2021-12-23,31.269840213141013,32.02759208089307,31.253000925883672,31.699234008789062,6620900
2021-12-27,31.598189977639322,32.153873463972,31.598189977639322,32.07809829711914,5805700
2021-12-28,32.1201966308758,32.313843556856426,31.774999378168683,31.951807022094727,5220100
2021-12-29,31.850780035191388,32.33910645194252,31.833940750232355,31.977069854736328,4626800
2021-12-30,32.078101923520016,32.17071638367291,31.732904615891606,31.783422470092773,4284700
2021-12-31,31.817109725853964,32.06969264228639,31.68239862297227,31.716073989868164,4878200
2022-01-03,31.749749489919108,32.13704347167931,31.648716975495955,32.0107536315918,7054400
2022-01-04,32.37278324499828,33.248406744215934,32.32226539289398,33.004241943359375,9633700
2022-01-05,33.02949915612772,33.38311769617789,32.71798043191008,32.72639846801758,10956200
2022-01-06,32.49907581103509,32.80217652581046,32.13703920302732,32.56643295288086,7976400
2022-01-07,32.751665933646564,32.852698447150956,32.33069338031828,32.54117965698242,7221100
2022-01-10,32.49065866899639,32.81901671512442,31.977071689456483,32.80217742919922,10272400
2022-01-11,32.82743647839304,33.00424415495834,32.549593090848795,32.99582290649414,8085400
2022-01-12,33.14737515558097,33.383121949572946,32.76008120999007,32.82743835449219,9091800
2022-01-13,32.96213918788205,33.12210753871208,32.54116680086831,32.5832633972168,9313900
2022-01-14,32.137044082411904,32.43172680508104,31.960236375869897,32.347530364990234,8535700
2022-01-18,32.00232891668658,32.28017231597286,31.606616939807378,31.682392120361328,8175300
2022-01-19,31.808680898386324,32.01916714723592,30.773088939458134,30.815185546875,7245900
2022-01-20,30.899385209467916,31.35403632542087,30.335280333356152,30.402637481689453,9943700
2022-01-21,30.310015385726512,30.394208588203163,29.29126286164092,29.35019874572754,10246500
2022-01-24,28.878714577850364,30.015342322614455,28.752424747386897,29.990081787109375,13039500
2022-01-25,29.434399345122117,29.79643598792883,28.297774767227473,29.45123863220215,12091600
2022-01-26,30.049018047511588,30.478411826876716,29.333366030923735,29.661724090576172,10823200
2022-01-27,30.310023412556106,30.697317385337236,29.459660279991837,29.644886016845703,9649500
2022-01-28,29.62804352868783,30.5878635309416,29.392299955379166,30.562602996826172,9466600
2022-01-31,30.41105179618457,30.991995888255847,30.242662157732532,30.924638748168945,11087300
2022-02-01,31.034089487574008,31.55609442560183,30.924635751421995,31.539255142211914,10772400
2022-02-02,31.598190161943975,32.187552217374375,31.598190161943975,32.12861633300781,11126400
2022-02-03,31.884449433389573,32.36435772383762,31.716059827040436,31.758159637451172,6767900
2022-02-04,31.56452184331643,31.985494375060092,31.16038538648885,31.657133102416992,7085700
2022-02-07,31.606618400300338,31.775008055064077,31.27826033998208,31.56452178955078,7718100
2022-02-08,31.572942984731576,32.07810878778094,31.3624566981667,31.993915557861328,5903300
2022-02-09,32.13704968059502,32.41489316364554,31.825530827407803,32.3306999206543,8570300
2022-02-10,31.99390669436818,32.894787494347355,31.909713487773196,32.08652114868164,8800300
2022-02-11,32.08652371997336,32.3306885351362,31.252996776121513,31.429807662963867,6820400
2022-02-14,31.370871094117977,31.412970915955604,30.35211835625069,30.739412307739258,9510100
2022-02-15,31.067769960313953,31.488742435593196,30.92463764860116,31.463481903076172,8162700
2022-02-16,31.210901949180084,32.036007691688354,31.210901949180084,31.901296615600586,6762800
2022-02-17,31.514003459841664,31.783425618741415,30.638379837534742,30.663637161254883,7633700
2022-02-18,30.680469969404882,30.958313318721068,30.301597346540706,30.478404998779297,9601600
2022-02-22,30.35212126817826,30.495253610274005,29.148139476367096,29.628047943115234,10025700
2022-02-23,29.905889637265158,30.032179472249098,28.954490797244603,29.08078384399414,9701200
2022-02-24,28.078865595501064,29.11446081353844,27.81786469052526,29.07236099243164,12863700
2022-02-25,28.626130886080517,29.2070717978272,27.977832830601553,29.005006790161133,13405800
2022-02-28,28.870293845260864,29.190230621978795,28.230413868294633,28.929229736328125,19162900
2022-03-01,28.802947586549717,29.720668080689396,28.381974941747412,28.685075759887695,21951600
2022-03-02,29.333358279572728,30.806761745830727,29.282840433065743,30.57101821899414,21211300
2022-03-03,30.587862022476227,30.975155934316543,30.318436679712153,30.83202362060547,16730100
2022-03-04,30.57944276575155,30.739411162773504,29.998501860157287,30.604700088500977,14369300
2022-03-07,30.352114035513143,30.461567775531968,29.569104994926573,30.02375602722168,17613100
2022-03-08,30.142460128271622,31.041223836177103,29.93896853348132,30.21029281616211,23796900
2022-03-09,30.863173274406474,31.032748554878996,30.176381744504628,30.566410064697266,17680800
2022-03-10,30.26963909274557,30.668144738411907,29.752426265656094,30.65118980407715,15985500
2022-03-11,30.70207429337936,31.159935344089046,30.06615724554081,30.769906997680664,13238300
2022-03-14,30.498580280606006,30.998835115429717,28.61626493017761,28.91302490234375,19428100
2022-03-15,28.836709182382858,29.837218659442517,28.709527747838965,29.557416915893555,15717100
2022-03-16,29.905050313154497,30.371388692599336,29.48110574376094,30.362911224365234,16783500
2022-03-17,30.01527711495635,30.040712754360147,28.607781259498964,29.243698120117188,20448300
2022-03-18,29.481112491172752,31.872160151041914,28.963899480626385,31.44821548461914,60910300
2022-03-21,31.287111057063747,32.00781554374271,31.13449075068272,31.82975959777832,22773800
2022-03-22,32.19435279042532,32.66916865514838,31.702575519744435,32.41480255126953,17128500
2022-03-23,32.13499900323895,32.898097272034306,31.98237870259182,31.990856170654297,15259100
2022-03-24,32.092609202750054,32.855710878214026,32.041737914013154,32.66917419433594,10670700
2022-03-25,32.56742168488819,33.779903411865234,32.56742168488819,33.779903411865234,13385900
2022-03-28,32.52504033212129,33.143999252243404,31.87216505719867,32.855716705322266,19321400
2022-03-29,33.21181995191123,33.805343066328355,32.79635603592777,33.67816162109375,10244400
2022-03-30,33.68663138348273,34.22927985499407,32.84722303987613,32.932010650634766,12195600
2022-03-31,31.3464649829259,31.44821078200929,30.362913633278108,30.778377532958984,27041100
2022-04-01,30.63423411556328,31.032739793494112,29.66764105822432,30.184850692749023,20832400
2022-04-04,30.337470969015374,31.1005724529433,30.295077160894987,31.0666561126709,18454100
2022-04-05,30.72750644583862,31.159928520520527,30.379871998524727,30.524011611938477,10609500
2022-04-06,30.142462061468237,30.30356308832012,29.226743357300798,29.59981346130371,17612900
2022-04-07,33.09311404323125,35.161965736407616,32.81331229250332,33.9664421081543,94455200
2022-04-08,33.160949932730205,34.05971049066382,32.45720028470811,32.753963470458984,33288000
2022-04-11,32.59285452966423,33.25421020050309,32.23674267450801,32.380882263183594,15432000
2022-04-12,32.66917064810519,33.52554057254945,32.00781809078678,32.126522064208984,13858500
2022-04-13,31.9823737868604,32.38936011455167,31.95693491770232,32.168907165527344,10026000
2022-04-14,32.17739118533961,32.29609513885377,31.75344664596607,31.770404815673828,9556100
2022-04-18,31.82976398511408,32.79635723579978,31.821283281123712,32.58438491821289,12644600
2022-04-19,32.618299031215386,32.95745277546073,32.42328490052516,32.804832458496094,8618700
2022-04-20,33.05920482856072,33.72903490924867,33.05920482856072,33.3898811340332,11075100
2022-04-21,33.271178487867644,33.50010575897724,32.40633098948986,32.46568298339844,9499600
2022-04-22,32.32153477385489,32.32153477385489,31.159927497942306,31.193843841552734,9247400
2022-04-25,31.032749243167927,31.41430010157598,30.7105536155711,31.371906280517578,9913100
2022-04-26,31.185367955059284,31.583876967930824,30.80382035105323,30.812297821044922,10588700
2022-04-27,30.863167634772058,31.50756199236428,30.600320822963877,30.905561447143555,9387700
2022-04-28,31.346468797074984,32.15196105328605,31.049705598181564,31.86368179321289,7618600
2022-04-29,31.677142425181938,32.397846983159404,30.998831682184193,31.058183670043945,9967800
2022-05-02,31.049709485144636,31.431260368948674,30.532496424259328,31.42278289794922,9426300
2022-05-03,31.32951181835848,32.35545714540732,31.270159823203002,32.15196228027344,7708000
2022-05-04,32.32154133610077,33.508587727947614,31.91455483346674,33.39836120605469,10158100
2022-05-05,33.00832573746151,33.15246534422573,31.80432143084752,32.14347839355469,8273800
2022-05-06,31.668665288004892,31.92303467541145,30.795340310195133,31.44821548461914,10110900
2022-05-09,30.659679767929582,31.558443672680923,30.634244121620064,31.38038444519043,9976200
2022-05-10,32.1010838681356,32.881140336802694,31.72801057056401,31.82975959777832,14516000
2022-05-11,31.51603661741822,31.990855682682245,30.345951976225155,30.405303955078125,10103900
2022-05-12,30.167903547807835,30.837733652203394,29.676126189844414,30.38835334777832,11518600
2022-05-13,30.642720821022955,31.363428714586227,30.498581182975023,31.18536949157715,8827600
2022-05-16,31.278634661850916,32.092607585020914,30.888606373803736,31.804325103759766,8442000
2022-05-17,32.54198775446936,33.66967868613346,32.389367442749325,33.59336853027344,13583600
2022-05-18,33.067679771627475,33.084637944258624,31.12601267030973,31.24471664428711,13234000
2022-05-19,30.83773651175402,31.058189566607954,29.73548094080845,30.295087814331055,13848600
2022-05-20,30.320516402435754,30.379871622186872,28.361894418307948,29.379362106323242,14521600
2022-05-23,29.481114398832172,29.78635509591862,28.972378825540986,29.72700309753418,12741000
2022-05-24,29.481107711791992,29.565895337554604,28.73496431420672,29.481107711791992,9615200
2022-05-25,29.27761442740456,30.5833646335034,29.1589104512939,30.159420013427734,11468100
2022-05-26,30.295087493070916,31.337991053829104,30.11703149757493,31.17689323425293,10805200
2022-05-27,32.2197996077999,33.18639307852324,32.2197996077999,32.855716705322266,14840200
2022-05-31,32.804826000056785,33.500094758485695,32.4402334518026,32.932010650634766,26899500
2022-06-01,33.71207627335894,34.585404429202505,33.11007566218702,34.203853607177734,19330000
2022-06-02,33.839261946161976,34.08515062024557,33.24573878729989,33.822303771972656,12330500
2022-06-03,33.364443098604426,34.15298041669679,33.29661363562455,33.75447463989258,6884600
2022-06-06,33.97491763500294,34.41582037663602,33.30508443707343,33.50857925415039,8041200
2022-06-07,33.17580690769437,33.679246480740524,32.91982140132209,33.585384368896484,6560200
2022-06-08,33.286722376170786,33.286722376170786,32.296909647676166,32.382240295410156,10885400
2022-06-09,32.288386747239784,32.52730611400079,31.281507622986638,31.2900390625,8047700
2022-06-10,30.624471374995725,30.9145890990831,30.078368189662257,30.103965759277344,9522500
2022-06-13,29.353075122171163,29.591994448864636,28.67044289442119,28.806968688964844,12114900
2022-06-14,28.926435306054728,29.122690957366203,28.46565946991538,28.79844093322754,10769300
2022-06-15,29.23361603934331,29.813851556040657,28.900834574920566,29.361610412597656,12683600
2022-06-16,28.713110274540114,28.73017315095766,27.569705507691392,27.91101837158203,13398000
2022-06-17,28.056076393979392,28.849633533907173,27.84275465217153,28.627777099609375,20542300
2022-06-21,29.40426589026509,29.771179518883876,29.071484518966944,29.25920867919922,11277200
2022-06-22,28.738710962889098,29.11415613042119,28.508323045869826,28.78990936279297,10701700
2022-06-23,28.934965395048312,29.0544250680956,28.51685328435084,28.900833129882812,7334100
2022-06-24,29.23361085550763,30.086897845808902,29.190947156998877,30.06130027770996,10532800
2022-06-27,30.24049485965193,30.50501504302538,29.993044064595836,30.17223358154297,5804500
2022-06-28,30.214900495491044,30.462354571854174,29.1653575997464,29.387210845947266,7226000
2022-06-29,29.30187906435604,29.32747663567606,28.53391937443588,28.678979873657227,5989000
2022-06-30,28.115807477545818,28.499787280963147,27.8256897655229,27.970746994018555,10878700
2022-07-01,27.876885065970058,28.047543119047916,26.861474695455808,27.194257736206055,12193600
2022-07-05,26.37510407428681,26.929740362595236,25.60714601143545,26.912675857543945,13971000
2022-07-06,26.9126712338929,27.049197015943694,26.247106825758504,26.596954345703125,8306000
2022-07-07,27.006532034334192,27.30518279667598,26.844407055774525,27.117460250854492,7022200
2022-07-08,27.23692475150188,27.663566681103685,26.929740869571933,27.399049758911133,6584700
2022-07-11,26.929736770572074,27.160124646951985,26.69081745656247,26.793210983276367,5855500
2022-07-12,26.835877519689003,27.253987965584386,26.503094474066113,26.733482360839844,9769200
2022-07-13,26.2471101598477,26.793213357420676,26.03378839485627,26.503095626831055,7313000
2022-07-14,26.04232042388147,26.690818758937336,25.82046560182163,26.60548973083496,7471600
2022-07-15,26.972402448082654,27.074795976132002,26.72494843818446,27.015066146850586,7103600
2022-07-18,27.296652403608956,27.64650158974987,26.767615346548805,26.878541946411133,7539600
2022-07-19,27.271057903543262,28.06461525333316,27.245460329366917,28.01342010498047,8753800
2022-07-20,28.07314600006393,28.55951937120816,27.791559703595233,28.107275009155273,5546800
2022-07-21,28.004880246995537,28.602181822900683,27.76596091864617,28.550983428955078,6927700
2022-07-22,28.32913123841568,28.64484654138452,27.569706270582394,27.70623207092285,7558900
2022-07-25,27.8512900100627,27.928085978124827,27.475844863443374,27.817157745361328,4482300
2022-07-26,27.757422653402376,27.85981942811626,27.202786477160714,27.26251792907715,5908200
2022-07-27,27.467309099910313,28.013415548765845,27.177192998828374,27.8342227935791,6991000
2022-07-28,27.876883447250975,28.34619387972168,27.561168183160042,28.064607620239258,4713500
2022-07-29,28.158473369322564,28.51685237706229,27.740361271927696,28.491254806518555,8459200
2022-08-01,28.20113605689727,28.866702162366202,28.1670037940462,28.730173110961914,6400700
2022-08-02,28.42299409236757,28.42299409236757,27.680631981681127,27.936620712280273,5776100
2022-08-03,28.260865853572653,28.38886021158617,27.5611707411707,28.124340057373047,7073900
2022-08-04,28.056080473656923,28.397393357161462,27.825692568399596,28.380327224731445,6559800
2022-08-05,27.953681095473872,29.00322698520867,27.919552088800128,28.653379440307617,6523900
2022-08-08,28.841101017572996,29.054422775476688,28.457121202340005,28.542451858520508,5651500
2022-08-09,28.312065947630973,28.36326434491666,27.347850623124742,27.723299026489258,9175500
2022-08-10,28.25233492920649,29.30187761689726,28.2011365340636,28.994693756103516,7426900
2022-08-11,28.866704328617004,29.67732447445519,28.866704328617004,29.199485778808594,7084000
2022-08-12,29.361610183352504,29.591998100392264,29.05442629396616,29.5664005279541,5489200
2022-08-15,29.327476108922294,29.64319467301435,29.131220470585877,29.353076934814453,4525700
2022-08-16,29.267747913561703,29.719992305969555,29.208018074852905,29.438405990600586,6605500
2022-08-17,29.33601119296828,29.583461976318294,29.028827318429563,29.276281356811523,7033700
2022-08-18,29.549329385541817,30.138096237038337,29.250676985917444,30.06130027770996,5989700
2022-08-19,29.48106703852966,29.549331565204334,28.721642081948723,29.20801544189453,9640400
2022-08-22,28.77283808370226,28.84963404230768,28.405924420924308,28.508317947387695,6436900
2022-08-23,28.499790191650394,28.994695012686176,28.448591794288646,28.49979019165039,5810000
2022-08-24,28.329127184119496,28.550980357285496,28.090204626442993,28.346193313598633,6467400
2022-08-25,28.602185921005017,29.455473078833215,28.559522214120044,29.412809371948242,7450900
2022-08-26,28.50831960803199,28.653380096083964,26.76761490911438,26.784679412841797,14112800
2022-08-29,26.49455958536701,27.296649787357758,26.477495082996274,26.904138565063477,10606600
2022-08-30,27.108931968734883,27.151595673375525,26.409236796525942,26.537229537963867,15527100
2022-08-31,25.171970936284325,25.78633709865395,24.463742666567477,24.497873306274414,28214900
2022-09-01,24.113891987493936,24.32721374786365,23.5165904074524,24.03709602355957,16713500
2022-09-02,24.38694442856868,24.46374039517409,23.490993654860116,23.584854125976562,12380500
2022-09-06,23.55925827883929,23.823776834543366,23.16674535108597,23.320337295532227,13430700
2022-09-07,23.217937824106034,23.550720851289814,22.927821749726046,23.43979263305664,10039400
2022-09-08,23.217939049225638,23.567788224984806,22.98755279057659,23.46539306640625,11824700
2022-09-09,23.653113954428388,24.19921871574996,23.636049452133744,24.113889694213867,8965600
2022-09-12,24.276018424872984,24.659996639865685,24.241886159976225,24.32721519470215,9386100
2022-09-13,23.578285624151537,23.84514583175334,23.079001061615337,23.208126068115234,10378100
2022-09-14,23.30281872159122,23.50941906228717,23.0101344951269,23.276994705200195,9079200
2022-09-15,23.130650210746424,23.59550051897917,22.9154413394373,23.190908432006836,11525200
2022-09-16,23.027349211935086,23.561067934803134,22.829357444545884,23.440549850463867,39538500
2022-09-19,23.22534412829748,23.518028364083527,22.8896187692132,23.199520111083984,9768600
2022-09-20,22.837966965218477,22.915442293468338,22.459198876209545,22.769100189208984,9853600
2022-09-21,22.915444098836396,23.190911224576737,22.381725311279297,22.381725311279297,8884100
2022-09-22,22.347294732379083,22.579720773223244,22.11487033344877,22.1320858001709,8775900
2022-09-23,21.770535833636544,21.925484881799175,21.452025899377873,21.822185516357422,8647100
2022-09-26,21.581148359341366,21.951307932278116,21.357330904963014,21.4864559173584,8872700
2022-09-27,21.84800747564493,22.01156670439717,21.383157091182863,21.503673553466797,5951200
2022-09-28,21.4261968642385,22.11486630706926,21.400372847900073,22.04599952697754,7576100
2022-09-29,21.65862199212306,21.65862199212306,21.297071000696917,21.555322647094727,8265600
2022-09-30,21.52949788544096,22.10625778523328,21.4089814305903,21.452022552490234,8858500
2022-10-03,21.813574159467215,22.476417963220555,21.598365260215893,22.287033081054688,8922800
2022-10-04,22.708845480530748,23.12204787233624,22.639978688882135,22.932662963867188,8844900
2022-10-05,22.52806479915021,23.199517071252004,22.485023681491658,23.05317497253418,7457100
2022-10-06,22.88101149034973,23.276996742781876,22.769103578394336,22.7949275970459,8415900
2022-10-07,22.183732195409796,22.252598972733182,21.43480455534369,21.555322647094727,10318200
2022-10-10,21.761924529627237,21.91687355821004,21.176556059713544,21.51228141784668,6557500
2022-10-11,21.52949659773661,21.804963702012714,21.17655416514367,21.331504821777344,7287300
2022-10-12,21.400374257583703,21.53810782683992,21.19377390369938,21.254032135009766,7896900
2022-10-13,20.823613848091487,22.665801526527048,20.72892140565891,22.398942947387695,11791900
2022-10-14,22.476416165310894,22.683016495036377,21.865222086532054,21.899656295776367,10700700
2022-10-17,22.269816922045806,22.63997483799999,21.865223153253847,22.114866256713867,8841600
2022-10-18,22.66580087296297,22.81214298799647,21.701664295933973,21.994348526000977,7501500
2022-10-19,21.7447076367594,22.166516887293806,21.73609908365703,21.942699432373047,6055000
2022-10-20,22.063212015036843,22.67440604259728,21.94269557660802,22.01156234741211,5830500
2022-10-21,22.14069117483251,23.104827775106227,22.0115661624342,23.061786651611328,7894300
2022-10-24,23.242560758676483,23.45776965459015,23.018743309896635,23.29421043395996,5640300
2022-10-25,23.165084298561645,23.759061282141392,23.113434625789253,23.741844177246094,7136800
2022-10-26,23.354470815654196,24.198091013281363,23.276997116541818,23.655763626098633,6935800
2022-10-27,23.8967939495027,24.02591894759231,23.337251196505434,23.431941986083984,6395800
2022-10-28,23.48359270596656,24.206694647308534,23.48359270596656,24.146434783935547,8033300
2022-10-31,23.922619644696816,24.008701882287255,23.698802214752114,23.776277542114258,5403100
2022-11-01,24.051750936624398,24.16365885992301,23.561074829544417,23.974275588989258,5113000
2022-11-02,23.914013157816044,24.16365462383203,23.225343704223633,23.225343704223633,5789600
2022-11-03,22.98430908691729,23.165083758361824,22.55389132605302,22.949874877929688,5423500
2022-11-04,23.56107369736916,24.37025806858661,23.431947029572914,24.353042602539062,13497700
2022-11-07,24.40468764594065,24.895363636180104,24.33582086909851,24.749021530151367,8825700
2022-11-08,24.96422898258852,25.28273883342895,24.697370442855217,24.83510398864746,8721300
2022-11-09,24.53381224937747,24.671545800827918,23.862359954621457,23.93122673034668,7574400
2022-11-10,24.921191531722926,25.222482681274414,24.6457227576973,25.222482681274414,11861500
2022-11-11,25.239697545834495,26.41904294759773,25.21387353068858,26.298524856567383,11423100
2022-11-14,25.971411115035444,26.6084292864687,25.89393577670713,26.195228576660156,8178800
2022-11-15,26.599820782783926,26.763380013106215,26.117753287107025,26.30713653564453,8492800
2022-11-16,25.997238993156433,26.057497229905433,24.95562693449261,25.213878631591797,9147500
2022-11-17,24.843716507140186,25.360216565370763,24.370255931210632,25.334392547607422,9984400
2022-11-18,25.007272316660462,25.497949964193218,24.869538758659044,25.377431869506836,9218000
2022-11-21,25.10196876525879,25.22248523729239,24.68876802521749,25.10196876525879,10697100
2022-11-22,25.162224398344524,25.325783623409,24.654331258865597,25.291349411010742,15114900
2022-11-23,25.067533648916793,25.97141038132712,24.370255623660533,25.74759292602539,17741200
2022-11-25,25.652898440441884,26.462084307941918,25.57542311047308,25.954191207885742,5959300
2022-11-28,25.609860117750216,25.64429433123718,25.06753439063987,25.145008087158203,6676500
2022-11-29,25.265527117550775,25.489344587670157,24.81789217731201,24.860933303833008,7753000
2022-11-30,24.96423111883645,25.87671634827193,24.723196572117438,25.859500885009766,10286900
2022-12-01,25.91976252139585,26.023061882213693,25.635686816276166,25.704553604125977,5757300
2022-12-02,25.34299920309932,25.65289888644904,25.179439987886663,25.515165328979492,5259500
2022-12-05,25.31717587076569,25.497952207744916,25.076141302097945,25.145008087158203,4936300
2022-12-06,25.110575597189133,25.188050935872916,24.215305746582633,24.370256423950195,6393900
2022-12-07,24.103394333536542,24.318603211514546,23.78488447168718,23.95705223083496,7108300
2022-12-08,24.11200935444634,24.80067729196616,24.02592545177789,24.5166015625,6993000
2022-12-09,24.439120812931186,24.731805032168623,24.27556324011472,24.284170150756836,5431800
2022-12-12,24.25834339853183,24.998662415669084,24.16365097301521,24.9814453125,7439200
2022-12-13,25.64427092139779,25.826698879797295,24.940615964037647,25.07961082458496,7512800
2022-12-14,24.83637442765592,25.235979514657213,24.42808205742462,24.636571884155273,6799400
2022-12-15,24.07191281471459,24.21090770529761,23.19451864862893,23.316137313842773,10422200
2022-12-16,23.133703472721564,23.350880568119333,22.94258822526623,23.21188735961914,17947100
2022-12-19,23.246633552485513,23.403001306520164,22.82965397967947,23.072891235351562,5210300
2022-12-20,23.02077644498321,23.290075630021843,22.89915777888771,23.116334915161133,5336000
2022-12-21,23.264013056219085,23.455128320110408,23.151080029019298,23.185829162597656,4856400
2022-12-22,22.812285980899635,23.16845634227699,22.664605465919024,23.15976905822754,5460700
2022-12-23,23.159766171623385,23.281384819297255,22.899154310342293,23.24663734436035,4084900
2022-12-27,23.25532781551475,23.60281089717098,23.11633458285226,23.515939712524414,5324900
2022-12-28,23.515937333977764,23.654930552581625,22.951277176283345,23.055522918701172,5358400
2022-12-29,23.333508017266038,23.715738518033167,23.324820734485453,23.48987579345703,4703300
2022-12-30,23.220580899999614,23.35957414595721,23.038152886029092,23.342201232910156,4245300
2023-01-03,23.455128393440603,23.672305508194682,23.090270774376553,23.237951278686523,6467300
2023-01-04,23.680995093485627,24.0545400322812,23.394321340421822,23.6462459564209,5823800
2023-01-05,23.48987533510217,23.819983789674197,23.33350756196236,23.637554168701172,4778600
2023-01-06,23.906856662133055,24.818999861195902,23.733114311392583,24.636571884155273,5501700
2023-01-09,24.87112686298695,25.34891759433053,24.740820902413315,24.87981414794922,5792000
2023-01-10,24.862436687966866,25.279416348314893,24.77556551116189,25.270729064941406,4372700
2023-01-11,25.24466720123401,25.27072905134044,24.792940064565045,25.044864654541016,6013700
2023-01-12,25.12304906903781,25.15779654630391,24.688694833167123,24.801626205444336,6110900
2023-01-13,24.58444698997282,24.593134272780627,23.99372667140986,24.245651245117188,7330000
2023-01-17,24.202216382628148,24.24565113954829,23.724425771857728,23.96766471862793,6452100
2023-01-18,24.028475880683843,24.349898740061924,23.854733525842192,23.915544509887695,5376200
2023-01-19,23.663618607626567,23.72442793563276,23.246638938215597,23.420379638671875,5431000
2023-01-20,23.47250130144981,24.271713093540612,23.350880999070277,24.245651245117188,6692400
2023-01-23,24.367273479976497,25.01011924701017,24.367273479976497,24.845064163208008,4780900
2023-01-24,24.75819113903571,24.853749599965344,24.55838859066456,24.67131996154785,4295800
2023-01-25,24.323835215984126,25.053550405018033,24.236964044541082,24.92324447631836,4646300
2023-01-26,25.175176775693416,25.20123863220215,24.680013100539554,25.20123863220215,4220400
2023-01-27,24.93193292246526,25.661648145547257,24.87112193976688,25.39234733581543,6954500
2023-01-30,25.105673289624782,25.305475830813958,25.00142920593036,25.036176681518555,4727800
2023-01-31,24.984054732509048,25.314163208007812,24.845061515780113,25.314163208007812,5884100
2023-02-01,25.22729248996942,26.00044242835494,25.105672188420748,25.948320388793945,5698700
2023-02-02,26.139439088355697,26.947338264361644,26.061255190230607,26.747535705566406,6461300
2023-02-03,26.373991309302937,26.85178033455784,26.34792945709757,26.504297256469727,4339300
2023-02-06,26.252366056004075,26.339237223434022,25.661645762725783,25.861448287963867,5145600
2023-02-07,25.765889712975817,26.11337272407848,25.48790330409368,26.061250686645508,5472200
2023-02-08,25.878821834882096,26.043875223883884,25.696392224762178,25.722454071044922,4341900
2023-02-09,26.061254958238326,26.191560901643523,25.56609137914059,25.765893936157227,3726400
2023-02-10,25.63558738506335,26.25236960912785,25.63558738506335,26.035192489624023,4136700
2023-02-13,25.939635399316497,26.365302350044804,25.887511698217587,26.35661506652832,4280900
2023-02-14,26.347924048852637,26.452169779346324,26.078624925727656,26.408733367919922,5647800
2023-02-15,26.12206452064435,26.5390442060261,26.104689952854283,26.521671295166016,4269600
2023-02-16,26.25237046529032,26.55641877389752,26.148126372409553,26.295806884765625,3514200
2023-02-17,26.130750200947663,26.26974342087851,25.83538919436214,26.200246810913086,5758100
2023-02-21,25.739828580348643,25.826699749768334,25.166481181880325,25.192543029785156,5779500
2023-02-22,25.218608237236356,25.531342169107067,25.123049772451715,25.262042999267578,5496800
2023-02-23,25.626897198747024,25.78326497218712,25.157793878426734,25.670331954956055,5786800
2023-02-24,25.279417180089567,25.522654494830938,25.14042395540023,25.3836612701416,6133700
2023-02-27,25.687707424329442,25.739829465000742,25.401033715242594,25.531339645385742,7270500
2023-02-28,25.505278641932065,26.287115854842543,25.383658341662613,25.644271850585938,15390900
2023-03-01,26.026506626017603,26.035193910103324,24.949308253338305,25.0709285736084,10330600
2023-03-02,24.914555446043046,25.09698340204164,24.454139429538074,25.02748680114746,7299000
2023-03-03,25.062238142621784,25.183856790691006,24.818999189553534,24.853748321533203,6968200
2023-03-06,25.079611846895602,25.270727095427777,24.758189014846746,24.818998336791992,7506400
2023-03-07,24.812864618331645,24.85670460633284,24.09390553835748,24.251726150512695,8361200
2023-03-08,24.374474445872067,24.79532996342521,24.19911951318907,24.786561965942383,5565000
2023-03-09,24.812861994032644,25.005754576187794,24.435848171043993,24.45338249206543,6341700
2023-03-10,24.40077575634855,24.40954375286766,23.716887078777173,24.06760025024414,6869100
2023-03-13,23.769496253515907,24.199118070616482,23.61167565288214,23.971155166625977,7435200
2023-03-14,24.435845813707427,24.795325280995502,24.181578951695553,24.383237838745117,6083100
2023-03-15,23.90101243117724,24.567365137181874,23.892244434375606,24.51475715637207,8857800
2023-03-16,24.199117752829718,24.900540777185896,24.1202074535491,24.821630477905273,8315400
2023-03-17,24.769022809004753,24.918075402535983,24.374471334267874,24.58489990234375,23967300
2023-03-20,24.707653129315418,25.128506999555697,24.58490450190983,24.716421127319336,7153100
2023-03-21,25.014524898231198,25.24248781594521,24.804097975493153,25.084667205810547,6421100
2023-03-22,25.07589676947623,25.128503076963195,24.400776079483464,24.418312072753906,5558000
2023-03-23,24.43585102629096,24.733954586380243,24.093905805390033,24.304332733154297,5651300
2023-03-24,24.16404811464479,24.339404723943957,23.883478877625766,24.304332733154297,5796400
2023-03-27,24.52352479312429,24.628739080874773,24.330633883293515,24.45338249206543,4041700
2023-03-28,24.34817028130534,24.374472599436825,24.04129708195095,24.225419998168945,4300700
2023-03-29,24.593667576908416,24.847934468440283,24.5235252744728,24.821630477905273,4755500
2023-03-30,25.10219734688934,25.382768202793223,25.023288727291284,25.33892822265625,4913800
2023-03-31,25.382768963505967,25.768550766327586,25.382768963505967,25.73348045349121,7653500
2023-04-03,25.724715367714072,26.27708581789589,25.66334105906326,26.20694351196289,6518900
2023-04-04,26.25078154399548,26.373530152158438,25.77731975995373,25.908836364746094,5134900
2023-04-05,25.74225063064096,26.049122165173237,25.593198025729098,25.786088943481445,5529800
2023-04-06,25.724717911316585,25.89130653150105,25.584433285579554,25.680879592895508,3968200
2023-04-10,25.575660107329533,26.08419219070921,25.53182179778748,26.075424194335938,5937900
2023-04-11,26.303388321331283,26.56642153561484,26.16310371740347,26.250782012939453,4717500
2023-04-12,26.43490322931898,26.43490322931898,25.92637115468642,26.005281448364258,6313600
2023-04-13,26.084193080840773,26.329691970697223,25.79485587994627,26.215709686279297,4606900
2023-04-14,26.189406922924018,26.855757935449905,26.022818333630376,26.145566940307617,6511200
2023-04-17,26.917132686313774,27.29414648571368,26.715472120103087,27.118791580200195,9530500
2023-04-18,27.259075808302814,27.592251294941274,27.180165516565555,27.373056411743164,7040300
2023-04-19,26.768083482998303,26.969742402394477,26.320925658038647,26.487512588500977,6095500
2023-04-20,26.119261551571714,26.355990740564785,25.882530690254498,25.978975296020508,5300000
2023-04-21,25.93513807936858,26.031584361506543,25.566890614861354,25.84745979309082,4776700
2023-04-24,25.81239130166381,26.057888513759238,25.64580271322453,25.838693618774414,4656800
2023-04-25,25.68963993796177,25.96144280033341,25.59319532542356,25.654569625854492,5337100
2023-04-26,25.4967548322138,25.610735462858766,25.181113589928287,25.39154052734375,5694600
2023-04-27,25.435375343497423,26.066656027321734,25.435375343497423,26.05788803100586,6091500
2023-04-28,26.11926583212266,26.364763056841205,25.873766935079693,26.049121856689453,6710500
2023-05-01,26.180637744944736,26.51381323617244,26.136797764306706,26.268314361572266,4738000
2023-05-02,26.627798579670312,26.724243203530946,25.88253554625019,26.40860366821289,6896000
2023-05-03,26.487512717358037,26.715475629563596,26.180641174316406,26.180641174316406,5708500
2023-05-04,25.98774777294385,26.09296206466979,25.6633402454107,25.777320861816406,4771700
2023-05-05,26.084192431541663,26.496278230944384,26.005282135777943,26.417367935180664,4592200
2023-05-08,26.52258273258802,26.601493029875886,26.25078152655447,26.4699764251709,4672500
2023-05-09,26.37352885163472,26.654098040642918,26.30338655438267,26.557653427124023,5547100
2023-05-10,26.829457921828617,26.89960022771306,25.864999961674172,26.180641174316406,5733100
2023-05-11,26.02281774929535,26.11049604023502,25.575659970594906,25.768550872802734,5564500
2023-05-12,25.733479682267763,25.733479682267763,25.01452073126389,25.33892822265625,7327900
2023-05-15,25.312631535304433,25.943912338727454,25.251255549465377,25.926376342773438,5953600
2023-05-16,26.014049444586714,26.31215462685314,25.891300842120877,26.005281448364258,6263100
2023-05-17,26.303388275306965,26.68040377482493,26.092961369783435,26.540119171142578,5741700
2023-05-18,26.52258383942085,26.978509648927435,26.391067229227453,26.952205657958984,4764000
2023-05-19,27.145097506301695,27.16263350088245,26.697941350763816,26.776851654052734,5223800
2023-05-22,26.733008604303468,27.00480979986193,26.557653695563037,26.925899505615234,5832300
2023-05-23,26.733007795518375,27.03111297091491,26.66286549967944,26.794382095336914,5110700
2023-05-24,26.671634168760647,26.671634168760647,26.1543340967728,26.303386688232422,5980100
2023-05-25,26.75931373115096,27.145095550180596,26.601493135945944,27.09248924255371,7596700
2023-05-26,27.180165962491408,27.530877446897414,27.06618535718106,27.443199157714844,8371200
2023-05-30,27.72376993418373,27.802678554654022,27.057417279654267,27.118791580200195,10566800
2023-05-31,26.10172612199397,26.54011587208863,25.189874639081467,25.479211807250977,30735500
2023-06-01,25.663336618621283,26.259546952053736,25.260017175048194,25.79485321044922,15653100
2023-06-02,25.882539538841748,26.996050262171373,25.882539538841748,26.785621643066406,10255700
2023-06-05,26.706710291475797,26.706710291475797,25.65457559844807,25.680879592895508,9679700
2023-06-06,25.531823147960708,26.224478174835156,25.47921516693905,25.99651527404785,6805700
2023-06-07,25.96144849823831,26.347230377709376,25.856234194175983,26.24201774597168,7268200
2023-06-08,26.329689111823487,26.478741694422876,25.91760167458297,26.338457107543945,5075000
2023-06-09,26.50504819827057,26.697940789958096,26.075426374013414,26.128032684326172,6441100
2023-06-12,26.259549044622517,26.776849129715934,26.206941065839764,26.689170837402344,8826900
2023-06-13,26.833334198951917,27.37283156733713,26.833334198951917,27.319765090942383,8964000
2023-06-14,27.33744797931201,27.51433282174716,27.204785190935088,27.372825622558594,14345400
2023-06-15,27.372826556462133,27.753126112944642,27.249006487773496,27.505489349365234,11344700
2023-06-16,27.602778917731953,27.655845392909654,27.213634887824046,27.417051315307617,13963100
2023-06-20,27.249006528826744,27.31091571981487,26.62106852091985,26.67413330078125,11900700
2023-06-21,26.523783677530684,26.638759343914554,26.223080424233114,26.399965286254883,10344900
2023-06-22,26.34689877654181,26.506093117654423,25.993129075672122,26.355741500854492,7169200
2023-06-23,26.055037700564885,26.32920938146563,25.931219320092882,26.187702178955078,14813900
2023-06-26,26.33805660068298,26.461874994356663,26.26730299188386,26.329212188720703,4905500
2023-06-27,26.35574516822386,26.497252393502706,26.125797192320118,26.391122817993164,6004300
2023-06-28,26.258459421303687,26.49725180434024,26.152328161254772,26.479564666748047,5646900
2023-06-29,26.532626985259316,26.930617064797804,26.479562203620517,26.815641403198242,7262900
2023-06-30,26.97483305885565,27.222471477827046,26.92176828582561,27.160560607910156,8796900
2023-07-03,27.15172726876974,27.302078916733716,27.036751586085895,27.195947647094727,3743100
2023-07-05,26.992524098129202,27.160562841023424,26.895237267159704,27.134031295776367,5289000
2023-07-06,26.80679905341125,27.337451971307267,26.74488985558822,27.3286075592041,6384500
2023-07-07,27.408205986069987,27.77966286539394,27.372830024033927,27.532024383544922,7796100
2023-07-10,27.53202579627621,27.89463996887207,27.443585043198386,27.89463996887207,5394600
2023-07-11,28.717151105668325,29.84036618662783,28.557955054899363,29.58388328552246,13731000
2023-07-12,29.8757382539002,29.981871195764935,29.088604157626527,29.097450256347656,7828300
2023-07-13,29.265490566779963,29.707701059856845,29.265490566779963,29.681169509887695,4335500
2023-07-14,29.539657470682915,29.54850019463141,28.920562206557655,29.000160217285156,4676500
2023-07-17,28.894030759708972,29.13282482059064,28.734838092919368,29.026695251464844,3861700
2023-07-18,29.000161939946537,29.097448778147804,28.70830142534274,28.991315841674805,5029400
2023-07-19,29.23011104269747,29.40699590334185,29.115135377208905,29.123981475830078,4690400
2023-07-20,28.973628697749717,29.035541267845357,28.513732774910817,28.7967472076416,5111100
2023-07-21,28.858654610399178,28.92940652728562,28.50488490457309,28.513731002807617,3482300
2023-07-24,28.628705759463966,28.92056629802095,28.513733462879312,28.681772232055664,3661700
2023-07-25,28.796745422162406,29.424683444987526,28.76136777681503,29.274330139160156,4693800
2023-07-26,29.09745121176763,29.38930837698348,29.062073563317753,29.221269607543945,4722700
2023-07-27,29.530814700881933,29.62810154426783,29.000163485429233,29.079761505126953,3881700
2023-07-28,29.353933371969273,29.398157123413263,28.796750540799376,28.858659744262695,3753000
2023-07-31,28.95594351362511,29.194734202223064,28.89403094296105,29.035541534423828,3739500
2023-08-01,28.805589330039194,29.230110970254735,28.787900506638785,29.14167022705078,3945200
2023-08-02,28.894030896469484,29.06207303666205,28.717149405022006,28.743680953979492,5172700
2023-08-03,28.549106112092055,29.088603411098678,28.434133822053113,28.920564651489258,4149900
2023-08-04,28.964786671614913,29.07976234199781,28.66408340785843,28.681772232055664,3685900
2023-08-07,28.876347684311657,29.21242524314679,28.84097003376108,28.96478843688965,4017400
2023-08-08,28.911718032708855,29.27433046708649,28.672923984636068,29.247798919677734,5331700
2023-08-09,29.168200809080616,29.300865293290244,28.955941682902797,29.017850875854492,4712000
2023-08-10,29.238960821587717,29.398156878825645,28.92941143304795,29.15936279296875,4483700
2023-08-11,29.06207330215953,29.38930811288465,28.964786456695737,28.98247528076172,4356900
2023-08-14,28.9559422932631,28.964785017957745,28.248404547860595,28.363378524780273,8870700
2023-08-15,28.14227287751492,28.425287296711456,28.053830449791253,28.159961700439453,5895700
2023-08-16,28.053831819277008,28.142274251318113,27.611621345970565,27.682374954223633,4525500
2023-08-17,27.770813728405027,27.832722916609647,27.302071768056418,27.381668090820312,6148700
2023-08-18,27.26669923741028,27.611622886019852,27.12519201301152,27.470115661621094,4850400
2023-08-21,27.478962584162545,27.726601092931293,27.452431031476152,27.67353630065918,3214500
2023-08-22,27.80619695727645,27.88579498292956,27.125192376421676,27.43474006652832,5082000
2023-08-23,27.61162424497328,27.744288750413208,27.328609782246726,27.549715042114258,5059000
2023-08-24,27.66469141707637,27.744289447580787,27.169414407960154,27.195947647094727,5164800
2023-08-25,27.48780404608871,27.48780404608871,26.851021546494458,27.275543212890625,5027000
2023-08-28,27.36398256943262,27.850413379915615,27.346293746931682,27.708906173706055,4288100
2023-08-29,27.73544117168304,28.177651640941257,27.646998740451583,27.744285583496094,9726000
2023-08-30,25.665893843654793,25.966597071962727,24.631121366689005,25.904687881469727,22465500
2023-08-31,25.913535357117876,26.373434694962647,25.798561366106302,26.276147842407227,9962600
2023-09-01,26.488402676514607,27.12518502219479,26.39111585222644,26.859859466552734,9619800
2023-09-05,26.682977783011417,26.868705356470706,26.4264949203498,26.656444549560547,8392200
2023-09-06,26.497252351166512,26.80680003855661,26.39112277582654,26.64760398864746,6534700
2023-09-07,26.346899918774145,26.550316324763777,25.869311814034287,25.93122100830078,9542400
2023-09-08,26.00197392707988,26.329210399854553,25.94006473444929,26.04619598388672,5942500
2023-09-11,26.26730228549492,26.4530298710108,26.116950659977714,26.143482208251953,7198700
2023-09-12,25.994456452578095,26.288935302329815,25.807061594573504,25.824909210205078,8773500
2023-09-13,25.807063775209357,25.949841308241687,25.27164717531689,25.28057098388672,12336500
2023-09-14,23.986648742945764,24.879009215112596,23.915259973254116,24.825468063354492,16424100
2023-09-15,24.879008537670604,24.879008537670604,24.182968477640486,24.39713478088379,14900400
2023-09-18,24.32574847136441,24.522067176999055,24.200818540691692,24.379289627075195,10290100
2023-09-19,24.40605636263527,24.68268759966087,24.352515217220517,24.602375030517578,8444700
2023-09-20,24.71838783213826,24.754081368955234,24.138352114967706,24.147275924682617,8056000
2023-09-21,24.147274245264768,24.30789940487652,23.89741439879542,23.915260314941406,7151700
2023-09-22,24.022344409697315,24.147274333387905,23.87064305862621,23.888490676879883,7017200
2023-09-25,23.36199576808297,24.022342266162543,23.29060700348092,23.469078063964844,9512100
2023-09-26,23.308455006680106,23.388765878902152,22.93366356079335,22.951509475708008,8797100
2023-09-27,23.067517809312164,23.18352391809075,22.817656272348902,22.8801212310791,6670800
2023-09-28,22.576719729767934,23.049671402487842,22.50533095860668,22.817657470703125,8527600
2023-09-29,22.96935594463854,23.353071179825456,22.9068909904532,22.93366241455078,12472500
2023-10-02,22.880121350304325,23.237066891266828,22.80873258252032,22.906892776489258,8547400
2023-10-03,23.32630089892397,23.745711386795836,23.228142409840235,23.3173770904541,14637300
2023-10-04,23.39769163613411,23.39769163613411,23.049671586697,23.23706817626953,8431300
2023-10-05,23.076441888701048,23.540468031301295,23.076441888701048,23.406614303588867,11943900
2023-10-06,23.281683892747708,23.36199646808675,22.969357399989484,23.11213493347168,8406200
2023-10-09,23.076443596876594,23.406616036204596,22.83550584793392,23.272762298583984,7324000
2023-10-10,23.451231199707884,23.73678624655277,23.38876454392352,23.585084915161133,9998600
2023-10-11,23.736787465300438,24.138348632278042,23.62077965778691,23.94202995300293,11313900
2023-10-12,23.942030475308023,23.98664781637585,23.718940365883967,23.870641708374023,7050300
2023-10-13,23.843867334825227,23.906333987457227,23.55831230239078,23.64754867553711,6098000
2023-10-16,23.826025105523957,24.0937325643104,23.781406061031205,23.986648559570312,6655300
2023-10-17,23.83494829235462,24.307899973152388,23.79925475718564,24.18297004699707,7043500
2023-10-18,23.986647720835,24.30789802177966,23.933106571358373,24.129426956176758,9127000
2023-10-19,24.093733382811422,24.182969772785906,23.513699401041144,23.602935791015625,7085300
2023-10-20,23.61185589119992,23.69216846514624,23.20137091506755,23.210294723510742,6037100
2023-10-23,23.147830725191263,23.388766754966923,22.924740610998708,23.094287872314453,4582700
2023-10-24,23.263834160478346,23.424459296552907,23.138904255550266,23.344146728515625,6426700
2023-10-25,23.201368454828557,23.43338234362191,23.112132081901535,23.228139877319336,4249700
2023-10-26,23.201369880086297,23.513696353495927,23.085363779584497,23.353071212768555,9205800
2023-10-27,23.43338132364907,23.460152744974582,22.9068886185425,23.058589935302734,5463900
2023-10-30,23.201369208014306,23.495848056803567,23.112132832190408,23.344146728515625,5454700
2023-10-31,23.2102945495033,23.558314565966633,23.165675507621838,23.495849609375,8402700
2023-11-01,23.567240466939094,23.727865627889848,23.397691496819675,23.62970542907715,5966500
2023-11-02,23.950952529907227,24.093730053319064,23.799251198526857,23.950952529907227,5276000
2023-11-03,24.08480964624366,24.57560894156216,24.058038218557808,24.468524932861328,4662700
2023-11-06,24.539907798222476,24.60237274574575,24.316817727329543,24.388206481933594,5944300
2023-11-07,24.4774428506992,24.70053292159213,24.29897011316799,24.388206481933594,6699300
2023-11-08,24.423907172871562,24.52206566862976,24.174045624852635,24.2811279296875,5493400
2023-11-09,24.370363541826183,24.43282850132977,24.102656086227235,24.11157989501953,6569400
2023-11-10,24.245430798422863,24.64699363708496,24.12050089396901,24.64699363708496,10387200
2023-11-13,24.771926323530185,24.977168818766053,24.646996405046178,24.78977394104004,8606000
2023-11-14,25.200259049481158,25.450120589661335,25.128870281150036,25.23595428466797,7056100
2023-11-15,25.24487696694178,25.75352213135865,25.21810554174632,25.405500411987305,8460900
2023-11-16,25.40550254869007,25.51258655643569,24.92362876894118,25.17348861694336,8823200
2023-11-17,25.298419157794385,25.334112690816784,25.07532904476629,25.262723922729492,7957400
2023-11-20,25.057481614318377,25.209182960391814,24.861162926123193,24.977169036865234,8484000
2023-11-21,25.03963201082352,25.084251051449144,24.682688196030348,24.870084762573242,12903100
2023-11-22,25.396577583234592,26.1372383904975,24.88793239919728,25.575050354003906,15778600
2023-11-24,25.46796860756205,25.726752258564012,25.378732220234898,25.55720329284668,4762100
2023-11-27,25.35196072988522,25.583974655537315,25.218107000251226,25.45012092590332,7704900
2023-11-28,25.378732220234898,25.59289852859455,25.271648215033814,25.55720329284668,5762100
2023-11-29,25.789216624404695,26.155084272171173,25.753523091522407,25.94091796875,7267100
2023-11-30,26.16400663157314,26.217547778951957,25.896299192636686,26.181854248046875,12883100
2023-12-01,25.976612622140298,26.396021410862208,25.47688955663564,26.32463264465332,9599700
2023-12-04,26.09261747929321,26.297859959558647,25.82491004434198,25.914146423339844,6105400
2023-12-05,25.807064022815016,26.02123032441833,25.699980020992125,25.753522872924805,13911900
2023-12-06,25.95876599857253,26.003383340894768,25.387655847043877,25.423349380493164,5372400
2023-12-07,25.61966507662972,26.34247819251551,25.61966507662972,26.24431800842285,13674100
2023-12-08,26.235397370928453,26.40494633611104,26.15508479279157,26.288938522338867,7563300
2023-12-11,26.68157787529673,27.270535652924814,26.592341487344058,27.100988388061523,14358800
2023-12-12,27.214455499565343,27.44859728710849,27.151417656313804,27.223461151123047,8909000
2023-12-13,27.22346027104468,27.322520717324625,26.81821626996303,27.151416778564453,10303400
2023-12-14,27.439590416625677,28.06997225644297,27.439590416625677,27.85384178161621,12597100
2023-12-15,27.853840864354954,27.87185216607713,27.32251948711661,27.718759536743164,28405300
2023-12-18,27.628705596711516,27.745775626206726,27.250476837158203,27.250476837158203,15426400
2023-12-19,27.430584496589784,27.62870538481155,27.214454023881565,27.26848793029785,7827000
2023-12-20,27.169427063802942,27.349536647085912,26.827220916748047,26.827220916748047,8750400
2023-12-21,27.08837999361497,27.214455680958384,26.935287351418363,27.142412185668945,6529200
2023-12-22,27.214455260209853,27.44859704569369,27.07937392333713,27.178434371948242,4476800
2023-12-26,27.14241164614293,27.511634766868582,27.070368152285543,27.38555908203125,4853600
2023-12-27,27.376554645476077,27.484620749883973,27.2054506958521,27.232467651367188,5127900
2023-12-28,27.151417417512743,27.232466563166852,26.97130954089991,27.178434371948242,5704900
2023-12-29,27.16942507630949,27.313512045334726,27.034343757554854,27.097381591796875,5201800
2024-01-02,26.85423554495287,27.07937166014215,26.710148568643913,26.86324119567871,8773700
2024-01-03,26.71015238732736,27.10639248765257,26.54805408639193,26.92628288269043,8026400
2024-01-04,26.854236537672207,27.133404849884286,26.70114390497804,26.728160858154297,7727300
2024-01-05,26.65611684425461,27.214453457722342,26.602084656614696,26.9713077545166,6926100
2024-01-08,27.142410830011585,27.997928796789747,27.088378640656305,27.916879653930664,11378000
2024-01-09,27.646716214991113,27.75478059067429,27.14241006962867,27.16042137145996,8504500
2024-01-10,27.160424815334714,27.385560963815706,27.106392620641977,27.32252311706543,8686400
2024-01-11,27.43058610866283,27.556663513391324,26.854238147569415,27.01633644104004,8835600
2024-01-12,27.052356635536157,27.178432311371747,26.7551753122341,26.845230102539062,6883600
2024-01-16,26.566061468685977,26.620093655137286,26.124794891087088,26.19683837890625,6694900
2024-01-17,25.944685119094284,26.043745558225957,25.62049028515357,25.80059814453125,8072300
2024-01-18,26.03473990760924,26.03473990760924,25.62049028515357,25.80059814453125,8246700
2024-01-19,25.88165375591693,26.421980904500387,25.575468428974723,26.223861694335938,9815600
2024-01-22,26.385953631743686,26.62009541202201,26.24186664659585,26.277889251708984,8926200
2024-01-23,26.26888145871109,26.710148029456125,26.223854923643067,26.629098892211914,7559800
2024-01-24,26.809209532950746,26.94429086117397,26.60208471516498,26.620094299316406,6920100
2024-01-25,26.71015190992857,27.025342854152562,26.566064915595167,26.755178451538086,8338200
2024-01-26,26.692139854098787,27.160423431313394,26.692139854098787,27.01633644104004,9326000
2024-01-29,27.016334640797783,27.025340291796326,26.24186583144618,26.331920623779297,8002600
2024-01-30,26.295899913619593,26.430981244198165,26.19683946962423,26.250871658325195,6618100
2024-01-31,26.061759884218244,26.25987906782331,25.836623745627403,25.854633331298828,10409600
2024-02-01,25.809603076740434,26.061756134033203,25.55745001944766,26.061756134033203,11987700
2024-02-02,25.908666791160506,25.95369333103546,25.62049281359505,25.827617645263672,7193000
2024-02-05,25.728556856663307,25.746568159436446,25.368339389462417,25.512426376342773,10526200
2024-02-06,25.53043637797681,25.71054424357201,25.350326794729323,25.476404190063477,7926000
2024-02-07,25.440384011710233,25.440384011710233,25.0891721803124,25.17022132873535,7358000
2024-02-08,25.215245466119853,25.485408123338793,25.15220762727892,25.476404190063477,4639200
2024-02-09,25.467399658573264,25.68353013737904,25.38635051431455,25.593475341796875,4852200
2024-02-12,25.593474810431214,25.935680965355804,25.566457857021778,25.83662223815918,4896400
2024-02-13,25.503420231708873,25.575463723755696,25.116185817837557,25.34132194519043,6505900
2024-02-14,26.124798532029455,26.187836377950102,25.521433593335058,25.737564086914062,6547400
2024-02-15,25.7375613016966,26.196839194970416,25.7375613016966,26.142807006835938,7071800
2024-02-16,26.10678722815142,26.20584768182814,25.69253754487145,25.737564086914062,5681500
2024-02-20,25.557450937113234,25.890653142012205,25.52143005200786,25.7825870513916,5677700
2024-02-21,25.70154420695975,25.800602946877305,25.449391095714287,25.60248374938965,7580000
2024-02-22,25.656513169237773,26.205845876098433,25.656513169237773,26.070764541625977,6276200
2024-02-23,26.23286081777276,26.412970406814747,26.106785136034777,26.358938217163086,5547400
2024-02-26,26.394958281251643,26.55705656280392,25.9176708051836,25.935680389404297,9431100
2024-02-27,26.079768012546356,26.09777931486373,25.80960534839507,25.962697982788086,6683700
2024-02-28,25.863637924194336,26.196840151435715,25.82761703667363,25.863637924194336,10811300
2024-02-29,25.089171067088273,26.178829120077513,24.909061474661645,25.512426376342773,22925500
2024-03-01,26.11578896850767,26.683131214470343,26.016728529668068,26.48501205444336,13986500
2024-03-04,26.430983348765064,26.656119490206585,26.106786755440492,26.169824600219727,10322000
2024-03-05,26.09777923353088,26.521036248408443,25.998720506398694,26.232860565185547,10274400
2024-03-06,26.548052743166725,27.466608590223903,26.485014899915186,27.223461151123047,14188000
2024-03-07,27.340531550274683,27.871852942310365,27.151416312229486,27.520639419555664,14006800
2024-03-08,27.682737350463867,27.961905660755463,27.511633416829273,27.682737350463867,11435700
2024-03-11,27.565669675472478,27.853843661355814,27.36754877193835,27.79080581665039,7029000
2024-03-12,27.81442811863581,27.97798922447751,27.43278611605614,27.714473724365234,13376800
2024-03-13,27.714476825745123,28.123379636107522,27.532741858216703,27.9416446685791,8006400
2024-03-14,27.987076543327778,28.09611786657715,27.587262402103836,27.814430236816406,9767200
2024-03-15,27.669039706817042,28.13246050994841,27.623605105326728,27.64177894592285,15269700
2024-03-18,27.614518930192904,27.687212561386175,26.905756459346733,27.205617904663086,9223700
2024-03-19,27.087489770097235,27.16018340155711,26.805802164834326,27.096576690673828,6113600
2024-03-20,26.987538008017655,27.051144721017327,26.65132886810848,26.969364166259766,5292800
2024-03-21,27.123836462898428,27.61451802406381,26.987536125527647,27.33283042907715,6699300
2024-03-22,27.360094036909715,27.47822054608258,27.21470676416481,27.305572509765625,4796900
2024-03-25,27.160185172511873,27.314659366080566,27.087491536312076,27.151098251342773,6904700
2024-03-26,27.305572650717835,27.387353208703125,27.241965935207723,27.251052856445312,6167100
2024-03-27,27.43278739385517,27.441874314953292,27.014797689106402,27.36918067932129,6440800
2024-03-28,27.369179121337087,27.59634693639975,27.287398569262297,27.460044860839844,5954100
2024-04-01,27.487309805850362,27.768997454115038,27.460049039959014,27.605436325073242,6811800
2024-04-02,27.405526075035468,27.578174106094178,26.842150843595604,26.860322952270508,6127600
2024-04-03,26.778546704355552,27.34192375956395,26.73311382563128,26.951194763183594,6862800
2024-04-04,27.305574771979952,27.623610107390427,26.88758676149709,26.933019638061523,5401900
2024-04-05,26.83306374780382,26.896670460633814,26.39690021254267,26.4514217376709,5160800
2024-04-08,26.60589869785136,26.74219905856662,26.46051141533467,26.63315773010254,5210300
2024-04-09,26.751284934103317,27.241966560117913,26.687678217134117,27.232879638671875,6593700
2024-04-10,26.80580453939739,27.12383985513949,26.27877523133875,26.3060359954834,6664800
2024-04-11,26.405988753955832,26.60589755872204,26.060694406050715,26.560462951660156,5519900
2024-04-12,26.34237872636267,26.51502674519237,25.769916614557545,25.92439079284668,7626000
2024-04-15,26.142471392330926,26.260597888239648,25.36101358921032,25.40644645690918,6224200
2024-04-16,25.424620390244357,25.479141911465778,25.0338914872549,25.25197410583496,7086600
2024-04-17,25.39736468101809,25.633617704566735,25.106588395971606,25.161109924316406,6144100
2024-04-18,25.1611103798435,25.460971858556558,24.997549258154,25.097503662109375,4525400
2024-04-19,25.13384887793154,25.388277474558006,25.052068319485645,25.27014923095703,4770000
2024-04-22,25.44279723893046,25.533664718557244,24.988461573949557,25.170196533203125,5156300
2024-04-23,25.161106732321727,25.306493989824297,25.061152342856406,25.142932891845703,6116200
2024-04-24,25.270151073587705,25.97891538741565,24.92485670520167,25.533666610717773,14491900
2024-04-25,25.415535354946734,25.715396811292084,25.224715215978303,25.560922622680664,5032700
2024-04-26,25.560923214992076,25.79717796382257,25.406449022801098,25.44279670715332,5356200
2024-04-29,25.55183671144631,25.851698159300973,25.55183671144631,25.68813705444336,5676400
2024-04-30,25.488232313579793,25.842615341416924,25.470060202607332,25.524580001831055,5557700
2024-05-01,25.442799336201436,25.515492979264454,25.088418042913354,25.21563148498535,6137200
2024-05-02,25.42462300523275,25.47005761092367,25.006635031794254,25.388277053833008,4828600
2024-05-03,25.69722505131761,25.897132113875617,25.45188338375576,25.60635757446289,6648300
2024-05-06,25.742657540454648,25.84261193682412,25.642703144085175,25.824438095092773,4354600
2024-05-07,25.96073875550797,26.169732738485344,25.669964216904145,25.815351486206055,3953100
2024-05-08,25.788090816578773,26.878497073441064,25.788090816578773,26.751283645629883,8796700
2024-05-09,26.705847697375187,26.96936319390495,26.65132790722012,26.942102432250977,6431700
2024-05-10,27.114750006110107,27.151095954558905,26.914842956759585,27.005708694458008,4973200
2024-05-13,27.114750432383275,27.469131667806362,27.08748967075347,27.205617904663086,5568300
2024-05-14,27.387354270955115,28.096118556600242,27.278314678180838,27.95073127746582,8018200
2024-05-15,28.168813183963284,28.532281394545087,28.159726262054598,28.495935440063477,6480600
2024-05-16,28.40506801799835,28.48684858220728,28.168813247300676,28.232419967651367,5737500
2024-05-17,28.37780331646584,28.423237919810067,28.17789626120995,28.34145736694336,4618200
2024-05-20,28.51410736789685,29.013877670751327,28.405067771998034,28.913923263549805,5591000
2024-05-21,29.03204726442696,29.849849313408747,28.97752574130588,29.7044620513916,8201400
2024-05-22,29.768071423951646,30.231495746159183,29.75898623577188,29.9952392578125,7717600
2024-05-23,30.149714111931456,30.331449065799195,29.61359790448989,29.668119430541992,6822700
2024-05-24,29.78624454959836,29.91345797888917,29.559076721205923,29.75898551940918,6503900
2024-05-28,29.88620114296585,30.395058363795712,29.849853455840954,30.11336898803711,8019500
2024-05-29,29.78624662769536,30.286018658071093,29.450039188784043,29.804420471191406,12481300
2024-05-30,31.258298074498214,35.91069475051486,31.258298074498214,34.85663604736328,38253600
2024-05-31,34.15695187677462,34.184210904618354,31.721712688638345,33.166500091552734,29952100
2024-06-03,33.16650511085195,33.39367295407696,31.658110770490108,32.09427261352539,12390700
2024-06-04,31.994318999441255,32.6031306368256,31.948886122933477,32.12153244018555,9633600
2024-06-05,32.49408225533918,32.7394239078937,32.02157625742571,32.37595748901367,8143800
2024-06-06,32.37596383156763,33.166507000464975,32.33053095359539,32.875732421875,9319500
2024-06-07,32.793948626530344,33.430019254441454,32.74851575303085,33.121070861816406,8718800
2024-06-10,32.98477202226964,33.03020490024188,32.24875038672281,32.875732421875,8790300
2024-06-11,32.848464878545684,33.139239381806874,32.60312324148677,33.00293731689453,7708800
2024-06-12,33.52118917441173,33.85997103683357,33.18240731198989,33.237342834472656,7372500
2024-06-13,33.21902840448643,33.67684303406468,33.05421485841038,33.37468719482422,6847500
2024-06-14,33.16409560618816,33.539503493538696,32.449902350294224,32.51399612426758,8582400
2024-06-17,32.605562267449464,33.04506394378991,32.24846737372591,32.898563385009766,7500300
2024-06-18,33.06336998908628,33.69515286090104,32.88939821082928,33.64937210083008,9607500
2024-06-20,33.75009656732895,34.043097663991986,33.0542163431178,33.18240737915039,9202400
2024-06-21,33.05421704248044,33.54865771337893,32.825309712566174,33.30143737792969,17244200
2024-06-24,33.28312360082449,33.786722509240356,33.100000535417166,33.237342834472656,5496100
2024-06-25,33.090840419385344,33.38384149892364,32.98096588777058,33.20987319946289,6002900
2024-06-26,33.07252975129662,33.10000100577695,31.83643157798903,32.129432678222656,9658300
2024-06-27,32.22099387908265,32.3217136611557,31.726556710580955,31.781492233276367,5716700
2024-06-28,31.955459796406462,32.39496138390217,31.83642702494467,32.06533432006836,14543000
2024-07-01,32.230152274147635,32.25762003561981,31.7814923772933,32.01955795288086,4952900
2024-07-02,31.81812227332723,32.1660624301412,31.497653374188726,31.863903045654297,5834500
2024-07-03,31.955467491867996,32.12943582063143,31.79065392026096,31.909683227539062,3985200
2024-07-05,31.94630641003301,31.955464659226564,31.48849175011772,31.70824432373047,4365400
2024-07-08,31.909683727247387,32.50484424435405,31.863902955050495,32.340030670166016,6511300
2024-07-09,32.294244923801955,32.61471377266854,32.184370388883195,32.43158721923828,5152700
2024-07-10,32.70628357621693,33.05422023645613,32.52315699602056,33.02675247192383,5344700
2024-07-11,33.1457794981087,33.46624833798147,32.990120709564515,33.05421447753906,6722900
2024-07-12,33.173250696888196,33.79587892991534,32.898562592399465,33.631065368652344,6599800
2024-07-15,33.35637184136045,34.198749023892354,33.33805883832521,34.18959426879883,5720700
2024-07-16,34.427661663098995,34.912947586691615,34.32694537005399,34.793914794921875,8571000
2024-07-17,34.42765756993156,35.17847325733875,34.217063266668404,34.894630432128906,8906800
2024-07-18,34.85800981410973,34.967884360441566,34.079726247248566,34.226226806640625,5895500
2024-07-19,34.25368704690845,34.28115480424648,33.76840470541348,34.015625,4773500
2024-07-22,34.4459722358447,34.83053834637933,34.26284568286861,34.812225341796875,4519900
2024-07-23,34.59247894338819,34.922106098908834,34.47344963166614,34.528385162353516,4472700
2024-07-24,34.4093479270183,34.90378505359366,34.33609591250444,34.62909698486328,6310400
2024-07-25,34.43681907923732,34.60163263528496,33.14578188542991,33.19156265258789,8589500
2024-07-26,33.4570942951121,33.649375603132086,33.145780204239934,33.27396774291992,7299600
2024-07-29,33.32890441672601,33.34721392709627,32.733744037094105,33.08168411254883,4788300
2024-07-30,33.08168579937961,33.23734109540123,32.175211304508935,32.52315139770508,6915700
2024-07-31,32.935188476001514,33.29228335972934,32.72459414695302,33.04506301879883,8189900
2024-08-01,32.944339621927206,33.22818594363086,32.0378686307111,32.20267868041992,5437300
2024-08-02,31.50680783044633,31.644153638964134,30.728524229776102,30.875024795532227,6489100
2024-08-05,29.831203069752938,30.197452679300905,29.446636962951857,29.986858367919922,7339300
2024-08-06,30.07842375959879,30.398896138561046,29.776267880241747,29.959394454956055,6154400
2024-08-07,30.133358494481502,30.28901728334891,29.254355252278103,29.318449020385742,7603700
2024-08-08,29.565668537953012,30.298171219988355,29.565668537953012,30.23407745361328,5909000
2024-08-09,30.08758253105654,31.030679691840515,30.08758253105654,30.7102108001709,6605500
2024-08-12,30.792616036634232,31.28705323136038,30.746835267677024,30.92995834350586,5609200
2024-08-13,31.140550451294306,31.84558542000607,31.10392793445296,31.827272415161133,6477300
2024-08-14,31.82726998967554,32.065335541668766,31.625833937429267,31.818115234375,5158500
2024-08-15,32.23015224060916,32.559779349326696,32.1843714739203,32.49568557739258,4847700
2024-08-16,32.48652813303341,32.99012356478206,32.42243435951169,32.8802490234375,5580400
2024-08-19,31.699083878293084,32.3125572963569,31.387769791405873,31.680770874023438,9622300
2024-08-20,31.680767817192063,32.09280164138159,31.671613062364777,31.8730525970459,6885200
2024-08-21,32.04703012248022,32.349189511631174,31.88221654527954,32.29425048828125,4677000
2024-08-22,32.33087172388421,32.669653585665415,32.047025384481884,32.120277404785156,4955300
2024-08-23,32.34919219266971,33.118317626217745,32.3400339415945,32.65134811401367,6319600
2024-08-26,32.825310492168434,33.109156845429,32.358341064906206,32.56893539428711,5415200
2024-08-27,32.50484348703635,32.66965705738445,32.35834292371015,32.596405029296875,6473800
2024-08-28,32.523152627874694,32.68796617863061,31.717397878940027,31.827272415161133,12074200
2024-08-29,31.232114046425053,33.759249220967,30.948267723589307,32.46821212768555,18740400
2024-08-30,32.64218194260512,33.191558058152516,32.468210161498185,33.127464294433594,12068600
2024-09-03,32.95349668572938,33.11830672951372,32.175209764331505,32.394962310791016,9151700
2024-09-04,32.36749545651824,32.63302880081497,32.18437238458132,32.349185943603516,6514200
2024-09-05,31.900519996432124,32.07448827898319,31.44270541754696,31.497644424438477,6862100
2024-09-06,31.378617143577895,31.717399013203305,30.92080248462785,30.966583251953125,7995900
2024-09-09,31.387768954035646,31.89136782589485,31.14970689057811,31.296207427978516,9803500
2024-09-10,31.14970395893451,31.296204482547072,30.554543617031488,30.646108627319336,7863000
2024-09-11,30.633188467963834,30.863999108306,30.180798063261197,30.808603286743164,7186800
2024-09-12,30.688584999192614,30.836303671551924,30.42084380495044,30.559328079223633,6508000
2024-09-13,30.651649713758893,30.974783159017285,30.59625389947585,30.76243782043457,5924200
2024-09-16,30.64242074466366,31.251760722145335,30.596259318863282,31.168668746948242,7775900
2024-09-17,31.43640405760055,32.23039311142024,31.381011765774307,31.7872371673584,10054200
2024-09-18,31.944189071137757,32.29502220704632,31.667217025690217,31.879562377929688,7077800
2024-09-19,32.405807470307884,32.516599096253756,32.128835449223864,32.147300720214844,7466700
2024-09-20,32.04574608095721,32.23962615919825,31.750308765002103,32.0919075012207,37215900
2024-09-23,32.119605575912836,32.535065381434826,31.971886925270617,32.415042877197266,7951700
2024-09-24,32.55352979245925,33.12594269214844,32.54429891686653,33.089012145996094,6576900
2024-09-25,33.23672890072909,33.615258172333995,33.172102209617805,33.28289031982422,6622000
2024-09-26,33.67988941595082,34.095349287745684,33.301360093180165,34.021488189697266,6278200
2024-09-27,33.01515391840415,33.31059479136749,32.415048339865855,32.692020416259766,9961700
2024-09-30,32.77511566658035,33.22750613668085,32.77511566658035,33.11671447753906,8303700
2024-10-01,32.35041779409938,32.48890205488986,31.52873253898108,32.0919075012207,10361100
2024-10-02,32.119611238666465,32.756647371517346,31.814939486939263,32.47967529296875,8804100
2024-10-03,32.37811799980039,32.87666985366667,32.29502602415601,32.867435455322266,7227100
2024-10-04,33.236727975635965,33.33828520795288,32.830502568258744,33.22749710083008,5116900
2024-10-07,33.209036569483956,33.44907808949455,32.97822592559683,33.15364074707031,4302100
2024-10-08,33.052079471233604,33.384447321418214,32.507366277184495,33.23672866821289,8667100
2024-10-09,33.21826535851837,33.99378921412891,33.107477242542785,33.772212982177734,5376400
2024-10-10,33.753742473835494,34.03071448176016,33.624485583039835,33.92915725708008,4763400
2024-10-11,34.10457801613741,34.60312983089227,34.03072044463156,34.16920471191406,5832200
2024-10-14,34.15998233664684,34.59390756360417,34.076890346844195,34.56620788574219,5060100
2024-10-15,34.66775729379424,35.05552099892535,34.02148679983629,34.13227844238281,6502100
2024-10-16,34.196903229018865,34.427713855259185,34.196903229018865,34.32615661621094,3413800
2024-10-17,34.42771248277995,34.96319128292719,34.215367137731,34.69545364379883,7099600
2024-10-18,34.8062436080996,34.907800848509524,34.30769180348218,34.418479919433594,4726600
2024-10-21,34.47387325772191,34.66775332715856,33.65218803991766,33.66141891479492,5593900
2024-10-22,33.53216575350212,33.57832717196992,33.14440561210409,33.449073791503906,4919200
2024-10-23,33.24595854746265,33.495234427635054,32.83973314378747,33.09823989868164,4664800
2024-10-24,33.19057154603406,33.72605041251336,32.91359947565573,33.670658111572266,5931100
2024-10-25,33.67988827261944,34.40001634469035,33.67988827261944,34.04918670654297,5018400
2024-10-28,34.15996936824451,34.75084395057115,34.13227322278867,34.5477294921875,5286100
2024-10-29,34.556965082884155,34.556965082884155,34.19690109195324,34.21536636352539,4937600
2024-10-30,34.1969041630381,34.400015124791494,33.726048500388615,33.73528289794922,5687600
2024-10-31,33.56909915763839,33.61526058003985,32.67355277110882,32.793575286865234,6620900
2024-11-01,32.76587657371026,33.77221099963083,32.76587657371026,33.495235443115234,6360400
2024-11-04,33.48600385808009,33.66141865451539,33.052078782504346,33.22749710083008,9533900
2024-11-05,33.23673153734385,33.84607147465285,33.18133571690092,33.827606201171875,4162800
2024-11-06,34.5661988192445,34.649290787252646,33.13517361189604,34.076881408691406,9571100
2024-11-07,33.98455576814551,34.713914625200964,33.90146380697585,34.473873138427734,5801700
2024-11-08,34.34461896631413,34.45540707135236,33.8645324819613,33.9937858581543,5489400
2024-11-11,34.15074368195772,35.7017879352571,33.975325342380074,34.77854537963867,10160600
2024-11-12,34.5754344398703,35.01859044429376,34.25229743201156,34.261531829833984,6793800
2024-11-13,34.28922630278443,34.3815526670397,33.91069701406454,33.98455810546875,6087800
2024-11-14,34.02148944888133,34.25230010598878,33.670659785839625,33.689125061035156,6044500
2024-11-15,33.58756377280306,34.10457732859337,33.54140235130617,33.901466369628906,7278600
2024-11-18,34.086109256746234,34.83393690239697,34.021482567579056,34.55696487426758,7623800
2024-11-19,34.224596700695884,34.381549745648236,33.88299798670365,34.039947509765625,4665400
2024-11-20,34.039947263779545,34.14150449415182,33.62448746766133,33.864532470703125,4929000
2024-11-21,33.94762991278271,35.04628730939165,33.91069936452083,35.000125885009766,5969400
2024-11-22,35.046286375930904,35.68332598986247,34.97242880326528,35.20323944091797,6961100
2024-11-25,35.535607785118785,36.745053288149094,35.28633187058278,36.28343200683594,14160200
2024-11-26,36.23727320355557,36.578871990300335,35.95106672056388,36.098785400390625,12112400
2024-11-27,33.75374430586538,34.62159091697024,30.956317364888747,31.999582290649414,27423800
2024-11-29,31.621057069507167,33.12594339938248,31.621057069507167,32.71048355102539,8300900
2024-12-02,33.005920682136924,33.7906754294594,32.51660326476345,33.652191162109375,11320900
2024-12-03,33.587565658155704,34.08611396895386,33.13517524955469,33.966094970703125,7311400
2024-12-04,34.058416847044086,34.09534739401709,33.19980100032105,33.56909942626953,8736000
2024-12-05,33.772213390291185,33.809140414802144,33.26442718199452,33.393680572509766,8251100
2024-12-06,33.652185872519254,33.79067011810175,33.14440326160299,33.4213752746582,6583500
2024-12-09,33.49523809951041,33.98455903877468,33.34751943453592,33.652191162109375,6308200
2024-12-10,33.3752170499764,33.486005161411256,32.221163950349144,32.25809097290039,8015800
2024-12-11,32.44335223395765,32.48990221077203,31.97788087593091,32.16407012939453,8183400
2024-12-12,32.089593834040095,32.71332369622799,31.89409318130771,32.56437301635742,5143600
2024-12-13,32.638852903289994,32.65747218376282,31.97788087593091,32.16407012939453,5101500
2024-12-16,32.0244286496575,32.37818430051102,31.698596590695285,31.828927993774414,8182200
2024-12-17,31.20519807740746,31.987190046040816,31.028320252230817,31.50309944152832,8290800
2024-12-18,31.633428923110763,31.717213898634952,30.199776475814303,30.246326446533203,10393100
2024-12-19,30.320801398760945,30.851438417675805,30.041519317952755,30.21839714050293,7615500
2024-12-20,30.060142033166635,30.8979883713696,29.920499201167104,30.665252685546875,17752800
2024-12-23,30.572155574607745,30.96314976773763,30.395277756467685,30.935222625732422,5241600
2024-12-24,31.02831753166544,31.1586489231328,30.879363311400944,31.130718231201172,2128100
2024-12-26,31.037631103242465,31.326224631186953,30.972465395523503,31.121416091918945,3061100
2024-12-27,30.991082884688982,31.08417573282957,30.693181509121672,30.98177146911621,4423500
2024-12-30,30.57215649576594,30.600083638612613,29.98566163713541,30.376659393310547,4242800
2024-12-31,30.56284863190517,30.64663006044518,30.1997780185767,30.376659393310547,4126600
2025-01-02,30.43251570381974,30.562850665392805,30.05082933737437,30.227710723876953,4660500
2025-01-03,30.562850466246193,30.86075184537148,30.330114791850523,30.8514404296875,5451500
2025-01-06,31.214504306156105,31.810307003186125,31.102792188279025,31.531024932861328,7757500
2025-01-07,31.670667318429714,32.0709729159841,31.140030326557934,31.34483528137207,5343700
2025-01-08,31.186574415618615,31.233120831359297,30.72110315568401,31.14002799987793,4891900
2025-01-10,30.823514054822926,31.14003472195509,30.61870551983604,30.907299041748047,6222500
2025-01-13,30.80489382636414,30.80489382636414,30.22771035156516,30.36734962463379,7062900
2025-01-14,30.62801458780925,30.86075025017478,30.134612568734553,30.413894653320312,5518000
2025-01-15,31.065554853789628,31.23312481282832,30.44182499057343,30.525609970092773,7227000
2025-01-16,30.46044291020701,30.46975077362076,30.106683728993474,30.115991592407227,7973500
2025-01-17,30.460444732564845,30.721107538914666,30.255636212567474,30.264944076538086,8455700
2025-01-21,30.18116041191899,30.702489598617735,29.99497471427223,30.674562454223633,7758200
2025-01-22,30.75834948568513,31.25174800956164,30.57216022438265,30.842134475708008,5184300
2025-01-23,30.79558326821439,31.214504602040474,30.49767836561132,31.074865341186523,4623500
2025-01-24,31.195889366820587,31.205200782842862,30.376662320094884,30.469755172729492,4048900
2025-01-27,30.283563349486855,31.05624745567046,30.07875838079619,31.0283203125,10177000
2025-01-28,30.897986306884643,30.907297722403655,30.060140024663355,30.47906494140625,5955800
2025-01-29,30.767655269451637,30.776966685082538,30.3114953389448,30.358041763305664,4039400
2025-01-30,30.73972634828793,30.795584185051034,30.432513572987382,30.5349178314209,3611700
2025-01-31,30.702490197909245,31.028322277680186,30.181161001034514,30.255638122558594,6178700
2025-02-03,29.520190725369503,30.143924150615476,28.90576871537769,29.790164947509766,8205500
2025-02-04,29.75292448199507,30.12530294047694,29.58535630643673,29.799470901489258,5050600
2025-02-05,29.79946976221078,30.330110288202718,29.79946976221078,30.320798873901367,5517900
2025-02-06,30.339420316230125,30.47906313060288,30.153231080821207,30.34872817993164,6197100
2025-02-07,30.58146404501796,30.69317971778406,29.920495628507943,30.041519165039062,4382900
2025-02-10,30.339420986267964,30.81420017334499,30.14392388284003,30.553537368774414,5424200
2025-02-11,30.40459049664823,30.991085431675376,30.274259078034376,30.860754013061523,4384500
2025-02-12,30.562845659477837,30.953839826362007,30.264940775940943,30.758342742919922,4312300
2025-02-13,30.8141998614846,31.037627656901257,30.637322038925312,31.000389099121094,5393300
2025-02-14,31.074871944413413,31.475177636199618,31.037633379767026,31.31691551208496,4183400
2025-02-18,31.531024998568753,31.866164904162588,31.279670069373378,31.838237762451172,5309500
2025-02-19,31.828924178093175,32.45265752682377,31.735831344557962,32.28508758544922,5666000
2025-02-20,32.443350464429244,32.489900438704694,32.00580982660845,32.322330474853516,5006900
2025-02-21,32.49920726566609,32.536445823392285,32.098901648270235,32.23854446411133,7214100
2025-02-24,32.43404565347092,32.84365918629645,32.27578353881836,32.27578353881836,7142600
2025-02-25,32.37818519534427,32.59230158507242,31.661358907333806,31.74514389038086,7036100
2025-02-26,31.624126813589584,31.717219669436865,31.270367569093242,31.49379539489746,7037800
2025-02-27,31.36346014583722,31.558960823400454,30.823515194451282,30.842134475708008,10360100
2025-02-28,29.259528541868907,29.259528541868907,27.909660953672542,28.738201141357422,23233200
2025-03-03,28.933698415007253,29.259528708039475,27.844495408696954,27.965518951416016,8299700
2025-03-04,27.85380613333314,28.049303251386736,27.164908736579214,27.26731300354004,9602500
2025-03-05,27.46280886674159,27.751400598333714,27.16490749533911,27.481428146362305,8940100
2025-03-06,27.2300725021608,27.94689876854035,27.220762862588476,27.90035057067871,10136400
2025-03-07,27.770019994856305,28.4961559224308,27.583830749129845,28.43099021911621,10995500
2025-03-10,28.21686941579117,28.393749005131266,27.555901028958726,27.909658432006836,8851100
2025-03-11,27.770021227700482,27.82587729364524,26.597033189066625,26.64358139038086,10783600
2025-03-12,26.811919955330133,26.887155014383776,26.163016449901665,26.774301528930664,9173400
2025-03-13,26.8025112011458,27.131665206224667,26.021946911599077,26.247652053833008,6882700
2025-03-14,26.56740441538119,26.840132613740334,26.445148122363616,26.71787452697754,5385800
2025-03-17,26.708469047735,27.23511442110717,26.68965983596399,27.188093185424805,6395200
2025-03-18,27.047026424877252,27.150475291054367,26.840130486268105,26.9906005859375,5001500
2025-03-19,27.084646127554286,27.28213927688034,26.793110500568027,27.047029495239258,7905700
2025-03-20,26.89655791896449,27.169284318121274,26.783704440652766,26.811918258666992,5525100
2025-03-21,26.55800041521308,26.97179412841797,26.28527400437584,26.97179412841797,23907600
2025-03-24,27.329159531667944,27.442013012040068,26.962388859512682,27.272733688354492,5804700
2025-03-25,27.31975654143329,27.394991601549727,26.896560000932837,27.094051361083984,6053700
2025-03-26,27.094049990871728,27.28213852852338,26.83072819065369,27.0000057220459,6356500
2025-03-27,26.793110510634204,27.06583871843806,26.605023761497847,26.943580627441406,6106400
2025-03-28,26.699065679705555,26.943580062829692,26.134803650375492,26.238250732421875,5452100
2025-03-31,25.824457676901428,26.13480431213459,25.67398755943733,26.040760040283203,8946600
2025-04-01,26.219441641769762,26.294676698946834,25.824457143153833,26.134803771972656,6494500
2025-04-02,25.852667916545652,26.398122465255696,25.852667916545652,26.219438552856445,6050300
2025-04-03,24.338564427435436,24.394992067966115,21.583079223019137,22.363643646240234,23089300
2025-04-04,21.931039449963812,22.062700349514863,20.652041704341425,21.263328552246094,22865100
2025-04-07,20.5203804419914,22.626963766290054,20.304079884054506,21.987464904785156,21901400
2025-04-08,22.288407716073085,22.401259405239408,20.22884555446242,20.576807022094727,17963500
2025-04-09,20.219442614299314,22.890290061269184,19.94671438780632,22.833864212036133,19749500
2025-04-10,22.025083805352512,22.250788974221983,20.990600436058504,21.507843017578125,11304400
2025-04-11,21.620695486079956,22.072105840123847,21.06583625324652,22.043893814086914,10168100
2025-04-14,23.21944124368994,23.614425726594277,22.241383745547704,22.608156204223633,10638400
2025-04-15,22.570539401251605,22.82445840001456,22.10972443705882,22.326025009155273,9162400
2025-04-16,21.987465743771605,22.373047431593722,21.695930120047823,22.072105407714844,7280500
2025-04-17,22.307212831546842,22.570536401984892,22.147338126949645,22.410661697387695,6785900
2025-04-21,22.05329911355848,22.410665206634746,21.73354965429508,22.335430145263672,8812500
2025-04-22,22.589346560158784,22.805647112583422,22.36364140192284,22.739816665649414,6415600
2025-04-23,23.61442557419012,24.05643129045261,23.031352562715288,23.163013458251953,7288000
2025-04-24,23.266462294581935,23.840130699259333,23.087778369662797,23.821321487426758,6542700
2025-04-25,23.82132085617226,24.000004776356356,23.567401884396727,23.77429962158203,5023200
2025-04-28,23.77430140676464,24.018815791233383,23.529787022295896,23.877748489379883,5256000
2025-04-29,23.567400940071654,24.103450885399763,23.567400940071654,24.000003814697266,5320900
2025-04-30,23.435742529405477,24.141071856983395,23.435742529405477,24.047027587890625,6202800
2025-05-01,24.141072086595127,24.33856343919762,23.849536464005386,23.877748489379883,6525800
2025-05-02,24.385584938216095,24.52665043745714,24.25392404475714,24.404394149780273,5669300
2025-05-05,24.244520596652098,24.63950508963463,24.22571138418978,24.357372283935547,4577300
2025-05-06,24.094049870248877,24.394990086993612,23.97179178610559,24.103452682495117,5308400
2025-05-07,24.07523876072291,24.357369743248025,23.91536405896,24.310348510742188,5702100
2025-05-08,24.5454601554545,25.06270092792532,24.432606677486138,24.761760711669922,5941800
2025-05-09,25.081511089824208,25.31662086689652,24.836996706419573,24.884017944335938,7595500
2025-05-12,26.501573873905997,27.329159484817005,26.454550843104382,26.57680892944336,10452800
2025-05-13,26.567402620675754,27.22571065974806,26.46395375328708,27.06583595275879,7115600
2025-05-14,27.084646137729994,27.216308835245258,26.840133543227257,26.943580627441406,7216600
2025-05-15,26.68965890543456,27.24451807711819,26.66144688250681,27.06583595275879,7929200
2025-05-16,27.178688767099807,27.62069627804305,27.159879555198994,27.573673248291016,7803100
2025-05-19,27.122261155176968,27.394987534960276,27.065835316901985,27.366775512695312,6836400
2025-05-20,27.366778807367727,27.724144884459157,27.084645994536864,27.253925323486328,7766800
2025-05-21,27.122264465614197,27.49843975627034,26.8495362587977,26.905963897705078,7584800
2025-05-22,26.802513122558594,27.037622886791564,26.6896596464789,26.802513122558594,5729400
2025-05-23,26.0313531943562,26.454549690663693,25.918499719093788,26.31348419189453,7663100
2025-05-27,26.74608856522105,26.77430059028631,26.46395575835184,26.65204429626465,10306000
2025-05-28,26.473358718414023,26.661447244630818,25.57994270324707,25.57994270324707,17503400
2025-05-29,22.401257798591576,24.357370943383703,22.184957248415095,23.46395492553711,26462900
2025-05-30,23.28527026403081,23.539189228987258,22.946711644088875,23.41693115234375,16298100
2025-06-02,23.45455201498059,23.492168646808405,22.99373706418196,23.42633819580078,9587800
2025-06-03,23.34169609901089,23.952981100894693,23.050160506188472,23.86834144592285,8393500
2025-06-04,23.943579608055483,24.178689392708403,23.614427344537642,23.68025779724121,12721300
2025-06-05,23.68025397208159,23.868340693174392,23.144204036662327,23.228843688964844,12250000
2025-06-06,23.51097846529186,23.79310948937724,23.360508346613617,23.68025779724121,12430000
2025-06-09,23.990603404363586,24.056433859161192,23.510979213165566,23.62383270263672,11835700
2025-06-10,23.689660995677368,24.15988053703165,23.576807516504456,24.037622451782227,9364400
2025-06-11,24.21739657573712,24.21739657573712,23.504001128567605,23.608633041381836,6240300
2025-06-12,23.542051525397074,23.69424242042057,23.437419604721452,23.53253936767578,5665400
2025-06-13,23.209130236604643,23.38985758123209,22.600366735870097,22.676462173461914,7084700
2025-06-16,22.876214193900918,23.36132333506301,22.8096309064537,23.32327651977539,8030100
2025-06-17,23.171085009908207,23.50400143823341,23.018894124314265,23.104501724243164,5796700
2025-06-18,23.094988144144487,23.21864255072384,22.923772954835883,22.999868392944336,8659400
2025-06-20,23.266203097263734,23.542050213028133,22.91426235248806,22.933286666870117,19507300
2025-06-23,22.809631001959403,22.838167474238485,22.30549935817192,22.7430477142334,9454400
2025-06-24,23.066453298562696,23.399371544074057,22.97133354066538,23.342300415039062,7644300
2025-06-25,23.351809058847138,23.399369841464367,23.12352274505948,23.332786560058594,8128400
2025-06-26,23.599121375217678,23.62765784683103,23.275715287300237,23.50400161743164,6869100
2025-06-27,23.53253873817078,23.751312917132434,23.23766911373296,23.56107521057129,13832100
2025-06-30,23.69424092580053,23.732289554285604,23.16157282681871,23.266202926635742,11116800
2025-07-01,23.123522364932477,24.5598253197112,23.1140102085654,24.255443572998047,13488100
2025-07-02,24.331540848911462,24.692993746891183,24.01764692210381,24.588363647460938,8496200
2025-07-03,24.80713830586641,24.97835350826888,24.71201854739187,24.731042861938477,4740200
2025-07-07,24.597875596990438,24.692993538531972,23.989110248425643,24.103254318237305,6716100
2025-07-08,24.27447264320776,24.75006966922237,24.02716197196912,24.54080581665039,7986900
2025-07-09,24.559828468232,24.68348470259815,24.046184658370024,24.369590759277344,6354100
2025-07-10,24.426661303348144,24.987865887651964,24.34105370138597,24.474220275878906,7606900
2025-07-11,24.255445341518573,24.379099754789852,24.07471798588352,24.179349899291992,6169500
2025-07-14,23.97008753810438,24.141300919930167,23.45644194985174,23.618144989013672,9451800
2025-07-15,23.836920318838565,23.998623365892595,23.294740047615793,23.32327651977539,6753300
2025-07-16,23.34229990319854,23.427905687744666,22.933286223189707,23.3613224029541,5919200
2025-07-17,23.361323948733062,23.599122446867483,23.123525450598642,23.542051315307617,6758000
2025-07-18,23.741800027071147,23.88448057041251,23.51351369768682,23.8369197845459,7173800
2025-07-21,23.951063224259816,23.960575381182096,23.58960851824683,23.618144989013672,5068800
2025-07-22,23.732289608630612,24.17935010880321,23.618145537172467,24.169837951660156,7841300
2025-07-23,24.426659889636415,24.778600620215624,24.25544469562127,24.616897583007812,7220000
2025-07-24,24.464707142027674,24.654946653074443,24.312516258893634,24.436172485351562,6055300
2025-07-25,24.47421759769754,24.540800877657887,24.188860165222245,24.426658630371094,6327300
2025-07-28,24.483731733772235,24.683483404063537,24.24593324939497,24.588363647460938,5896400
2025-07-29,24.731042518716645,24.759578990140522,24.341053147216023,24.41714859008789,6551200
2025-07-30,24.493243255565943,24.540802225504454,23.713264537320526,23.874967575073242,7181400
2025-07-31,23.770336503934974,24.122279062393137,23.551562331674795,23.589609146118164,12646000
2025-08-01,23.323276172809237,23.43741843123258,22.933286797055594,23.25669288635254,7929400
2025-08-04,23.28522743851207,23.779848727465385,23.25669278116454,23.751312255859375,6201300
2025-08-05,24.017647353536557,24.12227926910478,23.70375342109038,23.827407836914062,6281200
2025-08-06,23.874969558142016,24.00813613643747,23.5800999286627,23.78936195373535,8133200
2025-08-07,24.188859793628815,24.28397954107877,23.808382618087276,24.112764358520508,8419400
2025-08-08,24.2649575606013,24.873721099969984,24.0842302045043,24.835674285888672,7075100
2025-08-11,24.88323312105289,25.08298479022801,24.21739664281375,24.264957427978516,7540200
2025-08-12,24.63592322159268,25.39687947877927,24.52178096228272,25.301759719848633,8843800
2025-08-13,25.273224595685317,25.996132262148127,25.273224595685317,25.815404891967773,9407500
2025-08-14,25.36834334092586,25.69174943699421,25.320784367963437,25.61565399169922,6544500
2025-08-15,25.767845244891667,25.83442853367942,25.273223936384692,25.434926986694336,6974200
2025-08-18,25.406390439039484,25.701261880313645,25.38736793819804,25.52053451538086,5769800
2025-08-19,25.634678651519707,26.024668040686432,25.59663002123098,25.68223762512207,7144300
2025-08-20,25.491996415363257,25.587116170532358,25.07347239543271,25.178102493286133,6458900
2025-08-21,25.13054303760766,25.29224607399542,25.01639897075696,25.282733917236328,7326200
2025-08-22,25.453948370969147,26.395630091663435,25.368340776882544,26.386117935180664,6574200
2025-08-25,26.300511826146447,26.43368021016623,26.110274128524313,26.157833099365234,8249700
2025-08-26,26.01515567053119,26.176858719419833,25.615654127056814,25.691749572753906,11927900
2025-08-27,25.748820419514036,25.929547781398593,25.587117372408592,25.786869049072266,11705200
2025-08-28,26.99488330523711,27.508528905323452,25.682236462113902,26.96634864807129,20139900
2025-08-29,26.728551693518057,27.34682742906254,26.642944088599435,27.147077560424805,12745700
2025-09-02,26.680987856238335,27.556086306540802,26.433679041687483,27.527551651000977,13261900
2025-09-03,27.584624271602184,27.774863785385584,27.118539458517162,27.299266815185547,8245400
2025-09-04,27.318288249375808,27.54657456845457,27.080489773553136,27.508527755737305,11584200
2025-09-05,27.632184339119785,28.012663381780634,27.489505605251235,27.908031463623047,8677800
2025-09-08,27.8509582207677,27.95558831673182,27.422920237365037,27.91754150390625,8064900
2025-09-09,27.78437426363583,28.107780350088497,27.50852896299001,27.62267303466797,9901500
2025-09-10,27.30466315667904,27.44877607176013,26.50723640523554,27.25662612915039,9094800
2025-09-11,27.400738504298975,27.669748785150777,27.141334162767503,27.227802276611328,8055500
2025-09-12,27.131726424370513,27.37191522256695,26.833892827705554,26.87232208251953,8101300
2025-09-15,26.939575302347997,26.997220098285233,26.61291840454529,26.66095542907715,8790000
2025-09-16,26.72820745615482,27.06447211856589,26.53605752941634,26.632131576538086,6606500
2025-09-17,26.680169705028604,27.381520491863515,26.603309369930187,26.80506706237793,12909300
2025-09-18,27.102901996979977,27.18937010738291,26.757031387863268,27.131725311279297,7021500
2025-09-19,27.170158223222924,27.189371934885536,26.89153833042079,27.054866790771484,12697900
2025-09-22,27.01643670875417,27.256625505895496,26.64174093911704,27.150941848754883,7248500
2025-09-23,27.247016628784465,27.727394203579706,27.247016628784465,27.41034507751465,7382800
2025-09-24,27.36230644496682,27.612103005808606,26.391943516022003,26.420766830444336,10197500
2025-09-25,26.007641565409365,26.074894132575977,25.680984668461523,25.796276092529297,10496600
2025-09-26,25.709806814312937,25.844311942534063,25.287074055267347,25.661767959594727,7872200
2025-09-29,25.834705352783203,25.9884260299199,25.63294765122692,25.834705352783203,9098200
2025-09-30,25.844312575411553,26.18057723669377,25.796275552011945,26.161361694335938,7986800
2025-10-01,26.122932342888806,26.151753823821103,25.36393491509209,25.652162551879883,14390400
2025-10-02,25.709809927295712,26.0845038769916,25.383153005639493,25.440797805786133,10975400
2025-10-03,25.565695272284433,26.21900907117332,25.469619390242826,25.59451675415039,10520700
2025-10-06,25.73863102700174,25.853920617366263,25.40236636219772,25.56569480895996,7705600
2025-10-07,25.729024092859767,25.7866688899176,25.171786167980567,25.50804901123047,14472800
2025-10-08,25.536872916548486,26.1133263979425,25.402367776138085,25.969213485717773,20463700
2025-10-09,26.094111693339816,26.267047926568097,25.68098665451563,25.91156768798828,10128000
2025-10-10,26.036464252512552,26.113324589208364,24.460824601505923,24.547292709350586,15792400
2025-10-13,25.00845862100271,26.30547668046804,24.98924307712297,26.276655197143555,14137500
2025-10-14,26.41116023997609,27.612104240516086,26.324692125337602,27.419954299926758,21557000
2025-10-15,27.727394293548066,27.85229165710228,27.27583819897854,27.487205505371094,18360300
2025-10-16,27.56406665630095,27.602495910643945,26.026858000184518,26.13254165649414,24747300
2025-10-17,26.03646549139341,26.526450848329578,25.94038960782837,26.295869827270508,10955800
2025-10-20,26.47841180327081,26.987612699822286,26.42076700653698,26.574487686157227,7049700
2025-10-21,26.641741753855303,27.38152371147288,26.58409695387716,27.054866790771484,8330400
2025-10-22,26.132541190372777,26.872321273859576,25.911566109985504,26.574487686157227,8976800
2025-10-23,26.689778832241643,27.035649441512756,26.584095178925313,26.737815856933594,11798700
2025-10-24,27.15094115098068,27.314269602139074,26.555272143080934,26.574487686157227,8626300
2025-10-27,26.843501051179995,26.997221738012488,26.62252596042504,26.82428550720215,10867500
2025-10-28,26.708992806614358,27.083688566396198,26.430374762156113,26.96839714050293,7421200
2025-10-29,26.785851324747686,27.1413315172896,26.488017757479547,26.612916946411133,8931500
2025-10-30,26.315084621333035,26.737817426925353,26.113326906785993,26.430376052856445,10356400
2025-10-31,26.43998209561316,26.78585270257226,26.219008851515262,26.584095001220703,14271800
2025-11-03,26.516844585124826,26.70899453069023,25.652165248842582,25.94999885559082,10354400
2025-11-04,25.47922736214921,25.671377295249094,24.893166126330215,24.92198944091797,10081500
2025-11-05,24.921989244849208,25.661769321831006,24.74905302367332,25.59451675415039,12247700
2025-11-06,25.623341004687948,25.642556548297335,25.075710839286067,25.142963409423828,9075400
2025-11-07,24.989243342176792,25.296684717533076,24.806699338373317,25.248647689819336,8710800
2025-11-10,25.527266130135317,25.536873902320522,24.191816948809457,24.297500610351562,16143200
2025-11-11,24.22063582084501,24.27828244773947,23.663397921663385,23.75947380065918,14505700
2025-11-12,23.874765761095478,24.32632002032928,23.874765761095478,24.22063636779785,10318200
2025-11-13,24.211031622120306,24.441612648783963,23.961235051777567,23.999664306640625,12224900
2025-11-14,23.730652127916724,24.018877930079697,23.509677058263822,23.567323684692383,9788700
2025-11-17,22.63539097582338,23.04851598635011,21.886003126491207,21.972471237182617,19877400
2025-11-18,21.818748474121094,22.106976117260356,21.5209148921227,21.818748474121094,11853500
2025-11-19,21.770711179019624,21.89561037257474,21.559345709342875,21.588167190551758,9138800
2025-11-20,21.789927893250233,22.039724461298377,21.39601841392299,21.722675323486328,15566200
2025-11-21,21.905217505586133,23.30792102990169,21.876396022805906,23.01969337463379,19349500
2025-11-24,23.106161012518633,23.538501570276843,23.029300672527736,23.42321014404297,19135900
2025-11-25,23.442424683012074,24.066915147750056,23.250274757513065,23.365564346313477,22657500
2025-11-26,23.154197511902733,23.615359504875492,22.57774410443935,23.03890609741211,22163300
2025-11-28,23.202236976091026,23.471249083239567,22.90440338665536,23.461641311645508,6873100
2025-12-01,23.058123538012154,23.749866584454313,23.038907995265006,23.432817459106445,14182800
2025-12-02,23.778692647864837,24.45122206181264,23.471251258344203,24.162994384765625,15550900
2025-12-03,24.249460671314708,24.47043392426467,23.990056331332536,24.20142364501953,11970800
2025-12-04,24.211030760925578,24.9123815878088,24.12456264994052,24.88355827331543,11666100
2025-12-05,24.91238113102215,25.018064783065004,24.633761260180098,24.893165588378906,10225100
2025-12-08,24.729838092930116,24.758661408004603,23.932411367486775,24.086132049560547,15600400
2025-12-09,23.817120694387878,24.51847150367326,23.77868960936101,24.38396453857422,10452000
2025-12-10,24.345537807531688,24.576118844089397,24.143778255234203,24.48965072631836,11980400
2025-12-11,24.44103757025476,24.781306968854164,24.411872840355894,24.70353126525879,10515800
2025-12-12,24.684088118375016,24.761863825885612,23.98410675077964,24.052160263061523,9407400
2025-12-15,24.256320401523254,24.33409610181076,23.702166450865924,23.80910873413086,12812100
2025-12-16,23.779942291985126,24.236876156409423,23.741055368770553,24.13965606689453,9995600
2025-12-17,24.081327332733974,24.197989969184988,23.54661771032279,23.75078010559082,12454000
2025-12-18,23.20634997179498,23.43967709730411,22.341093128589577,22.79802703857422,20895200
2025-12-19,22.73969277777785,22.875801651881233,22.42858995865996,22.61330795288086,28443600
2025-12-22,22.83691306342027,22.992464474280794,22.448034536268956,22.52581024169922,11198500
2025-12-23,22.50636702091139,22.73969414932294,22.146655059979945,22.292484283447266,10546600
2025-12-24,22.35081298331808,22.62302886173129,22.331368594648787,22.51608657836914,4190900
2025-12-26,22.535532248101386,22.661917072998378,22.486921273664798,22.61330795288086,6309100
2025-12-29,22.535532953806495,22.63275305140507,22.029989929749195,22.09804344177246,11566400
2025-12-30,22.04943437634744,22.341092815567624,22.029989985914327,22.263317108154297,10809300
2025-12-31,22.224429203371006,22.263316128206444,21.650832691075635,21.660554885864258,9723900
2026-01-02,21.913325875451125,21.971657188501016,21.39806068960656,21.505002975463867,19045400
2026-01-05,21.495282175632614,21.679998321329155,21.009183541931787,21.05779266357422,18710500
2026-01-06,21.018904898995686,21.748052820472164,20.76613339703222,21.534168243408203,18039300
2026-01-07,21.52444754798848,21.543891938952246,20.348089709468262,20.50364112854004,18867400
2026-01-08,20.328645273839275,21.291120372600886,20.07587375482322,20.795299530029297,24546300
2026-01-09,21.009182449174624,21.03834717891548,20.338365850349522,20.87307357788086,19442900
2026-01-12,20.88279728415592,21.018906165301843,20.542527862769862,20.59113883972168,12773900
2026-01-13,20.416143661354774,20.824466608754637,20.17309433205293,20.493919372558594,20012500
2026-01-14,20.425864424992206,20.989738755266604,20.124483796997033,20.192537307739258,14343200
2026-01-15,20.289756898315606,20.43558611117783,19.939765303991035,20.036985397338867,14123900
2026-01-16,19.521721337392506,20.163371394805594,19.42450123838343,19.803659439086914,20501900
2026-01-20,19.453666468476484,19.71616016120964,19.035621369898283,19.24950408935547,19625000
2026-01-21,19.317560074817838,19.434222705803784,18.743963551899522,18.98701286315918,18332500
2026-01-22,19.123119854032222,19.63838506064787,19.103675464125423,19.278671264648438,13934900
2026-01-23,19.15228517206941,19.162005512060773,18.66618658246682,18.88979148864746,17425100
2026-01-26,18.93840114576676,19.05506562649754,18.763405351830105,18.918956756591797,14451800
2026-01-27,18.957847695510367,18.97729208690135,18.617578263445054,18.831462860107422,15257200
2026-01-28,18.88007093543132,19.113398056203554,18.48147020565553,18.520357131958008,16930400
2026-01-29,18.539801635131504,19.084231586914314,18.413416805980166,18.85090446472168,18153500
2026-01-30,18.763406275372464,18.90923734704355,18.432859060404446,18.89951515197754,21546200
2026-02-02,18.93840084629916,19.375890324222908,18.86062514514816,19.259225845336914,28367100
2026-02-03,18.53007966974263,18.617577573439984,17.810653903812636,18.47174835205078,33138600
2026-02-04,18.802295266187343,19.97865306756135,18.773128680662694,19.268949508666992,31605000
2026-02-05,19.24950442828288,19.385613301533045,18.25786466214058,18.617576599121094,24443400
2026-02-06,18.60785501576147,19.346725157974074,18.60785501576147,19.103675842285156,14950600
2026-02-09,18.850902711406153,19.074509471905753,18.60785341660486,18.88979148864746,16673100
2026-02-10,19.055065325185154,19.852266725562664,19.055065325185154,19.259225845336914,16196400
2026-02-11,19.288392767948878,19.356446275863288,18.95784556866257,19.210617065429688,14736600
2026-02-12,18.471748448320913,18.72451996539518,17.75232267864145,18.34536361694336,26314000
2026-02-13,18.578688616807394,19.19117202145954,18.530077645442017,18.724517822265625,20576900
2026-02-17,18.63702179515004,18.831461991452315,17.975927352905273,17.975927352905273,20393600
2026-02-18,17.888429985186693,18.19953282512259,17.74260076075664,17.839820861816406,17989700
2026-02-19,17.791208419536108,18.102313088180736,17.752321494904933,17.830097198486328,10709800
2026-02-20,17.937039800000157,18.393971834742747,17.61621478532577,18.07314682006836,19197900
2026-02-23,17.95648349963277,18.141201506214404,17.625936268621082,17.839820861816406,17355300
2026-02-24,17.878706849951296,18.28702976948567,17.499550515497624,17.69399070739746,27599400
2026-02-25,17.207893457603753,18.666189450474604,17.071784570665386,17.703712463378906,48394400
2026-02-26,18.08286873936682,18.646743055179634,18.043979960329153,18.287029266357422,26599600
2026-02-27,18.082868372393296,18.510635661531275,17.898150384351144,18.462024688720703,23565400
2026-03-02,18.19953248695686,18.442581807930573,18.02453853348388,18.180089950561523,18215100
2026-03-03,17.966204893432508,18.53007922923334,17.946760503224418,18.481470108032227,14308700
2026-03-04,18.481470165767213,18.78285079765766,18.150922948473518,18.646743774414062,13774200
2026-03-05,18.714797780611516,19.035622811249233,18.57869075377102,18.802295684814453,16165800
2026-03-06,18.617576141655896,18.948123340354247,18.36480464533839,18.918956756591797,14749900
2026-03-09,18.637021269218856,18.656465659164198,17.985649040602645,18.40369415283203,21087600
2026-03-10,18.38425029616108,18.65646620033479,17.95648297655072,18.267587661743164,18327400
2026-03-11,18.475060278334276,18.810970602260742,18.040352467769676,18.237945556640625,13783400
2026-03-12,18.32686357125085,18.94928643378245,18.228067966510928,18.72205352783203,26132000
2026-03-13,18.870248559912376,18.929526298822434,18.396022879821228,18.702293395996094,12918900
2026-03-16,18.771451749594124,18.89988716926876,18.178668685883757,18.45530128479004,18240400
2026-03-17,18.57385573224048,18.78133064096425,18.475060130796628,18.524457931518555,12691300
2026-03-18,18.37626360021455,18.652894313686133,17.990953573813496,18.00083351135254,15764100
2026-03-19,17.931675297053957,18.662773693443878,17.79335994445205,18.257705688476562,17067400
2026-03-20,18.208309078377663,18.31698651076647,17.872398727726324,18.050233840942383,49082000
2026-03-23,18.149030785421708,18.445421375529165,17.803240507359398,18.307106018066406,14237100
2026-03-24,18.1292697280392,18.781330491279387,17.961314568755803,18.66277313232422,13790500
2026-03-25,18.890009356339775,19.897738504617656,18.860369543235404,19.22591781616211,21397500
2026-03-26,19.107362490923133,19.897738669536164,19.038204810845176,19.087602615356445,22004400
2026-03-27,19.057964296765444,19.2950771455015,18.692414143877304,19.206159591674805,23556900
2026-03-30,19.34447381977828,19.453151242423676,18.603495504080332,18.82084846496582,24821400
2026-03-31,18.880128195802563,19.097481157940692,18.445420387120993,18.978923797607422,24181400
2026-04-01,18.969046308492583,19.077721850587576,18.41578112304108,18.72205352783203,17760700
2026-04-02,18.771450755162427,19.285196175455727,18.41578055889702,19.27531623840332,15191400
2026-04-06,19.27531669644616,19.285196633733346,18.702293524626878,18.712173461914062,13348500
2026-04-07,18.54421795558822,18.761570918690467,18.307105118275228,18.38614273071289,14315300
2026-04-08,18.801090365172797,18.91964583972267,18.2972248873226,18.66277313232422,18862600
2026-04-09,18.60349661369263,18.74181197119642,17.91191605736285,18.15890884399414,19533900
2026-04-10,18.524459421785075,18.702294533739085,17.911916467766314,18.040353775024414,13558000
2026-04-13,18.069992445924065,19.186398967348467,17.931675209591457,18.99868392944336,32994200
2026-04-14,18.54421890986811,18.880129251115356,18.29722612273957,18.761571884155273,16728300
2026-04-15,18.94928612787086,19.107361354189266,18.623255738038484,18.99868392944336,12139600
2026-04-16,19.186399408229747,19.611227295374515,19.03820411570155,19.482789993286133,12372100
2026-04-17,19.5618277105391,19.798942441110405,19.42351235471033,19.640865325927734,15876400
2026-04-20,19.551949840926767,19.759422876616647,19.354354858398438,19.354354858398438,12694500
2026-04-21,19.443272193914847,21.162341738761473,19.39387250663439,20.83631134033203,25665700
2026-04-22,20.77703304741644,21.12282142715611,20.144730257881033,20.194129943847656,17632900
2026-04-23,20.03605473950442,20.075572603915653,19.621106798957115,19.897737503051758,12813200
2026-04-24,20.095333847114883,20.371966454457663,19.41363320883779,19.551950454711914,17258600
2026-04-27,19.561828123283437,19.868100538231314,19.265437530423707,19.522310256958008,10155800
2026-04-28,19.551949684130456,19.848340271140646,19.41363244370769,19.4926700592041,12370700
2026-04-29,19.48278956250445,20.480640607258817,19.393872012072503,19.897737503051758,14764700
2026-04-30,19.858219202246932,20.70787305467295,19.719901968833852,20.60907745361328,17939400
2026-05-01,20.707874584718482,20.79679213976629,20.292928507035974,20.579439163208008,11999900
2026-05-04,20.638716518837757,21.01414660743662,20.33244599296372,20.5497989654541,9584500
2026-05-05,20.658476974275217,21.211740300779205,20.12497352339059,20.89558982849121,17667000
2026-05-06,20.944988970249533,21.4389745413931,20.61895856867099,21.152462005615234,20308600
2026-05-07,21.063544904430174,21.389575313010734,20.63871700261798,20.73751449584961,19750900
2026-05-08,20.82643048149221,22.466462338538722,20.747392869745582,22.407184600830078,21551000
2026-05-11,22.505982725720038,22.505982725720038,21.25125895475712,21.409334182739258,22194400
2026-05-12,21.47849206725089,21.47849206725089,20.599198367541764,20.826431274414062,15587800
2026-05-13,21.211739774531296,21.537770176540395,20.8857093725222,21.0042667388916,12318200
2026-05-14,21.20185939308323,21.379694496711462,20.460881050902504,20.520160675048828,17170900
2026-05-15,20.500401290214604,20.846191568376415,20.322566182336793,20.55967903137207,15862400
2026-05-18,20.697995753810012,20.944988534240178,20.38184341195889,20.66835594177246,9497800
2026-05-19,20.648596684928744,20.74739417693811,20.194130859853278,20.717754364013672,10887400
2026-05-20,20.73751359422826,21.211739279835257,20.500400751424763,20.816551208496094,13478000
2026-05-21,20.77703421384309,21.755125438028397,20.56955928994627,21.636568069458008,16310000
2026-05-22,22.328148573337092,25.26242223758274,22.30838869789708,24.936391830444336,48674200
2026-05-26,24.896873326635678,24.985790879434084,23.879262380390223,24.13613510131836,33901100
2026-05-27,24.096615319004034,25.29206136923664,23.6717874305182,25.18338394165039,35091300
2026-05-28,25.963881718707707,26.32942997793534,24.27445012317954,24.709157943725586,36936200
2026-05-29,26.378830412016658,27.831147321557076,26.181235428604644,26.714740753173828,59025700
2026-06-01,27.169206818608806,29.184668883485667,26.981491771137623,28.98707389831543,41596500
2026-06-02,29.145148142763887,29.29334343440534,26.872815312513936,26.961732864379883,29259800
2026-06-03,26.28991172232447,26.556662488681297,25.54893339314423,25.726768493652344,21417500
2026-06-04,25.4204974128901,26.388708694322823,25.41061747519318,25.983640670776367,15609800
2026-06-05,25.697128595687804,25.963881245552965,24.6498797549348,25.272300720214844,17560500
2026-06-08,25.133986657195404,25.17350452342024,24.26457098738377,25.07470703125,17977900
2026-06-09,25.054949260229453,25.242662424154368,23.780465557299483,24.64000129699707,15908100
2026-06-10,24.329999923706055,25.200000762939453,24.229999542236328,24.690000534057617,21520100
2026-06-11,24.639999389648438,25.0,24.149999618530273,24.68000030517578,14725400
2026-06-12,24.68000030517578,25.309999465942383,24.020000457763672,25.239999771118164,10808300
2026-06-15,25.3799991607666,25.760000228881836,24.520000457763672,24.600000381469727,15045700
2026-06-16,24.6299991607666,24.760000228881836,24.010000228881836,24.290000915527344,12606900
2026-06-17,24.299999237060547,24.40999984741211,23.15999984741211,23.18000030517578,20908800
2026-06-18,23.0,23.700000762939453,22.8799991607666,23.5,31304200
2026-06-22,23.5,24.389999389648438,23.469999313354492,23.540000915527344,20745600
2026-06-23,23.479999542236328,24.079999923706055,23.18000030517578,23.670000076293945,16469100
2026-06-24,23.459999084472656,23.68000030517578,22.8700008392334,23.290000915527344,15371500
2026-06-25,23.079999923706055,23.40999984741211,22.56999969482422,22.920000076293945,18016700
