Date,Open,High,Low,Close,Volume
2004-01-02,27.511768341064453,27.740766963161345,27.373305050080813,27.511768341064453,6463600
2004-01-05,27.692834345079753,27.73543968074707,27.42655709176168,27.671531677246094,8433800
2004-01-06,27.538396134982957,27.740767439000564,27.45318748563888,27.549047470092773,7298000
2004-01-07,27.506437751208097,27.575668365987028,27.405251107012162,27.5596923828125,7279200
2004-01-08,27.559695562000858,27.68750953674316,27.426556936097473,27.687509536743164,6464900
2004-01-09,27.639572009482855,27.639572009482855,27.367968149080205,27.373294830322266,6427300
2004-01-12,27.42123578071285,27.95911500405862,27.41590909733849,27.90053367614746,10459500
2004-01-13,27.905844111128378,28.09223729001278,27.714124251971118,27.825960159301758,7402800
2004-01-14,27.78870057145832,27.911187891761074,27.634259242215194,27.692840576171875,6410600
2004-01-15,27.730105591937814,28.0922427222545,27.51175838379396,27.60761833190918,7112400
2004-01-16,27.42123547053261,27.42123547053261,26.856726899769512,26.86737823486328,15364000
2004-01-20,27.053763329566262,27.666201707066687,27.053763329566262,27.426551818847656,14023400
2004-01-21,27.431885852730282,28.038999787740547,27.426561200741254,27.991069793701172,11084500
2004-01-22,28.03899737751656,28.337226620095173,28.02301935985388,28.252017974853516,8893500
2004-01-23,28.38515542983448,28.518294059459908,28.09225085096539,28.22538948059082,9367400
2004-01-26,28.225387644544938,28.550246204744596,28.161481675311375,28.49166488647461,7999100
2004-01-27,28.411788472683106,28.598183810626477,28.374509811401367,28.374509811401367,8900400
2004-01-28,28.438410436902572,28.555571042675524,28.28396914800397,28.310596466064453,8381300
2004-01-29,28.331894277166267,28.779240051125402,28.241358973437,28.699356079101562,7692000
2004-01-30,28.66207920960466,28.715333839897312,28.411777977854573,28.44905662536621,6592900
2004-02-02,28.44373486946184,28.699360777640802,28.25201493044408,28.507640838623047,7009400
2004-02-03,28.57154488572252,28.71000813833427,28.443730933552267,28.6727294921875,5047600
2004-02-04,28.74730296758455,29.194649004710154,28.67807028653767,29.013580322265625,9436700
2004-02-05,29.05085446735029,29.21062044898281,28.949669819674455,29.024227142333984,7138300
2004-02-06,29.018900136768753,29.10410878883207,28.795226155393465,28.837831497192383,6603100
2004-02-09,28.880430477197194,28.917709129914524,28.555571905059733,28.816524505615234,6071800
2004-02-10,28.816528801974208,29.104108764270666,28.79522613109273,28.98694610595703,5686200
2004-02-11,28.90706972950082,29.205301105889756,28.757955057073872,29.104116439819336,7302400
2004-02-12,29.146894670443142,29.366205039305566,29.050611870406463,29.205732345581055,5764400
2004-02-13,29.21643219358392,29.344809947197863,28.932933956659383,29.00782012939453,4994700
2004-02-17,29.141546174944473,29.221782526439362,28.986423650318454,29.104103088378906,4818400
2004-02-18,28.93828370260072,29.002473603222313,28.78851134880757,28.82595443725586,4725700
2004-02-19,28.884801553850036,28.965037929920165,28.649444646137898,28.65479278564453,8285800
2004-02-20,28.751083127121387,28.772479771725806,28.483631191055142,28.5103759765625,7212400
2004-02-23,28.61199732595261,28.61199732595261,28.237564360371845,28.376638412475586,7412800
2004-02-24,28.622681302557186,29.05595381030482,28.622681302557186,28.981067657470703,12268600
2004-02-25,28.85805898585787,29.0559728106964,28.75107782306819,28.916898727416992,7286100
2004-02-26,28.713623281619203,29.039914779898194,28.713623281619203,28.868745803833008,4962700
2004-02-27,28.88479989255729,29.098762189441175,28.831310338584164,28.836658477783203,4967100
2004-03-01,29.146893873630166,29.146893873630166,28.62268662531891,28.756412506103516,6921500
2004-03-02,28.62804943519054,28.72433227507931,28.248268255904794,28.28036117553711,10710000
2004-03-03,28.18942679791906,28.563859814611654,28.18942679791906,28.46757698059082,6706500
2004-03-04,28.376632687720306,28.46756735153533,28.264303432856245,28.365934371948242,3958000
2004-03-05,28.25360702677172,28.63338808012193,28.226862255781395,28.4194278717041,7141300
2004-03-08,28.579885167714448,28.75640220606743,28.34452843641238,28.403366088867188,5588400
2004-03-09,28.371280391311583,28.37662852816612,28.109176794553818,28.173364639282227,6423800
2004-03-10,28.141276544601503,28.21081457855858,27.670560841691916,27.691957473754883,9345100
2004-03-11,27.627765143143822,27.975451175623604,27.28007707016923,27.338916778564453,9841900
2004-03-12,27.360313054177254,27.408454447652726,27.0126249856883,27.124954223632812,10039500
2004-03-15,27.124973186078563,27.333585356809994,26.900314553135853,27.050086975097656,7877500
2004-03-16,27.157064610256114,27.397771714522893,27.071480088794143,27.322885513305664,6583200
2004-03-17,27.440549376885695,27.622416650062895,27.076814830531294,27.215890884399414,7599200
2004-03-18,27.237291339738796,27.477998376738686,27.22124488410393,27.269386291503906,6196900
2004-03-19,27.274743438903553,27.35497777807263,26.750535961951933,26.77193260192871,10158900
2004-03-22,26.771924458471315,26.777274637086045,26.34400199158023,26.47772789001465,9306200
2004-03-23,26.761231987864388,26.761231987864388,26.39749730142346,26.55797004699707,6573300
2004-03-24,26.504478451640622,26.739837390217534,26.477733674210263,26.55797004699707,6845700
2004-03-25,26.718437403929293,26.884256227515845,26.45098558214921,26.852163314819336,9804900
2004-03-26,27.012630087223627,27.012630087223627,26.771923074386958,26.814716339111328,5767800
2004-03-29,26.964502442477166,27.210557718699054,26.95915430190548,27.050086975097656,6578300
2004-03-30,27.017986234954815,27.19985358296037,26.894958623141612,26.969844818115234,5754900
2004-03-31,27.039377290468252,27.237291056389097,26.905651386914506,27.130311965942383,7201900
2004-04-01,27.306832804231586,27.403115631099435,26.943098133952077,27.023334503173828,6380700
2004-04-02,26.691693444620018,27.413812569270892,26.691693444620018,27.37636947631836,7411400
2004-04-05,27.376375432302815,27.558242797851562,27.178461606424936,27.558242797851562,7122000
2004-04-06,27.33356511511697,27.547527308468,27.312170528177624,27.536828994750977,5042500
2004-04-07,27.536847948085445,27.675924081636722,27.435216958564205,27.48335838317871,6221500
2004-04-08,27.681270010382246,27.708014790698886,27.028686760077335,27.210554122924805,8022200
2004-04-12,27.20518910071933,27.413801114428026,27.178444336999313,27.387056350708008,5346000
2004-04-13,27.782895566375164,27.868480070973146,27.46195418425663,27.488698959350586,10773300
2004-04-14,27.45659587250051,28.135921478271488,27.4191507526481,28.135921478271484,9254300
2004-04-15,28.339192752162482,29.296670694970622,28.280353029124672,29.162944793701172,19346800
2004-04-16,29.24317874403371,29.253877060860756,28.777813184781206,28.95433235168457,11372700
2004-04-19,28.761783764461267,28.91690638958464,28.55851970535121,28.842018127441406,7614800
2004-04-20,28.729670888083284,28.767113975568783,28.371286467723426,28.4194278717041,7574100
2004-04-21,28.376646430029847,28.858060670437823,28.360599968848277,28.71363639831543,7676200
2004-04-22,28.579908552188602,28.874105217155517,28.46222907000346,28.692237854003906,7143200
2004-04-23,28.638750192139984,28.809919246397026,28.53711716333381,28.71363639831543,5926700
2004-04-26,28.718969444752194,28.874091956300123,28.654781593264953,28.831300735473633,5911500
2004-04-27,28.831303094602475,29.232480770090476,28.825952916252003,29.07735824584961,8520100
2004-04-28,29.018526078795922,29.136205547189295,28.836658736958753,28.986431121826172,6545900
2004-04-29,28.96502309621643,29.023860762640393,28.713617817743636,28.938276290893555,6278100
2004-04-30,28.900840759277344,29.178990875215117,28.820606443840383,28.900840759277344,7359100
2004-05-03,29.00247259691235,29.414348596047773,28.959679331316103,29.382253646850586,7374300
2004-05-04,29.30203818720323,29.425065852771475,29.10947243570627,29.31273651123047,6534900
2004-05-05,29.152255651296056,29.280633454734662,28.895502084914796,28.927597045898438,6399200
2004-05-06,28.906197233077705,29.441100947795668,28.89549891392386,29.33411979675293,8673000
2004-05-07,29.430382136070357,29.94388885492247,29.39828720095673,29.580154418945312,11046000
2004-05-10,29.296675256047305,29.92786177154552,29.296675256047305,29.660409927368164,11477400
2004-05-11,29.895774348676383,30.16322626024514,29.371568846861155,29.494596481323242,8244600
2004-05-12,29.41969126780327,29.564115451613684,29.157587665963295,29.54806900024414,5798200
2004-05-13,29.548074490293224,29.55342262824515,29.1896880326579,29.382253646850586,6619200
2004-05-14,29.325796609160285,29.562380951268427,29.07308007133432,29.31504249572754,5393000
2004-05-17,29.13222062750763,29.62689743599147,29.105336375070372,29.411821365356445,6229800
2004-05-18,29.50323846844732,29.513992583380187,29.32042261686399,29.37419319152832,5361600
2004-05-19,29.460229492181494,29.487113758902144,29.186004638671875,29.186004638671875,5748700
2004-05-20,29.164500841694917,29.460231902089628,29.15374672389933,29.34731674194336,4560300
2004-05-21,29.40107320221415,29.594643140742225,29.336550573083922,29.54087257385254,6605800
2004-05-24,29.567753316081173,29.616145791602236,29.15910528920619,29.20212173461914,6242700
2004-05-25,29.116099821219375,29.949524220801354,29.099967623675273,29.766708374023438,8148300
2004-05-26,29.680672869577528,30.067810680795674,29.664540674554505,29.831226348876953,9073300
2004-05-27,29.922632812465263,30.0463020246965,29.879616364139363,29.997909545898438,5652800
2004-05-28,29.895742714109165,30.02478999157874,29.53011115427175,29.95488929748535,5505500
2004-06-01,29.696797259104926,30.04629868391253,29.653782866698855,29.987152099609375,5164300
2004-06-02,30.014053942705406,30.40656998997552,29.98179159113897,30.2183780670166,7907800
2004-06-03,30.110817663066175,30.61087247763303,30.094687524253267,30.428056716918945,8850000
2004-06-04,30.42268837917736,30.535603481688327,30.26137874571919,30.315149307250977,5193600
2004-06-07,30.39580942235913,30.49797248840332,30.202239456315073,30.49797248840332,4924100
2004-06-08,30.49798282953506,30.799089944468268,30.460344440168413,30.63240623474121,7499600
2004-06-09,30.6270245955452,30.632402679766802,30.422702520163632,30.519485473632812,3891400
2004-06-10,30.51410122035555,30.772193812734823,30.48721695990434,30.6861629486084,4404200
2004-06-14,30.535618491983975,30.750694690423863,30.535618491983975,30.65390968322754,4257000
2004-06-15,30.51410027265483,30.567868791887314,30.07319185130835,30.223745346069336,8312400
2004-06-16,30.121589091410364,30.21299599875453,30.035558216382622,30.04631233215332,4471900
2004-06-17,29.80434143419222,29.976403135633124,29.69680235800734,29.868864059448242,4750500
2004-06-18,29.83660115384917,29.884993631328452,29.58388465466436,29.70755386352539,8467400
2004-06-21,29.55700070432362,29.94951655851481,29.551622622805635,29.723684310913086,4514400
2004-06-22,29.7505771051194,29.84198399949073,29.578513328346048,29.772083282470703,5235700
2004-06-23,29.841976763940988,30.003284336221366,29.648406856749713,29.917253494262695,6199300
2004-06-24,29.890386201821542,30.13772475641106,29.868877966342918,29.944154739379883,4445500
2004-06-25,29.788209843186827,29.847354383634134,29.304285049438477,29.304285049438477,7932400
2004-06-28,29.438707932502133,29.64840798959281,29.40106956590315,29.5570011138916,6590200
2004-06-29,29.556999498472546,30.110822906277733,29.551621417173976,29.971023559570312,6198300
2004-06-30,29.971037881024937,30.014052296282504,29.72369730152637,29.94952964782715,6122400
2004-07-01,29.761334373073147,29.987166709426056,29.60540481710286,29.82585906982422,6363200
2004-07-02,29.723689371045317,30.186106005731872,29.637658512345784,29.761327743530273,4800000
2004-07-06,29.664548189400076,29.804349642282798,29.530124819933217,29.54625701904297,5752600
2004-07-07,29.454833075858325,29.56775020762785,29.266641274803774,29.320409774780273,5457900
2004-07-08,29.36881123870423,29.86349020474609,29.35805712518838,29.444087982177734,5780100
2004-07-09,29.51936417184983,29.66991764551124,29.45483949644873,29.56775665283203,3899600
2004-07-12,29.492476456069486,29.68067034029386,29.30966065344026,29.51398468017578,4227200
2004-07-13,29.868870815156097,29.922641390978946,29.600024089455076,29.777463912963867,6372900
2004-07-14,29.78284269613349,30.272143700062465,29.7667125474655,30.067819595336914,7503400
2004-07-15,30.13771351951729,30.15922174697654,29.712935257315692,29.761327743530273,5474900
2004-07-16,29.965651454603993,31.261492402502594,29.841982224853705,30.540983200073242,23213100
2004-07-19,31.01415945962197,31.01415945962197,30.062441773244625,30.325912475585938,8860200
2004-07-20,30.43344685217659,30.481839342182113,30.16460014128762,30.277517318725586,6541100
2004-07-21,30.40657006710835,30.428078301540538,29.949531366684106,29.976415634155273,6014500
2004-07-22,30.003285614937496,30.325902824385004,29.97640136026783,30.239871978759766,6924700
2004-07-23,30.218361969741846,30.218361969741846,29.777453655562315,29.971023559570312,5245600
2004-07-26,29.890367384467492,29.9280057472909,29.497851564211263,29.804336547851562,5885000
2004-07-27,29.745200032449866,29.96565425410251,29.637660937491532,29.922639846801758,5083300
2004-07-28,29.868880991465275,30.03556675659923,29.465610765519823,29.93878173828125,8636000
2004-07-29,29.917265980181355,29.987166709426056,29.66454937908446,29.82585906982422,4832100
2004-07-30,29.68067865469932,29.890378770635834,29.56776352321623,29.71831703186035,5033400
2004-08-02,29.573129058311896,29.960268858711817,29.573129058311896,29.85272979736328,4140500
2004-08-03,29.772074214944237,30.100067420522755,29.718305711235637,29.804336547851562,5934200
2004-08-04,29.707558525882423,29.92263669313111,29.669920154284515,29.884998321533203,3438700
2004-08-05,29.94951594299457,30.110823515887983,29.62689874607067,29.691423416137695,6130000
2004-08-06,29.691416812459455,29.691416812459455,29.25050858741604,29.35804557800293,6053600
2004-08-09,29.390318934867356,29.519366243589158,29.282779852788753,29.298912048339844,3450200
2004-08-10,29.29353191022047,29.573132683546834,29.234385316671418,29.56775665283203,3931800
2004-08-11,29.411829299393112,30.186107054592345,29.411829299393112,30.110830307006836,6071100
2004-08-12,30.191482010168908,30.514097195303087,30.164595702126626,30.27213478088379,7663000
2004-08-13,30.399132656060882,30.4531747339313,29.858703631064245,30.01542854309082,6049000
2004-08-16,30.01543036980799,30.399134506130007,30.0100249247481,30.312665939331055,4739500
2004-08-17,30.345106768500067,30.561277256890317,30.29106260022184,30.55587387084961,6458700
2004-08-18,30.55586575750016,30.836889173205513,30.54505692671453,30.820674896240234,4851600
2004-08-19,30.642332689249645,30.809864403455435,30.609906198641962,30.685565948486328,4444400
2004-08-20,30.626110570341773,30.869304033687854,30.620707187410986,30.82607078552246,3809300
2004-08-23,30.874721074267978,31.134126845408318,30.8260823633308,30.831485748291016,4667300
2004-08-24,31.05846217229609,31.074674386185368,30.842289699762798,30.896331787109375,4028100
2004-08-25,30.92876713301959,31.17736410451803,30.907149467261274,31.161151885986328,4701100
2004-08-26,31.16113373880061,31.25841111648793,31.053047534528826,31.085474014282227,3930800
2004-08-27,31.128712417347852,31.263819679682822,31.117905650545485,31.188159942626953,3488200
2004-08-30,31.13951620391358,31.26381461774777,31.06926192320701,31.096282958984375,3327400
2004-08-31,31.08008389934213,31.3989372253418,31.08008389934213,31.398937225341797,5775400
2004-09-01,31.344862357354813,31.37728881920066,31.02600936470506,31.231372833251953,5949500
2004-09-02,31.171964866155587,31.296263368442165,31.08009080524634,31.19358253479004,4948800
2004-09-03,31.23680341860419,31.415146021727015,31.22599458857491,31.263824462890625,5102200
2004-09-07,31.371901113709356,31.507008355423498,31.182751799938718,31.26922035217285,5706000
2004-09-08,31.479995842588842,31.550252204542485,31.34488856429447,31.49080467224121,7263800
2004-09-09,31.490799617522608,31.517820656529533,31.0800724029541,31.0800724029541,5118500
2004-09-10,31.02602877227312,31.150327194743078,30.84228283001904,31.112497329711914,5117200
2004-09-13,31.236795802298744,31.42594718933105,30.993602339870368,31.425947189331055,5855000
2004-09-14,31.36109759526374,31.712377307808403,31.36109759526374,31.534034729003906,5435500
2004-09-15,31.480000975967144,31.62051166121375,31.398935771142,31.442171096801758,4387000
2004-09-16,31.420551185988298,31.5502550921141,31.398933524705058,31.40974235534668,3299700
2004-09-17,31.5394507461864,31.777238869393106,31.523238528705516,31.625919342041016,5227100
2004-09-20,31.20978665488185,31.431362546938402,31.20978665488185,31.301658630371094,4731500
2004-09-21,31.290847778320312,31.31786882278772,31.020633210499145,31.290847778320312,5331500
2004-09-22,31.117908616759582,31.155738488893526,30.907139535704644,30.96658706665039,4714500
2004-09-23,30.804465205557612,30.923360292370415,30.54505943016283,30.56667709350586,6333600
2004-09-24,30.507214338853682,30.78823763747006,30.39912813760541,30.561256408691406,4555900
2004-09-27,30.453181497052192,30.78284360536405,30.453181497052192,30.550458908081055,4313000
2004-09-28,30.63151841046971,31.03684019388816,30.409942584663884,30.858497619628906,4975300
2004-09-29,30.766632803885756,30.826080342419885,30.62612006524624,30.820674896240234,4102400
2004-09-30,30.92336067447213,31.06927681147979,30.312675077715745,30.442378997802734,7942900
2004-10-01,30.474792764314838,30.8044548034668,30.32887667838332,30.804454803466797,5786400
2004-10-04,30.80445838495113,31.047651889778578,30.782840726394603,30.939565658569336,6920300
2004-10-05,31.004406587526017,31.101683958128284,30.88551362690203,31.05304527282715,3826700
2004-10-06,31.074687660514535,31.2151983845824,30.9503891572614,31.209794998168945,3743100
2004-10-07,31.155752611643557,31.17196483231462,30.02084974845907,30.220808029174805,10501300
2004-10-08,29.95057604478116,30.20998379502619,29.837086442532183,29.896533966064453,8960900
2004-10-11,29.82627594555471,29.972192023812916,29.620914408663634,29.918149948120117,7255600
2004-10-12,29.993819394828684,30.7396122381029,29.91815963972055,30.707185745239258,11660700
2004-10-13,30.761216223607057,30.912537738261005,30.431556281048124,30.539640426635742,7024600
2004-10-14,30.528854612846324,30.793663837472838,30.528854612846324,30.545066833496094,5820600
2004-10-15,30.658541534062632,30.809861017119722,30.53424309275526,30.577478408813477,7227200
2004-10-18,30.37211786346336,31.05846311375181,30.37211786346336,30.977397918701172,6466400
2004-10-19,30.71798931451809,31.031437112214793,30.518031130043983,30.593690872192383,5435400
2004-10-20,30.45317468196255,31.074668884277347,30.44236791566541,31.074668884277344,6049000
2004-10-21,30.966584595092915,31.32326769072578,30.901733685406917,31.225990295410156,6910700
2004-10-22,31.225996499082783,31.339488190547247,30.934166316731226,30.9611873626709,5131100
2004-10-25,30.858501164920973,30.971992844112677,30.777438035867966,30.847694396972656,6234900
2004-10-26,30.809880653988202,30.988223354036172,30.642348851418514,30.928775787353516,6610400
2004-10-27,30.799054654835867,31.236800897030463,30.750415954417207,31.22058868408203,5945100
2004-10-28,31.11252117216064,31.38814132754418,31.069287891096806,31.350309371948242,5581200
2004-10-29,31.30704614718649,31.604281628023067,31.296237321865007,31.55023956298828,6801500
2004-11-01,31.534050563142692,31.82588289595646,31.398943230718643,31.58268928527832,6724200
2004-11-02,31.24220622670722,31.885316097351808,31.24220622670722,31.366504669189453,7443800
2004-11-03,32.009625864800675,32.41494782299994,31.982604813235547,32.12852096557617,9375800
2004-11-04,32.02041982217662,32.15552707881028,31.788035175840882,32.004207611083984,9121900
2004-11-05,31.966387042614365,32.29064372822648,31.885321840424474,31.98259925842285,6466200
2004-11-08,32.04743938970363,32.56625073657766,32.020418351932214,32.339271545410156,6775000
2004-11-09,32.3392695019684,32.5500364694698,32.171735779854856,32.333866119384766,5096600
2004-11-10,32.409541253901764,32.77162784477172,32.360902541232406,32.490604400634766,6436700
2004-11-11,32.4257584984344,32.88512258586587,32.35550211111368,32.75001525878906,5627500
2004-11-12,32.9047543104341,33.1219482421875,32.81787715199571,33.1219482421875,6120300
2004-11-15,33.12193178365727,33.38799411428111,32.86130043785172,33.20880889892578,5326500
2004-11-16,33.1762341695817,33.33369961185995,33.127365655471685,33.13822555541992,3953700
2004-11-17,33.067657470703125,33.36086664505485,32.98620921202387,33.067657470703125,6264900
2004-11-18,33.06764468059367,33.317416206006136,33.04049389065863,33.18709945678711,4666700
2004-11-19,33.13281244787631,33.176249997078024,32.79073268590921,32.8721809387207,5213900
2004-11-22,32.877602966259545,33.159954226508006,32.877602966259545,33.05135726928711,4752300
2004-11-23,33.03505998122051,33.06220869573675,32.73098899322188,32.88845443725586,5376000
2004-11-24,32.942750232842855,33.06220705636809,32.796146767461586,32.855873107910156,4001300
2004-11-26,32.74185499262078,33.0079174155974,32.73642607723186,32.82330322265625,1672900
2004-11-29,32.84501885914848,33.073070560207164,32.524659037674915,32.68755340576172,5021800
2004-11-30,32.63325540770116,32.9861949476004,32.578957972938674,32.75271224975586,8543200
2004-12-01,32.75814197918584,33.279404789638065,32.69841356045009,33.22510528564453,5431500
2004-12-02,33.111085497682275,33.66492811195281,33.06764795784726,33.52918243408203,6167000
2004-12-03,33.52375989472576,33.82782894535031,33.398872024573464,33.616065979003906,6053700
2004-12-06,33.480316062564675,33.65950136312059,33.480316062564675,33.57262420654297,3369400
2004-12-07,33.14909476177103,33.63778004006646,32.76900644213178,32.80158615112305,11385900
2004-12-08,33.08393897621586,33.366290253519175,33.01335063906133,33.20339584350586,5990700
2004-12-09,33.203394605511015,33.39343773155495,32.98620068604818,33.2902717590332,7539100
2004-12-10,33.38801364088093,33.98529389875031,32.71471405029297,32.71471405029297,8732900
2004-12-13,32.83959075348726,33.02420493919525,32.36176543671697,32.92646789550781,8681000
2004-12-14,32.85046023518108,33.431451680246845,32.75815415106552,33.35543441772461,7057700
2004-12-15,33.14910365806711,33.32828899863536,32.91562085925621,33.067657470703125,7329000
2004-12-16,33.55633661546885,34.88121390139005,33.420590915510395,34.4522590637207,28705900
2004-12-17,34.18619540624286,34.886643691086086,34.18076648980959,34.52284622192383,18006800
2004-12-20,34.52284445277225,34.69659876814182,34.164473847093326,34.24592208862305,8646100
2004-12-21,34.25135540202444,34.2622132350719,34.00158174431865,34.18076705932617,9117100
2004-12-22,33.827821143477465,34.43053226026648,33.827821143477465,34.37080383300781,6678000
2004-12-23,34.23507409049501,34.62059148233056,34.23507409049501,34.533714294433594,5552700
2004-12-27,34.63145038247697,34.74004738201852,34.495704650878906,34.495704650878906,4677700
2004-12-28,34.620567321777344,34.69658662053692,34.53369019450906,34.620567321777344,4089000
2004-12-29,34.533713290021126,34.58801282544964,34.39796755842306,34.495704650878906,4583100
2004-12-30,34.58800571534167,34.664022977999565,34.47940873812394,34.50655746459961,3206800
2004-12-31,34.588003076731674,34.61515180113625,34.387100030559914,34.43596649169922,2949600
2005-01-03,34.397946928074546,34.50654386248452,34.03957849444162,34.15360641479492,7859500
2005-01-04,34.26220908945569,34.33822841079456,34.001577630237996,34.04501724243164,6989600
2005-01-05,34.13731840013557,34.256775245167454,33.98528392196002,34.023292541503906,6888100
2005-01-06,34.072171807796806,34.25678604865181,34.03959209306413,34.12104034423828,5277500
2005-01-07,34.19705017465978,34.2079100772103,33.97442735066068,33.99614715576172,5037800
2005-01-10,34.061307807538945,34.327370267578196,33.99071946976285,34.262210845947266,5419300
2005-01-11,34.12646652405416,34.26221221758073,34.00701172224491,34.142757415771484,4880000
2005-01-12,34.180765050211804,34.430536621921284,33.97443102208383,34.38166809082031,6093800
2005-01-13,34.28936333888604,34.36538059657225,33.59977496066622,33.648643493652344,9014700
2005-01-14,33.90927156129859,34.0721659643953,33.78438578321395,34.04501724243164,6820200
2005-01-18,33.789822960222985,34.240499725999975,33.789822960222985,34.22420883178711,6122900
2005-01-19,34.22420962136495,34.3599553388177,34.017877622183775,34.11018371582031,4697100
2005-01-20,34.11017535248532,34.175332700918695,33.88212359731112,33.930992126464844,5274600
2005-01-21,33.860403185655116,33.98528896430191,33.58348083496094,33.58348083496094,6426300
2005-01-24,33.58346864443637,33.62690824105733,33.23053124280398,33.387996673583984,5938600
2005-01-25,33.61062954354521,34.66944413842064,33.61062954354521,34.59885787963867,11172300
2005-01-26,34.338226723749614,35.28301752939632,34.066735374821945,35.10383224487305,12781800
2005-01-27,34.95180194169719,35.10383645249921,34.854064878663074,34.87035369873047,6360100
2005-01-28,34.95722465714473,35.19070738333221,34.892069384571904,35.08754348754883,6968700
2005-01-31,35.255869297645134,35.27215811694297,34.94093831578852,35.1309814453125,6168900
2005-02-01,35.0821159904457,35.52193069458008,35.03324538852541,35.52193069458008,7340300
2005-02-02,35.402453967616154,35.863992362714434,35.391596141407554,35.83684158325195,7068000
2005-02-03,35.7174063378836,35.83686321140907,35.549083002986706,35.646820068359375,5022300
2005-02-04,35.54906834363767,35.9671630859375,35.54363735818159,35.9671630859375,4851300
2005-02-07,35.97262377645517,36.11380051649583,35.76629172765078,36.08121871948242,4892100
2005-02-08,36.0866461672643,36.18438326344785,35.912891789896996,36.01605987548828,6379900
2005-02-09,36.03233139202407,36.09749080572249,35.82056847579065,35.940025329589844,4529800
2005-02-10,35.86943156677626,35.956310776896956,35.766267683043864,35.907440185546875,4002900
2005-02-11,35.98651470928202,36.47731512143356,35.93743674834666,36.31916809082031,6584400
2005-02-14,36.324623451736635,36.324623451736635,35.88290515053351,35.99197006225586,5217600
2005-02-15,35.89380423772092,35.997418799679984,35.74111172150273,35.94288635253906,4186400
2005-02-16,35.817466750102675,35.921081337433456,35.67567902437003,35.85018539428711,4607500
2005-02-17,35.82837409776677,35.82837409776677,35.63205389773295,35.637508392333984,5354200
2005-02-18,35.68659157972355,35.76838819836032,35.56116316354639,35.68113708496094,6185200
2005-02-22,35.47391267572576,35.92108556125462,35.47391267572576,35.48481750488281,8299800
2005-02-23,35.66478018504248,35.74658096979896,35.56116558031355,35.67023468017578,4928200
2005-02-24,35.63751125345565,35.96471022626074,35.4902731718896,35.93199157714844,4817000
2005-02-25,35.915622130791846,36.150115424652995,35.9101676372901,36.111942291259766,6456100
2005-02-28,36.0301490184826,36.122854624480176,35.773841857910156,35.773841857910156,6833700
2005-03-01,36.2482868799293,36.53185822261495,36.215568229770405,36.3464469909668,8467400
2005-03-02,36.29191094529842,36.61910989633652,36.05741760095171,36.51549530029297,6991900
2005-03-03,36.59184764274038,36.59184764274038,36.27010313310087,36.40098190307617,5791900
2005-03-04,36.64091492324604,36.94629998286934,36.54275484543005,36.94084548950195,8306000
2005-03-07,37.02811713979756,37.45347627852594,37.00084882144369,37.32259750366211,9389500
2005-03-08,37.10990251230722,37.30076817978135,37.082634205285416,37.186248779296875,8537100
2005-03-09,37.137182033186946,37.14263652896131,36.91904796838572,36.9517707824707,6375500
2005-03-10,37.0117574287587,37.22988733108008,36.97358427979634,37.08264923095703,5041700
2005-03-11,37.088101945085256,37.21898071230331,36.80452642879165,36.8645133972168,5807000
2005-03-14,36.859057199697986,36.9899401214332,36.80452472925538,36.9844856262207,5589000
2005-03-15,36.99537848295716,37.000832976404375,36.67908859252929,36.6790885925293,5014000
2005-03-16,36.591839345904894,36.782705042292214,36.5645751953125,36.5645751953125,5408700
2005-03-17,36.444613031453564,36.73909341247728,36.433704039251865,36.531864166259766,4405800
2005-03-18,36.53731176667054,36.67364501953125,36.351900539849105,36.67364501953125,10640700
2005-03-21,36.673635536681985,36.673635536681985,36.35189114019458,36.455501556396484,5178600
2005-03-22,36.346436628970125,36.662730692203276,36.346436628970125,36.42278289794922,5072300
2005-03-23,36.444596614317085,37.19169998168945,36.43914212067332,37.19169998168945,9565500
2005-03-24,37.19170463779736,37.366211011208485,37.06082589787904,37.131717681884766,8876600
2005-03-28,37.20805364154704,37.355291646588576,37.17533084888119,37.27349090576172,5145100
2005-03-29,37.10990121108802,37.148074343244346,36.91903138974703,37.039005279541016,9428000
2005-03-30,37.04447902946895,37.21898546154752,37.02811970154932,37.109920501708984,6516300
2005-03-31,36.744546367444215,36.788174018238166,36.53732126701562,36.624576568603516,12551500
2005-04-01,36.71180867118998,36.78270044654492,36.34643664653355,36.455501556396484,11052700
2005-04-04,36.510042711510515,37.13172199910387,36.45551024358419,37.071739196777344,8684900
2005-04-05,37.071738171781035,37.65524429963655,36.96266907838344,37.63343048095703,9114300
2005-04-06,37.68796221336813,37.73704018402084,37.43710954428,37.52436065673828,5689800
2005-04-07,37.40982980391899,37.76429696129933,37.338938036666576,37.75884246826172,4975300
2005-04-08,37.87881718576739,37.88972617208282,37.43164443969727,37.431644439697266,4822800
2005-04-11,37.51892280647433,37.769775559030094,37.46438616241116,37.56800079345703,4449500
2005-04-12,37.235324291611924,37.46981757068279,37.000831012541056,37.431644439697266,9775400
2005-04-13,37.32804975449361,37.62253013347038,37.32804975449361,37.404396057128906,7138400
2005-04-14,37.40983032305231,37.76975197846487,37.20805984401121,37.76429748535156,8069600
2005-04-15,38.11331946289408,38.16785192566792,37.79157502013632,37.846107482910156,12990700
2005-04-18,37.79157946586909,37.797029800395485,37.3389520665356,37.6497917175293,9164900
2005-04-19,38.10241964506454,38.146043124684006,37.30623393429887,37.65524673461914,9343700
2005-04-20,37.65524536064693,37.70977782860204,37.000843263503796,37.137176513671875,7882400
2005-04-21,37.262612774078846,37.34441357350172,36.98994621637693,37.24079895019531,7696200
2005-04-22,37.262598599145974,37.50799674350207,37.07718324694989,37.349849700927734,7021900
2005-04-25,37.62797747024464,37.9006439736522,37.32259231780757,37.37712478637695,5981500
2005-04-26,37.30078085417933,37.458927935411545,37.08264680556383,37.09355163574219,5866900
2005-04-27,36.995383814915115,37.30077308358167,36.90813270998186,37.26259994506836,5966400
2005-04-28,37.137171902287186,37.26805064124014,36.87541442438129,36.8972282409668,6406300
2005-04-29,36.98449756360188,37.42621612548828,36.96813823324492,37.42621612548828,6540900
2005-05-02,37.45346314843974,37.53526391426315,37.273502295740194,37.50799560546875,4361200
2005-05-03,37.52982902639472,37.53528352311505,37.2571624382458,37.480751037597656,5716300
2005-05-04,37.16444450197384,37.218976969450665,36.89177800402915,37.20261764526367,8439700
2005-05-05,37.21897961055233,37.40984534054555,37.02811388055911,37.36076736450195,6279600
2005-05-06,37.557092100694284,37.557092100694284,37.16445160294286,37.19717025756836,4731000
2005-05-09,37.13717704503816,37.24079164802783,36.95721615370683,37.175350189208984,6766100
2005-05-10,37.0826438097993,37.16444459149186,36.78816349204245,36.93540573120117,6870600
2005-05-11,36.98448997105486,37.14263706630966,36.66819578054527,37.055381774902344,4969700
2005-05-12,37.12627806498128,37.15899671926538,36.673650598098284,36.89178466796875,4845300
2005-05-13,36.798626965264994,36.92466608349276,36.58490482482956,36.77122497558594,5954700
2005-05-16,36.776688488047824,37.06713104248047,36.771207256561944,37.06713104248047,3943500
2005-05-17,36.891781097998646,37.23702353517624,36.75477953358526,37.21510696411133,5294400
2005-05-18,37.26442274430907,37.30826424508467,36.979461351178955,37.04521942138672,8495100
2005-05-19,37.0178216100795,37.116462896322695,36.86437635740238,36.94110107421875,8134400
2005-05-20,37.072616934123396,37.072616934123396,36.76573064665643,36.826011657714844,6191100
2005-05-23,36.88081509557872,37.03425614666298,36.738332327734014,36.85889434814453,5877000
2005-05-24,36.880820064911674,37.09454215499817,36.858899314523875,37.04521942138672,8353300
2005-05-25,37.056162602401,37.099999899407294,36.82599693358906,36.973960876464844,4725900
2005-05-26,37.264415900917,37.264415900917,36.91917355286108,36.946571350097656,5032300
2005-05-27,36.990424787442215,37.08906608744698,36.952064514160156,36.952064514160156,4409900
2005-05-31,37.089069659653845,37.094550893780976,36.77122497558594,36.77122497558594,6398300
2005-06-01,36.77121452039442,37.0506988480196,36.74381671946203,36.886295318603516,4966200
2005-06-02,36.85341312636191,36.85341312636191,36.645172297111415,36.71641159057617,6761600
2005-06-03,36.623252707756,36.68901077120128,36.36568914338145,36.40953063964844,6526000
2005-06-06,36.49172491608997,36.56296838631438,36.332806823177414,36.376644134521484,7041700
2005-06-07,36.568455095132535,36.683535893937254,36.4478930637308,36.464332580566406,5520700
2005-06-08,36.6342140087526,36.6342140087526,36.305411121578466,36.365692138671875,5296300
2005-06-09,36.34377019863085,36.639694041683995,36.250610150157286,36.56845474243164,5228900
2005-06-10,36.44240435743069,36.55748513263434,36.0204415150173,36.43144607543945,5248400
2005-06-13,36.30539854833756,36.68900108703269,36.29444026764088,36.425960540771484,5413400
2005-06-14,36.39307656568092,36.606798548294556,36.3656745962367,36.486236572265625,3981700
2005-06-15,36.46982181931998,36.46982181931998,36.18485619509324,36.3602180480957,4655300
2005-06-16,36.26156597287039,36.4862505014197,36.22868694174811,36.33280944824219,4434800
2005-06-17,36.579422375378144,36.579422375378144,35.845095903091085,36.47529983520508,14288000
2005-06-20,36.376661483821756,36.606827337687676,36.27802016958116,36.469825744628906,8199500
2005-06-21,36.360228601827245,36.55203003094555,36.278026794788666,36.45886993408203,8668900
2005-06-22,36.52460458451242,36.53556286604726,36.151960298011545,36.168399810791016,8873100
2005-06-23,36.102648901046784,36.223210940512175,35.724527445671185,35.81220626831055,8927500
2005-06-24,36.00400957067839,36.32733543782581,35.62040686147565,35.93825149536133,18319900
2005-06-27,35.90535337231403,36.1190795712439,35.88891386030886,35.97659683227539,6900200
2005-06-28,35.308019637841056,36.223188470139554,35.308019637841056,36.206748962402344,6071700
2005-06-29,36.14100315201998,36.16292389926871,35.83960228449867,36.00400161743164,7808300
2005-06-30,35.9601570884518,35.99303611225019,35.40666982910524,35.620391845703125,9344300
2005-07-01,35.521763015874534,35.856047144576515,35.521763015874534,35.59300231933594,6718200
2005-07-05,35.29160305496268,35.75740752755964,35.28064058871474,35.538204193115234,6384100
2005-07-06,35.5656067415208,35.58204626019744,35.15460205078125,35.15460205078125,6661400
2005-07-07,35.12718280949975,35.12718280949975,34.8093404251827,35.028541564941406,8278900
2005-07-08,35.0175854811676,35.236788725151705,34.814821748815326,35.225826263427734,8144900
2005-07-11,35.22584852951303,35.52177246880052,35.13268845074385,35.505332946777344,6528500
2005-07-12,35.50531719991326,35.62039798399311,35.40667593056554,35.49983596801758,5141600
2005-07-13,35.41215499596483,35.56011480045685,35.26419101051816,35.30255126953125,6809800
2005-07-14,35.455987662291435,35.55462891268634,35.247746880770684,35.401187896728516,6521400
2005-07-15,35.384758482029255,35.702603066325416,35.384758482029255,35.6368408203125,6444500
2005-07-18,35.53818940111288,35.65875139392377,35.31898615790708,35.401187896728516,5938000
2005-07-19,35.37379592700869,35.65327603166871,35.34639394923976,35.63135528564453,11069400
2005-07-20,35.549161676274416,35.598480224609375,35.264196127154854,35.598480224609375,7312600
2005-07-21,35.549170698893874,35.549170698893874,35.06144332885742,35.06144332885742,9850100
2005-07-22,35.291590816489915,35.291590816489915,35.07238755806115,35.24774932861328,5398400
2005-07-25,35.20939798608798,35.23131873557607,34.68879168337323,34.71071243286133,6741900
2005-07-26,34.43669083760097,34.72713329563143,34.343528747558594,34.343528747558594,12640400
2005-07-27,34.57918274413233,35.49435189251211,34.53534334486633,35.36831283569336,10789500
2005-07-28,35.33544487899772,35.53272328273815,35.138162294301395,35.47244644165039,6391600
2005-07-29,35.44505278035962,35.499852582098235,35.03952713986713,35.05048751831055,6143200
2005-08-01,35.20939585959264,35.81220180076428,35.20939585959264,35.346397399902344,7348200
2005-08-02,35.4231295495078,35.461489826141424,35.165565900272064,35.41764831542969,5554800
2005-08-03,35.280641555053265,35.62588817507019,35.2422812840465,35.54916763305664,5090400
2005-08-04,35.477923733970854,35.59300454566322,35.138162532104616,35.15460205078125,4049200
2005-08-05,35.08336080696505,35.11624402737851,34.82032012939453,34.82032012939453,5019400
2005-08-08,34.820316250900746,34.8970367883929,34.65043356754106,34.7655143737793,4002000
2005-08-09,34.86414235248876,35.083343505859375,34.770982332663586,35.083343505859375,4601200
2005-08-10,35.16006566600158,35.43406865586398,34.935381207456565,34.99018096923828,5351200
2005-08-11,34.99020047792487,35.3464053995378,34.935400685589684,35.24228286743164,4688300
2005-08-12,35.08882591194852,35.16554642272169,34.78194386885584,34.83126449584961,4850200
2005-08-15,34.75454296530861,34.84770508160124,34.535341797843195,34.716182708740234,5402600
2005-08-16,34.699751750901925,34.732632874842956,34.43670903080683,34.529869079589844,5432300
2005-08-17,34.64494838657437,34.95183048305454,34.61754640755079,34.79838943481445,5578500
2005-08-18,34.77099184514972,35.31351887233236,34.69975045783779,35.20939636230469,9326100
2005-08-19,35.20938157930489,35.33607551220194,35.01108269149801,35.0165901184082,6121400
2005-08-22,35.25346410556102,35.28651288334706,34.87889588133782,34.97804641723633,5380900
2005-08-23,34.9890591384735,35.022110013526074,34.38864856660642,34.5704231262207,8909000
2005-08-24,34.53187183400216,34.66958068944346,34.22891277228538,34.28950500488281,8021300
2005-08-25,34.45475017430924,34.812793986623284,34.39966748069327,34.44373321533203,6143000
2005-08-26,34.34458632628093,34.3776372067159,34.118743896484375,34.118743896484375,5206200
2005-08-29,34.03061022464796,34.768729742205615,33.95900313580444,34.70813751220703,6364800
2005-08-30,34.52086378870965,34.735691423746175,34.344596576323966,34.702640533447266,7581500
2005-08-31,34.702616934102686,34.97803452881779,34.18483261249531,34.917442321777344,8006900
2005-09-01,34.80178375325353,35.104742829229785,34.642040969118064,34.77424240112305,6161300
2005-09-02,34.895422932927225,35.02211692834175,34.620005223586766,34.64754867553711,4130400
2005-09-06,34.84034284195002,35.26448429699483,34.81830891924702,35.137794494628906,7373700
2005-09-07,35.25346754787739,35.7437107447618,35.22041666559391,35.69413757324219,7817400
2005-09-08,35.80429680130783,35.80429680130783,35.22592011938686,35.30854415893555,6475900
2005-09-09,35.446250879288066,35.79327980952696,35.308542053647834,35.65557098388672,5124300
2005-09-12,35.655579952095245,35.776760219004835,35.54541034234893,35.62803649902344,5923500
2005-09-13,35.534381931960276,35.63903776813368,35.25345478741208,35.28099822998047,6670100
2005-09-14,35.51236126094963,35.64456058898847,35.32507502723216,35.41872024536133,7406200
2005-09-15,35.46278834924753,35.52338059108672,35.341608068110546,35.45728302001953,4896200
2005-09-16,35.57295718594382,35.92549156565092,35.44626317329535,35.90345764160156,12995300
2005-09-19,35.90895901908085,35.914464346937066,35.52888126998438,35.611507415771484,7212500
2005-09-20,35.6555696816006,35.69412798326997,35.418710342048875,35.473793029785156,5301000
2005-09-21,35.22592130118853,35.97505561740499,35.20388738272831,35.63904571533203,7173600
2005-09-22,35.50685202957294,35.98608037625238,35.47931277904204,35.62803649902344,7239000
2005-09-23,35.74921541170932,35.75472494197548,35.19287052595471,35.247955322265625,7814400
2005-09-26,35.38016892593316,35.50134921577166,35.121273445948574,35.18186569213867,5981900
2005-09-27,35.19836911203871,35.22591045099572,34.77422576803851,34.95049285888672,6244000
2005-09-28,34.85134921385587,35.03863329738476,34.75770612145648,34.81829833984375,5573200
2005-09-29,34.6750890857862,35.170839688391425,34.64754773585318,35.11575698852539,6285300
2005-09-30,35.19838055263586,35.220412370200826,34.70262788519642,34.85686111450195,5646500
2005-10-03,34.80178338358046,34.840341696407656,34.43272254488673,34.471282958984375,6826600
2005-10-04,34.64754334957692,34.85685926358532,34.39966702901956,34.730167388916016,6950300
2005-10-05,34.64754886953833,34.80728954488475,34.272980614636374,34.28950500488281,6667700
2005-10-06,34.465779229633405,34.4767961924772,33.70011817279132,33.91494369506836,12716200
2005-10-07,34.04163764084726,34.04163764084726,33.66706928696001,33.78825378417969,11685000
2005-10-10,33.75518796613829,34.245431068060164,33.34206147333626,33.85984802246094,7672600
2005-10-11,33.914933456540396,33.975525683253785,33.645025302797336,33.76070022583008,7801000
2005-10-12,33.837813682981604,34.206872336670074,33.68358046666642,34.041622161865234,8046500
2005-10-13,34.04162742710894,35.58396613262537,34.02510303745361,35.26448059082031,19778100
2005-10-14,35.269993295341465,35.27550282656922,34.9394928648728,35.088218688964844,13318800
2005-10-17,35.060684490570566,35.060684490570566,34.52086378870965,34.702640533447266,9214800
2005-10-18,35.03862655997155,35.25345194656783,34.515332712385785,34.686092376708984,19695000
2005-10-19,34.75771340616448,35.44625766620157,34.53187097292312,35.42973327636719,13733400
2005-10-20,35.47380475424386,35.578460634770735,35.19838702199436,35.347110748291016,8621500
2005-10-21,35.418716691870834,35.52337255657043,35.18736473910831,35.292022705078125,13887900
2005-10-24,35.363626851968,35.528879133605464,34.9505024516845,35.30854415893555,8744600
2005-10-25,35.12678706817997,35.22593764598661,34.84585973063746,35.02212905883789,7066600
2005-10-26,34.81280218202351,35.02212024932661,34.47128477841254,34.59797668457031,8961100
2005-10-27,34.427208974572224,34.43822593359649,33.62849730610813,33.84332275390625,14097200
2005-10-28,34.17934558187345,34.6971323455748,34.0030783733324,34.67509841918945,8903800
2005-10-31,34.6530479444019,34.702623204459066,34.45474690417324,34.49330520629883,9769300
2005-11-01,34.416205177979556,34.559423598798716,34.041636832981446,34.09672164916992,9859100
2005-11-02,34.074677220450575,34.53737902746885,33.62849980256037,33.76620864868164,15350500
2005-11-03,33.76621093653586,33.9039197919877,33.57892680907055,33.71112823486328,16977300
2005-11-04,33.711125858062296,33.78273504620415,33.05012297824338,33.53485870361328,15227200
2005-11-07,33.32554106540526,33.92044429468668,33.160290868806065,33.83781814575195,9768400
2005-11-08,33.57341276203304,33.711121590342216,33.40265305847246,33.47426223754883,7394800
2005-11-09,33.556891822341335,33.82129466553105,33.375117231577505,33.611976623535156,7059600
2005-11-10,33.61196446220408,33.93144778845296,33.3751051559458,33.82678985595703,6115400
2005-11-11,33.73868059623995,33.81579724425656,33.55690383911133,33.55690383911133,5902300
2005-11-14,33.639527169396544,33.667068526887164,33.286992750466446,33.331058502197266,8901900
2005-11-15,34.20135927952915,34.978036864436724,34.06915790067973,34.608978271484375,37611100
2005-11-16,35.132274062030405,35.132274062030405,34.50983169833898,34.84033203125,15168600
2005-11-17,35.04414871096921,35.06618263199797,34.741189651269984,34.889915466308594,10596300
2005-11-18,35.29966909711573,35.310743756580024,34.51892355922348,34.63520431518555,11696000
2005-11-21,34.635185608184464,34.635185608184464,34.164524452677774,34.325103759765625,11069200
2005-11-22,34.17562133911709,34.21991786959083,33.86000090249289,34.11471176147461,10625600
2005-11-23,34.02611311468996,34.24206369535848,33.943054224151915,34.14793014526367,7681900
2005-11-25,34.38601241292761,34.51890614718949,34.302955677253905,34.413700103759766,5094100
2005-11-28,34.74594433195299,34.85668880008753,34.44139862878929,34.55214309692383,12698500
2005-11-29,34.77362604041991,34.779164424959866,34.30850101597964,34.330650329589844,8675700
2005-11-30,34.33064115578346,34.6794853589645,34.175600226491554,34.19221115112305,7696000
2005-12-01,34.24758790029219,34.36387072852293,34.125770912646274,34.158992767333984,6963600
2005-12-02,34.1147041190202,34.21991020356792,33.887678906477724,33.89321517944336,6818000
2005-12-05,34.1091645324348,34.33065346421067,33.62742853493852,33.80461883544922,21946800
2005-12-06,33.91536053083527,33.91536053083527,33.444699229602996,33.48345947265625,14823200
2005-12-07,33.439177901030824,33.47240188871194,33.090333423344745,33.24537658691406,14538400
2005-12-08,33.24535633412438,33.63849711027802,33.151222815844505,33.26750564575195,10415400
2005-12-09,33.223212350936414,33.41701357807356,33.21213769334644,33.27858352661133,8127100
2005-12-12,33.30628967285156,33.36719715491657,33.22876702678714,33.30628967285156,7960900
2005-12-13,33.2951912927435,33.50006714500332,33.21767081417355,33.361637115478516,12785500
2005-12-14,33.44469800326191,33.48899451700931,33.25643306721728,33.28411865234375,10199000
2005-12-15,33.306277080861584,33.41701945167624,33.223218190475265,33.31181335449219,6942500
2005-12-16,33.40594603712255,33.97073887289506,33.32842342237949,33.69941711425781,13197200
2005-12-19,34.08149992563042,34.33067459920897,33.83232525205187,33.88216018676758,10639100
2005-12-20,33.732626063605736,33.88213073780954,33.59419604441049,33.65510559082031,6946700
2005-12-21,33.76587000534171,33.88768917023254,33.610828968044814,33.71049880981445,6282100
2005-12-22,33.75478862153993,33.95412826538086,33.53330177126412,33.95412826538086,5179100
2005-12-23,33.943047109259254,34.05932784181834,33.78246774775868,33.83784103393555,3591100
2005-12-27,33.843378402916436,33.88767703329317,33.37271707267589,33.38932800292969,6324400
2005-12-28,33.389322762343866,33.588662343202124,33.389322762343866,33.45576858520508,5603100
2005-12-29,33.516678072618426,33.6108115910781,33.24535639762359,33.361637115478516,5325100
2005-12-30,33.27858352661133,33.36164240239865,33.239823281183895,33.27858352661133,5261300
2006-01-03,33.81569789058556,34.24759904020951,33.80462323132914,34.12578201293945,10703100
2006-01-04,34.29189828255393,34.685039187857754,34.197764733350375,34.651817321777344,9068100
2006-01-05,34.64628072887235,34.85669504479699,34.38603149897279,34.507850646972656,9852600
2006-01-06,34.52999209309893,34.74040636104251,34.408172972877665,34.66288375854492,5919200
2006-01-09,34.61859976483575,34.889921578771464,34.568764844195925,34.878849029541016,7103700
2006-01-10,34.61860154964801,34.93975830078125,34.60752688757089,34.93975830078125,6656700
2006-01-11,34.86223959071003,34.87885264082719,34.29744446907286,34.60752868652344,8824100
2006-01-12,34.60750928165343,34.635194866623806,34.21990475524397,34.446929931640625,7262400
2006-01-13,34.27529764403256,34.49124828751684,34.00950996190859,34.23099899291992,7043600
2006-01-17,33.9485969953727,34.36942355151318,33.832314111143546,33.931983947753906,9674000
2006-01-18,34.19222733179433,34.46355119872708,33.9707383746135,34.43586349487305,7547400
2006-01-19,34.49676983520181,34.67396013945336,34.16453854279892,34.42478561401367,7494700
2006-01-20,33.909840892182984,34.49678321048562,33.62744228309984,33.666202545166016,11023500
2006-01-23,33.63852390164427,33.90984790449121,33.561003361481234,33.88216018676758,7213100
2006-01-24,33.328414437242316,33.66064778831866,32.86882781982422,32.86882781982422,19956800
2006-01-25,33.77695588984041,33.77695588984041,32.137943455246955,32.39265441894531,25368800
2006-01-26,32.531074837153284,32.94636515422332,32.42586871724815,32.47016525268555,15946100
2006-01-27,32.64179724430714,32.78576352735226,32.30956394822139,32.50890350341797,11596300
2006-01-30,32.50892078357116,32.53107010420525,32.137929168189906,32.3372688293457,11877300
2006-01-31,32.19883654184417,32.30404263924822,31.811231906356365,31.861066818237305,20563700
2006-02-01,31.933037981201164,32.34832806697054,31.921965437715635,32.038246154785156,13406000
2006-02-02,32.309570887012875,32.32618392836331,31.888744489656958,31.921968460083008,10014200
2006-02-03,31.70601871263308,31.83891249418372,31.573127043357445,31.7724666595459,11020100
2006-02-06,31.83891143634864,31.872135408701194,31.45684525953143,31.478992462158203,10618900
2006-02-07,31.56205367453741,31.744782367597825,31.395938025021177,31.451309204101562,10338700
2006-02-08,31.58972485944545,32.525512990028524,31.523279052392667,32.44799041748047,14627400
2006-02-09,32.75256741952266,33.06264953819488,32.28190374153287,32.42033386230469,12131200
2006-02-10,32.50338395247497,32.53660582058123,32.24867310637492,32.331729888916016,8158200
2006-02-13,32.32620853977974,32.47017496335121,32.137943455246955,32.39265441894531,5015500
2006-02-14,32.50337286682577,32.81899317984195,32.50337286682577,32.697174072265625,9817100
2006-02-15,32.71378860044069,32.890978885549686,32.503374344770684,32.72486114501953,8314500
2006-02-16,32.91867360502314,32.91867360502314,32.43693751573974,32.658424377441406,11893700
2006-02-17,32.769153869315815,32.818988760042515,32.52551779924886,32.70824432373047,6773400
2006-02-21,32.74147300525405,32.84667907315622,32.53105875717497,32.74700927734375,6489200
2006-02-22,32.67502534955346,32.78023353064165,32.5033734537144,32.686100006103516,8647200
2006-02-23,32.66949193428199,32.702715906837525,32.3649462454852,32.442466735839844,9753300
2006-02-24,32.68191647338002,32.68191647338002,31.974708263242185,32.164039611816406,10373100
2006-02-27,32.27542390077996,32.60396954134399,32.20303403662749,32.247581481933594,7007800
2006-02-28,32.19187252181982,32.25312494768722,31.974696719378155,32.10277557373047,8942200
2006-03-01,32.08608169854062,32.19745346074824,31.99141708141992,32.10835647583008,7141200
2006-03-02,32.01924762450947,32.442457614968305,31.99140522533593,32.12504959106445,7794500
2006-03-03,32.04709945941682,32.3645075767762,32.0025520324707,32.0025520324707,6462400
2006-03-06,32.05824171484443,32.33667007931189,32.02482954638199,32.21416091918945,7349500
2006-03-07,32.03597537361581,32.4703251810687,32.03597537361581,32.42020797729492,9560000
2006-03-08,32.3812245972704,32.77102266784047,32.203030586655466,32.70977020263672,7423700
2006-03-09,32.82671353364834,32.837850926168315,32.436913292410765,32.4703254699707,8570900
2006-03-10,32.65964205106178,32.87681579589844,32.57611270724486,32.87681579589844,9240900
2006-03-13,33.04943922985759,33.06057661705934,32.8545402644254,32.89908981323242,6219700
2006-03-14,32.93808499410571,33.07729921280566,32.87126063967664,33.01604461669922,7888100
2006-03-15,32.9380892723387,33.38357440519326,32.91024472558975,33.300045013427734,8900800
2006-03-16,33.38355514875171,33.53947432425268,33.24434099227171,33.42253494262695,10785400
2006-03-17,33.63415069725038,33.63415069725038,33.49493650086149,33.600738525390625,11512300
2006-03-20,33.63414443406946,33.71767166180474,33.57845749133961,33.67869186401367,5889200
2006-03-21,33.84574492320172,33.879157085364206,33.63970856713166,33.72880554199219,7880000
2006-03-22,33.578461569260625,34.023946544002804,33.578461569260625,33.96826171875,7066500
2006-03-23,33.840178685001206,33.912570643880954,33.75664933827538,33.86245346069336,6944600
2006-03-24,33.77892976073193,33.85688936444732,33.57289336173556,33.628578186035156,5179200
2006-03-27,33.45036739848918,33.63413105001296,33.272173501141836,33.37797546386719,7469400
2006-03-28,33.30003526433403,33.33901506928183,33.13854628712741,33.188663482666016,7750000
2006-03-29,33.199804397318914,33.30003879903571,33.049452794743715,33.1385498046875,6631700
2006-03-30,32.97706767946891,33.216516326440846,32.965930286093396,33.04945755004883,7838600
2006-03-31,33.10513138259074,33.26105057950632,32.88795760853269,32.977054595947266,9704000
2006-04-03,33.12740722540258,33.277756670552954,32.921368709438354,32.94921112060547,9271700
2006-04-04,33.004896545339406,33.02717132294194,32.71533080922558,32.754310607910156,9506700
2006-04-05,32.63180115706999,32.843407293880496,32.47031433152692,32.52043151855469,8809200
2006-04-06,32.52044507086677,32.70977650917882,32.358956053786365,32.57612991333008,6432000
2006-04-07,32.54827254118622,32.69862409586249,32.130630041832006,32.20302200317383,8974300
2006-04-10,32.214140430274036,32.2475525774856,32.03037893120666,32.13618087768555,9309100
2006-04-11,32.13619919100452,32.308825530280366,31.919025420965692,32.15847396850586,9114500
2006-04-12,32.21415100505341,32.2921127074725,32.164033829903595,32.22528839111328,6708200
2006-04-13,32.20860167070061,32.29769868555321,32.03597527506852,32.247581481933594,7339900
2006-04-17,32.1194805876726,32.197440151720926,31.996971487460193,32.10277557373047,8810800
2006-04-18,32.13063428734996,32.37565048795291,32.1139271406853,32.37008285522461,12658300
2006-04-19,32.45361208771005,32.50929903961759,32.214163505107656,32.30883026123047,9145600
2006-04-20,32.331110962168246,32.5761272227065,32.308836177326484,32.42020797729492,7619600
2006-04-21,32.576111283027736,32.63179609364486,32.331095142377286,32.503719329833984,10014200
2006-04-24,32.581689021948996,32.6373759740808,32.40349502360728,32.4814567565918,8139300
2006-04-25,32.47587400651942,32.54826595320865,32.36450227105273,32.41461944580078,8543400
2006-04-26,32.509295497468045,32.65407730817248,32.459178308331936,32.598392486572266,10586700
2006-04-27,32.40904779382545,32.809983017825196,32.40904779382545,32.65963363647461,11577800
2006-04-28,32.659634388831215,32.737593958509315,32.576105064610985,32.637359619140625,8572000
2006-05-01,32.693050529842196,32.732030321967024,32.60395355866553,32.62622833251953,7541800
2006-05-02,32.7264747664624,32.8322767949501,32.631808004771194,32.6707878112793,5591900
2006-05-03,32.59281094113882,32.68747765270624,32.4313241672116,32.492576599121094,9377700
2006-05-04,32.54270110043556,32.559408244027836,32.403486941190344,32.442466735839844,7798600
2006-05-05,32.57611679160179,32.754310764796166,32.492587437312054,32.6874885559082,7049700
2006-05-08,32.687467497011916,32.78770180788778,32.6596251049327,32.69303512573242,5945200
2006-05-09,32.68749653890305,32.73761373886865,32.47589034746603,32.498165130615234,7158300
2006-05-10,32.5204177610492,32.57053492687529,32.436888443259456,32.475868225097656,7834700
2006-05-11,32.66520373519949,32.89351482592494,32.6317915789083,32.765438079833984,9805800
2006-05-12,32.520427732657005,32.99375501396323,32.520427732657005,32.7598762512207,10235800
2006-05-15,32.837842361363315,33.41697175167005,32.798862559830354,33.39469909667969,10776200
2006-05-16,33.389120667507676,33.678686349571315,33.327866102654305,33.55060958862305,8264500
2006-05-17,33.41138797183405,33.85130508994719,33.383545573371954,33.48377990722656,13707900
2006-05-18,33.57845014456583,33.678684495309184,33.433668373624975,33.48935317993164,8518000
2006-05-19,33.50049084808752,33.54504039289929,33.205357548546864,33.355709075927734,13160600
2006-05-22,33.23320450796238,33.522770216218504,33.21649948848744,33.333438873291016,9614000
2006-05-23,33.49491771790539,33.71765903267685,33.39468338277463,33.4113883972168,10327900
2006-05-24,33.47823459412837,33.92928942577144,33.40584473012571,33.8513298034668,12877100
2006-05-25,34.12866940553911,34.12866940553911,33.70283240784827,33.87092590332031,8717200
2006-05-26,34.0894609045199,34.117476141744696,33.88774777662043,34.00541305541992,6199600
2006-05-30,33.88774603305448,33.926967790636304,33.51793936340765,33.53474807739258,7840900
2006-05-31,33.69722410410183,33.77566758357138,33.55154366186187,33.74205017089844,8260300
2006-06-01,33.75885280200042,34.01099403879479,33.73643977263556,33.98297882080078,5661800
2006-06-02,34.01101133667735,34.18470705903575,33.87093303803982,34.033424377441406,6666600
2006-06-05,33.81488344576552,33.89893123768812,33.66920302884703,33.69161605834961,6921900
2006-06-06,33.865328330176354,34.319182782156304,33.82050438657504,34.145484924316406,10568900
2006-06-07,34.246345421576066,34.56572380476121,34.18471062176395,34.27436065673828,9507200
2006-06-08,34.279946993272496,34.59932520882152,34.20150352102176,34.49286651611328,12528800
2006-06-09,34.42004786216691,34.56012619397211,34.35841305418451,34.392032623291016,8621700
2006-06-12,34.431254385202415,34.548919670936606,34.369619577220014,34.392032623291016,6507600
2006-06-13,34.48725634650849,34.56569980546881,34.18468688701242,34.20709991455078,12088300
2006-06-14,34.3359806118628,34.39201319538774,34.15668061943202,34.31917190551758,8972700
2006-06-15,34.26314763759217,34.464858562380016,34.13427374095911,34.442447662353516,8863300
2006-06-16,34.34718484174753,34.59932610726102,34.34718484174753,34.56010437011719,11648700
2006-06-19,34.51528426116914,34.56011033273839,34.358397285526245,34.375205993652344,9989800
2006-06-20,34.38640515871971,34.571309458267784,34.29675517217576,34.47605514526367,6927900
2006-06-21,34.45925855226222,34.68338466610873,34.45925855226222,34.62174987792969,6998600
2006-06-22,34.3471861491205,34.73940567291247,34.134266612646385,34.27994918823242,7812800
2006-06-23,34.212717974865015,34.59373104627935,34.179098420060875,34.3583984375,5004600
2006-06-26,33.39465509683867,33.76446160409661,33.33862464987592,33.736446380615234,15467400
2006-06-27,33.7420567142245,33.764467614544266,33.3442327752436,33.36664581298828,10361800
2006-06-28,33.34983490420854,33.3834544586086,33.04166313652809,33.18734359741211,9490700
2006-06-29,33.19856306804849,33.70284589367264,33.11451521796926,33.55716323852539,8491000
2006-06-30,33.69722891444908,33.81489415045036,33.56835716014889,33.57395935058594,10294200
2006-07-03,33.69163619095454,33.83171450291395,33.63000139170434,33.702842712402344,3302400
2006-07-05,33.50672492689618,33.85411847088736,33.50672492689618,33.64120101928711,6556400
2006-07-06,33.686018739111425,34.00539699497086,33.646796998035676,33.9101448059082,5631800
2006-07-07,33.95496856232099,34.106253336017694,33.85971637374783,33.9661750793457,5353100
2006-07-10,34.095040880446554,34.17348648595615,34.01099522353685,34.15107345581055,4732500
2006-07-11,34.15109230217996,34.173505344694256,33.954981386317954,34.050235748291016,7102700
2006-07-12,34.07263592236814,34.15107940411652,33.93815985549622,33.9661750793457,6169400
2006-07-13,34.027808778765355,34.044617485058865,33.71403272426465,33.77006530761719,8022400
2006-07-14,33.7924840106104,34.212718837850545,33.7028339996295,33.876529693603516,7532000
2006-07-17,33.92696047941465,34.347195337881615,33.92696047941465,34.1286735534668,7284200
2006-07-18,34.06703435537882,34.19030391521379,33.439484313120786,33.95497131347656,8302900
2006-07-19,34.078247874417,34.45365882130107,33.8933456341026,34.35280227661133,8465000
2006-07-20,34.29115376706683,34.58811895351553,34.29115376706683,34.38640594482422,5563200
2006-07-21,34.55450758102023,34.73380973804999,34.498477126428,34.58812713623047,8654400
2006-07-24,34.554516390516994,34.73942078517647,34.53210548542146,34.728214263916016,7828200
2006-07-25,34.45926521670434,34.73942184448242,34.45366302461597,34.73942184448242,6303500
2006-07-26,34.59933963624202,34.823465768208,34.543309171963124,34.767433166503906,5660300
2006-07-27,34.823444879562906,35.05877525328292,34.76741231146963,35.05317306518555,7658600
2006-07-28,35.04758282955847,35.29972414378474,34.99155237636364,35.25489807128906,7786400
2006-07-31,35.11481386424831,35.23248121594386,35.03637038806756,35.047576904296875,7059400
2006-08-01,34.952325078282065,35.2156707313661,34.90189682344904,35.120418548583984,4551700
2006-08-02,35.35575262655293,35.41178521404976,35.232485208909225,35.38376998901367,7410800
2006-08-03,35.35574783558768,35.49022388993291,35.32213042506965,35.34454345703125,6561400
2006-08-04,35.439800347159675,35.69194164667973,35.40057860472596,35.59668731689453,6653300
2006-08-07,35.43979369825522,35.54625238811322,35.38936544781212,35.45100021362305,6313600
2006-08-08,35.53506448317756,35.69755583497471,35.52386009936602,35.61351013183594,5236200
2006-08-09,35.68074753356944,35.7031605763019,35.31654307015591,35.479034423828125,6124000
2006-08-10,35.501436184451705,35.719957938084974,35.46781663103708,35.60789489746094,5437400
2006-08-11,35.61350428786553,35.742376054804836,35.52385427010667,35.56307601928711,7514200
2006-08-14,35.83201767832074,35.860032901540166,35.71435245834445,35.80960464477539,7374800
2006-08-15,35.8600370418277,36.128989200575205,35.77598922504101,36.08976745605469,7192900
2006-08-16,36.12898503533452,36.280267668229854,36.09536334758631,36.20182418823242,5706400
2006-08-17,36.22983778773387,36.241042165920746,35.9328683301741,35.9889030456543,8482200
2006-08-18,36.07854728452663,36.19621248053022,35.944073385500836,36.09535598754883,7185900
2006-08-21,36.01131057739258,36.185010494746685,35.96648879132072,36.01131057739258,7325900
2006-08-22,35.9945097536485,36.050540204641585,35.87684452410821,35.94968795776367,8278700
2006-08-23,35.860032901540166,35.893650314433664,35.74796987123795,35.80960464477539,6592900
2006-08-24,36.02813168665251,36.49318828039014,35.994509995950814,36.42034912109375,10664000
2006-08-25,36.47953747146699,36.56970556922721,36.411908173404406,36.44572067260742,5534200
2006-08-28,36.513348499863554,36.55843469675581,36.37809420884317,36.39500045776367,5976100
2006-08-29,36.349902052035546,36.4344375679015,36.23719089731757,36.40625762939453,5313000
2006-08-30,36.473886902018286,36.518973083767456,36.40625762939453,36.40625762939453,4434500
2006-08-31,36.44007110595703,36.48515298395681,36.30481257299404,36.44007110595703,4613000
2006-09-01,36.55842009300958,36.56968948790274,36.394985919303394,36.47388458251953,4693200
2006-09-05,36.406247247846466,36.485145893581425,36.18645754906284,36.24281311035156,7092400
2006-09-06,36.068134601047824,36.20902575183317,36.023048400878906,36.023048400878906,8509800
2006-09-07,35.791971733485425,35.899050338300945,35.64544594508976,35.7637939453125,7407100
2006-09-08,35.7919728386653,35.927229235830175,35.71871101711902,35.837059020996094,5914300
2006-09-11,35.870877934113146,36.10193712170806,35.83706329333382,36.090667724609375,5211600
2006-09-12,36.04557856618568,36.118840390428005,35.915959011955906,35.97231674194336,6994400
2006-09-13,36.03995062787132,36.08503467048982,35.94414354383655,35.96105194091797,6285700
2006-09-14,35.92724902982006,35.98360463895497,35.741271649983226,35.915977478027344,5393700
2006-09-15,35.842708487649574,36.1470338942954,35.842708487649574,35.94978713989258,9656600
2006-09-18,36.0399521219645,36.25410724530744,36.0061374762278,36.158302307128906,6976100
2006-09-19,36.15829389732727,36.180832689586786,36.03994373968909,36.16956329345703,5246800
2006-09-20,36.29354942799633,36.349905009941146,36.14702147521557,36.175201416015625,6282100
2006-09-21,36.16391805291205,36.29917657301022,36.096293092517115,36.19773483276367,7406900
2006-09-22,36.090675644621314,36.130124992607044,35.98359700023584,36.045589447021484,5604800
2006-09-25,36.20901390525145,36.2597326391052,36.07939219708861,36.175201416015625,5748400
2006-09-26,36.29356012653731,36.4739006217143,36.26538017743042,36.44572067260742,5894200
2006-09-27,36.3724493797709,36.55842667640866,36.36117568319291,36.53024673461914,5516500
2006-09-28,36.5640665721528,36.654238964273965,36.524617225513865,36.575340270996094,5016400
2006-09-29,36.59788513183594,36.637334480375024,36.43445088798642,36.59788513183594,7671300
2006-10-02,36.63168483390213,36.817662111899146,36.59787234686814,36.682403564453125,6237000
2006-10-03,36.66549770066244,37.01490916903415,36.614778969586176,36.91346740722656,6944900
2006-10-04,36.93600735378728,37.12761716552309,36.84020244791938,37.09944152832031,6168300
2006-10-05,36.80076607715016,36.99237595636997,36.693687438964844,36.693687438964844,7998400
2006-10-06,36.63731737547623,36.7218528827804,36.55278186817206,36.66549301147461,7134500
2006-10-09,36.57533978109704,36.63169537558978,36.44008549438323,36.558433532714844,5545700
2006-10-10,36.54151683635804,36.6204198149595,36.462618157412116,36.60914611816406,6047100
2006-10-11,36.56969748101721,36.74440108780189,36.518978743430274,36.688045501708984,4855700
2006-10-12,36.76130943235922,36.79512192205943,36.50770286064159,36.5415153503418,7902000
2006-10-13,37.04873311407585,37.04873311407585,36.349914260871415,36.39500045776367,6413600
2006-10-16,36.65986101728307,36.67676725906813,36.462610064045236,36.59223175048828,6357100
2006-10-17,36.986738384105806,37.47704107080305,36.91347654342255,37.2403450012207,15308200
2006-10-18,37.578473422142906,38.40691375732422,37.477031660699176,38.40691375732422,17880100
2006-10-19,38.322385645704784,38.44637052250347,38.232213262703596,38.34492874145508,8608800
2006-10-20,38.54782142929855,38.96485805026789,38.474555275851216,38.67180633544922,12064700
2006-10-23,38.519621819024465,39.117002943809304,38.50835242406084,38.94229507446289,8941400
2006-10-24,38.66052062444389,38.807048586159944,38.468910774216056,38.74505615234375,10853500
2006-10-25,38.74505968174907,38.85777086277905,38.587262308444714,38.79014587402344,7007400
2006-10-26,38.756323995379155,38.82395327491813,38.36746746208233,38.78450393676758,8171600
2006-10-27,38.660526742316854,38.68306983996788,38.322388876864004,38.41819381713867,7945500
2006-10-30,38.508337947797536,38.52524418371483,38.06875861533537,38.153289794921875,9175200
2006-10-31,38.20967961792594,38.20967961792594,37.888447984574505,37.9842529296875,11950600
2006-11-01,37.972978832269234,38.08005747548234,37.67429030083942,37.860267639160156,11145700
2006-11-02,37.843359767091854,38.32238876674492,37.80954297088438,38.26603317260742,10374400
2006-11-03,38.322380128154926,38.5027205685365,38.18712587278256,38.215301513671875,7102500
2006-11-06,38.452015308299075,38.59853901143639,38.091330001500566,38.55908966064453,8041300
2006-11-07,38.41819355417703,38.90285940121599,38.40128730596854,38.72251892089844,10671300
2006-11-08,38.3392888520191,38.49145366135186,37.98988164473974,38.31674575805664,14318400
2006-11-09,38.05187729775842,38.175862189224084,37.0938192631433,37.2797966003418,16574400
2006-11-10,37.19527693412745,37.36998064686681,36.9022251289203,37.35871124267578,10113100
2006-11-13,37.33614540938168,37.63483388471184,37.05436317987691,37.161441802978516,8794200
2006-11-14,36.86838211065066,37.606654400309836,36.80638968251923,37.51084518432617,11365200
2006-11-15,37.51085741254968,37.758827205911444,37.43195871459941,37.49958801269531,7773700
2006-11-16,37.47703601514641,37.55593469436375,37.088175167821284,37.49394226074219,10445700
2006-11-17,37.55592810537583,38.09694936779922,37.505209377486814,37.894065856933594,11117500
2006-11-20,38.085685443007414,38.0969548398276,37.66301211793613,37.76445388793945,7973900
2006-11-21,37.702449597787215,37.79261764295451,37.369944450826075,37.53337860107422,8304100
2006-11-22,37.48267250678641,37.730637939256845,37.4713988100595,37.62919616699219,6992300
2006-11-24,37.68869529356139,37.71703438801926,37.320308685302734,37.320308685302734,2874100
2006-11-27,37.121949622289776,37.308977276452765,36.963261063826245,37.20696258544922,9429200
2006-11-28,37.150307041240126,37.450682578474115,37.13330098106938,37.38833999633789,8083100
2006-11-29,37.34866272424449,37.58669564675632,37.25231668283835,37.51868438720703,6778700
2006-11-30,37.51868878117514,37.649042629592444,37.2239819364948,37.35433578491211,7799300
2006-12-01,37.35433652387851,37.43934520502695,37.02562187696767,37.38833999633789,8947400
2006-12-04,37.62637227461833,37.8134000176628,37.29765763362036,37.564029693603516,7785800
2006-12-05,37.603685532613596,37.615022900936566,37.37132136926186,37.501670837402344,6564300
2006-12-06,37.54702554709103,37.54702554709103,37.29199087672481,37.422340393066406,7099900
2006-12-07,37.547018267700054,37.76804942554944,37.37699230445905,37.439334869384766,10418400
2006-12-08,37.34866030664719,37.547021062567055,37.22397516751465,37.37699508666992,6126200
2006-12-11,37.38266899362387,37.40533941517263,37.09929521017559,37.235313415527344,7725100
2006-12-12,37.28064511929711,37.348656367270465,37.00294009030044,37.16729736328125,8935000
2006-12-13,37.29198528355233,37.40533304806134,37.076618477469125,37.104957580566406,8856700
2006-12-14,37.28064795526201,37.75671807941102,37.13329240208017,37.547019958496094,9256500
2006-12-15,37.63204855673255,37.72839462904118,37.1219747563606,37.569705963134766,12798000
2006-12-18,37.530010335110234,37.88139092597151,37.530010335110234,37.7453727722168,7896700
2006-12-19,37.773722302326675,38.11376994260272,37.76238493075128,37.90407180786133,10245500
2006-12-20,37.77371006667824,37.909728213941634,37.59801545569329,37.649024963378906,9780100
2006-12-21,37.53568447036113,37.62069312634104,37.337319409235285,37.405330657958984,8729100
2006-12-22,37.28063818075331,37.37698418782918,37.093610526590325,37.20696258544922,6067500
2006-12-26,37.17863497063182,37.28064969313784,37.110628038254646,37.2013053894043,3804300
2006-12-27,37.3713195294021,37.49033594729931,37.28063788303915,37.41099166870117,5168900
2006-12-28,37.325990552216716,37.74538248989885,37.325990552216716,37.643367767333984,5450100
2006-12-29,37.501684751136786,37.72838463837548,37.325994392398634,37.41667175292969,5877100
2007-01-03,37.47900625845527,38.028751961333896,37.46767321230736,37.63203048706055,12845300
2007-01-04,37.348660858108495,38.32346724323956,37.348660858108495,38.10243606567383,11262000
2007-01-05,37.85873239856119,38.11376702828224,37.688706429453816,37.756717681884766,8141100
2007-01-08,37.69438171386719,37.83039991860144,37.433678353151215,37.69438171386719,6180400
2007-01-09,37.7453768288022,37.88706368200637,37.47900485294803,37.55268478393555,7147100
2007-01-10,37.72271304758936,37.72271304758936,37.445007977173184,37.49034881591797,6528700
2007-01-11,37.632033572971416,37.8813995241319,37.564022318687584,37.819061279296875,6371500
2007-01-12,37.66037154805706,37.858736642230845,37.57536287791457,37.7680549621582,6189400
2007-01-16,37.77371875617655,37.83039263691202,37.57535801163242,37.71137619018555,7963700
2007-01-17,37.745382735608295,38.18744509495367,37.64336801237935,37.898406982421875,9189900
2007-01-18,37.666035436522684,38.533158353054546,37.57535809194011,38.37446975708008,10695600
2007-01-19,38.53883115112314,38.66351629667783,38.272459126336386,38.40281295776367,13473300
2007-01-22,38.538833311358225,38.601175887630085,38.06843180819442,38.074100494384766,10245500
2007-01-23,37.966414327080685,38.10810120399434,37.47901112458247,37.6887092590332,9698300
2007-01-24,37.637708817446516,38.02309302039384,37.57536623780718,37.97775650024414,7665500
2007-01-25,37.86438986434385,37.99474366011227,37.688699565817885,37.790714263916016,7727900
2007-01-26,37.79070824705562,37.89839161233081,37.399651245951866,37.44499206542969,10773000
2007-01-29,37.54702270237877,37.632035694040155,37.40533582425658,37.49034881591797,8152700
2007-01-30,37.49033987238049,37.745374462584294,37.46200077394036,37.62635803222656,7171900
2007-01-31,37.62637316660983,37.98342260129833,37.490354952053416,37.858741760253906,8171600
2007-02-01,37.85874002746201,38.01175997134163,37.68871402409276,37.97775650024414,9232500
2007-02-02,37.97208750908411,38.05710051008665,37.68304503525182,37.73405456542969,11317500
2007-02-05,37.62069585631499,37.74538099271975,37.46200725505078,37.57535934448242,7526200
2007-02-06,37.62636181138629,37.64903222762752,37.286314215647344,37.405330657958984,8180100
2007-02-07,37.405332320409514,37.462006201561536,37.206971574407454,37.29198455810547,7795300
2007-02-08,37.269317626953125,37.388334085686914,37.17863594947573,37.269317626953125,7340100
2007-02-09,37.32599403212592,37.46201223358,37.13896630266365,37.17863845825195,7107600
2007-02-12,37.24664449362326,37.331657479078785,37.04261505810602,37.09928894042969,6067300
2007-02-13,37.07095732112046,37.133295570232086,36.99727737627325,37.053951263427734,8583600
2007-02-14,37.155951450112305,37.348647779760604,37.065274130936835,37.320308685302734,7254900
2007-02-15,37.2636378759367,37.36565257083599,37.17295622538662,37.28630828857422,7350800
2007-02-16,37.206961158513025,37.25796634008922,36.97459268971812,37.12761688232422,12927000
2007-02-20,37.0652854758235,37.30898706136131,36.98594117578236,37.09928894042969,9384300
2007-02-21,36.985932790292786,37.065277072344905,36.815906857930194,36.83857727050781,12036200
2007-02-22,36.82157727420537,36.8782511463459,36.640218288992095,36.71389389038086,12930900
2007-02-23,36.830763769033005,36.830763769033005,36.477334981204734,36.56854248046875,11586300
2007-02-26,36.625552433990315,36.76236261832551,36.48874224965511,36.654056549072266,10483200
2007-02-27,36.48304728548741,36.61985749505491,35.753387035636564,35.94150161743164,18581000
2007-02-28,36.06689740026956,36.32341915196158,35.81037564857755,35.87308120727539,16690600
2007-03-01,35.542473599956224,35.87310231323107,35.20044584617345,35.59947967529297,14589700
2007-03-02,35.5139574282938,35.599465419778234,35.18903053994666,35.3144416809082,13773000
2007-03-05,35.0293989232475,35.542440069928894,35.0293989232475,35.24601745605469,16009400
2007-03-06,35.42845019540409,35.4683533432864,34.98381170183783,35.17192840576172,19244300
2007-03-07,35.143424565518785,35.64506473304378,35.10922093723185,35.26313400268555,14139300
2007-03-08,35.34292013957391,35.485431914330256,35.14340452473787,35.18330764770508,14670100
2007-03-09,35.445558620112166,35.51966541422507,35.30874624440827,35.42275619506836,10011500
2007-03-12,35.4854574160887,35.542461297134444,35.00661742180491,35.223236083984375,13310200
2007-03-13,35.00090747088152,35.189021961908566,34.55056955135183,34.64177703857422,17202700
2007-03-14,34.76718536898831,34.85839284891777,34.265543142097336,34.60757064819336,16217000
2007-03-15,34.60187591986283,34.66458147872038,34.402358034901695,34.504966735839844,10109800
2007-03-16,34.52777586692413,34.704491369472585,34.34536084635217,34.49357223510742,15553900
2007-03-19,34.57337393409051,34.65887973503807,34.41375919145042,34.61897659301758,10425200
2007-03-20,34.579063022864865,34.96669529235693,34.573363507677115,34.812782287597656,9871300
2007-03-21,34.812799807541325,34.95531167908835,34.476471703708015,34.89830780029297,16305000
2007-03-22,34.89830980091302,35.04652119901267,34.653189193835395,34.693092346191406,12725500
2007-03-23,34.91540832927918,34.91540832927918,34.402364724821446,34.49357223510742,17676100
2007-03-26,34.65886622581209,34.65886622581209,34.1287222032542,34.345340728759766,17385900
2007-03-27,34.25984714343302,34.32255270403219,34.19144206576039,34.21994400024414,12691000
2007-03-28,34.202857971191406,34.430877894156346,34.128751170043934,34.202857971191406,16111500
2007-03-29,34.41946226873491,34.476466138328405,34.21424485890514,34.39665985107422,16849900
2007-03-30,34.44795668248973,34.45935788883085,34.17433425397626,34.35104751586914,13275100
2007-04-02,34.351057049825165,34.43086551636339,34.21994640234992,34.259849548339844,9734200
2007-04-03,34.51637218741341,34.69878719493749,34.34535838967938,34.56767654418945,12055300
2007-04-04,34.60758096132049,34.9724109897584,34.516373454211006,34.938209533691406,12983300
2007-04-05,34.96670871593921,35.28593605294088,34.904003152014035,35.08641815185547,9694800
2007-04-09,35.11492376932622,35.20043176083588,34.98381311035434,35.13202667236328,5829600
2007-04-10,35.08071109108607,35.26882556785309,35.03510626365294,35.154815673828125,9137600
2007-04-11,35.06932214102513,35.50825897296794,35.0579209301821,35.28023910522461,14688400
2007-04-12,35.08641963362473,35.314439480335416,35.05791769642549,35.29733657836914,9342600
2007-04-13,35.428457435318464,35.55956811580444,35.28024384898898,35.54246520996094,14546100
2007-04-16,35.622264446938885,35.92438888549805,35.57665960927648,35.92438888549805,13395100
2007-04-17,37.22409775394711,37.28110162534018,36.728154939682575,36.79656219482422,29072800
2007-04-18,36.739552262860734,36.92196725229099,36.56854065664784,36.728153228759766,11757000
2007-04-19,37.018882751464844,37.070184934328786,36.65405273182046,37.018882751464844,12530900
2007-04-20,37.309595158405045,37.309595158405045,36.978971019869554,37.121482849121094,15794600
2007-04-23,37.05308774263242,37.12149500876259,36.87067271540261,36.91057586669922,10862400
2007-04-24,37.1385814705519,37.1385814705519,36.688243593714425,36.76234817504883,10367000
2007-04-25,36.910562010829075,37.12148107371545,36.76805018839344,36.87065887451172,12907800
2007-04-26,36.76235437451422,36.88206380260283,36.56854035259448,36.619842529296875,10533100
2007-04-27,36.4887316678,36.785154372748906,36.397522005282745,36.57993698120117,9817600
2007-04-30,36.483040695013834,36.69395983971413,36.34052881729894,36.60845184326172,13917900
2007-05-01,36.78514537349062,37.01886681467552,36.63123454204119,36.80224609375,10049100
2007-05-02,36.488726110886965,36.939063965472215,36.48302442056893,36.756649017333984,7976300
2007-05-03,36.819354283081516,36.93906804741201,36.562834728923946,36.665443420410156,8992000
2007-05-04,36.80224949253198,36.93336227515418,36.574234069195754,36.756649017333984,6489200
2007-05-07,36.47733161090681,36.671147800755115,36.249311796535345,36.63124465942383,10864100
2007-05-08,36.44883716277255,36.53434298490381,36.1980170401387,36.31202697753906,10957500
2007-05-09,36.27782282672223,36.6483545743509,36.089708281068546,36.545745849609375,13768500
2007-05-10,36.488725127664395,36.488725127664395,35.610851854305714,35.627952575683594,23573300
2007-05-11,35.51394596831657,35.93008023183763,35.143416532086626,35.49684524536133,23867100
2007-05-14,35.912988163654354,36.17520946009814,35.66216807678096,35.690670013427734,16788200
2007-05-15,35.337246580610035,35.57096597589515,35.14912985597244,35.24033737182617,21866900
2007-05-16,35.7875885007489,36.12391667989435,35.576671492506215,35.94150161743164,17213000
2007-05-17,35.96998188378144,35.96998188378144,35.645055113696074,35.764766693115234,12360000
2007-05-18,35.90156956100744,36.272101081580935,35.798960899142706,36.15238952636719,13378700
2007-05-21,36.397522300468836,36.50013099707487,36.1296015256047,36.209407806396484,10813300
2007-05-22,36.22651510922924,36.41463181201913,36.08400324634906,36.24361801147461,8892500
2007-05-23,36.35192673623079,36.54004126700724,36.27781995765413,36.37472915649414,9822100
2007-05-24,36.584146027529705,36.76775731093374,36.41201277493104,36.42348861694336,11036400
2007-05-25,36.480874830622525,36.480874830622525,36.199722119327525,36.25709915161133,8493000
2007-05-29,36.26284463856275,36.354649219873785,36.02759526215359,36.17677688598633,10059400
2007-05-30,36.17676368772356,36.3546359567184,36.01036726080514,36.27430725097656,10866600
2007-05-31,36.14808079488957,36.46365884026088,36.13086812349637,36.303001403808594,12154500
2007-06-01,36.34889614395953,36.58988444469197,36.1595502258347,36.383323669433594,10836900
2007-06-04,36.17676966878533,36.5325120767964,36.15381798083792,36.492347717285156,10090400
2007-06-05,36.37757936166129,36.46364487445707,36.159542789418694,36.3259391784668,11391400
2007-06-06,36.262827663270485,36.394796550328444,35.8898704950859,36.090694427490234,11532300
2007-06-07,35.941524785448564,36.09070858676803,35.5685696597373,35.57430648803711,14245500
2007-06-08,35.602988076337276,35.77512134614073,35.2644583639134,35.64889144897461,13943800
2007-06-11,36.084959885847326,36.084959885847326,35.66036466420814,35.729217529296875,9082200
2007-06-12,35.717747022463215,35.80955158589291,35.436594315763465,35.47676086425781,11908200
2007-06-13,35.52266497785823,35.72348679290601,35.18413521192509,35.67758560180664,14814400
2007-06-14,35.68907089958399,35.92432031186097,35.67759505157118,35.832515716552734,9093400
2007-06-15,35.91283287126764,36.216935084663746,35.90135702695922,36.01611328125,16817100
2007-06-18,36.06200831806814,36.090699018341766,35.70626596036501,35.76364517211914,8489300
2007-06-19,35.76937973659956,35.95872565142987,35.68905103401743,35.81528091430664,11399300
2007-06-20,35.872665566508374,36.0562746827874,35.568563378069996,35.597251892089844,11311700
2007-06-21,35.52265298799956,35.76937809966391,35.4538001301934,35.63740921020508,10370700
2007-06-22,35.48824368219453,35.56283559323798,34.845611572265625,34.845611572265625,22060300
2007-06-25,35.000516928616285,35.29314323822921,34.983304260048776,35.06363296508789,12967700
2007-06-26,35.2070738989296,35.55134036580546,35.184122217459795,35.373470306396484,13908200
2007-06-27,35.08659852192698,35.30463303930093,35.04069513587315,35.258731842041016,14158300
2007-06-28,35.287418365478516,35.48250336757112,35.115285055112984,35.287418365478516,9515800
2007-06-29,35.33332033441125,35.539878985304306,35.121020477625564,35.35626983642578,12025100
2007-07-02,35.539875678750015,35.574303211759315,35.2185607925039,35.48823547363281,8090400
2007-07-03,35.57430466752066,35.73496211721809,35.50545178747798,35.545616149902344,4716100
2007-07-05,35.63167444057341,35.81528354246109,35.49970553539122,35.734954833984375,8299700
2007-07-06,35.631676589838975,35.8038120484357,35.574299562835584,35.64889144897461,7558900
2007-07-09,35.78086971921036,36.33743621962332,35.56857203722769,35.987430572509766,18794500
2007-07-10,35.98741406400949,36.06200374664477,35.64314540350551,35.689048767089844,14338300
2007-07-11,35.68906628722498,36.14235237557536,35.660377765297696,36.0677604675293,11145900
2007-07-12,36.17675727911627,36.383318022313986,35.93003219016264,36.35462951660156,11042400
2007-07-13,36.417749961680755,36.492339647825844,36.15380998623682,36.394798278808594,8999400
2007-07-16,36.36038386198936,36.653012452116165,36.30874365130779,36.60710906982422,13368200
2007-07-17,36.0792224438255,36.4464406364274,35.73495374666641,35.99889373779297,27568400
2007-07-18,35.86691882899703,36.0906944432814,35.585768387817936,35.689048767089844,16892500
2007-07-19,35.7751173165107,35.97594126598876,35.60872308142583,35.79806900024414,12653800
2007-07-20,35.798082086887526,35.861198145831196,35.41365109338525,35.45381546020508,13773900
2007-07-23,35.5111904327707,35.76365465383635,35.488238741984055,35.57430648803711,9439400
2007-07-24,35.327575851370916,35.648892906590476,35.241508118553405,35.270198822021484,10753800
2007-07-25,35.275945571494354,35.56857419434677,35.109549075268,35.30463409423828,10622200
2007-07-26,35.01773011849835,35.298882779113875,34.85707270602838,34.97756576538086,23319000
2007-07-27,34.85708016933758,35.0808536671313,34.26608839939073,34.294776916503906,23503600
2007-07-30,34.38657497828806,34.67920129954453,34.29477042762004,34.46690368652344,13604100
2007-07-31,35.201341967278324,35.44806712074205,34.71363067626953,34.71363067626953,21874200
2007-08-01,34.71936478905907,35.23002991502576,34.68493945141155,34.97756576538086,17638800
2007-08-02,34.88576180915124,35.275931693595126,34.85707329769365,35.017730712890625,17094800
2007-08-03,35.287415423813506,35.287415423813506,34.66199610354702,34.74232482910156,12984400
2007-08-06,34.60461421003013,35.78086078794436,34.60461421003013,35.74643325805664,14768000
2007-08-07,35.43084919718076,35.803806380036676,35.31609297254872,35.62019729614258,18086400
2007-08-08,35.56856396866219,35.85545349121094,35.115277997724775,35.85545349121094,15477600
2007-08-09,35.57429346892242,35.91855994955612,34.90297317504883,34.90297317504883,20821000
2007-08-10,34.82838501612636,35.2415043991873,34.71362878074543,35.086585998535156,15651600
2007-08-13,35.18413993410049,35.49971805244188,35.075122675413525,35.258731842041016,11132700
2007-08-14,35.293141997966075,35.539867119797606,35.063631732890144,35.07510757446289,18623200
2007-08-15,35.04642330326237,35.43085419287196,34.874287847647025,35.17265319824219,13757600
2007-08-16,34.88577319279867,35.53414426951835,34.845608825893315,35.36201095581055,24001900
2007-08-17,35.855446451986424,36.136596903163806,35.20133663040524,35.58576965332031,18327900
2007-08-20,35.48249769187503,35.631679286650744,35.31036440904354,35.47676086425781,12981800
2007-08-21,35.32757932487239,35.522664308152436,35.28741496262005,35.38495635986328,12477700
2007-08-22,35.40216986310385,35.63168018305527,35.356266485837466,35.580039978027344,12141600
2007-08-23,35.66036089240475,35.78659076691723,35.55708051129908,35.63740921020508,8809400
2007-08-24,35.6749749632762,35.802056217385264,35.43814311922036,35.744293212890625,9166300
2007-08-27,35.6172168077484,35.72696741263673,35.53057008569288,35.582557678222656,10458800
2007-08-28,35.58254759794586,35.62875975755528,35.36882186854491,35.380374908447266,14789300
2007-08-29,35.43813389013201,35.80782451457895,35.38614631821891,35.732730865478516,10176700
2007-08-30,35.43814794380857,35.761626542162475,35.43814794380857,35.582557678222656,8354000
2007-08-31,35.80205328481445,35.85404086600823,35.611433622782016,35.69230270385742,13355800
2007-09-04,35.59987505817434,35.84248226375576,35.582544398120774,35.80204772949219,9167600
2007-09-05,35.726937977877306,35.79625617981882,35.49588391528653,35.611412048339844,11283800
2007-09-06,35.640308836025525,35.75583701869103,35.588321264001884,35.61720275878906,7724400
2007-09-07,35.53055774568132,35.8309301533633,35.386148061421736,35.62875747680664,13553000
2007-09-10,35.72696682598395,35.802060503631154,35.56522863122165,35.72119140625,10176500
2007-09-11,35.8020413640388,35.8944634549971,35.65185629255023,35.84247589111328,9942900
2007-09-12,35.81360525760619,36.20062219221791,35.78472375858574,36.10820007324219,11635100
2007-09-13,36.206388171185544,36.54719503847415,36.142847571663125,36.45477294921875,13499000
2007-09-14,36.38546367149624,36.57608330184852,36.31614543908011,36.50676727294922,9369200
2007-09-17,36.40279479993779,36.581863608215166,36.21795057362687,36.35658264160156,11085700
2007-09-18,36.37390833136415,36.93999397251169,36.35657767259822,36.87067794799805,12653400
2007-09-19,36.83024280316172,37.41943454575442,36.766704396666036,37.25191879272461,17955900
2007-09-20,37.25769330635156,37.54651263430778,37.07284911274092,37.425209045410156,12079500
2007-09-21,37.48874826304937,37.86998747018855,37.42520766068733,37.61582946777344,17638200
2007-09-24,37.534956297292545,37.86421010660947,37.40209748681647,37.66203308105469,12256700
2007-09-25,37.43098872954842,37.742909742748445,37.40210503234712,37.5291862487793,10084900
2007-09-26,37.55805787867294,37.91041775890146,37.4656379991388,37.771785736083984,12518700
2007-09-27,37.76601228769765,37.97974016871508,37.748683833810595,37.858436584472656,9074100
2007-09-28,37.86421298847487,37.97973894869958,37.74290500109616,37.95085525512695,8857800
2007-10-01,37.92774923958749,38.23967017783326,37.92774923958749,38.205013275146484,12568700
2007-10-02,38.21656717152573,38.3205378759336,38.05482468159384,38.15302658081055,9839400
2007-10-03,38.04906085677174,38.586264997245,38.020177160399705,38.181915283203125,9377800
2007-10-04,38.18192455687073,38.32633425973865,38.12416155713044,38.18770217895508,8741800
2007-10-05,38.297453648684865,38.35521664644223,38.23968624389327,38.26856994628906,9407400
2007-10-08,38.26855139319662,38.343642813172465,38.095258076905154,38.13569259643555,5678900
2007-10-09,38.1819232461359,38.28012078302684,38.08950333113097,38.26856994628906,7639500
2007-10-10,38.28012090191846,38.297453767630316,37.93353850726362,38.025962829589844,8523900
2007-10-11,38.11259347852915,38.25700311606868,38.025946814598946,38.09526062011719,10369200
2007-10-12,38.22234338724772,38.26277791114997,38.014393148026855,38.0894889831543,7025800
2007-10-15,38.095274610689465,38.21658262896182,37.78335355723889,37.9219856262207,9198100
2007-10-16,37.991282137138896,38.124140930992496,37.321223770008395,37.586936950683594,14314900
2007-10-17,37.86422683689893,37.88155529656704,37.38478555325351,37.459877014160156,10198300
2007-10-18,37.6851531589922,37.73136531955344,37.36745447096059,37.4887580871582,13529500
2007-10-19,37.303906816912495,37.54651400355515,37.06129963026984,37.10173416137695,15297000
2007-10-22,37.1421662769486,37.194151639119724,36.70893509387372,37.16526794433594,11153100
2007-10-23,37.19993244733659,37.3154584223056,36.945770013964626,37.28657913208008,7727900
2007-10-24,37.15950472912701,37.269253103361486,36.8129201301185,37.223045349121094,11114300
2007-10-25,37.211491184458346,37.22881964368032,36.81292119773259,36.94000244140625,10605500
2007-10-26,37.07286314500563,37.31547041462895,36.86491279760425,37.142181396484375,9531300
2007-10-29,37.228805728129494,37.81222194372553,37.14216346440516,37.53495788574219,12797700
2007-10-30,37.43098075349425,37.70246717698231,37.402097062447694,37.44253158569336,7698400
2007-10-31,37.448304126701544,37.690911233274036,37.31544533575075,37.64469909667969,10547400
2007-11-01,37.4309896100594,37.76601670749481,37.26924707177423,37.350120544433594,11156800
2007-11-02,37.39055430350043,37.5465148105418,37.17682640189299,37.41943359375,9896700
2007-11-05,36.97465468270073,37.46564669976959,36.97465468270073,37.25191879272461,10137400
2007-11-06,37.25191362064245,37.4829699516047,37.055518603895955,37.321231842041016,7820100
2007-11-07,37.026628272180226,37.27501301220632,36.812902636640125,36.91687774658203,10751600
2007-11-08,36.9515553269395,37.482981973676274,36.94000228633428,37.309688568115234,16433400
2007-11-09,36.882229228191505,37.979743613251074,36.882229228191505,37.638938903808594,16168600
2007-11-12,38.33787634042604,38.67290338670044,37.534959020728415,38.30321502685547,17582900
2007-11-13,38.54582471565455,38.9039578178491,38.43029435443642,38.88085174560547,16501000
2007-11-14,38.81731118014862,38.87507856432083,38.55737557950436,38.63824462890625,12128500
2007-11-15,38.56315155574863,38.87507690744695,38.43607036723831,38.63246536254883,11491600
2007-11-16,38.81731060025199,39.152342032501984,38.45917750311744,39.135013580322266,15135600
2007-11-19,38.96749204832717,39.28519498098051,38.955941217608846,39.04258346557617,19230900
2007-11-20,39.18122490552402,39.25053871279471,38.817309789222875,39.07147216796875,15463500
2007-11-21,38.70178476016497,39.077250717602944,38.66712785570481,38.78265380859375,14971600
2007-11-23,39.17498441147949,39.17498441147949,38.46006807256161,38.87274169921875,5964700
2007-11-26,38.79719340044377,39.570232175910036,38.587949755438714,39.15755844116211,15977400
2007-11-27,39.27961281788137,39.45397954943348,39.07618274718243,39.366798400878906,15183000
2007-11-28,39.43072460842745,39.80271667619896,38.97736495746021,39.72715377807617,15187400
2007-11-29,39.517903434427765,39.90733166315565,39.26797387021806,39.75621032714844,11035900
2007-11-30,39.83759115259527,39.959649185246185,39.05873895711087,39.37260437011719,16655400
2007-12-03,39.30286632422426,39.57023221881095,39.11687246562294,39.35517501831055,9768100
2007-12-04,39.198241609511825,39.64578777441081,39.17499182459664,39.48885726928711,8107400
2007-12-05,39.2040492574886,39.66903606944237,39.2040492574886,39.64578628540039,9752700
2007-12-06,39.63416905211575,39.7387908774471,39.378425826985,39.69810485839844,7604500
2007-12-07,39.81434756784305,39.81434756784305,39.27961578886249,39.337738037109375,12058400
2007-12-10,39.366803713850274,39.52373423687092,39.20405520088351,39.401676177978516,8315100
2007-12-11,39.40167461378795,39.50629643646289,39.22149431035352,39.26218032836914,10231500
2007-12-12,39.52372110718861,39.756214471178126,38.954112587136365,39.34934997558594,19269400
2007-12-13,39.23311253204722,39.52372818043276,39.18661296403925,39.44816970825195,7775900
2007-12-14,39.27959508766941,39.48302506654315,39.16915977009183,39.285404205322266,9492100
2007-12-17,39.19243096843805,39.384238382416015,39.064559359119414,39.26218032836914,12357700
2007-12-18,39.465610396195,39.465610396195,39.047123105731174,39.35517501831055,12275400
2007-12-19,39.28542860586877,39.37842775936853,39.06456226797242,39.12849807739258,8853900
2007-12-20,39.337734112420556,39.337734112420556,39.07618180418279,39.13430404663086,11029400
2007-12-21,39.14593826882888,39.63417500518977,39.14593826882888,39.541175842285156,19689500
2007-12-24,39.29704832944747,39.69809934324123,39.28542122022404,39.44816970825195,2772000
2007-12-26,39.51209146690217,39.51790058500701,39.151726594543256,39.26797103881836,6399800
2007-12-27,39.00061889800172,39.51210527420764,38.948310210131304,39.13430404663086,7623400
2007-12-28,39.37843310029597,39.48305494495128,38.95994572167472,39.16337585449219,5279200
2007-12-31,39.11106007607156,39.13430986339511,38.68095009669457,38.768131256103516,8515000
2008-01-02,38.686760638800756,38.94250387431074,38.19852839040206,38.308963775634766,11970500
2008-01-03,38.21593869672167,38.593739738026066,37.98925895882717,38.320560455322266,9277600
2008-01-04,38.198523663746116,38.59376114497168,38.198523663746116,38.26826858520508,12714800
2008-01-07,38.22177238856592,39.064556018727835,38.21595883379126,38.86112594604492,12352700
2008-01-08,38.97155908655263,39.37841920865835,38.710002349962316,38.907623291015625,13478500
2008-01-09,38.93665918516173,39.69226117620673,38.93665918516173,39.4074592590332,19489900
2008-01-10,39.19240837018526,39.65739496606223,39.1459088237094,39.47140121459961,13043400
2008-01-11,39.14013297626994,39.541184190693535,39.14013297626994,39.45399856567383,15541800
2008-01-14,39.692295678670426,39.692295678670426,39.12268691475177,39.49467468261719,11661600
2008-01-15,39.34936611018809,39.62254559230567,39.20405825241865,39.38424301147461,11545300
2008-01-16,39.13429908623023,40.01776858900976,39.13429908623023,39.70390319824219,18310300
2008-01-17,39.73879224460466,39.84922319471112,38.36127223609078,39.4249267578125,18336600
2008-01-18,39.61674311686514,39.61674311686514,38.36709444351915,38.52983856201172,22716600
2008-01-22,37.58822804060706,38.79719023890982,37.48941978141848,37.93696594238281,29488900
2008-01-23,37.78003117594169,38.11133281041455,36.1118981125336,37.31504440307617,22843600
2008-01-24,37.51265962366324,37.51265962366324,36.815181787751804,36.91399002075195,18084400
2008-01-25,36.93143412177061,37.192988627464416,36.233956178994205,36.30370330810547,23938400
2008-01-28,36.41994421564212,36.693123568993144,36.32694731919381,36.65824890136719,10182000
2008-01-29,36.81518308995713,36.84424420556035,36.518756163250714,36.600128173828125,10074000
2008-01-30,36.60013779382823,36.61757402432891,36.0363426906094,36.14096450805664,13653300
2008-01-31,35.9549724713361,36.8442557472498,35.8736004352684,36.69894790649414,21274200
2008-02-01,36.82099918993525,36.960495666987555,36.4722613231364,36.826812744140625,11780400
2008-02-04,36.83845521709062,37.030260470205825,36.61758661352015,36.89076614379883,7976200
2008-02-05,37.03606306327809,37.053499294611676,36.50132905775744,36.542015075683594,11320400
2008-02-06,36.7222129510899,36.832646157748975,36.48971942239198,36.64665222167969,9556900
2008-02-07,36.507137298583984,36.72219225020496,36.32695480455371,36.507137298583984,13693300
2008-02-08,36.530377531948794,36.727996215107076,36.001457264851766,36.053768157958984,13338800
2008-02-11,36.11191401634598,36.11772535581656,35.664365491554804,35.96660614013672,11133400
2008-02-12,36.11770522937492,36.70474996377651,36.04214455502975,36.600128173828125,11421300
2008-02-13,36.379263665019586,37.053491819637074,36.379263665019586,36.855873107910156,11190600
2008-02-14,36.7919409039002,36.98374829746545,36.39670344190646,36.495513916015625,10864100
2008-02-15,36.42575169496095,36.675681243432706,36.29788236164612,36.5594367980957,11916000
2008-02-19,36.76288161429168,37.099996849882764,36.64663490487332,37.00118637084961,10392600
2008-02-20,37.0011808325156,37.03024195121493,36.681504092380486,36.751251220703125,13772900
2008-02-21,36.83845050179914,36.94888368083785,36.47227406171197,36.60595703125,11085000
2008-02-22,36.720036983789235,37.02428230806163,36.56791543761726,36.96577453613281,10142300
2008-02-25,37.05938347287365,37.41043452247938,36.983321593752095,37.3577766418457,9979000
2008-02-26,37.25246309195305,37.4864986268684,37.09449167260269,37.28171920776367,9219200
2008-02-27,36.98332519712032,37.35778028169793,36.83705354021167,36.88386154174805,9569700
2008-02-28,36.91896022116176,37.14714584930041,36.567909185749784,36.69077682495117,8545200
2008-02-29,36.68493734811517,36.714191237376745,36.205166422053544,36.25197219848633,12028300
2008-03-03,36.27538056402228,36.45090615262369,36.05304696143171,36.409950256347656,8841200
2008-03-04,36.333893862019494,36.74345511884584,36.28123595425712,36.64984130859375,14347700
2008-03-05,36.72003975478438,37.02428510201596,36.649829976785895,36.9365234375,13654600
2008-03-06,36.83120950561856,37.03598896504297,36.57376992013791,36.64398193359375,12137700
2008-03-07,36.310473564874236,36.521102856572426,35.92431651553533,35.98867416381836,14935800
2008-03-10,36.09399878922315,36.12325491063312,35.789753428374794,35.88336944580078,14229400
2008-03-11,36.13495865052333,36.585475740198724,35.97698718358462,36.53281784057617,13635600
2008-03-12,36.538656390388425,36.93651543270444,36.357278751944094,36.597164154052734,13132300
2008-03-13,36.57961481518304,37.117893420497964,36.07643997773667,36.749290466308594,15810500
2008-03-14,37.076957938619536,37.076957938619536,36.421661205327396,36.655696868896484,20835000
2008-03-17,36.06474690133093,37.61522768110546,36.06474690133093,37.468955993652344,21927300
2008-03-18,37.878517765548175,38.21201705932617,37.697142287977435,38.21201705932617,15062200
2008-03-19,38.25880644104924,38.504541703341005,37.92530730969447,37.960411071777344,15845800
2008-03-20,38.013080811660515,38.3231760255894,37.96627280778451,38.25296401977539,16276300
2008-03-24,38.124261656350754,38.34659305450606,37.82001399165566,37.966285705566406,9887900
2008-03-25,37.989680587901134,38.11254826240247,37.65032922183609,37.76734924316406,9511900
2008-03-26,37.56842270248335,37.94287789548239,37.56842270248335,37.8551139831543,11354700
2008-03-27,37.92531938644981,38.17690684382162,37.74979159242958,37.80830383300781,10772200
2008-03-28,37.93702008018885,38.03063609630821,37.48065316125032,37.550865173339844,8755200
2008-03-31,37.615219458230506,38.03648254022249,37.28172026229631,37.95457077026367,13668500
2008-04-01,38.10668650448824,38.56890542811455,37.74393568978991,38.53965377807617,11204700
2008-04-02,38.527964463514486,38.598176485731216,38.11840549356185,38.21201705932617,9791500
2008-04-03,37.91362305499161,38.36999000420294,37.91362305499161,38.1886100769043,7651200
2008-04-04,38.171048947308606,38.5864599021425,38.048181295641385,38.45774459838867,8079600
2008-04-07,38.41093683227232,38.75613578945826,38.323172948016996,38.697628021240234,8901900
2008-04-08,38.60400928633664,38.97261217484738,38.469437427058004,38.80293655395508,8861100
2008-04-09,38.74445592953403,38.90827955026509,38.58063230880296,38.7854118347168,8589900
2008-04-10,38.76783623412059,38.949211637034566,38.70347635621121,38.80879211425781,8272100
2008-04-11,38.73273821208965,39.05453768643466,38.58061888226957,38.61572265625,9234800
2008-04-14,38.609868011144556,38.86145545719756,38.46359634399414,38.46359634399414,10326800
2008-04-15,38.39923403054596,38.627417459794856,38.02477894337564,38.41093826293945,17362000
2008-04-16,38.49284947886968,38.563061480647335,38.10669016487759,38.440189361572266,12617900
2008-04-17,38.40509163707423,38.61572321170119,38.352435975346175,38.475303649902344,8841500
2008-04-18,38.656680130439035,39.08379540807599,38.580620462413826,38.914119720458984,10741100
2008-04-21,38.761980677453884,38.94920817915302,38.644965162837835,38.80293655395508,8975600
2008-04-22,38.65082691041099,39.294425867096805,38.49285546167917,39.1949577331543,13185600
2008-04-23,39.271016390159254,39.48749558736979,39.05453272909196,39.352928161621094,10643000
2008-04-24,39.323685142921065,39.63378044729696,39.2125172172549,39.417301177978516,9613100
2008-04-25,39.53430303247903,39.61036268666325,39.16570006609241,39.382179260253906,9182200
2008-04-28,39.376346491834894,39.59282576782331,39.30028234504253,39.38804626464844,9071600
2008-04-29,39.34707734245909,39.487496889042944,39.2768653372387,39.311973571777344,7706800
2008-04-30,39.46410681535135,39.59282663842263,39.15401149460245,39.253475189208984,13098400
2008-05-01,39.27686925203103,39.715684284717824,39.1715534656319,39.67472839355469,13165100
2008-05-02,39.499203780344224,39.97312257187253,39.499203780344224,39.938018798828125,12562300
2008-05-05,39.809302075283675,39.97312564723775,39.616222380970285,39.72739028930664,10550400
2008-05-06,39.61038396738095,39.77421205987072,39.38220041837977,39.54017639160156,9487600
2008-05-07,39.48164677526513,39.59866231281427,39.07793558216435,39.14814758300781,12628400
2008-05-08,39.21835931325324,39.294423438263976,39.02527963818197,39.14229965209961,9444500
2008-05-09,38.91995891103992,39.18325056099863,38.82049525974412,38.93751525878906,8758400
2008-05-12,38.96091973605299,39.136447524953866,38.79124852766781,39.031131744384766,7707900
2008-05-13,39.054552566077376,39.2008242985346,38.79126523319799,38.85562515258789,9532400
2008-05-14,38.95507032626918,39.26516553733174,38.85560666684475,39.089637756347656,9022000
2008-05-15,39.18910428139395,39.19495193369321,38.81464473297557,39.01357650756836,8407900
2008-05-16,39.14814839601554,39.14814839601554,38.7912451960651,39.01357650756836,9764900
2008-05-19,38.96675827014584,39.07792612862397,38.76783101166449,38.984310150146484,8748300
2008-05-20,38.87316308059558,39.16570644041016,38.63912749997244,38.703487396240234,12612400
2008-05-21,38.84389943736328,39.02527485689252,38.369980714667356,38.45774459838867,11216800
2008-05-22,38.705227039837034,38.7405782202435,38.42240411063148,38.54024887084961,9882700
2008-05-23,38.49310806233436,38.58737936807783,38.216178515864414,38.251529693603516,9073500
2008-05-27,38.19259877132421,38.49309718313034,38.186705411594104,38.38703918457031,8358200
2008-05-28,38.410616910062956,38.48131926172355,38.08654948056066,38.22795867919922,14779300
2008-05-29,38.09832004161784,39.27084666088952,38.02761322463331,39.13532638549805,13264000
2008-05-30,39.176588124060615,39.49476219736372,39.09999241014813,39.323890686035156,10995000
2008-06-02,39.21193869726606,39.477081476218395,38.976253729687954,39.18836975097656,9630900
2008-06-03,39.24729185665629,39.50065242295334,39.1471272013409,39.33567428588867,11363000
2008-06-04,39.300326346071685,39.441740058781704,39.04696572994704,39.21194839477539,8962800
2008-06-05,39.27674994028824,39.535999344083756,39.182474160495985,39.45351028442383,8679800
2008-06-06,39.22961595689105,39.33567397206034,38.69932588104462,38.746463775634766,14267200
2008-06-09,38.817163378538545,39.005710448255215,38.48131377012708,38.66986083984375,8695900
2008-06-10,38.42237746902524,38.84071596326341,38.42237746902524,38.66395568847656,10170100
2008-06-11,38.599154462554644,38.799483736482195,38.363469526221564,38.41649627685547,10392400
2008-06-12,38.44007956016135,38.7877159823852,38.392946151564544,38.70522689819336,9743400
2008-06-13,38.75825096351601,39.10588736147693,38.73468201320361,39.04696273803711,8938300
2008-06-16,38.86430501875694,38.982149758270445,38.59326886085161,38.79359817504883,7984700
2008-06-17,38.91143707808652,39.03517066452856,38.59326307209993,38.64628982543945,7304000
2008-06-18,38.46364633010107,38.8702028614957,37.827298149305406,37.968711853027344,12845600
2008-06-19,37.89210223885018,38.28687644465207,37.79193759505239,38.07476043701172,9089600
2008-06-20,37.88031322255051,38.074753610578995,37.63873720108529,37.74479293823242,16435000
2008-06-23,37.82729786974686,37.98049379998793,37.67999754860555,37.88032913208008,8689900
2008-06-24,37.76837411184074,38.20438841490027,37.76837411184074,38.13368606567383,10692800
2008-06-25,38.19848416810268,38.6993117531649,38.133670710531824,38.463626861572266,10391100
2008-06-26,38.11010369191037,38.504873320411015,37.86263656616211,37.86263656616211,12412700
2008-06-27,37.82729364810751,38.127792113612195,37.35592817774348,37.456092834472656,19081600
2008-06-30,37.438413175869464,38.06886785159632,37.179159273407954,37.9097785949707,12516900
2008-07-01,37.56213470250434,38.28686492646782,37.556243591912505,38.11599349975586,16637300
2008-07-02,38.26330504898473,38.363469686366635,38.00405116840448,38.08654022216797,10708000
2008-07-03,37.915675139425204,38.51077869491076,37.85675501900378,38.36936950683594,7714900
2008-07-07,38.357574774007226,38.85251357186928,38.22205897487416,38.44595718383789,14506700
2008-07-08,38.387035468252435,39.052841203172534,38.387035468252435,39.0115966796875,15476900
2008-07-09,38.97626285601826,39.47709071981804,38.89966263881216,38.99393844604492,13940700
2008-07-10,38.92321890442257,39.594918078417194,38.92321890442257,39.44172668457031,17399900
2008-07-11,39.07053066108675,39.31800238520152,38.88787692011508,39.041072845458984,16631500
2008-07-14,39.147142604235775,39.44174782071481,38.940915356445366,39.12946701049805,11114700
2008-07-15,39.53600116729682,40.05450898943217,39.35334745467195,39.8895263671875,24203400
2008-07-16,39.93076625809207,40.54354529783211,39.77168150999127,40.17823791503906,18883600
2008-07-17,40.32554788782432,40.331436753248795,39.47708375372049,39.966129302978516,14217400
2008-07-18,39.91899487226389,40.19592441203076,39.80115461910746,39.96023941040039,12903500
2008-07-21,40.054515175734856,40.054515175734856,39.47708714698845,39.541900634765625,11279400
2008-07-22,39.48886351905131,40.213594004321344,39.48886351905131,40.06039810180664,15551300
2008-07-23,40.190021146281694,40.27251020222596,39.84238933841893,40.225372314453125,10256800
2008-07-24,40.21948851917845,40.80280534410946,39.90131447958418,40.45517349243164,16543100
2008-07-25,40.58479719688053,40.7792376429026,40.39625011158197,40.673179626464844,10504500
2008-07-28,40.63193182188287,40.649607407313745,40.31375779817698,40.34911346435547,9814300
2008-07-29,40.39035799546641,40.65550076756295,40.243055456453504,40.34911346435547,13012200
2008-07-30,40.47875285453675,40.47875285453675,39.895435814737795,40.11344528198242,13523100
2008-07-31,39.94845381216663,40.684966570537576,39.94256045141087,40.343223571777344,13798400
2008-08-01,40.36089860153531,40.537663459230906,40.02504896816733,40.125213623046875,9052300
2008-08-04,40.172345024004564,40.902964293429775,40.048611441745834,40.643714904785156,13694700
2008-08-05,40.838150397177756,41.53931185132546,40.732092399872364,41.509849548339844,20179200
2008-08-06,41.450939568471235,42.122638883799496,41.29185478129028,41.87517166137695,18729400
2008-08-07,41.5805591012295,41.892839753935085,41.25060286370156,41.6276969909668,14181000
2008-08-08,41.69839424662509,42.234577562556154,41.46860268131636,42.157981872558594,12071300
2008-08-11,42.08726188474689,42.364191247442825,41.88692818809497,42.222782135009766,10231600
2008-08-12,42.110856385677884,42.34654137969827,42.004798363134576,42.24637222290039,8696800
2008-08-13,42.22869265781937,42.32885730986612,41.83392291482316,41.95176315307617,10600600
2008-08-14,41.9517812017087,42.305311059198374,41.6218247963918,41.945892333984375,9459500
2008-08-15,41.72786004300887,42.07549634741137,41.698397739218066,42.028358459472656,10790800
2008-08-18,42.193347114068565,42.193347114068565,41.71608824156475,41.88695526123047,9846300
2008-08-19,41.627697176894664,42.05781806054803,41.627697176894664,41.92230224609375,9133700
2008-08-20,41.939974034002766,42.15798338378682,41.5923377462561,41.88105392456055,10278400
2008-08-21,41.64537237182509,42.15209344572787,41.545207728111336,41.998897552490234,7840100
2008-08-22,42.1352963784717,42.50890819902365,41.99889582680134,42.35471725463867,7717700
2008-08-25,42.253906441105286,42.313209264540596,41.83878215254269,41.98704147338867,8205000
2008-08-26,41.93960549948559,42.11751400412917,41.66087719857607,41.93367385864258,6439600
2008-08-27,41.939591869367604,42.336925710908375,41.69644444350501,42.23017883300781,8399300
2008-08-28,42.39030927556019,42.5148465687935,42.20646463120237,42.34879684448242,8148200
2008-08-29,42.21238652623847,42.342855429367845,41.7616770039319,41.767608642578125,10368300
2008-09-02,42.159014782442064,42.75798365549211,41.96924304859151,42.5385627746582,15122400
2008-09-03,42.5029875700998,42.63938815710394,42.28949375319008,42.408103942871094,9844000
2008-09-04,42.396235503526704,42.396235503526704,41.74982701534556,41.779476165771484,13676200
2008-09-05,41.74390811423465,42.14717378411735,41.696464029656234,41.90995788574219,10746400
2008-09-08,42.224265664802466,42.92405005392975,41.98705429860348,42.829166412353516,15226500
2008-09-09,42.64530942976652,43.14939017093916,42.307273864746094,42.307273864746094,19050100
2008-09-10,42.491120921496425,42.70461469875386,42.11750454903829,42.24204635620117,12611100
2008-09-11,42.05821402186031,42.43183050353342,41.70239246392315,42.20054626464844,15725800
2008-09-12,42.14121980114966,42.62158298493586,41.69051481014778,41.862491607666016,15141200
2008-09-15,41.46516257509463,42.04040941959984,41.28132247924805,41.28132247924805,20929700
2008-09-16,41.28726934273816,41.80914067553585,41.216103219145275,41.39401626586914,23336300
2008-09-17,41.38806506625827,42.10563950645469,41.222015380859375,41.222015380859375,24167100
2008-09-18,41.631213503366425,42.07599144474647,41.038176248193025,42.06413269042969,29279900
2008-09-19,42.609733195591815,43.107886928220644,41.04411493507144,41.506683349609375,27446100
2008-09-22,41.411775469275135,41.93364640893645,40.50442956844301,40.569664001464844,16067900
2008-09-23,40.729786679963986,40.97886116673025,40.36210206294201,40.41547775268555,13635900
2008-09-24,40.474782133187134,40.919559958826554,40.059657972395954,40.43920135498047,12469600
2008-09-25,40.652705542467515,41.494817356662345,40.59932983689775,41.13306427001953,14577700
2008-09-26,40.783171492626515,41.364350014077004,40.76538109826335,41.15678787231445,13087200
2008-09-29,40.80689709443886,41.42958809868489,39.674198150634766,39.674198150634766,25740100
2008-09-30,40.03000784193409,41.20422339608383,39.97663666991177,41.08561325073242,19623000
2008-10-01,40.961078921400166,40.961078921400166,39.89954179827508,40.20199203491211,25547700
2008-10-02,40.3028072722862,40.48072024078204,40.11896718948465,40.20199203491211,30897500
2008-10-03,40.326545909440846,40.54597139100937,39.199773868832565,39.23535919189453,25416700
2008-10-06,38.57115629330538,39.16419374334171,36.94030330570545,38.25091552734375,33471600
2008-10-07,38.612659869442275,38.93290056188561,36.82761628776423,37.058902740478516,24172200
2008-10-08,36.55482765489772,37.87137150337306,36.24644791281078,36.981815338134766,37910400
2008-10-09,37.14784178616257,37.4562213347251,34.14707565307617,34.14707565307617,33493900
2008-10-10,32.854263141065616,34.98919624428871,30.873518720813884,33.12112808227539,50089400
2008-10-13,34.668955812369376,37.242737472857115,34.366507821426566,37.171573638916016,32537300
2008-10-14,39.43697300553322,40.018151440611746,37.36134284734726,37.95438003540039,38915400
2008-10-15,38.13822580615658,38.40509529530679,35.64153941488374,35.9024772644043,25064700
2008-10-16,36.02107822985661,37.94251736865047,34.5799977446326,37.657859802246094,34602200
2008-10-17,37.33170409925341,38.547430294553074,36.79204016561999,37.15379333496094,25254100
2008-10-20,37.622277338809866,38.2686879461194,36.8572611070274,38.21531677246094,18035000
2008-10-21,37.78239798841778,38.48811367660647,37.58076525782919,37.75274658203125,14042400
2008-10-22,36.92842221029111,37.42064184986764,35.730486940965484,36.424339294433594,23324900
2008-10-23,36.67342980748865,37.44437790988987,35.70084891563561,37.03518295288086,23490600
2008-10-24,34.98920564311628,37.05890710790773,34.7757118229936,36.050743103027344,23132100
2008-10-27,35.825380861721534,37.177505093452844,35.64153849632078,35.67119216918945,21067000
2008-10-28,36.43620768448761,38.25090247687291,35.920265912417726,38.06706237792969,27526400
2008-10-29,37.58077464474994,37.58077464474994,35.60596152924543,36.489585876464844,29020100
2008-10-30,36.975878607344576,37.21309445699355,35.392469937050365,35.92027282714844,23629000
2008-10-31,36.08038492093061,36.55481424928701,35.48141831805394,36.37690353393555,19784900
2008-11-03,36.46586023194114,36.66156134127323,35.91433542760733,36.27015686035156,11846900
2008-11-04,36.66750224342169,36.869132780590746,36.35912253475325,36.70308303833008,14645400
2008-11-05,36.620058054786064,36.620058054786064,35.4221222809561,35.4932861328125,19758000
2008-11-06,35.422114982181434,35.77200705324523,34.099642174535575,34.348716735839844,22899400
2008-11-07,34.668960587434874,35.87282786464573,34.562213690691884,35.71270751953125,16245700
2008-11-10,36.17526929341519,36.323528593798045,35.33315755312416,35.58816146850586,12841200
2008-11-11,35.16118755503464,35.81945942287252,34.40209815406665,35.31537628173828,14393000
2008-11-12,34.88838280984761,35.3094387181044,34.15301561799472,34.348716735839844,18385200
2008-11-13,34.63337629087579,37.36727611197214,33.99289497525156,37.30204391479492,27304500
2008-11-14,36.48365051943893,37.064826731111864,35.356878881910134,35.61188507080078,22065300
2008-11-17,34.87058667431303,36.234571772738406,34.78163245226244,35.149314880371094,16564900
2008-11-18,34.858740811884864,36.17528468329806,34.66896900764167,36.110050201416016,21199500
2008-11-19,35.843189335844045,36.48960036716465,34.402107883104165,34.467342376708984,27534900
2008-11-20,34.3961629655583,34.72233302398704,32.61705108802942,33.097412109375,31046400
2008-11-21,33.77311597772051,34.986986104552834,32.58316503591419,34.89131164550781,30802200
2008-11-24,35.41155223848371,35.81218842001422,34.63419450412729,35.34577560424805,20508500
2008-11-25,35.8719661121184,35.87794476591373,34.359111223369396,35.100589752197266,21416200
2008-11-26,34.45481543194763,34.98102638203234,33.79705345513694,34.8434944152832,18507700
2008-11-28,34.963043467961,35.13645172912441,34.460752357393595,35.0288200378418,7688500
2008-12-01,34.478716314533855,34.57439077453888,33.0196802291925,33.08545684814453,18847200
2008-12-02,33.5518628621535,34.084052082329265,32.858222595229144,33.982398986816406,16081100
2008-12-03,33.53392569833471,34.6879976811554,33.187104413162864,34.2754020690918,18783300
2008-12-04,34.33521140708601,34.448826422787526,33.20505587465446,33.59373474121094,17053600
2008-12-05,33.402382178631065,34.903275882309934,33.03762254215542,34.81956100463867,16614100
2008-12-08,35.321830030969004,35.740406433505576,34.53251557181221,35.14244079589844,16361100
2008-12-09,35.25008971656238,35.27998755488865,34.38303871874741,34.56840896606445,13779200
2008-12-10,35.17234523004152,35.17234523004152,33.98837331885179,34.56241989135742,13131200
2008-12-11,34.32324612548609,35.18431626435378,34.1139566762832,34.83151626586914,15953500
2008-12-12,34.20963565169734,34.46676122424738,33.73126328918309,34.23355484008789,14749700
2008-12-15,34.520570599895336,34.915227996555124,34.05415793504073,34.56840896606445,12984300
2008-12-16,34.951100333949356,35.728455392554764,34.460768576318635,35.63875961303711,17915200
2008-12-17,35.30988474657853,35.51319323695635,34.92120829333721,35.148433685302734,15634400
2008-12-18,35.60886144935856,36.027437948121026,34.975019187659036,35.27400207519531,18919300
2008-12-19,35.60886612163982,35.96764700239446,35.004921613237975,35.18431091308594,23131200
2008-12-22,35.38761246683257,35.60288049693141,34.71789148068147,35.238121032714844,14157000
2008-12-23,35.393603751124736,35.84207821352091,35.028846437798805,35.08864212036133,10555500
2008-12-24,35.160390558065835,35.25606500019567,34.83748846048064,35.01688003540039,3633700
2008-12-26,35.18430973886295,35.48329265565103,34.80161197034359,35.01688003540039,4249100
2008-12-29,35.02885411288838,35.20824348094062,34.287375168930346,34.771728515625,9860100
2008-12-30,34.96904950623636,35.38164520263672,34.84347720051353,35.38164520263672,10880600
2008-12-31,35.38761980126237,35.90784946111842,35.321843191648405,35.77629852294922,11920500
2009-01-02,35.95568954407274,36.47591922880346,35.3039066338239,36.266632080078125,11638900
2009-01-05,36.12909891921341,36.33838835479583,35.495256519194236,35.90785217285156,15540000
2009-01-06,36.07528895245641,36.14106329468477,35.22019741183653,35.692588806152344,22097600
2009-01-07,35.42349602626977,35.77031501420963,35.130491772079424,35.35771942138672,14293300
2009-01-08,35.67465192040286,35.81218382841692,35.058747662544405,35.291954040527344,17345400
2009-01-09,35.36370395612976,35.60886989078613,35.01090397395997,35.30988693237305,14698300
2009-01-12,35.32781823738852,35.525145752270994,34.77170989744775,34.88532257080078,15253100
2009-01-13,35.040798104572346,35.35174062213621,34.90924716791515,35.18431091308594,15513400
2009-01-14,35.01090881422648,35.03482800166051,34.311289689725655,34.652130126953125,16707900
2009-01-15,34.73582901365256,34.80160560829076,33.49205921227856,34.45478439331055,20383600
2009-01-16,34.723879493566194,34.723879493566194,33.86280942214341,34.34716033935547,20746500
2009-01-20,33.791046073933344,34.69995435611817,33.7850674196487,33.9345588684082,23153700
2009-01-21,34.436856585121376,34.436856585121376,32.9419418215392,33.701358795166016,22306100
2009-01-22,33.7073266523407,34.06610744929957,33.2528737134626,34.006309509277344,19146100
2009-01-23,33.575785133603716,33.71929566766373,32.947919133650004,33.4681510925293,21334000
2009-01-26,33.60568097561499,34.054155359770725,33.36649372497512,33.81496810913086,16347800
2009-01-27,33.994369127525125,34.52656082964066,33.791060578699934,34.40696716308594,14771500
2009-01-28,34.81955021541212,35.13049272259875,34.62222267648248,35.01688003540039,18096400
2009-01-29,34.78367254896299,35.14245342913891,34.47273231295937,34.849449157714844,16159300
2009-01-30,34.78965113271727,34.915223405812355,34.23354274494355,34.496646881103516,13858500
2009-02-02,34.23354274494355,34.765731952777664,34.036212932029656,34.496646881103516,10933900
2009-02-03,34.72385635585943,35.166351828930125,34.221565245292034,35.0288200378418,13181700
2009-02-04,35.1065783798577,35.357725250720854,34.48469327978212,34.658103942871094,11429500
2009-02-05,34.64015346622276,35.004912911169285,34.07806652481585,34.74778747558594,14781300
2009-02-06,34.83748897761929,35.11255499875204,34.5624252375452,34.98698043823242,11458700
2009-02-09,34.95707981367586,35.100592608081776,34.65809691630047,34.98099899291992,9357000
2009-02-10,34.670049250094856,34.98099167201753,33.844855987340765,33.92259216308594,16612000
2009-02-11,34.01230220857114,34.30530423232508,33.803012767687946,34.28138732910156,14692600
2009-02-12,34.036213655783115,34.59232205538205,33.533924552721984,34.55046463012695,14424600
2009-02-13,34.50861951149384,34.56243654616552,33.97045144583641,34.14385986328125,12563900
2009-02-17,33.52794956286481,33.958485763048955,33.32464105511775,33.4741325378418,15246500
2009-02-18,33.30670896634136,33.64156848968905,33.1392769236081,33.38444519042969,15517100
2009-02-19,33.64155282694375,33.78506561374748,33.26483603856841,33.4442253112793,12199800
2009-02-20,33.166880017623356,33.444227071432586,32.88953526378887,32.9498291015625,24427000
2009-02-23,32.66042351340119,33.21511532500553,32.30470021788315,32.34690475463867,20500400
2009-02-24,32.919676958417476,33.02217531995967,32.461455347922914,32.88350296020508,18848100
2009-02-25,32.750847517251074,33.01613337903503,32.31071305794026,32.53379440307617,21016500
2009-02-26,32.85336808691713,32.85336808691713,31.532961515023054,31.61737060546875,21284600
2009-02-27,31.1048789578132,31.35207794189453,30.11005248774396,30.146228790283203,29873300
2009-03-02,29.561393769156112,29.80256454029965,28.843914289965234,28.892147064208984,27902900
2009-03-03,28.92833553987889,29.259943764725975,28.542463983694944,28.72334098815918,25987400
2009-03-04,28.807757750932275,29.766408659051265,28.572617352710417,29.603618621826172,24253500
2009-03-05,29.127298370548267,29.308175353375894,28.584665122089763,28.741424560546875,22344000
2009-03-06,28.699212745039336,29.296109167288417,28.34348710551161,28.92229652404785,19202100
2009-03-09,28.614802322290455,28.78965101658411,27.885264073654767,28.09628677368164,23304900
2009-03-10,28.476129272418856,28.8620006577785,28.29525234802838,28.807737350463867,21883400
2009-03-11,29.07302833130411,29.38051890109875,28.681126375707418,28.88009262084961,16569300
2009-03-12,28.771569146437344,29.736247804333047,28.536428867323725,29.543312072753906,16337000
2009-03-13,29.953295497916546,30.622542198409505,29.69403772565396,30.532102584838867,16509600
2009-03-16,30.827541273752747,31.05665100911241,30.53813768700218,30.58637046813965,16547600
2009-03-17,30.56829019557166,30.622553523787687,29.820662373481436,30.58034896850586,17325700
2009-03-18,30.56225929618594,31.09886433549477,30.29697319471108,30.544172286987305,16730400
2009-03-19,30.84561379648584,30.84561379648584,29.8387311007516,30.182397842407227,18963600
2009-03-20,30.80341168802939,31.352072871277773,30.682826332375754,31.153106689453125,27591800
2009-03-23,31.58119250936419,32.09367752075195,31.15311427752656,32.09367752075195,18822300
2009-03-24,31.948968980765233,32.31675097898028,31.53898015327289,31.774120330810547,17093700
2009-03-25,31.942957712827564,32.11780646823358,31.3581198826647,31.870607376098633,15822000
2009-03-26,32.00323331924222,32.37704586239063,31.502804884081524,31.89470672607422,14574000
2009-03-27,31.768102873644267,32.12985908796198,31.683693780296057,31.852514266967773,11293600
2009-03-30,31.677652300274474,32.232341710341196,31.56912571135284,31.96102523803711,15743200
2009-03-31,32.17205490163324,32.25646397206887,31.599276109423997,31.713830947875977,18517700
2009-04-01,31.532960695829452,32.07559383456219,31.279733431070945,31.9791259765625,13730300
2009-04-02,32.129852036621955,32.63630878553758,31.750008899941538,31.93691635131836,17418900
2009-04-03,31.955010968625853,32.13588792920791,31.20135504955449,31.44252586364746,15213700
2009-04-06,31.370152195731077,31.67764489242635,31.153099068645894,31.4726505279541,12768700
2009-04-07,31.285768365167907,31.352090462989565,30.917983859048274,30.966218948364258,13130100
2009-04-08,31.074746343760342,31.27371034201595,30.869751809207948,31.020483016967773,10935000
2009-04-09,31.346056302987577,31.388260848175364,30.809451385646046,30.99635887145996,15056300
2009-04-13,30.91194228275587,31.08679095610653,30.749152376530223,30.83959197998047,12067200
2009-04-14,31.346051548226075,31.629424551506705,30.87576878750793,30.97223663330078,20768400
2009-04-15,31.22547200900283,31.400320730962772,30.96018365844973,31.21341323852539,11502500
2009-04-16,31.297801920027283,31.545000803657896,31.0807487929421,31.4726505279541,12216300
2009-04-17,31.65354886576932,32.17809274583754,31.50281768069423,31.985157012939453,17691800
2009-04-20,32.05749568801694,32.2504336507763,31.557069531410804,31.63545036315918,15308900
2009-04-21,31.683682624825614,31.882648817642878,31.352074603437995,31.629419326782227,12236500
2009-04-22,31.412366920278863,31.44251498659273,30.815472926846834,30.857677459716797,13348300
2009-04-23,30.978272879335847,31.056651437261667,30.33314361039855,30.990331649780273,14595000
2009-04-24,31.20738268693685,31.255617768821324,30.5321076403813,30.700925827026367,14767300
2009-04-27,30.942099716066792,31.17724001371812,30.52608244329717,30.66475486755371,13055900
2009-04-28,30.61650643089396,30.917968691300477,30.393425002186003,30.538127899169922,12084100
2009-04-29,30.779299291866575,30.80341682701574,30.21857924950951,30.767240524291992,18496500
2009-04-30,31.032533084784735,31.71986683137244,30.960180469372826,31.569135665893555,20004600
2009-05-01,31.671625518264843,31.707801818847656,31.153110043117547,31.707801818847656,12504500
2009-05-04,31.71986513711562,32.49763846143738,31.71383460283254,32.41322708129883,15114500
2009-05-05,32.40719052531946,32.799092353987476,32.22631364284742,32.77497482299805,13320600
2009-05-06,33.01012731420397,33.01012731420397,32.30470651942278,32.684547424316406,16616500
2009-05-07,32.48558664793889,33.16086173379765,32.28059213794912,33.094539642333984,15243000
2009-05-08,33.203074674336705,33.462332570139466,32.979993101195724,33.14881134033203,13030600
2009-05-11,32.8955688646775,33.08247402926561,32.55793024158856,32.62425231933594,13073000
2009-05-12,32.84731814441329,33.263335115800146,32.49762321918388,33.16083908081055,11826000
2009-05-13,32.97997664770768,33.42613957140196,32.86541949975182,33.25129318237305,10972400
2009-05-14,33.35378185119087,33.402016913291625,33.0161433164086,33.17290496826172,11986300
2009-05-15,33.160866699771894,33.42615280537879,32.98601794154255,33.40806579589844,16430700
2009-05-18,33.64319887389958,33.83613460006009,33.29350373272438,33.79393005371094,12879100
2009-05-19,33.890399725716414,33.890399725716414,33.58290911447783,33.69746398925781,13350400
2009-05-20,33.89642693880464,34.05318634682145,33.6431973720388,33.685401916503906,13729800
2009-05-21,33.71582210926427,33.80706195654566,33.11972811591614,33.44818878173828,12492700
2009-05-22,33.5151051196864,33.72191348938254,33.22922466769938,33.31438064575195,7425900
2009-05-26,33.26570007114647,33.70972907889723,32.918992457966766,33.61240768432617,11389200
2009-05-27,33.721891125029344,33.75838751441593,32.943320047381,32.97981643676758,12480300
2009-05-28,32.998053685866495,33.40558613836953,32.76083302601259,33.168365478515625,10890800
2009-05-29,33.20487095154796,33.62456897852316,32.845997918514165,33.551578521728516,12505200
2009-06-01,33.91045627144998,34.0929335989802,33.6184920833366,33.92870330810547,12454200
2009-06-02,34.092932817618454,34.35448449853659,33.83138113670032,34.19025421142578,10277000
2009-06-03,33.989535372776096,34.24500320289418,33.85571756443304,34.159847259521484,11191300
2009-06-04,34.28148592257371,34.30581684535033,33.74013565257871,33.96519088745117,12219700
2009-06-05,33.94694515710624,34.1841658624624,33.53941030610816,34.019935607910156,10215400
2009-06-08,33.89219534266717,34.147663032430394,33.55156943599204,33.83745193481445,9891200
2009-06-09,34.08075971498861,34.21457747160362,33.849622906703,33.880035400390625,11173700
2009-06-10,34.07469813022174,34.2145975394997,33.588090984836256,33.8557243347168,13263900
2009-06-11,33.849638899402755,34.354493030050975,33.825307964827374,34.09294128417969,12778400
2009-06-12,33.98952743194763,34.39097844286208,33.89220604506912,34.09901428222656,11882300
2009-06-15,33.96520311971084,34.050359059772646,33.17446640729011,33.30220031738281,14810500
2009-06-16,33.46033471013712,33.64889588133169,33.20486698173594,33.223114013671875,12606700
2009-06-17,33.25962115261168,33.77664066745776,33.18054678811249,33.5759162902832,13061800
2009-06-18,33.67931763130343,34.16592461937485,33.46034390659,33.93478775024414,12103400
2009-06-19,34.24498620149732,34.45787827456128,34.00776552835188,34.117252349853516,19334700
2009-06-22,33.98344474366519,34.03818817074348,33.68539900093612,33.7523078918457,13237400
2009-06-23,33.78272911054336,33.81314161780851,33.39952502209078,33.460350036621094,12447400
2009-06-24,33.612402261760316,33.95911213933166,33.47858681601625,33.73405456542969,12467600
2009-06-25,33.642817327906506,34.330148556145,33.527246594415736,34.22674560546875,14239900
2009-06-26,34.19026179994434,34.42748260498047,33.84963800617988,34.42748260498047,32295700
2009-06-29,34.4335640017563,34.67078478959092,34.080772446281465,34.646453857421875,13811100
2009-06-30,34.810673496504236,34.810673496504236,34.202414300716306,34.54912185668945,15974700
2009-07-01,34.561295000021474,34.78026873042227,34.299743302078866,34.71335983276367,15318000
2009-07-02,34.506548461065215,34.506548461065215,34.03210696812389,34.05035400390625,15118600
2009-07-06,34.12943639162939,34.52480362201908,33.88613169575454,34.43964767456055,12879500
2009-07-07,34.43355461827596,34.49437961179775,34.1415904727868,34.202415466308594,9678600
2009-07-08,34.33624401323045,34.80460403538709,34.2024262010927,34.71944808959961,15414200
2009-07-09,34.73159823754894,34.82283804264642,34.23890978693149,34.48221206665039,11324800
2009-07-10,34.26934256846511,34.90193304679664,34.21459911706477,34.62821578979492,13661800
2009-07-13,34.616028125371834,35.19387478179793,34.53087221564421,35.10871887207031,13564900
2009-07-14,35.279030727540665,35.710894167499916,34.93840476795793,35.41893005371094,20433700
2009-07-15,35.55885013615317,35.88731082601525,35.412869154209496,35.862979888916016,12986200
2009-07-16,35.85079884627011,36.31307716903185,35.77780838700637,36.03936004638672,11596000
2009-07-17,36.227921642381446,36.227921642381446,35.72914924469997,36.02719497680664,11311000
2009-07-20,36.167088430654594,36.167088430654594,35.72914342134066,35.92378616333008,9226300
2009-07-21,36.088027110894785,36.434734742871484,35.77781355365761,36.18534851074219,11222600
2009-07-22,36.1609982191357,36.39821885922916,35.85686871741097,36.00284957885742,9358600
2009-07-23,36.04544477158913,36.70844749541564,35.948123377280886,36.62937545776367,12494700
2009-07-24,36.65370031274994,37.48093323982373,36.62937170690794,37.414024353027344,11413300
2009-07-27,37.40188426231926,37.52353432748084,36.87269673349608,37.26806640625,7937700
2009-07-28,37.12205413954488,37.45051462819903,36.86050252676374,37.055145263671875,9025500
2009-07-29,36.94566596989388,37.37144556678298,36.91525115269485,37.201133728027344,10522700
2009-07-30,37.505257177305985,37.99794789891528,37.42010127191474,37.58433151245117,12636500
2009-07-31,37.608680151552875,37.815486121886934,36.97000591958997,37.03691482543945,13230900
2009-08-03,37.20113490888957,37.219381943528376,36.757105943521445,37.16463851928711,11178800
2009-08-04,37.19505944274849,37.19505944274849,36.90309291865432,37.140316009521484,8906600
2009-08-05,37.219405561194584,37.243736503035485,36.67197329173225,36.76929473876953,8575200
2009-08-06,36.90309062420678,36.90309062420678,36.31308068091652,36.452980041503906,10835400
2009-08-07,36.47122841882291,36.757111042891005,36.404319522098454,36.43473434448242,9974900
2009-08-10,36.54421287619117,36.93349838256836,36.22183393095878,36.93349838256836,9519100
2009-08-11,36.909174176359244,37.055155107659075,36.58679749277413,36.62937545776367,8302200
2009-08-12,36.65369308743082,37.13421834304108,36.51379377003625,36.85441970825195,8219600
2009-08-13,36.91526377325956,36.91526377325956,36.525978111400946,36.690208435058594,8338200
2009-08-14,36.75102206954535,36.92133623411442,36.27658060610798,36.54421615600586,8961000
2009-08-17,36.25225626689785,36.61721326843893,36.24617469435187,36.38607406616211,12926100
2009-08-18,36.465148828041535,36.465148828041535,36.19143165398833,36.37390899658203,8803000
2009-08-19,36.355653160696505,36.79360053320252,36.30090973913325,36.72060775756836,10498900
2009-08-20,36.83009398270601,37.219379498257254,36.60503872908883,37.07339859008789,9955000
2009-08-21,37.45971240550556,37.66206353918145,37.165381995257796,37.42292022705078,12594000
2009-08-24,37.514884458874235,37.576202392578125,37.21442096981503,37.576202392578125,10500700
2009-08-25,37.416782071274795,37.70498156515147,37.312538755543564,37.49036407470703,10808100
2009-08-26,37.563957845037336,37.619144949681285,37.10406608604793,37.177650451660156,10865500
2009-08-27,37.14085076970651,37.238960898249516,36.76067431399362,37.091796875,11027900
2009-08-28,37.25122449629103,37.25122449629103,36.82812501076562,36.96915817260742,10897800
2009-08-31,36.815856405215236,37.15310978006258,36.766800178044164,37.06113052368164,10181300
2009-09-01,37.00594682921479,37.25122330929005,36.558319241337834,36.754539489746094,11890800
2009-09-02,36.588970330502065,36.80358778909363,36.46633445602615,36.64415740966797,8587000
2009-09-03,36.69323280256594,36.69323280256594,36.34984609288132,36.601253509521484,8722700
2009-09-04,36.61965913833267,37.00596664346805,36.56447201772317,36.987571716308594,7425300
2009-09-08,37.263503619453296,37.263503619453296,36.78521684774759,37.140865325927734,8792600
2009-09-09,37.2696112556775,37.48422872038368,37.19602926106968,37.3554573059082,9303100
2009-09-10,37.42905739855699,37.435188259385015,37.048878531567844,37.196044921875,8825300
2009-09-11,37.220576056540885,37.337081134748026,36.93237645255458,37.04888153076172,8480200
2009-09-14,36.999813079833984,37.23895634270689,36.920097879166455,36.999813079833984,6654400
2009-09-15,37.11632615536103,37.11632615536103,36.674831704819795,36.88331604003906,8321100
2009-09-16,36.98142890658529,37.00595468849768,36.631911368682324,36.90784454345703,10831200
2009-09-17,36.91398262945568,37.34321544799844,36.89558536667325,37.26350021362305,12261500
2009-09-18,37.42906089812909,37.5578300397311,37.22670738492824,37.269630432128906,14463600
2009-09-21,37.067278953184406,37.33708129610247,37.048881690870694,37.202178955078125,7237900
2009-09-22,37.32480750287463,37.508763704136015,37.00594899576089,37.45357894897461,9997200
2009-09-23,37.50264357761854,37.57622561135623,37.22057716568184,37.26350021362305,11175400
2009-09-24,37.33707103584026,37.40452218781679,37.15311483716879,37.23283004760742,9290700
2009-09-25,37.14086124792193,37.380004607517236,37.09180733937628,37.1715202331543,7883600
2009-09-28,37.220581254390986,37.73566022539798,37.06728396943808,37.570098876953125,8721100
2009-09-29,37.57622948914884,37.6620755938904,37.3309552383345,37.36161422729492,7556800
2009-09-30,37.416797142833055,37.45972019038549,36.99369752876023,37.33708190917969,11039300
2009-10-01,37.36160623523364,37.36160623523364,36.65030708350425,36.674835205078125,12207800
2009-10-02,36.68097294195785,36.91398546232829,36.43569635850151,36.62578582763672,9125400
2009-10-05,36.668693736168116,36.748408943741865,36.447945370043826,36.68095779418945,7113800
2009-10-06,36.840389069073154,37.12245539275676,36.38662826821392,36.96915817260742,11766000
2009-10-07,36.89557346073953,37.263488188965916,36.76680435846876,37.2266960144043,7271500
2009-10-08,37.44744057285448,37.57620966202168,37.3309355406265,37.36772537231445,9221000
2009-10-09,37.28803315715667,37.858299255371094,37.28803315715667,37.858299255371094,9247900
2009-10-12,37.95026421431798,38.47147623179341,37.93800015446948,38.34270477294922,12697200
2009-10-13,37.35545745029846,37.649790108126304,37.177634490902996,37.41064453125,23501200
2009-10-14,37.533294234574115,37.55169149327409,36.87718225977538,37.12858963012695,18951100
2009-10-15,37.05500010731844,37.36772537231445,36.96915404787364,37.36772537231445,14076600
2009-10-16,37.140853561816066,37.22669963835353,36.94463328997895,37.073402404785156,13911200
2009-10-19,37.165374941544286,37.69271770365959,37.048867568114794,37.502628326416016,11443300
2009-10-20,37.59460334074794,37.76629544330505,37.10405046636283,37.153106689453125,15725600
2009-10-21,37.15923775680082,37.45357041873933,36.963017541594795,36.981414794921875,12529900
2009-10-22,36.88330798842884,37.551683887272944,36.81585684482802,37.36772537231445,9926600
2009-10-23,37.31868352238542,37.43518859219698,36.86492262577381,37.12246322631836,10743900
2009-10-26,37.214443416704725,37.361609821142345,36.766815681105825,36.84653091430664,11809200
2009-10-27,36.975284800279844,37.03660508479929,36.754536454269214,36.803592681884766,10269600
2009-10-28,36.803599669473144,36.85265356727247,36.48474114682211,36.52766418457031,13837000
2009-10-29,36.68096199345401,36.80360024857722,36.490872581056536,36.70549011230469,13954500
2009-10-30,36.61350967591913,36.717753008166,36.043243795928255,36.208805084228516,20966900
2009-11-02,36.27012665970871,36.711621104963605,36.12296028520363,36.47861099243164,12297500
2009-11-03,36.81586735343222,36.81586735343222,36.055511980075444,36.13522720336914,17177000
2009-11-04,36.25785836405763,36.82812419755136,36.15974823889365,36.49700164794922,13928700
2009-11-05,36.67484222400986,36.913985607296986,36.59512698320386,36.779083251953125,9190300
2009-11-06,36.75455519135646,36.9998317762143,36.52767587079802,36.975303649902344,8518500
2009-11-09,37.04887485830113,37.25122833251953,36.969161979788,37.25122833251953,11773800
2009-11-10,37.24509765544367,37.64366906735981,37.159249238027854,37.54555892944336,11776500
2009-11-11,37.34320347026046,37.4474444563596,37.189906251317076,37.324806213378906,11179500
2009-11-12,37.18377427576335,37.66819406495005,37.17151021714887,37.49650192260742,13683100
2009-11-13,37.45969811957268,37.760161614540806,37.429039152117795,37.668182373046875,9950500
2009-11-16,37.680454069629576,38.232322613126875,37.655925955039535,38.134212493896484,13767500
2009-11-17,37.99319055537684,38.28752099992407,37.888949546302605,38.1219596862793,11421400
2009-11-18,38.060627213659046,38.31816771643032,37.98704521535135,38.213924407958984,11522100
2009-11-19,38.16487466148959,38.31817187241614,37.796959951788004,38.28137969970703,13298200
2009-11-20,38.20721125917857,38.701642511337134,38.14540823677157,38.51005172729492,16300200
2009-11-23,38.621320339697775,38.99832275637832,38.57805537100656,38.74492645263672,13868100
2009-11-24,38.89324243975793,39.183721882553755,38.72019206071425,39.047752380371094,9681200
2009-11-25,39.17135439979142,39.20843527058964,38.89323608063371,39.121910095214844,7186700
2009-11-27,38.639852370439385,38.99213490239622,38.324650721234875,38.868526458740234,6081200
2009-11-30,38.800540357084586,38.92414879647244,38.46680063566274,38.837623596191406,10815400
2009-12-01,38.90561952795562,39.344427374038325,38.90561952795562,39.2517204284668,12302300
2009-12-02,39.25170460046823,39.702873347871936,39.2084420053497,39.48038101196289,10896100
2009-12-03,39.5854576163586,40.00572493840533,39.474207887732575,39.6534423828125,12520100
2009-12-04,40.01188430661433,40.34562627248544,39.65342490499114,39.77703094482422,14992400
2009-12-07,39.85119548762434,40.024245821202776,39.67196343777012,39.78321075439453,9106500
2009-12-08,39.86356680309726,39.95009199723126,39.511284308331824,39.70905685424805,11073800
2009-12-09,39.80176162915425,39.80176162915425,39.57308521964092,39.789398193359375,8911600
2009-12-10,39.956260477588636,40.17257339125721,39.7955688637486,40.03042221069336,8841900
2009-12-11,40.0118988143006,40.27147913649888,39.99954009194349,40.07988357543945,7194100
2009-12-14,40.29619352880923,40.42598603771164,40.0798805394211,40.147865295410156,8172500
2009-12-15,40.00571340913057,40.0489760011997,39.832658325585165,40.01189041137695,10717800
2009-12-16,40.14168673370873,40.222034932706656,40.018080648701016,40.04898452758789,13333300
2009-12-17,39.826479857594876,40.03661109269173,39.68432865158857,39.84502029418945,10088900
2009-12-18,40.018064104926985,40.018064104926985,39.49891074655771,39.78321075439453,22171000
2009-12-21,39.95008996344106,40.17258465567866,39.6966961121683,39.75849914550781,11125400
2009-12-22,39.746141074840736,40.055160998520776,39.746141074840736,39.882110595703125,7124600
2009-12-23,39.88828558143905,40.07369467518872,39.88828558143905,39.90682601928711,6360400
2009-12-24,39.980997984506786,40.07370018649637,39.87592763013578,39.98717498779297,2433900
2009-12-28,40.11079114340614,40.166412472033734,40.03044293725031,40.13551330566406,5693500
2009-12-29,40.228215520043385,40.41981109872472,40.123149866899944,40.13551330566406,6661900
2009-12-30,40.03659901936703,40.19110889808658,39.88208914064749,40.116947174072266,5602100
2009-12-31,40.2467452242975,40.2467452242975,39.758493316540026,39.80793762207031,6962300
2010-01-04,39.99334817570102,40.1663985361959,39.807939096000226,39.97480773925781,9506200
2010-01-05,39.91301453364554,39.93773669340916,39.443302928676495,39.511287689208984,10673100
2010-01-06,39.49273785381764,39.88828288540505,39.44947526333991,39.83265686035156,13171500
2010-01-07,39.70906351241267,39.77086655926121,39.39386420126892,39.54837417602539,10901600
2010-01-08,39.50509410387903,39.715230041114054,39.32586439351727,39.684326171875,7898000
2010-01-11,40.018073924816136,40.018073924816136,39.56072582880787,39.690513610839844,7975700
2010-01-12,39.63488891889104,39.99953483666092,39.566904166684274,39.9006462097168,10820700
2010-01-13,39.88828402255268,40.31473293746811,39.88828402255268,40.1540412902832,13023800
2010-01-14,40.29619711663287,40.339459718362434,40.01808106483849,40.23439407348633,7899000
2010-01-15,40.25911040948535,40.296191286954766,39.54218436758288,39.9006462097168,20995000
2010-01-19,39.64108812667559,40.636132976789014,39.62254767976078,40.388916015625,15181800
2010-01-20,40.46306183140435,40.759718260915484,39.845022102109084,40.265289306640625,13033000
2010-01-21,40.215845887015774,40.46306272726108,39.43093513051664,39.53600311279297,14473900
2010-01-22,39.49893122128648,39.671984002202805,38.99213867513302,39.060123443603516,14017200
2010-01-25,39.350587604877845,39.36913039955812,38.96740364091219,39.072471618652344,10001700
2010-01-26,38.71402523465174,38.94269937458394,38.45444956623717,38.806732177734375,15630300
2010-01-27,38.800525203568405,39.38148393450783,38.75108326170371,39.208431243896484,14982400
2010-01-28,39.288797451682,39.59781741109912,38.961237049143115,39.430946350097656,17096000
2010-01-29,39.52364670915286,39.72141690404943,38.82526105685691,38.84998321533203,17844400
2010-02-01,39.097188261777234,39.097188261777234,38.794350145495706,38.992122650146484,10153400
2010-02-02,39.06012208996252,39.67815963135328,38.707839536128574,39.54837417602539,13609300
2010-02-03,39.47420256484312,39.47420256484312,39.11574069592534,39.32587432861328,9255900
2010-02-04,39.23934738313015,39.31969085849425,38.70165106725514,38.714012145996094,18397000
2010-02-05,38.7449136640311,39.3073297797533,38.25048230256676,38.714012145996094,16775200
2010-02-08,38.62748021840594,38.92413898356719,38.47914965700818,38.54713439941406,10081200
2010-02-09,38.65837068612756,39.22696825846062,38.60892875154369,38.78815841674805,11356400
2010-02-10,38.80671748154282,38.979767861617965,38.448253285519044,38.76963424682617,10115800
2010-02-11,38.70165775630863,39.066301390468766,38.479163015785815,38.880889892578125,8353600
2010-02-12,38.69546968654725,38.93650481532535,38.386449807060536,38.76345443725586,12335800
2010-02-16,39.09101998922937,39.37531775059139,38.825262668676,39.313514709472656,10212400
2010-02-17,39.32587374674478,39.77704252485679,39.313512667636054,39.54218673706055,9485500
2010-02-18,39.542189151182065,39.98717623808958,39.523648710204434,39.882110595703125,8260600
2010-02-19,39.95062549110586,40.14368232776922,39.62055636190354,39.73888397216797,14222300
2010-02-22,39.73887473789365,39.91947586963195,39.47731062790406,39.539588928222656,9839700
2010-02-23,39.58317476162925,39.76377585782977,39.37765997452945,39.42748260498047,12481400
2010-02-24,39.57693959900812,39.76376968283871,39.390109515177535,39.51466369628906,8519300
2010-02-25,39.10365427437284,39.452403288649855,38.935506410057364,39.408809661865234,10528900
2010-02-26,39.52091296748415,39.60187358791882,39.234439849853516,39.234439849853516,9357800
2010-03-01,39.402586211754524,39.52091144037553,39.34030790010557,39.477317810058594,9219400
2010-03-02,39.427487518684316,39.63299995572261,39.24688402430207,39.508445739746094,9014000
2010-03-03,39.60187626658728,39.701519200141036,39.37145242818329,39.483551025390625,9360400
2010-03-04,39.56448611769387,39.67035800894281,39.46484324246321,39.58939743041992,8067200
2010-03-05,39.645461601874715,39.90079671413221,39.576956653958774,39.88211441040039,10633600
2010-03-08,39.90701366655388,40.112528448164035,39.86964431904004,39.98174285888672,33380500
2010-03-09,40.19971259309961,40.19971259309961,39.91323487328402,40.025333404541016,8827100
2010-03-10,40.1623516732412,40.20594529168864,39.95061259831019,40.03779983520508,8436600
2010-03-11,39.950623288832496,39.99421691894531,39.60809851555373,39.99421691894531,9957800
2010-03-12,40.0191181382141,40.0191181382141,39.76378068963651,39.969295501708984,8223000
2010-03-15,39.94437137168374,40.212162017822266,39.90077776656103,40.212162017822266,7444700
2010-03-16,40.293133027546055,40.30559106231277,40.00043572940181,40.18726348876953,8882000
2010-03-17,40.30559084164901,40.31804412499943,40.156127684703485,40.26199722290039,8060700
2010-03-18,40.21840006737676,40.57337800349846,40.08761922263169,40.51732635498047,11742100
2010-03-19,40.5484733581543,40.78512377071689,40.36164083415594,40.5484733581543,23117600
2010-03-22,40.52355021674755,40.75397629561296,40.46750332670701,40.542232513427734,8803800
2010-03-23,40.592075454217095,40.7228563477783,40.399018623438565,40.70417404174805,9453900
2010-03-24,40.67303648797443,40.67303648797443,40.32428741455078,40.32428741455078,9312500
2010-03-25,40.504863974223284,40.63564478959141,40.18725070755977,40.212162017822266,10496600
2010-03-26,40.28068553439883,40.3055968561651,40.06271740812993,40.09385299682617,9450400
2010-03-29,40.14368078691457,40.4363829160077,40.10631617514929,40.36787796020508,7812900
2010-03-30,40.448822044191644,40.467509094882516,40.20594265003549,40.417686462402344,8311600
2010-03-31,40.38032176970964,40.67302383010531,40.2931345284873,40.60451889038086,11939100
2010-04-01,40.710391864076634,40.959495544433594,40.6294288917473,40.959495544433594,10600600
2010-04-05,40.959497777525506,41.034231736515935,40.71661834999211,40.72907638549805,8617600
2010-04-06,40.56092086102855,40.76020664092527,40.47996264622131,40.67301940917969,8260100
2010-04-07,40.62942715990089,40.78511932916162,40.529786642274956,40.616973876953125,9409400
2010-04-08,40.59829586782922,40.59829586782922,40.33672938480092,40.43637466430664,8962600
2010-04-09,40.40523653299687,40.58584004845171,40.342960605579364,40.56715774536133,6972700
2010-04-12,40.5484733581543,40.61074928237093,40.43637479402497,40.5484733581543,8692200
2010-04-13,40.51732791387255,41.00931573046989,40.42391641499471,40.903446197509766,12481600
2010-04-14,40.7477649375669,40.85363449886434,40.59207272930038,40.78512954711914,10501900
2010-04-15,40.66057464044661,40.816266837070465,40.56092935395994,40.797584533691406,8656900
2010-04-16,40.691702163962546,40.88476368042895,40.41145816612282,40.49241638183594,15742500
2010-04-19,40.517335336696874,41.16501543854353,40.517335336696874,41.121421813964844,14626300
2010-04-20,41.12140407797003,41.2272735846632,40.93457637521972,41.096492767333984,11916400
2010-04-21,41.09029070549278,41.09029070549278,40.52356877283607,40.72285461425781,13355700
2010-04-22,40.592064978901774,40.62942958131985,40.062712522136735,40.34295654296875,19583000
2010-04-23,40.29937176610436,40.504886627197266,40.06272131328023,40.504886627197266,11674900
2010-04-26,40.473731865604925,40.6045127075244,40.305586426379186,40.33049774169922,9281500
2010-04-27,40.2121777558443,40.405234546752865,39.98798062708344,40.03157424926758,11862200
2010-04-28,40.12499667937559,40.39278747148463,40.01289809776369,40.243324279785156,12476600
2010-04-29,40.386560753644595,40.69171617322693,40.386560753644595,40.4862060546875,7930100
2010-04-30,40.56092364485105,40.691704501445315,40.044029235839844,40.044029235839844,14255900
2010-05-03,40.57961248201042,40.86608552591595,40.19349416126037,40.685482025146484,15310500
2010-05-04,40.523558910281224,40.654339766446036,40.112534041098705,40.29313278198242,14895700
2010-05-05,40.21840875074436,40.66057401216193,40.13122150209012,40.56715774536133,13143700
2010-05-06,40.50489168823528,40.54225630352111,37.38481802542271,39.483551025390625,24410000
2010-05-07,39.39634227311169,39.60808370118099,38.6677041203188,39.42748260498047,20467100
2010-05-10,40.423932722014555,40.7041768343943,39.857210726351354,40.32428741455078,18445400
2010-05-11,40.00042962455587,40.53600625408239,39.96928929373981,40.274444580078125,10879000
2010-05-12,40.3865461292653,40.51110271046573,40.162349034452276,40.417686462402344,11036800
2010-05-13,40.38031410269689,40.57960461776383,40.17480407389205,40.274444580078125,12337000
2010-05-14,40.29935990423226,40.34918253795633,39.48976111160763,39.8385124206543,12505100
2010-05-17,39.89456307350543,40.006661634257284,39.35898396462611,39.782466888427734,10260800
2010-05-18,39.508443678805776,39.58317762989767,39.141010067462794,39.21574401855469,18480900
2010-05-19,39.04135680909859,39.20950459089931,38.64278534512946,38.7486572265625,18863200
2010-05-20,38.49954972858377,38.51200538406854,37.70863342285156,37.70863342285156,24098700
2010-05-21,37.229114640452465,37.96398194614354,37.060966795013904,37.914161682128906,21813000
2010-05-24,37.75225308467039,38.269152453506166,37.49691791019158,37.72111511230469,13993300
2010-05-25,37.185530909782585,37.62146962032136,36.836781841891444,37.584102630615234,21179000
2010-05-26,37.88302141761995,37.88302141761995,37.1481541565943,37.154380798339844,18914100
2010-05-27,37.54402276559672,37.63828987850544,36.89671041623202,37.097816467285156,29926600
2010-05-28,36.90298355554587,37.15436483366457,36.5698998259143,36.63903045654297,26815900
2010-06-01,36.58248024386333,37.33662909961487,36.167698732805945,36.928131103515625,19508400
2010-06-02,37.12295347601957,37.53773498535156,36.884139153260804,37.53773498535156,15581800
2010-06-03,37.63829947345042,37.801699679944164,37.424623940063555,37.56288528442383,14254200
2010-06-04,37.0538100679454,37.09780184944314,36.29966147497064,36.4567756652832,21785400
2010-06-07,36.55734848902171,36.79616285915359,36.45051193237305,36.45051193237305,13843300
2010-06-08,36.544779546475745,36.89671397103918,36.36880993682056,36.85272216796875,14941500
2010-06-09,36.95328653450045,37.04127016762052,36.412812905478084,36.55735778808594,13173000
2010-06-10,36.9029898309113,37.1606570632885,36.670459052459755,36.76472854614258,16995200
2010-06-11,36.557344206873346,36.752166748814794,36.412799377964525,36.73959732055664,14713000
2010-06-14,36.89043189680522,37.14181329597788,36.68932581851766,36.71446228027344,10524000
2010-06-15,37.03497861946377,37.179523470729634,36.796164240367546,37.166954040527344,11103200
2010-06-16,37.236084694390534,37.44347669659233,36.94070907817841,37.229801177978516,8636300
2010-06-17,37.25492618570716,37.355479198996775,36.85900004440162,37.192081451416016,11723100
2010-06-18,37.192081451416016,37.26121209756005,36.98468951298392,37.192081451416016,16838200
2010-06-21,37.39318818818012,37.58172479200727,37.02868200972437,37.16065979003906,12143600
2010-06-22,37.2360770642358,37.7639810374971,37.15437698337889,37.17951583862305,13823800
2010-06-23,37.179523457187656,37.3429212550106,36.896717271173245,37.229801177978516,12659500
2010-06-24,37.09782665644368,37.66972259570846,37.09782665644368,37.45604705810547,18216100
2010-06-25,37.6194288847487,37.62571239864864,36.84642721692995,36.890419006347656,45006900
2010-06-28,37.08524800445912,37.57544611435871,36.95955851731012,37.36177062988281,15834300
2010-06-29,37.06640098278189,37.3429212550106,36.87786432456351,37.229801177978516,20236500
2010-06-30,37.10410308776687,37.46232339787515,37.04125594725551,37.11667251586914,15802100
2010-07-01,37.122962951660156,37.2360854282955,36.85901210442682,37.122962951660156,17973500
2010-07-02,37.342915028974645,37.44975396915556,36.98469471887227,37.129241943359375,10534400
2010-07-06,37.393192741382904,37.45603748451995,36.87157226332696,37.129241943359375,15461100
2010-07-07,37.28635790907863,38.14734339589474,37.104104789297786,38.090782165527344,17280000
2010-07-08,38.29190457340287,38.79466994827379,38.10965137583265,38.574710845947266,15895900
2010-07-09,38.3170278048814,38.37987255207886,37.94623804272017,38.046791076660156,12174000
2010-07-12,38.00908494903739,38.04679323792195,37.74513411896613,37.83940124511719,10797200
2010-07-13,38.07821727348304,38.310745738308654,37.98394774584834,38.02165603637695,10924500
2010-07-14,37.80797152406582,38.13476943878483,37.73884087322888,38.09706115722656,9668500
2010-07-15,38.0970640033021,38.17876408742861,37.64457657766493,37.870819091796875,12839300
2010-07-16,37.70742464994023,37.826830631610584,37.236081841815974,37.35548782348633,17569900
2010-07-19,37.5314605378884,37.575452345159974,37.31149910415683,37.437191009521484,10277500
2010-07-20,36.733306188053575,36.934412203735874,36.45050010432135,36.815006256103516,22304800
2010-07-21,36.95328453124233,36.95328453124233,35.7403618892707,35.89747619628906,25707600
2010-07-22,36.09229256725913,36.211698556918165,35.73407220090837,35.834625244140625,17972900
2010-07-23,35.99802182302316,36.224266761988154,35.82205460266086,36.21798324584961,15076600
2010-07-26,36.23055957358163,36.45680215824828,36.123720599896174,36.2871208190918,11775200
2010-07-27,36.41908052219921,36.72702308339657,36.21168857915475,36.51334762573242,16964000
2010-07-28,36.53849769963878,36.60762836854974,36.23055504387469,36.34367752075195,13502100
2010-07-29,36.51335883869412,36.62019779902207,36.26826093791796,36.34367752075195,13031000
2010-07-30,36.21799033172122,36.676763815546536,35.9917453484925,36.507080078125,12978000
2010-08-02,36.76474995673385,37.003564388401344,36.70818870705929,36.903011322021484,11455600
2010-08-03,36.92186156460053,37.456049241053655,36.89672270050593,37.29893493652344,10855100
2010-08-04,37.31148321208714,37.66341991773313,37.22349963501881,37.54401397705078,10508800
2010-08-05,37.41204620481279,37.63829111904782,37.399476776536034,37.55659103393555,9796700
2010-08-06,37.4057612746302,37.707420349743366,37.23607759537157,37.682281494140625,8524100
2010-08-09,37.70741201723036,37.864526233968824,37.5754366505395,37.738834381103516,6674700
2010-08-10,37.33662796078931,37.58801170416327,37.01611596549191,37.34919738769531,13550800
2010-08-11,37.02867929265798,37.04753462981824,36.639036687023086,36.76472854614258,11470100
2010-08-12,36.54478475485618,36.89671922957749,36.513359979007085,36.777313232421875,8240500
2010-08-13,36.75845623763035,36.75845623763035,36.48821949722364,36.54478073120117,8546700
2010-08-16,36.44420863974582,36.51962277983161,36.11741083621101,36.4567756652832,8751200
2010-08-17,37.03497860866866,37.380629548323114,36.76474185283231,37.21723175048828,13479100
2010-08-18,37.36806561409658,37.59431059619993,37.097828818514685,37.29893493652344,10534900
2010-08-19,37.185815173020075,37.192101088191805,36.701905189261765,36.903011322021484,11949700
2010-08-20,36.890434259377884,37.02240968219865,36.75845883655712,36.91557312011719,11286200
2010-08-23,37.06638405379595,37.29891241281898,36.95954754197033,36.99725341796875,8842900
2010-08-24,36.76472053313964,36.88412645472316,36.362508589519045,36.4567756652832,14930400
2010-08-25,36.4505081186009,36.57620000538109,36.34995508865142,36.43793869018555,11675000
2010-08-26,36.576205281993865,36.58877471222252,36.31225204193931,36.32482147216797,12834100
2010-08-27,36.44535214611176,36.71813739131539,36.15353616007422,36.54050827026367,11674800
2010-08-30,36.5405038542706,36.667381091122074,36.32481327761767,36.350189208984375,9240100
2010-08-31,36.31848110758148,36.439013186788415,36.15988512021213,36.17257308959961,14563100
2010-09-01,36.58490230543136,37.02262855323538,36.43899436282385,36.97822189331055,11603700
2010-09-02,37.12414543503877,37.29542937528378,36.9845802052134,37.18124008178711,8079700
2010-09-03,37.33348732891988,37.4286458711615,37.111453956999114,37.384239196777344,7533400
2010-09-07,37.30176825528122,37.40961476342839,37.19392416711627,37.23833084106445,5625100
2010-09-08,37.060703216280935,37.447677750525386,37.060703216280935,37.33348846435547,8412500
2010-09-09,37.67605206304122,38.08205729241511,37.593581494580256,37.94883728027344,14077700
2010-09-10,38.02497043748723,38.06303434302397,37.91712633510695,38.05034637451172,8358800
2010-09-13,38.10109064015266,38.30409325584592,38.01227487830255,38.266029357910156,10706600
2010-09-14,38.33582592755317,38.67839387383535,38.22163661212577,38.43098449707031,9912900
2010-09-15,38.488063274113635,38.792569622078275,38.380219191695325,38.729129791259766,9111500
2010-09-16,38.58322462656792,38.94482321868941,38.5451607252985,38.881385803222656,10496300
2010-09-17,39.07170515000618,39.15417573597794,38.77988913193083,39.059017181396484,12240600
2010-09-20,39.10976889382927,39.477710302056096,39.02095311392929,39.38889694213867,10991500
2010-09-21,39.24299367316979,39.47771506986832,39.20492976290131,39.29374313354492,9449200
2010-09-22,39.31910217174083,39.64898199231471,39.26835273318121,39.31275939941406,9353300
2010-09-23,39.097076280498946,39.3317976209645,39.059012379349554,39.211265563964844,8393800
2010-09-24,39.319111015274665,39.585553492580985,39.22395488907997,39.42061233520508,12636900
2010-09-27,39.47136073398297,39.5347981458673,39.2873888515434,39.350826263427734,7687600
2010-09-28,39.306422557912455,39.712427832574114,39.13513862891788,39.604583740234375,12132800
2010-09-29,39.52846145629883,39.680712236246244,39.414272161347014,39.52846145629883,9590000
2010-09-30,39.64265597161003,39.77587602660279,39.0463334816719,39.30643081665039,12845600
2010-10-01,39.38888161211687,39.490382901087465,39.059001817967015,39.17319107055664,9773200
2010-10-04,39.039983622186504,39.31911165151627,38.88773042983602,39.12245178222656,8703600
2010-10-05,39.382558686528675,39.92812687718777,39.33814958149199,39.83931350708008,12439400
2010-10-06,39.89638935272156,40.13111063734277,39.64898010406924,40.09939193725586,11339800
2010-10-07,40.15014626035239,40.28336626089198,39.96617440057,40.10573959350586,9826600
2010-10-08,40.20724961117813,40.21359238496802,39.98521380881392,40.112091064453125,7354800
2010-10-11,40.131106770915835,40.16282788792828,39.99154401998322,40.1564826965332,6172100
2010-10-12,40.048648990358444,40.245306414751546,39.94714768164463,40.150150299072266,8707400
2010-10-13,40.23897458664898,40.46735319836929,40.150161219865026,40.33413314819336,10104700
2010-10-14,40.467341873922976,40.47368464692568,40.213587394137534,40.43562316894531,8632700
2010-10-15,40.587871283740576,40.600559248903686,40.05498884679944,40.32777404785156,13265100
2010-10-18,40.403910373836,40.58788228860981,40.124782324511386,40.511756896972656,10814100
2010-10-19,39.89639581729667,40.39121439477878,39.64898652855562,40.150150299072266,17235400
2010-10-20,40.16918649253182,40.61959845985911,40.004247750969164,40.3468132019043,10206800
2010-10-21,40.51175244559262,40.740131015392706,40.29606184300168,40.59422302246094,11111700
2010-10-22,40.65131780244127,40.67669373694542,40.37218736286024,40.48003387451172,6774800
2010-10-25,40.62593544725413,40.746469907107944,40.505400987400314,40.58787155151367,7794700
2010-10-26,40.50541961881167,40.56885947422641,40.353168805782396,40.49907684326172,7122900
2010-10-27,40.33411924042407,40.40389941884832,40.143802182959305,40.32777404785156,11916100
2010-10-28,40.562505790572345,40.67035231221788,40.28972051932971,40.321441650390625,10116000
2010-10-29,40.37218333900792,40.49906057890064,40.169180723172396,40.43562316894531,9309900
2010-11-01,40.52443843379111,40.657656033025745,40.16283985592707,40.40390396118164,9356000
2010-11-02,40.562509883917386,40.7274486501592,40.422947057092095,40.52444839477539,8632100
2010-11-03,40.594226405529916,40.72744402237241,40.315095943630865,40.72110366821289,9322100
2010-11-04,40.8035608061537,41.1841900713676,40.75280894680153,41.08269119262695,11337400
2010-11-05,41.07634634028042,41.1334385525515,40.66399594956672,41.012908935546875,9276500
2010-11-08,40.95582686491136,40.98754799886356,40.66401082442001,40.80992126464844,8484400
2010-11-09,40.89874116913956,40.917771916566615,40.66401732428458,40.797237396240234,9218500
2010-11-10,40.752813301407635,40.816250712394556,40.31508935764086,40.568843841552734,10795400
2010-11-11,40.41025712623688,40.56885310991914,40.33413173166454,40.54981994628906,9109500
2010-11-12,40.40390042885919,40.65765247851895,40.28971115951861,40.391212463378906,12944800
2010-11-15,40.670346091315096,41.03828985949503,40.58787551913991,40.68937683105469,12729400
2010-11-16,40.37852592290394,40.56884056045466,39.74414218441358,40.054988861083984,15651000
2010-11-17,40.04864861425576,40.15014992201637,39.91542618158454,40.004241943359375,7416900
2010-11-18,40.26435816137668,40.600580947957326,40.156511609842404,40.49273681640625,9400100
2010-11-19,40.53079831225571,40.740146219360554,40.37854748889146,40.49273681640625,12889800
2010-11-22,40.28338311367444,40.486385795609294,40.02328577619649,40.3595085144043,11179200
2010-11-23,39.959848218419665,40.124786989473264,39.74415756705243,39.88372039794922,14766500
2010-11-24,39.98520915992351,40.27702753996006,39.92177174947065,40.150150299072266,9591400
2010-11-26,39.99019751376031,40.03498633971108,39.75985358555178,39.86222839355469,4638800
2010-11-29,39.548706632192165,39.6766733116555,39.279971235541666,39.61268997192383,12019300
2010-11-30,39.33754684867388,39.55509356354973,39.19038325343541,39.3823356628418,12633500
2010-12-01,39.78544202180185,39.97739445335666,39.55509812761304,39.939002990722656,15364700
2010-12-02,39.91980226408583,40.23332639142714,39.84302179158055,40.054168701171875,10160400
2010-12-03,39.9965970436109,40.16295764115559,39.81744173007792,40.02859115600586,9882800
2010-12-06,39.86862379200692,39.97739594565216,39.798240661621094,39.798240661621094,8989000
2010-12-07,40.02859408069367,40.14376605946793,39.8302417970695,39.86863327026367,9528800
2010-12-08,39.811042541578274,40.028589315497584,39.759853916746444,39.95820617675781,7871900
2010-12-09,39.94539369332651,40.28450965988916,39.510300312435135,39.70865249633789,12965600
2010-12-10,39.79184527581886,39.88142536857433,39.47192369554462,39.61268997192383,11457300
2010-12-13,39.5615092189588,39.65108688320275,39.38875124899905,39.58070373535156,13672100
2010-12-14,39.689456137202384,40.27171310543528,39.59987851759841,40.162940979003906,13491200
2010-12-15,40.26533234340196,40.41249598494121,39.951808104777925,40.03498840332031,11534100
2010-12-16,40.1501564300939,40.175750741102185,39.695868393332134,39.926212310791016,11141100
2010-12-17,39.83024533370549,40.01580047607422,39.657487350204455,40.01580047607422,15961000
2010-12-20,40.015783014122924,40.08616613677741,39.817430799442775,39.98379135131836,8907000
2010-12-21,40.175735727948656,40.1821330829062,39.849414486554664,39.8878059387207,7908200
2010-12-22,39.88142338507044,39.92621220881662,39.61908535911732,39.68307113647461,8850100
2010-12-23,39.68306710114553,39.964597170465595,39.68306710114553,39.830230712890625,7229500
2010-12-27,39.79184260316625,39.82383671169113,39.55510133309047,39.625484466552734,5163700
2010-12-28,39.70866267611097,39.86222364943561,39.60628788029198,39.70226287841797,6354200
2010-12-29,39.74705250320291,39.951802098983386,39.740655146188146,39.75345230102539,4968700
2010-12-30,39.734260339313806,39.791846322910814,39.60629365648313,39.63188552856445,5770100
2010-12-31,39.606285334040834,39.72785463350791,39.510307901277486,39.57429122924805,4981400
2011-01-03,40.07336936353475,40.425282539337175,40.00938359651139,40.19493865966797,14894800
2011-01-04,40.393278595358694,40.53404235839844,40.150137636207575,40.53404235839844,12346300
2011-01-05,40.57245196332548,40.65563225198624,40.278124715212385,40.50846862792969,11837900
2011-01-06,40.58523567210655,40.649218986303765,40.24611971340873,40.4444694519043,7606000
2011-01-07,40.4380759453127,40.47006760545597,40.028576837541586,40.054168701171875,11084800
2011-01-10,39.85582432321401,39.926207449513264,39.67026925220826,39.77264404296875,9775000
2011-01-11,39.81103735626775,39.89421519957375,39.670271097122736,39.8430290222168,7372800
2011-01-12,39.95819693591539,40.23332962873857,39.87501666020416,39.99018859863281,8312700
2011-01-13,40.02857744965795,40.2973103279395,39.89420856970993,40.25252151489258,9489700
2011-01-14,40.27812450113531,40.29092165630801,39.83023383332194,40.022186279296875,11274700
2011-01-18,39.81103585403709,40.047777102096056,39.676666956829095,39.7342529296875,13944900
2011-01-19,39.702269759718696,40.06058282759273,39.67667544612596,40.02859115600586,9596700
2011-01-20,40.13735880362061,40.37410007564973,40.0157894889695,40.22053909301758,11518600
2011-01-21,40.47008266131205,40.47008266131205,39.96460594425428,40.09257507324219,12932200
2011-01-24,40.028570383184466,40.13094514361995,39.77263226169234,39.8110237121582,11373000
2011-01-25,38.960036098285705,39.43352094628785,38.84486417419889,39.081607818603516,28056700
2011-01-26,39.14560822340226,39.19039705334143,38.774497985839844,38.774497985839844,20262100
2011-01-27,38.8000816568945,39.05601984988916,38.774487349433535,38.82567596435547,11219500
2011-01-28,38.97284387781251,39.03042985555958,38.39058674317336,38.3969841003418,15298800
2011-01-31,38.49295804785682,38.53134950980434,38.19223103128677,38.2434196472168,19056200
2011-02-01,38.19863542050716,38.86407286274391,38.19863542050716,38.7936897277832,14780500
2011-02-02,38.68492527963475,38.876877781212194,38.56975329052658,38.78730010986328,9994200
2011-02-03,38.81287293976712,39.01122513137548,38.76808412888896,38.90245056152344,10078900
2011-02-04,38.99203814408209,39.02403225214573,38.80648549767484,38.92805480957031,9725500
2011-02-07,38.95363490302201,39.02401800978231,38.806471334708135,38.947235107421875,8217000
2011-02-08,38.99202346801758,39.02401756403908,38.87045420187912,38.99202346801758,7867600
2011-02-09,38.98564309737448,38.99204045488168,38.80008799916286,38.953651428222656,8541500
2011-02-10,38.80007120281729,39.07520383187371,38.65930499051675,38.985626220703125,8627500
2011-02-11,38.864068581904135,39.13919885246946,38.71690253002856,38.83847427368164,9630800
2011-02-14,38.832074476222225,39.01762954962397,38.80648260880731,38.83847427368164,8130800
2011-02-15,38.77450295098365,38.838488745381795,38.69772243851437,38.78730010986328,8572800
2011-02-16,38.780883084492054,38.8640633546235,38.71049996675062,38.723297119140625,9426400
2011-02-17,38.6273331607506,38.985646230144496,38.6017412878574,38.89606857299805,7133700
2011-02-18,38.96005234792517,39.17120177708722,38.74250556067099,39.1008186340332,12393000
2011-02-22,38.825671100805124,39.02402329756951,38.67850751255047,38.80647659301758,11050500
2011-02-23,38.87686654347775,39.08161858555775,38.62732811947772,38.6401252746582,12100300
2011-02-24,38.69130333713971,38.71049784426867,38.4097708816103,38.550537109375,11766700
2011-02-25,38.68611986934308,38.70549042980899,38.3245689123952,38.50534439086914,11863700
2011-02-28,38.69258460854051,39.67394195907538,38.58928396442535,39.667484283447266,20031000
2011-03-01,39.5448082693586,39.70621565004986,39.12514809440886,39.18971252441406,14035300
2011-03-02,39.060588507216345,39.338209415951034,38.97020076258297,39.26073455810547,10264600
2011-03-03,39.46087761804979,39.51252916450986,39.2607340327203,39.41568374633789,7802700
2011-03-04,39.570632703782096,39.570632703782096,38.957284185311664,39.42213821411133,11432700
2011-03-07,39.441516296641545,39.44797150961758,38.931468270674834,38.99603271484375,9584000
2011-03-08,39.04768770129633,39.376960259055096,38.957299928698106,39.19618225097656,8881800
2011-03-09,39.21554689925463,39.42214819483173,38.94438115950862,38.99603271484375,10082600
2011-03-10,38.828156191420895,38.93145680879653,38.35039175963897,38.4859733581543,14852300
2011-03-11,38.24709305148977,38.65383786733974,38.163160526031994,38.53762435913086,10426600
2011-03-14,38.40850200766571,38.40850200766571,38.040490907949156,38.17607498168945,11775000
2011-03-15,37.956566205678904,37.988847194319284,37.45943109939605,37.75642013549805,16016800
2011-03-16,37.8145201299273,37.8145201299273,37.12369675260497,37.22699737548828,16995600
2011-03-17,37.5820980002923,37.69185631175058,37.38195440279774,37.53044891357422,12456000
2011-03-18,37.80807801998596,37.89200811193183,37.51108647126021,37.81453323364258,14371900
2011-03-21,37.87909205918236,38.19545168534683,37.87909205918236,37.98239517211914,10692700
2011-03-22,37.96302106944973,38.18899291361929,37.89845909276217,37.956565856933594,10151800
2011-03-23,37.911380767822266,38.021136646206784,37.769341430729725,37.911380767822266,9899800
2011-03-24,38.079218811415785,38.14378322421864,37.917811473729444,38.11149978637695,8655800
2011-03-25,38.09860317757795,38.15025472988311,37.866178580849436,38.0792350769043,8077400
2011-03-28,38.07923574502264,38.28583703210507,38.07923574502264,38.247100830078125,8382500
2011-03-29,38.07924348099663,38.29230248695521,38.04696248512227,38.234195709228516,9280300
2011-03-30,38.31165286779075,38.56344796715779,38.24709090591032,38.33747863769531,10736400
2011-03-31,38.22773333387067,38.544092965473666,38.22773333387067,38.25355911254883,9680200
2011-04-01,38.498888408814736,38.5053436202534,38.13087978478286,38.40850067138672,9908000
2011-04-04,38.414961204244406,38.85398952932343,38.389135429149995,38.83462142944336,9415100
2011-04-05,38.576373031085126,38.71195467156719,38.402052723516,38.6086540222168,10557700
2011-04-06,38.54408291305601,38.673209309888456,38.4795184831992,38.51825714111328,10011200
2011-04-07,38.55700987304064,38.58283319152818,38.25356309915295,38.40205764770508,9232900
2011-04-08,38.56345756398173,38.595738552955325,38.29229430114562,38.389137268066406,7853200
2011-04-11,38.44077959356022,38.84752439018102,38.41495382342782,38.64738082885742,9845800
2011-04-12,38.51825635568347,38.78942202979036,38.51825635568347,38.699031829833984,9208000
2011-04-13,38.51824609309191,38.70547919165165,38.421400707525024,38.47950744628906,10509000
2011-04-14,38.44723239329186,38.81524097451404,38.40849620340374,38.75067901611328,10436200
2011-04-15,38.89273341406435,39.35112990057202,38.72486831629306,39.099334716796875,18608500
2011-04-18,39.028323380394454,39.506088071271094,38.802351464108625,39.0347785949707,20034800
2011-04-19,40.02903052226426,40.59072751901833,39.89990412477749,40.47451400756836,26083100
2011-04-20,40.81025824728762,41.668947046225455,40.79089014179892,41.57210159301758,26732100
2011-04-21,41.197631139764965,41.513990769492075,41.17180536123994,41.36549377441406,11688100
2011-04-25,41.09431885052617,41.44941212171388,41.00392865128732,41.39130783081055,7226900
2011-04-26,41.36549855454436,42.15962532722532,41.36549855454436,41.933650970458984,14500000
2011-04-27,40.96519696199452,42.35329906833582,40.932915975871495,42.33393096923828,23777500
2011-04-28,42.21772323980406,42.44369263654238,41.92073418612463,42.211265563964844,13091400
2011-04-29,42.34683969498073,42.59218207574367,42.2241734303618,42.4307746887207,12100000
2011-05-02,42.55990198753595,42.81169713710645,42.48888233757884,42.747135162353516,15456200
2011-05-03,42.682577325609884,42.908546722034,42.61801534459777,42.779422760009766,13105500
2011-05-04,42.61156133873049,42.81816265122105,42.20481639013577,42.398502349853516,13408900
2011-05-05,42.25646294674461,42.359766065683104,41.83680757190751,41.972389221191406,14925200
2011-05-06,42.12732929155802,42.2887366834797,42.04339922103332,42.14023971557617,11904600
2011-05-09,42.03695156151662,42.45661186565029,42.01112578156459,42.372676849365234,9003100
2011-05-10,42.35976999644742,42.48244123012917,42.146710988188886,42.45661544799805,9693100
2011-05-11,42.81815725776585,43.089320522672764,42.48888476422847,42.97956466674805,19986100
2011-05-12,42.63738855402184,43.49607728906251,42.495349223321696,43.37986373901367,15622200
2011-05-13,43.3152902432866,43.418593350196176,42.579272846727235,43.01184844970703,11700900
2011-05-16,42.87625912170211,43.1215965679396,42.73421983807322,42.850433349609375,11513200
2011-05-17,42.76004473280658,42.92145211075264,42.521160040171985,42.86980056762695,10784100
2011-05-18,42.721305388916996,42.94082199344744,42.572813353459246,42.934364318847656,9028400
2011-05-19,42.95373766694561,42.95373766694561,42.514709329986545,42.86334991455078,9685100
2011-05-20,42.77295075446103,42.82460229227188,42.1466894043493,42.411399841308594,12367000
2011-05-23,42.08860048664666,42.41141532719278,42.017580827665434,42.32748031616211,12020200
2011-05-24,42.44367954043376,42.76004152401651,42.28872984844668,42.469505310058594,11017700
2011-05-25,42.79878616333008,42.99247208510379,42.656746865238304,42.79878616333008,14767100
2011-05-26,42.714123829951966,42.8378589765193,42.5122443537504,42.66202926635742,12044100
2011-05-27,42.844365068307255,43.61281564061501,42.720629943665266,43.482566833496094,16385700
2011-05-31,43.83423898204566,43.85377506447865,43.62584582195238,43.82121658325195,16473800
2011-06-01,43.645383493626895,43.82121817889608,43.280696692305675,43.293724060058594,11003400
2011-06-02,43.267674293037786,43.4760674607192,43.16347522495456,43.293724060058594,9582900
2011-06-03,42.87693419314087,43.21557620727519,42.85088939373226,43.03974151611328,10364900
2011-06-06,42.89646949292641,43.124398720825,42.87692844326264,43.01369094848633,8397400
2011-06-07,42.981124528491776,43.16346789820063,42.65550994873047,42.65550994873047,10426800
2011-06-08,42.64901508192564,43.13092844989235,42.447135543323014,43.07231521606445,10020300
2011-06-09,43.196046358955755,43.81471228816312,43.091847272339066,43.489097595214844,14054500
2011-06-10,43.300234226566175,43.423969381940466,43.03974151611328,43.03974151611328,9312900
2011-06-13,43.189522922257154,43.60630923764685,43.150450757840865,43.365352630615234,8146200
2011-06-14,43.5998014846285,43.86680789375141,43.46955760653494,43.697486877441406,11389100
2011-06-15,43.63235730288464,43.63235730288464,42.79227102128259,43.0853271484375,12623500
2011-06-16,42.78574654628925,43.209046421978215,42.63596664731958,43.189510345458984,11683900
2011-06-17,43.39140228060137,43.59979543774014,43.10486479483855,43.169986724853516,14336400
2011-06-20,43.03322655643845,43.46303524310863,43.02671287328883,43.313255310058594,9309200
2011-06-21,43.319756567103155,43.46954144285177,43.08531866740507,43.30022048950195,9811500
2011-06-22,43.28720700639558,43.38489238299782,43.013691926697035,43.02671432495117,7988100
2011-06-23,42.68157350741735,42.811817394027294,42.12802953659636,42.766231536865234,16234800
2011-06-24,42.701093392803536,42.72714315393942,42.21918523299929,42.36896514892578,13186200
2011-06-27,42.51875988069442,42.72715304956158,42.329902795082766,42.49271011352539,7199500
2011-06-28,42.71411777038712,43.05927339508452,42.57736024444323,42.922515869140625,7724600
2011-06-29,43.13091934731294,43.36535732768836,42.93554856710054,43.183013916015625,9227000
2011-06-30,43.25464506777808,43.573750973715654,43.14393728905761,43.319766998291016,9747200
2011-07-01,43.2937167443095,43.86679661647341,43.15695424843906,43.82772445678711,9216500
2011-07-05,43.821218330802616,44.06868366563057,43.79516856369151,44.03612518310547,9773600
2011-07-06,44.04262647834715,44.120775766514114,43.87331047337838,43.99053192138672,7100400
2011-07-07,44.16635391885354,44.31613878630509,43.892838910620284,44.231475830078125,8415200
2011-07-08,44.15984508093329,44.27706652138851,43.756086205963896,44.0035514831543,7866100
2011-07-11,43.554210382470266,43.899366057951745,43.52165190111268,43.808189392089844,8918900
2011-07-12,43.56723179887741,44.0751897487337,43.52164595641554,43.65188980102539,10528700
2011-07-13,43.886347027766774,44.270574941263575,43.76912554194403,44.042640686035156,9031700
2011-07-14,44.02308718117084,44.237993981561196,43.93842918487336,44.062164306640625,9636500
2011-07-15,44.10775575860156,44.25102200860838,43.625842574860926,43.92540740966797,10245100
2011-07-18,43.743078549467114,43.860300042736,43.33931949258571,43.69097900390625,10361000
2011-07-19,43.697489019023095,43.77563833080055,43.07882311503013,43.45002365112305,13677400
2011-07-20,43.35233131562521,43.567238162256274,43.02020300433037,43.13742446899414,8912600
2011-07-21,43.274177376374205,43.49559788299107,43.065784235814775,43.28720474243164,11394100
2011-07-22,43.43048756530011,43.49560950753847,43.30023871233769,43.45002365112305,7721000
2011-07-25,43.11788639200781,43.2611576164686,42.98764253439874,43.14393615722656,10247700
2011-07-26,43.091838686104396,43.18952406822183,42.89647289035445,42.92903137207031,10008300
2011-07-27,42.824845140646055,42.896480769457675,42.42108113902474,42.47969436645508,12810400
2011-07-28,42.479681525315954,42.73366050760543,42.186625413723554,42.381996154785156,9920400
2011-07-29,42.160578488725214,42.284313630960064,41.76332826537774,42.19314193725586,16829000
2011-08-01,42.51224498311268,42.54480843326559,41.45725428531096,41.9456787109375,15842200
2011-08-02,41.75029290290661,41.906586476655725,41.307456970214844,41.307456970214844,17118300
2011-08-03,41.26838383576376,41.37258038346709,40.285029072078615,41.29443359375,17660300
2011-08-04,40.77346527206847,41.131640876178665,40.25248234934069,40.27201843261719,23485600
2011-08-05,40.45436332909719,41.307474604498864,39.75754817840947,40.83858871459961,24037800
2011-08-08,40.245963335551785,40.753923791653186,39.75754144438188,39.80312728881836,32423200
2011-08-09,40.187354869227946,40.617166058258746,38.47462379652895,40.5064582824707,36288000
2011-08-10,40.12874674731346,40.35016479752033,39.08026722969394,39.204002380371094,32688900
2011-08-11,39.190973975401,41.802404493270146,39.15841301181687,41.31398010253906,33514400
2011-08-12,41.42469391280658,41.67216172890737,40.96232173122439,41.26188659667969,42324600
2011-08-15,41.580984682435904,42.082433963935664,41.42469106089004,42.06289291381836,39362000
2011-08-16,41.52887974502297,42.141034200862116,41.47678022491316,41.91310501098633,13142100
2011-08-17,42.043361564859445,42.23221865604181,41.54842839526156,41.84799575805664,11847600
2011-08-18,41.151181287968136,41.40516281849052,40.38924414912938,41.13164520263672,23376400
2011-08-19,40.96882796749832,41.53539666339318,40.85812019838048,41.11861038208008,19394800
2011-08-22,41.67216194876434,41.74379508147441,41.03395508004641,41.21630096435547,13689300
2011-08-23,41.36608462094252,42.32338998383901,41.30096020167715,42.310367584228516,14879000
2011-08-24,42.57735964812619,42.785752775476915,42.22569531413109,42.675045013427734,14523000
2011-08-25,42.64899435007421,42.64899435007421,41.808908175810444,42.036842346191406,13134400
2011-08-26,41.75433055700797,42.42450265445981,41.06444832639946,42.23396301269531,14150600
2011-08-29,42.47048554715534,43.31148446686155,42.41792186148646,43.272064208984375,12867900
2011-08-30,43.245778511077006,43.39032612740649,42.83185080201865,43.21292495727539,11183000
2011-08-31,43.38376511098634,43.51517434584512,42.93041202303563,43.23265075683594,14555300
2011-09-01,43.140657184026075,43.456029251900475,42.77928813464017,42.92383575439453,11141100
2011-09-02,42.595330488182,42.70702458017789,41.99086052927068,42.095985412597656,13713600
2011-09-06,41.50464926408722,42.54275950210174,41.06443967384338,42.47048568725586,15848300
2011-09-07,42.73329840176193,43.00267851496791,42.50333854591563,42.989540100097656,10759700
2011-09-08,42.68072408644037,43.31804482301403,42.60187857860989,42.67415237426758,15551500
2011-09-09,42.30622693887489,42.31937036640249,41.58349382007222,41.813453674316406,17008200
2011-09-12,41.45866277840834,41.79375005405889,40.9330383823019,41.780609130859375,13448200
2011-09-13,42.043427132701325,42.08284990656682,41.511230964205076,41.79375457763672,11595300
2011-09-14,42.017132918558104,42.358789339057,41.37981204701456,41.87258529663086,13429500
2011-09-15,42.23395582911813,42.46391569808206,41.99742424596974,42.312801361083984,10625800
2011-09-16,42.391637730416576,42.536185351829054,42.02370197609296,42.43762969970703,15688800
2011-09-19,42.08284119913394,42.306229352358166,41.80688685192385,42.141971588134766,8571800
2011-09-20,42.325942331580805,42.60846590557566,41.91201454246023,42.19453811645508,10874800
2011-09-21,42.1748205993259,42.444200696981575,41.45865421789029,41.47836685180664,10041300
2011-09-22,40.841064924810354,41.13015779038888,40.170892707610825,40.68337631225586,19456900
2011-09-23,40.27600548654243,40.670225646039206,40.0788966599814,40.46654510498047,10983700
2011-09-26,40.76875927848905,41.29438339967705,40.74247744583627,41.18925857543945,10561700
2011-09-27,41.63606005243966,42.27995022885853,41.20241962724431,41.931724548339844,13118200
2011-09-28,41.98429556521025,42.345659725157276,41.48495043914217,41.55722427368164,8964200
2011-09-29,41.997437125703684,42.20768692934266,41.406110492859824,41.98429870605469,8923300
2011-09-30,41.53751053718475,42.536195689964856,41.49151855671626,41.8463134765625,14556100
2011-10-03,41.820021059204805,42.18795678790973,40.76877003313916,40.788482666015625,16891100
2011-10-04,40.44027467112568,40.95276077244671,39.96721385516643,40.847633361816406,18192000
2011-10-05,40.87388979753473,41.07099855714598,40.47310056604667,40.96587371826172,15405200
2011-10-06,41.077576415088004,41.28125691743775,40.80162210524723,41.26811599731445,9595400
2011-10-07,41.39952132888984,41.86601523383752,41.39295212183393,41.47836685180664,12361600
2011-10-10,41.97772965459054,42.33252716064453,41.81347182842208,42.33252716064453,7104000
2011-10-11,42.2208311753862,42.28653330039877,41.95144594625858,42.023719787597656,7628700
2011-10-12,42.13540214473955,42.5033429650983,41.964575163545895,42.26681137084961,9375100
2011-10-13,42.34564964707456,42.34564964707456,41.767464121114784,42.201107025146484,7781100
2011-10-14,42.5033573369714,42.53620589504409,42.161698246307765,42.523067474365234,6678800
2011-10-17,42.31281107751285,42.60190140227404,41.8003250275493,41.91202163696289,10797900
2011-10-18,41.89231011112611,42.53620041559403,41.65578097374268,42.325950622558594,11705300
2011-10-19,42.38507929976191,42.38507929976191,40.84105465136948,41.156429290771484,19964600
2011-10-20,41.36666810191967,41.478364666981165,40.93959948730005,41.084144592285156,11562600
2011-10-21,41.465231665700365,41.94486405109001,41.320684026737176,41.90544128417969,13175400
2011-10-24,41.98429922499444,42.569056655241596,41.787187838568094,42.52963638305664,12552700
2011-10-25,42.41792988122445,42.59533110071001,41.76090123076384,41.8463134765625,10324800
2011-10-26,42.17481907296833,42.44419916087482,41.9120056855058,42.371925354003906,9932100
2011-10-27,42.70043909495727,43.16036375746032,42.51647123505534,43.035526275634766,16450700
2011-10-28,43.127516278686116,43.26549219304196,42.726726950569606,43.101234436035156,10390800
2011-10-31,42.81870046865359,43.27205337169683,42.29964548135352,42.306217193603516,13720400
2011-11-01,41.839740358118725,42.11569221514359,41.51122481039881,41.64263153076172,14749900
2011-11-02,42.30622693887489,42.30622693887489,41.66233684061673,41.813453674316406,10136200
2011-11-03,42.09599167834647,42.39165373357846,41.83317817772327,42.27338790893555,10466000
2011-11-04,42.049984430657645,42.40478177582117,41.66233603643254,42.12882995605469,9725200
2011-11-07,42.023713573694295,42.27338361692455,41.55722203850746,42.04999542236328,8783900
2011-11-08,42.109115505430864,42.70044442373029,42.01713407037525,42.61503219604492,7989500
2011-11-09,42.09598162380523,42.135401885020556,41.45866066616074,41.74118423461914,11072500
2011-11-10,42.13539665694286,42.32593625042413,41.8265937881148,42.12882995605469,7597500
2011-11-11,42.457345312553585,43.028959078271335,42.457345312553585,42.871273040771484,9086800
2011-11-14,42.687312261034904,42.92384386299744,42.4770625051515,42.647891998291016,8276100
2011-11-15,42.68732010753155,42.897569902061655,42.38508634119142,42.70045852661133,10726300
2011-11-16,42.39821359448511,42.81214637136938,42.24709925748703,42.312801361083984,8398100
2011-11-17,42.16167590351212,42.38506903867855,41.59005966462809,42.01055908203125,13924700
2011-11-18,42.174824436629606,42.18139113790869,41.76089417596475,41.95143127441406,12659600
2011-11-21,41.570352320236246,41.61634429044485,41.314110627252774,41.35353088378906,32806700
2011-11-22,41.36010248347401,41.52436023558759,41.19584473136043,41.32725143432617,8680000
2011-11-23,41.123580179080584,41.16300295075933,40.72936248779297,40.72936248779297,10362800
2011-11-25,40.65640855916437,40.875239645059374,40.483993735480375,40.6298828125,5838800
2011-11-28,41.03439006345108,41.584785373199225,40.968075699265896,41.35932159423828,11678000
2011-11-29,41.65772462536635,41.86329533381553,41.418998003847044,41.63119888305664,8923600
2011-11-30,42.38718529334671,42.930950625021715,42.30761055763787,42.91769027709961,15032600
2011-12-01,42.89116547672718,43.07020800364868,42.672331786612666,42.738643646240234,9852700
2011-12-02,43.01713335055679,43.03039369008092,41.97601962355781,42.08875274658203,15792800
2011-12-05,42.50654091092208,42.60601120964675,41.67763018699898,42.01582717895508,15294500
2011-12-06,42.18160642349129,42.39380735185468,41.94950991897004,42.10203170776367,10417800
2011-12-07,42.15509219853879,42.97737038831596,42.02246594964835,42.738643646240234,11504700
2011-12-08,42.533061073490195,42.73862928705068,42.14844786352788,42.294334411621094,9566800
2011-12-09,42.65242301066257,42.89114966473075,42.42695922955755,42.79167938232422,8835700
2011-12-12,42.354025942327624,42.57285708025554,42.009198742602244,42.115299224853516,10808700
2011-12-13,42.493280565417905,42.493280565417905,41.86993808206149,42.01582717895508,14215500
2011-12-14,42.02908004760022,42.29432989832272,41.73067175210749,41.896453857421875,9802400
2011-12-15,42.20813732004717,42.50654317283079,42.15508581666836,42.44023132324219,9656700
2011-12-16,42.67896151618891,42.68559421947064,42.14182638394985,42.63917541503906,19214300
2011-12-19,42.55958986030777,42.62590170239274,42.01582466038018,42.12855529785156,9024700
2011-12-20,42.45350032247219,42.92432618683722,42.446872677651335,42.785064697265625,12247700
2011-12-21,42.977357713189384,43.10335375081171,42.82484098695413,43.07682800292969,8517800
2011-12-22,43.143143848818745,43.27577260054336,42.85137071356371,43.222721099853516,7428000
2011-12-23,43.25588078411624,43.766487579801925,43.22272233042366,43.75322723388672,6503300
2011-12-27,43.75986158711391,43.97869527279245,43.70018243244003,43.779754638671875,4995100
2011-12-28,43.74658976881029,43.78637586149429,43.30229486960834,43.40176010131836,5943900
2011-12-29,43.308925636352,43.786379020078414,43.26913954079798,43.68690872192383,5702400
2011-12-30,43.49459990245978,43.72006624409722,43.454813807752345,43.487972259521484,4959700
2012-01-03,43.49460082796349,43.7664859723014,43.26913954079798,43.68690872192383,16116200
2012-01-04,43.600688544665104,43.68689340790372,43.17628680996036,43.42164611816406,9243100
2012-01-05,43.31555507113311,43.50123024873794,42.99062351032466,43.36860656738281,11886900
2012-01-06,43.39511687660089,43.40837721631104,42.84471918218361,42.99060821533203,15359900
2012-01-09,43.07682740250642,43.163032287469605,42.712109757567674,43.05693435668945,7934600
2012-01-10,43.17630565378868,43.36861356426805,43.103361099494094,43.235984802246094,8476600
2012-01-11,43.17629959181798,43.4614450660432,42.99725205304418,43.18955993652344,6784600
2012-01-12,43.28903184111906,43.375241792356924,43.05693785561218,43.25587844848633,7402900
2012-01-13,43.08347559466257,43.28904388770769,42.67896665338159,43.27578353881836,8978800
2012-01-17,43.461450428673366,43.560920733680135,42.77179605570161,43.18293762207031,8359900
2012-01-18,43.27577545070813,43.348720004143445,43.10336059174558,43.28903579711914,8095600
2012-01-19,43.20945418408745,43.26913331883682,42.964094825157275,43.229347229003906,11699800
2012-01-20,43.289038556534734,43.46808612975095,42.79832475972885,43.282405853271484,14715500
2012-01-23,43.255861886299684,43.322173705444534,43.02376293039147,43.10334014892578,10125000
2012-01-24,42.66567303588829,43.401745864711344,42.66567303588829,43.10334014892578,12367900
2012-01-25,42.990632544855806,43.30230382673448,42.94421374069963,43.24925231933594,10531400
2012-01-26,43.45480097779288,43.68689489384325,43.24923280347225,43.56753158569336,12546100
2012-01-27,43.51449589447482,43.680278026725425,43.408392901385234,43.47470474243164,10466300
2012-01-30,43.322193551135854,43.574180603027344,43.189564792822054,43.574180603027344,7482100
2012-01-31,43.67365535448324,43.733334507349554,43.474714726388186,43.70681381225586,13562900
2012-02-01,43.74658059582733,43.978674519932795,43.53437971389261,43.56090545654297,12275900
2012-02-02,43.72670509454609,43.7465981446969,43.335456557589865,43.494606018066406,8282400
2012-02-03,43.70016290983873,43.77973508052252,43.45480357860453,43.527748107910156,9036200
2012-02-06,43.40838969252082,43.48796693145545,43.13650964654791,43.229347229003906,9535700
2012-02-07,43.20947167583002,43.36198845477612,43.11662899652132,43.27578353881836,9248100
2012-02-08,43.23598264125538,43.335452942982705,43.16303809060666,43.262508392333984,6889400
2012-02-09,43.209458306469244,43.33544928938319,42.983991970945,43.03041076660156,10936200
2012-02-10,42.911052616064765,42.950838714505146,42.60601405639209,42.83810806274414,13954200
2012-02-13,43.037044334853874,43.07019772712198,42.83810374416769,42.89115524291992,9662500
2012-02-14,42.93757560315435,43.01052015177772,42.65906281346669,42.8447380065918,8978500
2012-02-15,42.77841639192206,43.070189460519614,42.75189064763712,42.871253967285156,9023400
2012-02-16,42.83809968252456,43.209455079311184,42.73200175434902,43.05030059814453,8194500
2012-02-17,43.249254921391326,43.289041024698825,42.97736972406871,43.09673309326172,9057500
2012-02-21,43.255871208120595,43.26249884997611,42.937567324655014,43.12987518310547,8081700
2012-02-22,43.156391627948665,43.32880134587177,43.01713528996423,43.10334014892578,8150600
2012-02-23,43.229350488801984,43.79964142933212,43.03704260799353,43.1696662902832,8991500
2012-02-24,43.34360750643675,43.34360750643675,42.94221689061206,43.122840881347656,10478200
2012-02-27,42.98905743087972,43.24327036595137,42.82849705760921,43.11616134643555,8523000
2012-02-28,43.21649812420811,43.765066485048216,43.1496005395122,43.60451126098633,11581400
2012-02-29,43.631266729864045,43.658026781721546,43.29008244862842,43.5376091003418,11489100
2012-03-01,43.55766891931251,43.658017817183456,43.243244754496814,43.37035369873047,8813800
2012-03-02,43.31015050622203,43.397121949332075,43.196424115648206,43.33021926879883,6063900
2012-03-05,43.27671900858627,43.457343037250205,43.176370057568676,43.42389678955078,7601000
2012-03-06,43.12282896700262,43.30345801179107,42.94220502617135,43.04924011230469,9511100
2012-03-07,42.99572660938662,43.122835578618236,42.89538279573848,43.01580047607422,8591800
2012-03-08,43.45064086874426,43.53761231970169,43.310154414072706,43.38374328613281,11311100
2012-03-09,43.37036535767319,43.48409175731925,43.20980503633462,43.31015396118164,8410600
2012-03-12,43.183055573799976,43.58444622023249,43.176364283571054,43.550994873046875,7284700
2012-03-13,43.765066982979604,43.77844956244617,43.504162826926176,43.70486068725586,9884100
2012-03-14,43.624575440910164,43.73830183333603,43.49746647057654,43.5376091003418,9612200
2012-03-15,43.43726810412851,43.73830981050407,43.3837479906523,43.53092575073242,11372900
2012-03-16,43.61788802086119,43.791825821384215,43.35698387205588,43.56437301635742,17707000
2012-03-19,43.45064257849997,43.66471791365536,43.417196337857355,43.62458038330078,7321800
2012-03-20,43.48408121406031,43.571047539063876,43.323526035608694,43.45732116699219,7760400
2012-03-21,43.45734638700867,43.53093528316327,43.24327099018439,43.323551177978516,7839600
2012-03-22,43.27001863140705,43.27670992112573,43.08270335095277,43.122840881347656,10621300
2012-03-23,43.142920862290815,43.29009865061161,43.062645780632145,43.18306350708008,8062500
2012-03-26,43.41049360699279,43.65802022151193,43.37035608721675,43.597808837890625,8503800
2012-03-27,43.704853469012555,43.81857985590244,43.6312646059761,43.75168228149414,10723800
2012-03-28,43.75167940031839,43.89885711669922,43.604501683937556,43.89885711669922,10305500
2012-03-29,43.67140294886985,43.845340728759766,43.61788284675635,43.845340728759766,9553300
2012-03-30,43.905545669379045,44.27348998017959,43.872099434552084,44.126312255859375,11307700
2012-04-02,44.179841249043804,44.35377905861118,44.03266349509901,44.2935676574707,8785900
2012-04-03,44.23336766864554,44.2534364372349,43.818594403280684,44.07280731201172,9128400
2012-04-04,43.892176684668094,43.95238298137471,43.72493016631589,43.744998931884766,9432300
2012-04-05,43.658025224320006,43.73830027307086,43.544293731993235,43.71154022216797,7922700
2012-04-09,43.450641274340555,43.63796165294291,43.40381245567958,43.430572509765625,6363400
2012-04-10,43.356980175736645,43.39043151666332,42.92214336743798,42.94889831542969,12793200
2012-04-11,43.27670855957469,43.27670855957469,42.788346504647556,42.90207290649414,10434100
2012-04-12,42.848557282263684,42.91545486450195,42.60103061362787,42.91545486450195,13122300
2012-04-13,42.774959018561866,42.815099092673606,42.49398615571601,42.50736618041992,11226600
2012-04-16,42.627780646710384,42.922136064114056,42.59432931147554,42.80171585083008,10502400
2012-04-17,42.96897919290068,43.0024254353262,42.32675060122019,42.96228790283203,18322900
2012-04-18,42.748194722994945,42.7615721935927,42.226384050439655,42.32004165649414,20567700
2012-04-19,42.293284782630415,42.50736004302639,41.985549362830106,42.166175842285156,15189000
2012-04-20,42.29329963826254,42.79503918454887,42.27991961079072,42.62110137939453,14320700
2012-04-23,42.48062278831681,42.60772924487622,42.3468250407923,42.393653869628906,10120900
2012-04-24,42.51406188015295,42.674619650918864,42.38695545261519,42.66123962402344,9022400
2012-04-25,42.788347496322054,43.20312068814761,42.7080698842181,43.1027717590332,11162800
2012-04-26,43.08938834785653,43.4640188540537,42.989039432565754,43.31684112548828,9139200
2012-04-27,43.450648822053424,43.57106653437892,43.27002480554484,43.37705993652344,10746700
2012-04-30,43.38374834503674,43.74500145801371,43.37705705480782,43.550994873046875,11362300
2012-05-01,43.42388731833809,43.724929001770796,43.350298443906354,43.63127136230469,10107900
2012-05-02,43.597820467357735,43.70486068725586,43.37705384178681,43.70486068725586,8349700
2012-05-03,43.751682850501226,43.81188913706437,43.55098502070842,43.71154022216797,10431800
2012-05-04,43.6112007357227,43.6780983176346,43.31015396118164,43.31015396118164,10301300
2012-05-07,43.203118279871966,43.49746865718539,43.15628946275677,43.35029602050781,8387800
2012-05-08,43.27002051516008,43.47071838378906,43.183054160865545,43.47071838378906,12491900
2012-05-09,43.20980637429958,43.403812940622224,42.982353567964516,43.00242233276367,10649400
2012-05-10,43.35696628912941,43.39041761934212,43.07599348958571,43.1964111328125,7702000
2012-05-11,43.102775796782346,43.47740638968136,42.96898061473528,43.042564392089844,37824600
2012-05-14,42.835173795419784,42.88200261238973,42.520752103190006,42.76827621459961,39687800
2012-05-15,42.61441188000469,42.90876482318584,42.420405313099735,42.554203033447266,8500000
2012-05-16,42.674621489281805,42.76827912960523,42.4471661262195,42.62110137939453,10018400
2012-05-17,42.62109098642113,42.815097509485874,42.46722453598386,42.51405334472656,7993500
2012-05-18,42.72813732654725,42.75489738041327,42.20632903605582,42.38026428222656,13781300
2012-05-21,42.320051776828016,42.701376131490726,42.313363039929605,42.460540771484375,8784900
2012-05-22,42.41371424480115,42.68130711881248,42.36688542804969,42.49399185180664,8409300
2012-05-23,42.413712973226254,42.647857049963854,42.06583995065965,42.326744079589844,11269100
2012-05-24,42.48210830888034,42.78608320688963,42.42131332927848,42.62396240234375,9309400
2012-05-25,42.475362112977365,42.5429109572345,42.0768177474845,42.225425720214844,11208500
2012-05-29,42.44833940061645,42.5091343881066,42.0835694756755,42.27946472167969,10089700
2012-05-30,42.11060076368213,42.15113162460202,41.880931038783594,42.02278518676758,9414700
2012-05-31,42.124098202480276,42.475357826177834,41.97548766792512,42.171382904052734,13297100
2012-06-01,41.90793853309598,42.09032348507679,41.68502273284511,41.73230743408203,12061100
2012-06-04,41.90793898384647,42.18489334127997,41.806613150492986,42.11058807373047,9200000
2012-06-05,41.989010757746215,42.13762133762873,41.880931038783594,42.02278518676758,9523400
2012-06-06,41.941714593267484,42.42131805419922,41.806614337235466,42.42131805419922,11562500
2012-06-07,42.678008282977736,42.69151856626324,42.225422811793955,42.42131805419922,12959300
2012-06-08,42.2456816391191,42.58343092773983,42.10382755633581,42.54290008544922,11249500
2012-06-11,42.53616209257124,42.57669037314975,41.95523268725947,41.96198654174805,12226400
2012-06-12,41.98900200166264,42.738806022967495,41.76608875514736,42.6104621887207,26655400
2012-06-13,43.394034564881956,43.704763345006626,42.678007599970584,43.535888671875,98440200
2012-06-14,43.4683288469373,44.41402780818268,43.42780058479576,44.21137619018555,34314900
2012-06-15,44.515355391879616,44.65045304016717,44.251911370167434,44.58966064453125,25992800
2012-06-18,44.46133036365135,44.846364469641365,44.46133036365135,44.78557205200195,25750000
2012-06-19,44.8531117241853,45.23138932183094,44.826091159546934,45.069271087646484,23615400
2012-06-20,45.10978186293158,45.258392333984375,44.89362258330308,45.258392333984375,21254600
2012-06-21,44.95444534491382,45.23815359232189,44.691001236085384,44.84636306762695,24545300
2012-06-22,45.02875318009646,45.23815616217708,44.93417860527461,45.00848388671875,18965700
2012-06-25,44.758547488080524,45.008478720937205,44.677485784814216,44.9206657409668,13734500
2012-06-26,44.96118850884524,45.04900663170586,44.85986783423023,44.86661911010742,11100000
2012-06-27,44.866621379281476,45.39350952851026,44.82609310738572,45.15032958984375,17594200
2012-06-28,45.06252089864251,45.258416154165275,44.88013850413315,45.21788787841797,12110900
2012-06-29,45.46106608987834,45.731261455986115,45.400268524951706,45.63669204711914,18286000
2012-07-02,45.542119897490274,45.93391036987305,45.48807876606246,45.93391036987305,12552700
2012-07-03,45.90688874042986,46.014971000781074,45.744770503548864,45.96092987060547,8902400
2012-07-05,45.87987061450819,46.03523758361157,45.785301208496094,45.785301208496094,11857800
2012-07-06,45.6029180740634,45.8528492914089,45.501592239680576,45.690731048583984,9758000
2012-07-09,45.75828064197176,45.90689118103253,45.683975372441374,45.785301208496094,12485900
2012-07-10,45.91364179366927,46.00145475851259,45.75827484425139,45.85284423828125,12851800
2012-07-11,45.95418796854397,46.00822911580375,45.744784964971636,45.86637496948242,12026100
2012-07-12,45.6772218147824,46.01497114899912,45.55563184831854,45.738014221191406,16484200
2012-07-13,45.79205384071963,46.43377549310069,45.75152557111745,46.34596252441406,13238800
2012-07-16,46.251397381692165,46.42027205876646,46.17709211148778,46.237884521484375,12921500
2012-07-17,45.8258246322284,46.730995477248065,45.67046283321132,46.609405517578125,24201900
2012-07-18,46.433777022994704,46.92013688882813,46.37974104629332,46.859344482421875,15616200
2012-07-19,46.77829507718055,47.082267496367606,46.59591265639776,46.96743392944336,13499500
2012-07-20,46.84583792812009,46.85259435873432,46.170339168799984,46.35947799682617,13964600
2012-07-23,46.0284733615669,46.143306884620955,45.697480496557176,46.008209228515625,11771400
2012-07-24,46.00146276521574,46.10278860606824,45.25841518837468,45.49483871459961,12145700
2012-07-25,45.71099013986422,45.94741362490074,45.521851351835004,45.61642074584961,9882200
2012-07-26,46.13656852748284,46.59590790195808,46.07577095766062,46.43378448486328,16477200
2012-07-27,46.575628825958255,47.06874509715643,46.53510055702122,46.960662841796875,14015900
2012-07-30,46.859347503701336,47.048486318465635,46.717493392628114,46.91338348388672,8379500
2012-07-31,46.77827499635174,46.98767789951558,46.67694918223714,46.75801086425781,10313900
2012-08-01,46.93365048740292,47.1160328631399,46.77828352361918,46.86609649658203,11681700
2012-08-02,46.48106446876306,46.595903165944655,45.94741987077074,46.237884521484375,13536000
2012-08-03,46.59589463022927,46.82556167522837,46.535097077723776,46.69046401977539,10898800
2012-08-06,46.7309920829016,46.83906917606596,46.46079161952292,46.501319885253906,8723200
2012-08-07,46.4810597287474,46.5688778502041,46.075761575829546,46.12980270385742,11268400
2012-08-08,46.12979796787296,46.31218031418547,46.08251327411452,46.170326232910156,6573100
2012-08-09,46.15682280507957,46.37298216137814,46.048740550107496,46.15006637573242,7764200
2012-08-10,46.014980528798574,46.41352235066399,46.014980528798574,46.36623764038086,7645000
2012-08-13,46.19736326911515,46.305445552618934,46.048752706120915,46.24464797973633,7199200
2012-08-14,46.433786490264346,46.44054292134676,46.27166821981459,46.36623764038086,8217800
2012-08-15,46.2784084778695,46.50131908921921,46.13655439659419,46.170326232910156,9349100
2012-08-16,46.23113126721592,46.23788254338484,45.947417905097545,46.069007873535156,13518500
2012-08-17,46.014972239084585,46.055500510984025,45.60291762928702,45.79881286621094,11999500
2012-08-20,45.79880092198463,45.82581632710805,45.71098281757731,45.73124694824219,12645200
2012-08-21,45.72450879905092,46.102786423099346,45.677224096044874,45.785301208496094,9544900
2012-08-22,45.683972028284714,45.88662368555964,45.616423193741646,45.76503372192383,8230900
2012-08-23,45.798822771470086,45.90014347313209,45.63669934151672,45.7582893371582,9062700
2012-08-24,45.819631289477655,46.24224282108915,45.7719169165384,46.078651428222656,11297500
2012-08-27,46.03776129664682,46.324047574183545,45.99686474284939,46.00367736816406,8761000
2012-08-28,45.88097298164469,46.146810927096126,45.8196281636834,46.017303466796875,6750800
2012-08-29,45.860532600400234,46.23543499848441,45.71057164116656,45.92188262939453,9609500
2012-08-30,45.826444638830395,45.94913947161683,45.56741932490564,45.812808990478516,9672700
2012-08-31,45.97639137050148,46.283130992681436,45.778721312365064,45.96276092529297,10151800
2012-09-04,46.00365155366094,46.03773546301784,45.64920281853152,45.84687805175781,8402700
2012-09-05,45.969588571035544,46.26269261016313,45.76509544588562,45.85370635986328,9266000
2012-09-06,46.153618566232964,46.50125472605892,46.071820293193,46.24222946166992,13075500
2012-09-07,46.330854563943866,46.358120660257505,46.0241148807725,46.26950454711914,8403300
2012-09-10,46.3445015785591,46.67168965080607,46.235442354795424,46.47401428222656,11441300
2012-09-11,46.59670097123885,46.72621365214822,46.47400611576605,46.48763656616211,8821700
2012-09-12,46.603505530754084,46.66485034078984,46.37174633617595,46.45354461669922,8230700
2012-09-13,46.35813315293477,47.148829357204164,46.35131532690005,47.0261344909668,13006300
2012-09-14,46.97159467907994,46.97159467907994,46.405834883414286,46.67167282104492,13024000
2012-09-17,46.685285497971485,46.8284285483249,46.35128504714686,46.52169418334961,11584100
2012-09-18,46.40583000733535,46.80799318337412,46.399012183875634,46.726200103759766,8063100
2012-09-19,46.86252333999775,46.9784003314153,46.7602767944336,46.760276794433594,9911300
2012-09-20,46.63078209520617,47.02612753865449,46.57624989594545,46.96478271484375,8704000
2012-09-21,47.06700939981308,47.278315082063585,46.9238611371229,47.073822021484375,19064400
2012-09-24,46.9511530456695,47.169276670021326,46.903438665357456,47.03295135498047,9082100
2012-09-25,47.03975475219787,47.46918404328582,47.03975475219787,47.251060485839844,11625400
2012-09-26,47.37376984306004,47.37376984306004,47.00568525187681,47.03295135498047,9971900
2012-09-27,47.09428758537077,47.271514622937325,46.95796229522817,47.03976058959961,8253200
2012-09-28,46.87616943881211,47.0602143223792,46.6921297557221,46.97160339355469,10293200
2012-10-01,46.97842742101657,47.33969424991856,46.97842742101657,47.1215705871582,9647200
2012-10-02,47.114721543363316,47.22378069020739,46.787533701882445,47.00565719604492,10062700
2012-10-03,47.162464044603475,47.251074979332294,46.84891165962757,47.03295135498047,8557900
2012-10-04,47.10112199648061,47.373777873256884,47.03977715445705,47.21699905395508,9395900
2012-10-05,47.346496698534736,47.53735419139838,47.251067952102915,47.476009368896484,9429900
2012-10-08,47.44191821841209,47.47600213715021,47.148814198882164,47.33285903930664,6444600
2012-10-09,46.77391090115361,47.01248269930026,46.41945691492845,46.630767822265625,15365900
2012-10-10,46.610318023347915,46.685298480165535,46.337667489984476,46.501258850097656,10710100
2012-10-11,46.494432394192984,46.55578239314206,46.25586062155681,46.330841064453125,9505500
2012-10-12,46.47398412803483,46.69892545672376,46.2149640892405,46.330841064453125,8685500
2012-10-15,46.47399062723424,47.026114692615195,46.39901017385221,46.760276794433594,14868000
2012-10-16,47.237431531604585,47.57824992591494,47.04656886239096,47.407840728759766,13688800
2012-10-17,47.53052208476829,48.5188930678943,47.407827289579075,48.39619827270508,26522700
2012-10-18,48.30758904815963,49.58224619705491,48.2735051370286,49.43228530883789,33591100
2012-10-19,49.152831078517124,49.2414419921746,48.893810961342524,48.982421875,18391000
2012-10-22,48.93470097155696,49.27551933308015,48.62114870301268,48.92788314819336,14033400
2012-10-23,48.51209697154282,48.75748667181697,48.075849771161394,48.32123947143555,11086000
2012-10-24,48.38939188565063,48.532534980452176,48.17126833159936,48.2189826965332,8572000
2012-10-25,48.40301966243806,48.77791669725055,48.38938401725949,48.49163055419922,9672700
2012-10-26,48.396211343908675,48.61433490532697,48.096289496780045,48.32804870605469,8965200
2012-10-31,48.47119290322825,48.566621638479816,48.041763594596226,48.27351760864258,9950600
2012-11-01,48.46436289568241,49.00967427472774,48.28032329552758,48.73701858520508,11226000
2012-11-02,48.87335500936248,48.87335500936248,48.28033433950931,48.32804870605469,7946700
2012-11-05,48.300789018871725,48.396217764622996,48.03495105563939,48.253074645996094,6874500
2012-11-06,48.39620494308682,48.81882156264824,48.321224491221486,48.40302276611328,7927500
2012-11-07,48.184900402210715,48.389388293686956,47.51007631905564,47.94632339477539,12719700
2012-11-08,47.81682780628917,48.000867474271494,47.476009368896484,47.476009368896484,12652100
2012-11-09,47.41465037617842,47.891799218548805,47.32603947139102,47.62596130371094,10511700
2012-11-12,47.57142897470308,47.748655984227405,47.244241049463994,47.4964485168457,9761000
2012-11-13,47.387393526544486,47.78956198928926,47.30560042939256,47.38058090209961,8244500
2012-11-14,47.462388823005895,47.551004973233205,47.05340760808063,47.21699905395508,10470700
2012-11-15,47.026125761784144,47.169268879077336,46.84208609682906,47.080657958984375,11803600
2012-11-16,46.94432912588059,47.21697969036511,46.69893945746359,47.162452697753906,14272300
2012-11-19,47.401029200849564,47.585068870013046,47.06021076126952,47.20335388183594,12337400
2012-11-20,47.21017087096642,47.51690538096746,47.12837257474374,47.48963928222656,9859500
2012-11-21,47.462370467297696,47.63277967431862,47.339675630223574,47.43510437011719,7639900
2012-11-23,47.50387774631329,47.833953857421875,47.41447797943644,47.833953857421875,5450100
2012-11-26,47.53137271508686,47.7926833395835,47.32507126395636,47.510738372802734,9884800
2012-11-27,47.455731398967195,47.55200401489989,47.263186167101814,47.31819534301758,8763200
2012-11-28,47.2494268019346,47.71016075423887,47.173783287799424,47.64827346801758,9983200
2012-11-29,47.77206340741226,47.83395070674434,47.483245517599514,47.60014724731445,9853400
2012-11-30,47.7170579493605,48.081519437863875,47.57264897730063,47.95086669921875,13480700
2012-12-03,47.999013366320476,48.08152979872672,47.69643912358568,47.8958625793457,9928900
2012-12-04,47.84768842667559,48.47346027917671,47.75828870027342,48.04023361206055,14278100
2012-12-05,48.088398540790955,48.33595828267519,47.84771691575515,48.11590576171875,11037100
2012-12-06,48.37032417878259,48.37032417878259,47.99898992139736,48.17090606689453,9459200
2012-12-07,48.16401749459931,48.494093484267076,48.04023768685808,48.44595718383789,10021300
2012-12-10,48.31530321535218,48.686642628631496,48.31530321535218,48.54910659790039,9700300
2012-12-11,48.77606165932129,49.250552022810794,48.65228179260515,48.89296340942383,14933700
2012-12-12,48.968592776051224,49.07862162415184,48.721033114289064,48.79667663574219,11783300
2012-12-13,48.75541818899995,48.824183595475375,48.56287295228305,48.65226745605469,8838900
2012-12-14,48.562863760966515,48.72790175456425,48.47346402765102,48.611000061035156,10263600
2012-12-17,48.71415780953512,48.94796650200308,48.67289961234971,48.782928466796875,14317200
2012-12-18,48.86543843774786,48.892945647743794,48.48034799073246,48.789794921875,16352400
2012-12-19,48.7622984163285,49.037360054147925,48.56974792480468,48.56974792480469,11865600
2012-12-20,48.64538934146788,48.75541818899995,48.473473202047195,48.65226745605469,11775800
2012-12-21,48.52161652588585,48.65227448960304,48.17778419733741,48.32219314575195,22142300
2012-12-24,48.35657384533914,48.41158827178891,48.09526318939947,48.150272369384766,5006500
2012-12-26,48.10212332988188,48.384068255985035,48.05398703109147,48.25341033935547,7737300
2012-12-27,48.22590198067952,48.411574304763796,47.998976718356346,48.198394775390625,10700400
2012-12-28,48.02648505159376,48.18465019138193,47.737667227420914,47.7789306640625,9691100
2012-12-31,47.613892183322754,48.212162233192686,47.57263398900903,48.205284118652344,12770000
2013-01-02,48.83794841389207,48.83794841389207,48.34283419912542,48.714168548583984,12874200
2013-01-03,48.810440484193144,48.824191469120095,48.44597380281554,48.6453971862793,9598300
2013-01-04,48.98921683317644,49.3261762109682,48.83105693838446,49.202396392822266,11631800
2013-01-07,49.1680162003885,49.188645297821516,48.95484186496167,49.09925079345703,7548800
2013-01-08,49.03736184888795,49.27117054534906,48.996103650997895,49.10613250732422,9825300
2013-01-09,49.264290777867984,49.408699712104266,49.1680181550438,49.3261833190918,7672800
2013-01-10,49.38118975847595,49.77315834292579,49.33305344973524,49.64250564575195,11888500
2013-01-11,49.642516963230214,49.91070577970776,49.62188786141892,49.752540588378906,7766700
2013-01-14,49.92444553569079,50.05510347972665,49.76628562640294,49.89693832397461,7386000
2013-01-15,49.68377092535581,49.8144288876269,49.511854762984335,49.766292572021484,7795100
2013-01-16,49.690653070583934,50.075743626656646,49.68377495452111,49.91070556640625,8779900
2013-01-17,50.11700777381127,50.206407553834474,49.76630250999488,50.13076400756836,10570100
2013-01-18,50.130743100861125,50.35767364501953,50.05509958614166,50.35767364501953,13558600
2013-01-22,50.14450330987847,50.34392668115774,49.800670996596594,49.98634338378906,11469800
2013-01-23,49.86943629692102,50.13763032742054,49.835056213549606,50.09636688232422,10155100
2013-01-24,50.172007407276645,50.3576797829331,50.08948576848885,50.268280029296875,9369700
2013-01-25,50.2888940180288,50.83902761839712,50.24075772148128,50.832149505615234,10421500
2013-01-28,50.85966169977733,50.88716890714057,50.49520038352518,50.625858306884766,9420900
2013-01-29,50.66024902978326,51.31353353743508,50.63961993154052,51.169124603271484,12386500
2013-01-30,51.19662583037489,51.43731263030175,50.89405698307822,50.949066162109375,9245500
2013-01-31,50.94217832427403,51.13472351046409,50.735876912520204,50.832149505615234,10448700
2013-02-01,50.98343716143785,51.17598235009555,50.942178977143456,51.01094436645508,10016300
2013-02-04,50.58462327838209,51.0591136905371,50.58462327838209,50.96284103393555,9200700
2013-02-05,51.22414220762602,51.451072818546926,51.21039122202414,51.34104919433594,10230800
2013-02-06,51.279148084968185,51.84303283691406,51.24476275700409,51.84303283691406,12084000
2013-02-07,51.45106989051683,51.71238057380416,51.354797257386494,51.61610794067383,9798200
2013-02-08,51.69175430458,51.9943284518278,51.38918540379751,51.90493392944336,8153300
2013-02-11,51.76737745751433,51.91866447156758,51.60921757661374,51.85677719116211,5697100
2013-02-12,51.86364982771542,52.16622385447839,51.86364982771542,52.12496566772461,7598900
2013-02-13,52.118092462735746,52.17310688123065,51.82927463533304,52.0286979675293,8014800
2013-02-14,51.918692047395034,52.324411758335884,51.836170383227696,52.131866455078125,9681800
2013-02-15,52.06994644794434,52.372520446777344,51.925537561172966,52.372520446777344,10528400
2013-02-19,52.28316276299967,52.950198571451374,52.23502642870249,52.922691345214844,9747400
2013-02-20,52.80577199568732,52.92955184932637,52.63385582377004,52.70949935913086,7857500
2013-02-21,52.58572330843233,52.963935766123114,52.5238307539042,52.86079025268555,9465700
2013-02-22,52.95087492362535,53.020190367244226,52.659746887368435,52.85383224487305,8571500
2013-02-25,53.006322480000044,53.13802550759775,52.38247299194336,52.38247299194336,10603300
2013-02-26,52.597361290797814,52.91621657434033,52.333960479635614,52.50725173950195,10742100
2013-02-27,52.45874134344068,52.9924762082802,52.40328685949015,52.902366638183594,8180300
2013-02-28,52.83997186747124,53.02019096522704,52.75679016113281,52.75679016113281,11806300
2013-03-01,52.53499010017805,53.21428902117771,52.49340188130112,53.165767669677734,9528300
2013-03-04,53.186561201031935,53.567798838357916,53.186561201031935,53.51234436035156,12628000
2013-03-05,53.761886530692024,53.8658623593096,53.67871009854222,53.831207275390625,9399400
2013-03-06,53.85201374721475,53.88666883909013,53.52622521068327,53.64406204223633,8535200
2013-03-07,53.80347564811983,54.039149237901476,53.782676253348015,53.893585205078125,7996500
2013-03-08,53.95596967607818,54.21937580272791,53.85892698365884,54.19858169555664,8554100
2013-03-11,54.01143071478485,54.42732877401868,53.955976229972144,54.37187957763672,8807600
2013-03-12,54.41347082980156,54.54517391646462,54.21245227747465,54.45505905151367,8790500
2013-03-13,54.427335975096845,54.53131182576965,54.20552329492954,54.44813537597656,7983400
2013-03-14,54.53129974319065,54.82936096191406,54.40652980771504,54.82936096191406,10130400
2013-03-15,54.496642621504655,54.92640160329143,54.496642621504655,54.891746520996094,18296500
2013-03-18,54.56596697283659,54.89175547243503,54.552100706913166,54.62834930419922,8005400
2013-03-19,54.74619137374612,54.8224346825496,54.41346974141132,54.66300964355469,7095800
2013-03-20,54.88484623220056,55.18290761813654,54.877913096220674,55.071998596191406,8000800
2013-03-21,54.84322398603082,55.10662481717119,54.60061197307289,54.76697540283203,8436300
2013-03-22,54.83628765763501,55.272979736328125,54.773900053004766,55.272979736328125,6873100
2013-03-25,55.33536772288657,55.41161630216667,55.08582787950255,55.23139190673828,9616600
2013-03-26,55.40468970225129,56.063194468102466,55.34923522197763,56.04240036010742,12682900
2013-03-27,55.84138379529211,56.38898490824533,55.64036526356772,56.33353042602539,10703400
2013-03-28,56.40284831325629,56.55534019898365,56.11171494057805,56.51375198364258,11332100
2013-04-01,56.41669826538312,56.811802099212954,56.340449693202864,56.79100799560547,7376800
2013-04-02,56.8395472592492,57.317832946777344,56.770231795887504,57.317832946777344,10342200
2013-04-03,57.352500116559284,57.49806420681374,56.54149791867074,56.88808059692383,12254000
2013-04-04,56.97816801317513,57.33861681979132,56.79101576666936,57.12373733520508,10303000
2013-04-05,56.69398773624814,56.91580040981327,56.57615091026101,56.867279052734375,8581400
2013-04-08,56.33353705086808,56.41671878398018,55.66809905126465,56.222633361816406,15828500
2013-04-09,56.32662436263773,56.666273942818286,56.312758092505646,56.50684356689453,9111000
2013-04-10,56.72171101828219,56.978178764166074,56.65932339872197,56.85340881347656,7583200
2013-04-11,56.93658184449621,57.50497702447846,56.8949936300973,57.06135177612305,9882700
2013-04-12,57.012855158974766,57.35250473022461,56.957400656769614,57.35250473022461,6987000
2013-04-15,57.338648408734606,57.59511624751956,56.6385498046875,56.6385498046875,12385800
2013-04-16,57.068297467930826,57.90702680295877,56.88807301848716,57.837711334228516,12620000
2013-04-17,57.78224916297402,58.5239356855022,57.73372781246958,58.156558990478516,13693300
2013-04-18,58.19814246175402,58.43382135100359,57.55349869281305,57.657474517822266,9921500
2013-04-19,57.88621859361286,58.620971902388476,57.85849135518718,58.56551742553711,10787600
2013-04-22,58.634845031056294,58.87052396231048,58.36451101090929,58.80120849609375,6989900
2013-04-23,58.91210930090904,59.39039498472769,58.225877228618096,59.23096466064453,8982100
2013-04-24,59.39039189357147,59.43198011141517,58.41995959925081,58.49620819091797,9480600
2013-04-25,58.60016935058496,59.224018904182515,58.461533178435936,59.0715217590332,8689400
2013-04-26,59.12698627102389,59.25868404639871,58.78733155788797,59.00221633911133,6784700
2013-04-29,58.932899355176815,59.53595494594915,58.85665605321892,59.321075439453125,8038000
2013-04-30,59.18937199726069,59.40425150241352,58.84278942072753,59.078468322753906,12099600
2013-05-01,58.572471070483815,59.00916332965906,58.14270665701876,58.385318756103516,12312100
2013-05-02,58.53085428337079,59.064589006380515,58.343696771878946,59.02993392944336,8668900
2013-05-03,59.321070824922856,59.605265767365466,59.23095597687541,59.438907623291016,9213800
2013-05-06,59.4597197088074,59.4597197088074,58.60712933525571,58.69723892211914,8815600
2013-05-07,58.82892884593649,59.31414234102113,58.66256540039564,59.286415100097656,9061800
2013-05-08,59.251762230771625,59.33493866822167,58.87051926435673,59.23789596557617,8044600
2013-05-09,59.23096427040302,59.39732772620175,58.89131480290115,59.02301788330078,8342000
2013-05-10,59.12006187482421,59.44585037231446,59.04381327803156,59.44585037231445,7594800
2013-05-13,59.30722497697292,59.660740782200044,59.224048520518444,59.508243560791016,6631500
2013-05-14,59.445858469573885,60.36083646728608,59.445858469573885,60.28458786010742,10360700
2013-05-15,60.26379078619861,60.91536254948864,60.26379078619861,60.74900436401367,13444400
2013-05-16,60.53412930093748,60.839118448808854,60.34697170104901,60.617305755615234,9441900
2013-05-17,60.63115788254861,61.13716549192693,60.58956966490943,61.060916900634766,11437700
2013-05-20,61.0678373305727,61.137152775030124,60.86681883974556,61.005455017089844,7235800
2013-05-21,60.95694050763404,61.442153961635874,60.85296468508221,61.407493591308594,10099600
2013-05-22,61.483752427356,62.377936188913814,61.13716982001255,61.3173942565918,13825900
2013-05-23,60.83549797939816,61.43610141214692,60.7586762383594,60.90533447265625,14446900
2013-05-24,60.61902280419137,60.779646257674926,60.402522678622546,60.63298797607422,10390100
2013-05-28,61.135806299433064,61.65958804772,60.94724188626702,61.1846923828125,8380200
2013-05-29,60.814561165145435,60.87043250352044,59.45971051456406,59.81588363647461,11872100
2013-05-30,59.85779651640356,60.27682098213359,59.83684609234483,60.053340911865234,7801200
2013-05-31,59.836843724711656,60.05333853566576,58.78927993774414,58.78927993774414,13302700
2013-06-03,58.85909919595456,59.159400939941406,58.223580122232825,59.159400939941406,11768500
2013-06-04,59.16639331274429,59.38288808627442,58.35627490000027,58.7333984375,9972000
2013-06-05,58.600715140969335,59.3619421951194,58.30041333791371,58.440086364746094,9839100
2013-06-06,58.37724753756713,58.98483657836914,57.720777717865,58.98483657836914,10671000
2013-06-07,59.33402219974072,59.487665766758546,58.94293335873961,59.29910659790039,8907700
2013-06-10,59.36894509405241,59.857806161478294,59.17340066708205,59.45973205566406,8477100
2013-06-11,59.19434050473522,59.375914395475235,58.75436029457772,59.14545440673828,8967000
2013-06-12,59.487638198438695,59.71111819375583,58.454039889982354,58.48197555541992,8413200
2013-06-13,58.38423044743586,59.33402219974072,58.02107728481852,59.29910659790039,8570000
2013-06-14,59.159428205981534,59.69718069054391,59.1245126041412,59.29910659790039,6357100
2013-06-17,59.620328945029684,60.33965498531281,59.34796287789691,59.801902770996094,8429100
2013-06-18,59.8857122272973,60.36759313274555,59.801905230815706,60.31172180175781,7233600
2013-06-19,60.36059032557228,60.40947639391985,59.22224026080342,59.26414108276367,8288400
2013-06-20,58.8102210950834,58.9778297826987,57.3506183394063,57.699806213378906,15172600
2013-06-21,57.965181578679505,58.88703726535767,57.615993737844086,58.104854583740234,20715800
2013-06-24,57.90933860954191,59.57845688001944,57.8325168206759,59.089595794677734,14777500
2013-06-25,59.473681249616824,59.773977706161745,59.040686367765815,59.60636901855469,11239400
2013-06-26,60.02538244100134,60.98215895907765,60.01840252108933,60.75169372558594,11966500
2013-06-27,61.1288355702256,61.33136520038342,60.40252406737211,60.55616760253906,8890300
2013-06-28,60.56315862920492,61.02408395048377,59.95556968078004,59.962554931640625,11896300
2013-07-01,59.86477074871254,61.20565092352638,59.71112722964725,60.50028991699219,9905200
2013-07-02,60.51427589463671,60.898379462364154,60.20698877790631,60.458404541015625,8572100
2013-07-03,60.437440438552684,60.78662832738542,60.130153391360885,60.60504913330078,3599900
2013-07-05,61.16375379552234,61.37326333844981,60.70282321034979,61.36628341674805,5403600
2013-07-08,61.51992220435748,62.148461495510304,61.436120517660136,61.869110107421875,12051400
2013-07-09,61.91102036711301,62.21132219670555,61.70849073057992,62.0716438293457,9348600
2013-07-10,62.071639551597805,62.490669296614456,62.02275345843714,62.323055267333984,7067100
2013-07-11,62.721147153174805,62.80495419172022,62.15546429550491,62.623374938964844,8941300
2013-07-12,62.63732654919887,62.84683609008788,62.4208264303071,62.84683609008789,7590600
2013-07-15,62.79097982598462,63.41951387443195,62.686222375181636,63.133182525634766,13343200
2013-07-16,63.58014267608789,64.01313765292042,62.94461804855234,63.133182525634766,11409200
2013-07-17,63.25887907715775,63.531245203578806,62.770012836982914,62.94460678100586,12832200
2013-07-18,63.084265382313774,63.517254817889636,62.895700998022704,62.9725227355957,8329300
2013-07-19,63.02142235342747,64.43912418715473,62.888734592166365,64.41119384765625,12506300
2013-07-22,64.30644818006273,64.64166559715484,63.97821068502917,64.44612121582031,9916200
2013-07-23,64.5229643654342,64.8512019692385,64.32741991930055,64.54391479492188,8467700
2013-07-24,64.70452855285187,64.71151380378177,64.0759891737934,64.50199890136719,6846300
2013-07-25,64.2505922732703,64.77437427549805,64.07599827252771,64.64866638183594,7368000
2013-07-26,64.47404995398291,64.90005959386349,64.00613947351874,64.8302230834961,8663700
2013-07-29,64.69055988719343,65.22132708103999,64.67659471312253,65.09561920166016,7925000
2013-07-30,65.27720291101328,65.6263908967761,64.96293052691523,65.06768798828125,8863000
2013-07-31,65.1095671310976,65.94063056892352,65.08163146445538,65.29812622070312,11365700
2013-08-01,65.75904280781275,65.92665144400223,65.43778537352436,65.4866714477539,11098600
2013-08-02,65.34003222351878,65.91968536376953,65.26321046622365,65.91968536376953,8503100
2013-08-05,65.6822538827406,65.85684785337182,65.24925891742852,65.50765991210938,7192400
2013-08-06,65.56351163730623,65.60541780428606,65.29813077795916,65.5146255493164,6415000
2013-08-07,65.36799066861553,65.6682925531717,65.27720370935377,65.40989685058594,9056900
2013-08-08,65.8358834361855,65.90572527779382,64.74641890785652,65.18639373779297,11090000
2013-08-09,65.22132522977314,65.22132522977314,64.09693959839781,64.50199890136719,12135800
2013-08-12,64.30645118216964,64.7883269077587,64.0759858670442,64.25057983398438,11012300
2013-08-13,64.173764902565,65.19339313879571,64.08297794822572,64.95594787597656,10099800
2013-08-14,64.80229785856454,64.91403522752539,63.210001721530716,63.342689514160156,12716800
2013-08-15,63.07729391889294,63.140150503453334,62.21828945112642,62.539546966552734,12010700
2013-08-16,62.24625767077727,62.71417369063081,61.994841857424696,62.41387176513672,14100700
2013-08-19,62.48369304687542,63.72680130474882,62.399886020163564,63.16809844970703,8687000
2013-08-20,63.23792053527187,64.00613272468095,62.665252685546875,62.665252685546875,8559200
2013-08-21,62.48367659801208,62.59541394269433,61.931959139149214,62.01576614379883,7940700
2013-08-22,61.98784455595895,62.17640369902143,61.5408844193363,61.63865661621094,7191900
2013-08-23,61.870862082570426,62.22971880636228,61.36424208858888,62.20861053466797,7714900
2013-08-26,62.17341406799632,62.257852506215016,61.49088478863173,61.589393615722656,6724500
2013-08-27,61.19534307495763,61.272743615309885,60.48466782641744,60.63243103027344,9941200
2013-08-28,60.76613654181666,61.15313932441651,60.428388170790576,60.8857536315918,8829200
2013-08-29,60.80133068192058,61.31498314975348,60.50579879497562,60.913909912109375,5768800
2013-08-30,61.0616615623146,61.0616615623146,60.40727847074626,60.80131912231445,7471300
2013-09-03,61.139075425009096,61.42756944041153,60.53394661212868,60.80836486816406,7590500
2013-09-04,60.83650067180528,61.3923749690193,60.68873743355776,61.14610290527344,8458800
2013-09-05,61.21649419157126,61.33611134009791,60.94911373574742,61.2446403503418,5647900
2013-09-06,61.371276141586144,61.863820344837556,60.51283735735151,61.32905960083008,10034900
2013-09-09,61.49088324413435,61.6386464810593,61.22350291565041,61.61050033569336,6819700
2013-09-10,62.01859258796159,62.32819472479219,61.814537122171124,62.29301071166992,8658700
2013-09-11,62.36340044334694,62.81372809151353,62.01861951204137,62.785587310791016,8098100
2013-09-12,62.83483479822491,63.02481457295482,62.539302949948436,62.63077926635742,7938500
2013-09-13,62.71519839650759,62.79963681558012,62.06081541159535,62.321163177490234,7738600
2013-09-16,62.92630778482709,63.024816614667664,62.50412631860623,62.64485168457031,7563700
2013-09-17,62.658906822900704,62.778523881440464,62.32819641655103,62.66593933105469,6291100
2013-09-18,62.56040826523155,63.26404571533203,62.131188991204034,63.26404571533203,10115500
2013-09-19,63.36256611561617,63.46810745776879,63.1796188420038,63.37663650512695,6721000
2013-09-20,63.468100135217206,63.833994640227324,63.10221099853516,63.102210998535156,14708600
2013-09-23,62.926308506084396,63.151472315204906,62.49005127726962,62.687068939208984,7376200
2013-09-24,62.63781991196172,62.764474901007674,62.02565860518053,62.074913024902344,7797500
2013-09-25,62.21563021395579,62.25081423840905,61.26572060533038,61.27275848388672,7493200
2013-09-26,61.41349507826354,61.70902161174375,61.01945970028992,61.26573181152344,6400600
2013-09-27,61.08279145676026,61.17426780013691,60.8224489245775,61.02650451660156,5461100
2013-09-30,60.745045855978205,61.181297808083336,60.61839085122806,60.998355865478516,7962300
2013-10-01,60.92799077297237,61.56126582763842,60.695794393203194,61.54719543457031,6318700
2013-10-02,61.3079209697886,61.42050552368164,60.822414844024095,61.42050552368164,6383400
2013-10-03,61.35014820963874,61.49791142325883,60.709835582290864,60.920928955078125,7724600
2013-10-04,61.089800922047594,61.51198230267912,60.90685368872051,61.4345817565918,6050000
2013-10-07,61.0053867218401,61.202409788138596,60.716898055051324,60.92798614501953,5705200
2013-10-08,60.949067078233426,61.033500121579294,60.21024573899649,60.2383918762207,8669800
2013-10-09,60.46358716271706,60.67468061790872,60.16102274005146,60.48469543457031,8014200
2013-10-10,61.019461770670596,61.765316009521484,61.005386010505724,61.765316009521484,8647900
2013-10-11,62.356357419749266,62.96148610151691,61.934170623481144,62.940372467041016,8449800
2013-10-14,62.50411254510255,63.24996648334614,62.36338184182151,63.186641693115234,9198600
2013-10-15,63.55958952294456,64.35469812621494,63.27813339233399,63.278133392333984,11024000
2013-10-16,63.62290209856336,64.15063022884672,63.43996021192806,64.10841369628906,8116000
2013-10-17,63.93952390213442,64.73463212498503,63.8691558769025,64.7135238647461,8569600
2013-10-18,64.55878083137672,64.76987436017428,64.12956125959805,64.4743423461914,9082600
2013-10-21,64.47430200977452,64.47430200977452,63.86917333202234,64.17173767089844,6940500
2013-10-22,64.40394795490141,65.1286938159322,64.3828396860681,64.98796844482422,9635500
2013-10-23,64.78390729695678,65.03721723771021,64.39690450738118,64.80501556396484,6449600
2013-10-24,65.19201227132025,65.43124643286292,64.83315566067844,64.98091888427734,5251000
2013-10-25,64.76279497944205,64.92462859526775,64.57984772960049,64.7979736328125,6076000
2013-10-28,64.7065069956826,65.2975653158943,64.67836085011744,65.00907135009766,6551000
2013-10-29,65.29754719262301,65.56492744878838,65.14274611914368,65.53678131103516,6096700
2013-10-30,65.62829335997314,65.75494837507053,65.19204137222786,65.2905502319336,6295400
2013-10-31,65.33275091754768,65.6845697220238,64.95982384373563,65.16387939453125,7773900
2013-11-01,65.002041436059,65.84640980148582,65.002041436059,65.69864654541016,6835900
2013-11-04,65.76194537547596,65.79009151337075,65.03719977174761,65.45938110351562,6862500
2013-11-05,65.11463139497604,65.40312005155168,64.93168409548328,65.30461120605469,5350600
2013-11-06,65.45938515767666,65.5790022248927,65.24125928589127,65.46642303466797,5301300
2013-11-07,65.57198018715283,65.68455939535488,65.22016143798828,65.22016143798828,6116900
2013-11-08,65.17794695281246,66.21229505196479,65.12869253705897,66.17711639404297,7229500
2013-11-11,66.12081400722163,66.59224982438165,66.09970574202458,66.34597778320312,4723100
2013-11-12,66.1278376623827,66.20523282868317,65.43827072706598,65.83230590820312,7639600
2013-11-13,65.69158124596015,65.75490602856223,64.95979778203993,65.67750549316406,8954300
2013-11-14,65.71977353704266,66.2404640213073,65.71977353704266,66.08566284179688,7045700
2013-11-15,65.88157768186001,66.423381567149,65.82529076137118,66.41634368896484,7063000
2013-11-18,66.39522097883109,66.56409244021678,66.14894897924216,66.3530044555664,8492000
2013-11-19,66.33192129251634,66.78928685515515,66.14194148223869,66.7470703125,6624200
2013-11-20,66.80331715519613,67.17624401041806,66.60629959910347,66.95108032226562,7076500
2013-11-21,67.16924488719509,67.37330043610967,66.88075626171509,66.98629760742188,6896200
2013-11-22,66.88001139810324,67.72318734216145,66.88001139810324,67.48936462402344,6462100
2013-11-25,67.65940181313547,68.01367662372695,67.36889927946885,67.75859832763672,6374600
2013-11-26,67.72319289006694,67.92867298594797,67.29097706869754,67.35474395751953,7267600
2013-11-27,67.55313815082928,67.57439918659182,67.03589980253743,67.29806518554688,4603800
2013-11-29,67.47520038253231,67.66650645153699,66.9083583755897,67.07132720947266,4106800
2013-12-02,66.89417790642794,67.07131532648842,66.58241431726387,66.80206298828125,5827400
2013-12-03,66.74536846695352,67.0004467489565,66.25647293128475,66.58240509033203,9061100
2013-12-04,66.4336142394199,66.78080204144774,65.9872245167223,66.34149932861328,6218500
2013-12-05,66.19271607346663,66.34151087165372,65.65422215787684,65.87387084960938,8666200
2013-12-06,66.32025122849994,66.94377842787877,66.19271206551838,66.91543579101562,7280400
2013-12-09,66.81623926489722,66.94377842787877,66.3911051177552,66.91543579101562,6974500
2013-12-10,67.01465218086847,67.16344701415018,66.57534928798424,66.70288848876953,7576600
2013-12-11,66.88711354176277,66.92253779428532,65.91639820508942,65.97308349609375,9424300
2013-12-12,65.78175081006923,65.79592483116002,64.52762023379158,64.59139251708984,12285700
2013-12-13,64.80399227496638,65.08741339952915,64.53474517982632,64.7260513305664,7909000
2013-12-16,64.77564337473464,65.4133394920471,64.59142425647266,64.74021911621094,6623000
2013-12-17,64.69061602981151,64.71187166451018,64.12377387741198,64.23714447021484,8794000
2013-12-18,64.44260190800576,65.65422681860879,63.606512930883056,65.64005279541016,9691100
2013-12-19,65.46999865830175,65.46999865830175,64.77561751756546,65.17240905761719,7341000
2013-12-20,65.15116964445757,65.71801180074927,65.15116964445757,65.2503662109375,11265000
2013-12-23,65.58337051065223,65.66839843631098,65.01653389034588,65.20783996582031,5312200
2013-12-24,65.31410046644582,65.46289522947141,65.08027780777518,65.22907257080078,3147300
2013-12-26,65.17946372304003,65.56916809082031,65.02358197592791,65.56916809082031,3459100
2013-12-27,65.73215991911678,65.86678610555064,65.31411814874642,65.4345703125,3511300
2013-12-30,65.29995049668683,65.3991470336914,64.99527387422829,65.3991470336914,4370100
2013-12-31,65.30702488378434,65.34245453128663,64.5843065646626,64.89606475830078,6348200
2014-01-02,64.57722374182939,64.99527090508478,64.48511422047746,64.49928283691406,5919600
2014-01-03,64.68352079407809,65.34247241501191,64.66226516208131,65.08030700683594,5637600
2014-01-06,65.1369739371704,65.71798447315366,65.09446268515863,65.42039489746094,7443500
2014-01-07,65.92347864276074,67.04298870230625,65.88804898796504,66.80916595458984,11063300
2014-01-08,66.72413788071265,67.02881453154812,66.51865777612069,66.71705627441406,9096700
2014-01-09,67.2697130684681,67.58147127359254,66.66744147357076,67.12091827392578,7944700
2014-01-10,67.057136840511,67.29804652677048,66.70286202398007,67.12799072265625,6697400
2014-01-13,66.86584488115774,67.30514228633277,66.64619077276438,66.95795440673828,9589200
2014-01-14,67.02879503390501,67.2413620887694,66.83040199912745,67.11382293701172,7567300
2014-01-15,67.06424104379971,67.50353846920623,66.96504450220431,67.17052459716797,7390700
2014-01-16,67.02879390175436,67.3759817067509,66.76663399842835,67.05713653564453,8401100
2014-01-17,67.11383961422833,67.43268486995048,66.872929865131,67.35474395751953,13714400
2014-01-21,67.26262718402859,67.38307934270317,65.62587901084612,66.62493133544922,16368400
2014-01-22,66.59657589241456,66.99336734735282,66.27773073233273,66.83039855957031,8875500
2014-01-23,66.41946449455786,66.46198116347082,65.47709725892474,65.7109146118164,9322300
2014-01-24,65.27158675344832,65.61877452071337,64.20167541503906,64.20167541503906,10604200
2014-01-27,63.982056692727234,64.30798899069696,63.66320600141733,63.72697830200195,8685200
2014-01-28,64.18044979825987,64.19461841738676,63.62069474113203,63.8403434753418,8254400
2014-01-29,63.39395497922797,63.5640054270131,62.72791640051067,62.990081787109375,11160100
2014-01-30,63.500211912141616,63.61357702786498,63.06799625897553,63.415184020996094,6874900
2014-01-31,63.068004106774296,63.301821376362284,62.45865099225051,62.685386657714844,12193800
2014-02-03,62.883808915490086,62.90506454934927,61.36751243438678,61.48796463012695,13944600
2014-02-04,61.594248214441116,61.84223961918067,60.999063437259,61.37459945678711,11436400
2014-02-05,61.28246914449882,62.11855810366765,61.27538753885752,61.84222412109375,10667300
2014-02-06,62.09021894529816,62.89088370373906,62.03353906796038,62.88379669189453,10037900
2014-02-07,63.00423206582003,63.79780960083008,62.7845834094585,63.79780960083008,9435100
2014-02-10,63.93953600281405,64.53472067901293,63.62777774938252,64.52763366699219,8080200
2014-02-11,64.54179386541065,65.87387084960938,64.44259733328593,65.87387084960938,11556300
2014-02-12,65.85967650329219,65.88801913312501,65.15112697488323,65.48414611816406,7696100
2014-02-13,65.186565077682,65.62586778842561,64.98108503906667,65.5833511352539,5926000
2014-02-14,65.61170421596294,65.85969554143244,65.2078310842539,65.7250747680664,5485100
2014-02-18,65.73215081757198,65.78883608883271,65.25033682346584,65.30702209472656,6926500
2014-02-19,65.29286520783779,65.71799400704562,64.88190502608762,64.93150329589844,7693400
2014-02-20,64.96694528513802,65.70383786640647,64.69769285005884,65.45584106445312,8160100
2014-02-21,65.5557460226026,65.83406847815331,65.26314754924105,65.31310272216797,7381500
2014-02-24,65.26313034547927,65.69845621396155,65.01335454668714,65.02049255371094,8406700
2014-02-25,65.3630406649961,65.56286674873387,64.69935301879308,65.02049255371094,6383400
2014-02-26,65.02049255371094,65.32736151928528,64.77784931723855,65.02049255371094,6334100
2014-02-27,65.05618608235758,65.24173073283615,64.76358764592595,65.19891357421875,7040300
2014-02-28,65.2417301251745,66.11238197365086,64.98481628645345,65.74128723144531,9643700
2014-03-03,65.03476767068237,65.64137308192885,64.82067644733458,65.34163665771484,7506700
2014-03-04,65.99103762531655,66.6975476871156,65.83403417942728,66.61190795898438,8796300
2014-03-05,66.56197171498117,66.58338573662233,65.92682519056524,66.07669067382812,6842500
2014-03-06,66.50489870810807,66.83317633142836,66.24084682981102,66.29080200195312,7718300
2014-03-07,66.63334847481674,66.71185022898175,66.1480673784807,66.59766387939453,6792000
2014-03-10,66.49057861381483,66.718945741466,66.21939435119839,66.69039916992188,4878200
2014-03-11,66.87597473361575,66.90452131607508,66.43351087255205,66.7189712524414,5837200
2014-03-12,66.2408480681941,66.81176899881046,66.1195291399674,66.79749298095703,6154900
2014-03-13,66.97590089007468,67.22567673978742,66.35503027003236,66.36930084228516,7659400
2014-03-14,66.28363587604909,66.68328252836365,65.9839049703405,66.23368072509766,7337800
2014-03-17,66.5548539908068,67.21140923853801,66.4977608097766,67.03299713134766,5872600
2014-03-18,67.01159165279186,67.25422951634815,66.71186060556151,67.0401382446289,5891900
2014-03-19,67.00444856788229,67.33986419067668,66.3122087412139,66.79035186767578,5937600
2014-03-20,66.74040093276223,67.21854953427624,66.34075954136483,67.16859436035156,5727400
2014-03-21,67.63244673381321,68.46028137207031,66.9973001848455,68.46028137207031,23988800
2014-03-24,68.01064679442091,68.10341906098267,67.46827286792582,67.93927764892578,13944100
2014-03-25,68.29614201626863,69.72343865564481,68.29614201626863,69.49507141113281,14167300
2014-03-26,69.58786014496266,70.27296198647677,69.25958251953125,69.25958251953125,11215100
2014-03-27,69.28095573082071,69.72341404826021,68.69576453299536,69.4236831665039,8694600
2014-03-28,69.58785036808152,70.09454003036593,69.19534160765468,69.53789520263672,8816000
2014-03-31,69.93754304301066,70.36573099310846,69.65922060321182,70.1016845703125,7545700
2014-04-01,70.15876073472232,70.42281255868016,69.48793505324974,69.89471435546875,7068500
2014-04-02,69.94468105151209,70.21586548280949,69.48794651211374,70.1016845703125,7995600
2014-04-03,69.91613396394204,70.18018038485624,69.60212692857907,70.12309265136719,5471200
2014-04-04,70.38001476153929,70.92238368386884,70.16591804055787,70.2372817993164,10309700
2014-04-07,70.21584049065048,70.90808006185829,69.81619927209886,69.85901641845703,11409200
2014-04-08,69.95893810302597,70.45849515217962,69.58070539612788,69.9803466796875,9601800
2014-04-09,70.2372610644175,70.6511783656117,69.78052660954947,70.61549377441406,8921300
2014-04-10,70.55127081984605,70.6012259826658,68.88133097970648,68.8956069946289,9667800
2014-04-11,68.65298538723657,69.3666339066245,68.54594246509326,69.13113403320312,8710700
2014-04-14,69.42370182467671,69.4807949921753,68.68864498842082,69.32379150390625,8617200
2014-04-15,70.25867852748637,70.80105280300505,69.97322354061798,70.79391479492188,13999100
2014-04-16,71.05796208798095,71.15787241591578,69.9874896217898,70.47277069091797,11308000
2014-04-17,70.42995224298444,71.11505395541839,70.42995224298444,70.62263488769531,9153500
2014-04-21,70.65832727830158,71.457609975331,70.41568399905694,71.36483764648438,7031400
2014-04-22,71.36482922242396,71.90006544159215,71.17927914192843,71.4932861328125,7937900
2014-04-23,71.53612115967724,71.76448845245307,71.3077538669014,71.5218505859375,5876000
2014-04-24,71.53609381757576,71.62887156789313,71.04368026352928,71.33627319335938,6149900
2014-04-25,71.34341509130718,71.5503737333067,70.93663581419199,71.21495819091797,5895900
2014-04-28,71.76446123231862,72.43529228246138,71.45045972679316,72.32110595703125,8792900
2014-04-29,72.5281026061848,72.77788396281785,72.04995936839595,72.09991455078125,7811200
2014-04-30,71.96428593326861,72.55661527940438,71.86437561521005,72.28543090820312,8513600
2014-05-01,71.91433895299262,72.09988904107696,71.31487697646496,71.7430648803711,6590500
2014-05-02,71.48614393678784,71.63600941600934,70.56553704039514,70.87240600585938,8744200
2014-05-05,70.85814795255894,71.4861565637542,70.67973585844273,71.36483764648438,5438200
2014-05-06,71.37911640046308,71.37911640046308,71.0151596069336,71.0151596069336,5795900
2014-05-07,71.25778081759266,72.1141620342184,70.90095667184137,72.01425170898438,8720800
2014-05-08,71.84298335036856,72.14271437259511,71.62175408796875,71.72166442871094,5667900
2014-05-09,71.9785671165275,72.25688951463717,71.65742756323309,72.01425170898438,5691700
2014-05-12,72.24974372337262,72.24974372337262,71.6645524051743,71.73591613769531,7437300
2014-05-13,72.00713147659702,72.42818145906213,71.81444334129158,72.09276580810547,6183200
2014-05-14,72.04281314425893,72.14986150708144,71.91435619781308,71.98572540283203,4187200
2014-05-15,71.82154655615864,71.9642740026648,71.65741053714686,71.85723114013672,7007600
2014-05-16,71.77160192241702,71.99996913711236,71.46473296722917,71.77873992919922,6516900
2014-05-19,71.521840342141,72.02853003026914,71.45760915774747,71.82157135009766,6997200
2014-05-20,71.94286170530776,72.06418601772981,71.33626192200876,71.54322052001953,5438400
2014-05-21,71.79301216888612,72.22120002581705,71.74305700965591,72.17838287353516,5302500
2014-05-22,72.2790114547849,72.58801917418786,71.91970040816057,72.55208587646484,5124900
2014-05-23,72.60956759195102,72.69580420576948,72.34367547799889,72.56645202636719,5275700
2014-05-27,72.65266826831332,72.83951148530348,72.05621081426949,72.44426727294922,4524400
2014-05-28,72.34365296702322,72.53049616416499,71.9484142793049,72.07776641845703,4352700
2014-05-29,72.26458994915416,72.43706308927074,71.96995792942232,72.40831756591797,3685200
2014-05-30,72.36523792119249,72.96888329149552,72.25744900029116,72.91139221191406,5973900
2014-06-02,72.96887050538837,73.48627916565532,72.58800176453913,73.42160034179688,5845400
2014-06-03,73.23478127386538,73.73062679758179,73.18447246322371,73.63002014160156,6681300
2014-06-04,73.46475389940434,73.80968950381104,73.25635279219286,73.78813171386719,5608600
2014-06-05,73.85996728953042,74.27676935976157,73.60126293439733,74.17616271972656,4730900
2014-06-06,74.19772611434966,74.25521719376121,73.90308844435381,74.14742279052734,4624000
2014-06-09,74.06836832464599,74.18335047477211,73.78810618702693,74.17616271972656,3748800
2014-06-10,74.35581051100209,74.8229158528395,73.85277188031175,74.80854034423828,5792100
2014-06-11,74.60013956214236,74.84447386526995,74.11147643853734,74.24801635742188,5960500
2014-06-12,74.14740315343438,74.16896093184161,73.6659278268409,73.6802978515625,5930700
2014-06-13,73.6659278268409,73.76653444784104,73.42159354537652,73.6802978515625,4301600
2014-06-16,73.67312894592793,73.93902107382364,73.18446574063242,73.6228256225586,5645500
2014-06-17,73.39287536859038,73.44317869783973,72.85390877692527,73.24915313720703,4834600
2014-06-18,73.23477530672933,73.89590627291693,73.19884201138498,73.88153076171875,5445000
2014-06-19,73.96775052092468,74.64325684433719,73.88151392134547,74.60013580322266,5481500
2014-06-20,75.00258989968468,75.80026086237251,74.78700107849552,75.64934539794922,12459700
2014-06-23,75.39063981029834,75.54154977870289,75.05288657892343,75.2756576538086,6063200
2014-06-24,75.18941295546661,75.6205905133114,75.13192736605097,75.1606674194336,5915000
2014-06-25,74.90198909050358,76.08052897763395,74.90198909050358,76.00148010253906,6411100
2014-06-26,76.05892821178556,76.15235255410555,75.47684631181909,75.92239379882812,5106900
2014-06-27,75.79305341555101,75.87928453550299,75.06005600005894,75.44811248779297,6463000
2014-06-30,75.90088082572575,76.17395529548298,75.11039199785822,75.18225860595703,6877800
2014-07-01,75.56311186154298,76.17393952535757,75.44812969851132,76.08052062988281,5129200
2014-07-02,75.95834395803053,76.15237497023357,75.67089954130881,76.07332611083984,3764900
2014-07-03,76.0805090267105,76.35358339828669,75.53435480090769,75.75712585449219,4199100
2014-07-07,75.75714046377954,76.70572141644362,75.64934605225262,76.5116958618164,7014900
2014-07-08,76.32484052337661,76.35358606075285,75.82898959827503,75.97271728515625,6268400
2014-07-09,76.17392170229606,76.32483164397694,75.97270844672154,76.20266723632812,5720900
2014-07-10,75.51278093494012,76.17391168276603,75.11034899407494,76.03018951416016,4955100
2014-07-11,76.05896236508562,76.18113229200527,75.35471575947464,75.52718353271484,5461000
2014-07-14,75.7283935546875,75.80744242287001,75.53436800356315,75.7283935546875,7784800
2014-07-15,75.6205847904737,75.79305251096932,73.85277009545621,74.21926879882812,14219700
2014-07-16,74.39892003964685,74.49952666109826,73.26349618880991,73.45752716064453,11946800
2014-07-17,73.22755741680683,73.37127957373802,72.04901818549475,72.12806701660156,11218900
2014-07-18,72.34366209372389,73.27068496082366,72.1280788230389,73.15570831298828,8408400
2014-07-21,72.89702648937276,72.99763314325759,72.59520104506686,72.77485656738281,6379900
2014-07-22,73.2347804120647,73.68751035864817,73.14135603071703,73.63720703125,6554100
2014-07-23,73.87434159606367,73.96776047953117,73.21320520891106,73.43598175048828,4815300
2014-07-24,73.54379820439492,73.82406592506294,73.31383930441686,73.44319152832031,5177200
2014-07-25,73.493478575266,73.58690295566376,73.15573079911319,73.37850189208984,3951500
2014-07-28,73.22040415540263,73.58690295566376,73.05512414533978,73.37850189208984,4634800
2014-07-29,73.62282945869067,73.66595051143341,73.07668062869519,73.27070617675781,6053900
2014-07-30,73.49347426980309,73.91027637253345,73.16290878639143,73.5150375366211,5994800
2014-07-31,73.13415741434605,73.18446073427428,71.89813219858813,71.92687225341797,9141500
2014-08-01,71.6897147332992,72.15682001566311,70.99983843983149,71.79032135009766,8610700
2014-08-04,71.85501819342308,72.13528035801271,71.37354272939999,71.97718811035156,6790800
2014-08-05,71.74003687636626,72.03466905072906,71.53882358994271,71.73284912109375,6230900
2014-08-06,71.6250839260384,72.45868843270512,71.57478058392252,72.37245178222656,7412100
2014-08-07,72.64549595380137,72.71736254052097,71.56038067226588,71.81189727783203,7417800
2014-08-08,72.01310261410188,72.68860897962368,71.69690721191718,72.6383056640625,5618400
2014-08-11,73.02637389209302,73.14135056785067,72.58801400779912,72.69580841064453,5703000
2014-08-12,72.58083356236176,72.73893130477136,72.08498254892284,72.31494140625,4577700
2014-08-13,72.68860270662168,73.26349690875773,72.68860270662168,73.11258697509766,4563700
2014-08-14,73.2203933718713,73.3353755207649,72.94013123725645,73.31381225585938,5239400
2014-08-15,73.45038605292342,73.61567159750383,72.4371314412058,72.70301818847656,6986000
2014-08-18,73.24195828120688,73.81685811631634,73.11979384810775,73.80248260498047,5979500
2014-08-19,73.82403886154704,73.98931884765625,73.31381242794737,73.98931884765625,5670000
2014-08-20,73.92464698218534,74.23365466094141,73.8024770755882,74.16897583007812,5183000
2014-08-21,74.25519190570758,75.0384870359924,74.25519190570758,74.87320709228516,8357600
2014-08-22,74.97450172817403,75.26389587936698,74.49700607047986,74.59105682373047,5076300
2014-08-25,74.98898869079028,75.10474306137588,74.58383459440223,74.68512725830078,3678200
2014-08-26,74.8587778840152,75.03964861224767,74.6417308022416,74.83707427978516,3512400
2014-08-27,74.9528084083601,75.03962832154076,74.45360908684277,74.67788696289062,4786100
2014-08-28,74.44637312109082,74.656183772623,74.30890963773713,74.4825439453125,3482200
2014-08-29,74.59105454370622,75.06855570653896,74.52594375953858,75.0468521118164,5287800
2014-09-02,74.73578285748843,75.03240796463442,74.53320301682588,74.77919006347656,4644800
2014-09-03,75.1119725636844,75.31454683348052,74.90939829388829,75.06856536865234,4725800
2014-09-04,75.23498074684251,75.31456430268393,75.06858278080037,75.12645721435547,6147700
2014-09-05,75.18434010039212,75.54608154296875,74.76471870226648,75.54608154296875,5744400
2014-09-08,75.54606642897775,75.66182631691643,75.11921426160819,75.27838134765625,4900300
2014-09-09,75.53159983543898,75.53159983543898,74.91664060488635,75.0975112915039,5999400
2014-09-10,75.37965987365693,76.21166051424166,75.21325643369921,75.95844268798828,7402200
2014-09-11,75.80651175025835,75.88609528393175,75.31454332379305,75.6401138305664,4834100
2014-09-12,75.63288711512297,75.8282250283396,75.21326579667502,75.66182708740234,5929200
2014-09-15,75.66906625841304,75.9005860620973,75.49543192538577,75.76312255859375,4525500
2014-09-16,75.59671531868614,76.64576867793022,75.45925734175707,76.60235595703125,6081400
2014-09-17,76.60235385549247,77.14496593409038,76.54447942877434,76.8266372680664,6627800
2014-09-18,76.81938964321472,77.70927575045876,76.7108661394433,77.66586303710938,6628700
2014-09-19,78.0565438290807,78.40381793493437,77.86120593935559,78.12889099121094,13033400
2014-09-22,78.13613632260204,78.31700700853399,77.97696923582427,78.04931640625,5788300
2014-09-23,77.96973841045174,78.20848905760562,77.55012258423253,77.7454605102539,8108100
2014-09-24,77.91908374372484,78.69321000360613,77.65862953294844,78.59915924072266,5890900
2014-09-25,78.51958115281649,78.53405389871685,77.46329701123629,77.48500061035156,5688200
2014-09-26,77.70928401392499,77.7671584383206,76.83386503821713,77.48500061035156,4467500
2014-09-29,76.96409697704053,77.15944042079335,76.71811547866808,77.0798568725586,6581600
2014-09-30,77.0509094075398,77.5645814745552,77.01473306377369,77.11602020263672,6822500
2014-10-01,76.67471037064182,76.89175190105915,75.20603563477924,75.45925903320312,12263700
2014-10-02,75.28560532081579,75.63287943316065,74.69958612095202,75.13367462158203,7566100
2014-10-03,75.40860811162102,76.10315087682278,75.33625542212762,76.05973815917969,6856100
2014-10-06,76.45767379242434,76.68918810175339,75.50991295106743,75.86441802978516,5015100
2014-10-07,75.57499374989578,75.57499374989578,74.04120860987165,74.07738494873047,8407800
2014-10-08,74.10633418157879,75.98738812300962,73.82417636635091,75.90057373046875,8337000
2014-10-09,75.69799655846728,75.86440001616235,73.6433082410146,73.85311889648438,10675900
2014-10-10,74.0484640183858,74.17869114412902,73.23816680908203,73.23816680908203,9984100
2014-10-13,73.40456360431045,73.40456360431045,71.63926382093713,71.71161651611328,10334600
2014-10-14,72.73172318694843,72.99941380337721,68.9768457822778,70.18506622314453,20807400
2014-10-15,69.49052555748519,71.42222332013442,68.8032135815926,71.0532455444336,21905900
2014-10-16,70.15612499144557,70.90131136034046,69.81608720686586,70.01866149902344,14575300
2014-10-17,70.5685082398955,71.73331591132688,70.40210477837586,71.40774536132812,12272900
2014-10-20,71.5017927919966,71.76947784423828,71.13281508894482,71.76947784423828,7988900
2014-10-21,72.22529671974793,72.62320898906668,71.87078613686751,72.6087417602539,7287300
2014-10-22,73.14408373353253,73.64328845274407,72.724462535347,73.23090362548828,9360100
2014-10-23,73.98334489304376,74.50425333741998,73.75183064218047,74.25102996826172,7570400
2014-10-24,74.48256581988865,74.72855288762088,73.94718999445271,74.61279296875,5973100
2014-10-27,74.56934884530808,75.41582213401263,74.54764525119782,75.29283142089844,7043900
2014-10-28,75.64011692183533,75.82098759307861,74.92386508950284,75.81375122070312,10347800
2014-10-29,75.96569338159405,76.37084197998047,75.86440623199744,76.37084197998047,8188300
2014-10-30,76.08867471088939,77.44882572803986,75.90057318192028,77.44158935546875,9068300
2014-10-31,78.09274202429077,78.26637636594191,77.60077345649907,77.97698211669922,10800100
2014-11-03,78.01315113158424,78.22296180456168,77.23178838802735,77.7454605102539,7082600
2014-11-04,78.05654152384791,78.6642698112102,77.65862386428125,78.58468627929688,9349000
2014-11-05,78.89577353077878,79.04770420245755,78.09993831760366,78.7293701171875,6966800
2014-11-06,78.80895661748119,79.09111437836928,78.53403522782288,78.86683654785156,6200300
2014-11-07,78.85962646991008,78.88133007110187,78.0782637085909,78.28083801269531,6652600
2014-11-10,78.18675820987742,78.80171726754877,77.55732641029358,78.7293701171875,7573300
2014-11-11,78.77280839565233,79.14902255759934,78.53406325719914,78.79451751708984,6221100
2014-11-12,78.62087676350198,78.85962741895653,78.41830245695965,78.67875671386719,4895900
2014-11-13,78.89579583525469,79.21412449078505,78.49787811617259,78.91026306152344,4860000
2014-11-14,78.80173497190934,78.903022109118,78.14336858005304,78.25189208984375,5650700
2014-11-17,78.13614812662794,78.6353530615303,77.85399025552734,78.35319519042969,5233000
2014-11-18,78.23018445600201,78.90302360578512,77.93355941133156,78.73662567138672,5407200
2014-11-19,78.46171357036795,78.72216784025643,78.20849567456975,78.68599700927734,5217800
2014-11-20,78.53405565907383,78.5485228855632,77.91186004505819,78.26636505126953,8090700
2014-11-21,79.17660690842543,79.17660690842543,78.36831040074107,78.54307556152344,8417400
2014-11-24,78.58675260687787,78.812496689797,77.65466449427211,77.82942962646484,9098000
2014-11-25,77.90227106898358,78.0551912885525,77.69837188720703,77.69837188720703,7367900
2014-11-26,77.7493253041434,78.09886111306612,77.6255335709412,78.06973266601562,5503700
2014-11-28,78.36101283586001,79.24212753943729,78.15711925892421,78.82705688476562,5881200
2014-12-01,78.56492330679774,79.23486107669746,78.17169751428673,78.6668701171875,5638800
2014-12-02,78.62315464542797,79.03094175437113,78.28090236941526,79.0163803100586,6184400
2014-12-03,79.03823563049976,79.36592094953575,78.39014293769813,78.44111633300781,8957400
2014-12-04,78.71055009057872,78.86347584255607,78.19353260148607,78.3246078491211,6697600
2014-12-05,78.3027473137254,79.18386192022481,78.07700881494368,79.0163803100586,6449700
2014-12-08,78.95085566378287,79.28582450658881,78.74696206865612,79.02367401123047,6499300
2014-12-09,78.80521874783516,78.98726739378536,77.83671861801595,78.68142700195312,7214300
2014-12-10,78.36099341979568,78.61586032781523,77.29783034942707,77.36336517333984,9416400
2014-12-11,77.07942017012647,78.14258393490991,76.72260626584294,77.71295166015625,7114600
2014-12-12,77.66194174183758,77.82214541498271,76.01622067545982,76.04534912109375,8325500
2014-12-15,76.29296096544756,76.50413810811416,75.46281940086025,75.703125,12110600
2014-12-16,75.35359339388357,76.61336717043127,74.63996011124541,74.82929229736328,10209200
2014-12-17,75.20067557239535,76.0890741293656,74.78560475298792,75.78323364257812,10207600
2014-12-18,76.91192499894643,77.78575640286726,76.27111011743222,77.77847290039062,11756800
2014-12-19,77.6474080609234,78.20083765408761,76.82454995247441,76.8609619140625,19154400
2014-12-22,76.96290736638304,77.79304896347391,76.9483403597336,77.72750854492188,8124500
2014-12-23,77.66923329188484,77.85128192920237,75.67397622679243,75.93612670898438,10171700
2014-12-24,76.00894504572447,76.70073320087708,76.00894504572447,76.161865234375,3415100
2014-12-26,76.51140337435035,76.96288600854399,76.23469143733834,76.50411987304688,2951000
2014-12-29,76.19826579902802,76.96287218372137,76.17642085472525,76.70072174072266,4273400
2014-12-30,76.76630802091303,77.0430256493528,76.5041574022261,76.72261810302734,4371700
2014-12-31,76.9046313928307,77.26872868924379,76.12546340073399,76.14730834960938,6202100
2015-01-02,76.49684103452005,76.86093831587296,75.82689781451114,76.11089324951172,5753600
2015-01-05,76.08176353720569,76.26381216156611,75.49920571697912,75.57930755615234,8079300
2015-01-06,75.97984678717226,76.45317454336438,74.96037845775628,75.20796203613281,7428000
2015-01-07,75.66671588576085,77.06484841228045,75.59389196934406,76.86823272705078,7931700
2015-01-08,77.23231256700637,77.54543644724122,77.00657403323831,77.47261810302734,9916000
2015-01-09,77.55272991856744,77.55272991856744,76.27838928610272,76.416748046875,7364800
2015-01-12,76.58422657892625,77.0575541913751,75.95070081742328,76.15459442138672,6839000
2015-01-13,76.78083996685581,77.42893271272965,75.90700311839575,76.2856674194336,10151100
2015-01-14,75.63029196948852,76.04536267128648,75.37542496938168,75.73223876953125,8887700
2015-01-15,74.98221108040819,75.6812773437429,74.23944935608176,74.63267517089844,10834800
2015-01-16,74.3195475115231,76.18372967642283,74.27585760839602,75.7613754272461,14092300
2015-01-20,73.9481746474926,74.31227200064484,73.00880280967768,73.75884246826172,20460000
2015-01-21,73.22723470203728,74.34865486135027,73.1107264748749,74.20301818847656,11702900
2015-01-22,74.55986622643731,75.60846853171135,73.96274670386416,75.5574951171875,9036600
2015-01-23,74.96034622035701,74.98219116720905,74.23215169497777,74.42147827148438,10126000
2015-01-26,74.13019541247529,74.60351734880966,73.70055780856728,74.46516418457031,8962800
2015-01-27,74.15206589961201,74.8365651237329,73.49668957380729,74.34139251708984,10160500
2015-01-28,74.62536542902188,74.95305069058024,73.86804257748537,73.89717102050781,9053200
2015-01-29,73.91902560711287,74.61080816317619,73.3073393352074,74.55255126953125,7569300
2015-01-30,73.97001938822679,74.27585983063567,72.88500527884315,72.92141723632812,10676300
2015-02-02,73.17627720748256,73.43842772015012,72.36798071937162,73.42386627197266,8990700
2015-02-03,73.83895512009506,74.68365821388406,73.63506146144549,74.61083984375,10005200
2015-02-04,74.36322091504297,74.60352086665611,73.56220255738957,73.8097915649414,9514100
2015-02-05,73.9627469048915,74.68365821388406,73.8826450310384,74.61083984375,6642200
2015-02-06,74.35596931003478,74.60355286810555,73.42388088205144,73.62049102783203,9215700
2015-02-09,73.59132872192905,73.59132872192905,72.16406827858223,72.65924072265625,9851700
2015-02-10,72.95785540292262,73.32923083539436,72.4044256733102,73.0743637084961,12275500
2015-02-11,73.15442541669697,73.39473095678525,72.78304463253176,73.0961685180664,8177000
2015-02-12,73.18358958663626,73.21271805016902,70.74413771155231,71.68350982666016,25835200
2015-02-13,71.68346257585065,72.57913862742312,71.60336074285699,72.54273223876953,11153600
2015-02-17,72.37522536556477,73.16895997936979,72.17861536445925,73.13983154296875,8627100
2015-02-18,73.3292067806254,73.5039775151842,72.36798996329145,72.79034423828125,7878200
2015-02-19,72.78307746209437,73.43117047355832,72.53549386476485,73.3292236328125,10028200
2015-02-20,73.46120985642227,73.60053715906609,72.67658745785627,73.5198745727539,10085700
2015-02-23,73.87183865215641,73.893836518257,73.1825479378495,73.46119689941406,6878200
2015-02-24,73.51251203694234,74.09914778728584,73.32918906428164,73.84249114990234,6587200
2015-02-25,74.01848246956214,74.27513350279492,73.44651571133683,74.21646881103516,9684000
2015-02-26,74.3411218877627,75.66104938721388,74.22379810701844,75.38240051269531,11437900
2015-02-27,75.55842084563797,75.7710762321514,75.14777904799818,75.1697769165039,8500000
2015-03-02,75.16974738095702,75.82971114969138,75.16974738095702,75.69038391113281,7277600
2015-03-03,75.60240081346767,75.60240081346767,74.65645350300366,75.04509735107422,6419700
2015-03-04,74.88377929157093,74.88377929157093,74.18714855122255,74.53913116455078,8665500
2015-03-05,74.84710674722305,75.68305909623744,74.79577653612826,75.17708587646484,8042300
2015-03-06,74.86176587393959,75.11108802408316,73.24119147901224,73.40985107421875,9287600
2015-03-09,73.47585216185863,74.00382326824565,73.15320750373496,73.81317138671875,5701100
2015-03-10,73.32187178296213,73.65185656792212,72.9698947258275,72.98455810546875,8735700
2015-03-11,73.20457059190828,73.20457059190828,72.02396955843386,72.09729766845703,9138100
2015-03-12,72.56657799272831,73.50519088791597,72.47125204369569,73.20454406738281,8318000
2015-03-13,73.21920726429872,73.36586902541619,72.33192458919105,72.7499008178711,7821800
2015-03-16,73.13854582877471,74.11382557568037,73.13854582877471,74.10649108886719,7726500
2015-03-17,73.40987557876424,73.71052244287256,72.89657332561592,73.24855041503906,7301500
2015-03-18,73.24855751789866,74.60514697097383,72.69125387859988,74.39982604980469,7972500
2015-03-19,74.09183284237943,74.76646021699494,73.99650688550157,74.56847381591797,6863100
2015-03-20,74.70045223474384,75.45574204077353,74.61978967346168,75.08909606933594,12433800
2015-03-23,75.14043144323246,75.7857263832439,74.96444293133369,75.51441192626953,9016000
2015-03-24,75.40439961684996,75.69771746541205,74.74443585622836,74.76643371582031,8390700
2015-03-25,74.68579429225584,75.16243524442805,73.57852172851562,73.57852172851562,8444100
2015-03-26,73.29253460443601,73.92316618441164,73.0065511663743,73.4318618774414,9972400
2015-03-27,73.53452599570952,74.02583032729233,73.43920004310482,73.57852172851562,5847400
2015-03-30,74.23849594094963,74.69313908947522,73.88651884076704,74.4658203125,6061200
2015-03-31,74.04051568967348,74.42182517906707,73.76186106802471,73.76919555664062,8028000
2015-04-01,73.66650508832458,73.66650508832458,72.30991616488015,72.70589447021484,11368100
2015-04-02,72.91855989900694,73.32186715127101,72.51524705216876,73.06521606445312,6097100
2015-04-06,72.47856754334823,73.00653859797706,71.89193738953975,72.71322631835938,9697600
2015-04-07,72.99923479389749,73.96718019516732,72.9112377230275,73.40254211425781,7900300
2015-04-08,73.21186677518148,73.65917531941155,73.03587827084341,73.44652557373047,7354100
2015-04-09,73.74719315068315,74.53915003523686,73.57120459675184,74.30449676513672,8073900
2015-04-10,74.30449024127827,74.89845505525643,74.0111722807623,74.83979034423828,6786500
2015-04-13,74.45846324254954,74.7811134820087,73.73250579833984,73.73250579833984,10753500
2015-04-14,74.0991597179647,74.39980653235725,73.46852814290826,73.71051025390625,9322200
2015-04-15,73.72519981409633,74.23850212569839,73.57120912061572,73.76919555664062,8237100
2015-04-16,73.52719373706951,73.56386057856876,73.16054770037518,73.17521667480469,7324800
2015-04-17,72.86724192701155,73.21921902106193,72.67658440423214,73.02123260498047,11084200
2015-04-20,73.51985164937155,73.97448907274827,73.36586101294651,73.48318481445312,6668500
2015-04-21,73.81318757642644,74.05516972445058,73.44654151597031,73.54920196533203,6532700
2015-04-22,73.79115686461891,73.91582073101651,73.29985266772874,73.64450073242188,4763900
2015-04-23,73.69586678344922,73.93052006584234,73.2632270668332,73.66653442382812,7351500
2015-04-24,73.40986822460589,74.45114160214973,73.32920565082402,74.12116241455078,6566900
2015-04-27,74.17979664471655,74.50244121270983,73.67382354334303,73.75448608398438,9113900
2015-04-28,73.65916323710753,74.02580915783892,72.82321098540578,73.87181854248047,7484600
2015-04-29,73.70319329736938,73.77652139120028,73.2558846520535,73.61519622802734,8926200
2015-04-30,73.38053506593637,73.43919977251127,72.42725316510437,72.74256896972656,10170600
2015-05-01,73.05056270712791,73.61519517558595,73.05056270712791,73.4245376586914,6255000
2015-05-04,73.57118256990118,73.73250769377795,73.4465242812959,73.58584594726562,5532400
2015-05-05,73.4245268834928,73.54185629038646,72.80856428102324,72.96255493164062,8828000
2015-05-06,73.05053522233858,73.23385818260834,72.34657572625146,72.72055053710938,8030800
2015-05-07,72.55190865194143,73.32919634291272,72.52991078817034,73.07987976074219,6401600
2015-05-08,73.68117754625226,74.55379116183396,73.65184519692387,74.40713500976562,7508600
2015-05-11,74.29713560949679,74.54645776643757,74.06981690915308,74.08448028564453,5698900
2015-05-12,73.97452847786349,74.09919242624864,73.53455419734237,73.67388153076172,6903100
2015-05-13,73.82783173519212,74.15781086585832,73.673841101243,73.73250579833984,5826800
2015-05-14,74.04049573811677,74.70045967131986,74.02582676483777,74.67112731933594,5454000
2015-05-15,74.78111675441382,75.03043333612526,74.55379244185926,75.0157699584961,6023500
2015-05-18,75.06710576024028,76.51168633363189,75.03043892157729,75.8370590209961,10479600
2015-05-19,76.01307081531753,76.35038455010165,75.71975282150404,76.2330551147461,7724100
2015-05-20,76.5703544323231,76.61435575958424,75.75639981017112,75.96905517578125,7146500
2015-05-21,76.01339616467605,76.30146512837626,75.59236622579014,75.65145874023438,6875600
2015-05-22,75.54064611307872,75.64406080972513,74.84632893528382,74.86109924316406,6216600
2015-05-26,74.77245693191861,75.00882127653988,74.2923402719587,74.46961212158203,7918900
2015-05-27,74.60995240666959,74.90540923448127,74.45483884002678,74.6985855102539,9297900
2015-05-28,74.60994698115759,75.11960419581676,74.4622157603094,74.7133560180664,5700100
2015-05-29,75.0088226731021,75.06052719834535,73.73836218384457,73.96733856201172,9957800
2015-06-01,74.07075025279755,74.30711461024497,73.65711403610727,73.89347839355469,7298100
2015-06-02,73.80482942612682,74.04119375084369,73.1991454918292,73.84915161132812,8312400
2015-06-03,74.10027888740757,74.1815296442819,73.74572961783151,73.93038940429688,5375200
2015-06-04,73.81962987669128,74.21110789117033,73.16962354137038,73.29519653320312,8057900
2015-06-05,73.11789026840229,73.16221245090098,72.53436464460181,72.82243347167969,7557300
2015-06-08,72.82982243811348,73.11050893475795,72.35709381103516,72.35709381103516,7054600
2015-06-09,72.71166811483798,72.78553093159898,72.23893932512146,72.54177856445312,7844300
2015-06-10,72.74120799954771,73.53155190397023,72.53438424120556,73.03665924072266,10025100
2015-06-11,73.27299739951594,73.71618537345844,72.9997045356698,73.30254364013672,6175200
2015-06-12,73.03665003619506,73.29517829269862,72.47528824041196,72.64517211914062,8717200
2015-06-15,72.20199653957765,72.29063529040585,71.65540499789803,72.00994873046875,6833500
2015-06-16,72.01733472734998,72.74858608667769,71.72187786806104,72.6525650024414,6049500
2015-06-17,72.66733689371901,73.2139340676998,72.49745299979955,72.92586517333984,6155800
2015-06-18,73.02188565474569,74.27018794354505,72.91108862659334,74.12984466552734,8815800
2015-06-19,73.77530650333735,74.01167090277492,73.70144368514532,73.76053619384766,11653600
2015-06-22,74.30709694658967,74.48436876369297,73.85652661678462,73.93038940429688,5055900
2015-06-23,73.93778798018738,74.12983576356446,73.47983525069546,73.70142364501953,6046600
2015-06-24,73.50198909620514,73.72357747717282,73.1769860416753,73.36903381347656,7254700
2015-06-25,73.49460912323772,73.84915846088272,73.2065402518758,73.21392822265625,6581100
2015-06-26,73.44293171767823,73.9599771558211,73.30997637138827,73.5980453491211,9041100
2015-06-29,73.11053257642352,73.38382555632683,72.10598251019948,72.15029907226562,11150900
2015-06-30,72.7042740657269,72.7190443736959,71.86961359888447,71.98779296875,8967900
2015-07-01,72.60824310034697,72.88892399655313,72.12073847310576,72.73381042480469,6726700
2015-07-02,73.01450916873284,73.14007652388435,72.62303115833592,72.711669921875,6091900
2015-07-06,72.1724767327444,72.7560027099113,71.38213256323947,72.53440856933594,6817800
2015-07-07,72.85197896302964,73.11050717959986,72.03208903738656,73.0661849975586,7122600
2015-07-08,72.69686769901992,72.8224350087823,72.15766424633685,72.21675109863281,6845500
2015-07-09,73.16222267541637,73.5241543434129,72.6821060180664,72.6821060180664,7316400
2015-07-10,73.70143688470161,73.78268766782735,73.19177390607122,73.51677703857422,6969300
2015-07-13,73.90085097961587,74.21846604712913,73.76789570402033,74.06334686279297,6986300
2015-07-14,73.31733371363563,73.77528644312756,72.7929005210873,73.70142364501953,9890600
2015-07-15,73.68665718769692,74.55825177577769,73.59063047330842,74.17415618896484,7990300
2015-07-16,74.56563763481006,74.86848246316075,74.44007030199819,74.68382263183594,5775000
2015-07-17,74.52133848730307,74.53611443306848,73.83440352888726,73.92304229736328,8054200
2015-07-20,74.23325864072424,74.3440556762175,73.937801757866,74.13723754882812,5016200
2015-07-21,74.3070913815813,74.4622049143511,73.9156135652524,74.11504364013672,5891600
2015-07-22,74.16679202379576,74.38838048397928,73.66451695785906,73.99690246582031,6721900
2015-07-23,74.23324411306915,74.30710691048573,73.86392449061607,74.01165008544922,5016100
2015-07-24,73.67928944137212,73.8270150858526,73.16224405031836,73.2361068725586,6524200
2015-07-27,73.10315366903072,73.11792397976042,72.32757992447321,72.59349060058594,8734000
2015-07-28,73.0440164871666,73.29515669897125,72.69685522590744,73.1400375366211,7757500
2015-07-29,73.31735120145659,73.90087702582336,73.1622375978206,73.66451263427734,7853500
2015-07-30,73.71619455952425,73.86392014566763,73.40596181203134,73.74573516845703,5517400
2015-07-31,74.11505640893608,74.58779069286761,73.83437553490582,74.01903533935547,6216800
2015-08-03,73.86392994992075,74.01904352657111,73.29518016886944,73.87870025634766,6172500
2015-08-04,74.16678754214584,74.23326238557246,73.60541999993298,73.71621704101562,6005300
2015-08-05,74.28494294159009,74.6025580179725,74.12244141850564,74.24800872802734,4571300
2015-08-06,74.22587624181256,74.30712703158318,73.13269301914346,73.17700958251953,6988000
2015-08-07,73.1400784668857,73.17701269485111,72.50485370178193,73.01451110839844,6027900
2015-08-10,73.54630736785491,73.90823901000454,73.45766863216987,73.70880889892578,6133500
2015-08-11,73.16222905020575,73.37642950017428,72.95540530081625,73.13268280029297,6682600
2015-08-12,72.68209543801578,72.92584771654728,71.9508442377909,72.91107177734375,7462400
2015-08-13,72.93326077448259,73.11053830738666,72.49746618568044,72.74121856689453,5048000
2015-08-14,72.63039590515811,72.9997155154127,72.29062253996828,72.98493957519531,5177300
2015-08-17,72.7116442834987,73.77528089406665,72.43095778228187,73.76789855957031,6901800
2015-08-18,73.3025481323569,73.62755116373354,73.14004661666858,73.39857482910156,7618800
2015-08-19,73.25824984974531,73.85654591087214,72.96279298714246,73.3542709350586,7642400
2015-08-20,73.0883636954447,73.95257604463326,72.97018432617188,72.97018432617188,10620400
2015-08-21,72.35986011923873,73.3274335170657,71.08712515726758,71.12433624267578,16141500
2015-08-24,67.78993604611105,70.86385176911622,60.87548111340171,69.08499908447266,25636300
2015-08-25,71.22109583003648,71.22853463984914,67.28380193795559,67.5294189453125,15671100
2015-08-26,69.15197047653874,70.87127815791274,68.07274682148174,70.7894058227539,14738300
2015-08-27,71.52626086224403,71.74955011177796,70.22375348975292,71.6155776977539,11131200
2015-08-28,71.39969175973758,71.66763643325628,70.24604076661662,70.83403015136719,9200300
2015-08-31,70.61821289343207,70.83405761291812,69.65063957814479,69.94835662841797,9083500
2015-09-01,68.69051788628721,69.13709070576397,68.07275588546224,68.54165649414062,14593500
2015-09-02,69.34548925954736,69.56877850299867,68.84681638478499,69.47946166992188,11517400
2015-09-03,69.71018277575905,70.03022192639892,68.6681759591947,68.95100402832031,9027200
2015-09-04,68.16205913701388,68.38534266301427,67.41032487230778,67.96109771728516,10996800
2015-09-08,69.28592072748117,69.94834373955742,68.85423704653265,69.91857147216797,11394100
2015-09-09,70.70010076817151,70.82663437533127,68.49700319735105,68.63842010498047,7384500
2015-09-10,68.55652663926192,69.57620560104186,68.19182626603315,69.01054382324219,8359500
2015-09-11,68.80217719532693,69.21897782533276,68.3258319957538,69.16687774658203,7381300
2015-09-14,69.14451485949046,69.8962490529205,68.85424232827606,69.45711517333984,7948700
2015-09-15,69.8069310139743,70.52144843810375,69.36035833370336,70.26094818115234,7030700
2015-09-16,70.32795001477861,70.57356704096014,69.82927715203272,70.41726684570312,5630400
2015-09-17,70.35770432248583,71.5932279482252,70.20140416714767,70.58843231201172,8258000
2015-09-18,70.02278571688237,70.49913073440017,69.4050238203113,69.50922393798828,14211100
2015-09-21,69.86650593493361,70.40983446735385,68.75007090951527,69.31572723388672,7053700
2015-09-22,68.66817459623664,69.54643673696124,68.38534085424452,69.39757537841797,10618700
2015-09-23,69.37525437575354,69.73995480249403,68.89146485053737,69.21150970458984,5609300
2015-09-24,68.86169103394819,69.17429707120654,68.31091816203306,68.83192443847656,7407600
2015-09-25,69.16687243528393,69.31572816928895,67.55176443955222,67.73039245605469,10794400
2015-09-28,67.50708929110868,68.52676846260142,66.91166079907936,68.00576782226562,14332800
2015-09-29,68.65327663306566,69.84413895310333,68.34812082534324,69.24871063232422,11520000
2015-09-30,70.06000688871764,70.3130684098612,68.91379975073157,69.47946166992188,10970100
2015-10-01,69.53899116701807,69.85159149737292,68.29602865454989,69.34547424316406,9675900
2015-10-02,68.57885354779917,69.94090508237085,68.3555643630078,69.9111328125,8368100
2015-10-05,70.10466278851872,70.57356334976495,70.02279045074036,70.5289077758789,9419200
2015-10-06,70.3502805796145,70.45448639238006,68.90636199947105,69.53156280517578,8365200
2015-10-07,70.15676026053859,71.02013350184971,69.54644283321291,70.6926498413086,9397300
2015-10-08,70.49166251933659,70.85636280844999,69.82180078939867,70.76705169677734,7090700
2015-10-09,70.81172863910521,71.42204602660311,70.54378386620562,70.98291778564453,8259700
2015-10-12,70.7596137401135,71.8016203407736,70.69263040017863,71.4443588256836,8957900
2015-10-13,70.55122169950896,71.62300069001685,70.19396014317972,71.04244995117188,12761900
2015-10-14,70.8638290680722,71.42204640146278,70.0525559358818,70.35771179199219,8881900
2015-10-15,70.70752286560526,72.45660255869005,70.60332275987118,72.30774688720703,9561900
2015-10-16,72.84365780183306,73.17114151105247,72.49384062469461,73.1190414428711,9495300
2015-10-19,72.97762429340472,73.08926323153064,72.42684569907183,72.895751953125,8725400
2015-10-20,72.90319108650756,73.12648032071134,72.42684602012187,72.63524627685547,6041800
2015-10-21,72.67246829298394,73.10415781511294,72.2482232601279,72.66502380371094,7059800
2015-10-22,72.82877801322093,74.28758578486261,72.2928882851725,74.07918548583984,9887900
2015-10-23,74.33963849268184,75.08392804551458,74.07913828488611,74.65968322753906,9178900
2015-10-26,74.46622600212267,74.6374095433924,74.04941968908814,74.38435363769531,7561600
2015-10-27,74.36943499861903,75.09884149669233,74.20569033506294,74.57039642333984,8883200
2015-10-28,74.76391378780679,74.78624725341797,74.05684069577221,74.78624725341797,7256300
2015-10-29,74.77881494754581,75.567760506577,74.51831459111871,75.44867706298828,6340700
2015-10-30,75.56772433944586,76.006858168807,75.18069623491394,75.1955795288086,10520300
2015-11-02,75.30722982121537,76.17060289458831,75.05416837797323,76.04407501220703,6297900
2015-11-03,75.79847766593942,76.14085600334192,75.25514924056796,75.8877944946289,6229200
2015-11-04,75.84314489671678,76.20784537193235,75.68684469305298,75.87291717529297,5592300
2015-11-05,76.10361769584088,76.28224562417472,75.48585591552369,76.16316223144531,6545600
2015-11-06,75.59752427008948,75.85802459716797,75.06907912702133,75.85802459716797,6221100
2015-11-09,75.46355331010605,75.61240902029826,74.8383525131212,75.05419158935547,6625900
2015-11-10,75.17326584872335,75.73892765696543,74.93509335238146,75.50819396972656,5114200
2015-11-11,75.75381757267377,76.18550703453758,75.54541732997558,75.81336212158203,6284700
2015-11-12,75.27747808819133,75.62729524071669,74.59273276070574,74.62994384765625,6918700
2015-11-13,74.45874209252408,75.12860395662862,74.23545291166265,74.33965301513672,8517500
2015-11-16,74.71181443602272,75.38912093731675,74.45875860816409,75.33702087402344,5755800
2015-11-17,74.71180358613506,75.70171032343151,74.71180358613506,75.54541015625,5124000
2015-11-18,75.56774691003957,76.51299819133445,75.40400223589522,76.4162368774414,7148400
2015-11-19,76.40879065685994,76.42367395375646,75.96221225123999,76.28225708007812,5164500
2015-11-20,76.84458318408056,77.07701776259941,76.6271473372546,76.83708953857422,7671500
2015-11-23,76.76960667494008,77.22697074572156,76.6196536800747,77.05451965332031,6730600
2015-11-24,76.33475101980311,77.06953457784262,76.33475101980311,76.5072021484375,7492400
2015-11-25,76.60465695467813,76.72462392998446,76.44720458984375,76.44720458984375,5400800
2015-11-27,76.68713292989993,76.9420598926207,76.31974407809378,76.7546157836914,2353800
2015-11-30,76.83709850285891,76.83709850285891,75.9073715209961,75.9073715209961,8983700
2015-12-01,76.27475899571135,76.8445849657704,75.81739491425591,76.74711608886719,7545700
2015-12-02,76.85209901421199,77.17450317059745,76.46971135888474,76.51470184326172,6623500
2015-12-03,76.67964286267916,76.75462509161606,75.21008155690268,75.56997680664062,12008700
2015-12-04,76.02734860026727,77.2269900196104,75.93737334868848,77.18949890136719,7845400
2015-12-07,76.93458581679559,77.59438723779664,76.92708644827793,77.46692657470703,7262900
2015-12-08,77.21199302318826,77.40693081104503,76.40973232908799,76.7921142578125,8005400
2015-12-09,76.58216890746002,77.4818983917744,76.2297730479957,76.58966827392578,7947000
2015-12-10,76.70211007934991,77.48187231918469,76.32722196697837,76.95703125,6479300
2015-12-11,76.75461410033478,76.75461410033478,76.049822435709,76.23726654052734,7796500
2015-12-14,76.2147800354047,76.69463652308444,75.56247244105542,76.58966827392578,10641500
2015-12-15,76.9645829044299,78.4941281285343,76.9645829044299,78.07424926757812,9283200
2015-12-16,78.45660685754498,79.09391569262348,77.61685517864112,78.91397094726562,8178800
2015-12-17,78.84649632342389,78.92147282634862,77.69933351934756,77.70683288574219,8740800
2015-12-18,77.2869559235406,77.2869559235406,76.43970489501953,76.43970489501953,14966000
2015-12-21,76.73214151813747,77.16701335880403,75.61497588362829,76.16231536865234,8321900
2015-12-22,76.40975687884861,77.13703557399684,75.83992490583331,77.00957489013672,5581600
2015-12-23,77.30947017451848,77.72934326439955,77.03205075708031,77.5943832397461,5531700
2015-12-24,77.31695803980585,77.9092821865317,77.2344821636579,77.7668228149414,2546300
2015-12-28,77.3619378806513,77.57937374754412,77.17449375957202,77.39192962646484,4063000
2015-12-29,77.48189709890583,78.11921167002984,77.48189709890583,77.9992446899414,4230000
2015-12-30,78.05925630861881,78.23170175421103,77.62438442960296,77.81182861328125,3847800
2015-12-31,77.50439226556273,77.69183637460365,76.9945440601578,77.01703643798828,4592600
2016-01-04,76.25976921913698,76.33474572712424,74.56527268098883,75.3375473022461,12722800
2016-01-05,75.41252991373567,76.0573382312271,75.40503054622772,75.65245819091797,6467200
2016-01-06,74.84270050086927,75.70494474090167,74.67774873247367,75.27007293701172,7733800
2016-01-07,74.4603070384735,75.0451318297722,74.13790289450868,74.39282989501953,9433100
2016-01-08,74.8876946128743,74.93268510463265,73.36564882964527,73.59808349609375,9766700
2016-01-11,73.65804961932425,73.95046202790417,72.03853518106173,73.15570068359375,8151400
2016-01-12,73.47061399974851,73.95047060901496,72.90828149948233,73.6580581665039,6745000
2016-01-13,73.84550455816368,74.2128992547198,72.60837187623589,72.74333190917969,8290700
2016-01-14,72.80327784458412,74.58024974121938,72.7283013583856,74.14537811279297,10164300
2016-01-15,72.25596772594625,73.47810143539586,72.16599248119236,72.72832489013672,12662200
2016-01-19,73.42560691748423,73.78550212523925,72.65333810038567,73.10320281982422,12457800
2016-01-20,72.06101954473893,72.93825667286559,70.87637130724748,71.79109954833984,12685200
2016-01-21,71.80608925701401,72.45839683835128,70.68892393020138,71.93355560302734,11266400
2016-01-22,72.7433460420515,72.79583019170747,71.94108505711412,72.54090881347656,8380000
2016-01-25,72.5183858990868,73.24567003843477,72.00853763688806,72.27845764160156,9350200
2016-01-26,72.92324402046488,75.98232695522572,72.8332688057834,75.86236572265625,17266600
2016-01-27,75.34502939458598,77.51188274907196,75.34502939458598,76.59716033935547,19330500
2016-01-28,76.85206989948998,77.25694978344994,76.36471416581563,76.67961883544922,12789500
2016-01-29,77.14453013884454,78.53911536573465,76.94958658015487,78.30668640136719,15614600
2016-02-01,77.6843415522995,78.56907802753445,77.3919291827197,78.2541732788086,9803700
2016-02-02,77.45192505632667,78.17170990577593,77.22698978822437,77.5344009399414,10616300
2016-02-03,77.71435236933569,78.26168613067593,76.48471909797667,78.08174133300781,10168600
2016-02-04,77.68436612855406,78.04425574942682,77.02456467672573,77.90180206298828,10389000
2016-02-05,76.97206624654798,77.0545364074175,74.81270604079684,75.38253784179688,15522200
2016-02-08,75.21008675050118,77.6093752336404,75.14260960420748,76.47721099853516,14323800
2016-02-09,75.95983392988555,76.65712610675129,75.70491273765076,76.4546890258789,10044500
2016-02-10,76.51470856995634,77.15951693941479,76.00486022481108,76.2747802734375,9833100
2016-02-11,75.32254469420441,76.49219417559873,74.96265518624028,76.25226593017578,12465800
2016-02-12,76.34225463867188,76.462221642723,75.51750150701604,76.34225463867188,9035000
2016-02-16,76.75463131526233,77.26447962353323,76.21479125705297,76.7171401977539,10452800
2016-02-17,77.0395406955626,77.40692960424008,76.64965940558623,76.85209655761719,8904000
2016-02-18,77.09952577849137,78.48661128375093,76.85209813843208,78.15670776367188,10744600
2016-02-19,78.22467354154836,79.05540360539477,78.07362804516029,78.6626968383789,9343300
2016-02-22,78.66269748383435,79.10826873779297,78.5796239005884,79.10826873779297,6947000
2016-02-23,79.03274157907458,79.13847053676196,78.51164474347534,78.6022720336914,6629200
2016-02-24,78.04341837815518,79.35748825908762,77.7639942950139,79.26686096191406,9076100
2016-02-25,79.259328087159,80.34683289200446,79.12338998655333,80.33927917480469,8092500
2016-02-26,80.6715659678335,80.74708584730168,79.61427036988678,79.88614654541016,9049400
2016-02-29,79.50852243819344,80.20331438259711,79.32727361830467,79.45565795898438,10111100
2016-03-01,79.97676318527061,80.98874211105392,79.6293671766377,80.97364044189453,8298500
2016-03-02,80.73952463912345,81.1171297362774,80.37702121066516,80.83769989013672,9767000
2016-03-03,80.67155146244892,80.80748952576786,79.77284950151832,80.54316711425781,6927200
2016-03-04,80.43745483974205,80.79240462104593,80.10516044672605,80.42990112304688,6715700
2016-03-07,80.05227586330132,80.7470678181517,79.66711707367494,80.61112976074219,6973500
2016-03-08,80.44496621891327,80.63376871786676,80.0296041782926,80.2184066772461,7632900
2016-03-09,80.68665313720703,80.82259120053658,80.12024550029994,80.68665313720703,7564200
2016-03-10,80.79992534275677,81.16998243272522,80.10513344771527,80.9132080078125,10474700
2016-03-11,81.18510313070092,81.55515454562142,80.96609146339782,81.34369659423828,7763800
2016-03-14,81.50230453391042,81.78928817187224,81.04162573151723,81.30595397949219,7242800
2016-03-15,81.27573311798794,81.82703340059847,80.62625181056937,81.38146209716797,8476600
2016-03-16,81.35878583467976,81.39654288224331,80.71685264634624,81.11711883544922,7065100
2016-03-17,81.16243570517977,81.26061095038813,80.39211812592704,80.61112976074219,8571100
2016-03-18,80.79996070387492,81.441888404395,80.32418021657612,81.18511962890625,14758300
2016-03-21,81.11713243208833,81.37390114102404,80.46765118245521,81.01895141601562,7674700
2016-03-22,81.01896254192297,81.28328500265383,80.84526739421305,81.094482421875,7821700
2016-03-23,81.02652658930762,82.18955132660611,80.95855465542616,81.9403305053711,8191300
2016-03-24,81.72884019024313,82.0233716763948,81.37389051159984,81.79680633544922,6284500
2016-03-28,81.87235777280628,82.24240923535845,81.60802953775695,81.73641967773438,4738100
2016-03-29,81.78926361378954,82.5067109696769,81.36634200109509,82.42363739013672,6612800
2016-03-30,82.65776994995036,82.74084354883857,82.26506310576785,82.30282592773438,5248200
2016-03-31,82.2121943138516,82.30282162475443,81.59292209384228,81.71375274658203,8167700
2016-04-01,81.56270091879736,82.53692276007635,81.32858760252755,82.4614028930664,9043200
2016-04-04,82.18198643048788,82.39344439727029,81.75907049692309,82.00828552246094,10668900
2016-04-05,81.7364124263317,82.95229569541941,81.57026524022857,82.28015899658203,7939000
2016-04-06,82.10644130516154,82.69550424915865,81.47206183807533,82.63508605957031,6828700
2016-04-07,82.31790822900082,82.78614060693539,82.03847839287589,82.52181243896484,7822900
2016-04-08,82.59733495186754,82.80123915414602,82.13665630627223,82.39342498779297,6301600
2016-04-11,82.43119563673493,82.78614535759314,82.0535905314469,82.29525756835938,6823900
2016-04-12,82.31791687454331,83.25437596696892,82.12911431290445,82.77104187011719,8412300
2016-04-13,83.07311267970341,83.33743506768874,82.5520158563924,82.97493743896484,5758300
2016-04-14,83.0731221645032,83.29213381435248,82.65775424896205,82.95228576660156,4457100
2016-04-15,83.1259870854001,83.37520783603576,82.69551749875515,83.20906066894531,10057900
2016-04-18,83.07312877459188,83.90385890997838,82.8239080054368,83.77547454833984,7772500
2016-04-19,84.31924115416606,86.05622159322836,84.19085677076107,85.09710693359375,10526400
2016-04-20,85.48224004330221,86.2374502049731,85.376511081612,85.77677154541016,8213400
2016-04-21,85.5728621880804,85.89005483721928,85.16504800644155,85.76921844482422,7884500
2016-04-22,85.66347975885783,85.90514675442041,85.21035486240244,85.58040618896484,7508700
2016-04-25,85.57287721247864,85.75413183289488,84.94605704271379,85.72392272949219,6139900
2016-04-26,85.6785908893023,85.76166446837154,85.07442621455799,85.27078247070312,5853600
2016-04-27,85.3085613919469,85.48981026465633,84.93095621275354,85.16506958007812,5759300
2016-04-28,84.65906136139725,85.11974003940958,84.31166536453158,84.946044921875,6640000
2016-04-29,84.62886687114698,84.7497032883749,84.21350465097038,84.64397430419922,7774500
2016-05-02,84.74970283213912,85.18017248305061,84.53069114844065,85.14996337890625,5178800
2016-05-03,85.00648661728174,85.4143009527005,84.6741979364875,85.10466766357422,7554500
2016-05-04,84.61374913215553,84.99135422159118,84.35697467520515,84.74968719482422,5214600
2016-05-05,84.64395090581475,85.41426268641187,84.61374180985855,85.24811553955078,5404300
2016-05-06,85.0215720040991,85.3765217463099,84.7950066225782,85.14240264892578,6099900
2016-05-09,85.32366853302214,86.08642684388171,85.13486594407314,85.88252258300781,6512700
2016-05-10,86.09399358324463,86.84920405327308,86.03357536281068,86.59998321533203,8356400
2016-05-11,86.52443757148608,86.66792936186467,86.32808129440961,86.37339782714844,6680700
2016-05-12,86.47155096843483,86.66790719529034,85.74655000980925,86.26764678955078,7156300
2016-05-13,86.01846275573102,86.16194880877642,85.61064846233265,85.76168823242188,6779900
2016-05-16,85.63330396215822,86.56976321387506,85.57288574932542,86.42627716064453,6222900
2016-05-17,86.50177470825722,86.51687637666673,85.51999916954271,85.965576171875,9233900
2016-05-18,85.79943970748008,86.11662663979308,85.24813367215756,85.78433227539062,8267900
2016-05-19,85.33121574331591,85.36897856549523,84.73459887602861,85.2254867553711,8232200
2016-05-20,85.33956565352138,85.88720017327235,85.00490462706695,85.67423248291016,7435200
2016-05-23,85.77311272715566,85.81114516062908,85.21787633722535,85.30915069580078,6462300
2016-05-24,85.582988700087,86.32838168555385,85.582988700087,85.71229553222656,6125300
2016-05-25,86.08495530820905,86.50328883005288,85.83395519510275,86.2142562866211,5453800
2016-05-26,86.0317197925318,86.19144556650892,85.8339615853977,85.87199401855469,3973600
2016-05-27,85.97847337062163,86.20665054882463,85.712263761251,85.99368286132812,4647000
2016-05-31,86.1458387147414,86.42725791913217,85.43087052489936,85.71229553222656,10104700
2016-06-01,85.7122645291889,85.99368363178739,85.2406890719828,85.78071594238281,4748900
2016-06-02,85.84918779228146,87.20305902250534,85.84158014409613,87.08135986328125,7310800
2016-06-03,87.0661449158041,87.76589762870248,86.79993527534657,87.2867202758789,6881700
2016-06-06,87.44643808810983,88.22985744557953,87.41601330298337,88.05491638183594,6349400
2016-06-07,88.23744273664937,88.40477611098196,87.8115016557302,88.02447509765625,6417400
2016-06-08,87.86477763516115,88.1918368655562,87.78111671848816,88.07775115966797,5863800
2016-06-09,88.0625351331352,89.13498718307044,87.93323413224425,88.99047088623047,7375500
2016-06-10,88.79268868507832,89.16538789704222,88.50366197237184,88.99805450439453,6067400
2016-06-13,89.08931326832924,89.4772219266369,88.8307113647461,88.8307113647461,7940900
2016-06-14,88.57213339397396,89.12737561297641,88.45804769405245,89.08174133300781,6378400
2016-06-15,89.47724740922149,89.55330647294046,88.48846217207101,88.54170989990234,6371400
2016-06-16,87.99407448453681,88.90679484598999,87.63659050537171,88.71664428710938,6664300
2016-06-17,88.7014675075458,88.73949415158489,87.4768969925154,87.83438110351562,10702200
2016-06-20,88.68620586441358,89.0969317047922,88.55690489696113,88.64057159423828,5588200
2016-06-21,88.98283847146212,89.10453759344091,88.36675262451172,88.36675262451172,5493500
2016-06-22,88.640569103937,89.15017111635636,88.46562806829047,88.57971954345703,5833800
2016-06-23,89.1425713587406,89.27947998046875,88.74706078648927,89.27947998046875,6775900
2016-06-24,87.5224975345873,89.08173441230704,87.4692556111153,87.94843292236328,13939500
2016-06-27,87.46924251078883,88.71662950496888,87.46924251078883,88.64817810058594,10877400
2016-06-28,89.11977532990569,90.0325016252466,88.64820559010148,89.92601776123047,10089600
2016-06-29,90.38995033086677,90.82349909653544,89.82710640447605,90.76264953613281,8341500
2016-06-30,90.64856864199686,92.34471406786744,90.63335915158763,92.26104736328125,11559900
2016-07-01,92.26104087367564,92.44358376041725,91.87313216178266,92.25343322753906,7051400
2016-07-05,92.30669525905574,93.7290236439785,92.29147996346704,92.99884033203125,9334100
2016-07-06,92.74023128507211,93.29547347314276,92.44359687593158,93.28025817871094,9332400
2016-07-07,93.24219445651427,93.4095278215054,92.80104971591253,93.18135070800781,6058700
2016-07-08,93.55410159919191,93.63016068380726,92.76307435273257,93.44001007080078,6129900
2016-07-11,93.3334905705575,93.89633454542235,93.10531340379639,93.50082397460938,6711600
2016-07-12,93.28786504801548,93.7061927944495,93.25744026234008,93.49322509765625,6415900
2016-07-13,93.31069226906402,93.85832686452584,93.02166547831925,93.55408477783203,5230800
2016-07-14,93.53886850245131,94.11692204202706,93.48562657636053,93.69098663330078,5322700
2016-07-15,94.13974600729611,94.5428701088531,93.33350941005241,93.55408477783203,7192800
2016-07-18,93.55406913641623,93.7214025462679,93.12813376801863,93.66055297851562,6599200
2016-07-19,94.90795026996365,95.64573539992769,93.81268114482653,95.26543426513672,11325700
2016-07-20,95.71418960775439,95.88913068814708,95.10571125611955,95.18177032470703,7334600
2016-07-21,95.2350034780209,95.63812172703255,94.99161099920624,95.18936920166016,5492600
2016-07-22,95.16656361005882,95.34149889262287,94.80907959403427,95.09810638427734,5839200
2016-07-25,95.12851629322823,95.1741505679877,94.42115601978543,94.99160766601562,4880600
2016-07-26,95.09809484600426,95.49361125091208,94.88512715240823,95.18936920166016,5589900
2016-07-27,95.15132969704045,95.25021169238497,94.57327042672095,94.90032958984375,4812600
2016-07-28,95.0600671818522,95.07527667282874,94.62652415234149,94.66455078125,4320400
2016-07-29,94.57325719331652,95.31864976413286,94.57325719331652,95.25019836425781,7020900
2016-08-01,95.31106701027043,95.61530907379316,95.1513412325813,95.37952423095703,4615100
2016-08-02,95.56965035326104,95.75980086896473,94.67974733247173,94.96116638183594,7158700
2016-08-03,95.07528592833629,95.07528592833629,94.07889878874649,94.2386245727539,5310600
2016-08-04,94.49721767093094,94.61130916389355,94.04085750201482,94.20819091796875,4728200
2016-08-05,94.60370675226604,94.60370675226604,94.13213706622771,94.49722290039062,5146900
2016-08-08,94.31467917085234,94.42877066914595,93.72901799058265,94.04846954345703,5232500
2016-08-09,94.24621799997742,94.31466941010866,93.8050673471292,93.8811264038086,3941500
2016-08-10,94.00282374630565,94.14734002221887,93.73661413509787,93.82788848876953,4333500
2016-08-11,94.2005819299449,94.42115726575003,93.91155518109733,94.13973236083984,4052000
2016-08-12,93.9115708711074,94.13974808897198,93.51605440877901,93.72142028808594,4234800
2016-08-15,93.64533513262508,93.75942080831369,93.00642633410057,93.02924346923828,6469500
2016-08-16,92.87714846497587,93.0368742535975,91.3179114095334,91.52327728271484,11289100
2016-08-17,91.65256792557443,92.28386916374116,91.15817531974587,92.2686538696289,10442800
2016-08-18,92.16216153114372,92.32949493335457,91.19619934965469,91.81989288330078,8728000
2016-08-19,91.81224795567928,91.87349762004035,91.36049590093111,91.81990051269531,7798300
2016-08-22,91.80458559366895,91.80458559366895,91.07718963493576,91.21501159667969,6544900
2016-08-23,91.62847959350539,91.85052641707918,91.1307888400915,91.45237731933594,5603200
2016-08-24,91.48298360121052,91.58251939187426,90.82450168353942,90.8934097290039,6303900
2016-08-25,91.00827880633072,91.27626432333423,90.60247133177594,90.7862319946289,5566000
2016-08-26,90.99296414792633,91.6820739518726,90.77857572928666,91.14610290527344,6482700
2016-08-29,91.34518494525248,91.98069183473045,91.16141842722955,91.81990051269531,5074900
2016-08-30,92.39414324690475,92.39414324690475,91.3145428706635,91.47533416748047,3820500
2016-08-31,91.52894748395532,91.59020299120932,91.12313997127926,91.37580871582031,5693100
2016-09-01,91.2609445115035,91.41407740874438,90.80919253384542,91.17671966552734,4551800
2016-09-02,91.39110901030335,91.73566095350718,91.03889866966405,91.36048126220703,5806400
2016-09-06,91.71270476655533,91.85818513048257,91.39112212785494,91.68973541259766,5280700
2016-09-07,91.75862940842225,91.84285425445354,91.45236361374002,91.58252716064453,4753800
2016-09-08,91.39876771780273,91.74331966217541,91.2226596260628,91.47533416748047,4833000
2016-09-09,91.13845462567947,91.23799628941832,90.48763089922357,90.52591705322266,7957300
2016-09-12,90.16605841689696,91.46004761679372,89.87509763360197,91.23800659179688,7239800
2016-09-13,90.67137382863511,90.98530387333238,89.9592947319015,90.05117797851562,7957900
2016-09-14,90.2349563469608,90.60248356393237,89.93634303889193,90.24261474609375,6124900
2016-09-15,90.20431430750467,91.0695321814592,89.82913459245978,90.83216857910156,5812100
2016-09-16,90.74031438276981,91.22268842550854,90.44170104560096,90.5412368774414,12408800
2016-09-19,90.6254332704331,90.85513846144192,90.07414548532849,90.08946228027344,5457600
2016-09-20,90.47995788245765,90.53355498440924,90.11243656668846,90.31150817871094,5187700
2016-09-21,90.31150031460605,91.11546261551882,90.0741425754384,91.04655456542969,6337300
2016-09-22,91.30689057719954,91.75863674965008,91.22266572442976,91.46768188476562,5340500
2016-09-23,91.42938101185423,91.57485549075007,90.89340426555171,90.969970703125,4773000
2016-09-26,90.83215900432573,90.83981740143862,90.01288576260733,90.18133544921875,5998900
2016-09-27,90.64840762067116,91.28392028808594,90.13540595299003,91.28392028808594,5349500
2016-09-28,91.1537582718213,91.51362119591398,90.96999176911676,91.4140853881836,5076100
2016-09-29,91.0235869602535,91.32220021881908,89.6147455189847,89.79084777832031,6190200
2016-09-30,90.18135527888855,90.82452641995273,89.88274198392375,90.4493408203125,7941100
2016-10-03,90.34977496464317,91.12310941991632,89.9133398446662,90.969970703125,6098600
2016-10-04,90.99294919702476,91.48298729837187,90.56417243019705,90.9776382446289,5733900
2016-10-05,91.28393128145396,91.45238100555119,90.80920986278416,91.25330352783203,5778700
2016-10-06,90.73263032612049,91.00061582964061,90.28853672506092,90.9240493774414,4448500
2016-10-07,91.24564300512554,91.55191469256913,90.87812165351049,91.29924011230469,4799300
2016-10-10,91.50598050542303,92.03429320467991,91.38346948773359,91.72802734375,3657000
2016-10-11,91.42942349920995,91.59786740348937,89.63007925103423,90.07417297363281,6394200
2016-10-12,90.31917723352866,90.67904603551348,89.9669668303394,90.32683563232422,4685200
2016-10-13,89.99758607315307,91.26860559562793,89.79850861482107,90.54887390136719,7387400
2016-10-14,90.73260042427637,90.96230554681819,90.01286315917969,90.01286315917969,5640500
2016-10-17,89.96698044475849,90.77094303220046,89.96698044475849,90.7249984741211,6956400
2016-10-18,89.87508429075824,90.71733291562721,88.17528776824645,88.36670684814453,12598300
2016-10-19,88.48920348695408,88.73421965192628,87.6393023868467,87.73883819580078,7400900
2016-10-20,87.9226116876568,88.58874633573573,87.73884516808977,87.95323944091797,6973000
2016-10-21,87.37131619284243,87.47085200102603,86.51375670125486,86.85831451416016,8422000
2016-10-24,87.23349578167475,87.43257324321547,86.85831605317766,86.98847961425781,6141900
2016-10-25,87.01144593828018,87.40960084750161,86.5903216769202,87.25646209716797,5595000
2016-10-26,87.0114377987712,88.2212075258316,86.98081005156955,87.71585845947266,6429200
2016-10-27,88.03745550909193,89.23956695670861,87.8919751560431,88.58873748779297,7548700
2016-10-28,88.68060721113604,88.74952109899037,87.72351206948517,88.30542755126953,8813300
2016-10-31,88.26715396941142,88.99454988556202,87.66992745069885,88.81078338623047,8552500
2016-11-01,87.86901490236761,88.77251318112509,87.7694732434918,88.31310272216797,7591900
2016-11-02,88.45093051803906,88.63469705038578,87.92261780207154,87.94558715820312,6591300
2016-11-03,87.96089963401252,88.38968237524556,87.86136380850783,88.07575225830078,6227100
2016-11-04,88.08340392924356,88.77251378068678,88.08340392924356,88.13700103759766,7160600
2016-11-07,88.7342251164484,89.36973784154769,88.69593896514496,89.32379913330078,6398200
2016-11-08,89.18598596829335,90.02057040592179,89.17832756894758,89.62242126464844,6675300
2016-11-09,91.88113439859494,93.79532469856566,90.42634860228814,92.11849212646484,16220000
2016-11-10,92.47070908802763,92.72338362778243,91.13077578172545,91.5289306640625,11904500
2016-11-11,91.49065057098385,91.49065057098385,90.44933043672576,90.70966339111328,8134800
2016-11-14,90.79389655539933,91.10782079901227,89.20128845818506,89.2778549194336,10054900
2016-11-15,89.12472444044234,89.34677127330346,88.6806307747201,89.06346893310547,7446700
2016-11-16,89.31614014723097,89.41567596166007,88.87970489681646,89.0940933227539,6594800
2016-11-17,89.3391000331758,89.3391000331758,88.91032322674205,89.25487518310547,5730300
2016-11-18,89.27030554631416,89.37052917910668,88.5147549942963,88.93878936767578,7717800
2016-11-21,89.00046711874235,89.18549762403734,88.50704851661322,88.66123962402344,5843300
2016-11-22,88.34511885749383,88.66121819791316,86.55647538652077,86.91883087158203,11649700
2016-11-23,86.54106308902695,87.45080456657962,86.00909387020003,87.17325592041016,7892600
2016-11-25,87.58188205608887,88.06759520822253,87.41226831293194,87.99049377441406,3433300
2016-11-28,87.72834641595077,87.98276696889684,87.15783241280887,87.2195053100586,9065700
2016-11-29,87.08074105393784,87.435391134643,86.47938759171984,86.71839141845703,7799600
2016-11-30,86.4948228375652,86.74923757496504,85.80866241455078,85.80866241455078,11178500
2016-12-01,85.85491405352087,85.99368839480834,85.57736537094593,85.87033081054688,8143300
2016-12-02,86.13247436345567,86.75695604254385,85.91660444387033,86.3175048828125,6167700
2016-12-05,86.6567224860904,86.67213924343324,86.14017582590985,86.30207824707031,5451600
2016-12-06,86.5333742737241,87.27350222864382,86.23269747585091,86.39459991455078,6530400
2016-12-07,86.26349885189252,86.26349885189252,84.28211385829904,85.65443420410156,11761100
2016-12-08,85.22271585198753,85.7315511504645,84.75242538469094,85.56964874267578,7774900
2016-12-09,85.89345381198292,86.67983772428684,85.73154553279048,86.54877471923828,7672100
2016-12-12,86.8803080613,88.96962876592282,86.79550118662411,88.93878936767578,9544600
2016-12-13,89.06984816157967,89.40907564414589,88.668947767467,89.34739685058594,7051600
2016-12-14,89.52470769248956,90.43444916595864,88.33741757409683,88.65351104736328,9378700
2016-12-15,88.9156570596933,89.37052492766755,88.57642957712709,89.34739685058594,6738100
2016-12-16,89.74830111940024,89.78684595300298,89.0158786967876,89.33968353271484,11291100
2016-12-19,89.4861825573107,89.94105636505459,89.38595891656033,89.4476318359375,6310800
2016-12-20,89.41678374623925,89.62494231449675,88.59184902860355,89.17007446289062,5715200
2016-12-21,89.58638309128114,89.58638309128114,88.46077172527785,88.90022277832031,5907600
2016-12-22,88.66123030461004,89.0698419901092,87.79774490064044,89.00045776367188,4602300
2016-12-23,88.96963497533145,89.67892353847486,88.89253941534007,89.40137481689453,2992500
2016-12-27,89.34740084624168,89.43220772067583,88.95420587223002,89.36282348632812,3232600
2016-12-28,89.33968820594352,89.55556398986721,88.69978982014275,88.73833465576172,3278300
2016-12-29,88.83855422522804,89.33197276922719,88.6689404978509,89.03900146484375,2993600
2016-12-30,89.27800143960876,89.42448120345401,88.64580858981863,88.82312774658203,5506700
2017-01-03,89.26260461706039,89.43221838615645,88.8385760763347,89.3088607788086,5953000
2017-01-04,89.04672250385049,89.60953121685262,88.90023683566905,89.16236877441406,5828900
2017-01-05,89.4321978205498,90.18003696758511,89.00045805814307,90.09523010253906,6217200
2017-01-06,89.94877501780444,90.20319569940948,89.24719766545688,89.66352081298828,5221400
2017-01-09,89.7020311275355,89.90248424333471,89.34738692697557,89.64806365966797,5457500
2017-01-10,89.45534298719083,90.20318227710622,89.33199126665588,89.55557250976562,5312800
2017-01-11,89.4938916014713,89.62495463958344,87.90569485712071,88.45308685302734,8887200
2017-01-12,88.09843522918818,88.45308538125921,87.40456932978014,88.36827850341797,6627300
2017-01-13,88.61498380969977,88.6766567236933,88.22950015767499,88.35285186767578,4935200
2017-01-17,87.84400490530946,88.69977897035534,87.6358404667778,88.56100463867188,6255400
2017-01-18,88.56101581065883,88.7383349956153,88.2063715587322,88.42994689941406,5014600
2017-01-19,88.41453866825634,88.58415243162536,87.8286018171673,88.04447174072266,5540800
2017-01-20,88.26803882244553,88.68436184336689,87.9519453085319,88.00591278076172,7502400
2017-01-23,88.28344855184461,88.48389577252239,87.73606259012463,87.82086944580078,7989800
2017-01-24,87.04990534652067,87.3505820700437,85.6930014903573,86.16329193115234,12450300
2017-01-25,86.29435956297938,86.96510314941406,85.39232934405938,86.96510314941406,9385500
2017-01-26,86.34834081128626,86.99595054400423,86.0399527034146,86.22498321533203,10164300
2017-01-27,86.34835191817908,87.53564246289581,86.27125635179793,87.41228485107422,8886100
2017-01-30,87.42766971956435,87.58186078570687,87.00363546465421,87.2195053100586,6969400
2017-01-31,86.95741319921274,87.42770378078512,86.67986446641545,87.31205749511719,8713400
2017-02-01,86.71839779960494,87.36600745825918,86.71068648023622,87.29662322998047,7082300
2017-02-02,86.98052092686767,87.59729705143071,86.94197021332758,87.55874633789062,7826300
2017-02-03,87.50475887178952,87.62811642131801,86.85714938280005,87.6126937866211,7267600
2017-02-06,87.47395238549275,87.57417602067243,86.82634265292147,87.42769622802734,6178400
2017-02-07,87.58188456541701,87.597307205426,87.15785607738933,87.48937225341797,5507900
2017-02-08,87.35060067158038,87.65127745913331,87.23495439590296,87.42769622802734,5272000
2017-02-09,87.42768449554231,88.39139352683794,87.42768449554231,87.95194244384766,5854600
2017-02-10,88.13700948822532,89.42452387638636,88.06762523255924,88.84629821777344,6438500
2017-02-13,88.87710435538828,89.52471990925616,88.83084820225965,89.33968353271484,5710800
2017-02-14,89.00045887484391,89.74058670948133,88.9079406897593,89.70974731445312,5539100
2017-02-15,89.35510692749511,90.55781397511885,89.11610307627785,90.35736083984375,5979700
2017-02-16,90.20316635375036,91.19000347188296,90.20316635375036,91.03581237792969,7119300
2017-02-17,91.1206298187686,91.66801591244409,91.01269486407281,91.63717651367188,8691400
2017-02-21,91.28252401039047,92.43126357138823,91.22084521841403,92.25394439697266,8595100
2017-02-22,91.96096561484647,92.33873789152827,91.93783754023514,92.14599609375,5103900
2017-02-23,92.14601218598287,93.98091818576532,92.11517866912496,93.82672119140625,9980900
2017-02-24,94.29235813556824,95.2546817788431,93.82671804501169,95.2469253540039,10835000
2017-02-27,94.78128756024752,95.36333920414205,94.75800644184142,94.99082946777344,5946200
2017-02-28,94.68814951978646,95.18483304440389,94.63382494431063,94.8433609008789,8885500
2017-03-01,95.06066213087362,96.58175621198461,95.00633755372448,96.1238784790039,9393900
2017-03-02,96.0385191865114,96.51192165375205,95.47198632670465,95.94538879394531,6950200
2017-03-03,95.94537572071167,96.1781987099354,95.63495296299277,96.06954956054688,5585200
2017-03-06,95.46422339331687,96.566239652679,95.1460323477762,96.0074691772461,6670700
2017-03-07,95.13050764117105,96.5895147419227,94.98305268576202,96.10059356689453,6644000
2017-03-08,96.03849678179101,96.76024087323093,95.84447961657527,96.31011962890625,7909900
2017-03-09,96.68266947396557,97.94765970818789,96.3644783681363,97.74588012695312,8571100
2017-03-10,97.81570157537634,98.16493012884635,97.42766721777215,97.9476318359375,7395400
2017-03-13,97.65274348852897,98.52193679931,97.62170002443888,98.3124008178711,7162500
2017-03-14,98.45211621972402,99.14281717292899,98.38226692912997,98.59957122802734,7679700
2017-03-15,98.59955373917454,100.11288568936037,98.25031919002235,100.08184814453125,8360600
2017-03-16,99.6782848165803,99.88005845415837,99.15831418806722,99.69380950927734,7610700
2017-03-17,99.68605876448864,100.06633683024957,99.29802427195122,99.38339233398438,13300800
2017-03-20,99.36785846629739,99.66276844280317,99.31353980013002,99.39115142822266,5827500
2017-03-21,99.63171463120868,99.6860332885082,98.66938507257666,98.75475311279297,7578600
2017-03-22,98.59951456087191,99.06515452045147,97.94761388071386,97.98641967773438,10272700
2017-03-23,97.86226551556673,98.56072855565989,97.52079930113693,97.7070541381836,8508100
2017-03-24,97.67602279640222,98.0640572089349,97.10948994889299,97.38111877441406,6490300
2017-03-27,97.13277960803242,97.89332376139348,97.12501726171045,97.62946319580078,5004300
2017-03-28,97.48978477819253,97.61395273276742,96.83788377363149,97.52082824707031,5287600
2017-03-29,97.04740304546746,97.26470135593145,96.51191369401344,96.9465103149414,3971800
2017-03-30,96.8068243537581,97.34231374202817,96.44983340188982,96.74474334716797,4711700
2017-03-31,96.31788305426362,96.87665344370495,96.25579613967368,96.65935516357422,5657600
2017-04-03,96.79908698794148,97.24920249878886,96.44985239254926,96.7680435180664,4956400
2017-04-04,96.62834649413335,96.83012015779153,96.40328578841967,96.7602767944336,5358500
2017-04-05,96.79126850397338,97.47420668233029,96.55068915314155,96.85335540771484,5646300
2017-04-06,96.89217650547512,97.36557888856672,96.62055364327526,97.04739379882812,4324200
2017-04-07,97.10172762308346,97.37335051116344,96.87666696697865,96.9465103149414,3615100
2017-04-10,96.90774337969988,96.96982440313094,96.41105966663004,96.49642181396484,4594200
2017-04-11,96.43431036912921,96.84562588417275,96.19372501583324,96.40326690673828,4161500
2017-04-12,96.65161868300497,97.36560062904877,96.51192604826286,97.31903839111328,5556600
2017-04-13,97.10948839349254,97.51304749178648,96.97755811636901,97.00083923339844,5396500
2017-04-17,97.02411585746204,97.63721090156494,96.95427250960803,97.56736755371094,5367500
2017-04-18,95.59614145290976,95.74359639868075,93.86550566932688,94.54068756103516,13485700
2017-04-19,94.75799416274369,94.8976867760139,93.9896877502249,94.19146728515625,6993100
2017-04-20,94.57176646092461,94.79682717583796,94.17596962290898,94.57952880859375,6330100
2017-04-21,94.50965939609719,94.71143894597165,94.32340453825509,94.494140625,6021700
2017-04-24,95.08393855787135,95.61942787831744,94.79679691607177,95.37108612060547,5679000
2017-04-25,95.7203194938428,96.03851053240292,95.4642212990002,95.79016876220703,5090000
2017-04-26,96.0695627328682,96.43431603622811,95.8289832863693,95.85226440429688,5021800
2017-04-27,95.90657091803354,96.47309775065811,95.76687831585014,96.0307388305664,4225200
2017-04-28,96.11610911917224,96.15491492327605,95.55733869730986,95.82120513916016,4381800
2017-05-01,95.76688217577318,96.06178616074244,95.45645350052764,95.7203140258789,4556400
2017-05-02,95.86000984112547,96.03074591426999,95.37108865788547,95.99970245361328,4881600
2017-05-03,95.91434382308356,95.99971186802762,95.48750951929856,95.71257019042969,3736500
2017-05-04,95.99194434721186,96.19371795654297,95.6349534373169,96.19371795654297,3753700
2017-05-05,96.07732507915587,96.07732507915587,95.34781847243607,95.85226440429688,4139800
2017-05-08,95.8677881469678,96.07733006105224,95.47199135886942,95.6504898071289,3608600
2017-05-09,95.63495523280734,95.8212100760462,95.36332643195458,95.61943054199219,3762500
2017-05-10,95.38661735267166,95.50302293385221,94.97529592240556,95.30900573730469,4237400
2017-05-11,95.06843325549121,95.61944142343937,94.94425939857791,95.61167907714844,4095900
2017-05-12,95.54183236326061,96.31013883285137,95.46422666588678,95.9531478881836,4097100
2017-05-15,96.55071797088178,98.84011846104059,96.48863104860908,98.55297088623047,9854600
2017-05-16,98.82460771278888,99.62395770678897,98.60730937511144,99.15831756591797,7233800
2017-05-17,99.15830859542893,99.25143898355222,98.13389800981314,98.30463409423828,6480800
2017-05-18,98.14164836834831,99.23590809163352,97.75361401329984,98.53744506835938,6571300
2017-05-19,98.58402635771269,98.86341162104212,98.12614857227227,98.56074523925781,6957200
2017-05-22,98.27360028133258,99.06519385577192,98.27360028133258,98.76252746582031,4858200
2017-05-23,98.80131307324358,99.45320799706613,98.80131307324358,98.96428680419922,3972500
2017-05-24,99.17381836589168,99.33679207988564,98.78578402182963,98.9565200805664,3965200
2017-05-25,99.01121147727382,99.69868465876176,98.69091634878875,99.62837219238281,5294300
2017-05-26,99.3940056994922,99.73773631097501,99.0815184488908,99.15182495117188,4005200
2017-05-30,98.97997657461309,99.51901704132057,98.58156106115081,99.30027770996094,3665400
2017-05-31,99.48775443283171,100.62052004786796,99.48775443283171,100.19084930419922,8813500
2017-06-01,100.2455442143916,100.60489654541016,100.08929163179387,100.60489654541016,5790900
2017-06-02,100.81583262676938,101.66735440721057,100.64396431433552,101.6204833984375,6562600
2017-06-05,101.53453706935701,101.96420779892892,101.40173192028888,101.8392105102539,4634700
2017-06-06,101.69859332708573,102.59699799742442,101.5814158102756,102.20639038085938,5619100
2017-06-07,102.33921711850577,102.71419717176207,102.01110808185639,102.14391326904297,5765200
2017-06-08,102.14388102703161,102.65166610719066,101.52672630251227,101.98764038085938,8101700
2017-06-09,101.84701480333032,102.88603237830318,101.8001438018183,102.75322723388672,5992500
2017-06-12,102.75321543327898,102.98758233432059,102.66728130024357,102.97977447509766,8020700
2017-06-13,102.92510828053379,103.69069588107587,102.65167817728374,103.13603973388672,5733800
2017-06-14,103.51884597611839,104.33912451128778,103.51884597611839,103.72196960449219,7329400
2017-06-15,103.12043307253235,104.17507863348003,102.9720002388759,103.93289184570312,5265000
2017-06-16,104.46412928782219,105.15160268755925,103.93289659155222,104.956298828125,12639600
2017-06-19,104.80001266500929,105.21405576087116,104.28441970061377,104.7375259399414,7488700
2017-06-20,104.60473405666971,105.2765797567072,104.60473405666971,104.85472869873047,5201200
2017-06-21,104.90938389281682,105.54998607817913,104.6984643716445,105.39374542236328,5841100
2017-06-22,105.8156211659564,107.02650739280182,105.67500811891149,106.28435516357422,7311000
2017-06-23,105.8156119754222,106.64369830161024,105.71406209039894,106.5811996459961,9007100
2017-06-26,106.62024153262038,106.94835046886043,106.4015022417937,106.51087188720703,5561800
2017-06-27,106.63587776467377,106.81555392795767,105.45624707122113,105.47186279296875,6120500
2017-06-28,106.20620129622799,106.40150509115317,104.34691727441077,104.54222106933594,6557900
2017-06-29,104.2141264995306,104.47192900432903,103.36260459969374,103.62040710449219,5750000
2017-06-30,103.66724013494405,104.0578476802305,103.33913122735099,103.34693908691406,5264400
2017-07-03,103.73755980982459,104.15161482718958,103.62819016006716,103.82349395751953,2931000
2017-07-05,103.88599878189454,104.72971266751739,103.44852015684532,104.40160369873047,4302700
2017-07-06,104.37815586233806,104.65939379098232,103.44070007365626,103.5266342163086,4282200
2017-07-07,103.83131695135299,103.90162345971589,102.87823343666209,103.5422592163086,4994100
2017-07-10,103.6985155381321,103.80006541374428,102.5188728933873,102.76886749267578,4019600
2017-07-11,102.675108148801,102.95634609798557,101.93295609190774,102.51886749267578,3733100
2017-07-12,103.15165417348743,103.81569189003892,102.94073464315565,103.30008697509766,5053200
2017-07-13,103.19854332194448,103.29228534107651,102.33139388377575,103.01104736328125,4424400
2017-07-14,103.12040035562413,103.9016155098334,102.91728870687272,103.5891342163086,4383100
2017-07-17,103.67508517493877,103.84694156997239,102.92511326028666,103.23759460449219,4939400
2017-07-18,102.82356041871782,105.42500896128186,102.40170937524267,105.04222106933594,10256000
2017-07-19,105.33904745360772,105.78434580873612,105.0890648054281,105.62810516357422,5503300
2017-07-20,106.03433718029852,107.08898248260138,105.94840303033016,106.69056701660156,6088600
2017-07-21,105.72185780578222,106.45620202437983,105.5421816417844,105.70623016357422,6773500
2017-07-24,105.45623842296463,105.58904356931802,103.78443846240242,103.909423828125,8306700
2017-07-25,104.47972548754528,104.5656596366476,102.69073599816022,103.02666473388672,6262900
2017-07-26,102.8548084846599,103.3079147856971,102.14389970611536,102.30014038085938,5382200
2017-07-27,102.22201802323355,102.45637305685382,101.22206347845889,102.20639038085938,5838100
2017-07-28,102.44857438244094,103.11261215830524,101.96422470899608,103.00324249267578,4970900
2017-07-31,103.22979315358239,104.35474513522033,103.1985497853813,103.68289947509766,5440800
2017-08-01,104.03442660848513,104.17505154289597,103.33914555827056,103.5188217163086,3837600
2017-08-02,103.1829160807554,103.51102506939539,102.72980978585278,103.24541473388672,4032100
2017-08-03,103.05011215776035,104.21411531524353,102.73761888832912,104.17506408691406,4327300
2017-08-04,104.47971153751494,104.69063103136959,103.74536743785282,104.04222106933594,3192800
2017-08-07,103.97192774457615,104.27660119469789,103.51882149970828,103.79225158691406,3010800
2017-08-08,103.51102077454011,103.74538773395845,102.65167923013917,103.33134460449219,5535800
2017-08-09,103.75320508188697,104.22193904358271,103.40946843269674,104.08131408691406,6332300
2017-08-10,103.93289119176548,104.5656856765932,103.40947830612356,103.97195434570312,5607900
2017-08-11,104.40161788563972,105.06565569486597,103.70633670769229,103.97976684570312,4270600
2017-08-14,104.83907193735995,104.97187708392154,103.80005434560441,104.27659606933594,3041100
2017-08-15,104.5656507664391,104.63595726781388,104.05785377558395,104.19847869873047,3931800
2017-08-16,104.74535205108617,105.44063321248892,104.5734837262091,104.81565856933594,4469900
2017-08-17,104.82347692724076,105.26096756553383,103.92508398302685,103.93289184570312,5741400
2017-08-18,103.64383797319026,104.51098747946311,103.41729076902894,103.61259460449219,4792800
2017-08-21,103.33916096893661,104.4094221365218,103.26885445144555,104.25318145751953,4660000
2017-08-22,104.11255847920431,105.29999706253422,103.82350073423707,105.22969055175781,4150300
2017-08-23,105.01875692660138,105.06563985321439,103.62819478037355,103.7453842163086,5129900
2017-08-24,103.76101022065947,103.96412188451646,103.33133946980995,103.81568908691406,5398400
2017-08-25,103.70563429322101,104.21664958736278,103.47763399554368,103.5248031616211,4133300
2017-08-28,103.52480980146598,103.87073303652355,103.37544476471672,103.57199096679688,5349200
2017-08-29,103.43831723263311,104.13015154762904,103.22604402419466,103.94147491455078,3277900
2017-08-30,103.77639606212203,103.77639606212203,102.91158796311302,103.04524993896484,5430800
2017-08-31,103.29681069882527,104.16947622478386,103.18674531700289,104.06726837158203,7407100
2017-09-01,104.24811756703429,104.2874172131765,102.94304781617627,103.01380157470703,3820800
2017-09-05,102.7700739974989,103.13171227347154,101.98388922823787,102.12539672851562,5146600
2017-09-06,102.62857367728134,102.99022401705639,102.36914321163053,102.73078155517578,5601900
2017-09-07,102.88012370908385,104.18519310629303,102.40055059306003,103.92575073242188,3800200
2017-09-08,103.77639920292688,104.04369917026378,102.88800649216925,102.9744873046875,4854400
2017-09-11,103.28107227863256,104.82985697854014,103.00591485247281,104.7276611328125,5724200
2017-09-12,105.21509430094673,105.25440593312227,103.72133625185757,104.27167510986328,5465200
2017-09-13,104.30313434248089,105.15221535272688,103.65846905461854,104.13017272949219,4679500
2017-09-14,103.8864532672994,105.71826518990146,103.76853035228898,105.49026489257812,6274500
2017-09-15,105.96985277065644,106.48873766111976,105.49027952272444,105.70255279541016,15522000
2017-09-18,105.69467736413061,106.7403044979764,105.43523496284013,106.4336929321289,5260800
2017-09-19,106.15068016556228,106.7560338534228,105.62393776374965,106.30791473388672,4903800
2017-09-20,104.7590963577287,105.5767230509623,104.04366550350879,104.73551177978516,8705500
2017-09-21,104.80628019412961,105.2072420677831,103.28894948484323,103.579833984375,6051800
2017-09-22,103.76852194974903,104.08299102846465,103.20246801107982,103.29680633544922,4334900
2017-09-25,103.35970577593599,103.58769406568558,102.85654803655336,103.12384796142578,6017400
2017-09-26,103.38328518203103,103.72920835983098,102.84868535905017,102.94302368164062,4516200
2017-09-27,102.99020779707068,103.06096154928696,101.75589191490113,102.00747680664062,5796100
2017-09-28,102.13326911378846,102.41629611849702,101.64582638576223,101.78734588623047,3992700
2017-09-29,101.87381462412267,102.57351852561543,101.45713769380825,102.21186828613281,5736900
2017-10-02,102.32981589671849,103.24965066822384,102.2197505051596,103.16316986083984,4492900
2017-10-03,103.50121064601373,104.09084916924486,103.27322236203734,103.8550033569336,3900800
2017-10-04,104.090854636818,104.70407777349098,103.85500881211846,104.47608947753906,3589000
2017-10-05,104.47610960190374,104.80630581631314,104.05943256970407,104.71196746826172,3741100
2017-10-06,104.56255021071607,104.7590963577287,104.15373086598686,104.73551177978516,2469500
2017-10-09,105.08145539235834,105.2072478300502,104.69622055051218,104.91635131835938,3750500
2017-10-10,105.00284164439125,105.45097274573264,104.49968384421025,105.2701416015625,4184600
2017-10-11,106.04062834928965,107.77023281483523,105.63966635304612,107.43216705322266,8269400
2017-10-12,107.18842695439695,108.11613120625006,106.93685407004472,107.57366180419922,5172800
2017-10-13,107.39285540170751,108.0375207412281,107.18843966294365,107.25919342041016,4106600
2017-10-16,107.27490719085674,107.91171492164712,106.55947618624373,107.01546478271484,5120100
2017-10-17,108.23408037234125,110.94641604421466,107.7545070741202,110.68697357177734,11717300
2017-10-18,110.68694466875105,111.30803733349671,110.1209026904217,110.6004638671875,6827700
2017-10-19,110.62407767895641,112.40870868597112,110.49041569516872,111.66969299316406,9181300
2017-10-20,111.93697506868715,112.91183636374673,111.504571108995,111.95269012451172,5634500
2017-10-23,111.74044992571348,113.4857811486423,111.70113828630501,112.91185760498047,6686000
2017-10-24,112.72318287995634,112.72318287995634,110.79702048167053,111.35521697998047,6585800
2017-10-25,110.97779993055434,112.60519550533041,110.82056543967214,111.92121887207031,6563600
2017-10-26,112.03918036048368,113.01405373394336,111.15079978247893,111.48885345458984,5841100
2017-10-27,110.85204786124038,112.18855951422269,110.22309767271133,111.46527099609375,5140100
2017-10-30,110.91493784091436,111.01714568971657,109.53125710096211,110.06585693359375,6034300
2017-10-31,110.08160110986785,110.27027778780399,109.26396218471706,109.6020278930664,4832100
2017-11-01,109.93219460058326,110.52969058089374,109.54695982603931,110.05011749267578,5006800
2017-11-02,110.15231504678633,110.29382250408703,109.36613051629645,110.01079559326172,3494100
2017-11-03,109.85364510265445,110.3803877013894,109.51559125418716,110.12881469726562,2737000
2017-11-06,110.07371291838655,110.45109020272159,109.84572463913206,109.87716674804688,4220700
2017-11-07,110.12878620918706,110.18381291613514,109.20895128251193,109.88507080078125,4201900
2017-11-08,109.83002529158942,111.53604504094037,109.64134859805374,111.10365295410156,4440700
2017-11-09,110.74196852326031,111.17437247315057,109.90861472686755,110.34101867675781,3517100
2017-11-10,110.1680789052358,110.1680789052358,108.97307466067868,109.7199478149414,4240800
2017-11-13,109.28752823702787,110.0815824427849,108.82368215412055,109.87716674804688,4322300
2017-11-14,109.72781321282221,110.28599767708565,109.21678591875047,109.6649169921875,4078200
2017-11-15,109.46048747492374,109.93220307209486,109.08312219492241,109.35829162597656,4811500
2017-11-16,109.60987899755708,109.8142827187491,108.99665583775348,109.17747497558594,4193800
2017-11-17,108.7293575893568,109.1696191472305,108.40701895011792,108.49349975585938,4247400
2017-11-20,108.6114458402685,108.93378454825911,108.28911912850818,108.43848419189453,4266300
2017-11-21,108.84729930211898,109.48410716515707,108.6428955424493,108.76081848144531,5660600
2017-11-22,108.72931092343869,108.79220711845853,107.39279976887893,107.93525695800781,3917000
2017-11-24,108.10036250267149,108.79220866147986,107.95098553690852,108.50131225585938,2606800
2017-11-27,108.77026280469721,109.40306438756639,108.74653380143717,109.2369613647461,3933100
2017-11-28,109.39517218239999,111.15909670298626,109.35561981554542,110.75569152832031,5052800
2017-11-29,110.91392749157436,111.23824011498463,109.90935495867294,110.58961486816406,5851400
2017-11-30,110.78735651108403,110.96137731713691,109.53757620838202,110.20993041992188,8941900
2017-12-01,110.39975196591757,111.15910435517289,109.63248186093364,110.72405242919922,5990500
2017-12-04,111.23031937245231,111.9264026291967,109.89352860424623,109.9568099975586,5916700
2017-12-05,110.57376735533569,111.38058987870248,110.10708074728298,110.47885131835938,6745300
2017-12-06,111.4043178437618,112.2902451027647,110.89017322203996,111.57833862304688,5591700
2017-12-07,110.74780273437501,111.92639598417341,110.15455328569564,110.747802734375,4713100
2017-12-08,110.739902054613,111.34105717782053,110.58170460847327,111.20658874511719,5101300
2017-12-11,111.45176506841712,111.6653381986182,110.60540233266745,111.64160919189453,4358600
2017-12-12,112.7964859008789,113.5637560574836,112.35351622937428,112.7964859008789,8016700
2017-12-13,112.7173896909361,113.45301317757296,112.48800522608848,113.02587890625,6118400
2017-12-14,113.52422854646638,113.6033212385746,112.01341691180215,112.04505157470703,5337900
2017-12-15,112.70157942361978,113.22364187010764,112.14788231508344,112.6857681274414,12517000
2017-12-18,112.76483603461001,113.74567931823304,111.84727413086807,112.16368103027344,5833200
2017-12-19,112.23485278401186,112.62244665690773,111.81562426032473,112.14784240722656,6580100
2017-12-20,112.52753198749738,112.78065750277027,111.59415880672866,111.65744018554688,6289800
2017-12-21,111.99756720868204,112.4563481659164,111.54670396758107,111.57833862304688,6284700
2017-12-22,111.53089153496542,111.80774609360213,110.77152696278698,110.83480834960938,4665600
2017-12-26,111.10372061186546,111.16698990812716,110.48673031129275,110.81104278564453,3271100
2017-12-27,111.07210063561196,111.64952664309013,110.8980798547792,111.19075775146484,3753600
2017-12-28,111.29356256401455,111.53086469005855,111.00089678138319,111.18282318115234,2485000
2017-12-29,111.5150566825837,111.69699517708877,110.40766270150111,110.51840209960938,4452900
2018-01-02,110.4709189139823,110.70030330434423,109.72737795192727,110.13078308105469,6842100
2018-01-03,110.23362674666382,111.27773920369495,109.869761877438,111.18282318115234,5350500
2018-01-04,111.0958296433062,111.64162099502964,110.9139032159615,111.17493438720703,4837600
2018-01-05,111.28563836615575,112.17947099504518,110.96132591695165,112.09246063232422,6158800
2018-01-08,112.08460199585062,112.32190420741028,111.46762348761061,112.23489379882812,5129800
2018-01-09,112.61450835505346,115.23271275557087,112.5274979941744,114.01457977294922,8897000
2018-01-10,113.5479544644368,114.0304645309988,113.36602800088804,113.88017272949219,6558600
2018-01-11,114.006697356643,114.61575793720016,113.65865584221739,114.52874755859375,4962200
2018-01-12,114.68694473374029,115.81806746471163,114.61574565364724,115.29600524902344,5450600
2018-01-16,115.81810373857604,117.11534196980688,115.50961452717634,116.16614532470703,8804000
2018-01-17,116.9412917416969,117.32097995991846,115.07453357934585,116.26103210449219,10619700
2018-01-18,116.2214981756312,116.62491546277376,115.46214575810824,116.21359252929688,5554800
2018-01-19,116.6407502576654,116.79102997088154,115.81810431008006,116.5616455078125,8738800
2018-01-22,116.28475615403406,117.1785888671875,116.05537175960981,117.1785888671875,7010400
2018-01-23,116.24524576595915,116.62492199598972,112.0213009368213,112.18741607666016,17473600
2018-01-24,113.50836591233741,113.55582392512282,112.16366991476995,112.37724304199219,13034400
2018-01-25,112.56708298327483,114.4259357455815,112.48799031298462,114.22026824951172,7938800
2018-01-26,114.29937138997562,115.1694752388128,114.00670558158882,114.95590209960938,8065600
2018-01-29,114.57622880998214,114.64741583495781,113.53210416491684,113.65074920654297,8013400
2018-01-30,113.42927270061821,113.76150296324148,112.66200256347656,112.66200256347656,8376100
2018-01-31,112.77277000436496,112.77277000436496,109.237002355597,109.30818939208984,13137400
2018-02-01,108.78609952796539,111.26983608836639,108.36687099262005,110.75569152832031,9393600
2018-02-02,109.96471805521531,111.02465414327911,108.66747978049933,108.90476989746094,9262500
2018-02-05,108.03466079141906,108.36687897202174,96.62054329771671,103.13837432861328,19954100
2018-02-06,102.83778826444055,105.19497426387234,101.24788442442605,104.27741241455078,19193500
2018-02-07,104.32488031764518,105.54301373192429,103.89774607540664,103.95310974121094,10550400
2018-02-08,103.54970952670325,103.81864636150458,99.75291090297307,99.9506607055664,11680200
2018-02-09,100.86821222065072,103.55761062475221,99.22293852182815,102.45812225341797,15030900
2018-02-12,102.82989150646424,103.87401619828847,100.99477368405034,103.04346466064453,9963900
2018-02-13,102.20500655170201,103.3044948989202,101.80158925637932,102.79825592041016,6339000
2018-02-14,102.38693648192334,102.83779974133009,101.55638492337545,102.56886291503906,6259700
2018-02-15,102.90899743847298,103.84237067100588,102.3552883605275,103.80281829833984,5606400
2018-02-16,103.58927019110689,106.34984993162944,103.494342070876,105.32154846191406,7970100
2018-02-20,105.10006488211997,105.55884588848512,103.35196332531035,103.51806640625,6563500
2018-02-21,103.46268623647394,104.75200658130844,102.71914514023825,102.75869750976562,6578000
2018-02-22,102.90898927215649,103.6367070066435,102.41856161545653,102.75869750976562,5732200
2018-02-23,102.90107684633702,104.47516950481351,102.84571318190346,104.4277114868164,5126800
2018-02-26,104.84960875770618,106.20291530866334,104.284397897714,105.13619232177734,6684400
2018-02-27,105.24764572187983,105.94817390798448,104.76204610862698,104.81776428222656,7158600
2018-02-28,105.04067659550371,105.34318490109979,103.38486147836073,103.39282989501953,7985900
2018-03-01,102.7798658895237,103.5838864880135,100.71805612147729,101.32306671142578,9424000
2018-03-02,101.02852546847899,102.7798645379177,101.02852546847899,102.54901123046875,6910400
2018-03-05,102.39774931471538,103.72717516691439,102.03951068130999,103.32117462158203,5799800
2018-03-06,103.48836657175642,103.64757701400964,101.83255124897094,102.07137298583984,5546500
2018-03-07,101.4822840080468,102.95500181179166,101.315105153175,102.72413635253906,6391700
2018-03-08,102.95499049998696,105.31930228482618,102.95499049998696,105.12824249267578,6423400
2018-03-09,105.48646754994795,106.52932190267181,104.73020895506794,106.51339721679688,7557800
2018-03-12,106.51340210311983,106.85570390978846,105.33523038082707,105.5820083618164,4942000
2018-03-13,106.51342555201977,107.77916510882969,106.2347981364797,106.95126342773438,9152300
2018-03-14,107.65974192913484,108.02592471035204,105.00087789531882,105.33523559570312,6770600
2018-03-15,105.51830517577065,106.86365552850108,105.45461858633654,105.9242935180664,6147200
2018-03-16,106.0039096791368,106.99102149344131,105.16008358743439,106.41785430908203,14233500
2018-03-19,106.15516534670596,106.25068916314994,102.97886483321142,103.67940521240234,6017000
2018-03-20,104.10928516558444,104.90534944251777,102.99480003666851,104.45159912109375,6214300
2018-03-21,104.60283563237525,105.70140816383542,104.01375587247153,104.4356689453125,5158700
2018-03-22,103.86252155773748,104.02968827672215,101.17978238672741,101.40267944335938,7560100
2018-03-23,101.6016960515318,101.73703161387321,99.4284436649423,99.58765411376953,8452500
2018-03-26,100.63048967052814,101.53004013048819,99.67520887979865,101.41062927246094,8358200
2018-03-27,101.18774401971083,102.77191651182949,100.61457669326482,101.26734924316406,7789900
2018-03-28,101.60168109447243,102.70821602283623,101.26733555706154,101.45838928222656,6868500
2018-03-29,101.87234688953477,102.50123232610305,100.95687175278157,102.01563262939453,6119400
2018-04-02,101.75295525201311,101.80071717432101,98.34580046161844,99.15778350830078,8916900
2018-04-03,99.65134452019848,102.28632188517479,99.25331230947289,102.17487335205078,8035000
2018-04-04,101.02054094125381,104.37992652231452,100.6145465278283,103.81472778320312,7717100
2018-04-05,103.8147594925994,104.44364501286319,103.09033798607109,104.05358123779297,5621700
2018-04-06,103.66347455928377,103.9978200445646,100.63047209204508,101.97582244873047,6399300
2018-04-09,102.41368219177794,104.39588695921753,101.64150481050055,103.07441711425781,6395800
2018-04-10,103.6873779296875,104.21278329742734,102.92315083597707,103.6873779296875,6019300
2018-04-11,102.80374126615895,103.76698439555832,102.71617370894083,103.19381713867188,4575400
2018-04-12,103.5600066292195,104.53120609159409,103.376915232962,103.8306655883789,4559800
2018-04-13,104.35606188294788,104.61876454878872,103.19381485502063,103.9819107055664,4742300
2018-04-16,104.61078914247908,105.78100437307572,104.50729691963156,104.889404296875,6379600
2018-04-17,105.16804720706855,105.23969007337706,102.54103278630303,103.91822052001953,11008700
2018-04-18,103.24157983932314,103.40874653811952,101.0524030391576,101.67333221435547,9383600
2018-04-19,101.6016825411296,102.11116927130469,101.01259667061484,101.53800201416016,5959500
2018-04-20,101.89622915409257,102.1350508705679,100.4394300452679,100.82950592041016,7743900
2018-04-23,101.00463569131283,101.33898731148841,100.12896618039936,100.96483612060547,7501900
2018-04-24,101.05239331457982,101.46634403371314,99.75480475813808,100.4553451538086,6577500
2018-04-25,100.23244243520001,100.98073862409692,99.73091812169226,100.90909576416016,5859600
2018-04-26,100.79767475554833,102.86744094473326,100.79767475554833,101.9041976928711,8211100
2018-04-27,101.681292470597,102.52511258469819,101.49819501509761,102.11116790771484,4266800
2018-04-30,102.58084260240548,102.67636642803768,100.69416809082031,100.69416809082031,8219400
2018-05-01,100.55881252375406,100.81355278180685,99.48412724989034,100.3120346069336,5122600
2018-05-02,99.92198142986028,100.44738674720162,98.07511262310979,98.31393432617188,7390800
2018-05-03,98.15472957823305,98.46519416606074,96.54667630813661,97.93978881835938,7282900
2018-05-04,97.59747491111568,99.117960529492,96.96062716123917,98.86322021484375,6127600
2018-05-07,98.8234120925786,99.69908152260713,98.1706396730859,98.38557434082031,6707900
2018-05-08,97.80446193998283,98.30598027050625,96.87306815180129,97.6054458618164,5951800
2018-05-09,97.9079349963904,98.75176718473102,97.54174619044511,98.32189178466797,6808600
2018-05-10,98.88710120350059,100.34390022533103,98.7119660983422,99.78665161132812,4948000
2018-05-11,100.12099856399405,101.57779760660763,100.11304229436475,101.29121398925781,5716700
2018-05-14,101.37879139213675,101.58576981888385,99.98567881214491,100.35186767578125,6101600
2018-05-15,99.93790812236848,100.16876748703325,99.0303953500936,99.61151885986328,5875700
2018-05-16,99.85830055138756,100.2244893742241,99.50803034107076,99.78665161132812,3818100
2018-05-17,99.89809701670559,99.97770222380836,98.35373656375029,98.5925521850586,6473400
2018-05-18,98.53684153350066,99.06224690517755,98.13880936955957,98.90303039550781,5433900
2018-05-21,99.20551841131373,99.50005826527989,98.17063256760065,98.48905944824219,5558700
2018-05-22,98.55274250609236,98.90300659610276,97.72483507549872,97.84424591064453,7172700
2018-05-23,97.81240392671145,98.68807327369933,97.7089117005712,98.27411651611328,4940800
2018-05-24,98.09103089570999,98.22636035096914,96.76160515019012,97.31884765625,6923600
2018-05-25,97.4872819500075,98.48172722443567,97.14243527485802,97.41510772705078,4594800
2018-05-29,96.63718408380525,96.87777703101209,95.12948582110317,95.75502014160156,9821900
2018-05-30,96.33242733975091,97.50330023772932,95.86728429138724,97.01409912109375,6423700
2018-05-31,96.97402814204645,97.23867921164796,95.86731383080468,95.93147277832031,10337500
2018-06-01,96.5409451685375,97.29479735515163,96.21214133553593,97.2466812133789,5741000
2018-06-04,97.7198455846789,98.13687256740018,97.05421036283774,97.80004119873047,4853000
2018-06-05,97.88024797473749,98.28924746303481,96.95798306929034,97.42312622070312,5125400
2018-06-06,97.81608762773627,98.47370147705078,97.40708202678047,98.47370147705078,6799300
2018-06-07,98.64210252822282,99.03506528852009,98.056662967405,98.90675354003906,7414100
2018-06-08,98.93082729791858,100.12575856093353,98.9067692236718,99.49220275878906,6208100
2018-06-11,99.6605938224827,99.71673135641707,98.28121354316214,98.36943054199219,5571400
2018-06-12,98.77040055759987,98.78643722848935,97.80001370917194,98.27317810058594,5227300
2018-06-13,98.76240202306656,99.5162480999908,98.20904191205803,98.34537506103516,5836900
2018-06-14,98.4095321381754,98.76240015807194,97.91230957546053,98.1689453125,5239200
2018-06-15,97.92034010722662,98.42558411349324,97.23064679592083,98.329345703125,13173500
2018-06-18,97.52738665526232,97.68777790271888,96.43670904066275,97.29481506347656,6787400
2018-06-19,96.7654926538323,98.77842856996689,96.69331232919434,98.29724884033203,8572400
2018-06-20,98.17695337915285,98.36943016779477,97.56746190405028,97.87220764160156,6277200
2018-06-21,97.70379972224929,98.0326035445035,97.12638156571913,97.3990478515625,4417200
2018-06-22,97.58349112387562,98.946834620698,97.55943305676597,98.5137710571289,9501400
2018-06-25,98.49777943770552,98.98698075446636,97.4472025698427,98.31332397460938,8170500
2018-06-26,98.23310180107767,98.55389036583828,97.51935045671512,98.1208267211914,5496400
2018-06-27,97.94439512911659,98.61805174364254,97.39905639108437,97.52737426757812,5666000
2018-06-28,97.66370727573941,98.16895126550817,97.09431046635326,97.84014129638672,5296800
2018-06-29,98.03260953173636,98.78646173975059,97.19054643414563,97.31083679199219,7308700
2018-07-02,97.3108419667652,97.62361526939772,96.32442426877014,97.5033187866211,5481400
2018-07-03,97.55945375200443,99.01101454850226,97.24668657616824,98.40953826904297,4248100
2018-07-05,99.12326838078583,100.3422634722027,98.82654406239325,100.24602508544922,7319100
2018-07-06,100.37436813001463,100.98385971018334,99.93328306150657,100.84752655029297,7297900
2018-07-09,101.22444502702687,101.64948726898913,100.72722245270396,101.0881118774414,6706100
2018-07-10,101.34476321628573,102.2670221116432,101.13624968966307,102.15474700927734,5075600
2018-07-11,102.17879379569173,102.20285186802353,101.09613159249558,101.24048614501953,4827400
2018-07-12,102.419371793471,102.82036206566306,101.98630817329489,102.45947265625,6199000
2018-07-13,100.50267351118967,102.25096476126078,100.50267351118967,100.99187469482422,8250200
2018-07-16,101.04801311455509,101.12820872665368,99.57239427263521,99.9974365234375,7314400
2018-07-17,103.077009211367,104.68896147359092,102.2990987958138,103.54215240478516,12858700
2018-07-18,103.3015378621949,103.49401466530908,101.98631030024514,102.4915542602539,7152000
2018-07-19,102.27501989312894,102.41135304044408,100.94375565025663,100.99989318847656,5984600
2018-07-20,100.48663258351579,101.16028303300737,100.34227804169149,100.9277114868164,5835500
2018-07-23,100.84750805340059,101.59333877519684,100.60691512951836,101.55323791503906,4631100
2018-07-24,102.04243982987842,103.95112208863796,101.97026562327441,103.74261474609375,7158800
2018-07-25,103.5661662681374,103.63834046464936,102.37123543936511,103.14913940429688,6523000
2018-07-26,104.17568633605465,105.23429045792004,104.13559770721997,104.48043823242188,7640600
2018-07-27,104.23982070839791,106.07633469508656,104.2077473654755,105.49891662597656,6620400
2018-07-30,105.68339522669086,106.2527981774444,105.25835295183167,105.99616241455078,11013100
2018-07-31,106.08437103241873,106.37308012429098,105.6753715843771,106.27684783935547,7598900
2018-08-01,106.17260054276336,106.62972842417234,105.92399228602535,106.37309265136719,5770400
2018-08-02,106.57356644515747,106.66178344726562,105.13002106387168,105.25833892822266,6563300
2018-08-03,105.20221354401468,106.4212089929203,104.97766336093565,105.81973266601562,6498700
2018-08-06,105.57109502611877,106.28484624591063,105.06585113627757,105.87584686279297,5840000
2018-08-07,105.76359068289577,105.99615612177782,105.29844756806568,105.42676544189453,4664600
2018-08-08,105.4508190864928,105.6994273084327,104.9696331983691,105.19418334960938,3721500
2018-08-09,105.49089746732919,105.6352581145717,104.79318901067246,105.21823120117188,4057800
2018-08-10,105.21021355853111,105.56308153600754,104.4643767448534,104.85734558105469,4324000
2018-08-13,104.8333038165938,104.97765224597516,104.13559526711877,104.43231964111328,3778000
2018-08-14,103.99121441136828,104.63279141499176,103.73459095215699,103.8548812866211,4542800
2018-08-15,104.05540585596863,104.84935902275726,103.39778585653549,104.60073852539062,5377300
2018-08-16,105.07389926786311,106.56556092560375,104.71301594876233,106.24476623535156,7861500
2018-08-17,106.22067346122138,108.26569458411147,106.01216615847585,107.84065246582031,6700900
2018-08-20,108.20958934470481,109.96590208251027,107.46376461334444,109.7734375,7935000
2018-08-21,109.86965234989852,110.21449283019842,108.50630874625429,108.5464096069336,5832100
2018-08-22,108.71482461773132,108.81105690125865,107.800581213025,107.95295715332031,4688400
2018-08-23,107.95296630238671,108.65870240690678,107.54396682566708,108.35395050048828,5057600
2018-08-24,108.35392987355611,109.1879714625247,108.12937974433133,109.02758026123047,4809400
2018-08-27,109.39090381296695,109.83492839548856,108.34947553634166,108.92266082763672,4325900
2018-08-28,108.8095969683883,108.90647054353002,108.09108920932285,108.43824005126953,6037500
2018-08-29,108.43826304378321,108.93879304629549,108.13148023263521,108.87420654296875,4648700
2018-08-30,108.74501783402879,109.47160665257645,108.66429395548847,108.94684600830078,4821900
2018-08-31,108.66429092171495,108.98721106408895,108.15567999479279,108.73694610595703,6139500
2018-09-04,108.73697479648149,108.78541159875638,107.72783368703107,107.9538803100586,4406800
2018-09-05,107.76010263452515,109.74609742365486,107.74396524889592,109.68151092529297,6174800
2018-09-06,109.3908953900551,110.85212973388082,109.13254935516458,110.49691009521484,6562000
2018-09-07,110.42427356424733,111.15893136674792,109.5927421415907,110.8602294921875,6375200
2018-09-10,111.02972650818722,111.78860249824558,110.65028851315805,110.77139282226562,4892200
2018-09-11,111.11854171613452,112.14383249900946,110.77947179268493,111.8208999633789,7856800
2018-09-12,112.13573368892926,113.01571393006743,111.86125031617026,112.5071029663086,6767700
2018-09-13,112.93502807617188,113.41133984452726,112.23266962728783,112.93502807617188,6456100
2018-09-14,113.02380858878685,113.30637303770584,112.29723188959167,112.6120834350586,4534800
2018-09-17,112.48290505688651,113.34672343286908,112.36180073370747,112.99151611328125,5295500
2018-09-18,113.2417664756685,113.70192835205225,112.88654688344786,113.45973205566406,4581200
2018-09-19,113.6373408359595,113.82303164207924,113.06415566886706,113.39515686035156,5049900
2018-09-20,113.68578761745526,114.75143404411439,113.43551031676938,114.62226104736328,5019300
2018-09-21,114.78372526347789,115.5506822601454,114.38814988479194,115.3488540649414,13283400
2018-09-24,114.71914483338824,115.04206500068109,113.20946163882654,113.4032211303711,6708000
2018-09-25,113.45166293241621,113.79881383026651,111.73208278505734,111.92584228515625,7982800
2018-09-26,112.17610171660642,113.02378254945025,111.37686999534871,111.538330078125,7133300
2018-09-27,111.77247051325055,112.68473804830299,111.0620435253764,111.5867919921875,6450500
2018-09-28,111.48989649031952,111.86125345951945,110.9328487179046,111.54640197753906,6638500
2018-10-01,111.61905777077848,112.90269442141658,111.4091608878651,112.77352142333984,4871800
2018-10-02,112.85426803039431,113.61314414861936,112.74124471397468,113.41131591796875,6439100
2018-10-03,113.45973768492813,114.04908490972323,112.11960777317205,112.2406997680664,5411800
2018-10-04,111.85320877754408,112.6443719987573,110.86021732407931,112.49906158447266,4738700
2018-10-05,112.862357837066,113.22564621681872,111.8612853003394,112.2972412109375,4309300
2018-10-08,112.13573100015539,112.76543393132232,111.90968442581928,112.53131866455078,5174100
2018-10-09,112.00657272967736,112.71699955627423,111.2557654841943,112.3779296875,4475300
2018-10-10,112.49904778821525,113.39516552226203,111.19119262695312,111.19119262695312,7265600
2018-10-11,111.33652786236057,111.94201255295168,107.27574485628563,108.0507583618164,11603200
2018-10-12,108.50283359268258,108.5109146044626,106.75096632397687,108.07495880126953,6998000
2018-10-15,108.08305901473908,109.22944189715143,107.78434485396693,108.13956451416016,6398700
2018-10-16,108.78540874917705,111.4011068710578,108.78540874917705,110.24664306640625,9592800
2018-10-17,109.98023807806196,113.0238113030793,109.96410068870921,112.5878677368164,8261100
2018-10-18,112.37794376233522,112.87040508265096,111.17505552644481,112.6201400756836,7583900
2018-10-19,111.68364607778432,113.02378823764117,111.33650749827548,112.25684356689453,5924800
2018-10-22,111.90160914307444,112.42635744860432,111.52217120451085,111.95811462402344,4864300
2018-10-23,111.23962938204099,112.61207104739763,110.96514597641612,112.15996551513672,8282700
2018-10-24,111.82897363691097,113.11259804543336,110.73909641843522,110.98129272460938,8279200
2018-10-25,110.97322324058747,112.28913473187032,109.027596430292,111.78860473632812,9720700
2018-10-26,111.36074649783383,112.45869256515097,109.253659277417,110.57765197753906,11371400
2018-10-29,110.59379755936153,112.29722825498988,109.97216318303006,111.04589080810547,6783000
2018-10-30,111.3526594880009,113.91185215482452,110.60186442346387,113.62928771972656,9646200
2018-10-31,113.83109031286565,114.17822885975025,112.70892615642666,113.01570892333984,9968900
2018-11-01,113.08029125617605,114.29932894947036,112.90268148382673,113.68577575683594,6913500
2018-11-02,114.61420197123661,114.63842037033261,112.7493113291485,113.57276153564453,7673200
2018-11-05,113.83112318746883,115.2358521210804,112.21649732665367,114.79989624023438,5601400
2018-11-06,114.25899758174494,115.30850685065045,113.87955952053589,115.0986099243164,5798900
2018-11-07,115.5265121953755,116.9554475458445,115.4215575480023,116.85857391357422,7173600
2018-11-08,116.50330716987608,117.69812665412961,116.25304217506104,117.30255126953125,5497100
2018-11-09,117.09264256455494,117.6577713769028,116.5598254811021,117.3348388671875,5343100
2018-11-12,117.05226870306285,118.0614095426756,116.84235952451058,117.56086730957031,7013600
2018-11-13,118.02102124506109,118.4731142928498,115.78476207802227,116.80197143554688,7432300
2018-11-14,117.0765141105841,117.31062941920122,115.89783191777107,116.45487976074219,6433100
2018-11-15,115.77673213471495,116.66476882761265,115.02592482159613,116.65670013427734,6657900
2018-11-16,116.82623688772372,118.46508083264077,116.69706388748018,117.8595962524414,8494300
2018-11-19,118.2148339224504,119.8375408985545,118.16639711455807,119.26434326171875,8714600
2018-11-20,119.07865330269698,120.08779443238086,118.15024839083475,118.23097229003906,8937700
2018-11-21,118.05334657271561,118.05334657271561,113.6534943033504,114.6303482055664,10275400
2018-11-23,114.51734901781778,115.22777605038914,114.31552077655876,114.8241195678711,3404900
2018-11-26,115.36843247103236,115.40905763793425,114.32849266305831,114.85658264160156,7590900
2018-11-27,114.20666673797513,116.46528790590925,113.46733060968457,116.35966491699219,5962100
2018-11-28,116.85523357461703,119.07322901602713,116.4733792902089,118.97573852539062,8411400
2018-11-29,118.30951799712156,119.5931964845176,117.6758050269852,118.49639129638672,6900000
2018-11-30,118.08206105179109,119.4307376632841,117.88708002646189,119.3494873046875,12517600
2018-12-03,118.26892463359438,119.13012381654079,117.7570746902321,118.78889465332031,8827200
2018-12-04,118.87825772782145,121.04750810078912,118.47203078763135,118.64263916015625,9803500
2018-12-06,117.39958778995725,118.9838704052881,116.01028617524398,118.54515075683594,11572500
2018-12-07,118.20392427429309,119.70695657521955,117.09085398339576,118.15516662597656,9444500
2018-12-10,118.12266703698258,118.52077389411372,115.67718536419399,118.01704406738281,6848100
2018-12-11,118.85384673595591,120.41376875485008,118.4476198845284,119.02446746826172,9857400
2018-12-12,119.43073542173694,120.64129631854654,119.43073542173694,119.5119857788086,8869200
2018-12-13,119.398215895129,120.72250715904336,119.26822031184257,120.11316680908203,6008300
2018-12-14,117.26960654426156,118.1145656405619,105.78150756247656,108.05638122558594,58140200
2018-12-17,104.25408238561471,106.95954275525769,103.04352170471591,104.9202880859375,36933100
2018-12-18,107.28453168808348,107.8938720660199,104.96903329310042,105.9602279663086,24640100
2018-12-19,105.51337974084376,106.71582038989553,103.2547589823356,103.67723846435547,21232100
2018-12-20,103.76661831212574,105.41589882020669,102.98666327277114,104.21347045898438,16609600
2018-12-21,103.83160118218291,106.10647436869816,103.27913233394524,104.06720733642578,19732900
2018-12-24,103.42537604896293,103.99409125610742,98.30691439053905,99.80182647705078,7531900
2018-12-26,100.27305567296173,102.98665483621117,99.12749893349772,102.94602966308594,9253000
2018-12-27,102.2635453399138,103.51472473144531,99.98867259194202,103.51472473144531,9918700
2018-12-28,103.92097715434669,104.60343542766722,102.97852769286851,103.4010009765625,6537200
2018-12-31,104.14030955930498,105.25337956091231,103.52284920880037,104.84715270996094,7409900
2019-01-02,104.09970625046707,104.30281969439785,102.59666180655492,103.79096984863281,7631700
2019-01-03,104.10784538355266,104.21346836079175,101.84922446533776,102.14170837402344,8654500
2019-01-04,103.27913082726258,104.52217796949974,102.962274336421,103.85597229003906,8831700
2019-01-07,103.69346802028836,104.27844190008626,103.01913613077195,103.18975067138672,8404700
2019-01-08,104.14031537042102,106.02521401460294,103.77471986210601,105.58649444580078,9351600
2019-01-09,105.48089554290918,105.8140046305255,104.2622146441732,104.74967956542969,7403500
2019-01-10,103.74222460643908,105.52962043363199,103.74222460643908,105.38338470458984,6224400
2019-01-11,104.80654554422192,105.48900379572667,104.24595041010666,105.41588592529297,5300400
2019-01-14,104.59531473688449,104.77405557842629,103.66098535663205,104.2215805053711,7374400
2019-01-15,104.41657886859788,105.2046601446416,103.70974174297972,105.09903717041016,5194400
2019-01-16,105.13966638693606,105.13966638693606,103.91285921319268,104.02659606933594,6264200
2019-01-17,103.75847751018497,105.229023152167,103.55536405341964,104.8796615600586,7632000
2019-01-18,105.53775046155373,106.57769040079789,105.17214870740823,106.17959594726562,10593000
2019-01-22,104.15657336547511,105.21276577155153,103.18975757068321,104.64405059814453,10568100
2019-01-23,104.40031198180982,105.05027749301539,103.93721356959827,104.64405059814453,9267800
2019-01-24,104.39221239040215,104.56282077737005,101.55674364489388,103.20602416992188,9917000
2019-01-25,104.09970078563195,104.35967953374387,103.2059967204282,104.18093872070312,7585100
2019-01-28,103.83972180329947,104.92840695784078,103.41724853997036,104.79842376708984,6927700
2019-01-29,104.76593270767289,106.0008661632195,104.40033091539738,105.88712310791016,6669300
2019-01-30,105.91959623504643,107.39826807784887,105.86273091643301,106.951416015625,7299300
2019-01-31,106.94329761928645,109.83563116262688,106.3258247974085,108.12135314941406,17298100
2019-02-01,108.88507528356585,109.42941790959017,108.4382231586018,109.03131103515625,9575200
2019-02-04,108.83632156655472,108.99067738220509,107.41452735040264,107.95886993408203,7759000
2019-02-05,108.47883989439232,108.77132377188322,107.85324696810811,107.95886993408203,6449800
2019-02-06,108.12137903276782,108.51948595285779,107.48766590907462,108.05638122558594,5066100
2019-02-07,107.60953782256655,107.76390607757584,106.86208157463247,107.28456115722656,6085300
2019-02-08,107.20328404666134,107.61764344821793,106.87017498970151,107.56888580322266,4436700
2019-02-11,107.49577046145515,107.78825435300082,106.64269141135843,107.24391174316406,4962200
2019-02-12,107.30888932258478,109.11253758110881,107.30888932258478,108.99879455566406,6262300
2019-02-13,108.925711950206,109.66503565635298,108.22700102574382,109.23443603515625,7902200
2019-02-14,109.11256168660535,109.53504118747568,108.34073295792531,109.12068176269531,3910400
2019-02-15,109.83566790579319,110.82686286475392,109.68941972645432,110.802490234375,6665000
2019-02-19,110.60746882573171,110.80246221652182,110.19312181699772,110.24186706542969,5935500
2019-02-20,110.46937781378314,111.08683842684722,110.274384379469,110.77811431884766,6089800
2019-02-21,109.66499459246026,110.32308009175448,109.08815942023962,110.02247619628906,6665500
2019-02-22,109.91688376816428,111.01370150288471,109.53504183666888,110.98120880126953,5223900
2019-02-25,111.51282057109489,112.44516044420433,111.11207328695782,111.39013671875,6846600
2019-02-26,111.58641015892115,112.01169166722468,111.26745214751443,111.31652069091797,5106900
2019-02-27,110.83397908552611,111.43100040081417,110.727655605535,111.1202163696289,4378100
2019-02-28,111.18566389915046,112.82134858315203,110.97302938277241,111.7499771118164,10133200
2019-03-01,112.2243175160169,113.36111777445794,112.05256514808315,113.14848327636719,5641600
2019-03-04,113.55740137810808,114.01539104131761,112.46148327910541,113.25479125976562,8377700
2019-03-05,113.5246744448647,113.79456386994649,113.15664794858289,113.4919662475586,6568900
2019-03-06,114.0644843721973,114.21169001910391,113.35296545357846,113.75370025634766,6236900
2019-03-07,113.2956938637482,113.77821783016275,112.61688325098456,113.05852508544922,6100400
2019-03-08,112.93582729763698,113.92542185836035,111.5700323103311,112.91129302978516,7046700
2019-03-11,112.95220203269287,113.70461546104116,112.46967806439613,113.32022857666016,6150400
2019-03-12,113.39382274391686,114.49791477092081,113.27115139837524,113.82727813720703,5552900
2019-03-13,114.16260173962941,114.36706231118657,113.6964381257062,114.01539611816406,6446900
2019-03-14,113.14028118747262,113.51649407118515,112.81314931585554,112.87857818603516,8493600
2019-03-15,112.86223476488713,113.0748692653806,111.90536079374225,112.53510284423828,11922500
2019-03-18,112.57595608563852,112.68227954824198,111.81536894963438,112.18339538574219,7369600
2019-03-19,112.543288641955,113.53288339708514,112.42879120972611,113.22209930419922,5882500
2019-03-20,113.13209502870473,113.279300611235,111.75811386202395,112.28153228759766,5475700
2019-03-21,112.04439163840495,113.50014988908686,112.00349702881175,112.94402313232422,5765100
2019-03-22,112.6577792293682,113.18119781336779,111.92990006600496,111.97079467773438,6528800
2019-03-25,111.97081146567247,112.05258822210878,111.01393730829916,111.72545623779297,4500300
2019-03-26,111.98714154812237,113.90090203828827,111.98714154812237,113.32841491699219,4758600
2019-03-27,113.34475974949915,114.07263888697281,112.919490744633,113.43472290039062,6764900
2019-03-28,113.7291605959901,114.05630503909848,113.44292324746532,113.58195495605469,4602100
2019-03-29,113.90908438789764,114.3997948020104,113.58195243134527,114.32617950439453,7168400
2019-04-01,114.48974020082098,114.7350828905324,113.46743739608243,113.66371154785156,5885200
2019-04-02,113.68826137292447,113.68826137292447,111.97079991353075,112.62507629394531,5517800
2019-04-03,113.02577172056124,113.05849239179906,111.9380402685771,112.18339538574219,5947000
2019-04-04,111.93807825821716,112.05257568784849,110.5150405584113,110.87489318847656,5844600
2019-04-05,111.25925136638335,111.700893158537,110.9811880034908,111.37374877929688,4759700
2019-04-08,111.26744638304379,111.64364684917014,110.98119658897471,111.34104919433594,4329600
2019-04-09,111.22655940831423,111.43919392640558,110.04886442965842,110.87489318847656,5210300
2019-04-10,111.13657810120455,111.33286472535313,110.67858845747305,110.88304901123047,4194100
2019-04-11,111.1938719883942,111.37378585777049,109.93438754775678,110.58049011230469,4485200
2019-04-12,110.5886569388966,111.51282289952742,110.20426998956975,111.21021270751953,5756800
2019-04-15,111.22655109687912,111.87264101310149,111.0629851352403,111.6518325805664,5380900
2019-04-16,113.12393332938845,115.07038918028779,112.50236530232262,112.87857818603516,10745700
2019-04-17,113.68009749233508,114.62061129282382,112.59236556557767,113.28753662109375,9543700
2019-04-18,113.96632601756261,114.69420514317068,111.02208883573068,112.46967315673828,10485300
2019-04-22,112.02802703821345,113.26297681283513,111.60275805660919,112.72319793701172,4666500
2019-04-23,112.38789219834807,115.19309789712882,112.24886049888717,114.4161376953125,5790500
2019-04-24,114.2116620655584,114.61240924952895,113.56557219679162,113.84363555908203,5676300
2019-04-25,113.28749392426583,114.30979657397405,112.8295043338814,114.2116470336914,5218100
2019-04-26,114.39978419463792,114.92320276415984,113.93360809652712,114.81687927246094,4613600
2019-04-29,114.78419596543763,114.84961238144241,114.15445376764113,114.3670883178711,4275200
2019-04-30,114.65331572755336,115.68379254823552,113.64737317789103,115.47933197021484,6003700
2019-05-01,115.27487767508033,116.41986446197186,114.2934693429476,116.09272003173828,6656300
2019-05-02,116.06000631128738,116.25628048081337,114.59606157406121,115.54476165771484,8835600
2019-05-03,115.55292201122273,116.20719828442844,115.38118213306643,116.14176940917969,5281600
2019-05-06,114.70237239328566,116.32988291835937,114.44065689046128,116.20719909667969,5818900
2019-05-07,115.1685826514904,115.62657243814796,113.72917191709716,114.4734115600586,6606700
2019-05-08,114.66149787139545,115.25034537661709,114.25257668606288,114.32617950439453,4667300
2019-05-09,113.6391853379397,113.94179547551475,112.56781391927939,113.45925903320312,5604200
2019-05-10,113.21390705580774,113.8845437523408,111.56187454444857,113.72097778320312,4771600
2019-05-13,112.73954402668727,112.91128388774489,111.65998641148805,112.20793914794922,5560000
2019-05-14,112.07710009921647,112.73137641638127,111.82357099014477,111.89718627929688,7179400
2019-05-15,111.96260826781844,112.44514471937204,110.67860231864213,111.97079467773438,6429400
2019-05-16,112.36335228145332,113.83547090661428,112.01986001546294,113.03398895263672,6857200
2019-05-17,112.04440306496792,113.70462205364625,111.9299056339999,113.36112976074219,6915300
2019-05-20,113.36112629290783,113.64737610121323,112.60052643387891,113.20573425292969,4771100
2019-05-21,113.77819984426198,114.14623880789786,112.92764946976955,112.96035766601562,4859000
2019-05-22,113.14848169418256,113.63917956274952,112.44513685121565,113.4837875366211,5456800
2019-05-23,113.27116833712157,114.37526052923319,112.5923576719554,114.32617950439453,6951800
2019-05-24,114.86964148385975,114.86964148385975,114.0956074807179,114.33441162109375,5473300
2019-05-28,114.45791259509608,115.68484006633913,112.85221057881833,112.86868286132812,11919600
2019-05-29,111.8970432159984,111.8970432159984,105.8283062535016,108.14216613769531,23247400
2019-05-30,108.23276727228445,109.36911651560285,108.01043534105358,108.78446960449219,7360600
2019-05-31,108.29861536497906,108.69386225507112,106.72584510016088,107.99393463134766,7811000
2019-06-03,108.28213896897768,109.02322843034918,107.90335181371053,108.23273468017578,8434600
2019-06-04,109.18792383673953,110.58776643676515,109.17145155259674,110.11840057373047,6648900
2019-06-05,110.91712681705094,111.27121178877815,110.22544172093714,110.65363311767578,6860600
2019-06-06,111.0818120852326,113.35450963905029,110.82654824454617,112.54753112792969,9115800
2019-06-07,113.29685800273992,114.94373438937065,112.92631332868194,114.08736419677734,6533900
2019-06-10,114.12852274903464,114.58140364064619,113.3050846702239,114.474365234375,4994700
2019-06-11,115.01784798804115,115.8248265144056,114.86963513503778,115.1001968383789,8230500
2019-06-12,115.52841267153212,117.67758744720487,115.52841267153212,116.66474914550781,9216500
2019-06-13,116.69764233982235,116.88702957465762,115.4542553981343,115.86597442626953,7500800
2019-06-14,116.29417252904584,116.50827450070605,115.31427906860938,115.35545349121094,6548100
2019-06-17,115.2813596342443,115.4789893454703,114.63084891904919,114.82023620605469,5562800
2019-06-18,115.74247739986238,116.04714552900974,115.10842643478638,115.47074127197266,7122700
2019-06-19,115.28956358344861,116.08006968602206,115.20722731244545,115.6518783569336,6393400
2019-06-20,116.31067463351171,117.25762377280034,116.10481503239046,117.10118103027344,7335800
2019-06-21,116.48357705597688,117.28230057623213,116.11301980229398,117.00233459472656,11272200
2019-06-24,117.27407879767124,118.3280787951022,117.0023426564267,117.80107879638672,5894700
2019-06-25,117.97402223646534,119.38209485410769,117.90814565717905,118.77275848388672,7517000
2019-06-26,118.45162542636932,118.45162542636932,115.90719108029323,116.80474853515625,7674100
2019-06-27,117.1176224978613,117.33995435052807,115.77542665172274,115.84953308105469,5233500
2019-06-28,115.89067878800903,116.18711699654503,114.05440284070679,114.6884536743164,12792400
2019-07-01,115.44604150696404,115.49544579220299,114.22735640061072,114.75435638427734,5872300
2019-07-02,114.63908538301985,115.30606842041016,114.20266407300713,115.30606842041016,4501200
2019-07-03,116.10477621355092,117.07642717493539,115.93184867797011,117.04349517822266,3436300
2019-07-05,116.7141460701712,116.8129546428561,115.58602708511098,115.75072479248047,4652400
2019-07-08,115.3801885818714,116.17069500169549,114.98494165429598,116.08011627197266,4078100
2019-07-09,116.48360302230718,117.31527129323379,116.03070938381329,116.44242858886719,4217400
2019-07-10,116.74706318601288,116.91999073083184,115.8330463112141,116.2777099609375,4874400
2019-07-11,116.05539590894458,116.27772776785446,114.47439588211377,115.37194061279297,5817400
2019-07-12,115.38019690903373,115.38019690903373,108.95738675486466,110.5877914428711,17780100
2019-07-15,111.48530122689735,112.28403731352158,110.71126728194848,110.92536926269531,10038200
2019-07-16,109.45964034796113,110.20074231045338,108.48798924572063,109.1055679321289,10214500
2019-07-17,109.09734528585315,109.99489002058641,108.20803041086806,108.57857513427734,8862100
2019-07-18,108.80089201296263,109.11378998103649,108.01038582248894,108.7514877319336,6203100
2019-07-19,108.89971845420068,109.01499931708518,107.20343751546949,107.30224609375,8340200
2019-07-22,107.04700084253093,107.17051158686431,105.26837073608715,105.9271240234375,12624800
2019-07-23,105.90238672014794,106.5940717881569,105.53184204547671,106.0917739868164,5803600
2019-07-24,106.12473239237815,106.87405169811798,105.8694685290817,106.8658218383789,6838600
2019-07-25,107.09638045787126,108.3068357320614,106.77524003194353,107.96922302246094,8897800
2019-07-26,108.11741410141973,108.11741410141973,107.4504313182655,107.6480484008789,4894600
2019-07-29,107.87038873891768,109.77252869793645,107.21987818261019,109.53373718261719,7832000
2019-07-30,109.08089850627,109.09737079428915,108.09277482458484,108.75975799560547,5509600
2019-07-31,108.39743814646536,108.69387649403605,107.19521246890821,107.22815704345703,8559200
2019-08-01,107.26106445865189,107.65632387456336,106.2400090458911,107.2857666015625,7870700
2019-08-02,107.75514248720026,108.25744038097325,106.85759770535621,107.92807006835938,6574900
2019-08-05,107.79632790708878,108.24922155660859,106.23178735099063,107.17874908447266,9480000
2019-08-06,107.32693006132529,108.05155968511625,106.70935142232241,107.68101501464844,7880600
2019-08-07,106.51995932811592,107.7962909704527,105.55653820271394,107.21988677978516,6771700
2019-08-08,107.85393936108497,108.65267547538075,107.23636066846476,108.43034362792969,5260500
2019-08-09,108.52915899330299,109.31965264161855,108.05979318082125,108.72677612304688,4677300
2019-08-12,108.28215035592663,109.27027392989024,108.10922276226336,108.63622283935547,6852100
2019-08-13,108.94087428706723,110.42306553162202,108.69384031886318,109.86312103271484,5013200
2019-08-14,109.13027874223275,109.13850860209047,107.15403181462837,107.26107025146484,7736200
2019-08-15,107.18695479498824,107.92805675395242,106.4293931176943,107.49162292480469,7251200
2019-08-16,108.25741830180542,108.42210342452472,107.54103110740823,108.16683959960938,5858900
2019-08-19,109.10556353332866,109.1632102394445,108.54563157793508,108.89970397949219,4958000
2019-08-20,108.66090730648895,109.2373115171427,107.4257500416583,107.54103088378906,7302000
2019-08-21,108.44681435375307,109.03146103615909,107.74689938430416,108.30683135986328,6912800
2019-08-22,108.36450199672022,108.80092335776635,107.70574874232142,108.09276580810547,7213500
2019-08-23,107.92805959831395,108.0845023145923,104.6837045363091,105.17777252197266,15714000
2019-08-26,105.70870105527123,106.25624563866386,105.05330965821481,106.02395629882812,8889500
2019-08-27,107.74956379756293,109.84016825390545,107.10247013362519,107.55045318603516,20183800
2019-08-28,106.07374069094766,106.91164069803341,105.36857474928317,106.75401306152344,9878800
2019-08-29,106.8867651150398,107.18542470657691,105.21925644660381,106.38900756835938,6749900
2019-08-30,106.41390179951689,107.10247847684873,105.87465492775807,106.48856353759766,7371100
2019-09-03,106.18158978790328,107.00290042792348,105.78338125370401,106.80380249023438,5710200
2019-09-04,107.42600056438377,107.50895381240565,106.25624963554054,106.9033432006836,4807200
2019-09-05,107.76615066868105,107.76615066868105,106.44707605003005,106.67107391357422,4754100
2019-09-06,106.91997204557184,107.21032749185224,106.24799103191053,106.3641357421875,6758300
2019-09-09,106.1898856882892,106.32262608351655,105.02013469063714,105.31879425048828,7684700
2019-09-10,105.64235143597038,107.47579193115234,104.81274287248611,107.47579193115234,8239500
2019-09-11,107.73297789665908,108.91102063983836,107.08588417376937,108.81976318359375,6203600
2019-09-12,108.977391310601,109.31753389066242,107.89889754828275,108.20584869384766,5250000
2019-09-13,108.95250309942503,109.15161372817136,107.81594332503636,108.4962158203125,5369800
2019-09-16,107.94036645934463,108.47131541275593,107.29327281796279,107.46748352050781,5101700
2019-09-17,107.51726662920707,108.26390921544028,107.11075390716124,107.57533264160156,4976400
2019-09-18,107.76614629579164,108.31369098053825,106.83698876445578,108.18925476074219,4373600
2019-09-19,107.54215249265184,108.83633971023403,107.3181546561254,107.94036102294922,4730100
2019-09-20,108.6787160687516,109.50832458836038,108.08968844994793,109.21795654296875,12053100
2019-09-23,108.69532148589366,109.54981732465836,108.25562994395929,109.29264068603516,5183700
2019-09-24,109.5912893489712,110.1554170601261,108.96077877906718,109.13500213623047,7102600
2019-09-25,109.09353652446526,109.15161520569445,108.03993000367481,108.67044067382812,4522900
2019-09-26,108.75340361930866,108.93591854966381,106.2148029719635,106.89508819580078,7545800
2019-09-27,106.6959670052441,107.35135225671425,105.11141147499622,106.68767547607422,6006500
2019-09-30,107.07758593779468,108.08140523478804,107.01950726072079,107.33476257324219,6552100
2019-10-01,107.86570755637291,108.51280121471225,107.65830541821742,107.8408203125,7673000
2019-10-02,110.13883692851188,111.74827969271715,108.8612452108981,109.50833892822266,12051800
2019-10-03,109.20966315360704,109.81527381812958,107.85739723886952,108.83634185791016,6997600
2019-10-04,108.96079985317503,110.93527254174246,108.88613811087383,110.885498046875,7233300
2019-10-07,110.41260156067257,111.01822493122046,109.62447595081215,110.4706802368164,5427200
2019-10-08,109.88165684654628,110.55363778902013,109.08523967725233,109.37559509277344,7870400
2019-10-09,108.79485790526415,108.88611534638348,106.6212876916486,107.20201110839844,7787700
2019-10-10,106.97801745765172,107.94865791910975,106.71254931052499,107.06927490234375,5119700
2019-10-11,108.79486411125431,110.0226812136811,108.52939595937745,108.9524917602539,7161400
2019-10-14,108.97736766956046,108.97736766956046,108.19753369276813,108.44641876220703,5700000
2019-10-15,110.33796352133899,111.37497445668991,109.59132071141627,110.2052230834961,10008800
2019-10-16,111.9142009742642,113.3162416075623,111.00163906146646,112.13819885253906,12434200
2019-10-17,112.79360085192802,114.06290111004832,112.53641152965585,112.96781158447266,8434000
2019-10-18,110.59512196748733,111.49110078691612,105.9410171508789,105.9410171508789,25868700
2019-10-21,106.74572238602329,107.57533087211236,105.41005221706703,106.20648193359375,13823600
2019-10-22,106.82038740474917,108.29708954280633,106.26455122099249,107.18541717529297,7613700
2019-10-23,107.56707631296446,108.247348922766,107.07761017606973,107.76617431640625,6693400
2019-10-24,108.19751737670809,108.33025774823447,104.61360962781644,105.77506256103516,12111600
2019-10-25,106.0488703631452,107.10247684457866,105.6174703405482,106.48027038574219,6947300
2019-10-28,106.7042520896645,107.84911598712016,106.6129946390148,107.16883087158203,7876300
2019-10-29,107.60020821017815,107.82420602527469,106.65445512943909,107.11903381347656,4506300
2019-10-30,110.5868486775882,110.77765514522179,109.28435686655148,110.2052230834961,9627600
2019-10-31,109.82358042502979,110.2051932570154,108.5874591674645,109.54150390625,7686700
2019-11-01,109.54979963464102,110.33792513958826,108.7948528982006,108.8446273803711,5541800
2019-11-04,109.3424007593403,109.46683696845335,107.92376468134717,108.03990936279297,6140300
2019-11-05,108.28880536142472,109.0686394407065,107.58363301514085,108.19754791259766,6257300
2019-11-06,108.19755023422805,109.0769333097096,107.60023103978352,108.64554595947266,5450000
2019-11-07,109.28435420536438,109.82360747391043,108.68703490844159,109.03546905517578,5873700
2019-11-08,108.92762700332892,110.37113806832654,108.65385460783727,110.33795928955078,5003000
2019-11-11,109.73230800553239,109.93971010816539,108.95247407422119,109.49171447753906,4371400
2019-11-12,109.5083185082423,109.58298023274459,108.69530574863576,108.96907806396484,5228700
2019-11-13,108.71189851002808,109.0852324835138,108.44643035737757,108.90271759033203,5885400
2019-11-14,108.70361197788738,108.97738433024298,107.96526084292434,108.64554595947266,4217500
2019-11-15,108.88612248270694,111.9722673097797,108.49620545044407,111.94738006591797,10495100
2019-11-18,111.35005554960661,112.5695810755685,110.05586829564412,111.85611724853516,9291800
2019-11-19,111.99718574841403,112.1548134426572,111.34180037947317,111.84786224365234,5192200
2019-11-20,112.0884085720943,113.10882351567743,111.22562127402837,112.77698516845703,7594400
2019-11-21,112.77702146974346,113.53196851032108,111.99718717805453,113.19182586669922,6424900
2019-11-22,113.36598180774759,115.00861553977141,113.2415456123607,114.54403686523438,9235800
2019-11-25,114.4939309408986,114.98678809228555,113.80894541205195,114.59416961669922,6111900
2019-11-26,114.00106860324348,114.72782446278643,112.89839223349918,114.5858154296875,10636500
2019-11-27,114.57746301522941,115.48799824238688,114.36026223869774,115.07032012939453,5523000
2019-11-29,114.94501621613904,115.50470333080578,114.3936780745782,114.8531265258789,3278900
2019-12-02,115.04530436646932,115.15390479617976,114.31854825140235,114.74457550048828,4717100
2019-12-03,114.36862980489893,114.81971658151807,113.7421126033848,114.57746887207031,5741400
2019-12-04,115.69685862510192,116.73270512500773,115.31258908184641,116.43197631835938,7257300
2019-12-05,116.40688824925864,116.74102562112107,115.23738195469276,116.58230590820312,5472900
2019-12-06,116.49880005656813,118.26975140740848,116.49880005656813,117.26732635498047,6640400
2019-12-09,117.27566401311776,117.62651211028633,116.99999491965855,117.3675537109375,4241000
2019-12-10,117.6181571831032,117.7852258761759,116.87469066438403,116.94152069091797,5310300
2019-12-11,117.72673092676955,118.60385739502219,117.47613429000255,117.76850128173828,6631500
2019-12-12,118.05254643796087,118.67070187936822,117.55967658368634,118.06924438476562,5012400
2019-12-13,117.86877003577446,118.4535168518559,117.20883147107035,118.10266876220703,4257200
2019-12-16,118.39506345385315,119.33067132466432,118.19458606809386,118.44518280029297,5353100
2019-12-17,119.45598472760574,120.3331116402961,119.0550171590867,119.92378234863281,10722400
2019-12-18,120.05740761598594,120.1910676822172,119.23876201673907,119.61466979980469,7849200
2019-12-19,120.1994111234351,121.86177466103568,119.96551239155988,121.41903686523438,9414700
2019-12-20,122.69715199115282,123.49908699631507,120.95960915126518,122.01215362548828,14532800
2019-12-23,121.74480496473709,122.5968590257717,121.41065487034068,122.32955169677734,6558700
2019-12-24,121.96202262562858,121.97037160007281,121.34385436055759,121.9035415649414,4238900
2019-12-26,121.93697196649845,122.112389668471,121.260335337265,121.82002258300781,3019300
2019-12-27,122.129096898426,122.42147672211665,121.57775864339439,121.75318908691406,3432700
2019-12-30,121.77824867119027,122.12909681145332,121.15173140360771,121.37728118896484,2923300
2019-12-31,121.2101861067461,121.97035053873617,120.94286601238025,121.85340118408203,4435000
2020-01-02,121.85339471312084,121.97870578064662,121.19346897830113,121.93693542480469,5777000
2020-01-03,119.87363820488616,121.43575052629826,119.4559600229876,120.52521514892578,5752400
2020-01-06,120.2913143079573,120.45838302852418,119.33065960480288,120.3748550415039,7731300
2020-01-07,120.29962787628943,121.50254270477306,118.10264999171973,121.10992431640625,7382900
2020-01-08,121.01809283410087,121.94533906476977,120.04072725256263,121.0932846069336,6605800
2020-01-09,121.76151607201281,121.98706581679701,121.11830097049821,121.45243835449219,6112700
2020-01-10,121.75322457106876,122.11242179109146,121.04316636175064,121.17682647705078,5042600
2020-01-13,121.52762349862019,121.78658189628764,120.89275733832174,121.7114028930664,4593200
2020-01-14,121.16843330599085,122.47158708854215,120.90111317289032,122.39640808105469,7037500
2020-01-15,122.29616484243536,123.13152119449168,122.1625175134664,122.80573272705078,4960300
2020-01-16,123.14824295287656,124.33444754976927,122.12910709209751,123.79981994628906,6476000
2020-01-17,123.97521840173162,124.81057461319018,123.57423824273407,124.6100845336914,9083600
2020-01-21,124.11725135552344,125.44546492863086,124.05042131614029,124.69364929199219,9543900
2020-01-22,122.54677831451605,124.61845856649929,121.96203139821353,123.84158325195312,10305300
2020-01-23,123.66614839999887,124.27596771277332,122.59689329211464,124.07547760009766,8671900
2020-01-24,124.11725062786205,124.42632840498621,123.5742613410049,123.90006256103516,9051900
2020-01-27,123.23178486826617,124.85237839171631,122.79739595301011,124.25926971435547,7587100
2020-01-28,124.01701529713948,125.77961779031652,123.75804410909574,124.88578033447266,7336600
2020-01-29,124.84398140372724,126.29750577888122,124.57667404821301,125.7545166015625,6288600
2020-01-30,125.32846458554104,125.7294319122727,124.50981924239511,125.60413360595703,6470600
2020-01-31,125.09463009401883,125.30346920936776,124.16738391200838,124.35951232910156,8651700
2020-02-03,124.8189326251393,125.71276995445753,124.66857461452042,125.44544982910156,5765200
2020-02-04,126.5480792064372,127.60062312926348,126.30581883953153,126.63996887207031,6541400
2020-02-05,126.74028809580884,128.66161057837977,126.39778887462515,128.6365509033203,5979900
2020-02-06,128.85370055702083,129.06253961789122,127.59231721811267,128.2522430419922,6201200
2020-02-07,128.0935349265189,128.19378635246017,126.59825272362747,126.88227081298828,5700300
2020-02-10,126.70681462867829,126.89895572054617,126.04688887909118,126.85718536376953,4835600
2020-02-11,127.21643996170485,127.29163173654027,126.58992256609362,126.9658432006836,3715300
2020-02-12,126.86557386707564,127.09947264207835,126.0719878271359,126.21399688720703,5166800
2020-02-13,125.43705922399451,126.17216383170026,125.20316056519893,125.37857818603516,5480200
2020-02-14,125.77127604392223,125.83810609533533,124.59342028750802,125.41207885742188,5716300
2020-02-18,125.69605493509923,125.92160468979208,124.51819957301124,124.58502960205078,7230700
2020-02-19,124.64351087569331,125.10294661304208,124.11723236266324,124.41796112060547,6115200
2020-02-20,124.14231599286857,124.78554399445062,123.13152913323962,123.94182586669922,7464700
2020-02-21,123.70789698716118,125.50392047071344,123.24844852641414,125.24494934082031,7776800
2020-02-24,123.16007772350711,125.26178553448847,122.10922381801643,122.66407775878906,10588900
2020-02-25,122.73136089339826,123.37027559019818,120.91548186736576,121.6048355102539,10529000
2020-02-26,122.19330460760027,122.92469486489347,120.71369400992198,120.78935241699219,10093800
2020-02-27,119.84777764888594,121.70569289707636,116.81291122161954,116.95582580566406,12566700
2020-02-28,113.79487426330816,115.41738662205026,109.97817832047261,113.05506896972656,19820300
2020-03-02,113.30726417537909,117.8049237717676,112.6599346138262,117.71244812011719,11508200
2020-03-03,117.69563582190735,118.52791672180109,111.89492747323585,113.98822021484375,13662500
2020-03-04,115.74525826328778,120.75573584205972,115.29129497385715,120.62122344970703,10560500
2020-03-05,118.36817952755021,119.94865498566888,117.56111813130214,119.3853988647461,11339200
2020-03-06,116.41779405881407,120.22608753979073,115.51826979710883,119.4022216796875,12239100
2020-03-09,114.61035940401035,117.42664085018866,113.40817557704324,114.70283508300781,13848600
2020-03-10,117.67041681422343,119.33496579270441,112.84489110867214,119.07435607910156,12698100
2020-03-11,116.0899154043161,116.64476927738984,110.5498173692019,110.8020248413086,17763400
2020-03-12,107.02735395817066,112.4497569088181,104.66503670820927,105.43006134033203,21539200
2020-03-13,108.71714161810846,113.424959150162,104.79114677600627,112.89532470703125,20084200
2020-03-16,103.88321530256003,112.4497721335262,102.92483703653988,106.87604522705078,18877900
2020-03-17,108.06980944116559,114.98022518942402,107.44769936156133,114.82889556884766,18911800
2020-03-18,110.14630185451563,114.05547308518302,108.20432597239805,113.4585952758789,17521100
2020-03-19,113.48379376797165,113.48379376797165,106.05215330343191,106.80876922607422,18482300
2020-03-20,106.62384020153713,107.13665741088799,99.30989330848075,100.78949737548828,19785100
2020-03-23,98.35991281044956,99.67137626214011,91.76896104780712,93.43350982666016,20815200
2020-03-24,99.8395339356616,100.58774143538524,95.72018516648087,100.19261932373047,17604800
2020-03-25,99.96564574940416,104.21109220370398,98.10773017074499,100.37757873535156,13986100
2020-03-26,101.36115238359598,106.85081152773064,101.20142055589936,106.4052505493164,15066800
2020-03-27,102.26910276549482,107.28798201491541,101.36957208422518,103.53853607177734,12133200
2020-03-30,107.9941616252939,112.64313835537682,107.18710016802909,111.81925964355469,21754000
2020-03-31,113.48382223935695,114.0891151293297,109.33084545507995,110.23878479003906,15746100
2020-04-01,107.35521720554657,109.48214418261823,105.50571715954574,108.28837585449219,12606100
2020-04-02,108.54902098048278,112.65155949071512,106.95172788002155,111.93697357177734,11594500
2020-04-03,111.2896468181357,113.31568359369517,110.6170976883606,112.79446411132812,10071200
2020-04-06,115.18195751429549,118.51106738481823,113.9461526464941,117.49383544921875,14994400
2020-04-07,117.57794795730389,119.40222888581985,115.3921665974173,115.57711791992188,11567100
2020-04-08,115.80408980510266,121.16765175360511,115.4257849992496,120.43624877929688,10758200
2020-04-09,121.06677337670399,122.25213967301904,117.93102888210497,118.72967529296875,11125400
2020-04-13,117.69566527914347,118.94828804905434,115.87978622187669,117.50231170654297,8153200
2020-04-14,122.25215159775853,123.93351802792075,121.10041969799592,122.76496887207031,13838000
2020-04-15,122.3614273174948,124.34543993926086,120.67164608295563,124.13526916503906,11962300
2020-04-16,124.68172827304606,126.67414343098491,123.10965473173957,125.82505798339844,12181700
2020-04-17,127.7754397107954,128.03604944121855,125.76620744627918,127.8006591796875,10920000
2020-04-20,126.88429855766603,128.62451879279809,126.17812780767326,127.50640869140625,12226200
2020-04-21,126.20335296342417,127.48119496943777,124.90030431642458,125.83345031738281,9951100
2020-04-22,128.46482022939108,130.30591881215432,127.5568806751047,128.61614990234375,11515600
2020-04-23,129.67533282382394,131.98721071857605,129.212954679313,130.73458862304688,10665000
2020-04-24,130.7850619678007,131.39875697305612,129.16253708872762,130.18817138671875,8653400
2020-04-27,130.14614316031722,131.18859477828738,129.46519193053408,129.708984375,8924000
2020-04-28,127.15333910111329,128.70860821463032,126.69096075700216,127.27103424072266,8558700
2020-04-29,127.26260792818717,127.47277869682122,125.39629047649235,126.30422973632812,9285200
2020-04-30,124.80784016019976,126.46397435077866,123.71494937645978,126.1361083984375,14829600
2020-05-01,125.78303498318324,125.82507171499567,123.40389963406618,124.66492462158203,7309000
2020-05-04,125.06842044178161,125.329030133794,123.65606625295227,124.64807891845703,7198400
2020-05-05,125.26179494187983,126.75820998945757,124.95914848125696,125.68213653564453,6562300
2020-05-06,126.10249077470812,126.37151557904235,124.45474591768277,124.4883804321289,6191600
2020-05-07,125.57281546898956,125.70732782751685,123.68969376082566,124.07640075683594,5570500
2020-05-08,125.19454912112639,125.41312214998426,124.32864639244724,125.00959777832031,4712100
2020-05-11,124.79940935553259,126.18654423086129,124.52198238046684,125.35426330566406,5887500
2020-05-12,126.18654014156067,126.38829587848356,123.60563683243456,123.69811248779297,7039200
2020-05-13,122.80701540074291,125.21977231571151,122.7481614136418,123.68973541259766,6970500
2020-05-14,122.22693200622601,124.21934711909235,121.27695586922864,124.11846923828125,6871400
2020-05-15,124.31182712776481,126.50601090670018,122.45392434295857,126.4723892211914,10340400
2020-05-18,128.1957738512359,129.14573705588703,126.48918814034029,126.53962707519531,7388400
2020-05-19,126.18656496647358,127.02724824319145,124.7573931338062,125.27862548828125,6107300
2020-05-20,125.89231240563997,126.43034915422788,123.80742160833779,124.15209197998047,5713400
2020-05-21,124.84144898373724,124.84144898373724,122.58842427727033,123.33663177490234,6487300
2020-05-22,122.38009743991996,123.83608442857853,121.94836857742828,122.21078491210938,6140900
2020-05-26,123.75142172148792,123.96304943141132,122.15151675113619,122.3716049194336,7072300
2020-05-27,122.16845833704602,122.9557072678869,121.05951821662399,122.65096282958984,7950000
2020-05-28,123.60751468467923,125.37671921466062,123.42974172749055,124.41169738769531,6189600
2020-05-29,125.24974207918888,126.42639155975004,123.0234145697809,125.9184799194336,8504000
2020-06-01,124.68257424101135,125.57141319424395,123.59904141391662,124.59793090820312,6141800
2020-06-02,124.48788923351802,125.57989551338036,123.69216693141207,125.4952392578125,6078300
2020-06-03,125.72380940621774,126.2486420597576,123.97152554671742,125.83384704589844,6339500
2020-06-04,124.2677962006526,125.59681152740754,123.23505192335561,124.20853424072266,8170500
2020-06-05,125.02116342624385,126.67185665609591,124.09846989221472,124.69102478027344,9725400
2020-06-08,123.48901456603221,124.95347481038758,123.37050355637452,124.2424087524414,7555600
2020-06-09,125.49519763978032,126.40943064645508,123.2942648922233,123.55669403076172,8247200
2020-06-10,124.09849317352158,127.0020191280847,124.09849317352158,125.11430358886719,10137100
2020-06-11,125.7745502994949,126.27398846857584,119.14637055115351,119.2479476928711,11913300
2020-06-12,120.91557634004637,121.65204937792141,118.74851117508905,120.33148193359375,8687400
2020-06-15,119.35799819811255,120.54310790714766,117.99511557435864,119.56962585449219,8649600
2020-06-16,121.97370856592399,123.09956920758013,120.85632129692512,122.28692626953125,7579100
2020-06-17,122.65942582309977,123.09961511345394,121.44892142054007,121.91450500488281,5100100
2020-06-18,120.64473813333943,121.99914783507333,120.09449829351794,121.39813232421875,4797400
2020-06-19,123.4128007434716,123.48899653026906,121.26266904893177,121.75364685058594,12206900
2020-06-22,121.44890985539587,121.60974897982827,120.22993219309791,121.38118743896484,5285600
2020-06-23,121.67747457703908,121.96528516684694,120.78016222341901,120.93254089355469,5921600
2020-06-24,119.7728253230292,120.36538033718894,117.42798664192858,118.3591537475586,8211200
2020-06-25,118.99401459230897,118.99401459230897,116.42907530315252,118.23214721679688,7421200
2020-06-26,118.1136611740916,118.17292313528145,115.98892353112647,116.65766143798828,12849700
2020-06-29,117.44490963980267,118.25755275089286,116.8015531837328,117.6988525390625,5309800
2020-06-30,118.00355969124463,119.37491549807446,116.68300536496244,119.0447769165039,7738300
2020-07-01,119.09559955455265,119.688154496557,118.56229364838423,118.83318328857422,6174800
2020-07-02,119.56963304003524,120.06907123909045,118.79084476776413,119.33261108398438,5152200
2020-07-06,120.34843175287159,121.7028541192861,120.10294931878256,121.03410339355469,6156400
2020-07-07,119.68815326980693,121.87215253371996,119.55270845110019,120.92406463623047,5622600
2020-07-08,120.94096716730176,121.38115630282297,119.9505512999242,121.27957916259766,6257400
2020-07-09,120.84786469345579,122.26153603363896,119.00247753982346,120.61931610107422,5738600
2020-07-10,120.83940127980055,120.94097842948489,119.72200096636067,120.5177230834961,4282400
2020-07-13,121.567399338797,124.1323256672793,121.28804926423494,122.92182159423828,6951900
2020-07-14,123.01494593286687,125.61372716675842,122.96414443882927,125.21586608886719,7447100
2020-07-15,126.74803377630492,127.15436818119481,125.47826782366027,125.503662109375,8512800
2020-07-16,125.85921848786236,126.41791871118934,124.16619690206882,126.34173583984375,9304700
2020-07-17,126.97665676114003,127.46763471729112,125.8677293587701,126.42642974853516,7441100
2020-07-20,127.17130108469563,127.24749686575142,125.64757921450655,126.63800811767578,6191500
2020-07-21,126.63800452287511,128.39027493630553,126.55334828709553,126.75651550292969,5575900
2020-07-22,126.91733161620742,127.32366601564257,125.15660088556331,126.98505401611328,5910200
2020-07-23,127.15440369399732,127.69617013509925,126.36714186678607,126.64649200439453,6566300
2020-07-24,127.39986197862368,127.48451821639718,124.46246877873509,125.38516235351562,5405900
2020-07-27,124.7503243282177,126.06241898671826,124.31860835996513,124.58948516845703,5675200
2020-07-28,124.77569447158834,125.27514569119761,124.22546758424471,124.2931900024414,4842200
2020-07-29,123.92074275216247,124.8349761672591,123.64986595328156,124.04771423339844,4489100
2020-07-30,124.8095473601548,124.86033593860572,123.70908079904501,124.3016357421875,5922500
2020-07-31,124.14924981033519,124.81798751236437,121.86367373475608,123.38738250732422,8259600
2020-08-03,123.92070431250181,125.10581415886345,123.71753708881329,124.73336029052734,4078700
2020-08-04,124.42859719516726,124.62329101562499,123.43818134754318,124.623291015625,4162200
2020-08-05,126.21478324795534,126.39254330765787,125.11431646940017,125.6222152709961,5467500
2020-08-06,125.62219057456029,126.34172988127928,124.01382531060244,124.90266418457031,4837900
2020-08-07,124.86880493600816,125.83382674276162,124.56406052773181,125.79151153564453,3635100
2020-08-10,126.0115883079473,126.1385597512833,125.04656658840754,125.3089828491211,4096600
2020-08-11,126.24862433390429,126.32480720838652,123.9037857243535,124.41169738769531,6388400
2020-08-12,124.89418549378478,127.17977476290223,124.85187029132062,126.68879699707031,5257300
2020-08-13,125.74067937853319,126.29091902092301,124.8857083188974,125.2835693359375,5155500
2020-08-14,124.95349505921294,126.41795554088543,124.92810076136622,125.48680114746094,4240200
2020-08-17,125.55447481085103,127.17130045157187,125.47827903017459,126.12163543701172,4306900
2020-08-18,126.3501899374128,127.06126878436564,125.76610836976897,127.05279541015625,4322600
2020-08-19,126.62109099244545,128.31411264564022,126.40100282755297,127.3067626953125,7816300
2020-08-20,126.76499365997408,128.31410999060105,126.59569408150372,128.1786651611328,4874700
2020-08-21,128.48339613299783,130.06636704708868,127.4760463088569,129.31297302246094,6722800
2020-08-24,130.1565991578007,130.29293244136727,128.11997364150935,129.65382385253906,5387900
2020-08-25,130.1906937916243,130.43782308845996,129.13402945892156,129.5771484375,3863500
2020-08-26,129.4067466059482,130.07993546797974,128.36712861443007,129.7816925048828,8008300
2020-08-27,129.88393067301598,130.5997293046053,129.43229489336798,130.3611297607422,5575400
2020-08-28,130.15662819021358,130.9746800848757,129.44081652900869,130.92355346679688,5395700
2020-08-31,130.37814135003427,131.57113874954425,129.74754958018104,130.72752380371094,6362700
2020-09-01,131.11949070697005,131.2984468013427,127.88135149908032,129.11695861816406,6307700
2020-09-02,128.49496635858938,131.51156758640235,127.18266849862067,131.0854949951172,6881900
2020-09-03,131.93760243489592,132.48297467562062,126.37309702474083,127.43827819824219,8672800
2020-09-04,127.966599254998,128.63127124292316,125.37608445625114,126.62020874023438,7200100
2020-09-08,128.03478029508548,128.5801525496121,125.1800894767772,125.48686218261719,8756800
2020-09-09,126.24527375293131,128.7591118494173,126.21971044371352,127.56610107421875,6960700
2020-09-10,127.18260664014373,127.63424232702529,124.85625506396369,125.18859100341797,6191800
2020-09-11,125.30792284708862,126.56909378616851,124.9500235131349,125.92998504638672,3934700
2020-09-14,126.21970012823914,127.37010095982318,126.12596366786785,126.41570281982422,4375800
2020-09-15,127.35304590086763,128.3244905148621,126.56055742750047,126.87584686279297,3658800
2020-09-16,127.30195658110024,127.87289224052165,126.41573139402732,126.45832824707031,4323000
2020-09-17,126.15151043553486,126.65428574944455,124.45575060573564,125.41014862060547,5461400
2020-09-18,124.8477377540728,127.52347207285666,124.58357493002799,127.12296295166016,12174000
2020-09-21,125.75954059768884,126.05778349848916,121.82263548661433,123.64622497558594,7574500
2020-09-22,123.29685858909728,123.85927739359168,122.47027692262232,122.88783264160156,5295900
2020-09-23,125.67432362033183,125.7339800033976,123.0326822864117,123.08380889892578,8784400
2020-09-24,123.18605633287568,123.77403835454415,122.14643858496586,123.27979278564453,5614800
2020-09-25,122.70884961555521,124.62617539079825,122.61511316865764,124.1234130859375,5531200
2020-09-28,125.03522007719623,126.36456406777913,124.77105723325982,125.35903930664062,5843200
2020-09-29,125.77658701645414,126.04926661129011,124.46427664554126,125.31642150878906,6768600
2020-09-30,125.64876608860634,127.5916554696264,125.12895716632555,126.86734008789062,8487700
2020-10-01,127.23375443396866,127.52348058272602,124.8051492420444,125.53799438476562,6457800
2020-10-02,124.59211247427635,126.4668286676411,124.26829324901084,124.61767578125,5485600
2020-10-05,125.26526596956415,126.44122977014105,124.77102050269409,126.31340026855469,4992800
2020-10-06,126.35604087607358,126.63725024481649,124.30236860909284,124.63470458984375,5118200
2020-10-07,124.8307092509933,126.31343303351763,124.25124396608909,126.01519012451172,5603100
2020-10-08,126.54351088965535,127.69391164427711,126.15151853540911,126.87584686279297,4413500
2020-10-09,127.52347793056516,129.0829046437852,127.3530515526464,128.6483154296875,5054100
2020-10-12,129.1851572654072,130.49745454012432,128.6909117196131,129.38966369628906,7273200
2020-10-13,126.96959709947248,127.92399527922197,125.9214624554476,126.42422485351562,11057600
2020-10-14,126.8162126159457,126.99515576675944,125.59763862489709,126.20266723632812,7706400
2020-10-15,125.67433188714485,126.03223120098494,124.69437040896601,125.42721557617188,5978600
2020-10-16,125.77659477841034,126.76507299872797,125.27381939601572,126.20266723632812,6097000
2020-10-19,126.56908254595031,126.88437200204523,122.8196501399532,122.98155975341797,7250800
2020-10-20,123.27126482560558,124.2000994988087,122.81109937099492,123.17752838134766,5325400
2020-10-21,122.81114059716393,123.850758599667,122.63219741795528,122.64923095703125,5221300
2020-10-22,122.84523192097076,124.14901279019203,122.57253926724275,123.62920379638672,5279700
2020-10-23,124.3108673634705,125.66577425442314,123.00708707176959,123.76549530029297,4154400
2020-10-26,123.07526024910342,123.36499934673672,121.64366330751446,122.68328094482422,6929500
2020-10-27,122.48734122538512,122.95601062772742,121.78857600282728,121.98456573486328,4890100
2020-10-28,120.51883352719406,120.98751577047328,117.7493629110052,117.90275573730469,8426100
2020-10-29,117.59601236096472,118.19251127240042,115.93433217814348,116.90577697753906,7205400
2020-10-30,116.47116399352647,117.2040091610002,113.88916586918648,116.83759307861328,7364100
2020-11-02,118.43106093179011,118.45662423131526,117.16137371305557,118.18394470214844,7088000
2020-11-03,119.31735118837702,120.11836960001021,117.40854163305323,118.02208709716797,6363000
2020-11-04,118.86571966144817,121.46475170455487,118.19251777935753,118.78901672363281,10263500
2020-11-05,119.76898124423943,120.8597257939482,118.66970692288092,119.09577941894531,8016200
2020-11-06,119.641139938591,122.01863151454484,119.00203125728933,121.21761322021484,5942500
2020-11-09,126.48387912652979,126.96109126018445,123.49285478613811,124.4813461303711,12351600
2020-11-10,125.47831762124656,126.75653477867861,124.63468961637037,126.35602569580078,7386500
2020-11-11,127.11445586120298,127.14001916852772,125.14600318100122,125.947021484375,6382400
2020-11-12,125.78511817740754,126.67134321540644,125.05227299104875,126.37310028076172,4710300
2020-11-13,127.0463139047811,128.17115171408142,126.46686145953142,127.7365493774414,5893500
2020-11-16,128.6056944012611,128.92951359303757,127.65129636574908,128.54605102539062,6266400
2020-11-17,127.82174945917377,128.35860496776655,127.07185770148239,127.26786041259766,7297700
2020-11-18,126.85881434682493,127.61722283102836,125.58059692382812,125.58059692382812,6661000
2020-11-19,125.52095935586243,125.65730567461547,124.06378570492805,125.38461303710938,7987700
2020-11-20,125.30795296548081,126.06636166553449,124.52398094990762,124.719970703125,6354900
2020-11-23,125.28623511591985,125.28623511591985,122.737777577185,123.4499740600586,7318300
2020-11-24,123.56152685046365,124.21365241756513,123.22688157229899,123.4499740600586,11034800
2020-11-25,123.6130032144657,123.70739101143516,122.58332648855797,123.28693389892578,7594600
2020-11-27,123.99057947264778,124.12787322200893,122.89225566386368,123.5615463256836,3059000
2020-11-30,123.75885430665372,124.29944007115559,122.75491866761308,124.14498138427734,15663200
2020-12-01,125.52651342254755,127.96343166830563,125.15755119775287,126.5218734741211,9738200
2020-12-02,126.86508869035409,128.4610922930266,126.73637090880185,127.11392211914062,7745500
2020-12-03,127.02813349834382,128.34956297622026,126.7278181392287,127.85188293457031,7310500
2020-12-04,128.52975385347932,128.9759520251722,128.08356877484,128.94163513183594,6747100
2020-12-07,128.15218780381065,128.6327027644116,127.43140226985852,127.82611846923828,6634700
2020-12-08,128.70992705282057,130.54618815505214,128.32379989027228,130.03993225097656,8339800
2020-12-09,131.13826778509903,131.71317060680943,130.2201306043475,131.3699493408203,8440100
2020-12-10,131.1296679274055,131.26694855293982,130.15146000228196,130.64056396484375,7392900
2020-12-11,130.0227737307298,131.63594241983293,129.76535124520566,131.24122619628906,5977400
2020-12-14,131.49864430727536,131.6959958659563,127.84328703219957,127.91193389892578,8547300
2020-12-15,128.7099164186873,129.35346600078074,128.3066242997981,129.1990203857422,7612600
2020-12-16,128.88151650717694,129.49932510302673,128.3237788187522,128.42674255371094,8486100
2020-12-17,128.78714390404625,132.0477978570306,128.6756042090392,131.8161163330078,9920300
2020-12-18,131.84189636091708,133.08610310817068,130.1429285647899,132.579833984375,17137200
2020-12-21,130.4346144484976,131.6359147642097,128.7528123367689,131.30126953125,7893400
2020-12-22,130.76928155427555,132.0563808337194,130.30593157461817,131.0438690185547,4699500
2020-12-23,131.1125408559665,131.79899655435392,130.34027328538562,130.37460327148438,4607300
2020-12-24,130.29737927840554,131.31846722728724,130.27163833558814,130.82937622070312,2114900
2020-12-28,131.5587268772069,132.03065285153826,130.68349561524573,131.44717407226562,3855500
2020-12-29,132.2366339293832,132.94024167808072,131.9706353990321,132.2623748779297,5212000
2020-12-30,132.77721065082613,134.18443914182032,132.65708186841402,133.90127563476562,5412800
2020-12-31,134.31308851305482,135.28270741696457,133.09463619566327,135.04244995117188,5099900
2021-01-04,134.92231185410392,135.04244057866282,132.2537258864282,134.28733825683594,11765900
2021-01-05,134.07285556381103,136.22659720208927,133.06034364325822,135.8662109375,9602300
2021-01-06,134.92234118034293,137.4879508752992,134.47614306654765,137.1447296142578,8230100
2021-01-07,136.43251632158604,138.17438953912833,135.8747785675544,137.60806274414062,7747200
2021-01-08,137.7282128502987,138.23448190239927,137.1876400012523,137.32492065429688,8228900
2021-01-11,137.7711315727588,138.42327038073486,136.23519856149824,136.75003051757812,7066200
2021-01-12,136.56122268563925,136.99884480217332,134.99954909930597,135.68600463867188,6903200
2021-01-13,135.7718266792883,135.9691913548448,134.5018922241833,135.48008728027344,6643100
2021-01-14,137.6767170180131,138.96381629788183,136.95594456361886,137.84832763671875,10030800
2021-01-15,137.54800415039062,138.5004580845947,136.52690335417498,137.54800415039062,7630800
2021-01-19,139.00676512357106,139.89914847206214,138.234510554551,139.67605590820312,9057600
2021-01-20,140.03641700315043,140.8430014169387,138.83512942498874,139.3328094482422,6839900
2021-01-21,138.4232729298653,139.41861996717094,137.3421009253856,138.7750701904297,6818000
2021-01-22,139.31564522224232,141.71823348482832,138.89518802104763,140.3367462158203,8137000
2021-01-25,141.5894887632729,142.51620176377602,140.43110733243168,142.42181396484375,9924400
2021-01-26,145.61382103192287,149.0031796591561,145.34782262397258,146.28311157226562,14205700
2021-01-27,145.11611748206724,146.66063889803561,143.68314883568345,144.0521240234375,14207300
2021-01-28,144.32671768894716,146.6091766934557,143.983496480727,145.1504669189453,8944400
2021-01-29,140.94595481764605,142.43899477760874,137.7625364230988,139.97634887695312,22505900
2021-02-01,141.84693121498773,141.84693121498773,139.5215789846399,139.615966796875,9971400
2021-02-02,140.19082870944297,140.4310861444664,138.30307301561848,138.36314392089844,11443300
2021-02-03,138.0971403579602,138.59482019551453,136.92159415988652,137.71958923339844,8601900
2021-02-04,138.14867856856569,139.08396772213192,137.08467161019067,138.9981689453125,7758100
2021-02-05,141.46080383843773,141.9584838393173,140.60273758031136,141.10899353027344,9495300
2021-02-08,141.6067016736478,142.37038027142938,140.6199305179153,141.51231384277344,6035300
2021-02-09,141.75251728402822,142.94522864084297,141.55516574682784,142.670654296875,5544200
2021-02-10,144.06071563590393,144.10362155910602,142.18154879987847,143.13400268554688,5921300
2021-02-11,143.2970475354565,143.6231168633373,142.095760158607,142.49046325683594,4871300
2021-02-12,141.06606975215192,143.16834229303967,140.7228485295439,142.93666076660156,4413100
2021-02-16,142.9366664346699,143.3399585884043,141.27201594360454,141.6409912109375,5656100
2021-02-17,141.55520994252782,142.51624008603847,141.03178893371143,142.14727783203125,6676700
2021-02-18,141.5466363922943,142.57631343395036,140.98030943681457,142.21592712402344,5189100
2021-02-19,142.09578358574964,142.40468797544682,139.78758315899202,139.84764099121094,8190900
2021-02-22,139.7613067626953,140.33979457665131,138.39710631012974,139.7613067626953,6447100
2021-02-23,139.4245437611253,140.90099231337612,138.49205201886613,138.52659606933594,7042800
2021-02-24,140.21886802914628,141.93707201997347,138.94101499095112,140.38291931152344,10286100
2021-02-25,140.84918202626966,141.34132273474881,139.86488743461695,140.5297088623047,9719700
2021-02-26,139.87353713371468,140.22754122295552,136.39396809726526,136.81704711914062,14417500
2021-03-01,139.39868551821812,139.46776046587294,137.36102067384735,137.5596160888672,10551400
2021-03-02,137.9567444369717,138.8201612944692,136.9379188689786,137.30055236816406,7610900
2021-03-03,136.63573094209298,137.19694668398265,134.7448457329523,134.88299560546875,8499600
2021-03-04,134.68439888216793,134.7793752624497,130.7817510397207,132.16322326660156,11033200
2021-03-05,132.94895062367164,135.288816572423,132.21505405280746,134.77940368652344,8331600
2021-03-08,135.55644821521602,137.56821109771744,134.67575932133607,135.9018096923828,6546700
2021-03-09,135.4614773124024,138.79426708319195,135.4614773124024,136.1608428955078,7461300
2021-03-10,137.12784957950626,138.0603280419156,135.8672553734152,137.4127655029297,6635600
2021-03-11,137.74955161674765,138.69068622260409,137.21423725676783,137.40419006347656,6305600
2021-03-12,137.52503085849935,138.41434913444493,137.44732650616123,137.80133056640625,5474800
2021-03-15,137.93085063327018,138.71656317908636,136.85157950155445,138.50933837890625,5524100
2021-03-16,138.54389042729335,139.59724699190858,138.3539376431749,139.32958984375,6369100
2021-03-17,138.86332633785207,139.640396192523,137.74088185634247,138.8115234375,6001400
2021-03-18,138.32800661690538,139.4331790293155,138.11215242425195,138.552490234375,4801800
2021-03-19,138.74248814368983,139.44185384760527,137.6891182866546,138.18125915527344,14891500
2021-03-22,136.68752976437895,138.70792218441915,136.4198726285655,138.5784149169922,7544100
2021-03-23,138.32802048241516,139.182794739198,137.17967448142934,138.4488983154297,7178300
2021-03-24,138.23305487701035,140.28797819844752,137.9912991921354,139.79583740234375,6370100
2021-03-25,140.2534326985965,140.26206212405083,138.69927976161875,139.84762573242188,6269800
2021-03-26,139.95121986897433,142.5501127558531,139.33820134544007,142.4033203125,7619200
2021-03-29,141.45361114580982,144.21654295881933,141.2809303777526,143.36175537109375,8535100
2021-03-30,142.48103945011314,143.03362565738283,141.7989328221852,142.47239685058594,7236300
2021-03-31,142.42924215183226,142.8005050546557,141.3413285441833,141.90255737304688,8281500
2021-04-01,140.39161247681056,141.46224114793483,140.0980406777524,140.59019470214844,7229700
2021-04-05,141.2895539533244,142.2479473272516,140.44340900259962,141.1082305908203,7387100
2021-04-06,141.66942912935812,142.04933462663945,140.73693741094797,141.07366943359375,5074200
2021-04-07,141.21183845070536,141.84212910691727,141.01325625005984,141.26364135742188,4608000
2021-04-08,141.60034725284686,141.69532362250422,140.6074232584515,140.71102905273438,5039400
2021-04-09,139.9771358526839,140.67650139496425,137.95674358060828,139.22596740722656,8418300
2021-04-12,139.08784687808375,139.94263448483767,138.44028410243033,139.56272888183594,5022800
2021-04-13,135.4355753287829,138.08625835835335,135.15064617109746,137.69772338867188,18424100
2021-04-14,136.2731285784203,138.24171860062881,136.02273023037188,138.07766723632812,7718300
2021-04-15,138.76837338859906,140.21027811549266,138.34529433980984,138.4834442138672,7524600
2021-04-16,139.3036816436432,140.3138778513403,138.63021750517845,140.0807647705078,9049400
2021-04-19,140.30521751347678,140.83190224159202,138.87194259110493,140.46926879882812,8353500
2021-04-20,139.01010262379137,144.8726968071465,139.01010262379137,143.7416229248047,14050700
2021-04-21,143.64667136569236,144.11292388876552,142.71417949424293,143.8366241455078,6333200
2021-04-22,143.1890753135902,143.56898091002012,142.13570549610657,142.6192169189453,7233000
2021-04-23,142.05797804981754,143.37900482072973,141.60036815791702,142.9127655029297,6015300
2021-04-26,142.64512929990286,142.8178100660928,141.3931641019555,141.70399475097656,6027800
2021-04-27,141.39314788876894,141.52266832958307,140.27934587606748,140.89236450195312,6217700
2021-04-28,140.61608861724744,140.90964722586338,139.57134828403514,139.8562774658203,7448000
2021-04-29,139.78716438360576,141.82482840893954,139.70946003923942,141.7730255126953,6394300
2021-04-30,141.7298957781886,141.88531768957768,140.3225350220374,140.50384521484375,9079100
2021-05-03,141.25502446551067,142.74010273841367,140.84057482560914,142.64512634277344,6594100
2021-05-04,142.31700575878114,144.9245284225004,142.17885589620218,144.85545349121094,10179500
2021-05-05,144.62234635723485,145.3994163812155,144.00931449521178,144.25108337402344,7792300
2021-05-06,144.0092420205442,144.95900550493684,143.53437345303905,144.82949829101562,5529900
2021-05-07,145.31308278587207,146.07288078211513,144.90727574454667,145.4857635498047,5316200
2021-05-10,146.69453433849355,148.1019081810102,146.11604656373262,147.01400756835938,8357500
2021-05-11,147.3420965406115,147.5320493226758,145.29580259483356,145.81385803222656,8217900
2021-05-12,145.52033482067688,146.60824896731972,145.01092181454808,145.22677612304688,6758300
2021-05-13,144.16468671045394,147.3852272959524,144.16468671045394,146.74630737304688,8018600
2021-05-14,148.05872574215326,148.17097415461566,146.92765171554262,146.9708251953125,5797700
2021-05-17,147.12624417277098,148.41274018132836,147.04853980858425,147.11761474609375,5722600
2021-05-18,146.7636113094049,147.96376035794157,146.37507631198028,147.16941833496094,5846000
2021-05-19,146.70319626626141,146.9190505319084,145.08859740042655,146.8499755859375,5533800
2021-05-20,146.72906191433853,148.15369445004188,146.5132077013716,147.70472717285156,4853200
2021-05-21,147.92918591767761,149.14660663586835,147.53200843579012,147.60972595214844,6501800
2021-05-24,148.4785423253761,148.8695145835091,147.49680319015164,148.17446899414062,5195100
2021-05-25,148.2787195193683,148.59148936821003,147.47073847638072,147.76612854003906,7444700
2021-05-26,147.69662239900248,147.76612828272314,146.2022790412377,146.88864135742188,5726400
2021-05-27,147.0536939576799,147.84430842282924,146.28915579711742,146.66273498535156,8114700
2021-05-28,147.2795788351174,148.57408761671513,146.9754922953799,147.0449981689453,6400800
2021-06-01,147.82696449418694,147.87040733651403,143.6827798226863,143.81309509277344,10448400
2021-06-02,143.61325409281534,144.85563701904877,143.4481792689063,144.39517211914062,6806000
2021-06-03,144.12584929489242,145.22053721503693,143.96947098782582,144.25616455078125,5808800
2021-06-04,145.09890833599226,145.58544956782904,144.10847259931595,144.1953582763672,6510300
2021-06-07,144.2214540578438,144.4994776819883,143.0311969021033,143.21363830566406,5362800
2021-06-08,143.59586526166026,143.92601488868186,140.80701298746592,141.95382690429688,7746800
2021-06-09,142.47514098014514,144.03029396052548,142.18843413321363,143.86521911621094,5552600
2021-06-10,144.22137390288643,145.59408495616222,144.17793107864637,145.15968322753906,6463100
2021-06-11,145.15104751939498,145.15973078433228,142.67495155227644,143.31787109375,7389900
2021-06-14,142.91820206486844,143.75225941147087,142.39691456613045,143.67405700683594,4931300
2021-06-15,143.5524215894405,144.09977212432787,142.82262971418498,142.90951538085938,5062900
2021-06-16,143.17884245997666,144.00420326623288,142.0320152923766,142.8573760986328,6988500
2021-06-17,142.64889537034952,143.96078431128737,142.04941863847864,143.54376220703125,5874700
2021-06-18,141.84958500709197,142.64888282700505,140.56374597528645,140.72882080078125,12993000
2021-06-21,141.41514426247835,142.7096529459771,140.96336274698442,142.34475708007812,6592300
2021-06-22,142.23184314628386,142.51853666813372,141.8582507048129,142.1536407470703,5627800
2021-06-23,142.21447837582687,142.21447837582687,141.16322007613036,141.29354858398438,4493400
2021-06-24,141.84962048159923,142.65760176816852,141.44128157648493,141.93649291992188,4549200
2021-06-25,141.56287536741303,143.16147097533303,141.51943253153527,142.666259765625,10963800
2021-06-28,142.86608615793716,143.41343674496895,142.06678832457376,142.50119018554688,5604000
2021-06-29,142.4838093856019,143.03984323341632,141.97121837495425,142.50987243652344,3749500
2021-06-30,142.48377436147473,143.32651481916386,142.19706761492066,143.12669372558594,6151700
2021-07-01,143.126719244379,144.23009034394354,143.0311503118215,144.18666076660156,6320200
2021-07-02,144.23877363930967,147.08844831277727,143.9086240376757,146.8104248046875,9059900
2021-07-06,145.88079627530948,146.70615693427038,145.08149866033446,145.93292236328125,6098500
2021-07-07,145.50722315521182,147.26221013840726,145.50722315521182,147.18402099609375,6293500
2021-07-08,146.56718920172042,147.22748853265458,145.59413324905088,146.8973388671875,5755500
2021-07-09,147.1493119465102,148.01811584441845,147.03637645447102,147.47946166992188,6120900
2021-07-12,147.4620587284624,148.72182153126727,146.4281801311675,147.24485778808594,7840500
2021-07-13,146.80176468156915,147.48811378290702,146.54112091587265,147.06240844726562,4691200
2021-07-14,147.6966274780871,148.41773613248364,146.86257010164883,148.0615234375,6162900
2021-07-15,147.08846612018513,147.60974037562625,145.7157547108069,146.2804718017578,6656900
2021-07-16,146.2544028284751,146.90600556405545,145.91556993624897,146.0458984375,5834900
2021-07-19,144.63844771121154,146.12410798882402,143.63064541468913,144.98597717285156,8219700
2021-07-20,145.00332724582157,148.40035277777486,144.95120114671508,146.3499755859375,9902800
2021-07-21,147.08846521927165,147.42729812314528,145.50723616326667,147.2535400390625,7585200
2021-07-22,147.14060616184446,148.6262664329384,146.5237496556984,147.67926025390625,5281900
2021-07-23,148.56543617231142,149.5906181989639,148.02678210792743,149.2517852783203,5014900
2021-07-26,149.2778289739087,149.55583921008616,148.44377175159667,149.32125854492188,4484900
2021-07-27,149.26048815058036,150.05978601644273,148.278735662658,150.00765991210938,7089300
2021-07-28,150.06843604270355,150.63316631398305,149.50371902831435,149.59059143066406,5750700
2021-07-29,150.07713256276176,150.59840674753093,148.64359872664326,149.59059143066406,4214100
2021-07-30,149.90339179958627,150.2856675671384,149.29523183161382,149.60800170898438,5346400
2021-08-02,149.84255078491958,150.16400385933798,148.82605221237012,149.66879272460938,3721500
2021-08-03,150.06847889997115,151.60626536083376,149.81653162724731,151.5106964111328,6033000
2021-08-04,151.34557549045954,151.68440834408358,150.52889803380415,150.61578369140625,4793100
2021-08-05,151.04152336556442,151.04152336556442,149.79912722360663,150.9025115966797,4291000
2021-08-06,151.11972932276126,151.11972932276126,149.8252069377094,150.39862060546875,4581100
2021-08-09,150.92860514097526,151.38907011866124,150.24224267898663,150.919921875,3950200
2021-08-10,150.52893224482,151.2674207316053,150.11191015871069,150.97203063964844,3678300
2021-08-11,151.38906698125408,151.58020488390534,150.78959021902006,150.99810791015625,4221300
2021-08-12,151.01547632661715,152.292605660859,150.81564191632452,152.21441650390625,4300400
2021-08-13,152.29260576260774,153.16140952549003,152.14491071374493,153.1266632080078,5882100
2021-08-16,153.3872601851477,154.55145369052488,152.86597278372156,154.5080108642578,4782800
2021-08-17,154.0475752436865,155.95894064939765,154.0475752436865,155.9241943359375,6041900
2021-08-18,155.9502941874512,155.9502941874512,153.8912332640628,153.943359375,7134100
2021-08-19,153.44812542357198,155.80258959311462,152.97029393127175,155.14230346679688,5615000
2021-08-20,155.4203028674069,156.3151696725808,154.70789068342356,155.8981475830078,5428700
2021-08-23,155.90685135442854,156.37878729972562,155.163974647861,155.22515869140625,6461700
2021-08-24,154.68334017865598,154.8756138811564,153.1888515520701,153.2849884033203,5734800
2021-08-25,153.54717615388202,153.7307016504705,151.97403379048566,152.27117919921875,5700300
2021-08-26,152.0264621435721,152.69942004774788,151.2398976685291,151.45838928222656,5031600
2021-08-27,152.31485441362238,152.31485441362238,150.9776869649541,151.13499450683594,7046100
2021-08-30,151.01266558982948,152.31488047500278,151.00393072567533,151.7730255126953,3252700
2021-08-31,151.6244429058428,152.4984093483179,150.74172826411444,151.309814453125,7106800
2021-09-01,151.10878411965595,151.84292602539062,150.37465554959013,151.84292602539062,5327400
2021-09-02,152.36729759952937,153.1101743670886,151.991498452044,152.8829345703125,4544300
2021-09-03,153.03151412467784,153.1363858198845,151.90409005853326,152.97906494140625,4096900
2021-09-07,152.3760643775974,152.970355195572,150.03382722660987,150.60191345214844,6859900
2021-09-08,149.99009274795296,151.17868745420859,149.51815681172928,150.23480224609375,4661700
2021-09-09,149.6143136897131,149.8677580840155,146.5641660807031,146.88754272460938,7114600
2021-09-10,147.30704655801634,147.77898256929578,145.83877599999332,145.92617797851562,6699300
2021-09-13,146.75647627001203,146.93126693049817,144.3181152174,144.90367126464844,6273500
2021-09-14,145.42803211605815,145.5503869026015,143.77623582988693,144.02969360351562,5259600
2021-09-15,144.2044841026606,145.04349787786248,143.60144503543293,144.57154846191406,7935300
2021-09-16,144.77252766348695,145.4804516437656,143.49654419770528,144.396728515625,5665400
2021-09-17,143.592710142209,144.12583028342524,142.9459700794588,143.98599243164062,13419800
2021-09-20,142.87603343706027,144.35303889116793,141.73113950584164,143.16444396972656,7270800
2021-09-21,143.86362008923493,145.06094987680785,143.54025676515639,143.793701171875,6663600
2021-09-22,144.51033097301755,145.03470274411947,143.00710789165765,143.269287109375,5657100
2021-09-23,143.68007711465398,144.87742020331694,143.46158550509054,144.0821075439453,4697900
2021-09-24,143.9859727250539,144.77253719626432,143.2343610441701,143.64512634277344,4399300
2021-09-27,143.33052695798918,143.64515547742144,142.32547067029665,142.60513305664062,5775500
2021-09-28,142.54390874456558,143.25181931326435,141.3815319662616,142.2904510498047,7610400
2021-09-29,142.45652719756745,143.9073146628395,142.26425351731842,143.3479766845703,5124100
2021-09-30,143.88985382875387,144.55406361316034,141.06694557543716,141.14559936523438,6972300
2021-10-01,141.1717633938136,141.49512662996284,138.6285184760461,140.245361328125,8568300
2021-10-04,139.8259120739421,140.70861348190002,137.79830329221124,139.1529541015625,8620700
2021-10-05,139.71226933977889,140.8047273405792,139.09174732762995,139.46755981445312,5129000
2021-10-06,139.7210000635591,139.79091897381917,137.94684938967401,139.75596618652344,7312600
2021-10-07,139.85209344477357,142.11566299981226,139.85209344477357,141.00572204589844,5309200
2021-10-08,140.9882748807267,141.2417192849083,140.05312437302712,140.6474151611328,4343200
2021-10-11,140.5862511999574,141.45148283257708,139.78220362323168,140.05313110351562,4101600
2021-10-12,139.8346411373618,139.99194870751947,137.50988702789223,137.81578063964844,6686400
2021-10-13,137.9293574185466,139.90451630608197,137.86817338106113,139.1354217529297,6901100
2021-10-14,139.58117440254827,140.83093990678614,139.48503756870932,139.93075561523438,4579200
2021-10-15,140.73481999617786,141.4165127778566,140.1929650506563,140.97079467773438,6918400
2021-10-18,140.05314934573605,140.6124874430815,139.1354817374907,139.9395294189453,7465500
2021-10-19,140.62117684899403,144.33553374320695,140.47260417350566,143.21685791015625,10081300
2021-10-20,143.3130199994015,143.98597792459972,142.6837630654419,143.1382293701172,6003200
2021-10-21,143.59266899774576,143.67132276596064,141.82725329791683,142.80609130859375,4524100
2021-10-22,142.50897906532478,143.3829455880712,142.42159041445265,143.08580017089844,4304300
2021-10-25,143.0857926774398,143.60142969829508,141.32912485955833,143.40042114257812,6715400
2021-10-26,143.8199325117253,145.10466439973106,143.3742143746162,144.85995483398438,6939100
2021-10-27,144.7987243181649,144.8686432196131,142.72742853847117,143.10324096679688,7018800
2021-10-28,143.12947162906508,144.3792370975784,141.86222309971666,142.32542419433594,6278800
2021-10-29,141.8884529192796,142.6750173591204,140.3677465551623,142.35165405273438,8526800
2021-11-01,142.59636905168747,143.3130146054815,139.31024666787482,142.47401428222656,5846400
2021-11-02,143.06829681316984,145.93490553431508,142.43903993919466,144.7200927734375,8450600
2021-11-03,144.23941391004814,144.87741900638449,142.8323274226577,144.25689697265625,6717800
2021-11-04,144.15203432066616,144.195735312096,142.16812666364953,143.85488891601562,8224400
2021-11-05,142.00202542082428,143.85484284584842,141.75731594999078,142.83229064941406,6215900
2021-11-08,143.05080611934983,143.47905443274558,141.59128391153382,142.3428955078125,5578800
2021-11-09,142.11566124202008,142.9721444860445,141.6000243231653,142.02825927734375,6112800
2021-11-10,142.04574581913033,144.06460589736358,141.88843828165815,143.5664520263672,6225100
2021-11-11,142.88476939008117,143.16443169933157,142.010803003212,142.5089569091797,4118800
2021-11-12,146.3281774783441,146.4942332161667,143.86359934127887,144.2131805419922,18995200
2021-11-15,144.20444667901592,144.6064770647241,142.64878765442302,142.91098022460938,7496200
2021-11-16,142.61382412154174,143.63637649739755,142.1244050939992,142.16810607910156,7594700
2021-11-17,142.34290348513113,143.20813502309372,141.39901817162715,142.70123291015625,5414500
2021-11-18,142.84982694931207,143.74127654569688,141.69619806193558,141.93215942382812,6358700
2021-11-19,142.4914717018671,142.6225746593246,141.39027887183408,142.36038208007812,7620700
2021-11-22,141.65665457407454,143.0729577601486,140.4426765794337,140.48666381835938,7634500
2021-11-23,140.32829197473626,141.6302307097725,139.6773158957094,141.35752868652344,7734000
2021-11-24,140.87372596414966,141.29597391496156,140.20516559011241,140.96170043945312,5230900
2021-11-26,141.27835871580356,141.77098345401177,139.57175628485552,140.04678344726562,8523100
2021-11-29,140.3107016597742,141.12001569494925,139.36063385595523,140.53062438964844,9188500
2021-11-30,139.43981619276548,139.8708696169538,137.09984832393891,137.1702117919922,14981700
2021-12-01,138.0058971608679,140.82090503955894,137.4516876608541,139.0615234375,9835800
2021-12-02,138.34018915608652,140.12596064867262,137.8915516194676,138.19064331054688,11334700
2021-12-03,138.91202270659016,140.46027418671937,138.6305151158281,140.20516967773438,8750500
2021-12-06,140.91770278848855,143.84707541575554,140.60101349302673,143.33685302734375,9692000
2021-12-07,144.26930043925995,144.50682072891576,142.87059519920834,143.706298828125,8311300
2021-12-08,143.80310868869626,144.77077429144205,143.07296344717375,144.5684356689453,6216400
2021-12-09,144.42765013429894,146.0110964895033,143.82067466923738,145.9407196044922,8574200
2021-12-10,145.65043975428733,146.63568934131897,144.8411122529183,145.58006286621094,6572200
2021-12-13,144.92907579745858,148.84369761846162,144.09337212693265,148.18392944335938,11142300
2021-12-14,148.07840994310652,150.400793995964,147.0491729288537,149.80259704589844,10482400
2021-12-15,149.41549766754844,150.6910467276173,149.03722361846974,150.55029296875,8552200
2021-12-16,150.65586858282015,152.63517323763733,150.28639999134987,152.19532775878906,8998600
2021-12-17,149.23078504810817,150.23363228038644,147.4890005758395,147.99041748046875,16726200
2021-12-20,147.6209555857894,148.23673664716844,146.5125496753071,147.56817626953125,7954500
2021-12-21,147.8408689529235,147.87606411020494,146.01111004185614,147.0931396484375,7954200
2021-12-22,146.96117459913168,147.9376321346695,146.1342629210882,147.72650146484375,4178200
2021-12-23,147.682514264139,148.6237765578567,147.22507123250023,148.00799560546875,3501500
2021-12-27,148.7909516818539,149.41553826715614,148.40388545130276,149.25718688964844,3704800
2021-12-28,149.3627389291272,150.11048169812312,149.1868034020165,149.85537719726562,3187000
2021-12-29,149.5474717329937,151.29806167556697,149.46830276360092,150.91099548339844,3662000
2021-12-30,151.41241588268443,152.0809896566342,151.08693449674774,151.57955932617188,4231800
2021-12-31,151.77308029875192,151.90502857358248,150.45354385837118,150.48873901367188,4409500
2022-01-03,149.73219878117882,150.9549686343428,148.75574131404653,150.9021759033203,6012200
2022-01-04,150.47991524186918,151.56193123315634,150.07526496617612,150.4975128173828,6748400
2022-01-05,151.30686361981145,152.60001056296193,150.97257671877324,151.50039672851562,7016100
2022-01-06,151.43879866911254,151.74669588504352,150.2512238855629,150.9813690185547,7301600
2022-01-07,150.83185538806336,153.33017511374842,150.54155568836427,153.02227783203125,6986000
2022-01-10,152.79355184951595,152.79355184951595,151.44762551795833,152.26573181152344,7698400
2022-01-11,152.17773118272262,152.5296021678723,149.64421713598836,150.64706420898438,8341100
2022-01-12,149.20440923612946,149.6178651303746,148.08719777148704,149.3627471923828,8116200
2022-01-13,148.6677804546262,149.91694007608618,148.1927532161069,148.45664978027344,6159400
2022-01-14,148.3422716347377,148.35985578708284,147.04031951827506,147.64730834960938,5847700
2022-01-18,146.9963836669922,147.54178783688369,146.03751019592994,146.9963836669922,7815600
2022-01-19,147.0843292835482,148.42146333261311,146.31021034821092,146.53892517089844,5926500
2022-01-20,147.16352149745543,147.66495187869705,145.08744991819816,145.36895751953125,6011300
2022-01-21,146.19582052579193,147.77926669725124,144.68275123117706,145.0346221923828,10550300
2022-01-24,144.2693467905047,144.41889267336643,139.2199148205493,143.36326599121094,14054600
2022-01-25,142.82659600743713,148.14872792705282,142.140438270814,147.4625701904297,14081200
2022-01-26,147.3833944783963,148.86128203999326,146.23100164873787,148.12234497070312,9963200
2022-01-27,149.01084089063434,151.22766571524286,148.66776197683927,150.06646728515625,9066700
2022-01-28,150.30400987428038,151.16610332495696,148.93169401560584,151.1221160888672,9783100
2022-01-31,150.86701591514168,151.85226560126185,150.26883244086022,151.5619659423828,8054800
2022-02-01,151.07815966541614,151.2892769461157,149.04606187753288,150.32162475585938,8154700
2022-02-02,149.23959226491533,152.17777079000692,149.23959226491533,151.98423767089844,7382800
2022-02-03,151.53555735951355,152.73193758168244,150.46233333272886,151.97540283203125,6240400
2022-02-04,150.4271593990866,152.16894380210434,149.65302703195908,150.9813690185547,6392200
2022-02-07,150.78781661008153,151.0781162105655,149.55624132714797,150.47991943359375,6065700
2022-02-08,150.44475347239305,151.35083409779938,149.96971283162492,150.87579345703125,6296100
2022-02-09,151.36842241547416,151.5179682604876,150.64706942103712,150.8582000732422,5387500
2022-02-10,150.61191652143515,150.6207085999949,148.93170332809058,149.03726196289062,10355300
2022-02-11,148.77329749956013,149.67937791134312,147.3833844836659,147.53294372558594,13125300
2022-02-14,147.5329671891635,147.7616819915654,144.10216461502694,145.67681884765625,8967600
2022-02-15,146.143062426328,147.8760546788729,146.0374903842365,147.18109130859375,6631400
2022-02-16,146.45976104756727,147.6473358569343,145.77360313379447,147.0931396484375,8482400
2022-02-17,147.0931044135038,147.3042216145428,145.07860496681445,146.19581604003906,6227600
2022-02-18,146.0630116889035,146.3994443418158,144.25692870360757,144.62876892089844,6423200
2022-02-22,144.81472340849245,144.96522922687865,142.04361152321096,142.66334533691406,6868900
2022-02-23,142.99091868147258,143.9913548266244,142.4066059372486,142.7341766357422,8016900
2022-02-24,141.45929313996268,141.76916681862244,137.864823311596,140.00733947753906,12883400
2022-02-25,141.654052734375,147.84256902651396,141.3884486836614,146.96607971191406,11340400
2022-02-28,144.19497281530363,146.24010110873286,143.76116591014204,145.70005798339844,9373500
2022-03-01,144.3455193006936,145.8594534106371,143.78776547845123,145.19544982910156,8737800
2022-03-02,145.5583735880268,148.40916204491572,145.2307894548342,147.00146484375,6793300
2022-03-03,147.58581240217322,149.92310371468284,147.24939321565512,149.16171264648438,7333700
2022-03-04,148.41805476347093,150.3835061112931,147.71864372057593,150.0470733642578,6302500
2022-03-07,149.00237575755088,153.2696975392427,148.17015594502743,152.46405029296875,11663400
2022-03-08,152.31353680634257,153.26970342494778,149.18829488597962,149.3742218017578,11100300
2022-03-09,150.51627532665782,150.71105072444314,148.63936350347123,149.94081115722656,7248200
2022-03-10,149.23252871271038,150.64021249049927,148.80757037603829,150.20640563964844,6171400
2022-03-11,149.7372009028078,151.8000397971973,149.63981319503205,149.93197631835938,5188000
2022-03-14,151.10946220863457,154.15502666389392,150.81731259760284,152.003662109375,7729500
2022-03-15,153.4556080055027,156.27983785038654,152.7650455774401,155.9434051513672,10554400
2022-03-16,155.34137495955383,156.66051962402184,152.7738872567287,154.5091552734375,9603300
2022-03-17,155.1200867293174,156.56317857429013,154.2258866469153,156.52777099609375,7472100
2022-03-18,156.70478274552434,156.70478274552434,153.74775788394243,154.79244995117188,13809500
2022-03-21,154.63307140428844,156.84641544645729,154.33205985675667,155.66891479492188,7574900
2022-03-22,155.66894453230447,156.14702099270053,153.96909760429924,154.93411254882812,8442100
2022-03-23,155.13777327420934,155.41222589153094,154.1284884990216,154.34982299804688,5254200
2022-03-24,154.9341205024603,155.41219698739872,154.1107628036266,155.1466064453125,5012300
2022-03-25,155.54501038553587,157.32453461626116,155.12890051166949,156.63397216796875,4809500
2022-03-28,156.39491535367705,157.74948109297495,156.12932482376183,157.4396209716797,5604200
2022-03-29,158.1390429582729,158.8296054027837,156.52773509080893,157.35995483398438,5933400
2022-03-30,157.9797000512042,159.2368782720849,157.3068345884902,158.99783325195312,6277600
2022-03-31,158.99784545014828,159.54676418697778,156.68711276942204,156.908447265625,11490400
2022-04-01,156.74909231671518,157.97084954486346,155.46535494545668,157.7583770751953,6525600
2022-04-04,157.75836271453855,157.75836271453855,155.39451214036205,156.23558044433594,6860600
2022-04-05,156.23555800763287,159.05092564362846,156.07619018358994,157.24484252929688,7446100
2022-04-06,158.82074223854437,161.66268242819643,158.139028372135,161.33509826660156,10330900
2022-04-07,160.8393291815803,161.97256057416223,159.56444048762967,160.91900634765625,7385200
2022-04-08,160.53830575310707,162.18503461027538,159.7414936233388,161.2377166748047,7144500
2022-04-11,162.0168174190484,163.07922007733677,159.0066743023676,159.21914672851562,5932000
2022-04-12,158.65257442205646,160.0779692100214,157.76723638007044,159.27230834960938,5957500
2022-04-13,159.27227921859918,160.1044989873223,158.6879664847413,159.9451446533203,5643100
2022-04-14,159.36084755748254,160.6003154125884,159.12180250357412,159.27230834960938,6188200
2022-04-18,159.12178127154522,159.70610754349258,156.4746295251026,157.2891387939453,6318700
2022-04-19,159.9982637924402,164.61972863676007,159.3165498378456,162.08766174316406,14380800
2022-04-20,161.34396186088648,163.1854660640503,161.04293674876308,162.8047637939453,8044900
2022-04-21,162.84016099028906,163.67238061180387,161.62725263209666,162.3355255126953,6969200
2022-04-22,161.54759913341928,162.14962238910996,160.58258411575912,160.72422790527344,8003600
2022-04-25,161.43248319891683,165.28370784147785,161.22001078333744,164.68167114257812,11176500
2022-04-26,163.8760499714355,165.1774977594345,163.06152721894313,163.5041961669922,10190000
2022-04-27,163.11465424215365,163.62815182851696,160.90130956430346,161.22003173828125,11090100
2022-04-28,161.35282278438373,163.34483294221565,161.06065967346638,162.42408752441406,9403900
2022-04-29,161.5741495863529,161.61841917848707,159.5378699308253,159.76806640625,8463100
2022-05-02,159.7769388474422,160.60915867113104,156.73137417742566,158.15676879882812,7145400
2022-05-03,158.29840899747174,159.9185788709284,157.30682142727227,157.8468780517578,5898700
2022-05-04,157.72297233889998,159.80352221462104,156.83763426568876,159.5379180908203,5923000
2022-05-05,158.8472959459258,159.10405145608178,155.17314972267198,156.49229431152344,7089200
2022-05-06,155.05808706102047,156.58971792245006,154.65968768782818,156.1470489501953,6434000
2022-05-09,155.33250891305934,158.08590991579385,154.57111789113713,156.9969482421875,7855200
2022-05-10,157.79376952501593,158.6348378249308,156.2621387465028,156.78448486328125,8186700
2022-05-11,155.78407973305895,157.8734779441588,155.7132510722708,155.93458557128906,6138900
2022-05-12,156.23555391524752,157.54585000344824,154.67736433763534,157.4750213623047,6898600
2022-05-13,158.20985774560626,158.37807408438385,155.64238360088757,156.57199096679688,7732200
2022-05-16,156.57201835308007,158.59058775311794,155.96998153579284,157.66098022460938,5516700
2022-05-17,158.22759239710007,159.09521976655415,156.34181832537044,158.31613159179688,5751100
2022-05-18,158.33384141271557,158.80306946230453,155.084652640821,155.37681579589844,8608800
2022-05-19,154.68621361318822,154.75704225468039,152.88897905151848,153.9956512451172,6874500
2022-05-20,154.8012974389515,156.8464253009398,154.09302459912152,156.6870574951172,7522100
2022-05-23,158.24643848391466,160.32251992594723,158.12169521792134,159.88592529296875,7040800
2022-05-24,159.71656091781537,161.93522264185793,159.58291233033896,161.63226318359375,6419800
2022-05-25,160.8571024777225,161.76595382039352,159.5472917061061,160.0462646484375,6558900
2022-05-26,161.2758772974378,161.2758772974378,159.13741806448743,159.90370178222656,6897600
2022-05-27,160.17104183193445,161.4184880481495,158.80777132698208,161.35610961914062,5853600
2022-05-31,158.60280945985434,160.53633646051426,155.93863377717895,159.96607971191406,16391400
2022-06-01,159.6275196695683,160.23342524394306,156.73168122915024,158.34445190429688,5175400
2022-06-02,158.37119066142876,158.43355549993652,155.56444662464946,157.84547424316406,8666500
2022-06-03,157.7741524961759,159.19978749412422,156.95439571726465,157.19497680664062,4234200
2022-06-06,157.89888248984184,159.04830120539248,156.82073396161945,157.17713928222656,5386500
2022-06-07,157.6939492377357,159.76113833282275,157.17715196396392,158.90574645996094,5447800
2022-06-08,158.6919525538866,159.89483113747863,157.53361445428231,157.9613037109375,4333100
2022-06-09,157.89891397703974,159.18198154468132,154.71794079252652,154.7803192138672,5509600
2022-06-10,153.40813995766024,155.0119915173107,152.0270451814058,153.74673461914062,6647300
2022-06-13,151.54584329029154,153.47936985961664,151.54584329029154,152.1962890625,7997000
2022-06-14,152.41907477633086,152.4636288450418,149.03316949419283,149.86183166503906,7116800
2022-06-15,151.15383332575186,152.75768478914586,150.26280624564345,151.4656982421875,7796100
2022-06-16,150.04893554800367,151.66170577615154,149.1668275536162,151.54586791992188,7056700
2022-06-17,152.03595402480983,153.43485946141766,150.79742693548434,150.9934539794922,12486600
2022-06-21,152.1428845056654,154.91397946129214,151.0825600312623,154.15660095214844,8219700
2022-06-22,153.25665006294446,158.5315284801033,152.98043385737603,156.58909606933594,10593100
2022-06-23,157.71178920211807,160.22449203073737,157.2841000213296,160.08192443847656,10223500
2022-06-24,161.07986233238375,162.63915960522982,160.3670380027412,162.42530822753906,9374400
2022-06-27,161.84612985329102,163.36979187483095,161.72138662783098,162.27381896972656,5908600
2022-06-28,162.31836134552307,163.03118555224188,157.0969434055948,157.65829467773438,9245700
2022-06-29,157.90778271466326,158.87009336410983,157.20386387483154,157.70285034179688,7097900
2022-06-30,157.5870366157351,158.8611987065464,155.95645556540123,158.16619873046875,10777200
2022-07-01,158.11272110633098,160.13535598158816,157.43554555508683,159.9571533203125,5498400
2022-07-05,159.3423498284525,159.60966063051782,155.58221504177936,158.7275390625,5676400
2022-07-06,158.66518478390296,159.88588742601507,158.0771036995013,158.8701171875,5335600
2022-07-07,158.47806783056888,159.60075699190506,158.16620293220097,159.04832458496094,5725800
2022-07-08,158.8968337286919,160.37594169246066,158.39786082428603,158.85227966308594,3828300
2022-07-11,158.33549713681177,159.51165931741826,158.1751188009072,158.9146728515625,3645200
2022-07-12,158.5849969784047,159.00378079655442,156.10794276670742,156.68711853027344,4708800
2022-07-13,156.51777381343604,157.1147601488349,155.48417944349603,156.32174682617188,5291700
2022-07-14,153.72889943783153,156.82966983734497,153.52396701842537,156.53562927246094,5359600
2022-07-15,158.34441500443393,159.05722573147577,157.31082041583286,158.8077392578125,5691100
2022-07-18,158.37113512481756,158.7720945334666,154.95850027184076,155.24362182617188,7605700
2022-07-19,157.11478757921353,157.48901727587472,151.3676663299289,152.9804229736328,13256400
2022-07-20,153.43484502497935,153.74670991001102,151.2607369930828,152.1072235107422,7455800
2022-07-21,151.5191413391221,152.71311423457072,151.26965487129678,152.64183044433594,5729200
2022-07-22,152.90024689109953,153.69326042006224,152.41908467137296,153.3635711669922,4257000
2022-07-25,153.3635596584666,154.1298434061635,153.007154304372,153.66651916503906,4437300
2022-07-26,153.75562461755757,155.91190843364413,153.69325979436175,154.75357055664062,4525500
2022-07-27,153.81801881925753,155.12782979669416,152.48147811542387,154.32589721679688,4648500
2022-07-28,154.50407935352123,156.90094420529456,152.7576740134588,155.21690368652344,5513000
2022-07-29,154.85156994671814,155.79606994830985,154.06747546440525,155.5020294189453,6451400
2022-08-01,155.19014291854646,156.07226438372123,154.6287916592543,154.95848083496094,5461400
2022-08-02,155.9386132011211,156.36631590313098,153.88034323316782,154.0763702392578,5794200
2022-08-03,153.7467181727979,156.16139383275492,153.0517181706263,155.5644073486328,5010000
2022-08-04,155.76042433174976,156.00991079868385,152.90023533725778,153.06951904296875,5651600
2022-08-05,152.6329203439425,152.8378527370278,151.28746093840132,152.463623046875,5235500
2022-08-08,152.63289063693531,152.79326893178956,150.97558027682607,151.6527557373047,4629800
2022-08-09,151.95574953497444,152.47254686369078,151.2340197883859,151.63497924804688,5532500
2022-08-10,152.383428582978,152.57945559423788,151.05579356962554,152.07156372070312,5603400
2022-08-11,150.1558758999916,151.4300380013368,148.78368668747325,148.92625427246094,9328700
2022-08-12,149.28265010118767,149.6390690408851,147.1530962219679,147.28675842285156,14606900
2022-08-15,147.9104572087835,148.578727346775,147.1352681994304,147.9906463623047,10072000
2022-08-16,147.78574029776865,149.91529430603245,147.55407816992164,149.3094024658203,7453600
2022-08-17,148.27584389364836,150.19154699052893,148.27584389364836,149.31834411621094,7406600
2022-08-18,149.40741243476793,149.95985846293829,147.8481150636952,148.59658813476562,8312100
2022-08-19,148.89060976972652,151.58150138743798,148.80150163573933,150.85977172851562,8128500
2022-08-22,151.50563712686616,151.523581236718,149.95380696464483,150.33055114746094,5462600
2022-08-23,149.80130215432456,150.49200660150444,148.72488834936712,149.02090454101562,5566300
2022-08-24,149.40664247717547,149.4335518008958,148.07010044124374,148.52757263183594,5684300
2022-08-25,148.85943955668307,150.01659504057434,147.73817229023118,149.9179229736328,5678700
2022-08-26,150.21395457466792,150.2498291084407,147.28968048405895,147.35247802734375,5667100
2022-08-29,146.63483913557923,146.9667298438719,145.33417193263773,146.21324157714844,5259200
2022-08-30,146.48237675452063,146.69765133671388,145.34316523681164,145.70196533203125,6973300
2022-08-31,146.41956829156794,146.70661929621576,144.66142879380845,144.72421264648438,8741700
2022-09-01,144.85876100110468,148.4557813498722,144.84978210335854,148.312255859375,7509600
2022-09-02,148.7787203863286,149.08370181585505,145.3252115267316,145.98004150390625,5803700
2022-09-06,147.0564493531195,149.10163978876486,146.05179824433782,146.3747100830078,7394600
2022-09-07,146.13252586112463,147.48701181263212,145.45976549078443,147.17306518554688,4590600
2022-09-08,147.00261562477056,148.38401075755684,146.28500189757855,148.3571014404297,5838400
2022-09-09,147.99834438341597,149.0837236555384,147.4601305099463,148.64419555664062,5500600
2022-09-12,149.00295742888616,149.41558978426212,148.20461572350868,148.58135986328125,6365300
2022-09-13,146.7245563524217,147.5049539918562,144.24878946205902,144.71524047851562,6726400
2022-09-14,145.65708048614675,148.3301773237025,145.65708048614675,147.7022705078125,9555700
2022-09-15,147.51393265096954,148.96710447176858,147.19998599937,148.0790557861328,7174500
2022-09-16,148.29431782772426,150.36641737380978,147.78301342682346,150.33950805664062,20201500
2022-09-19,149.1733853911582,149.28998786816035,147.18201382418522,149.1554412841797,7380900
2022-09-20,148.2046153797742,148.81457817017875,147.39730846604022,147.98036193847656,7143400
2022-09-21,148.02522548954533,149.62190900581467,146.428541973276,146.46441650390625,8071200
2022-09-22,146.34776937977512,149.94480282350716,146.06073213339573,149.0657196044922,7401100
2022-09-23,148.67107069783978,150.231865934805,147.7022941607523,149.55014038085938,9598600
2022-09-26,148.7249302674289,149.65781884470118,147.4511719756975,148.63522338867188,8735500
2022-09-27,149.22723405710408,150.40232008483483,147.4690807776459,147.95347595214844,8686700
2022-09-28,149.12853131220723,150.14216119821896,148.09697100663902,149.22720336914062,8660900
2022-09-29,149.3348831367613,149.95382497119118,147.0116202200771,147.58570861816406,7008100
2022-09-30,148.00724988630165,148.67104490414388,146.50027354829248,146.53614807128906,8985200
2022-10-03,147.37038084865225,147.45112248737382,145.04711855447957,146.39263916015625,8657000
2022-10-04,146.97574120803495,148.90431572593218,146.1415111169694,148.56344604492188,6236100
2022-10-05,148.0252138193988,148.94015799545718,147.2986348671521,148.10594177246094,4539400
2022-10-06,147.81891005507822,148.0072889907712,145.03817526220436,145.2355194091797,5890700
2022-10-07,145.10996349477145,145.51361707088313,142.77772154136278,143.70164489746094,6363500
2022-10-10,144.08729769855736,144.67035105856513,142.78661703996264,143.88995361328125,5315600
2022-10-11,143.85413100422795,147.2089682964347,143.85413100422795,145.97108459472656,6212200
2022-10-12,146.15944940145025,147.89965858535137,145.7647610891412,145.93519592285156,4341700
2022-10-13,144.32054154191178,148.8953171371548,144.1949601645344,148.14181518554688,6465100
2022-10-14,147.50494407603586,148.6172323724404,146.75145580672753,147.52288818359375,5684600
2022-10-17,148.36608405245263,149.98969060450548,148.01624920142356,149.43353271484375,6710800
2022-10-18,148.0072747871688,149.9537930615854,146.25810064078925,148.9132537841797,10883600
2022-10-19,148.90427275735922,149.12852618018658,147.0115733212027,147.72918701171875,10044600
2022-10-20,148.00726971182598,148.67106481858335,147.40627213790162,148.10594177246094,5659900
2022-10-21,147.74716475480318,151.92723910557953,147.49598827169726,151.33522033691406,8487600
2022-10-24,152.32192484573847,154.35815018676993,151.8195992626733,153.37142944335938,6855500
2022-10-25,152.6448315839038,153.48802671759864,151.1647643384821,153.1292266845703,5661900
2022-10-26,153.6763898197247,154.79765691674928,152.95877614016047,154.4747314453125,6123800
2022-10-27,154.6003566059716,155.56911960735872,154.0352334490405,154.56446838378906,5390900
2022-10-28,155.18338269222045,157.32724506168856,154.81560376041506,156.8607940673828,6073900
2022-10-31,156.5468576590998,157.1209459635946,155.56013696980645,156.05349731445312,7810000
2022-11-01,156.13424954399383,156.6455540771995,152.8691192382667,155.26414489746094,6985000
2022-11-02,155.08472715522703,156.02659445448603,152.7524856225234,152.87806701660156,6877300
2022-11-03,152.32192817732067,153.81097453636477,151.54153046422883,153.13821411132812,4819900
2022-11-04,153.89169378069172,154.73488898892543,151.8106287679413,153.81993103027344,5300900
2022-11-07,153.9903499597931,155.94584706668556,153.78404062822227,155.16543579101562,6621000
2022-11-08,155.2999870654721,156.6993262547464,154.44781309618318,155.93685913085938,5148400
2022-11-09,156.32262012686195,156.97743645791516,154.59137613879176,154.69004821777344,6150000
2022-11-10,156.39437687352913,156.77112106406977,154.32226329453704,156.50201416015625,7877500
2022-11-11,154.94121530016216,155.28208498012117,149.63987327347257,151.81961059570312,11074700
2022-11-14,152.7166116470953,155.41661847329416,152.7166116470953,154.20565795898438,6581500
2022-11-15,154.45681517956933,155.1833941994296,152.9588037104146,154.63621520996094,9351000
2022-11-16,155.75747947757685,156.96845361200474,155.30000735588027,155.5960235595703,5500900
2022-11-17,155.18339090502525,156.96845333478726,155.16544679616354,156.85183715820312,4464100
2022-11-18,156.97740400190762,158.44850598334602,156.6365344018393,158.05381774902344,6555700
2022-11-21,158.79410707472505,159.38996069093054,157.83713756877034,158.8663330078125,5706600
2022-11-22,159.2545384191913,159.96776092781894,159.1913493349584,159.63372802734375,4707900
2022-11-23,159.29067642261793,160.1573602025057,158.90246369411526,159.80526733398438,5389200
2022-11-25,160.13930088371072,160.8073667058527,159.6698391723783,160.01290893554688,3058600
2022-11-28,159.57053425293932,160.49139777031908,159.39899936702952,160.0941619873047,6183100
2022-11-29,159.80524800529338,160.03094888796178,157.6836679736235,158.97467041015625,6700500
2022-11-30,159.22746141552088,160.70805872099348,157.79200704373795,160.69903564453125,13288000
2022-12-01,161.60186573136798,162.4685633630751,160.49142101398294,161.3671417236328,6282600
2022-12-02,160.2476567591452,161.56575622252458,159.76014882242154,161.4935302734375,5823900
2022-12-05,161.0240376726112,161.92684119986833,160.69902785177106,161.40321350097656,5120600
2022-12-06,162.43243703752066,162.5046629852637,158.83024538209858,158.98373413085938,7943500
2022-12-07,159.40806356825834,160.59073426788137,159.10109982600773,159.94973754882812,5702600
2022-12-08,159.63376584155318,160.2205827693433,159.2004101226363,159.97682189941406,4798500
2022-12-09,159.90458162094882,160.5997443040369,158.5864959771458,158.65872192382812,4561000
2022-12-12,158.84828252296188,160.58166369303322,158.53230954457115,160.55458068847656,4882400
2022-12-13,161.69216442066963,162.68524032499963,160.9789417116463,161.79147338867188,9177500
2022-12-14,161.22266227293622,163.44355132820445,161.22266227293622,162.2879638671875,9533600
2022-12-15,161.78238798900443,162.36018169063453,159.25453537848952,160.2386016845703,7602400
2022-12-16,159.79625056101045,159.79625056101045,157.86425124649818,158.59552001953125,18841800
2022-12-19,158.30664085329556,159.04693275455674,157.15105317155243,158.4239959716797,5736000
2022-12-20,158.89344688552453,159.29068270684886,158.1441181817883,158.59552001953125,6174700
2022-12-21,159.1372134910479,160.86155810407004,158.57746582453092,160.41015625,5472000
2022-12-22,159.58859450722628,160.25666034757643,158.29757820979776,159.8233184814453,5709100
2022-12-23,159.4983301961838,160.265718861902,158.72191845259164,160.22959899902344,3683400
2022-12-27,160.79834658267586,161.01502440166016,159.78721097879472,160.18443298339844,3067300
2022-12-28,160.48237938498866,161.10531613679007,159.48026673550183,159.4893035888672,2645400
2022-12-29,160.29279577012574,160.96989852856697,159.85945386191682,160.30181884765625,2828800
2022-12-30,160.23860531146556,160.4913892006698,158.35173544289913,159.48023986816406,4216600
2023-01-03,159.0379149235344,161.0421403886152,158.90248609304976,160.87060546875,6344900
2023-01-04,161.50251275265737,162.67616002283094,161.1323600225194,162.6219940185547,9788800
2023-01-05,161.6199283483775,162.49564907257815,161.0692175195059,161.4213104248047,6255300
2023-01-06,162.62204515464842,163.34427713968594,161.9539654152274,162.73037719726562,5706000
2023-01-09,161.87271323938984,162.28799524515162,158.15315246536548,158.5142822265625,7925300
2023-01-10,158.62262456680463,159.0198604420689,157.3767646929309,158.13511657714844,5047500
2023-01-11,158.5052303724147,158.64064539847212,155.3815239396932,157.88229370117188,6494800
2023-01-12,157.32253828977272,157.72881089911084,156.0044528494265,157.0878143310547,4269400
2023-01-13,156.35656287396628,157.0968546871608,155.62529413782275,156.57322692871094,6088000
2023-01-17,157.08783621501294,157.61146398881252,155.3634779251077,155.60723876953125,6053300
2023-01-18,154.9662780028143,155.28226486601685,153.21485007532686,153.25997924804688,7047800
2023-01-19,152.60090528784283,154.63221357262822,152.31201527292154,153.05230712890625,6939500
2023-01-20,153.56692499199892,153.5759480703442,151.20156977478038,152.339111328125,8620600
2023-01-23,152.66410456448696,153.14258940269625,151.62587208906467,151.9508819580078,8425400
2023-01-24,152.59187861853397,154.37040293251587,149.8744307828538,151.9508819580078,10541800
2023-01-25,150.92166845388547,153.0342254638672,150.84041944019904,153.0342254638672,7099800
2023-01-26,153.0703562577976,153.39536611145544,152.25782473580801,152.47450256347656,6946100
2023-01-27,152.15852905137174,152.4564559245044,151.46338012308667,151.878662109375,6058100
2023-01-30,151.6078153773165,152.15852617317046,145.42361843443538,146.2541961669922,23259100
2023-01-31,145.9833702253385,147.54521692631542,145.3965532715629,147.53619384765625,11612500
2023-02-01,147.14797637390743,149.8473505535376,146.61531173458883,148.890380859375,9865300
2023-02-02,147.15698864826794,150.0640173788349,146.99449061055805,149.45010375976562,10099000
2023-02-03,149.8924836352162,150.17235055276186,147.9604844431988,148.61050415039062,6868500
2023-02-06,148.5563177323732,148.8271615357829,147.24725542086242,147.4819793701172,7021000
2023-02-07,145.8930766190374,147.951467856883,145.7305647972651,147.5181121826172,7310800
2023-02-08,147.4278509450632,148.56537867852276,147.06672118989948,147.7077178955078,6054700
2023-02-09,147.725755820415,148.7820343674928,145.4145808344305,145.71249389648438,7949500
2023-02-10,146.04656187324798,146.9674117506107,145.66738596332954,146.38961791992188,7028000
2023-02-13,145.6493101810161,146.99449253880553,145.48679836548453,146.93128967285156,6414700
2023-02-14,146.92227204212,147.12991302595566,146.0375145401079,146.29029846191406,6316000
2023-02-15,146.20904147897937,146.23612448514908,143.80758057687214,143.8798065185547,12621800
2023-02-16,143.60899365402946,144.13260768647336,142.57076111566587,142.8596649169922,11177000
2023-02-17,142.7778063852688,146.4968274613001,142.41407929209623,145.84213256835938,12401900
2023-02-21,145.16923375986224,145.80575264243208,143.56887632956628,143.6688995361328,9423900
2023-02-22,144.1235976430016,144.44185719401534,143.09608742807984,143.46890258789062,9820200
2023-02-23,143.405209673286,144.20538145168402,142.45953319685847,143.4233856201172,9385100
2023-02-24,142.44137440342573,142.62324490950323,141.1319983331601,141.82305908203125,8689700
2023-02-27,142.25950176493512,142.6686826080249,141.01376941215048,141.51388549804688,7267100
2023-02-28,140.92283275451862,141.18653663114833,139.15879451003266,139.3588409423828,9062300
2023-03-01,139.13153962711172,139.3406879429595,138.1313211753968,138.73146057128906,6767000
2023-03-02,137.98583975338514,138.904224861603,137.51300135990328,138.62234497070312,8762500
2023-03-03,139.45889058184594,140.1408634009522,138.97696423299266,140.04994201660156,5747200
2023-03-06,140.63186415676003,141.604804640604,140.5500307643822,141.45022583007812,8148200
2023-03-07,141.93218062080658,142.07767148635403,139.44071545347634,140.11358642578125,7457700
2023-03-08,140.01356313716687,140.2136096085259,138.64961749141318,139.08609008789062,6230500
2023-03-09,139.54070437910363,139.6680053864639,137.04013797577988,137.52206420898438,7439400
2023-03-10,138.0858447607523,139.56800332984673,137.39478402673294,137.8585205078125,8504300
2023-03-13,138.29495239504243,141.76847296688777,137.82212803036867,139.17697143554688,10799600
2023-03-14,139.37705007942958,140.05902286382454,138.1222157162159,139.95899963378906,8421200
2023-03-15,138.97694355998087,140.84100509654414,138.69506372331054,140.34999084472656,7757700
2023-03-16,139.53162705155532,140.3681786576182,138.75873289774427,140.05902099609375,7605500
2023-03-17,140.46818526396086,140.89555592922457,138.48592462488236,138.5586700439453,20540700
2023-03-20,138.64050170614422,140.09538231969654,138.558668313759,139.93170166015625,7129000
2023-03-21,140.0317248757726,140.14993791462004,138.36770985675693,139.93170166015625,8376800
2023-03-22,139.895353922552,140.08629852939913,137.33112963243184,137.3493194580078,7943500
2023-03-23,137.46752711884477,137.9312775136294,136.49458644946102,137.4220733642578,9051500
2023-03-24,137.74029297424275,138.90419191693974,137.14925552864986,138.80416870117188,5696200
2023-03-27,140.213579557658,140.52273717449077,139.2224492641102,139.3952178955078,6772300
2023-03-28,138.56774572237546,139.5315981585842,137.96760647443725,138.04945373535156,6115300
2023-03-29,138.4313716195031,139.46796957969903,138.27679280414065,139.40431213378906,6012000
2023-03-30,139.64981533131052,139.84986175322456,138.94965285461137,139.51341247558594,4555700
2023-03-31,139.8407996644972,141.1138239726965,139.34069734229107,140.94105529785156,9890000
2023-04-03,140.895557476977,142.7687069454228,139.97717256641215,142.62322998046875,6841900
2023-04-04,142.73233625532612,144.55093006491197,142.38679899157853,144.11447143554688,8314500
2023-04-05,149.46112046295013,150.63412118241442,147.9971519631177,150.58865356445312,16704200
2023-04-06,150.934230263252,152.06174978470324,149.85216449687405,150.17041015625,9615400
2023-04-10,149.69757505082447,149.88851965796923,148.7973659928271,149.4156951904297,5354000
2023-04-11,149.50661300087185,150.28860898593587,149.16107569649412,149.37022399902344,5903800
2023-04-12,149.0701460009129,149.8885077158751,148.30633988364545,149.0519561767578,5764100
2023-04-13,149.28838442293596,151.2433814238138,148.95194895117677,151.0433349609375,5640600
2023-04-14,150.91603410260538,151.05242311164636,149.17927338869967,150.79782104492188,7225100
2023-04-17,150.70689170363448,151.161540209453,149.97945131937064,150.6432342529297,8046400
2023-04-18,149.35202620349546,149.7521190872611,145.16925462292616,146.40589904785156,14571500
2023-04-19,147.29704109458646,147.9244444339671,146.55141081841236,147.78805541992188,6752000
2023-04-20,147.6971131779436,148.9610493972788,146.3604592791764,148.74281311035156,9498800
2023-04-21,149.52480248167663,150.00672878679288,147.27883775793651,147.93353271484375,7014200
2023-04-24,147.93354499994953,148.95195329536924,147.1879147302512,148.833740234375,5278900
2023-04-25,149.4065936316189,150.35227031808554,149.2702046262495,150.1976776123047,6263100
2023-04-26,149.20655613767278,149.47934803957156,147.52436484637994,147.86988830566406,5518200
2023-04-27,148.12445782750066,148.58820812124188,147.42430921205164,148.21539306640625,5739700
2023-04-28,148.0426396916712,148.90646905120542,147.8153154457532,148.85191345214844,6024900
2023-05-01,148.760986328125,149.3974914171364,147.5243419231441,148.760986328125,4893400
2023-05-02,149.43383177157662,150.47042956157637,148.72458138235405,150.06124877929688,7541700
2023-05-03,150.53412167003313,151.106969347263,147.76985101015197,148.09719848632812,5937200
2023-05-04,147.92440330977604,148.12444972460955,146.6241154881269,147.42430114746094,5128000
2023-05-05,148.06989878793942,148.33360264976656,147.02421293870947,147.92440795898438,5194500
2023-05-08,147.29702960433372,147.82442354212228,146.7059782151081,147.58799743652344,4994900
2023-05-09,147.07881173876007,147.42434909034577,146.2058803833547,146.4423065185547,5520500
2023-05-10,146.57864269761762,147.27880512482244,145.5420448913259,146.98782348632812,6756600
2023-05-11,147.1515473018681,147.47889480383594,144.93286021906067,146.3877410888672,5867600
2023-05-12,146.72415597939641,146.90601259391235,145.49659955056572,146.19676208496094,3904200
2023-05-15,146.21494449078008,146.42407889312472,144.52365169952415,145.0783233642578,5104500
2023-05-16,144.6327728380544,145.71483844490967,144.1508465572354,144.8873748779297,5599200
2023-05-17,145.29654875068115,145.54206280403156,143.4597789620045,144.56912231445312,6840700
2023-05-18,144.26907313977364,144.51457335319424,143.2688408358575,144.1053924560547,5173000
2023-05-19,144.20538675098817,145.42384122234537,143.79620593595257,144.49636840820312,6527100
2023-05-22,144.75291402318456,145.79733322341409,143.63520053072494,143.7176513671875,5675900
2023-05-23,143.92835220110186,145.0002548235858,143.25954714528487,143.66265869140625,5793000
2023-05-24,143.91003781123462,143.96500503064613,142.84729163776007,143.52525329589844,5015100
2023-05-25,142.96638018197262,143.18624903437015,140.83173153673823,141.46388244628906,6886100
2023-05-26,141.72041049308646,142.2609400804911,141.27148827097076,141.40892028808594,6845400
2023-05-30,141.0607886407252,142.35257422873957,140.46529178469598,141.42724609375,5593100
2023-05-31,141.7295851538179,142.63658625668856,140.950859541768,142.0594024658203,11324600
2023-06-01,141.5830078125,142.04108667222388,140.30954914164587,141.5830078125,7901300
2023-06-02,141.74792549728784,144.12077066950235,141.17074165235982,143.8092803955078,7659700
2023-06-05,143.60769225764915,145.33922942330005,143.60769225764915,145.0460662841797,6430500
2023-06-06,146.20042991723483,146.22791352658356,144.20319910134234,144.9178009033203,5073600
2023-06-07,144.84452456116531,145.48583209594187,144.23985718003777,145.22930908203125,6504300
2023-06-08,145.21099280296613,146.9700138773663,144.58801228846178,146.82342529296875,5818400
2023-06-09,146.97000358927954,147.25401021450847,146.09965664696182,146.59437561035156,6264400
2023-06-12,146.58521265828728,146.81425205306584,145.42168861856464,146.49359130859375,6510600
2023-06-13,146.33785543359238,147.35479096976997,145.80648232663458,147.26318359375,6066800
2023-06-14,148.05108895071115,148.49084072960852,147.48306167436766,148.01443481445312,6699100
2023-06-15,148.46334905037708,150.16740282790363,147.89532180489738,150.0024871826172,7138300
2023-06-16,150.68962599019173,151.15687539941888,150.13076919170342,150.46058654785156,13426600
2023-06-20,150.48807904812642,151.45004755864605,150.07581082346343,150.36898803710938,7995800
2023-06-21,149.86508823028524,151.09273627502387,149.04970838212802,150.1399383544922,7177500
2023-06-22,150.1582468871023,151.82566067174818,150.05746897726704,151.73403930664062,5485900
2023-06-23,152.18295775646655,152.3295463451259,151.193505752202,151.60577392578125,9450700
2023-06-26,151.1476470230828,151.1476470230828,147.80367803660442,149.9108428955078,6978800
2023-06-27,149.95669672221405,150.13993945933916,148.82067003700396,149.59939575195312,4927500
2023-06-28,149.51691171528608,149.51691171528608,148.33507460816162,149.2970428466797,6780400
2023-06-29,149.00388011616587,150.5430322424346,148.62825212338797,150.3414764404297,4547500
2023-06-30,151.03774290560787,152.02719479383126,150.5705075609422,151.6424102783203,7580000
2023-07-03,150.561345037961,150.6071557164107,149.2970569853788,149.65435791015625,4033700
2023-07-05,149.32452256020184,150.17654236273717,149.08631265281846,149.15960693359375,7224600
2023-07-06,148.6465833249769,148.7565177729621,147.50138622694163,148.05108642578125,6332500
2023-07-07,147.01578447632082,147.53798694411523,145.85226062149556,145.8980712890625,7022200
2023-07-10,146.06298196835874,146.8600484909482,145.66904095766768,146.1362762451172,5739200
2023-07-11,145.78814159782786,146.86004415227706,144.38642179743636,145.33006286621094,6606700
2023-07-12,145.61409852750876,145.61409852750876,144.64297365922465,144.82620239257812,6940400
2023-07-13,144.75294001444306,145.78820285632776,144.21241023907962,145.49502563476562,6401700
2023-07-14,145.83394405933953,146.79591222969918,145.6507153553315,146.46609497070312,5362200
2023-07-17,146.35619587192556,146.46613032497575,144.89033792712175,145.73321533203125,5486800
2023-07-18,145.73316954461535,147.40056880298414,144.92694653033203,145.7239990234375,6332500
2023-07-19,144.6704347623736,146.9608285215925,144.1390617327003,145.43084716796875,7522600
2023-07-20,148.36254724461116,154.95887842461806,147.77620700593175,154.26260375976562,21892900
2023-07-21,154.0793821529088,156.49805169518936,154.0793821529088,155.92086791992188,12080000
2023-07-24,157.12102106877703,159.2465133117408,156.6537857471821,156.73623657226562,15155400
2023-07-25,156.15908363644354,158.20211147780765,155.51777601577518,157.93643188476562,13790100
2023-07-26,157.57911963007155,159.27401691554974,157.02941943492817,158.23875427246094,14288200
2023-07-27,157.74403426061755,159.67712766709693,157.61577273514084,159.12744140625,12446400
2023-07-28,159.4114140607366,160.65738889073435,158.70596883139288,159.85116577148438,14138800
2023-07-31,155.46279055569227,155.948352981499,152.73264473105988,153.48388671875,22632700
2023-08-01,152.42112227282234,154.9130718479305,152.13711567806703,154.72984313964844,15810300
2023-08-02,154.6932426911423,156.8828591687864,154.6932426911423,155.66436767578125,14595600
2023-08-03,155.7009789118933,156.95612431047758,155.44445590622394,156.3331298828125,17424800
2023-08-04,156.0583021393673,158.20210784181182,153.81371852888697,154.86729431152344,23415100
2023-08-07,155.27956904467675,158.80676769840034,155.16046407374887,158.58689880371094,17736400
2023-08-08,158.4860980599412,158.99914404622,157.0202404024692,158.66015625,27378700
2023-08-09,158.49527997632933,159.6404770859849,157.6249329688825,158.55941772460938,42974400
2023-08-10,159.41143348335106,161.2162651991915,157.2493008378469,157.73486328125,48213800
2023-08-11,158.01887181364944,159.36562471377783,157.2309756542509,159.27401733398438,45905600
2023-08-14,158.97167075041722,160.87728023696084,157.35006788331108,158.89837646484375,64036900
2023-08-15,158.31203085780427,159.92446314805323,157.70736350666522,158.44029235839844,88958100
2023-08-16,158.0646934088993,160.08023763648174,157.6982359055053,157.93643188476562,85832700
2023-08-17,158.36700236092724,160.684879956897,158.27538100968553,159.4205780029297,70904200
2023-08-18,158.650995538128,159.4022514121908,156.9469419973645,158.02801513671875,49631700
2023-08-21,155.4627750125175,155.6093635738105,152.0455113066708,153.3189697265625,151319500
2023-08-22,152.87006344262977,153.76789401013792,151.54163766857607,152.10049438476562,56834800
2023-08-23,151.9905440677722,152.5402442333685,149.76428775396457,150.73541259765625,119011400
2023-08-24,150.27733401712038,152.69598958644096,150.12158889850178,151.2484588623047,70755100
2023-08-25,151.61757782059615,154.82895039049978,151.3960985092068,153.41705322265625,18185500
2023-08-28,152.26353821695716,153.38014369283408,150.5747954670184,151.60833740234375,18458000
2023-08-29,152.14358682580956,152.89106021414202,150.20569546364288,151.62681579589844,12208600
2023-08-30,152.36508015208872,153.0295041318386,151.04545521862926,151.0915985107422,9939100
2023-08-31,150.75937936666347,150.94395252635633,148.830710944087,149.1998291015625,15333000
2023-09-01,148.9598807696853,149.93805640923046,147.6587162313683,148.09243774414062,8610100
2023-09-05,148.16627543422962,149.46744007137488,147.90788992796797,148.27700805664062,9019800
2023-09-06,147.50183783239794,147.64949070252914,145.20405164514958,145.81309509277344,9753800
2023-09-07,146.85587009356587,148.627662243622,146.70821722748977,147.6771697998047,9931800
2023-09-08,147.27116394646217,148.27702291671156,146.90204578079712,148.16629028320312,6957000
2023-09-11,148.62767116544205,150.1318549068617,148.06475690056962,150.1041717529297,6309300
2023-09-12,149.69813423538966,151.27613034226545,149.0613935294403,150.95315551757812,6045800
2023-09-13,151.11927139686168,152.2174169021016,150.41794127967074,151.33152770996094,7397500
2023-09-14,151.9682284728786,152.51269666035535,150.82395395488882,151.10079956054688,7758400
2023-09-15,151.32225507644057,152.09742553876413,148.76608362256243,148.987548828125,13392100
2023-09-18,149.60587456168795,150.55636723881142,148.34163002785408,149.92886352539062,5789000
2023-09-19,149.72581552443526,150.2795067612212,148.92297590395344,149.67967224121094,5550800
2023-09-20,149.67047593198726,150.916260315689,149.18138802060756,150.33489990234375,3837400
2023-09-21,150.0211258719866,150.87933182626918,149.11676255211142,149.18136596679688,4526700
2023-09-22,148.84915117611325,148.94142366266837,147.88019854108865,148.11090087890625,4976700
2023-09-25,147.7140823686061,147.98169085360732,146.47750728077028,147.889404296875,6722500
2023-09-26,147.47419156974203,147.7233540902968,146.59752531559,146.74517822265625,4904800
2023-09-27,146.33908990350156,146.50518880663554,143.27535649015013,144.98255920410156,10211600
2023-09-28,145.3424925943131,145.76699114925643,144.1612975904992,144.77035522460938,7861900
2023-09-29,145.2225317771922,145.43478810817996,143.35846665785925,143.7275848388672,7680700
2023-10-02,143.42302109864633,143.42302109864633,141.48512999853972,143.17385864257812,7259700
2023-10-03,142.740139852825,143.49685025935227,142.01112668056714,143.3491973876953,5740800
2023-10-04,143.56146310976445,143.89366097140424,142.638653722666,143.51531982421875,4955200
2023-10-05,144.2074294895545,145.8407919961642,144.02287042496604,145.01026916503906,5993300
2023-10-06,144.95487824442597,146.08070665252134,144.50269664414122,145.47164916992188,5802200
2023-10-09,145.04717893379845,146.6159662239947,144.96412946482224,146.3022003173828,4414100
2023-10-10,146.15452274837617,146.97582235710303,145.71156420273985,146.1360626220703,5273500
2023-10-11,146.2283774267922,146.7728315699331,143.99516638365725,144.12435913085938,6922900
2023-10-12,143.88443165364313,144.4750290723172,143.10005215748788,144.26278686523438,5792400
2023-10-13,144.63189857191549,145.2132729405408,144.0043950027569,144.74264526367188,5359800
2023-10-16,145.637770287048,146.0345715266519,144.73340703599055,145.37014770507812,6408100
2023-10-17,143.93978070399422,146.6805252616832,142.6755365564436,144.04129028320312,12244400
2023-10-18,143.41381030903537,143.91212118272904,140.31317020340305,140.940673828125,9097300
2023-10-19,139.9624824113736,141.29133003325566,138.55980835705898,140.56231689453125,7733800
2023-10-20,140.94989399313684,141.9926589007666,140.57153881025909,141.1898193359375,7207000
2023-10-23,141.060632381326,141.65122977938304,139.53800264474302,139.7041015625,5874000
2023-10-24,139.11349775285242,140.2301031675821,138.5413605101218,139.5564422607422,6155300
2023-10-25,139.5656952149681,140.42390117652567,138.63364873259917,139.87022399902344,5880800
2023-10-26,140.23931002212476,140.23931002212476,137.3878330798607,137.49856567382812,7612500
2023-10-27,137.02795649190955,137.1848323814388,133.76120372115238,134.3610382080078,11385800
2023-10-30,134.8132058180212,135.87444495026065,134.7301563613366,135.68064880371094,8205300
2023-10-31,136.1512912972853,137.0741006879109,135.32076847810376,136.88954162597656,7576900
2023-11-01,137.67391377865874,138.19990772722315,137.00026697118267,137.21250915527344,5733000
2023-11-02,136.3081617448707,138.79050682180304,136.15127177971547,138.6428680419922,5349100
2023-11-03,139.53800334793024,140.51617897330232,138.55981364160542,139.657958984375,4926800
2023-11-06,140.06401504321343,140.66383554411863,139.68565979509563,139.9901885986328,4851400
2023-11-07,140.20243045612656,140.4977362336696,139.0489186643887,139.25193786621094,4840400
2023-11-08,139.6671787111888,140.1101231866119,138.73513240298377,138.74436950683594,5460000
2023-11-09,138.8828280347286,138.8828280347286,135.89292022251146,136.0405731201172,6973600
2023-11-10,136.8065223629082,137.0372247614966,134.39798875840725,135.8837127685547,6930700
2023-11-13,135.88368765426227,136.48350814734928,135.32999636760172,136.23435974121094,5889300
2023-11-14,136.24356379720825,137.07408653061165,135.62528325906086,136.26202392578125,6713600
2023-11-15,135.9759703277693,137.88617845812965,135.90214388626907,137.3140411376953,6729100
2023-11-16,137.96001109693103,138.57829173119603,137.16639441634592,138.51370239257812,6875600
2023-11-17,138.92895951999887,139.15042476663334,137.56320553558774,138.2276153564453,7023300
2023-11-20,137.58578362720917,139.90197082982192,137.24160023008594,139.44618225097656,8851700
2023-11-21,139.6229232242863,140.72984848931165,139.16712044900632,140.57171630859375,5916300
2023-11-22,141.04612272728355,141.42749364853472,139.89267049923347,140.29266357421875,4633500
2023-11-24,140.32986618034144,142.02282151613446,140.32986618034144,141.8553924560547,3351400
2023-11-27,141.66004673084453,141.68796576837346,140.43219102188942,140.72055053710938,6449700
2023-11-28,140.83215602079164,141.213541106915,140.31124672936156,141.04611206054688,5909000
2023-11-29,140.76706043448613,141.5763292758066,140.52521372852186,141.49261474609375,5190000
2023-11-30,141.6321522576446,144.3111310096565,141.31588787545326,143.86463928222656,12481900
2023-12-01,145.52037755742177,147.39938407627056,144.61808312080063,147.32496643066406,10342900
2023-12-04,146.97150482695565,148.85051158442695,146.97150482695565,147.7900848388672,8920300
2023-12-05,147.7156583560199,148.48772551316588,147.176141034386,147.4831085205078,7268200
2023-12-06,147.45520774951947,147.58543509325543,145.26923355782728,145.6878204345703,6642900
2023-12-07,145.6506057942117,145.6506057942117,143.91113767270502,144.55296325683594,6532400
2023-12-08,144.57157197080724,144.97156504630047,143.10185538913524,143.64137268066406,6254700
2023-12-11,143.71580022735657,144.6273916202541,143.5762760017095,144.23670959472656,6090400
2023-12-12,144.18091194162793,144.4785825728141,142.92513703110117,144.24603271484375,5324400
2023-12-13,142.93442613324382,145.05527937635523,141.17635004504055,144.91574096679688,10764600
2023-12-14,145.5482903253058,146.1901301341092,144.2274089797274,145.9203643798828,9240700
2023-12-15,144.63669464590205,145.7529309700853,143.02743963320867,144.32972717285156,21727800
2023-12-18,144.37623758158787,145.52037873036636,143.95763654746298,144.59017944335938,7231400
2023-12-19,144.45996677588514,145.5762031948661,144.12509443081922,145.53900146484375,6651500
2023-12-20,145.61339686285115,145.72503043416984,142.42281997415614,142.5716552734375,7008300
2023-12-21,142.96233517966223,144.30182446600236,142.59955801408805,144.0320587158203,4598600
2023-12-22,144.41343182184693,145.60408571199852,144.19948997116558,144.60877990722656,3798900
2023-12-26,144.18089111758462,145.43666584673986,144.04136690044066,145.24131774902344,4170000
2023-12-27,144.64600088966495,145.5948082137926,144.5715832374083,145.43667602539062,5288100
2023-12-28,145.1111173695945,146.26456982252702,145.10182048462963,145.650634765625,4377500
2023-12-29,145.5854976616979,145.94827484668622,145.09249313321934,145.79945373535156,4313700
2024-01-02,145.97617172886905,150.35741674892128,145.84594439248295,148.80398559570312,9622100
2024-01-03,149.4272244029367,150.17138672858567,148.6458603481774,149.73419189453125,8232000
2024-01-04,150.31093708223722,150.67371432741382,149.2226053467074,149.41795349121094,6766600
2024-01-05,149.2969807901956,150.07834475980238,148.33887669071515,149.8830108642578,5602500
2024-01-08,149.85511753717293,150.37602689027173,148.46911542761583,150.25509643554688,6569800
2024-01-09,150.34812927246094,151.88295256116447,149.39002505330632,150.34812927246094,6357000
2024-01-10,150.52486674357385,151.26901487410655,149.9481334905805,150.5713653564453,4945100
2024-01-11,150.7574071735129,150.878323430634,149.5574421295486,149.901611328125,4946000
2024-01-12,150.54344129122742,151.12947135323296,150.40391708299467,151.0550537109375,4496900
2024-01-16,150.29230965050766,150.92483836967466,148.9993189808811,149.3155975341797,6923200
2024-01-17,149.06444349121261,150.04115563208222,148.71096320178742,149.23187255859375,5072100
2024-01-18,148.8318957802318,150.106264345861,148.5435362531521,149.9574432373047,5368500
2024-01-19,149.90163349573749,150.61789103599364,149.09236452807315,150.39463806152344,7071300
2024-01-22,150.69229126395592,152.16200790668972,150.07835630046293,151.12948608398438,6824200
2024-01-23,148.5156423908511,149.30630337942318,145.9575939929619,148.65516662597656,9149800
2024-01-24,148.59933789471532,149.39001297570994,147.12032441699657,147.86448669433594,7247900
2024-01-25,147.9016980519319,148.47841711240952,147.40869352725608,148.422607421875,5478900
2024-01-26,149.23188466937822,149.52025840946305,148.23657868050336,148.36680603027344,5591900
2024-01-29,147.9109511326032,148.8969740836643,147.86445253340534,148.2365264892578,6483200
2024-01-30,148.2273073716197,148.60867840864546,147.09246275907893,147.6877899169922,7200500
2024-01-31,149.20395365673562,149.40859862673105,147.5947129324207,147.80865478515625,8256800
2024-02-01,147.1202984611344,147.42726587864414,146.0877768544971,147.30633544921875,8012000
2024-02-02,146.94358418579935,147.25984854050992,145.0552807470602,145.6785125732422,8295900
2024-02-05,145.67853864063028,145.9389933550812,144.49718134698094,144.92507934570312,9121600
2024-02-06,144.95297256809087,147.65054512013688,144.73903068274782,147.02731323242188,9229900
2024-02-07,146.78545179901943,148.24585731351985,146.68312930867495,146.952880859375,8690300
2024-02-08,146.35757454748378,146.35757454748378,144.46927084475453,145.48318481445312,9755000
2024-02-09,145.36225036183663,146.22732890842636,144.80412509752935,145.8180389404297,6529200
2024-02-12,145.6505979530927,147.35286425678044,145.43665610323333,146.8319549560547,6701500
2024-02-13,146.6366102355169,147.39006936233184,144.87853420837732,145.54827880859375,8621000
2024-02-14,145.43668490892736,145.53900741281583,144.03207470157497,144.8692626953125,9098800
2024-02-15,145.09249046000224,147.41798883213715,145.00877592509713,146.89707946777344,7462500
2024-02-16,146.77524425917693,147.39382634940705,145.9035831069462,146.72837829589844,8541000
2024-02-20,146.73773332332692,148.65912324292157,146.625266462184,147.9561767578125,9501700
2024-02-21,148.10614937717875,148.7341132185235,147.27198674596153,148.7247314453125,7472500
2024-02-22,149.0059059924075,150.6554962347666,147.87182700226853,150.38368225097656,8065000
2024-02-23,150.78674449237113,152.07078910588058,150.11191457687332,151.68650817871094,6726000
2024-02-26,151.64902125957522,151.84583830552597,150.49619280026369,150.70237731933594,5465400
2024-02-27,150.28055462720596,150.9366350314833,149.62447422292865,150.88040161132812,5078600
2024-02-28,150.8991759120633,151.4709062810565,150.23371362625838,151.4146728515625,6071100
2024-02-29,151.83643841833552,152.01452048002633,150.84294302309473,151.25534057617188,9849100
2024-03-01,151.67712911351737,152.37070822407398,150.98355000296075,151.9489288330078,5670100
2024-03-04,151.19912410403236,151.4709238118715,148.34047192821404,149.8119659423828,8532900
2024-03-05,150.54303728985678,151.12414952985304,149.21212679429178,149.93382263183594,8298200
2024-03-06,149.45580391824166,150.833565892632,149.23085589105392,149.34332275390625,5773700
2024-03-07,149.96194282895482,150.29935777237935,148.31236660637103,148.90283203125,5188700
2024-03-08,148.90279510323666,150.32743721121523,148.4903975744943,149.51202392578125,5284000
2024-03-11,149.4839042959131,151.19909527436252,148.9121739697633,151.11473083496094,4620800
2024-03-12,151.4427867498135,152.87679638117123,151.02102173496988,152.53001403808594,8018700
2024-03-13,152.33319777043303,152.47378135542732,149.78384388498915,150.992919921875,6260000
2024-03-14,150.84295591660594,151.40530456311106,148.73411631387307,149.22149658203125,6988300
2024-03-15,148.14363664662227,149.20274733467747,147.24387309163274,148.256103515625,13165500
2024-03-18,148.6216269576442,148.73409380963164,146.6814879519708,146.9251708984375,6602300
2024-03-19,146.84084628700708,147.01892836793368,145.89421674808867,146.4097137451172,7840600
2024-03-20,145.93166635782902,146.62524527143216,145.47241720687896,145.98789978027344,5982300
2024-03-21,145.82858080086245,147.10325760248134,145.36933160639617,145.97854614257812,5915800
2024-03-22,145.922327244915,146.55029108671098,145.3787135531774,145.49118041992188,7248600
2024-03-25,145.65051182190209,146.19412550831592,145.1818808130781,145.4818115234375,7498100
2024-03-26,145.84734909182365,146.4284469900114,145.05067062370867,145.997314453125,6864100
2024-03-27,146.20350421881622,148.2935944699733,145.68800725961162,148.04991149902344,8461600
2024-03-28,148.27483988321808,149.15586841784534,148.19048973879188,148.26547241210938,6181500
2024-04-01,147.82497689040005,148.22799272141984,146.93458077175345,147.88121032714844,4364700
2024-04-02,146.7471070997604,147.92805198185957,146.16599497872699,147.83432006835938,6102300
2024-04-03,147.89054936429255,148.13424661199213,144.57264852071543,144.58201599121094,8098200
2024-04-04,145.566137628355,145.74421967053024,142.84808394673175,142.93243408203125,6947400
2024-04-05,142.49193083446445,143.41044352635288,142.09828253794083,142.829345703125,6783000
2024-04-08,142.4544574506997,143.43857111588372,142.05142735131946,142.0795440673828,5935400
2024-04-09,142.04204629669727,142.960558970393,141.47031595560992,142.73561096191406,6135300
2024-04-10,142.02332421949401,142.2951382360826,140.36436630566374,140.77676391601562,6809500
2024-04-11,141.33910588056057,141.4047067807354,139.08030113335838,139.4552001953125,8374400
2024-04-12,138.771007759373,139.7176515209138,137.91809591729586,138.264892578125,7100200
2024-04-15,139.06155330157475,140.11129642837182,138.12429133569182,138.3304901123047,8502300
2024-04-16,135.9123920310447,137.07460235510356,134.39403178143317,135.3875274658203,12774900
2024-04-17,135.90300524460912,136.2872861400709,134.5345962784584,135.68743896484375,9378100
2024-04-18,135.88424458296356,136.65280630932315,134.15031841501488,136.59657287597656,9887700
2024-04-19,136.98084178127115,138.83663092236065,135.47184932089155,138.63043212890625,9750800
2024-04-22,139.1927806907934,140.8423710374486,138.05870162895172,139.76451110839844,10118700
2024-04-23,140.45809187667157,141.04857154671313,138.90223343586982,140.17691040039062,10110400
2024-04-24,138.84600096152445,139.64267943291833,137.64630666914402,139.21153259277344,9756300
2024-04-25,139.99881702665232,140.19564833461345,137.14954690721729,137.6088104248047,7642700
2024-04-26,137.49634580564492,137.9462276046352,136.79339923782314,136.9714813232422,6183000
2024-04-29,136.97146484322457,137.9837094952757,136.83088126716865,137.6088104248047,6149600
2024-04-30,137.6650297341116,137.6650297341116,135.46245859194738,135.51869201660156,8817700
2024-05-01,139.40835938540687,142.32324486856393,138.35861618759114,141.6952667236328,14470900
2024-05-02,142.50131901746667,142.77313302695512,139.78326473148744,140.5143280029297,8459800
2024-05-03,140.48618814400163,140.48618814400163,138.5460634129008,139.90509033203125,6532700
2024-05-06,140.46745404440725,140.63616864439848,138.6304284981774,139.25839233398438,5042800
2024-05-07,140.0081989996293,140.3362321113899,139.13653792238736,139.3896026611328,7333500
2024-05-08,139.7645116645831,140.33624208446332,139.37086332160584,139.6051788330078,7735100
2024-05-09,139.63330272217962,140.68304599218703,139.5489525660986,140.44873046875,6546200
2024-05-10,140.58930925964492,140.67365941284453,139.8301292778803,140.5049591064453,5710600
2024-05-13,140.6267961364024,142.4638361051482,140.31751223542773,141.73277282714844,5628500
2024-05-14,142.32326582760135,142.6606807798947,141.24540575429597,141.88275146484375,8254200
2024-05-15,142.29513270549742,143.35422910748133,141.8077524302532,143.091796875,5548000
2024-05-16,143.4010900519776,144.6945162249996,142.77312621041168,144.6007843017578,7591000
2024-05-17,145.14441597858172,145.14441597858172,144.06657023515996,144.93821716308594,6521800
2024-05-20,144.65474546816156,144.9287422240118,142.9162320875925,142.92568969726562,7742300
2024-05-21,143.40754516705445,144.1728618253985,142.4721501306966,142.8973388671875,5492400
2024-05-22,142.51939590227053,145.58067697371396,142.02809040039074,145.0326690673828,6609800
2024-05-23,144.32405097108384,144.40908295836329,141.1399504992981,141.44229125976562,8000400
2024-05-24,141.28168375975312,141.54623735644063,138.66447737421296,138.86289978027344,9520600
2024-05-28,138.69280553584656,138.69280553584656,136.19843303969458,136.41575622558594,10499800
2024-05-29,135.88666270373184,137.39839546116585,135.78272990526975,136.4724578857422,8263800
2024-05-30,136.64253170440284,137.57792695785716,136.0756372859895,137.26612854003906,8490300
2024-05-31,137.54010859032513,139.34473865958,137.18106544807623,138.5794219970703,14621200
2024-06-03,139.1274323922783,140.68640973883723,138.67391406880276,139.5904083251953,7329200
2024-06-04,139.3447700211264,140.12898766159267,138.12593476894034,139.64712524414062,8876400
2024-06-05,139.807706138267,139.82660693858233,137.80465381743727,137.91802978515625,5891300
2024-06-06,137.4739816383888,138.89123918105258,136.6803208745985,138.34323120117188,5016300
2024-06-07,138.58886818192175,140.11951595708103,138.26762663565026,138.96681213378906,5111600
2024-06-10,138.4471598366527,139.42034216666593,137.5684671068129,139.01406860351562,5749900
2024-06-11,138.71170402540372,139.04240318653248,137.4172802097796,138.66445922851562,5661200
2024-06-12,138.9479240279769,139.08965842928566,136.79369376530198,137.38894653320312,6180500
2024-06-13,137.06769854599622,137.94639124123458,135.9433386668164,137.42672729492188,6840400
2024-06-14,137.13380452661326,137.91802189835937,136.51020790564613,137.51173400878906,4075300
2024-06-17,137.02044675390914,138.35265772652645,136.75589319785126,137.89913940429688,6666600
2024-06-18,137.9086041209842,138.3148776683367,137.2472057796661,137.61569213867188,6156600
2024-06-20,137.2566653769521,139.91165872221677,137.01099818933233,139.62820434570312,8749700
2024-06-21,139.73213150236882,140.8564913530482,139.24081156402826,140.54469299316406,15172300
2024-06-24,140.78089587677053,141.46118055383735,139.99667841801053,140.89427185058594,6914700
2024-06-25,140.9509740398478,140.9698748430839,138.8345454242419,139.0707550048828,5912500
2024-06-26,138.13533616681724,139.0707311357626,137.7385058695003,138.7211456298828,5267800
2024-06-27,138.7022693577553,139.23137651441095,136.85037989237182,137.75743103027344,5739200
2024-06-28,137.9841895477574,138.9573863349528,137.61570315924243,138.0975799560547,10495700
2024-07-01,138.01252080774165,140.49743543435645,137.58733209019212,138.3621063232422,5144400
2024-07-02,138.35267628714587,139.03296107029715,137.70074991895788,137.97474670410156,5492000
2024-07-03,138.13535048076363,138.56052481358333,136.75589469720754,137.6534881591797,3246200
2024-07-05,137.729075262143,138.46604794122288,136.52912665201552,138.39990234375,4888500
2024-07-08,138.32432767064935,139.09910203223689,137.2377693428599,137.455078125,5260200
2024-07-09,137.6345799638235,139.0140500903654,137.1716040519725,138.93846130371094,5890400
2024-07-10,139.13689723160743,141.22499643369065,138.5888892309834,141.18719482421875,6093200
2024-07-11,141.32891527672635,142.27375358095603,140.4407649640163,141.44229125976562,6350400
2024-07-12,141.7257111605394,142.55717327948173,141.00763941414323,141.61233520507812,5336400
2024-07-15,141.8013512392268,141.96197203993665,140.65809041205773,141.0076904296875,6711400
2024-07-16,141.43284416308643,142.74616879303215,140.9320810290337,142.68002319335938,6469600
2024-07-17,143.19022937966395,148.80257048803227,143.06739580252412,147.94276428222656,13801400
2024-07-18,147.01683435973635,148.40574771124963,146.09088251400266,146.8467559814453,10166200
2024-07-19,147.8766417193638,147.8766417193638,145.61847868916126,146.15704345703125,7398000
2024-07-22,146.23262042041404,146.55386196626014,145.11770378524147,145.7318572998047,6840600
2024-07-23,144.8531579130485,145.03267949733635,143.20914849291427,143.9461212158203,6261900
2024-07-24,144.3334973346563,147.78216587110714,143.92722377511504,147.65933227539062,7168200
2024-07-25,147.84830686859425,151.7221500249499,147.39478847928925,150.83399963378906,10019600
2024-07-26,150.93793351693145,152.66698950886632,150.67337991984644,151.77883911132812,8356900
2024-07-29,151.14577826899392,151.1741222635513,149.33169053188183,149.8135528564453,5625000
2024-07-30,149.7946488412398,152.638621182255,149.62458487754336,152.43075561523438,6545700
2024-07-31,151.03242275602994,151.50484195211752,149.03881317185684,149.1427459716797,8293200
2024-08-01,149.73798157329176,151.93945671621148,149.0104664051373,151.8922119140625,7213400
2024-08-02,152.96929641082903,155.756580590725,152.11894781101822,155.0857391357422,11280400
2024-08-05,154.7550618180832,156.6352952617401,151.7221388897678,152.3551788330078,12032200
2024-08-06,152.16620835174064,152.57248189320478,150.17259899804276,150.20094299316406,7607100
2024-08-07,150.10646740360127,151.7599345530308,149.46398423145442,150.1348114013672,5993000
2024-08-08,149.82304135257223,151.83553746646925,149.31282051117975,151.38201904296875,5094800
2024-08-09,151.28749907820514,152.05281576966155,150.55052638146287,151.75991821289062,4579200
2024-08-12,152.09063084276278,152.7803588036995,149.9553013550368,151.06076049804688,7605400
2024-08-13,151.4292394730899,151.52371465352024,147.8105070278646,149.65293884277344,9711400
2024-08-14,149.12383692010434,150.7489600181391,148.7175489370512,149.73797607421875,5141200
2024-08-15,149.63404628292417,150.70171824193116,149.133283106083,150.3143310546875,7237800
2024-08-16,150.36156874176774,151.1174422765287,149.45451761663693,150.5977783203125,5012800
2024-08-19,150.66390316455121,151.4481061702371,150.35210483378003,150.82452392578125,4408400
2024-08-20,151.17412453938294,152.05281721806585,150.8623261774699,151.32530212402344,7275100
2024-08-21,151.55207091446673,152.57249809848136,151.46703892007122,152.52525329589844,5019400
2024-08-22,153.0638320189252,153.52680805901173,151.92057112760955,153.39453125,6552100
2024-08-23,153.5362182171324,155.16134118793613,152.78034472095356,155.07630920410156,7093400
2024-08-26,155.11409977978255,156.5691588147038,154.51884704576128,155.5298309326172,6870600
2024-08-27,155.65359790454076,156.16767679035647,154.3779082949286,155.12998962402344,4388700
2024-08-28,155.17758905358738,157.0816085511774,154.90151261810382,156.05343627929688,5187000
2024-08-29,156.7293691328652,156.8150465236416,155.52031268801767,156.3485565185547,7390100
2024-08-30,156.24384257926062,158.01458137530793,155.94872186767216,157.9003448486328,7971000
2024-09-03,157.3100826353102,159.75673992618982,156.86263692961177,159.137939453125,6956500
2024-09-04,159.7567553681756,160.7468536525992,158.0716940269558,159.32835388183594,6939100
2024-09-05,159.1760312431608,159.3378711614934,156.91977272817795,157.0720977783203,4600400
2024-09-06,157.25295968554767,157.9764963748187,156.24383169947552,156.49136352539062,6016900
2024-09-09,156.92930309092387,159.3759754234172,156.57706408839283,158.61436462402344,7538200
2024-09-10,159.461633372278,160.37556912536223,158.74762605867076,159.34739685058594,6559600
2024-09-11,158.78567813098616,158.78567813098616,156.21525506224276,156.9102325439453,5920200
2024-09-12,156.31998975075592,157.17680719620495,154.90150459548735,156.73887634277344,4540900
2024-09-13,156.83409370267964,157.79561833447815,155.9582464632509,157.57666015625,3693400
2024-09-16,158.3763187767387,159.22360674577527,157.82415146158368,158.97608947753906,5187800
2024-09-17,158.2621067721383,159.67107714096886,157.96697154605468,159.05227661132812,5066500
2024-09-18,158.63339728124967,160.2708552958487,157.78610914213294,158.17642211914062,4722800
2024-09-19,158.2525550680188,158.38583583376064,156.5294199800301,156.9102325439453,4956100
2024-09-20,156.4152021683899,156.95784016286686,155.70119486804106,156.28192138671875,11839000
2024-09-23,156.51038839565365,156.60559517597153,154.91101907722205,155.38702392578125,4671600
2024-09-24,154.9776545160053,155.6440729351497,153.79717177092394,154.9681396484375,6041600
2024-09-25,155.1775786639952,155.48222873594005,152.66427367651013,152.89276123046875,5420000
2024-09-26,152.550061441908,153.78766260823832,152.3406181157407,153.64486694335938,6122000
2024-09-27,154.22555421833684,155.58692096494502,153.59722439997293,153.6543426513672,7553800
2024-09-30,153.8162393115696,154.39695137791375,152.96893659479647,154.28271484375,6010000
2024-10-01,154.63495184059965,154.9396019631172,153.44493953673546,154.21607971191406,4408000
2024-10-02,153.7590893742848,154.33981590239725,152.94036040885604,153.43540954589844,4684400
2024-10-03,153.06412320775254,153.69245311583617,152.53100008326308,152.7975616455078,4791200
2024-10-04,151.969340773568,152.7975847151269,151.16012657038854,152.59765625,5331100
2024-10-07,152.55956317567225,153.14028970704277,151.57899429054896,151.87411499023438,4266000
2024-10-08,151.8360444315138,152.55956663186006,151.32195101753078,152.0264434814453,4766300
2024-10-09,152.24540556534606,153.48302121140156,151.85507806074483,152.94036865234375,6047200
2024-10-10,153.6162972459252,153.64485637693696,152.32156337616715,152.8070831298828,4793900
2024-10-11,154.39693573725992,154.85391088065782,153.46397024089242,153.7115020751953,5253500
2024-10-14,153.6543587788825,154.35885118188656,153.178353931951,153.8447723388672,5964000
2024-10-15,152.32156190483983,158.74762779770026,151.3695521429346,156.2248077392578,10548000
2024-10-16,156.12960236680277,157.07209726917264,154.8348684978223,156.3961639404297,5982100
2024-10-17,156.37712843009723,157.08162092926554,155.7773721191262,156.57705688476562,4798000
2024-10-18,156.97688838075024,157.35768647325938,156.06295262160583,157.1958465576172,5908000
2024-10-21,157.17681323865557,157.31960888846243,154.5206979401226,155.0157470703125,6082700
2024-10-22,154.53024158466624,155.87256439618176,154.13038467530228,155.6060028076172,5680300
2024-10-23,155.00624146956926,158.03362563859264,154.62542883645787,157.9003448486328,7441600
2024-10-24,157.08161974560232,157.56713952254262,155.50127996361581,155.81544494628906,5386300
2024-10-25,155.82494793759003,156.0534355057139,152.90228557706573,153.15933227539062,6400400
2024-10-28,153.39732662063037,154.19701127711167,153.27356071194336,153.8447723388672,4842500
2024-10-29,153.71148970536208,154.38740844498867,152.37866743415043,152.4072265625,5216900
2024-10-30,151.7979630946071,153.540142810695,151.39812071285994,152.9022979736328,5820500
2024-10-31,152.31204411339957,153.14980280976587,151.8074801113953,152.1882781982422,8613900
2024-11-01,152.87372924616452,153.33068986426392,152.20732531841202,152.44532775878906,5256400
2024-11-04,152.03596809759836,152.58813554636393,150.48420194097307,150.6460418701172,4644000
2024-11-05,150.103358312384,150.97920543868358,148.84671314039386,150.750732421875,6547100
2024-11-06,152.22636357578656,153.13078452105938,149.79875016926215,150.30331420898438,8926600
2024-11-07,150.8649829938127,151.1315445559476,148.9990375323527,149.20848083496094,7522800
2024-11-08,149.46553066371757,149.54169318685553,147.9518386484552,148.0089569091797,8926100
2024-11-11,148.1517462316955,150.017691652569,147.47582747331106,147.59957885742188,7146800
2024-11-12,147.1140714790717,147.5995912417409,145.05772684920825,145.3147735595703,7181400
2024-11-13,145.18147866463096,146.14300322820864,144.1533064495947,145.88597106933594,7161900
2024-11-14,145.82884121824145,146.21916868788168,143.52497945037655,144.5817108154297,7716400
2024-11-15,143.65826112387532,147.01885427771643,143.65826112387532,146.6094970703125,11328500
2024-11-18,145.26717091073542,147.87568297459592,145.0196535939596,147.34255981445312,7510600
2024-11-19,146.56190763670477,146.59999616403024,144.75309480470148,145.65750122070312,8233700
2024-11-20,145.6860445113977,145.89548780936272,144.52459150505186,145.76220703125,9061300
2024-11-21,146.24773832050025,148.5706445169231,145.47661271996174,148.0375213623047,10141100
2024-11-22,148.4183212372567,149.57977434933565,146.71423009578947,147.72335815429688,8266000
2024-11-25,147.72336582104774,149.50361958169478,147.69480668783544,148.30409240722656,12256200
2024-11-26,148.89907133191147,148.98543618637723,146.97977424738485,148.28489685058594,5683500
2024-11-27,148.39044524651356,150.30974215604897,148.36165696431638,149.12936401367188,4140400
2024-11-29,148.63994331083506,149.38846790760743,147.9489952764186,148.75509643554688,5687800
2024-12-02,148.50560351417397,148.7455156361678,147.7186847253588,148.5535888671875,6946500
2024-12-03,148.55359616010614,148.55359616010614,146.1640660362323,146.21205139160156,8674400
2024-12-04,145.18523495155404,145.4443441820041,143.70738250266044,144.39833068847656,10333100
2024-12-05,143.9472757418836,144.31194685954674,142.93964188307558,143.4866485595703,7898100
2024-12-06,143.36189937523835,143.9952709461681,142.392659590446,143.28512573242188,8389600
2024-12-09,143.26592743161854,144.8013709886229,142.4502349394584,143.5634307861328,8410300
2024-12-10,143.88010986675965,144.74380240639618,142.34468086808772,143.20835876464844,9398700
2024-12-11,142.50780139932587,142.50780139932587,140.46374542074378,140.7228546142578,13446700
2024-12-12,141.2602588935812,141.80726557741076,140.11827481449086,140.33900451660156,6176300
2024-12-13,139.78240469332957,141.00114775114912,139.18741266319162,140.7036590576172,8324900
2024-12-16,140.809249486894,141.30827091037423,137.72878536360594,138.04547119140625,8732400
2024-12-17,138.03583262997142,140.74204834835027,137.9110882859631,140.50213623046875,10343000
2024-12-18,139.8016000744245,140.81883988373258,138.83236026648265,138.9091339111328,9336100
2024-12-19,138.32374730354692,139.36016953886508,137.58481378850914,137.78634643554688,9516700
2024-12-20,137.27772745735842,139.60007518190608,136.9898299648943,138.6404266357422,17702800
2024-12-23,138.79398282539262,139.465733922206,137.66158985384234,139.4081573486328,8720800
2024-12-24,139.14904504151625,139.96475219726562,138.50608224573483,139.96475219726562,3164100
2024-12-26,139.6384450191473,140.46374329746843,139.2353944148147,139.70562744140625,4656300
2024-12-27,139.02426189561788,140.68446420494374,138.84192635295773,139.19700622558594,5588300
2024-12-30,138.99548779121798,139.03388193204813,137.1817526784633,137.55601501464844,6268700
2024-12-31,137.95906448886848,138.83234814707063,137.52722558809984,138.78436279296875,5811400
2025-01-02,139.36975418661507,139.8879726013951,137.97826672401828,138.20858764648438,6051300
2025-01-03,138.25656622629964,138.73639047561466,137.82471268745692,138.37171936035156,5878800
2025-01-06,137.71915733581497,138.9763092291661,137.1625594228921,137.8631134033203,7910500
2025-01-07,137.9590585903311,141.24105459615257,137.79592010781911,140.3293914794922,8422000
2025-01-08,139.61927487028785,139.71523094085825,135.7326952568487,136.52920532226562,11175600
2025-01-10,135.31044214184166,137.87270194863527,135.00334758490075,136.32766723632812,8821500
2025-01-13,137.2105450304511,139.2162216206704,136.56758226169026,138.6404266357422,10376400
2025-01-14,138.66922176275435,138.96671048385156,137.09539865511462,138.9091339111328,8681700
2025-01-15,139.4465315164206,140.15667673050484,138.43889758820282,139.12025451660156,7434600
2025-01-16,138.4964817621477,142.09516372064633,138.24696377479086,141.80726623535156,8964000
2025-01-17,141.49058160401492,142.39265356509358,140.69407156695766,141.0971221923828,10773100
2025-01-21,141.60574686831652,142.8532929927474,141.11633134761914,142.17193603515625,11111700
2025-01-22,138.18939951672274,139.6000841415687,136.37566423378877,139.4081573486328,16834700
2025-01-23,139.57127934974673,141.94161230204338,138.96669611257198,140.7228546142578,10506400
2025-01-24,140.8859782509478,141.67289696198034,140.47333647058124,140.8955841064453,9887300
2025-01-27,142.4598157014795,147.25805816123344,142.02797680871643,146.7206573486328,15152300
2025-01-28,146.49994816140304,146.7974368629274,144.2351770439948,144.31195068359375,10320600
2025-01-29,144.42709190788477,145.75141145634518,143.9472676822772,145.0508575439453,7156400
2025-01-30,145.78022259330496,147.9202348749573,145.25241293377397,146.70147705078125,8911000
2025-01-31,146.4615492717637,146.99895008845922,145.92414845506815,146.01051330566406,8457800
2025-02-03,145.86656501508298,146.31760095993073,144.69579272970026,145.74180603027344,6687500
2025-02-04,145.25239184336863,147.9585928927294,144.8589324594774,147.29644775390625,9645000
2025-02-05,147.61313905660595,148.4864080614376,147.12370895084118,148.44802856445312,8947000
2025-02-06,148.54399228036223,148.59197763637022,147.19089895661585,147.31564331054688,7418100
2025-02-07,147.33483513737792,148.2561041534855,146.63429582243552,146.94137573242188,6204900
2025-02-10,147.4116063357853,148.14093392262154,146.14486328998797,148.0161895751953,6936200
2025-02-11,147.8914314599803,150.07942887651248,147.72829297155434,149.82992553710938,7554500
2025-02-12,149.00461623186942,149.37887853486555,148.0449677992565,148.99501037597656,7746000
2025-02-13,148.99503343196258,151.7492348170456,148.54399742739386,150.9047393798828,10704700
2025-02-14,150.9431045276824,151.11584887025626,149.76274098521094,149.84910583496094,6411800
2025-02-18,149.1042619190336,150.37146199599803,148.23367072791967,149.92649841308594,9670700
2025-02-19,149.93616706059515,153.12835937587795,149.69433453307806,152.73175048828125,7974700
2025-02-20,151.82247990187116,154.72447065409662,151.82247990187116,154.46328735351562,7224000
2025-02-21,154.6567435562885,158.1681418378064,154.0763395829984,156.9976806640625,12546900
2025-02-24,157.36525792585152,159.48371326496002,156.7558499830282,158.39064025878906,10201900
2025-02-25,158.73887147113874,160.9927375605223,158.58409511641713,160.66384887695312,12303700
2025-02-26,159.68684205387544,159.7352115071084,157.24916626172592,157.75218200683594,11396400
2025-02-27,157.00735910260886,158.59378000687653,156.44630582715857,158.38096618652344,8364600
2025-02-28,158.942003842658,160.51875660388393,157.38460181600456,159.62881469726562,12037200
2025-03-03,159.57078889788036,161.86335664243504,159.4546992422602,161.8149871826172,9191500
2025-03-04,162.58886424242598,164.43646849479492,159.91903816381347,160.01576232910156,11999700
2025-03-05,159.13548341667513,161.02178908560785,158.1875039682792,159.72555541992188,8744800
2025-03-06,159.609482937494,160.45105548787242,158.16815562635495,160.41236877441406,8037900
2025-03-07,159.73523004513686,162.9564411685286,159.31927041140122,161.2442626953125,9637600
2025-03-10,162.00845388047253,164.34939113713583,161.59250898937893,162.2212677001953,17559000
2025-03-11,161.73760994444348,161.8343488706259,159.65785587411196,160.44139099121094,9890300
2025-03-12,158.3809646338741,158.84529374297648,156.92996937857492,157.52972412109375,8010700
2025-03-13,158.09075873979484,159.16449579270065,157.34592515447991,157.66514587402344,5286700
2025-03-14,156.82356763097957,157.8199165582549,155.83690145230864,157.49102783203125,6235800
2025-03-17,157.10408991917342,158.15847621815908,156.44629775557772,157.52003479003906,6669800
2025-03-18,158.1004523161623,159.47405944688208,157.64580593539665,158.8839874267578,7348800
2025-03-19,158.61312528460667,158.9903834512878,156.91062954066115,157.66514587402344,5936400
2025-03-20,157.67481735458355,157.86828043609006,156.63976699007893,157.6941680908203,7485900
2025-03-21,157.67481799117763,158.76790580851875,157.17180216900024,158.28424072265625,17047100
2025-03-24,157.52002668169055,159.01939125771872,157.19113799696544,157.955322265625,8046400
2025-03-25,158.17783162138625,158.8259410562263,155.31452785823248,155.75950622558594,7456200
2025-03-26,155.94331240569394,157.1814939155619,155.39192709130742,156.4366455078125,7223500
2025-03-27,157.04605131212926,158.70986030386553,156.0497024666494,157.80056762695312,6752500
2025-03-28,158.24552839235523,159.145153065683,157.58775100565197,158.3616180419922,5760300
2025-03-31,159.00003597141426,161.18621133616944,158.86461035450523,160.42201232910156,12481400
2025-04-01,155.47897263911065,156.52369098418785,148.1272722719447,148.24334716796875,23303100
2025-04-02,148.97850699856625,150.70035343748125,148.436804491081,150.28440856933594,10356900
2025-04-03,153.56365877809012,155.40158012864245,152.3351453749852,154.5987091064453,13249300
2025-04-04,153.96026564233253,154.59870706483335,147.93378835947183,148.23367309570312,16601700
2025-04-07,146.3377059768481,147.7209957862234,142.58446021857634,145.6992645263672,18083000
2025-04-08,148.57222940634315,148.57222940634315,143.1648575846354,145.09951782226562,12018400
2025-04-09,137.55435179128617,148.18531602643375,136.87722360185043,146.037841796875,18773700
2025-04-10,145.4574441517095,146.2603300259317,140.38864311678157,143.83233642578125,13830500
2025-04-11,144.45140861090906,147.3727497065952,143.34865286436727,146.7729949951172,9943900
2025-04-14,146.63758406137615,149.6169629011498,146.23130714144625,149.3170928955078,10685300
2025-04-15,150.61332133248166,151.19372540339688,147.13094118785625,148.6012725830078,10847700
2025-04-16,150.29408394503258,150.54559923607638,147.26635054679667,148.8817901611328,7986900
2025-04-17,149.12360974458923,154.23111142279075,149.12360974458923,152.32546997070312,10981100
2025-04-21,152.79947337039977,153.06064187730914,150.410166775653,151.79344177246094,6285400
2025-04-22,152.40286566048607,153.53464014675,151.15500152107364,152.59632873535156,7136300
2025-04-23,151.377493722798,151.9675656783417,149.28805714969707,150.3037567138672,9099400
2025-04-24,150.710056596656,150.80678076592883,148.42715660572296,149.86846923828125,8310400
2025-04-25,149.27840668298583,149.83944522171166,147.46948913401275,149.5299072265625,8643600
2025-04-28,150.41984337911984,150.71971337404963,148.7947357574537,150.27474975585938,5815200
2025-04-29,150.37145843491794,151.89017375000978,149.2493519962841,150.81643676757812,5246700
2025-04-30,153.03163792568353,153.03163792568353,149.95553490953938,151.20338439941406,9598200
2025-05-01,149.9361701349967,150.02322630421926,148.3497493123669,149.413818359375,7325800
2025-05-02,150.97122232750266,151.59998101560734,149.97485870190687,151.0195770263672,5974500
2025-05-05,151.55162747956874,151.6677023854978,149.6750044455121,149.93618774414062,5464100
2025-05-06,149.76206389500825,150.80676748879304,148.66897608041438,149.42349243164062,8644200
2025-05-07,149.68466333398126,152.7801166677254,149.4524987988433,152.16102600097656,7853100
2025-05-08,150.72939184579346,151.89985306765084,149.72336021877442,150.57461547851562,7606100
2025-05-09,150.34246448123574,150.96155524587235,148.78506220078125,149.18167114257812,6520400
2025-05-12,147.05352818556858,150.28440722654932,146.2409596713147,149.10426330566406,9023800
2025-05-13,146.74399107394777,146.74399107394777,143.24226040914402,143.5904998779297,10549600
2025-05-14,143.81297578397934,143.95808416684352,141.34628087815992,141.5784454345703,10216000
2025-05-15,143.16487253592385,144.7609614945403,142.51676305986737,144.72227478027344,7945800
2025-05-16,144.7802911485082,146.55050696426127,144.34499556502792,146.3860626220703,8051200
2025-05-19,146.9277747214511,147.6726230638918,146.1152209443994,147.5081787109375,12639900
2025-05-20,147.35340274928245,149.00752903136188,147.15025692431985,148.63995361328125,7351500
2025-05-21,148.18529615062693,149.3847759938042,148.00150107522768,148.1756134033203,7032200
2025-05-22,147.66293903016444,148.31106320890513,146.42475763964194,147.62425231933594,7535300
2025-05-23,148.00150363022289,148.46581794010436,147.23731935437036,147.94346618652344,6727300
2025-05-27,148.80202058666853,150.2849567928587,148.22639171638167,149.51422119140625,6990700
2025-05-28,149.54347302016777,149.89469785047893,148.22637618479501,148.7141876220703,8459300
2025-05-29,148.05078976999448,150.28495988254767,147.8654190187034,149.836181640625,6810600
2025-05-30,150.14837399962022,151.9142641375451,149.48495750417268,151.42645263671875,15529700
2025-06-02,150.7142298159004,151.74838776559352,148.58737892114664,151.61180114746094,6669300
2025-06-03,151.02644218444954,151.86547855329525,150.32399243905195,150.65570068359375,8209800
2025-06-04,151.15324637130513,151.15324637130513,149.3971370884156,149.4849395751953,6983900
2025-06-05,149.9337320877222,150.33374108147183,148.91909074097882,149.9142303466797,5295400
2025-06-06,150.2459335321907,152.22644691962358,150.2459335321907,151.25082397460938,5391500
2025-06-09,151.0752267540242,152.1874363730245,150.6849686238681,151.44595336914062,5319000
2025-06-10,151.64107558271036,153.60208733818877,151.2410814671241,152.63621520996094,6791600
2025-06-11,152.48987597049666,152.7825658442017,150.95814073397457,151.4752197265625,6016000
2025-06-12,152.43133511798572,152.86059671119577,151.38741141546242,152.84109497070312,7075500
2025-06-13,152.16791179270558,153.82646782042488,152.16791179270558,153.27037048339844,6587500
2025-06-16,152.6069476236472,152.68499924993841,150.68496912584888,151.4362030029297,7024000
2025-06-17,151.19229575906564,151.49473650368915,148.3922625451089,148.66543579101562,6407100
2025-06-18,148.8508064155057,148.92884315413448,147.03614706246643,147.05564880371094,8325200
2025-06-20,147.57274749693923,147.70933413801163,145.4068629836292,146.13858032226562,22605500
2025-06-23,146.0897853209143,147.7385755950332,146.0897853209143,147.6312713623047,7397900
2025-06-24,147.80687455609248,148.99713572696209,147.29954646191248,148.4800567626953,9544200
2025-06-25,147.68981633757784,149.33862160994235,147.0556524476084,148.56787109375,7153700
2025-06-26,148.97762559532833,149.4849537116276,147.83614849877387,148.304443359375,7156900
2025-06-27,148.30444402383372,149.59227350478832,147.32882104256214,148.6947021484375,10010800
2025-06-30,148.45081416766254,149.24106649516696,147.8264159804024,149.02642822265625,9039300
2025-07-01,149.27032317180044,153.90453255131712,149.08495241472764,152.119140625,10896700
2025-07-02,152.19717502486566,152.48986487727834,151.2898528578931,151.7678985595703,5544000
2025-07-03,151.64107656777378,152.47036207700722,151.10449582432045,152.20693969726562,3482500
2025-07-07,152.2167025917727,152.53865996388424,151.11424385273855,151.4849853515625,6270900
2025-07-08,150.71423061646016,152.93864977319205,150.450823135907,151.99229431152344,6438200
2025-07-09,151.99230678299833,152.8703764506989,151.28987189039452,152.47036743164062,6147400
2025-07-10,152.29475604694676,155.3582116672941,152.0215827982655,153.8459930419922,6732900
2025-07-11,153.2605965614863,153.34839904894577,151.39715326456326,153.07522583007812,7872000
2025-07-14,153.04596161900963,153.63134132161767,151.7288796183779,152.9971923828125,10185600
2025-07-15,152.54841441792806,153.3581833025349,151.02644490443114,151.38742065429688,6873200
2025-07-16,156.39236630434038,162.07048429346574,155.9045548154852,160.76315307617188,22134800
2025-07-17,159.20215592676115,160.68510707307274,158.34361779938138,159.0070343017578,11295700
2025-07-18,159.93387704486614,161.0753690966727,159.37777965584667,159.70948791503906,9792600
2025-07-21,159.77777956944612,160.899740041481,158.81190746019132,160.3533935546875,8254000
2025-07-22,160.97779647556757,163.96320050104055,160.69487235317746,163.83636474609375,9288000
2025-07-23,164.490032770855,164.9973459784646,162.52902114423384,164.97784423828125,10617600
2025-07-24,165.36810074328554,165.84616137902782,164.76321923886425,165.4266357421875,6636900
2025-07-25,165.61200757880374,165.73884333513735,163.3583207853967,164.19735717773438,6254900
2025-07-28,163.76808146723806,163.84613309560726,161.0265831506335,162.16806030273438,8014600
2025-07-29,162.60707869014607,164.66564375316304,162.31438882166105,164.01197814941406,7663400
2025-07-30,163.61196997244835,164.499790452766,162.71439862163524,163.1826934814453,6189200
2025-07-31,161.88509983395596,162.99732422569133,160.2265438896949,160.72412109375,11036200
2025-08-01,161.44609847911997,163.53393121495887,160.77291619133743,163.25100708007812,8927800
2025-08-04,162.9583017254687,167.01689680960575,162.57780936675738,166.87054443359375,12679100
2025-08-05,166.38274434466635,167.3778839997418,165.51444044678632,166.577880859375,7934400
2025-08-06,165.76810208205814,167.9827555011224,165.54369808088197,166.4315185546875,8957200
2025-08-07,166.99739266658,167.43642005378715,165.77786387610124,167.34861755371094,9315900
2025-08-08,166.85103452522807,169.71936826748328,166.23638732708073,169.10472106933594,7686800
2025-08-11,169.17301943585167,170.34377892586957,168.83156032361754,169.58279418945312,7256800
2025-08-12,169.75839167169318,170.49985974732417,167.62177504979545,168.56813049316406,7916700
2025-08-13,168.78278419801117,170.28523711407902,168.49009431163208,170.1681671142578,5878700
2025-08-14,170.0608369580466,171.4364689140486,168.5096000136997,170.46084594726562,8241700
2025-08-15,171.2901365456328,172.94869266139256,170.69500592262676,172.33404541015625,9477600
2025-08-18,172.19745799396054,173.24138174050665,171.80721475210385,171.95355224609375,9284000
2025-08-19,171.7486533994501,173.83648586630534,171.69011840576272,173.46575927734375,9274200
2025-08-20,174.1487147089303,176.20727994325964,173.660903183135,174.4804229736328,9030000
2025-08-21,174.19749541661915,175.69019746528133,173.81700302944694,174.56822204589844,8859600
2025-08-22,175.6511661348864,176.74387406623362,173.14382265519245,174.91944885253906,9524000
2025-08-25,175.14385527414382,175.86580680839708,173.94382819611357,174.0609130859375,6229100
2025-08-26,173.70710234835255,174.11004745781355,172.74397805899144,173.4515838623047,9145000
2025-08-27,173.9233078663175,174.63091363627115,173.12725512414355,173.74639892578125,5951100
2025-08-28,173.33363348366888,173.45157777748108,171.62359868239827,172.42947387695312,6424700
2025-08-29,172.94051986330464,174.35573137148032,172.4294679306645,174.11985778808594,6942300
2025-09-02,174.4146983239466,176.1149106462827,173.84468173694643,174.99453735351562,9049000
2025-09-03,174.6112568259705,175.22057819566584,173.4908835031877,174.93557739257812,7111700
2025-09-04,174.93558453686083,175.82008430293442,174.493334653824,175.6824951171875,7854800
2025-09-05,174.93557956719528,176.41957824245722,173.5203679848044,175.35816955566406,9733800
2025-09-08,174.30659126581332,176.36060646744886,173.65795015074036,175.06333923339844,8382500
2025-09-09,174.935586890376,175.02403386895398,173.41226838733596,173.9134979248047,6005700
2025-09-10,173.26485563285135,173.56951633226447,171.3287695795717,172.7636260986328,6891600
2025-09-11,172.7243150128704,175.7709518877805,172.60638571317708,175.42697143554688,5792500
2025-09-12,174.65057191045906,175.72180299819078,173.6776102367026,174.99453735351562,7220200
2025-09-15,174.69970438163585,175.90853967831688,173.8839917409838,174.3459014892578,4768100
2025-09-16,174.51297957224742,174.5621067802972,172.626020906526,173.42208862304688,7959300
2025-09-17,173.66779837849663,175.43679789881932,173.5498540800044,174.14935302734375,6714900
2025-09-18,173.5596932002785,173.9724607587581,170.87668157601635,171.1616973876953,8200900
2025-09-19,171.6825620861038,174.1100400871322,170.34597506932738,173.15673828125,25621000
2025-09-22,173.0584546641959,173.5989889374499,171.12236871932896,171.21083068847656,7193900
2025-09-23,171.87911622148897,173.92330901529326,171.82015157295257,173.54002380371094,8350400
2025-09-24,173.1076132585804,173.90366608360205,172.71450556595894,173.6481475830078,6676800
2025-09-25,174.14933742494836,175.32867533153635,172.88155254948768,174.6702117919922,8475000
2025-09-26,175.52524370855838,176.81268846148026,174.2672812785206,176.6161346435547,8634400
2025-09-29,176.73407855455278,178.73895165698912,176.70459622922994,178.49325561523438,8597100
2025-09-30,178.57188582113764,182.78803842940496,177.95274197359174,182.22784423828125,11569000
2025-10-01,182.79785791373442,183.34821465646485,180.7438425717239,182.8470001220703,13063800
2025-10-02,181.019021152065,183.3776971939459,180.92073673527972,182.7781982421875,7728100
2025-10-03,183.83960944789652,186.51278366279104,183.69219781682014,185.3924102783203,8675100
2025-10-06,184.7634204923522,186.6503642638064,184.14426167812178,184.92066955566406,5806100
2025-10-07,180.60624213956396,185.97223504313797,179.7905295194919,185.63809204101562,8776800
2025-10-08,185.6184262544334,186.9451907741919,185.02876479817024,186.42431640625,5751200
2025-10-09,186.72899654616978,188.7928493485398,186.46364061532867,187.7904052734375,7484800
2025-10-10,188.7043847234836,188.76336437091723,186.5815822948636,187.4365997314453,9598000
2025-10-13,186.56192359331942,188.0066175446105,186.0213892924798,187.61349487304688,7979500
2025-10-14,189.59871697072126,191.05323331805099,182.6799231328508,187.56436157226562,13613300
2025-10-15,188.18352118721785,190.2375516361476,186.0410587522667,187.8788604736328,9473000
2025-10-16,188.04591430941218,189.72648179210694,187.1515771402817,188.81248474121094,10611800
2025-10-17,189.18596410164966,190.26703275209798,188.3800738356614,189.89356994628906,7764400
2025-10-20,190.16871977405776,191.13184397504045,189.01886419821113,190.3849334716797,8034700
2025-10-21,189.68716554341688,190.21787738824742,188.46852278110242,188.57662963867188,6716000
2025-10-22,188.69455817842297,190.1195922071137,188.4783444641558,189.61837768554688,6343100
2025-10-23,189.24491059611512,190.6601221495905,188.24246657972077,189.15646362304688,8882500
2025-10-24,188.89109994038998,188.99920679061546,186.15896135770447,187.12208557128906,6903400
2025-10-27,186.71915829526654,187.51521102429962,186.26707100677734,187.02381896972656,7126000
2025-10-28,186.00172668504106,186.2474227276328,183.40717707511635,183.7118377685547,8329500
2025-10-29,183.4857816157027,183.87890423867273,181.48090872488723,183.38751220703125,10551100
2025-10-30,183.85924801939953,186.1196544091771,183.69217652484616,185.7953338623047,7072500
2025-10-31,184.23272445795735,186.23759753765293,183.54476355197036,185.61843872070312,8791700
2025-11-03,185.7462092852839,185.77569161087956,182.32612455131903,183.05337524414062,7542600
2025-11-04,183.6135688219617,184.58653055172488,182.4243933744734,183.64305114746094,7209400
2025-11-05,183.42683281749487,184.59634835321097,182.2081750751503,182.7978515625,5049400
2025-11-06,183.5447683915115,184.29169396716964,182.17869897867467,183.75115966796875,6767400
2025-11-07,184.50791850471418,185.10741749059588,182.50303025851102,183.35806274414062,6959200
2025-11-10,182.79785316025624,185.1761890201216,181.93299830354297,185.16636657714844,5323800
2025-11-11,186.1294931418327,190.58150422711145,185.79535012348111,190.49305725097656,7465600
2025-11-12,190.0311447751098,192.18344447353272,189.74614396849537,191.0434112548828,8803000
2025-11-13,190.86652189255162,192.62569897367158,190.11959631943768,191.88861083984375,8631600
2025-11-14,191.64291792168322,193.78538026750178,190.2178838389208,192.55690002441406,8824800
2025-11-17,193.56916860880608,196.8320041184873,192.5274048355465,196.14405822753906,13257000
2025-11-18,195.58387723766617,196.85167724696106,195.11214502299904,196.5568389892578,12468600
2025-11-19,196.55683769104098,199.97692246795802,195.94751629294967,199.02362060546875,14690800
2025-11-20,198.52238842306767,200.98917111824514,198.09979845771855,199.573974609375,10612600
2025-11-21,200.44865859984768,203.3773511207127,199.49535679003293,200.38967895507812,13189100
2025-11-24,200.20297413908787,202.57147264227206,199.50519076522252,202.502685546875,14803900
2025-11-25,202.92794482022794,205.44007432722765,202.92794482022794,204.40159606933594,10275300
2025-11-26,204.22358194574548,205.52908584700302,203.6796156988426,205.28182983398438,6729000
2025-11-28,204.72798848496785,205.18294621066644,202.38400619964904,204.64886474609375,5638300
2025-12-01,204.23346843115957,205.42029428513683,203.08619689941406,203.08619689941406,8473700
2025-12-02,202.98731188517345,203.3532459732576,200.870800913071,203.1653289794922,8393600
2025-12-03,203.64004506291835,204.7477622566812,202.74004465032948,203.07630920410156,8363300
2025-12-04,202.34442494855622,202.6114656652222,199.49604597225286,200.25758361816406,9049900
2025-12-05,200.7521013377821,201.21694385760424,198.6059209186059,199.713623046875,7785300
2025-12-08,200.4356216823513,201.02902706966685,198.78395329612633,199.4070281982422,7785700
2025-12-09,200.69276157197945,203.28399979452115,197.7158045675227,197.7652587890625,7509400
2025-12-10,198.38833529328133,204.53018143025886,197.98283180120782,204.2730255126953,11599800
2025-12-11,205.61809939160463,208.9214512752855,205.54887555375637,207.70494079589844,9009000
2025-12-12,207.9719714336103,209.94013468251453,206.66646756392336,209.25770568847656,6922700
2025-12-15,208.04122593814026,212.82809897096232,206.71592217177204,211.8192901611328,8467000
2025-12-16,211.65115682105406,212.37314018651233,206.51811934148523,207.00274658203125,9949800
2025-12-17,207.09175353970042,209.1983796799915,206.17196838010346,208.0214385986328,8457600
2025-12-18,207.4972566705998,208.7434215885478,205.47963908004408,206.0236053466797,7499900
2025-12-19,205.2818299532778,206.94339820920948,203.76862436002912,204.10488891601562,24803900
2025-12-22,203.86753830110726,205.79613223753498,203.24444830191146,205.0444793701172,8187800
2025-12-23,202.76972468229533,204.263145636555,201.0488173198817,203.52137756347656,7047300
2025-12-24,203.73895852778904,205.65766763921368,203.31368542129266,205.49942016601562,2376500
2025-12-26,205.25215052295067,205.75654733256223,204.44115868643942,205.35105895996094,2316700
2025-12-29,205.71700283150668,207.17086939536102,205.10381274843945,205.28182983398438,4348900
2025-12-30,205.23236714396373,205.41039931347132,204.25324303125262,204.6389617919922,3937400
2025-12-31,204.6389735094918,205.2224940876339,204.1048920616966,204.67852783203125,4083800
2026-01-02,204.54996091774888,205.11369677781147,201.44441091836137,205.0741424560547,6325500
2026-01-05,203.61038001401067,203.6796189425871,198.70482908872975,202.0675048828125,9477000
2026-01-06,202.3543344281176,204.4411758573138,201.87959200016542,202.542236328125,8107900
2026-01-07,203.00708135778572,205.9741536581461,202.7796100403249,205.21261596679688,7545900
2026-01-08,204.6587403592623,206.68624268930276,202.72026166352438,203.49169921875,6557800
2026-01-09,203.6499578336023,204.43128023925763,201.77080297238516,202.14663696289062,6154300
2026-01-12,203.29389293263304,207.59613841994204,201.6125550953637,207.41812133789062,11794300
2026-01-13,207.6060372129626,212.0368606301377,206.56755896593322,211.3049774169922,11379600
2026-01-14,212.37313538945378,216.45780964823578,211.7994996150229,216.15121459960938,11858800
2026-01-15,215.83471521828713,217.33803600690493,213.5401872590057,217.16001892089844,8492100
2026-01-16,216.63582865534352,217.6940916687404,215.74571301652978,216.260009765625,10021500
2026-01-20,214.70723940497442,216.32923833406923,212.14567059407463,215.81495666503906,14057100
2026-01-21,208.68408811532706,216.2797860692503,208.18957605818176,215.6171417236328,14762900
2026-01-22,216.3687986995512,219.731474480514,215.7061543876507,216.0918731689453,13160000
2026-01-23,217.38749032599776,218.78201786558222,215.44899653785455,217.7237548828125,6950600
2026-01-26,217.79299511138254,219.59301105490832,217.58529341839787,219.05894470214844,6856700
2026-01-27,219.56334137834915,223.0249255892691,218.27760708174557,221.9765625,8154100
2026-01-28,223.91504676014566,226.0612423044947,223.5985669004937,225.22056579589844,9026500
2026-01-29,226.29859362973275,227.47553468029685,224.58758622487807,224.79527282714844,9645300
2026-01-30,225.7546309332309,225.9920021451608,222.8567976243886,224.75572204589844,11045500
2026-02-02,225.8139792081263,228.65247341332187,224.75571622672862,228.21730041503906,8187500
2026-02-03,228.95907459996246,232.61846067897852,227.9502658124434,230.54151916503906,9346600
2026-02-04,232.42065065293195,233.2415424215143,230.3832635341583,231.89646911621094,8641400
2026-02-05,232.4206527224898,236.95038470140014,232.41076791481981,235.18002319335938,10267500
2026-02-06,236.3372023941143,238.29546586018128,235.36794792342116,237.35589599609375,8274000
2026-02-09,237.61303555143124,238.09766278417874,234.43826161002661,236.0207061767578,9378500
2026-02-10,237.3459856469766,237.86028237497558,235.26904421116984,235.73388671875,6723300
2026-02-11,236.7130182930035,238.61194270447737,234.79430917447928,238.21633911132812,6803900
2026-02-12,237.84050942813226,243.64609111049592,237.04928713623855,241.8658447265625,10254300
2026-02-13,241.90539516837612,242.26144443944952,239.9471317231273,240.7779083251953,13268500
2026-02-17,241.450447727279,241.80649699124882,239.21524370129245,240.6592254638672,12703000
2026-02-18,240.5702180251247,242.3801338676713,240.15482973047114,242.30101013183594,8129700
2026-02-19,241.93504723210512,244.24937487280008,241.58889788520008,244.19992065429688,7553900
2026-02-20,243.76475689710122,244.170260376332,237.6426956610537,239.8284454345703,13565800
2026-02-23,240.95592795431625,244.10101710886994,239.93723441623308,243.14166259765625,9622700
2026-02-24,243.94705977412517,245.83618923451164,243.14167872556501,244.87173461914062,7246300
2026-02-25,243.4598567160501,245.83618975331572,242.32637600311875,243.76808166503906,7698200
2026-02-26,243.70842620154187,244.0663682763732,240.6360989093031,242.0778045654297,7172600
2026-02-27,242.63459590951953,247.51652337921405,241.11334590987298,247.00942993164062,16428600
2026-03-02,247.76508953624906,250.27068397455253,245.45834842794568,247.13868713378906,9042400
2026-03-03,245.0506999866165,246.46257832712044,242.96270213047706,245.3390350341797,6178700
2026-03-04,244.34476266176227,245.1600810545075,241.78945104558642,243.8973388671875,5768000
2026-03-05,241.24261118820294,241.61049061943945,234.58091062648668,238.259765625,9375400
2026-03-06,236.75838349957985,239.41311415382512,234.08376296078876,239.0253448486328,7179800
2026-03-09,239.49265390312758,242.6942425341329,238.66739818305737,241.20281982421875,7844000
2026-03-10,240.91449571542952,243.59905368087047,239.44296282285708,242.31643676757812,7214100
2026-03-11,241.4812160284302,242.2965343871637,239.97985597145382,241.6005401611328,6933200
2026-03-12,240.07928999023173,243.00246573676242,238.92591946160707,240.6559600830078,7710200
2026-03-13,242.81356702435843,244.1856656028509,240.11905664901153,240.13894653320312,6415300
2026-03-16,242.52521416415624,243.65869480615754,240.28808012034816,241.7993927001953,7571500
2026-03-17,242.1871663459089,242.7439617349266,235.86353339492615,236.74844360351562,7281800
2026-03-18,236.50980988406457,237.74272479331552,234.07382247775118,235.92318725585938,6811500
2026-03-19,236.97712235314108,237.8918597954365,234.9587314976836,236.24136352539062,7511500
2026-03-20,235.47576703036307,236.92741000247076,233.1590885516746,234.02410888671875,17156600
2026-03-23,236.04249575836326,236.94729584714173,232.9105141237134,234.07382202148438,7313700
2026-03-24,232.8011393317389,234.65050408093313,230.9120099861425,233.9246826171875,9046200
2026-03-25,235.44593740287846,240.07929431329362,234.38204857588565,238.5580291748047,6456400
2026-03-26,238.62764275887116,240.26820173422362,237.5637539025668,237.8719940185547,5171400
2026-03-27,239.8108319839459,241.2923021698431,237.7626138844777,239.07505798339844,7617600
2026-03-30,242.09769065335334,242.8135747917876,239.13471984701397,241.10340881347656,7241300
2026-03-31,241.6204206888047,243.92716180378,241.2624786251546,243.04225158691406,7554200
2026-04-01,244.1956233482748,245.78646517225613,242.34625853888824,242.7240753173828,6314600
2026-04-02,243.70842400047428,245.7964219467219,240.48694535608743,241.65025329589844,6878700
2026-04-06,241.26247293527413,242.12750841875737,239.12477313181626,239.5920867919922,4442400
2026-04-07,239.4031807823271,239.4031807823271,234.66045214638598,237.04673767089844,6241100
2026-04-08,235.28685476163636,239.95003903356442,232.56251704958862,239.9202117919922,8771100
2026-04-09,239.92020790715435,242.80361913705298,239.164544008795,239.93014526367188,6216500
2026-04-10,240.61620179277648,240.87470960567668,236.54959276728223,237.09645080566406,7354500
2026-04-13,236.35073374880298,237.02683809159646,233.83518683278206,236.59930419921875,7663600
2026-04-14,233.66616015209323,240.8051113590548,231.9162296473752,238.72706604003906,10318700
2026-04-15,238.56797895805093,239.0452299768987,235.3962175694789,237.30523681640625,6463500
2026-04-16,236.06238904969683,236.7782731773554,230.79269234336317,233.1988525390625,8668900
2026-04-17,233.01989048398582,234.19313576204675,230.71314935408492,232.84091186523438,8946300
2026-04-20,233.46731645339545,233.91474024714643,228.2175095512339,229.37088012695312,7810500
2026-04-21,228.03853688190875,228.3765890527153,223.41511740932572,224.8667755126953,11681200
2026-04-22,224.88665810207786,226.179227521564,222.50038776728556,224.80712890625,9003400
2026-04-23,225.95054827447007,230.06687448765834,225.73180505581692,229.3311004638672,7097600
2026-04-24,227.72036189515308,228.67487910891896,225.72186091736185,226.19911193847656,6067500
2026-04-27,224.47901697917217,226.60677952616038,223.0671385761741,224.0514678955078,7897800
2026-04-28,226.42780279148377,229.70893595019464,225.0755788606257,226.48745727539062,7179800
2026-04-29,224.2304350257485,227.4021963844683,223.57420539879897,226.0499725341797,7071100
2026-04-30,226.64654568129225,229.83819710946466,226.5073468285346,228.5356903076172,8157200
2026-05-01,227.75018650912293,228.4561332620675,225.72185831412563,225.89088439941406,6863600
2026-05-04,224.22049078306688,225.7715831872257,222.30153412698715,222.91798400878906,8215200
2026-05-05,224.10118043151417,225.23466110768987,223.61397687442042,224.26026916503906,5556700
2026-05-06,223.9619889745702,225.0457525608476,221.67513766216507,223.33558654785156,7982300
2026-05-07,223.49466434064516,223.49466434064516,219.36840089217355,221.23764038085938,7269700
2026-05-08,221.6651903038654,222.09272420205565,219.65673678916983,220.05445861816406,5550600
2026-05-11,220.05446192273791,222.003245813697,219.1098820469021,220.163818359375,6223200
2026-05-12,221.7248410111843,226.34824530446224,220.38255451492364,222.97763061523438,8632500
2026-05-13,224.52872968620946,229.4802489417275,224.15089773666944,229.1024169921875,7464500
2026-05-14,229.67910846360988,230.43475721152035,227.84963349190846,229.48025512695312,6974400
2026-05-15,229.4504169649123,230.81257818629632,225.14517491785094,225.41363525390625,12167000
2026-05-18,225.41363810532903,228.38653103757844,224.5684924896482,227.61099243164062,10141600
2026-05-19,227.6308781704825,229.52996005341413,226.73601544578764,228.684814453125,9677900
2026-05-20,230.36515581180683,230.67338074656544,227.8595613935984,228.0087127685547,7353800
2026-05-21,228.00871482343763,230.5640112181241,226.04997841934332,230.40492248535156,5239000
2026-05-22,231.667665991262,234.15337056198368,231.3892682930641,233.0,5462300
2026-05-26,233.0,233.24000549316406,229.0800018310547,230.17999267578125,6619600
2026-05-27,229.97999572753906,232.88999938964844,229.02000427246094,231.2899932861328,5835500
2026-05-28,230.02999877929688,231.8699951171875,229.72999572753906,230.8000030517578,7193400
2026-05-29,231.22999572753906,231.5,224.58999633789062,225.3300018310547,13897700
2026-06-01,223.1999969482422,224.44000244140625,220.83999633789062,223.50999450683594,8041000
2026-06-02,222.5800018310547,225.5,221.1699981689453,222.88999938964844,5669000
2026-06-03,222.4499969482422,224.92999267578125,222.0,223.24000549316406,6507200
2026-06-04,227.08999633789062,228.6699981689453,225.89999389648438,228.1699981689453,7274800
2026-06-05,230.0,235.22000122070312,229.0,232.77000427246094,8034900
2026-06-08,232.77000427246094,234.9499969482422,230.55999755859375,232.16000366210938,7559800
2026-06-09,232.3800048828125,237.7100067138672,230.41000366210938,237.0,8354500
2026-06-10,238.85000610351562,240.92999267578125,237.0500030517578,238.49000549316406,8350800
2026-06-11,240.0,241.60000610351562,238.13999938964844,238.3300018310547,7399000
2026-06-12,240.0,240.91000366210938,237.52000427246094,240.8699951171875,6459400
2026-06-15,239.0,239.5,233.5800018310547,235.66000366210938,7732000
2026-06-16,236.3699951171875,236.3699951171875,231.02000427246094,235.17999267578125,7718100
2026-06-17,234.02999877929688,235.42999267578125,230.6999969482422,234.1999969482422,8548000
2026-06-18,231.77999877929688,232.75,227.60000610351562,228.38999938964844,18989800
2026-06-22,228.9499969482422,231.4499969482422,227.5,231.2899932861328,8518300
2026-06-23,235.63999938964844,239.8000030517578,234.35000610351562,239.0800018310547,11802000
2026-06-24,239.88999938964844,243.0399932861328,238.75,241.0,8139200
2026-06-25,241.27000427246094,248.19000244140625,240.88999938964844,244.8800048828125,10130400
