Date,Open,High,Low,Close,Volume
2004-01-02,30.528772721854875,30.748403215879733,30.309139834037165,30.384441375732422,2268500
2004-01-05,30.403258737683895,30.8111441511156,30.340505478376812,30.597787857055664,3193300
2004-01-06,30.5915175403561,30.936652131283694,30.52876666702104,30.69819450378418,3170600
2004-01-07,30.7170175177398,30.742118821188793,30.05812386185203,30.30912971496582,4273400
2004-01-08,30.21501336573757,30.340515136718754,29.832226740383582,30.34051513671875,4126800
2004-01-09,30.24637561213398,30.4283564519693,30.1208715021168,30.183622360229492,3622400
2004-01-12,30.24638221136063,30.70447027814704,30.21500677545872,30.57896614074707,3548900
2004-01-13,30.610347340675855,30.74212802634632,30.152259187629976,30.37816619873047,3003600
2004-01-14,30.37815598951262,30.88644659366699,30.365605338247974,30.861345291137695,2986800
2004-01-15,30.81112906071819,30.81112906071819,30.29029042941747,30.616600036621094,3721500
2004-01-16,30.685645757916873,30.96802707724251,30.65426792795417,30.798599243164062,3860400
2004-01-20,30.74839301016916,30.873897133867036,30.62288888647128,30.81114387512207,2975600
2004-01-21,30.77977499955519,31.06215873958264,30.616621279646314,31.00568199157715,2864800
2004-01-22,31.12489937894316,31.306880217517165,30.654260764984592,30.729564666748047,5240600
2004-01-23,30.742128312357337,30.748402443260602,30.38444061225861,30.466018676757812,2630200
2004-01-26,30.52875581798038,31.062145233154297,30.509928647636592,31.062145233154297,2936500
2004-01-27,31.062144393856357,31.093519818526204,30.71073341369629,30.71073341369629,2289100
2004-01-28,30.811141534777562,30.823692185573236,30.114598369056694,30.120872497558594,2760400
2004-01-29,30.214995915512198,31.11234694377426,30.189894618295707,31.099796295166016,3812500
2004-01-30,30.905261236228494,30.942913177671972,30.59150223890638,30.886436462402344,4311000
2004-02-02,30.968022631696726,31.808897126831308,30.936647200030393,31.783798217773438,6383000
2004-02-03,31.783805360182193,32.32346912997479,31.733602743201004,32.25444412231445,5943200
2004-02-04,32.25443337164492,32.78782283342802,32.09755383655675,32.630943298339844,8889300
2004-02-05,30.93665000228901,31.062154134114582,29.386681514688664,29.650238037109375,29156900
2004-02-06,29.80711340904236,30.145973799149942,29.68160929487749,30.120872497558594,10357900
2004-02-09,29.995369742103556,30.033021696196112,29.44315305103932,29.48708152770996,4590200
2004-02-10,29.47452833708651,29.48080246533209,29.085465359690872,29.179594039916992,6185900
2004-02-11,29.08548297441943,29.957735743898123,29.054107526606405,29.731828689575195,5516800
2004-02-12,29.85104269691477,30.17107834210713,29.832217915594796,29.913793563842773,6148800
2004-02-13,29.932619665686392,30.03302248544642,29.637685335357293,29.70671272277832,3165400
2004-02-17,29.963992953300476,30.33422877350131,29.963992953300476,30.120872497558594,5804600
2004-02-18,30.183625140325393,30.59151293700223,30.15224970837918,30.277753829956055,4845600
2004-02-19,30.43463797118984,30.50993949797009,30.120878816847675,30.19618034362793,3929200
2004-02-20,30.309120994816528,30.497375928937604,30.1898934284245,30.202444076538086,3489100
2004-02-23,30.277751041190324,30.35932907177026,30.05812064400411,30.183622360229492,3227100
2004-02-24,29.869855933395897,29.926332649319438,29.63767494295076,29.744354248046875,4688300
2004-02-25,29.650217239029804,29.844748626595436,29.650217239029804,29.694143295288086,4509200
2004-02-26,29.461972207026957,29.813380774421812,29.461972207026957,29.524723052978516,4181700
2004-02-27,29.1796099313566,29.74437753270654,29.1796099313566,29.430618286132812,3555800
2004-03-01,29.430607601758783,29.78201629831973,29.430607601758783,29.650238037109375,3076000
2004-03-02,29.712984785909796,29.838488900332063,29.612581973130357,29.662784576416016,3720300
2004-03-03,29.66905329797904,30.152242494482618,29.543551600220347,30.10831642150879,4156800
2004-03-04,29.9012536321991,30.108333465761472,29.800850780879475,29.964004516601562,4075200
2004-03-05,29.964004421748854,30.723301132061955,29.901253537545028,30.466018676757812,6315800
2004-03-08,31.068451023429073,32.63097370204641,31.068451023429073,31.53281593322754,12315100
2004-03-09,31.626921420811584,31.846551855400918,30.62289076347929,31.14373207092285,7611100
2004-03-10,31.47002826571169,32.00341760155446,31.382173736020878,31.557880401611328,7570300
2004-03-11,31.313162457415096,31.834001373863895,31.250409194486664,31.488866806030273,6368700
2004-03-12,31.532794058113744,31.827728420292726,31.520243405064395,31.771251678466797,4263700
2004-03-15,32.00342814485332,32.00342814485332,31.212756267484234,31.319433212280273,4793800
2004-03-16,31.2504133185129,31.256689842530147,30.3718890657085,30.974306106567383,4925000
2004-03-17,30.936646101763444,31.193928462360933,30.823692636740944,30.911544799804688,4213700
2004-03-18,30.829969173008514,30.829969173008514,29.78828907917013,30.15224838256836,8605800
2004-03-19,30.05811324900184,30.27774359215383,29.712976432918413,29.744354248046875,6557400
2004-03-22,29.750629928470257,29.876134014164702,29.35529289635971,29.524723052978516,5231500
2004-03-23,29.493360070727206,29.600037032601005,29.08547221861511,29.361581802368164,4031600
2004-03-24,29.399217829736408,29.505897136275898,28.991332559250974,29.317642211914062,3891700
2004-03-25,29.52473376533721,29.882418983379733,29.430607462258347,29.807117462158203,3535300
2004-03-26,29.83848051205864,30.083212149796918,29.461970668429167,29.744354248046875,3323700
2004-03-29,29.83850327693682,30.120887071995384,29.800853700124364,29.901256561279297,3528200
2004-03-30,29.83850569089812,29.932634428130417,29.556121872994456,29.731828689575195,3111300
2004-03-31,29.714852920989383,30.16108033780456,29.432035800068352,30.010242462158203,3642900
2004-04-01,29.97881348356576,30.117078915348355,29.790267969326738,29.840545654296875,3000800
2004-04-02,30.01022614507364,30.073073827221002,29.601709018659633,29.85938835144043,4265500
2004-04-05,29.997660949374822,30.557013561817218,29.9159570314662,30.550729751586914,3860700
2004-04-06,30.450192207559997,30.795859539217002,30.1736564242445,30.475332260131836,3490200
2004-04-07,30.368472301345538,30.47531626997198,30.217636860031416,30.293054580688477,3447300
2004-04-08,30.368466950553007,30.83354800721286,30.280479225708472,30.732990264892578,4468800
2004-04-12,30.82726352374621,31.172930632460748,30.688998118751893,31.128936767578125,3528000
2004-04-13,31.172934706833136,31.22949859728751,30.921541502858464,31.047239303588867,4303300
2004-04-14,30.8901192897171,31.468325847250544,30.82726918727677,31.443185806274414,4239800
2004-04-15,31.663152401590455,31.663152401590455,31.355192943603296,31.43061065673828,4120000
2004-04-16,31.663159288409485,32.34820985855772,31.537461474187662,32.14080810546875,6318300
2004-04-19,31.738561493705454,32.27277394599155,31.644287579779565,32.084228515625,3830600
2004-04-20,32.0842586766478,32.36707828680671,31.61917967104201,31.625463485717773,2838700
2004-04-21,31.83285224184164,32.59960438381289,31.770002133492202,32.260223388671875,4448600
2004-04-22,32.06538316021124,32.14708708069244,31.694576010317636,31.883121490478516,5022300
2004-04-23,31.8014234407748,31.82027967051199,31.361484705012092,31.4997501373291,3761000
2004-04-26,31.612863131565142,31.656856984553094,31.17292220420044,31.33004379272461,4438100
2004-04-27,31.550045722171223,31.851719173844906,31.424347851268653,31.625463485717773,3808000
2004-04-28,31.361474945679277,31.612868088243538,31.10379559599672,31.20435333251953,3532600
2004-04-29,31.267232667154342,31.80144573362812,31.185528674315396,31.58147621154785,3865900
2004-04-30,31.67572655661149,32.01510750878217,31.562598773392537,31.71343421936035,3150200
2004-05-03,31.76998942737218,32.367052031726374,31.763705617793633,32.209930419921875,4531300
2004-05-04,32.14708895618605,32.14708895618605,31.47460851930468,31.675724029541016,3624100
2004-05-05,31.675720219928532,32.31049052324005,31.594016304507107,32.15965270996094,3639100
2004-05-06,32.05282414223665,32.42991523197418,31.883132432608765,32.09053421020508,3196400
2004-05-07,32.04025311516546,32.21622863186151,31.90198526776908,32.09681701660156,3183700
2004-05-10,32.09680734546286,32.3042090540649,31.92711569228461,32.05909729003906,4035100
2004-05-11,32.05282287228638,32.27279226633684,31.795143411761575,31.971118927001953,3916400
2004-05-12,31.826554523995405,31.96482231488098,31.336335843562,31.801414489746094,3471200
2004-05-13,31.6443047937783,32.24136764596943,31.6443047937783,32.05282211303711,3272900
2004-05-14,31.89569248455848,32.05281412241345,31.424327570993576,31.455751419067383,3844300
2004-05-17,31.110072743105512,31.14778278528268,30.81468340643031,30.984375,4750200
2004-05-18,30.95295655556911,31.04723047869193,30.751841090560188,30.85868263244629,4494700
2004-05-19,31.110089668999333,31.330059040997718,30.86498025520503,30.965538024902344,2999300
2004-05-20,30.965529594479662,31.103797389227182,30.538158590247047,30.732990264892578,3094700
2004-05-21,30.795834776384382,30.8209748087412,29.840535124194204,29.953662872314453,9715800
2004-05-24,30.1045197681518,30.35591305875488,29.727426236016736,29.75885009765625,7134800
2004-05-25,29.551423498496224,29.85309660810097,28.596124119338825,29.61427116394043,23063000
2004-05-26,28.91666950539461,29.55144235996023,28.07449730450088,29.161781311035156,12655900
2004-05-27,29.161787764793477,30.764428586045828,29.161787764793477,30.513032913208008,12119300
2004-05-28,30.575862684345772,30.582146493116273,29.98508396553939,30.1044979095459,5248200
2004-06-01,30.167352218935672,30.808408741286346,30.15478220114616,30.70156478881836,5033900
2004-06-02,30.92154689480639,31.33006182155736,30.88383682876573,31.235790252685547,4854000
2004-06-03,31.110087782647156,31.480894985450885,30.95924993850403,31.172935485839844,4491800
2004-06-04,31.298631031627735,31.355194919414753,30.996957762592324,31.103801727294922,4038100
2004-06-07,31.204347270963943,31.405462704942185,30.965521794057878,31.355182647705078,2527500
2004-06-08,31.355198492244128,31.675728025389258,30.601014034975567,31.656871795654297,3902100
2004-06-09,31.64429491979775,31.64429491979775,31.235780125494486,31.248350143432617,3385900
2004-06-10,31.1100864215773,31.14779648033481,30.732995423946555,30.79584312438965,4986600
2004-06-14,30.638727149382458,30.996964382714776,30.63244333716897,30.952970504760742,4062200
2004-06-15,31.04723039815346,31.33004737181736,30.99066652392359,31.084938049316406,4130700
2004-06-16,31.059798016884145,31.32376356245202,30.971810300856667,31.084938049316406,3419000
2004-06-17,31.04722119025042,31.059788805253827,30.707838045524554,30.934093475341797,2932000
2004-06-18,30.908965927320576,31.028377497933512,30.77069813162139,30.87125587463379,4095700
2004-06-21,31.078648735036705,31.235770313679474,30.934097170383563,31.003231048583984,3187600
2004-06-22,30.8901074477355,30.984378969026817,30.236481017846828,30.63871192932129,3930500
2004-06-23,30.575877279741142,30.86498057089207,30.519313383864972,30.8272705078125,3854500
2004-06-24,30.670140388608996,30.99066984273243,30.657570371046734,30.87125587463379,3566800
2004-06-25,30.85869136916235,30.927825279360892,30.26163101196289,30.26163101196289,3773600
2004-06-28,30.45017065531964,30.563298414335172,30.186205085121507,30.38103675842285,3703100
2004-06-29,30.381036968028752,30.764414109839098,30.330756898125767,30.732990264892578,3833700
2004-06-30,30.629099636278024,30.786494799050963,30.496885874287464,30.67317008972168,3498400
2004-07-01,30.69206986111097,31.315356028867278,30.572450350865488,31.176847457885742,4949500
2004-07-02,31.17684428191522,31.353126153089885,30.987970505419447,31.23980140686035,3690900
2004-07-06,31.290160633159264,31.378301545098854,31.10128690733732,31.29645538330078,3926000
2004-07-07,31.25868782101273,31.32164494063134,30.64799367373952,30.912416458129883,4450900
2004-07-08,30.88093831066518,31.15165825162835,30.61021836970201,30.64169692993164,3273800
2004-07-09,30.849462827621647,31.03833660949949,30.660589045743805,30.88094139099121,3704300
2004-07-12,30.84946756541361,31.032046623321797,30.654296599891676,30.70466423034668,2220700
2004-07-13,30.755033644809746,30.91242890891146,30.66689268117857,30.899839401245117,2635300
2004-07-14,30.78650117698199,31.43496861341615,30.78650117698199,31.12017822265625,3680000
2004-07-15,31.227203957000985,31.43496675541932,31.145360189436136,31.202022552490234,2957700
2004-07-16,31.35312085057316,32.23453486070034,31.14536045206287,31.53569984436035,9575800
2004-07-19,31.41610155807172,31.62386209672562,31.321663421262578,31.485353469848633,4419500
2004-07-20,31.510529474527726,31.730884271852013,31.29647183231439,31.516826629638672,3657400
2004-07-21,31.516813116400694,31.592362133712502,30.956484233163245,31.069808959960938,3787500
2004-07-22,30.880950253662085,30.950204553947017,30.377285890218666,30.654300689697266,4076700
2004-07-23,30.69206542775964,30.912417757346116,30.610219247487407,30.748727798461914,2824800
2004-07-26,30.72355663972586,30.880951911857306,30.566161367594415,30.786516189575195,3182600
2004-07-27,30.8809380194129,31.47904026477567,30.8809380194129,31.359420776367188,3582800
2004-07-28,31.164251895198525,31.47904231838235,30.98167287335343,31.428674697875977,3611700
2004-07-29,31.51050915794006,31.516806308990876,31.189424102472035,31.378297805786133,3674200
2004-07-30,31.32164791049508,31.397196941532872,31.069814604821918,31.27128028869629,3244800
2004-08-02,31.41609376281245,31.617559496464892,31.20203612059911,31.516826629638672,3640200
2004-08-03,31.636449270899888,31.793844540904367,31.384615878228235,31.472759246826172,3116100
2004-08-04,31.3846057957593,31.919750982853063,31.353127232203303,31.863088607788086,2775800
2004-08-05,31.863087511122796,31.86938226295316,31.183139033745583,31.23980140686035,4918700
2004-08-06,31.183150659154506,31.302772603471105,30.534682904154582,30.85576820373535,3291300
2004-08-09,30.817982050118893,30.98167200887652,30.534670196826593,30.56614875793457,2569600
2004-08-10,30.660603177495293,30.82429322345954,30.566165042198758,30.723560333251953,3183000
2004-08-11,30.72354281808902,31.541997384641153,30.698359009478757,31.359420776367188,4300200
2004-08-12,31.195734265573822,31.3342428372152,30.660591441494983,30.69207000732422,3082200
2004-08-13,30.698358889102376,31.164249739924653,30.5976260567165,30.912416458129883,3673600
2004-08-16,30.786501443897336,31.35312271118164,30.723541924203456,31.35312271118164,3324200
2004-08-17,31.447578089903395,31.485351420839567,31.03834939257774,31.25240707397461,2731400
2004-08-18,31.164267698514454,31.453874458303897,30.94391525120978,31.220930099487305,4182400
2004-08-19,30.849469947501653,31.220922844976787,30.50320086719863,31.151668548583984,5401800
2004-08-20,31.069810468530957,31.41608181814792,31.006853351324278,31.340530395507812,2624500
2004-08-23,31.41608010162127,31.554586232240215,31.164246843234185,31.202022552490234,2337200
2004-08-24,31.41608553051679,31.693100241284494,31.170546980411814,31.642732620239258,3321700
2004-08-25,31.649029859773652,32.152694063293964,31.510521303182927,32.08973693847656,5308900
2004-08-26,31.806426739470282,32.398231909397346,31.800129585662486,32.22824478149414,4388200
2004-08-27,31.762356889742904,31.837905925288446,31.346833591751622,31.554594039916992,5484100
2004-08-30,31.479035707965625,31.592360428647087,31.1831320037796,31.21461296081543,2773600
2004-08-31,31.16426002080716,31.353133843631372,30.975386197982942,31.3216552734375,3111700
2004-09-01,31.19574203455511,31.542011148232714,31.170558214955697,31.472759246826172,2301500
2004-09-02,31.42867616471688,31.730877098538784,31.315353816609225,31.69939613342285,2581400
2004-09-03,31.542013168334957,31.78755182266285,31.497942682044116,31.54201316833496,1887700
2004-09-07,31.636430711760504,31.938629164688592,31.554584546907122,31.8378963470459,2874700
2004-09-08,31.83789796821808,31.944927943347007,31.60495376586914,31.60495376586914,3363100
2004-09-09,31.54200954713396,31.667926237078152,31.4286847663503,31.504236221313477,2924800
2004-09-10,31.38460626972519,31.453860551590523,31.176845825789677,31.309057235717773,2939600
2004-09-13,31.29016906589074,31.447564280103812,31.069814324996216,31.139068603515625,3017000
2004-09-14,31.139070107955725,31.441268645645874,31.139070107955725,31.309057235717773,3322100
2004-09-15,31.30905568529622,31.40349377437429,31.151660471273015,31.23980140686035,3658100
2004-09-16,31.202028236507694,31.327942486978863,31.17054727222952,31.30276107788086,2685400
2004-09-17,31.416088281803898,31.535707789771553,31.22721208800366,31.384607315063477,2812300
2004-09-20,31.29017371999193,31.441271803181,31.006861811936506,31.164257049560547,2587900
2004-09-21,31.132773666288248,31.762354519391508,31.038335577658618,31.642732620239258,3496800
2004-09-22,31.642736937107482,31.944937901286004,31.497933609338148,31.636442184448242,4152500
2004-09-23,31.604954178324654,31.844195536152736,31.45385374136482,31.61754608154297,3934400
2004-09-24,31.61756056955537,32.29750684329428,31.604968660567103,32.02678680419922,4572000
2004-09-27,31.951233741080408,32.00160137071081,31.680513735968933,31.793838500976562,3148700
2004-09-28,31.730877383823877,32.06455448244083,31.47904407059493,32.01418685913086,4100100
2004-09-29,32.7930370170055,32.7930370170055,32.01735585316982,32.64799118041992,7618700
2004-09-30,32.50922251944436,32.99481159009398,32.483996550809906,32.72994613647461,5886400
2004-10-01,32.69842311857545,33.171399358896295,32.6479735705623,33.15248107910156,4656000
2004-10-04,33.3921174509885,33.8083363764818,33.297521256506826,33.5434684753418,7543000
2004-10-05,33.474107340379796,33.49302562077963,32.74887611975181,32.856082916259766,6500900
2004-10-06,32.862401075247504,33.0452858629394,32.16870090300728,32.96330261230469,7966400
2004-10-07,32.729970615270716,32.75519419708914,32.3894270010549,32.578617095947266,3987700
2004-10-08,32.47770142103796,32.72995637493028,32.27589842019671,32.3515739440918,3514600
2004-10-11,32.402029284565565,32.50923608748459,32.20022626262712,32.275901794433594,1638100
2004-10-12,32.16238566641507,32.326349711312545,32.03625818266534,32.21914291381836,3750200
2004-10-13,32.067801249134064,32.4335708459977,32.061495955183766,32.294830322265625,2851500
2004-10-14,32.13085490025863,32.25698238598426,31.733554162211483,31.784006118774414,4432400
2004-10-15,31.771396381370362,31.954278728424374,31.68310785403078,31.897523880004883,3159900
2004-10-18,31.897534230724975,32.38312128866522,31.784019685686737,32.256996154785156,2841100
2004-10-19,32.256981039442756,32.38941381136961,31.727247546053754,31.73986053466797,3012900
2004-10-20,31.594828749380444,32.00474267198442,31.550684469184056,31.966903686523438,3135900
2004-10-21,31.83445615968245,31.992114917845903,31.34886689585721,31.53175163269043,3684800
2004-10-22,31.594820805832768,31.84077054096835,31.46869569737215,31.500226974487305,2509500
2004-10-25,31.311026291647092,31.374088824499143,31.096610311996123,31.260574340820312,2954700
2004-10-26,31.27949772309838,31.954277038574222,31.203822190192426,31.95427703857422,4279300
2004-10-27,31.847066523490565,33.020047972433126,31.821840546900468,32.88761520385742,5745000
2004-10-28,32.635368327345354,32.85608966293861,32.484014836022745,32.56599807739258,2346400
2004-10-29,32.41464669773841,32.47770924856958,32.10563442502859,32.23176193237305,3024500
2004-11-01,32.11194952226625,32.3011420438883,31.85338913582335,31.966903686523438,3293200
2004-11-02,32.14978850772723,32.60384671052759,31.910146411173393,31.966903686523438,2626700
2004-11-03,32.50924081885687,32.80564010295249,32.26959879329696,32.56599807739258,2525700
2004-11-04,32.56600810175499,33.114660166029736,32.55339510645543,33.051597595214844,2921500
2004-11-05,33.03896017399717,33.22815015225534,32.89391444380987,33.1335563659668,2362800
2004-11-08,33.13986472444363,33.32905472021839,32.96328771581137,33.228153228759766,2012000
2004-11-09,32.82455066480504,33.22815667246856,32.76779341962226,32.8939208984375,3005000
2004-11-10,32.77410986235557,33.026362481617305,32.60383808137074,32.666900634765625,3245700
2004-11-11,32.79302603674765,33.1146488874541,32.698429807061125,33.001136779785156,2100200
2004-11-12,33.045274116941414,33.6002311706543,32.88130767395414,33.6002311706543,4186100
2004-11-15,33.625482890633705,33.86512504156139,33.48674231814661,33.49935531616211,3080900
2004-11-16,33.34798525873247,33.51194932867672,33.15248750877254,33.17140579223633,2624000
2004-11-17,32.98222190667444,33.448893033377026,32.862402079533055,32.994834899902344,3112000
2004-11-18,31.165985856797327,31.323644633666635,30.333547707381946,30.68039894104004,25548200
2004-11-19,30.743462918808444,30.768688901643998,30.346162109035923,30.39661407470703,8889500
2004-11-22,30.402930682048563,30.42815667427199,29.56418688892536,29.646167755126953,8217200
2004-11-23,29.64614360192986,30.409213608063247,29.64614360192986,30.25786018371582,8077300
2004-11-24,30.30201315128717,30.522736858407946,30.283094869930043,30.42814064025879,3677400
2004-11-26,30.396622805266393,30.642570194349066,30.384009810225894,30.4912166595459,1764100
2004-11-29,30.44073502801919,30.661456194580058,30.314607616121428,30.50379753112793,4274400
2004-11-30,30.4281466330751,30.617336700952595,30.283100834179617,30.302019119262695,3316800
2004-12-01,30.3335430741744,30.964178085327145,30.308319502046345,30.96417808532715,5795600
2004-12-02,30.756083344319737,31.40563692240586,30.743470349853258,30.976804733276367,4554400
2004-12-03,30.819140972574065,31.08400900256283,30.617337904812306,30.743465423583984,4466300
2004-12-06,30.793923527149104,31.128159473639908,30.793923527149104,31.096628189086914,3375100
2004-12-07,31.121842066327282,31.27950084560084,30.661478719530344,30.89481544494629,4569000
2004-12-08,30.93265200965283,31.355178789023988,30.907426027607556,31.21643829345703,2930800
2004-12-09,30.995716964766018,31.21643829345703,30.87589475289199,31.21643829345703,2537400
2004-12-10,32.093022470321166,32.540772850458204,30.806526184082028,30.80652618408203,3178300
2004-12-13,30.112837502526602,30.957888954845764,30.074998516058734,30.932662963867188,3470100
2004-12-14,30.932648719151928,31.07769449195974,30.421835868324806,30.71192741394043,4857400
2004-12-15,30.774989430669432,30.888503930175712,30.213724630711564,30.42814064025879,5673800
2004-12-16,30.43444082736516,30.844354496347446,30.371378296297742,30.45336151123047,3844100
2004-12-17,30.276790451481716,30.93265154062172,30.276790451481716,30.68039894104004,6369600
2004-12-20,30.80651283314601,30.838046501596164,30.365070343017578,30.365070343017578,3157000
2004-12-21,30.42813767574756,30.522733884680527,30.22002697836765,30.32723617553711,4876400
2004-12-22,30.22633700965655,30.447058306637377,30.18849804202482,30.40291404724121,4027000
2004-12-23,30.45336658853734,30.57318637981481,30.28940013133474,30.3587703704834,2594500
2004-12-27,30.901116307429213,31.0020178154711,30.642556042716766,30.869585037231445,3707400
2004-12-28,30.98310070935805,31.140759472006977,30.72454043484108,31.033550262451172,2936700
2004-12-29,31.014622356077556,31.210120027139475,30.945252137130392,31.03984832763672,2014500
2004-12-30,31.367787456253154,31.512833224497026,31.304722509832956,31.46868896484375,3183900
2004-12-31,31.512837094876858,31.512837094876858,31.090310321853178,31.323644638061523,2523100
2005-01-03,31.279503347802486,31.336260609108542,31.07139499346845,31.17229652404785,3249800
2005-01-04,31.216430761501176,31.216430761501176,30.926339255020476,31.027240753173828,4320500
2005-01-05,30.954610227927184,31.144127767761567,30.790362336029723,30.79667854309082,3600000
2005-01-06,30.765074486329148,31.554732443319914,30.765074486329148,31.428386688232422,5396700
2005-01-07,31.283095178862588,32.05380224576046,31.270460360242677,31.712669372558594,5868800
2005-01-10,31.74426339652441,32.53392168997029,31.693724109017857,32.44548034667969,6201300
2005-01-11,32.22436444621015,32.33807539749958,31.933770863957232,32.18646240234375,4344000
2005-01-12,32.18647042109935,32.25596073196032,31.927462614155722,32.205421447753906,4320800
2005-01-13,32.085389846615264,32.331762798598945,31.75057315944288,31.845333099365234,3908700
2005-01-14,31.84533100832952,32.22436592343991,31.84533100832952,32.180145263671875,2740900
2005-01-18,31.965351564786765,32.37597464618851,31.933765730027723,32.274898529052734,2802500
2005-01-19,32.27490288398366,32.46442032795469,31.933770038928763,32.26226806640625,4491600
2005-01-20,32.281220537819614,33.08351341618366,32.26858812951984,32.95085144042969,7268000
2005-01-21,32.912963261187436,33.20987560980102,32.843475341796875,32.843475341796875,6138100
2005-01-24,32.67289996641662,32.74239027680785,32.43915939331055,32.43915939331055,4552100
2005-01-25,32.597081057724935,32.90662805198336,32.58444865047312,32.723426818847656,4592100
2005-01-26,32.729747522983196,32.900313949917326,32.1359231307284,32.18646240234375,5493300
2005-01-27,32.09171256367142,32.53392168997029,32.09171256367142,32.44548034667969,3969000
2005-01-28,33.03929288592916,33.14668763565558,31.561052895063426,33.12141799926758,5910500
2005-01-31,33.16564085058807,33.17827566961735,32.90031688050912,33.159324645996094,3320900
2005-02-01,33.159334745954204,33.41834259033203,33.06457477929444,33.41834259033203,4075600
2005-02-02,33.41831251916767,33.43726353150831,33.12771667416258,33.20352554321289,4473800
2005-02-03,33.16563974199569,33.30462033682691,32.950852645368,33.09614944458008,3051700
2005-02-04,33.02034568949259,33.7341973361711,33.0140270747409,33.696292877197266,4022000
2005-02-07,33.97423937991458,34.50488956420153,33.87948188155468,34.1763916015625,5383500
2005-02-08,33.99950489677863,34.113215808929276,33.66469077202635,33.92369842529297,2921400
2005-02-09,33.828947897144914,33.892121982415304,33.437278207848266,33.449913024902344,3082900
2005-02-10,33.41833558982622,33.63943891925399,33.23513431124576,33.487823486328125,3037100
2005-02-11,33.487818420932115,33.89212537763008,33.32357060246511,33.746826171875,3674000
2005-02-14,33.62678855501921,33.63310716713668,33.03928294000534,33.115089416503906,4300500
2005-02-15,33.02034844558187,33.10878978072392,32.76134064558916,32.944541931152344,3954800
2005-02-16,32.91294425560927,32.9382138898028,32.49600493079575,32.723426818847656,4506000
2005-02-17,33.57626406317276,33.810002190800205,33.48782032989247,33.645751953125,8830100
2005-02-18,33.64574268615595,33.78472324747198,33.37410258607091,33.48149490356445,5137300
2005-02-22,33.11509295490585,33.23512249951874,32.84976905388835,32.862403869628906,4989500
2005-02-23,32.86240714445592,33.39305740921632,32.86240714445592,33.27934646606445,3109600
2005-02-24,33.165650952470024,33.4688794719968,32.88137346233679,33.41834259033203,3385600
2005-02-25,33.42465879684786,33.62049493668321,33.29831297791685,33.41834259033203,2498000
2005-02-28,32.912959506882466,33.228822851132186,32.8118833331164,32.925594329833984,3559700
2005-03-01,32.84978315289019,33.140376810110475,32.597091549314285,33.089839935302734,3944400
2005-03-02,33.08983705859546,33.75946565311885,33.007711933096076,33.671024322509766,4434900
2005-03-03,33.797375269990766,34.144824440329906,33.5636370877402,33.78474044799805,4476800
2005-03-04,33.828948724842235,34.08164025241655,33.68365193993276,33.778411865234375,3086800
2005-03-07,34.68179036213163,35.02292088538525,34.06269619027929,34.11323547363281,7345800
2005-03-08,34.14482605130509,34.70706240235534,34.119556406127415,34.49227523803711,3799000
2005-03-09,34.44172614380579,34.612292573499836,34.20166941943878,34.45436096191406,3680500
2005-03-10,34.59333610529528,34.801806971017506,34.46067414156928,34.69441223144531,3517800
2005-03-11,34.72601451862099,34.732330724751854,34.08796925633768,34.09428787231445,3196900
2005-03-14,34.16377400247747,34.41014697877057,34.08164887376456,34.3596076965332,2515700
2005-03-15,34.30274943342108,34.391190760334844,34.01847201845152,34.0500602722168,3072100
2005-03-16,33.860532898167385,34.031099309415346,33.424642564874745,33.525718688964844,4140100
2005-03-17,33.41833068115944,33.885806911811414,33.26039906623873,33.715240478515625,3561000
2005-03-18,33.702608539890974,33.75946402251431,33.228813654645016,33.708927154541016,5612400
2005-03-21,33.708934321505254,33.708934321505254,33.25409036381278,33.51941680908203,2443500
2005-03-22,33.519417940007244,33.56363861406978,32.74871063232422,32.74871063232422,5314600
2005-03-23,32.691845332955744,32.88136279494585,32.59708539703805,32.71079635620117,4198500
2005-03-24,32.81819257501418,32.81819257501418,32.15488022353384,32.21805191040039,5000500
2005-03-28,32.31280337403264,32.420195695502976,32.19277382668962,32.29384994506836,4320300
2005-03-29,32.31278923182461,32.843439223526765,32.28120100065748,32.59074783325195,3283200
2005-03-30,32.238955239439704,32.76414205980251,32.21364439143358,32.612281799316406,2803900
2005-03-31,32.6059425318327,32.612271448713194,32.14403056431321,32.23894500732422,3615600
2005-04-01,32.27060995810479,32.49840288518979,31.903609705850823,31.96055793762207,3585800
2005-04-04,31.846651718945086,32.390820553322364,31.833996292967612,32.27692413330078,2544200
2005-04-05,32.27060148305925,32.62494621144043,32.20732675938718,32.4920654296875,2634500
2005-04-06,32.5869682403774,32.897020068220684,32.53002004398884,32.73250198364258,2769300
2005-04-07,32.89069377103439,33.181761280760945,32.776797369180464,33.124813079833984,2968300
2005-04-08,33.09318267526954,33.194423674421834,32.88437417054485,33.15645980834961,2970600
2005-04-11,33.124827998628575,33.21974251417965,32.87172664678638,32.897037506103516,2031300
2005-04-12,32.87171695294328,32.99826879843254,32.58697590403637,32.94764709472656,2521500
2005-04-13,32.80843549699798,32.90334997204287,32.45409327288453,32.52369689941406,2667200
2005-04-14,32.713523439844884,32.73250536934611,32.37816073141269,32.54267883300781,2678200
2005-04-15,32.60595512676896,33.257696232063175,32.4667502806956,33.029903411865234,4597900
2005-04-18,32.998272234179055,33.10583974509055,32.586979296959484,32.7578239440918,2858500
2005-04-19,32.65657858171867,32.7641460782747,32.06811456916635,32.156700134277344,3968300
2005-04-20,32.27060522410285,32.757828376943436,31.72010734025492,31.827674865722656,5108500
2005-04-21,32.080760447989405,32.441431520768745,31.840312261544877,32.365501403808594,4759100
2005-04-22,32.27059789302514,32.51737266717945,31.75806399870607,31.979530334472656,3351100
2005-04-25,32.11240594081531,32.200991502034164,31.87828661276897,32.08076858520508,2464700
2005-04-26,32.10608441907785,32.73884128460833,32.10608441907785,32.63127136230469,3701200
2005-04-27,32.523708382699134,32.998276097930486,32.460431239069216,32.972965240478516,3404400
2005-04-28,32.98561021007158,33.20074760264472,32.73883546260323,32.8400764465332,2920300
2005-04-29,32.84639700590055,33.38423918308143,32.72617411355218,33.346275329589844,3535900
2005-05-02,33.31464225359403,33.415883232182495,32.85905664305829,32.86538314819336,3038600
2005-05-03,32.934987851777734,33.06786618794238,32.78312758581112,32.92866134643555,3120300
2005-05-04,33.0299141858285,33.52979276945335,32.8780514515689,33.31465530395508,3002400
2005-05-05,33.4095485936356,33.43485943739339,33.0298955923684,33.27034378051758,2388000
2005-05-06,33.25136764562186,33.270351990012074,32.928662756294464,32.98561096191406,2619000
2005-05-09,32.94764120719432,33.04255567779458,32.75148576104891,32.960296630859375,2302900
2005-05-10,32.83374852293414,32.86538587878872,32.599629193079565,32.72618103027344,2151300
2005-05-11,32.8147736300038,33.377926891832445,32.65658440302829,33.28301239013672,2416800
2005-05-12,33.441180493379605,33.536094935120886,32.947631189383785,32.998252868652344,2219900
2005-05-13,32.87805174996361,32.98562169057716,32.34653579589549,32.62495040893555,2873700
2005-05-16,32.68821451471202,33.16278209036915,32.68188800909782,33.02357482910156,2520200
2005-05-17,32.80844640087286,33.04256820678711,32.441448630530154,33.04256820678711,3909100
2005-05-18,33.124807651039035,33.409548609007906,32.97927392002715,33.30830764770508,3251200
2005-05-19,33.409566388214756,33.694307497711215,33.20708435785643,33.6816520690918,3058100
2005-05-20,33.78920305496802,33.82084040188483,33.2513585022829,33.441184997558594,2725500
2005-05-23,33.789221980081585,33.808203916108354,33.479170013579235,33.485496520996094,3549300
2005-05-24,33.694281224432565,33.80184866315711,33.377902996973106,33.39688491821289,3590100
2005-05-25,32.93499049008769,33.59305813205967,32.90967963914055,33.536109924316406,4906400
2005-05-26,33.59938232153226,33.92208961442149,33.58672931070661,33.80819320678711,3501400
2005-05-27,33.757558811470126,33.9473876953125,33.732250385562395,33.9473876953125,2143500
2005-05-31,33.94739881678874,34.42829285942418,33.915759049933186,34.01067352294922,4900400
2005-06-01,33.59305418647425,34.36501815326371,33.58672768136833,34.01067352294922,3850300
2005-06-02,33.84617989977335,34.156229541337005,33.643695397773726,34.118263244628906,2804600
2005-06-03,33.89678918300165,33.998030197150186,33.68798064734737,33.72594451904297,2890400
2005-06-06,33.61837454928229,33.668993845782126,33.43487447019639,33.548770904541016,3235300
2005-06-07,33.54874752945413,33.90309201316748,33.3842294994616,33.39688491821289,2867800
2005-06-08,33.567753481447845,33.567753481447845,33.13115208395482,33.28301239013672,2958500
2005-06-09,33.15643870504979,33.37157599304052,32.97926525896818,33.22603988647461,4153900
2005-06-10,33.12482248888188,33.38425271928979,32.903358541134644,33.33363342285156,1948200
2005-06-13,33.156444243504666,33.50445986385846,33.010908112628385,33.21971893310547,3033400
2005-06-14,33.07420973178421,33.37160630365321,32.93500241494741,33.232398986816406,4110400
2005-06-15,33.23236880264232,33.34626515591825,33.004576096090446,33.22603988647461,2498200
2005-06-16,33.251367484392915,33.53610851111027,33.162781923586515,33.46017837524414,2360400
2005-06-17,33.88413409945012,33.88413409945012,33.51080740339392,33.6816520690918,4039100
2005-06-20,33.56774620142182,33.69429803831143,33.43486785888672,33.43486785888672,3711500
2005-06-21,33.27035623411792,33.441198458994556,33.01092360915336,33.15645980834961,3410900
2005-06-22,33.162779578823674,33.409554313272096,32.78312651256077,32.86538314819336,5049600
2005-06-23,32.87171546990599,32.94131910247364,32.669233491768615,32.675559997558594,3045700
2005-06-24,33.21972525497401,33.656326489366045,32.84639872222425,33.35893249511719,6505800
2005-06-27,33.28300624239623,33.839832894355254,33.25136888560011,33.536109924316406,4296100
2005-06-28,33.72593647886874,33.80186661793455,33.51712799299385,33.536109924316406,4532500
2005-06-29,33.596963427942455,33.596963427942455,33.032788391246044,33.089839935302734,3402700
2005-06-30,33.08983406148112,33.08983406148112,32.74118687331488,32.829933166503906,4373700
2005-07-01,32.98842232158771,33.10252543420664,32.81726765265933,32.88065719604492,3019600
2005-07-05,32.79187937576055,33.2926645092992,32.76018463450639,33.24195098876953,2561700
2005-07-06,33.24196266683343,33.311692572981315,32.92501030663731,32.93135070800781,2812300
2005-07-07,32.918693094114516,33.05815299440523,32.65245168611916,32.81726837158203,3142500
2005-07-08,32.899675423587844,33.235644350391645,32.75387512364609,33.159576416015625,2765900
2005-07-11,33.14688685706158,33.34973622583034,33.05814056049466,33.29902267456055,1728900
2005-07-12,33.23562952033525,33.273664679629626,32.950371871014816,33.007423400878906,2349300
2005-07-13,33.032788405351596,33.096177935150294,32.73485229535548,32.96305847167969,2848800
2005-07-14,32.899671177001146,33.22296166998694,32.880652382244996,33.05814743041992,2815500
2005-07-15,33.0644813770265,33.34339867843172,33.0074298360396,33.222957611083984,2554400
2005-07-18,33.22295844432416,33.27367200120907,32.84261644030931,32.88698959350586,2658700
2005-07-19,33.08983444742663,33.08983444742663,32.8426119369008,32.950374603271484,3462300
2005-07-20,32.95037210271505,33.56526054911231,32.91233694315322,33.546241760253906,5452500
2005-07-21,33.565262715443666,34.104080877493054,33.4765164222266,33.78712844848633,4805900
2005-07-22,33.78713776733442,33.850529721513006,33.52089881425172,33.67303466796875,2848700
2005-07-25,33.59697391354957,33.91392649763966,33.50822757690935,33.571617126464844,3485000
2005-07-26,33.57162221945157,33.74911733781523,33.53358945121103,33.590641021728516,2959900
2005-07-27,33.58426938245134,33.70471040013394,33.508201498554676,33.527217864990234,2417100
2005-07-28,33.64768414761494,33.99633147187361,33.53358103521667,33.90758514404297,2651000
2005-07-29,33.95827742118355,34.230856658397244,33.90756629838935,34.19282150268555,4246200
2005-08-01,34.896476707260376,34.99156344343535,34.24989318847656,34.24989318847656,4721800
2005-08-02,34.294253226909746,34.52245937185344,34.15479579689823,34.23720169067383,2831600
2005-08-03,34.10408331561009,34.37666261749511,34.085066942319834,34.294254302978516,2111300
2005-08-04,34.123094291372595,34.22451895594875,33.92024254406554,34.00899124145508,2331500
2005-08-05,33.95828890875772,34.35764971528672,33.92659414402014,34.047035217285156,2794400
2005-08-08,34.05972224781564,34.30694486090727,34.05972224781564,34.23087692260742,2157700
2005-08-09,34.23721324800934,34.452741077860544,34.14846692127462,34.218196868896484,2378200
2005-08-10,34.243545423552966,34.54781950701407,34.211850659929915,34.2625617980957,2594300
2005-08-11,34.2942737748682,34.738007942778495,34.2942737748682,34.630245208740234,3396300
2005-08-12,34.490773252173476,34.99789680234344,34.490773252173476,34.801387786865234,3282500
2005-08-15,34.84576094637037,34.95986404742809,34.72531744072287,34.801387786865234,2167200
2005-08-16,34.896459030670464,35.048597247854495,34.579506628179075,34.64289855957031,3616400
2005-08-17,34.57951140079026,34.92815860801955,34.3893404166793,34.59218978881836,4411500
2005-08-18,34.5921841278823,35.69517952427143,34.56048937207646,35.39724349975586,8183500
2005-08-19,35.49867089902355,35.587417189366306,35.188056464668875,35.21341323852539,4145400
2005-08-22,35.308497402360494,35.549381900433396,35.10564806234801,35.23242950439453,2853900
2005-08-23,35.32752699253615,35.669836288713846,35.06128804094624,35.65715789794922,4485900
2005-08-24,35.59377740313107,36.050187495807435,35.574758603075445,35.94242477416992,5405400
2005-08-25,35.84732339523191,36.10088633511202,35.790271854666656,36.024818420410156,3219400
2005-08-26,36.01847193549998,36.12623701310816,35.87901210029704,35.929725646972656,3171300
2005-08-29,35.68883575722323,35.9614149841315,35.67615737246533,35.771244049072266,2939400
2005-08-30,35.5620680904162,35.65715480382195,35.16904768343985,35.466983795166016,3777600
2005-08-31,35.42262194162514,36.13259506225586,35.30851881639708,36.13259506225586,4031100
2005-09-01,36.05016945077885,36.42417342257872,35.94240678308229,36.12623977661133,3071400
2005-09-02,36.09455721504422,36.17696555899,35.65082555877347,35.93608093261719,2815500
2005-09-06,36.03750824636909,36.734805390050845,36.03750824636909,36.67141342163086,4407000
2005-09-07,36.57631506675285,36.633366607369545,36.151597504793976,36.45587158203125,3340400
2005-09-08,36.60801016408131,36.62702653840876,36.18329501639878,36.27204132080078,2205100
2005-09-09,36.272054974902666,36.36713930048848,36.01215394925129,36.13259506225586,2450700
2005-09-12,36.1262407430738,36.31641172643215,35.95508613260471,36.07552719116211,1917400
2005-09-13,36.07553723095814,36.28472706357837,35.70153314506772,35.89804458618164,3793400
2005-09-14,36.02482392375683,36.10089185007925,35.84099088516819,35.91072082519531,2960100
2005-09-15,36.01848247350011,36.10722878799212,35.59376727752956,35.72688674926758,3013500
2005-09-16,35.79662609250457,36.13259506225586,35.71421774247178,36.13259506225586,5898400
2005-09-19,35.87902089436779,36.0058023739764,35.62546035330616,35.967769622802734,2706200
2005-09-20,35.96776434835139,36.29105477669698,35.49867366803547,35.53670883178711,3732100
2005-09-21,35.30852469503812,35.777613249603576,35.0232668344744,35.600120544433594,4233300
2005-09-22,35.53670549782075,35.55572186883488,35.175379939622196,35.511348724365234,3602500
2005-09-23,35.4035968574375,35.53037835386976,35.23878260478471,35.37824249267578,3183500
2005-09-26,35.46697065643603,35.54937894964918,34.801371163633625,34.92815017700195,4141300
2005-09-27,34.833076962302165,35.04860473878722,34.54148127004457,34.80772018432617,4546300
2005-09-28,34.687274326391865,34.69361231093296,34.12943737872597,34.478084564208984,4729100
2005-09-29,34.199181095005976,34.24355425915861,33.951958489539564,34.173824310302734,4900800
2005-09-30,34.009009031413065,34.173823290754875,33.72375125740222,33.989990234375,3793500
2005-10-03,34.1421282140217,34.161144592733386,33.5018827249604,33.742767333984375,4753800
2005-10-04,33.81881838148329,34.73798077806046,33.8124803977959,34.110416412353516,5490100
2005-10-05,34.02533224527851,34.15233788879154,33.682411193847656,33.682411193847656,3855400
2005-10-06,33.96818699089604,34.14599687300355,33.62526585613615,33.84117889404297,4737100
2005-10-07,33.97451971842801,34.27298823694135,33.87926308667536,33.987220764160156,3196400
2005-10-10,33.93642969571075,34.165043762281904,33.752270517619735,33.955482482910156,2215600
2005-10-11,33.891981933266564,34.546072808393255,33.345848792326585,33.574462890625,4467400
2005-10-12,33.84751289549066,35.04138458981371,33.84751289549066,34.79372024536133,10023900
2005-10-13,34.800085504711305,35.670086976147644,34.736582667152845,35.53038024902344,6821500
2005-10-14,35.51131830121569,35.87964144700057,35.244603545283745,35.657379150390625,4789200
2005-10-17,35.720881791355666,36.22891162567059,34.96518756421705,35.5875244140625,7790200
2005-10-18,35.562119578231645,35.7526304486196,35.27000274880498,35.397010803222656,4160600
2005-10-19,35.403355010682695,36.03204345703125,35.3843046531341,36.03204345703125,4287300
2005-10-20,36.00664318889691,36.00664318889691,35.25094666817239,35.409706115722656,4512500
2005-10-21,35.72721704853913,35.72721704853913,35.25729054510676,35.41604995727539,4113100
2005-10-24,35.4414554726558,35.854228530733465,35.34619884715046,35.765323638916016,3477200
2005-10-25,35.72088017391323,36.19715857623208,35.631975259743406,36.17810821533203,3396200
2005-10-26,36.178101850683035,36.203501519922234,35.80342947654086,36.03204345703125,5558700
2005-10-27,35.885986863893095,36.444820835023506,35.885986863893095,36.12095260620117,5339600
2005-10-28,36.18446478853405,36.21621620389743,35.68278418936838,36.06380844116211,4334400
2005-10-31,36.00030494328808,36.311474642967994,35.879648590033085,35.98125457763672,4105100
2005-11-01,35.847889645630126,36.165408593027244,35.43511404502294,35.54307174682617,4883200
2005-11-02,35.244600679618785,35.7208790671812,35.1937964888231,35.37160873413086,6300500
2005-11-03,35.31444678807487,35.65736772653198,35.22554189791412,35.63196563720703,4694200
2005-11-04,35.625625581791546,35.746284334398965,35.37161187270554,35.65102767944336,1924900
2005-11-07,35.631979759674024,35.6764322223728,35.05409532211242,35.289058685302734,4115200
2005-11-08,35.244603917592904,35.31445847511604,35.12394758708399,35.18745040893555,3262900
2005-11-09,35.24460277439734,35.55577240532257,35.212851364501454,35.42876434326172,4464400
2005-11-10,35.43512033314204,35.866946372029744,35.41606996811038,35.68913650512695,3577100
2005-11-11,35.816146151535484,36.16541658637324,35.746291580072366,36.070159912109375,4234100
2005-11-14,35.87962790187073,36.11459115850993,35.784371283583155,36.01298522949219,4263100
2005-11-15,35.974923241275846,36.28609067398007,35.87966652046,36.24163818359375,5128300
2005-11-16,36.30511957783096,36.3432227281184,35.76533827238563,36.19081497192383,3371300
2005-11-17,35.65738062236574,36.16541048021575,35.40336448220201,35.943145751953125,5557000
2005-11-18,36.08919015001195,36.08919015001195,35.42875042473742,35.72086715698242,5617600
2005-11-21,35.56213066257637,35.879649686349374,35.485926775164664,35.81614685058594,3395000
2005-11-22,35.714526313764246,36.063796613165216,35.56211617853781,35.92408752441406,3210100
2005-11-23,35.8351830270286,36.15270192507246,35.65737321931665,36.038394927978516,2514200
2005-11-25,36.09553598560008,36.24159433766159,35.89232415469049,36.2034912109375,1052900
2005-11-28,36.165405548548314,36.19715695611966,35.64467471245143,35.746280670166016,3458300
2005-11-29,35.873292400180645,35.911393124181,35.4351146943577,35.65102767944336,3872600
2005-11-30,35.651030122979925,35.73358573476802,35.276357635606296,35.289058685302734,3509800
2005-12-01,35.3208041338891,35.784381468378704,35.3208041338891,35.670074462890625,2947500
2005-12-02,35.562125813615175,35.62562864071989,35.352562123709994,35.42241668701172,2336600
2005-12-05,35.62562192992693,36.11460135845247,35.62562192992693,35.746280670166016,3998100
2005-12-06,35.89869450721734,36.03840363128916,35.69548255719154,35.873294830322266,3633500
2005-12-07,35.91773375522923,35.9494851562388,35.498608963463674,35.765323638916016,3103100
2005-12-08,35.95585459011665,35.981256694131226,35.384321784656606,35.53038024902344,4082200
2005-12-09,35.562123231793905,35.562123231793905,35.225553912114336,35.3271598815918,3466000
2005-12-12,35.32081071015764,35.574826863531634,35.30810966024118,35.42241668701172,2499000
2005-12-13,35.42876968055055,35.91139748211617,35.36526442871451,35.860595703125,2621000
2005-12-14,35.86058726811273,36.19080723255389,35.79708203121418,36.04474639892578,3274500
2005-12-15,35.91773120102568,36.133644104003906,35.85422598104594,36.133644104003906,3853600
2005-12-16,36.19715683181564,36.70518661864395,36.17810647183368,36.67343521118164,5045700
2005-12-19,36.67344228236855,37.14972075356814,36.59723840527033,37.04811477661133,4842000
2005-12-20,37.11796185789857,37.26402026892729,36.933800304762634,37.14336395263672,3497500
2005-12-21,37.156044264990896,37.41006024222518,36.67341681521683,36.85757827758789,3995000
2005-12-22,36.660722967468985,36.77502993740549,36.45116180423629,36.692474365234375,2994600
2005-12-23,36.80044224267954,36.81314328980756,36.30511109459474,36.400367736816406,2138100
2005-12-27,36.83219472300415,37.07985909302801,36.533726162987136,36.62263107299805,2417900
2005-12-28,36.80045398341414,37.11162125865521,36.787752932234,36.97826385498047,2042100
2005-12-29,37.04175662313548,37.143362575844755,36.67978284272687,36.70518493652344,1836000
2005-12-30,36.69884073517517,36.81949706379657,36.482927752789216,36.55913162231445,1912100
2006-01-03,36.7496624202953,36.85762018122422,36.22258193863585,36.736961364746094,4525500
2006-01-04,37.179653734737244,37.18601360005257,36.92521544506362,37.12876510620117,3403300
2006-01-05,37.14150225074304,37.14150225074304,36.518130858652384,36.702598571777344,4621500
2006-01-06,36.86162473644318,37.52952253351845,36.85526244157801,37.478633880615234,5593500
2006-01-09,37.46590868800243,37.63765180027975,36.60082112666049,37.56132125854492,4132800
2006-01-10,37.27507455210788,37.47226439172505,36.82981108604314,37.440460205078125,4504300
2006-01-11,37.40230650072986,37.43411069824016,36.98884708008644,37.23692321777344,3645500
2006-01-12,37.268721386021326,37.53587951369323,36.925230284868015,37.0079231262207,2898600
2006-01-13,37.00792057012891,37.179666108843314,36.79800854730992,37.10969543457031,2471100
2006-01-17,37.10967283171216,37.48496787072367,37.01425789281836,37.40227508544922,3904600
2006-01-18,37.49770906203227,38.02566535951549,37.472264741875414,37.866641998291016,3512300
2006-01-19,37.91116896768796,38.08291449181036,37.75214560385286,37.87300491333008,3315100
2006-01-20,37.87301195316818,37.87301195316818,37.287804603694546,37.41502380371094,3841500
2006-01-23,37.43409523109985,37.68217369278972,37.300516200846346,37.554954528808594,2633000
2006-01-24,37.49771778216118,37.70126753774388,37.43410696697629,37.67582321166992,2830900
2006-01-25,37.402287733559405,37.67580806261353,36.3400130253985,36.4290657043457,6106800
2006-01-26,36.486304967278784,36.64532826129482,36.257311035655235,36.352725982666016,4188200
2006-01-27,36.95702988454376,36.95702988454376,35.93928129631177,36.257328033447266,3826900
2006-01-30,36.25733088449466,36.3209392663219,35.875675740522716,36.13011169433594,4247300
2006-01-31,36.180998583127845,36.180998583127845,35.633957790576574,35.92020034790039,4750000
2006-02-01,35.920195904585334,36.00924859440271,35.430403684085945,35.6085090637207,4038300
2006-02-02,35.60850219924367,35.81205185858777,35.334981889530646,35.602142333984375,3188100
2006-02-03,35.33498358692516,35.66575240587439,35.02965908324206,35.2014045715332,4262300
2006-02-06,35.04875405852791,35.17597325536828,34.69890308709518,34.82612228393555,4375900
2006-02-07,34.66709235061154,35.04238757587098,34.565317497651556,34.7943115234375,4197800
2006-02-08,34.985123575007385,35.462193441939306,34.902430785318394,35.284088134765625,3770400
2006-02-09,35.28410673259041,35.665761856700605,35.22049592756931,35.26502227783203,3266800
2006-02-10,35.2968242877967,35.48765182495117,35.07419013903,35.48765182495117,3378000
2006-02-13,35.43039974650284,35.672115896646574,35.315902750461255,35.6212272644043,2928300
2006-02-14,35.843866879890115,36.25096874822123,35.780258502043665,36.20643997192383,3658000
2006-02-15,36.08558011628315,36.435431018680326,35.83114419931423,36.346378326416016,2783700
2006-02-16,36.19372074417603,36.21280277249625,35.653039818896794,35.92020034790039,4034400
2006-02-17,35.92018726405807,36.09193273589449,35.43039516137717,35.78660583496094,3657900
2006-02-21,35.58942966531181,35.62123385309413,35.27138293448061,35.347713470458984,4418200
2006-02-22,35.112356247766364,35.33498796768774,34.44445866149847,34.53987121582031,8443700
2006-02-23,34.571676311776386,34.76250627845715,34.09460624808212,34.520790100097656,5231800
2006-02-24,34.34904741216496,34.57167915627183,34.1136935074657,34.39357376098633,3440200
2006-02-27,34.39993427153053,34.953334882843976,34.38721211159755,34.7943115234375,4240900
2006-02-28,34.57166990354553,34.57803219539094,33.95466105222611,34.31723403930664,5673100
2006-03-01,34.31722829125237,34.463529434647896,34.005541558625055,34.20909118652344,5832400
2006-03-02,33.99921566450641,34.28545837301876,33.871996413333655,34.22184753417969,4842000
2006-03-03,34.20910653017847,34.31088138977628,34.02464126537898,34.05008316040039,3316800
2006-03-06,34.158222733467234,34.18366705679523,33.82109151563192,33.96103286743164,3301000
2006-03-07,33.82110169200073,33.992847286384546,33.72568909056858,33.85926818847656,3488900
2006-03-08,33.77656651035609,33.97375638425729,33.662069477317246,33.903785705566406,4302200
2006-03-09,34.03100895940051,34.32997373982438,34.0119269271197,34.24092102050781,4489100
2006-03-10,34.17731506458946,34.48900205304687,34.062818001605514,34.29817199707031,3992500
2006-03-13,34.25999959395936,34.27272175636369,33.808373747875166,33.91014862060547,2790700
2006-03-14,33.7129581260031,34.094613285129704,33.59210122513068,33.903785705566406,3652200
2006-03-15,34.09460495431579,34.09460495431579,33.58573072431927,33.80836486816406,3839100
2006-03-16,33.744756135424815,33.84017112097658,33.58573277717446,33.68750762939453,3743900
2006-03-17,33.70024243831139,33.70660473387161,33.37583573337929,33.4966926574707,5296400
2006-03-20,33.49032264586448,34.158220313631595,33.31857711532368,34.05008316040039,3771900
2006-03-21,34.05644503890416,34.12641570899426,33.71931384906132,33.78292465209961,2779800
2006-03-22,33.39491533399116,34.2854473801661,33.39491533399116,34.24092102050781,2868000
2006-03-23,34.679816097823924,34.679816097823924,33.91014358542996,34.25999450683594,4418100
2006-03-24,34.26000790870547,34.41266904159889,33.840186153491125,33.85926818847656,4585100
2006-03-27,33.71295455440193,33.71931442156173,32.94328202335109,32.9750862121582,5876600
2006-03-28,32.94963920473931,33.28677037282606,32.70792302180056,33.08958053588867,6197100
2006-03-29,33.07686842772638,33.286780488239934,32.75882161592132,33.00053787231445,5897500
2006-03-30,32.91783090241919,32.92419076826533,32.618866251075495,32.809696197509766,4718600
2006-03-31,32.50436614744486,32.51072843918654,32.1545153232558,32.281734466552734,7650000
2006-04-03,32.60613855413905,32.72063553194881,32.3898667545543,32.529808044433594,6844700
2006-04-04,32.63160417784425,32.89240248062596,32.35808371071895,32.75882339477539,5390500
2006-04-05,32.18270849378743,32.437622008726656,31.86406781563112,32.23369216918945,17044400
2006-04-06,32.37388072920642,32.909196972529436,32.342017159098944,32.81360626220703,7404400
2006-04-07,32.78812692107045,32.851854085555885,32.437622654329545,32.469486236572266,5459000
2006-04-10,32.28469024416682,32.60333108843654,32.15086167302235,32.456756591796875,4051800
2006-04-11,32.501353273297305,32.55870869984455,32.08074762229606,32.18271255493164,5155500
2006-04-12,32.36114949527833,32.9538214060685,32.14447371680628,32.5268440246582,7505500
2006-04-13,32.22731575115029,32.52683874570107,31.621898018584698,31.819456100463867,133028500
2006-04-17,31.81945351127963,32.195449551980076,31.54542237495379,31.583660125732422,10144800
2006-04-18,31.641021800939523,31.844951650064495,31.194924344340315,31.41160011291504,13174100
2006-04-19,31.411591534731798,31.577283580258705,31.201287567796022,31.2968807220459,9389900
2006-04-20,31.347866746888553,31.86406548288397,31.347866746888553,31.513561248779297,12778500
2006-04-21,31.768479564040565,32.042510784214016,31.405229329119635,31.558177947998047,6698300
2006-04-24,31.545429584397972,31.81308660791394,31.354245648881477,31.730241775512695,7111600
2006-04-25,31.73660696697272,31.768470544473704,31.080208032518918,31.25864601135254,8567300
2006-04-26,31.41796260350914,31.800332781274665,31.366981371761312,31.691993713378906,8199000
2006-04-27,32.32927302946494,32.32927302946494,31.666500038091584,31.793956756591797,7765600
2006-04-28,31.80034007099935,32.023387569216546,31.768474058937976,31.940540313720703,5894400
2006-05-01,31.95966540850775,32.06163034236851,31.73661544435023,31.83220863342285,5245700
2006-05-02,31.902310517197613,31.902310517197613,31.32875623519834,31.558177947998047,5761500
2006-05-03,31.56453835843051,31.56453835843051,30.767936825612985,30.90176773071289,6796800
2006-05-04,31.003738957178964,31.18217695901605,30.716961860629755,30.933637619018555,6707700
2006-05-05,31.067455576446818,31.112065061766124,30.602240635949308,30.81891632080078,14102500
2006-05-08,30.825292485746363,30.838038402100057,30.551261361729402,30.621362686157227,8309000
2006-05-09,30.602259394176137,30.863544724506646,30.589513471838536,30.81256103515625,10416200
2006-05-10,30.697847560864933,30.90177986992957,30.621374464363136,30.80618667602539,6379600
2006-05-11,30.799813509614278,31.080216471205215,30.748829826941858,31.06747055053711,6127300
2006-05-12,31.061093391590948,31.124820552787664,30.812551628438865,31.04834747314453,7066400
2006-05-15,30.90814179677144,31.303255506060946,30.869904045149177,31.25864601135254,6785000
2006-05-16,31.481705729530237,31.56455057065049,31.40523020244646,31.46895980834961,5367700
2006-05-17,31.417969301451777,31.647390970814133,31.3032584667706,31.347867965698242,7798100
2006-05-18,31.22678731519975,31.57729158457142,31.163060150235996,31.4498348236084,7559100
2006-05-19,31.54541592542507,31.641009067309888,31.226775360521785,31.417959213256836,7634900
2006-05-22,31.25864587823802,31.296883629697447,30.914513408208542,30.95275115966797,7551600
2006-05-23,30.844421009161046,31.003741360590524,30.46205070710892,30.55764389038086,9090500
2006-05-24,31.53268686263765,32.27193327103606,31.124827110560712,31.972410202026367,15716000
2006-05-25,31.97878005824839,32.59694377894287,31.972405883025562,32.246437072753906,9621700
2006-05-26,32.25281221789754,32.41850431314055,31.87044191720229,32.029762268066406,4807000
2006-05-30,32.15083981824723,32.25917646475866,31.92141817735824,32.036128997802734,5667700
2006-05-31,32.09986267926113,32.18270993999464,31.832205664479037,32.17633819580078,5504400
2006-06-01,32.182708707192226,32.53321296928129,32.182708707192226,32.514095306396484,5553000
2006-06-02,32.628814697265625,32.756271488984794,32.54596741799275,32.628814697265625,7188500
2006-06-05,32.50136346655862,32.724411066953735,32.21458624388168,32.316551208496094,5782500
2006-06-06,32.32291586360842,32.54596339829163,32.19545908763124,32.41850662231445,4554000
2006-06-07,32.56508654458773,33.03030421985677,32.53322295298968,32.775390625,5360000
2006-06-08,32.75627180535762,32.9028462663877,32.37390142650703,32.71166229248047,6660400
2006-06-09,32.565081247880386,32.81999480127549,32.33566196706777,32.42488098144531,4165500
2006-06-12,32.42487608987615,32.54595867240279,32.22094625033895,32.23369216918945,3101200
2006-06-13,32.15084828287874,32.62880935022272,32.11261052231837,32.27830505371094,5984000
2006-06-14,32.40577115414974,32.50136437472533,32.08713032694655,32.227333068847656,4756600
2006-06-15,32.18270271421039,32.23368638045644,31.813078427031567,32.201820373535156,7080600
2006-06-16,32.09987628564386,32.29743447389155,31.959675974631335,32.02340316772461,4936300
2006-06-19,32.18271886164219,32.189090607602424,31.64740225264274,31.704757690429688,3551300
2006-06-20,31.609164483772695,31.80035089708668,31.54543730002552,31.704757690429688,3800200
2006-06-21,32.087121183876825,32.087121183876825,31.354248948759835,31.46895980834961,4624200
2006-06-22,31.32238782105294,31.532689459458442,31.105712006038615,31.194931030273438,6953200
2006-06-23,30.90814882843234,31.182180033146654,30.882656988218056,30.895402908325195,4265200
2006-06-26,30.971881863596536,31.061103321243888,30.69147886124188,30.76795196533203,3500700
2006-06-27,30.653217512749386,30.812537775146282,30.041428288593526,30.10515785217285,9139500
2006-06-28,30.041437285061182,30.27085892058278,29.805643906790657,29.945846557617188,6067000
2006-06-29,30.047827477629127,30.10518291708626,29.894878828731343,29.952234268188477,8286900
2006-06-30,30.01594448716926,30.04781049299464,29.68456039210668,29.901233673095703,10476500
2006-07-03,29.952214119947886,30.04780726508499,29.792893832075823,29.862995147705078,2840400
2006-07-05,29.703307050703856,30.137678187461027,29.6458166815226,30.054636001586914,7872500
2006-07-06,30.182399682229207,30.386809389898538,30.099357477002314,30.297380447387695,5684400
2006-07-07,30.28459545644764,30.495394274957313,30.15683881826801,30.39957618713379,5236200
2006-07-10,30.182391079798425,30.629538101665005,29.98436816585252,30.4698429107666,4993500
2006-07-11,30.386802589820398,30.744520716568125,30.386802589820398,30.64870262145996,4614800
2006-07-12,30.533726232145845,30.718973276144084,30.43152138662194,30.489011764526367,6196100
2006-07-13,30.489027160158425,30.61039471401723,30.297393282628803,30.34210777282715,6069100
2006-07-14,30.31014929500479,30.489007138344085,29.856615514105652,30.054636001586914,6367500
2006-07-17,30.022717164692125,30.47625124342219,30.01633042470249,30.34210777282715,3730100
2006-07-18,30.34848412586561,30.457078162578174,29.84384898966197,30.20156478881836,3436600
2006-07-19,30.310152918889596,30.72535902439153,30.246273369520004,30.54650115966797,6176100
2006-07-20,30.46984429161056,30.808397331896177,30.393191278797,30.629539489746094,2522300
2006-07-21,30.661471359252154,30.802003882743602,30.367632843547145,30.540103912353516,3457700
2006-07-24,30.59759955083637,30.757294741734775,30.418739280036597,30.4698429107666,4298500
2006-07-25,30.27820754411816,31.709075013195474,30.227103916130705,31.50466537475586,8544000
2006-07-26,31.619646944045346,32.00291441714989,31.35774693551437,31.875160217285156,6614500
2006-07-27,31.99015726282339,31.996544001372055,31.543010024968392,31.817686080932617,4430100
2006-07-28,32.01569688004887,32.39896686838728,31.87516674407156,32.2584342956543,4821500
2006-07-31,32.13068854044835,32.36065012416652,31.881564303672487,32.27122116088867,6188800
2006-08-01,32.06680193444183,32.23927307128906,31.900717534475255,32.23927307128906,4619900
2006-08-02,33.695704473389775,33.695704473389775,32.45008078749608,32.53312301635742,14059200
2006-08-03,28.75152411601903,29.31365192929498,28.234113202704616,28.310766220092773,47864500
2006-08-04,28.425760278716027,28.64933269946395,27.774203233849267,27.863632202148438,13452900
2006-08-07,27.85085238963844,28.010547649755075,27.818913824966373,27.978609085083008,5538000
2006-08-08,28.106350518894004,28.13828906622357,27.35897827701125,27.39091682434082,8841900
2006-08-09,27.7869796584221,28.04249308975394,27.614508457786613,27.818918228149414,7692700
2006-08-10,27.627265415903068,27.946655767532004,27.569775055139658,27.72308349609375,5543400
2006-08-11,27.531452625123677,27.678374359444362,27.44202369936707,27.505903244018555,4526800
2006-08-14,27.384527691977556,27.62726503818829,27.065137344715264,27.129016876220703,8941100
2006-08-15,27.14818039381435,27.703918933702194,27.10985267367362,27.62726593017578,8785700
2006-08-16,27.72310313414735,27.81891884545545,27.569794584594973,27.659223556518555,6821400
2006-08-17,27.537843802215903,29.03259114127425,27.531454628908005,28.425748825073242,15595500
2006-08-18,28.47686760731086,29.224240455883567,28.42576394069549,29.083707809448242,8561800
2006-08-21,28.745138500215386,29.27532777997315,28.681261389361584,29.109243392944336,6389500
2006-08-22,28.904831377936585,29.128403684610735,28.725973532597262,28.97509765625,6060700
2006-08-23,29.351976493739464,29.54361023493938,28.49601017540831,28.943157196044922,11836600
2006-08-24,28.36825844206387,29.696923826122948,28.36825844206387,29.511676788330078,5644500
2006-08-25,29.588325538210672,29.696919537936456,29.17311705645872,29.473344802856445,2944500
2006-08-28,29.447808825183518,29.677770419575616,29.313665374040326,29.345603942871094,4879400
2006-08-29,29.633043393436,29.633043393436,29.192285481909902,29.371143341064453,4624800
2006-08-30,29.52444836119032,29.863001394023982,29.428630269715935,29.735244750976562,5876300
2006-08-31,30.022697447992012,30.03547335633797,29.735245602096334,29.958820343017578,4460000
2006-09-01,30.0865717015427,30.0865717015427,29.792733147699966,29.9652042388916,3578600
2006-09-05,30.08657997673387,30.150459529979354,29.652208761687742,29.722475051879883,3400900
2006-09-06,29.73524423078072,29.97798160464877,29.62665266998108,29.894939422607422,4098500
2006-09-07,29.89493653464374,29.958816067256564,29.70330281031529,29.856611251831055,4046600
2006-09-08,28.17023538528188,29.997149062907784,28.17023538528188,29.80551528930664,3412300
2006-09-11,30.974478506669772,30.974478506669772,28.655703786695813,29.926876068115234,3376600
2006-09-12,29.926886890097236,30.137685775756836,29.505291555534015,30.137685775756836,5232000
2006-09-13,30.112126493893317,30.118515666470337,29.575550524926065,29.61387825012207,5748100
2006-09-14,29.61388206094682,29.779964017990828,29.60749288754762,29.64582061767578,6537300
2006-09-15,29.68414791626596,29.754414202101575,29.39030686306651,29.511676788330078,10339600
2006-09-18,29.064547329839044,29.72249124787312,29.064547329839044,29.71610450744629,4588700
2006-09-19,29.71607922193225,29.95881657647685,29.620261139761865,29.696916580200195,4265600
2006-09-20,29.863014823626628,30.55928628276005,29.76719668906217,30.361263275146484,6908800
2006-09-21,30.437911673551156,30.5017887905568,30.0354790134993,30.16962242126465,6476900
2006-09-22,29.958827165301347,29.96521390255105,29.492514933128056,29.76719093322754,7029400
2006-09-25,30.022696093658162,30.054634644704624,29.42224304901689,29.68414306640625,6432900
2006-09-26,29.51167346129178,29.735245766695243,29.339202352799663,29.562774658203125,5528300
2006-09-27,29.40309047008447,29.5563989917459,29.30727477620783,29.364765167236328,5733700
2006-09-28,29.307263317993076,29.613877804683064,28.936769290270593,29.60748863220215,7383600
2006-09-29,29.447807615545752,29.81830182168224,29.403093133668108,29.664993286132812,6392900
2006-10-02,29.70331707117841,30.13768835447162,29.70331707117841,29.831073760986328,6767500
2006-10-03,29.97159897354764,30.405970185056077,29.90772185757819,30.182397842407227,7605500
2006-10-04,30.316858244703184,31.373307325497866,30.22081897345782,31.322084426879883,10556600
2006-10-05,31.053161641706694,31.776668978273367,30.841870915896376,31.48854637145996,8516000
2006-10-06,31.48856401182003,31.680645043155124,31.386120632278462,31.55899429321289,4515500
2006-10-09,31.501369739568084,31.62942457460575,31.405328002679124,31.55899429321289,2594400
2006-10-10,31.57177862045793,31.67422193055969,31.373293638567763,31.655012130737305,4273800
2006-10-11,31.655015556401317,31.68703107875625,31.37329703374457,31.43092155456543,5420300
2006-10-12,31.430919566575383,31.437321205176605,31.05315938562986,31.38610076904297,5419400
2006-10-13,31.373297244089084,31.437323404345335,31.085174638053036,31.129993438720703,4058400
2006-10-16,31.23883972629686,31.469337802892763,31.059562087588173,31.136396408081055,3043900
2006-10-17,31.136406159452253,31.2324454264841,31.0275587258856,31.149211883544922,3992600
2006-10-18,31.149207454491496,31.283663874683228,30.675405500200235,30.797056198120117,6807800
2006-10-19,30.60497070927901,30.809857350354104,30.470514309031245,30.78424835205078,5287100
2006-10-20,30.92511191081374,31.264457455144804,30.701017870404236,31.01474952697754,5304000
2006-10-23,30.873877157087186,31.168401314425527,30.797042856740966,31.06595802307129,4144300
2006-10-24,31.34128197151056,31.616598837747528,31.200421497870824,31.38610076904297,8530800
2006-10-25,31.514173128959698,31.53338049793517,31.142814379149616,31.366910934448242,4555700
2006-10-26,31.322068776629813,31.36048593139795,31.11718216941511,31.21962547302246,3552700
2006-10-27,31.149220259218325,31.309288189753996,31.097997349074372,31.162023544311523,3130700
2006-10-30,31.238834072929514,31.475733745473505,31.129986693150325,31.181209564208984,2767100
2006-10-31,31.136403890251188,31.251652956243834,31.001945018298468,31.16841697692871,3832000
2006-11-01,31.194016749217198,31.315667410042096,31.05315628962129,31.15559959411621,4595700
2006-11-02,31.014754362498685,31.328488510428247,31.014754362498685,31.322084426879883,3807500
2006-11-03,31.37330760261174,31.501362407845544,31.28366997168075,31.379709243774414,4558400
2006-11-06,31.398919230670902,31.770275481273863,31.37330778099007,31.751068115234375,4485400
2006-11-07,31.911129390667277,32.06479561442497,31.6934369984349,31.699838638305664,3708100
2006-11-08,31.610203651201413,31.71905107758002,31.405316964133185,31.661426544189453,3976900
2006-11-09,31.603793118103802,31.917524700830675,31.29646317397815,31.38610076904297,5704600
2006-11-10,31.35409848021883,31.53337373203777,31.270862495113416,31.347694396972656,2884000
2006-11-13,31.37969483428554,31.597387170486474,31.28365560629289,31.309267044067383,2341700
2006-11-14,31.059571711947846,31.520568007987542,30.89950382498319,31.347694396972656,5114300
2006-11-15,31.354092087655314,31.52056158148374,30.86108280322728,30.944318771362305,6486200
2006-11-16,30.867485527214363,31.430925078133765,30.867485527214363,31.251649856567383,7137200
2006-11-17,31.26445640367616,31.26445640367616,30.76504300657948,31.1876220703125,8795800
2006-11-20,31.27727232733544,31.52057626312604,31.13641421077689,31.34130096435547,6866300
2006-11-21,33.61423764716593,34.48500686081637,33.47978128276305,34.286521911621094,27688500
2006-11-22,33.93438154068877,34.68990192887677,33.90236846168583,34.491416931152344,7112100
2006-11-24,34.23530556589659,34.299331715877926,34.10084674303008,34.22249984741211,1449200
2006-11-27,33.95358250108942,33.98559801650045,33.41575457089238,33.81912612915039,7091200
2006-11-28,33.62065276151985,33.92798520683837,33.588639677511345,33.71029281616211,5789200
2006-11-29,33.65266778386087,33.90877489453421,33.473390119703645,33.761512756347656,3847800
2006-11-30,33.72949864650241,33.81913625463268,33.338932688984805,33.377349853515625,5016000
2006-12-01,33.11483452886821,33.665468272765295,32.909947895200645,33.39655303955078,5872200
2006-12-04,33.505399371005204,34.26091728207864,33.36453889892717,34.15847396850586,6010600
2006-12-05,33.934379302759524,34.286528033450864,33.8127286335945,33.99840545654297,5450400
2006-12-06,33.99841929841606,34.39538942930483,33.93439311856545,34.30575180053711,3752700
2006-12-07,34.30575439587356,34.491431308464215,34.088061948493326,34.273738861083984,6719400
2006-12-08,34.09446009289783,34.382582779354415,33.972809377479344,34.20970916748047,3005100
2006-12-11,34.2481192226161,34.71551706465111,34.22250777971076,34.523433685302734,4431300
2006-12-12,34.414589942229455,34.8243632735416,34.13287138756278,34.677101135253906,4128200
2006-12-13,34.753929342133084,34.88198410521133,34.510627978970014,34.645084381103516,4108800
2006-12-14,34.63866764979708,34.830750945487644,34.47219822829789,34.536224365234375,4000600
2006-12-15,34.222516651599854,34.88839968511314,34.222516651599854,34.766746520996094,4243600
2006-12-18,34.574665773540325,34.798759852503025,34.4145978764406,34.657901763916016,3117700
2006-12-19,34.66430021941351,34.997241707876086,34.54905114869793,34.81796646118164,3414600
2006-12-20,34.3761737057348,34.914001828230596,34.3761737057348,34.77314376831055,3112000
2006-12-21,34.74111100546349,34.91398450647448,34.35054766144671,34.38256072998047,2559500
2006-12-22,34.40178994744647,34.44020711956822,34.075252532958984,34.075252532958984,2115700
2006-12-26,34.0432214388472,34.26091376313529,33.96638957216934,34.216094970703125,1510000
2006-12-27,34.45302024151519,34.83718227545324,34.09446721871508,34.139286041259766,2934700
2006-12-28,34.13926702565013,34.22890462081125,33.8191313615368,34.062435150146484,2456200
2006-12-29,34.09445578540456,34.41459152047878,33.966401002886506,34.26092529296875,3163500
2007-01-03,34.055617452667086,34.369995358196775,33.61933581246536,33.7284049987793,5864500
2007-01-04,33.728403907697775,34.20959666169476,33.49743099418355,34.132606506347656,6061600
2007-01-05,33.94654765759214,34.38924414847855,33.85030811947752,34.23526382446289,4437500
2007-01-08,34.2352550673879,34.76777368564874,34.2352550673879,34.45339584350586,5466200
2007-01-09,34.62021216575261,34.902513465481825,34.511142989019255,34.54963684082031,7599300
2007-01-10,34.54964381294608,34.96667857308224,34.24809797393711,34.780616760253906,4264400
2007-01-11,34.78704507306371,34.87045009357667,34.3315138613455,34.61381530761719,7007500
2007-01-12,34.72285926959038,34.81909877395313,34.41489628209075,34.466224670410156,2856000
2007-01-16,34.27375002478538,34.99233286790013,34.26733519916497,34.97308349609375,4237200
2007-01-17,34.97308940611649,35.030832636348386,34.620215198020695,34.838356018066406,6429200
2007-01-18,34.96667928133188,35.19765223331806,34.64588405856737,34.7357063293457,5380900
2007-01-19,34.735709333285605,34.735709333285605,34.10053610786722,34.498321533203125,7425200
2007-01-22,34.42131055709249,34.58170808541543,34.04277229235146,34.1197624206543,4893600
2007-01-23,34.04278337591226,34.241674809405154,33.81822529466587,33.89521789550781,5485500
2007-01-24,34.004272760855095,34.299403597423996,33.90803327405263,34.28657150268555,3594500
2007-01-25,34.24168449779145,34.53040071395634,33.95938555724885,34.2545166015625,3704700
2007-01-26,34.32509684622018,34.36359316302617,33.985054613925904,34.09412384033203,4445800
2007-01-29,34.63305759692245,34.63305759692245,33.69633598127234,33.8182373046875,4421900
2007-01-30,33.908057651730985,34.13903062813394,33.818235371457305,34.0812873840332,3433200
2007-01-31,33.94012889588541,34.389240161760206,33.79256096855759,34.29300308227539,4247300
2007-02-01,34.292998871573694,34.376406288197536,34.00428277362389,34.2224235534668,5218900
2007-02-02,34.21600814367741,34.517553887522475,34.14543282677565,34.45339584350586,7275300
2007-02-05,34.453402063760215,34.4918959181309,34.19035011984444,34.203182220458984,4502000
2007-02-06,34.20959010472568,34.43414570122776,33.99144933349261,34.15826416015625,3513000
2007-02-07,34.09410367010391,34.20959010472568,33.92087401817126,34.15826416015625,4028900
2007-02-08,34.26093463001131,34.658720065760534,34.19677410974622,34.581729888916016,4388500
2007-02-09,34.5432303478673,34.71004279001676,34.37000063055439,34.50473403930664,3934900
2007-02-12,34.5111501502196,34.64588355442656,34.37641674601264,34.38283157348633,2601800
2007-02-13,34.38283305537031,34.93460124587304,34.34433674644917,34.91535186767578,4498500
2007-02-14,34.91534475352355,35.07574233680318,34.76777927060303,35.018001556396484,4041600
2007-02-15,34.96025212361863,35.04365708994048,34.62020764313682,34.68436813354492,4540800
2007-02-16,34.543216817167696,35.0885675137244,34.47264150285444,34.729278564453125,5728400
2007-02-20,34.33791385996021,35.05007949928666,34.32508175999805,34.99233627319336,6281800
2007-02-21,33.65142198119972,33.72841215537338,33.0290784173227,33.37553787231445,23595000
2007-02-22,33.2985696524728,33.343480820974285,32.71472201447837,32.881534576416016,11122800
2007-02-23,32.76602652535866,33.041910635198,32.61846100456819,32.94567108154297,5925600
2007-02-26,33.04188503287143,33.04188503287143,32.560692532392714,32.669761657714844,4697000
2007-02-27,32.342563820242916,32.71468733330631,31.880618065398025,32.041015625,11025000
2007-02-28,32.63771120841213,32.772447086531855,32.04103178986712,32.31050109863281,14156100
2007-03-01,32.32332385472084,32.701862274770676,32.01536076768467,32.175758361816406,12112800
2007-03-02,32.1116039453488,32.13085332457675,31.4251023080741,31.5341739654541,11056600
2007-03-05,31.187706835870397,31.822879902229236,31.117131506836543,31.502084732055664,10999100
2007-03-06,31.758716583251953,31.931946240130028,31.630398046956433,31.758716583251953,7524600
2007-03-07,31.765158339057816,32.07953889713859,31.688168130997568,31.81007194519043,5912700
2007-03-08,31.970453635954783,32.32332789768713,31.944789430290122,32.028194427490234,5872700
2007-03-09,32.00253266929893,32.12443397499604,31.867796813296135,32.028194427490234,4465600
2007-03-12,32.342585440771025,32.35541754781396,31.810066459597326,31.848560333251953,4712400
2007-03-13,31.521331764843172,32.162922057526885,31.508499665292767,31.59832191467285,6843800
2007-03-14,31.62397847221867,31.931941444594564,31.489245130705243,31.842119216918945,4277500
2007-03-15,31.745887649942567,31.765134575690436,31.457171526360753,31.64965057373047,4289800
2007-03-16,31.758706029992872,31.758706029992872,31.162027114843756,31.354503631591797,7715600
2007-03-19,31.367344019097306,31.566237859224266,31.25185758902002,31.55340576171875,4335700
2007-03-20,31.534171849989203,31.75231270264175,31.245455655673577,31.66890525817871,4276700
2007-03-21,31.887054682192986,31.957630042826995,31.52134822024769,31.925548553466797,5468400
2007-03-22,31.931961596623946,32.06028019462954,31.566255183165897,31.944793701171875,6708400
2007-03-23,31.964036360801938,32.10518704448422,31.784391816096026,32.028194427490234,7086400
2007-03-26,31.88063044554224,32.00894903254804,31.425101786771474,31.970455169677734,7710600
2007-03-27,31.797228232501098,31.94479376388142,31.200548830956393,31.232627868652344,9938200
2007-03-28,30.873337227454158,31.39302646493135,30.873337227454158,31.226211547851562,7313100
2007-03-29,31.232616506280678,31.546994387794033,31.149209080635732,31.418678283691406,6564900
2007-03-30,31.41226656737186,31.688150645452176,31.149214591466585,31.47642707824707,4472700
2007-04-02,30.89899826848001,31.502092455171855,30.89899826848001,31.348112106323242,4349300
2007-04-03,31.225923167967526,31.76607513427734,31.21306211484169,31.766075134277344,7669800
2007-04-04,31.766088671058057,31.881835745519908,31.592468059365284,31.669631958007812,4358400
2007-04-05,31.528155354409485,31.72749803645186,31.508864997532832,31.59246063232422,3121900
2007-04-09,31.431696903835782,31.59245639758065,31.2645056566638,31.476709365844727,4096800
2007-04-10,31.48315293128942,31.971863387385792,31.31596406135939,31.81110382080078,5114100
2007-04-11,31.84324932117688,32.216210170731195,31.733931560672367,32.1583366394043,7890100
2007-04-12,32.31910260604154,33.07145866297392,32.19049691350284,32.769229888916016,10642500
2007-04-13,32.769215948034784,32.87853368378167,32.473419056241354,32.6599006652832,5930800
2007-04-16,32.67919509116958,33.27079140144624,32.5827383977889,33.05215835571289,7668700
2007-04-17,33.457273677933046,33.54729862515782,33.23864061196038,33.47013473510742,5663600
2007-04-18,33.425111173861204,33.476555385493846,33.04571869855306,33.38652801513672,4518900
2007-04-19,33.38652703749724,33.5987307247755,33.18718685574548,33.270782470703125,4975500
2007-04-20,33.61159611836647,33.88810265101939,33.290077122537056,33.65660858154297,6888000
2007-04-23,33.57301186805282,34.02313893822934,33.560150814276895,33.79807662963867,4877500
2007-04-24,33.95884608616822,34.38968047559385,33.855960078768376,34.27393341064453,8073600
2007-04-25,34.14531529265019,34.691899040017375,34.10673458429157,34.453975677490234,9583000
2007-04-26,34.45398237811301,34.929829195710155,34.44755062347226,34.76906967163086,9277900
2007-04-27,34.56329552631365,34.71762573914452,34.318940378079574,34.46683883666992,5012700
2007-04-30,34.40254230508613,34.53115043047069,34.01672038192841,34.0360107421875,6096900
2007-05-01,34.15175215679453,34.8333709384152,34.13246179972845,34.5954475402832,7744100
2007-05-02,34.569740064002396,34.84624674632151,34.39612187091513,34.756221771240234,6644600
2007-05-03,34.71764048224563,34.852677942695095,34.38326025661132,34.73693084716797,3242100
2007-05-04,34.67261006426003,34.724054285083156,34.32537138568575,34.52471160888672,3475100
2007-05-07,34.6854705487419,34.74334406971792,34.43468610884427,34.50542068481445,3471000
2007-05-08,34.50541950501174,34.50541950501174,34.2031908554712,34.357521057128906,3234100
2007-05-09,34.35752354453617,34.71762573914452,34.26106685489244,34.46683883666992,3482800
2007-05-10,34.209646154920655,34.38969613661593,33.86240480193946,33.90741729736328,4624700
2007-05-11,33.90739789706549,34.44754998609746,33.89453684101764,34.35109329223633,5655000
2007-05-14,34.351094074198045,34.58258818233794,34.273930189149965,34.40253829956055,4786100
2007-05-15,34.466839148090536,34.53757372740232,34.016714467007446,34.02314376831055,8172300
2007-05-16,33.98456361676202,34.081020315835325,33.40583078130944,33.611602783203125,8808700
2007-05-17,33.37367084457021,33.470125066019875,32.923543785486395,33.09073257446289,9884100
2007-05-18,33.116451765851274,33.13574211784388,32.92997018660635,32.955692291259766,6686800
2007-05-21,32.666334900121065,32.78851370870438,32.151904912126184,32.518436431884766,14721500
2007-05-22,32.5634348475896,32.827080255955366,32.15832033371234,32.66632080078125,8683300
2007-05-23,34.402529587844924,34.839795580715084,34.016707807310105,34.06814956665039,21754800
2007-05-24,33.77235952254133,34.35752406451377,33.75949846686115,34.12602996826172,7204800
2007-05-25,34.01671506522413,34.33823410193516,33.888106959940615,34.15175247192383,4241300
2007-05-29,33.91382393139862,34.20318905818402,33.76592303829225,34.08101272583008,4648300
2007-05-30,33.99098780167505,34.19675975774233,33.72734232965164,34.08101272583008,4382000
2007-05-31,34.07458591798719,34.26749683428755,34.04886380834838,34.190330505371094,4874300
2007-06-01,34.21605322160051,34.47969871758389,34.12602828926405,34.318939208984375,4509800
2007-06-04,34.08101163876868,34.338227802146115,33.87523968926478,34.22248077392578,3634000
2007-06-05,33.849526598843056,34.22248988978724,33.77236271047369,33.81737518310547,5933300
2007-06-06,33.75950507514445,33.87525214592749,33.70806084235376,33.791656494140625,4354300
2007-06-07,33.605170795094594,33.76593032377051,33.180765737510015,33.2193489074707,6513800
2007-06-08,33.16148711504614,33.66305623706421,32.91070255403711,33.53445053100586,5983400
2007-06-11,33.48299500612712,33.48299500612712,33.225778774670566,33.23863983154297,5160700
2007-06-12,33.11644276928583,33.55370861762468,33.11644276928583,33.25148010253906,5784800
2007-06-13,33.483007461509715,33.57946419743592,33.129336851441444,33.392982482910156,4648700
2007-06-14,33.058583747118426,33.56658435991313,33.058583747118426,33.41868591308594,4936900
2007-06-15,33.24506937387106,33.95241028380626,33.24506937387106,33.70162582397461,6220600
2007-06-18,33.843086926314044,33.8816676321785,33.63088323207942,33.67589569091797,3616200
2007-06-19,33.553730035804215,34.06173075049592,33.53443967673859,33.84309768676758,6138200
2007-06-20,33.72735211829834,33.90740201886407,33.08431395571113,33.148616790771484,8029200
2007-06-21,33.27078133552338,33.437970106739336,33.04571660339264,33.30293273925781,7889800
2007-06-22,33.05215741970642,33.457269633243406,32.97499108598891,33.18719482421875,12731500
2007-06-25,33.14218574914335,33.437982699690856,32.8656791575024,32.872108459472656,6890600
2007-06-26,32.91069316293287,33.53444096191447,32.88497104786239,33.22578048706055,6749300
2007-06-27,33.238626107144945,33.27720926183098,32.74348666048394,33.23219680786133,7961600
2007-06-28,33.560148719335324,33.560148719335324,32.987845353505506,33.309364318847656,4774300
2007-06-29,33.32867487724143,33.4058387831861,33.02644610387999,33.347965240478516,4807300
2007-07-02,32.98785067402008,34.58258470496775,32.962128563925255,34.318939208984375,11371900
2007-07-03,34.39951034362689,34.52842037643858,33.961217707319776,34.051456451416016,3920700
2007-07-05,34.051457175387135,34.19325600161586,33.92899153517281,34.10301971435547,4193800
2007-07-06,34.21903065182377,34.50263069798767,34.00632877313546,34.38661193847656,4383300
2007-07-09,34.96025737554595,34.966701768674774,34.057889894788396,34.26414489746094,3471700
2007-07-10,34.16103220693436,34.33506040190703,33.812975816989,33.91610336303711,6653600
2007-07-11,33.74851415282709,34.16746863524515,33.74851415282709,34.077232360839844,5049200
2007-07-12,34.08365826029125,34.30280441715924,33.85806525421248,34.289913177490234,4463400
2007-07-13,34.057900135781075,34.148136419239584,33.76785318269705,33.993446350097656,3476500
2007-07-16,33.787194335179635,33.993451892253475,33.787194335179635,33.8129768371582,4945900
2007-07-17,33.51647606837132,33.88386801318968,33.464911078833424,33.606712341308594,5811100
2007-07-18,34.3157371039217,34.3157371039217,33.35535948801812,33.471378326416016,10245600
2007-07-19,33.510040984550926,34.09013252550177,33.43269347875371,33.568050384521484,5185100
2007-07-20,33.51648260072554,33.638945786615025,33.419799455875484,33.458473205566406,8722600
2007-07-23,33.54225579992608,33.96765709355296,33.48424642085179,33.63249206542969,5809400
2007-07-24,33.2070809516652,34.21902013056443,33.20063410103353,33.32954406738281,7718900
2007-07-25,33.19420800062194,33.62605379829197,32.76880659838162,33.27155303955078,9140600
2007-07-26,33.23932287131125,33.394015392688466,32.6463401999994,32.82036590576172,12078000
2007-07-27,32.42719590476825,33.60671692567728,32.25961212466365,32.74946975708008,14206200
2007-07-30,32.85904728257195,33.44558569531702,32.549664626715135,32.95573043823242,5406600
2007-07-31,34.00634592416364,34.00634592416364,32.65279632554602,32.65924072265625,8496200
2007-08-01,32.70435160233034,33.92899076540861,32.50454092881952,33.78718948364258,8779800
2007-08-02,33.58092631522851,34.148128846729136,32.67856122199283,34.10945510864258,7210400
2007-08-03,34.154586263798514,34.16103065942943,33.22643593265639,33.29733657836914,8125400
2007-08-06,33.43912898256302,34.380167854863856,33.2715452356441,34.36083221435547,8006100
2007-08-07,34.457530607759125,34.80558706854582,33.92255712211008,34.62511444091797,7008300
2007-08-08,34.62509512138183,34.92158640384063,34.34793947859312,34.77978515625,7235100
2007-08-09,34.251269635991115,34.83780803456879,34.22548713393711,34.44463348388672,7397100
2007-08-10,34.57998647312995,34.57998647312995,33.58738238528373,34.199703216552734,6708400
2007-08-13,34.16101341673031,34.4188333694145,33.79362158234498,34.00632095336914,5143500
2007-08-14,34.08368994505294,34.4188551117645,33.9032148806668,34.02568054199219,4357900
2007-08-15,33.941888274554316,34.43819039351557,33.83876072118281,33.93544387817383,6553900
2007-08-16,33.80652895928415,34.47041233495287,33.406910054792206,33.78074645996094,10706300
2007-08-17,33.516478018319035,34.30282694324247,33.516478018319035,34.19325256347656,7693300
2007-08-20,33.80652768190116,34.2577115679915,33.80652768190116,34.173919677734375,6138600
2007-08-21,34.34794887042748,34.483303302635825,34.0321194031869,34.07079315185547,5671200
2007-08-22,33.58092552270247,34.30926492424392,33.52291614631857,33.92898178100586,11097700
2007-08-23,34.31571002330659,34.60575443165411,33.67760691568415,34.52196502685547,7052600
2007-08-24,34.16102145912245,34.81846028036735,34.16102145912245,34.76689529418945,4944400
2007-08-27,34.1803648983723,35.256760872271386,34.1803648983723,34.60576629638672,4566600
2007-08-28,34.52842075920212,34.52842075920212,34.12235501190791,34.141693115234375,4888900
2007-08-29,34.16101497078462,34.289924952991086,33.74205814330193,34.251251220703125,4535200
2007-08-30,33.94189000354822,34.14170072408906,33.76141739064354,33.89032745361328,3634500
2007-08-31,33.98054682995881,34.161019352946774,33.70339119322517,34.057891845703125,4362300
2007-09-04,33.93542754479922,34.470400702066456,33.838744434342495,34.45106506347656,4246200
2007-09-05,34.41239898996224,34.70889032187561,34.16102579730725,34.57998275756836,4614200
2007-09-06,34.17391952381275,34.97960415293294,34.17391952381275,34.8442497253418,5670400
2007-09-07,34.43173468913979,34.902256642896255,34.43173468913979,34.70244598388672,5338100
2007-09-10,34.74112427038997,34.90870560142464,34.63154987571942,34.75401306152344,4107800
2007-09-11,34.85713830074763,35.12784713516525,34.728228278225544,35.121402740478516,4623200
2007-09-12,35.16006354011387,35.282529131425584,34.895799179196096,35.01826477050781,5316700
2007-09-13,34.91514419198883,35.52746493671327,34.72822724657631,35.095619201660156,5663000
2007-09-14,35.09562024422327,35.37922032676851,34.32216256784494,35.121402740478516,3665000
2007-09-17,35.20519386533476,35.211640719087,34.43818300535622,34.9409294128418,4524500
2007-09-18,34.97961358356492,35.93998854349436,34.80558536170579,35.68217086791992,9709600
2007-09-19,35.80461353105441,36.30091540661897,35.61769416387679,36.2364616394043,9209800
2007-09-20,36.10112006242237,36.73922344623534,36.088231270531296,36.48140335083008,7970800
2007-09-21,36.82943170559476,36.848767337466775,36.23000253003445,36.462039947509766,7858400
2007-09-24,36.378279967285025,36.842355208618045,36.2493723635858,36.70055389404297,6767500
2007-09-25,36.642536051982056,36.66187415508831,36.178463376256076,36.26225280761719,6373600
2007-09-26,36.42984497576867,36.80368145225532,36.1011241935728,36.70055389404297,5928700
2007-09-27,36.42339123460953,36.92614013726227,36.42339123460953,36.7650032043457,5050500
2007-09-28,36.96480251698531,36.96480251698531,36.19134739243507,36.35892868041992,5699100
2007-10-01,36.55230242687214,37.37087836698627,36.204246050681014,37.29353332519531,6704600
2007-10-02,37.15174172242027,37.37733496971602,36.84235901581243,36.958377838134766,3332100
2007-10-03,36.85178709283175,36.9616008875791,36.4125368420952,36.71613693237305,6692600
2007-10-04,36.593401141102696,36.987432153228404,36.593401141102696,36.81948471069336,5365400
2007-10-05,35.850545385683624,36.30271491940928,35.411295263107355,36.10892868041992,15346700
2007-10-08,36.121850487454886,36.59340043341213,36.1153920130741,36.43191146850586,3830200
2007-10-09,36.632166083276836,36.73551895011376,36.263971341162396,36.59986877441406,4163000
2007-10-10,36.56110622539566,36.86470631407852,36.17999211173313,36.72259521484375,5682700
2007-10-11,37.01325536421224,37.1424469769571,36.39959705176794,36.457733154296875,6158500
2007-10-12,36.67090402812529,36.858231765585565,36.20581515281022,36.38668441772461,3628700
2007-10-15,32.65306958697823,33.1504559155408,31.451591243194123,32.297794342041016,62884200
2007-10-16,32.29133242192356,32.698282813041104,31.826243444502502,32.4915771484375,23809800
2007-10-17,32.60786124583527,32.85978371213752,31.877930216301134,32.11693572998047,15183900
2007-10-18,32.22673180104523,32.29778732742567,31.341773118228943,31.613073348999023,13225000
2007-10-19,31.651836080175165,32.12338354649082,30.64414408523118,30.66998291015625,13135300
2007-10-22,30.81209970206289,30.81209970206289,29.972357449143757,30.35993003845215,14474800
2007-10-23,30.68290131601102,31.083393232706864,30.392220705455212,31.025257110595703,16448000
2007-10-24,31.04463294501117,31.04463294501117,30.23718829098688,30.5537052154541,11663800
2007-10-25,30.676440547751593,30.93482137682333,30.489112783389736,30.80562973022461,7514400
2007-10-26,30.999424072560977,31.173829993458014,30.669985190586228,30.889610290527344,6554800
2007-10-29,31.00588654817335,31.12215881985912,30.72812528404918,30.857316970825195,7023800
2007-10-30,30.689363563470682,30.773338519984616,30.198438166266683,30.321168899536133,9913800
2007-10-31,30.508492024773897,30.695819797466992,30.23719177256388,30.644142150878906,8753600
2007-11-01,30.52787682900476,30.84439632577809,30.166143077408243,30.230737686157227,8137700
2007-11-02,30.23719486199578,30.437439602669734,30.14030049680601,30.282411575317383,5789200
2007-11-05,30.15968021081972,30.32763012543709,30.043407951200372,30.204896926879883,5201000
2007-11-06,30.08862194529786,30.30824454880657,29.89483323658299,30.133838653564453,5314000
2007-11-07,30.030491547430813,30.030491547430813,29.397452582829537,29.429752349853516,9546600
2007-11-08,29.455575692623817,29.791472915351786,29.10030058954862,29.707500457763672,9711700
2007-11-09,29.571866715379898,30.10155047091901,29.358702503578417,29.739816665649414,6224500
2007-11-12,29.713960162580484,30.263021484282405,29.597687947422973,29.946504592895508,5571600
2007-11-13,30.198434502337918,30.28886792263023,29.875456593222005,30.263029098510742,6175300
2007-11-14,30.385770439568525,30.521420606428947,29.907761921516705,30.14030647277832,6039100
2007-11-15,30.011107899424797,30.37284405889191,29.81732163918834,29.875457763671875,5007900
2007-11-16,29.998180659998383,30.263022388184105,29.339305575801507,29.565391540527344,8580600
2007-11-19,29.33286221632306,29.56540677339679,28.984045380712466,29.229509353637695,8693900
2007-11-20,30.74748489083069,31.916665387924727,30.708729132732273,31.27716827392578,18802100
2007-11-21,31.083383514433738,31.542013873975066,30.90897520262931,31.19319725036621,8682900
2007-11-23,31.464503982694,31.574317741509958,31.076931518447918,31.212581634521484,2551400
2007-11-26,31.1544558562439,31.85854795575471,31.012344755605945,31.567867279052734,7611700
2007-11-27,31.6453688868402,32.259024792912776,31.01233017122536,32.239646911621094,9735900
2007-11-28,32.1427659086134,32.69828840122234,31.936060208683507,32.52388000488281,7405400
2007-11-29,32.45927623004452,32.646603987737414,32.21381235665817,32.48511505126953,4732300
2007-11-30,32.80810319842279,32.8726978075882,32.15568631087069,32.846858978271484,6785800
2007-12-03,32.808097338082575,32.81455581219492,32.55617495756009,32.672447204589844,5537700
2007-12-04,32.414073327607724,33.06002934854191,32.414073327607724,32.6466178894043,8260300
2007-12-05,32.43344324674501,33.10523793476264,32.43344324674501,33.07939910888672,6055400
2007-12-06,33.06648156910172,33.07294250799973,32.510961566056594,32.79518127441406,6822300
2007-12-07,32.78872653840369,32.87916245120087,32.49804830028463,32.6466178894043,4079100
2007-12-10,32.672451792212605,32.87915749059493,32.465743629703994,32.691829681396484,4025800
2007-12-11,32.691829439535994,32.76288498485291,32.110468127057814,32.12984848022461,6592900
2007-12-12,32.59492595146179,32.59492595146179,31.96835056114237,32.29132843017578,6167500
2007-12-13,31.916687464927566,32.401154489267164,31.80687612219141,32.362396240234375,5568000
2007-12-14,32.16859812489539,32.17505906276121,31.76164528375213,31.91021728515625,8893300
2007-12-17,31.70998099442205,31.871469998780665,31.542033514104823,31.74873924255371,5618700
2007-12-18,31.677679107781223,32.07171261572411,31.593704147696766,31.98773765563965,5913700
2007-12-19,31.929606120211094,32.32363968487555,31.75519769991076,32.032958984375,4415300
2007-12-20,32.20091820806465,32.4140849542145,31.871481603438344,32.22675704956055,3841300
2007-12-21,32.23320185476307,32.65307173029375,32.23320185476307,32.575557708740234,7011400
2007-12-24,32.46573832433057,32.71120222509457,32.271952071780426,32.4915771484375,981100
2007-12-26,32.233180734622316,32.833919552324325,32.220261328807524,32.72410583496094,2518000
2007-12-27,32.72413122174755,32.74997005342243,32.22028632472042,32.46574783325195,2721000
2007-12-28,32.65307124611759,32.74996561971749,32.233201376812694,32.43990707397461,2587800
2007-12-31,32.29780150658914,32.633698937952865,32.12985402297062,32.47220993041992,3186100
2008-01-02,32.378294973662406,32.604942050370894,31.82786494721729,32.05451202392578,5826800
2008-01-03,32.09984570087739,32.365347656099026,31.886150210220062,32.216407775878906,3325200
2008-01-04,32.0091930106326,32.19698777537192,31.78254586027044,31.847301483154297,5302500
2008-01-07,32.00271667682649,32.533723171393895,31.80844733359236,32.229366302490234,7582500
2008-01-08,32.33944318654831,32.553141139298,31.873197374648434,31.98975944519043,5230900
2008-01-09,31.983291761503175,32.88340831499224,31.983291761503175,32.87045669555664,6478600
2008-01-10,32.56610116302696,33.097105190252016,32.56610116302696,32.902835845947266,4699100
2008-01-11,32.540199808472956,32.80570183745272,32.37830826713727,32.43011474609375,4835000
2008-01-14,32.37829656293098,32.62437230848429,31.93147695965901,32.151649475097656,6028600
2008-01-15,31.81491928480595,31.827870901650577,31.193254027605448,31.348670959472656,9613600
2008-01-16,31.22562757867435,31.68539876141385,30.772330967828335,31.355138778686523,10525800
2008-01-17,31.212687681058313,31.575323129644886,30.78529413788933,30.966611862182617,7406600
2008-01-18,31.1738359106559,31.381056893297938,30.254293108965467,30.429136276245117,7987200
2008-01-22,28.693657902143837,30.293144663384055,28.693657902143837,30.060020446777344,9087600
2008-01-23,28.661283868317767,30.720544937101806,28.661283868317767,30.662263870239258,11612900
2008-01-24,30.720534972486785,30.759389827881872,30.047068104185747,30.286666870117188,6778200
2008-01-25,30.51330769724308,30.539210928807698,29.762131273745972,29.865741729736328,6972500
2008-01-28,29.846328419417365,30.18306316424879,29.74271791872071,30.098878860473633,4465400
2008-01-29,30.228399421255943,30.61046369191644,30.144215098494886,30.247825622558594,6362400
2008-01-30,30.17657373078075,30.34494226921485,29.79450970312573,29.91107177734375,5402000
2008-01-31,29.742719087411743,30.35790754021371,29.613205338884597,30.111831665039062,7186700
2008-02-01,30.10535034976883,32.37830637002644,29.988788249215236,30.986038208007812,13331400
2008-02-04,30.875960966648485,31.61418614348363,30.623410508285865,30.791776657104492,5733600
2008-02-05,30.623399721545677,30.791765811059285,30.306091263660026,30.442079544067383,5271600
2008-02-06,30.591027773865022,30.765868470593016,30.364378126156833,30.383804321289062,5176500
2008-02-07,30.28019512980615,30.73996901991112,30.28019512980615,30.597503662109375,5452700
2008-02-08,30.442090477408595,30.75939904925629,30.08592950878687,30.260772705078125,6519800
2008-02-11,30.18953152554956,30.70110934817826,30.11829885780776,30.64930534362793,4132800
2008-02-12,30.69464239668668,31.31630542728694,30.69464239668668,31.277450561523438,5830300
2008-02-13,31.452273998066282,31.892618985744686,31.368089743586303,31.549409866333008,6519200
2008-02-14,31.6206555982553,31.814924944950224,31.089649094228317,31.147930145263672,6332900
2008-02-15,31.08964437260965,31.8537724944603,30.927752863239064,31.808443069458008,8510600
2008-02-19,31.847305147072706,32.39773541571652,31.672461980848812,31.827878952026367,7469300
2008-02-20,31.730738616031537,32.09985109210674,31.46523661621834,31.996240615844727,7412100
2008-02-21,32.041563894634976,32.07394169907677,31.14792216448632,31.698354721069336,11386200
2008-02-22,31.763118975755198,31.93796213165429,31.00546777046126,31.432861328125,6070500
2008-02-25,31.38752691121742,32.16460418701172,31.38752691121742,32.16460418701172,7454400
2008-02-26,31.9509072740813,32.4754366354486,31.9509072740813,32.371826171875,7569100
2008-02-27,32.13871708621643,32.728002337376076,32.13871708621643,32.58553695678711,6384600
2008-02-28,32.38476514059112,32.67617024976918,32.13869191085634,32.22287368774414,6968500
2008-02-29,31.860250993534823,32.242315071912515,31.860250993534823,31.9638614654541,5552200
2008-03-03,32.14517788146468,32.14517788146468,31.607699351949712,32.00918960571289,5280200
2008-03-04,31.776075358829196,32.09338390494187,31.65951323742203,32.03510284423828,5200000
2008-03-05,32.07394023582524,32.384771590768594,31.963855211691733,32.313541412353516,6541900
2008-03-06,32.22287682920365,32.22287682920365,31.303334473113598,31.316286087036133,5549200
2008-03-07,31.011935281185472,31.24505943595051,30.64929990290052,30.824140548706055,5834900
2008-03-10,30.91479999706915,30.91479999706915,30.383793637570303,30.552162170410156,4392000
2008-03-11,30.71406982248158,31.29040343453608,30.506848803996128,31.07670783996582,5638600
2008-03-12,31.109072259390853,31.56884354169785,30.960132370908376,31.212682723999023,4441800
2008-03-13,31.050788788047036,31.406949577866115,30.552162694193065,31.10906982421875,6409800
2008-03-14,31.089640632318705,31.413423612106634,30.36436744926882,30.552162170410156,6956800
2008-03-17,29.88516442764229,31.005453031543784,29.88516442764229,30.68814468383789,6593600
2008-03-18,31.212693476975844,31.329255598599993,30.487419974857175,31.30335235595703,7712200
2008-03-19,31.39401085574668,31.776075034173484,31.09613097975809,31.141460418701172,6908500
2008-03-20,31.36809530553301,31.504086039272796,31.044312314256903,31.426376342773438,5437600
2008-03-24,31.309822179380003,31.691886304433105,31.173833881548088,31.432861328125,4399600
2008-03-25,31.51705007143574,31.691893265740152,31.303354480798806,31.445819854736328,4376800
2008-03-26,31.31630542728694,31.452293752055255,31.12851061483396,31.277450561523438,5671400
2008-03-27,31.290396371341764,31.439336290366075,31.024894346947324,31.12203025817871,3844400
2008-03-28,31.212690069202043,31.400484852456476,30.960139656679345,30.992517471313477,2809900
2008-03-31,30.960129987266903,31.43932742283534,30.64282157430823,31.322765350341797,6210700
2008-04-01,31.173821593000067,31.68539923968055,31.173821593000067,31.38104248046875,8652200
2008-04-02,31.46222626592591,32.20885459644429,31.325886215654776,32.0400505065918,6342000
2008-04-03,31.910194331300534,31.981608756858606,31.403784695887477,31.82579231262207,4036100
2008-04-04,31.812813617662087,32.397131593139584,31.812813617662087,32.23482131958008,4435000
2008-04-07,32.403592822968236,32.52045630953922,32.11143410654076,32.449039459228516,4469500
2008-04-08,32.28675072187511,32.78666652851876,32.10496405642562,32.747711181640625,5180200
2008-04-09,32.260773172325294,32.663304235446525,32.22831162895281,32.312713623046875,4629800
2008-04-10,32.254260721831066,32.66328283497916,32.19582899138134,32.500972747802734,3969000
2008-04-11,32.18287777115537,32.61137675338278,32.18287777115537,32.33220291137695,4154700
2008-04-14,32.26076248370032,32.46851926443872,32.027037962861755,32.10494613647461,3147400
2008-04-15,32.24778717097039,32.33868295722828,31.58556377911863,31.832273483276367,3793600
2008-04-16,32.03354916908968,32.33219941725792,31.77385179358652,32.215335845947266,4931000
2008-04-17,32.1893626377184,32.33219394106144,31.975111967717883,32.169883728027344,2984800
2008-04-18,32.416588184667624,32.53994302544537,32.13741448695147,32.455543518066406,4417200
2008-04-21,32.221824184993764,32.39711951226947,31.910188873167165,32.169883728027344,3459100
2008-04-22,31.975114822387695,32.150410165313396,31.754372813887652,31.975114822387695,3983100
2008-04-23,32.033539712167666,32.2672667857882,31.90369106274992,32.1439094543457,3865800
2008-04-24,32.12442767636395,32.397110042416486,31.923162179436048,32.11144256591797,3227000
2008-04-25,32.20233945201506,32.280250123375765,31.79981088994551,32.08547592163086,4206800
2008-04-28,32.436072813593206,32.85158656827107,31.968621077909273,32.68278503417969,6980700
2008-04-29,32.57889299685582,32.85157285579822,32.16337941561619,32.280242919921875,7221300
2008-04-30,32.2802486162015,32.3062163621191,31.52712949814269,31.605037689208984,7966100
2008-05-01,31.676452222108832,32.436062601348574,31.62451178079848,32.37113952636719,5461100
2008-05-02,32.61137061708605,32.61137061708605,31.8777276952098,31.975114822387695,4635100
2008-05-05,32.0465210143767,32.0465210143767,31.650483795237886,31.838764190673828,3130300
2008-05-06,31.47518389991329,31.897191279357237,31.4102608307633,31.81928062438965,3624600
2008-05-07,31.773833642623302,31.858235612945435,30.95579158741712,31.040193557739258,7876600
2008-05-08,30.786999905250454,31.26743922377751,30.774017267714335,31.079158782958984,6356300
2008-05-09,30.806472110360318,31.312879070405977,30.722070124800457,31.02721405029297,4358100
2008-05-12,31.046680461566908,31.29988385989172,30.962278503239983,31.26093101501465,3308200
2008-05-13,30.955800832488908,31.449222739448373,30.761029092285355,30.786996841430664,5544000
2008-05-14,30.81944027515762,31.085628720179827,30.631159978844124,30.968765258789062,4340000
2008-05-15,30.96878920048851,30.96878920048851,30.507828789002374,30.55976676940918,7720100
2008-05-16,30.566260715693474,30.74804736300025,30.416933139225975,30.50133514404297,9491700
2008-05-19,30.352001122579015,31.124596623193742,30.313045791039222,31.085643768310547,7306400
2008-05-20,31.94265937677445,32.38414347814654,31.559607067544487,31.786840438842773,14644400
2008-05-21,32.3451774557144,33.0982967078818,32.29323947797381,32.741214752197266,11383500
2008-05-22,32.72172863797706,33.10478070751783,32.72172863797706,32.94247055053711,8016700
2008-05-23,32.72823441752831,32.81263642992037,32.47503085700971,32.54644775390625,5644800
2008-05-27,32.50098511539651,32.68277168967959,32.390612926255834,32.61135482788086,5604100
2008-05-28,32.63733182385766,32.68277847686627,32.15040127591665,32.358158111572266,5177100
2008-05-29,32.35816025931667,33.02038614566991,32.13741829719892,32.916507720947266,6787900
2008-05-30,32.877545820521796,32.95545400434894,32.59188082871794,32.89702224731445,5094900
2008-06-02,32.981423566341874,33.052840432031786,32.42957002053945,32.6697883605957,7042200
2008-06-03,32.89702144482797,33.598202512137235,32.77366661705606,33.390445709228516,11217500
2008-06-04,33.234626847876925,33.67611067294521,33.117763336732,33.53327941894531,6497200
2008-06-05,33.58522872760035,33.68261584534078,33.15672986752557,33.52030563354492,4440100
2008-06-06,33.2800907553383,33.47486502604256,32.6698051402171,32.702266693115234,6066700
2008-06-09,32.72821893609809,33.01388391189858,32.46203038599915,32.6762809753418,4776400
2008-06-10,32.45555690976323,32.884055847328696,32.42958667678163,32.702266693115234,6457000
2008-06-11,32.52046829421927,32.57240626480475,32.156892593493524,32.358158111572266,6516900
2008-06-12,32.455545579018896,33.039860757164824,32.455545579018896,33.00090789794922,6751100
2008-06-13,33.156716786418194,33.46186065673828,32.935974886397425,33.46186065673828,5750100
2008-06-16,33.18919201258485,33.41642779918795,32.91651204064991,33.28657913208008,4364400
2008-06-17,33.390447273076,33.42290881067775,32.98791875816992,33.28007507324219,3459800
2008-06-18,33.07232636555767,33.50082520621895,32.987926842440864,33.18918991088867,5780000
2008-06-19,33.06583271889107,33.46836130410118,32.955460499780095,33.36448287963867,3859500
2008-06-20,33.1762111056095,33.39046180500731,32.884054663387225,33.026885986328125,6153800
2008-06-23,33.22814952832914,33.46836796835806,32.94897574262357,33.24113464355469,6241700
2008-06-24,33.05935005239316,33.7345612770117,32.987935623820086,33.49434280395508,8603700
2008-06-25,33.552770345041566,33.7605272376019,33.31255190239197,33.59821701049805,6164300
2008-06-26,33.29306945316067,33.61119855420789,33.08531258267739,33.16322326660156,6601000
2008-06-27,33.10479487609093,33.57874044012058,32.94897596897142,33.26710510253906,7029100
2008-06-30,33.24762632555591,33.7605272376019,33.07882477909721,33.59821701049805,6407200
2008-07-01,33.55129202330676,33.59690437766743,33.147293333702414,33.531742095947266,7078500
2008-07-02,33.71420535674298,33.71420535674298,33.18640188259384,33.19291687011719,5971400
2008-07-03,33.212446666278865,33.525218077198254,33.147284402116775,33.27109146118164,2719200
2008-07-07,33.34278375717643,33.76632999705822,33.16033429295043,33.466590881347656,8017700
2008-07-08,33.41445155252674,34.30063867397312,33.31671186117377,34.26805877685547,9448200
2008-07-09,34.24852364358085,34.67206742969252,34.20942626157719,34.33974838256836,7094800
2008-07-10,34.33975196299896,34.78936071732481,34.15729998031291,34.613426208496094,8289500
2008-07-11,34.222447932164755,34.450509707727356,33.88361151869537,34.11819076538086,7036200
2008-07-14,34.176845424767144,34.287617608904895,33.766331624782104,33.792396545410156,4980900
2008-07-15,33.8119370575202,34.38535276527984,33.59690772066479,34.228965759277344,7242500
2008-07-16,34.90662472331753,35.56474990046873,34.645980645808635,35.251976013183594,13883400
2008-07-17,35.36275061611503,35.76674669913629,34.704625438963824,35.251976013183594,7167000
2008-07-18,35.21940296075043,35.427917268954225,34.53521523160131,34.815406799316406,9460700
2008-07-21,34.94572941375655,35.023921659142836,34.43747360452904,34.73069763183594,4089000
2008-07-22,34.65252458546946,35.51264721832428,34.483105059965546,35.454002380371094,8807400
2008-07-23,35.5712760091465,35.5712760091465,34.86102328576603,35.01741027832031,5604800
2008-07-24,34.958771378303744,35.12818837033939,34.64599734030553,34.7828369140625,5777300
2008-07-25,34.82844538978169,35.17379680751621,34.53522131543774,34.91967010498047,5703500
2008-07-28,34.795869170578314,35.08257580377532,34.2354858771451,34.444000244140625,5372300
2008-07-29,34.31367440959962,34.8479927275962,34.2419971376779,34.307159423828125,5870000
2008-07-30,34.37232492993155,34.7502587952769,34.25503528107868,34.43748474121094,5672400
2008-07-31,34.25502666215837,35.02392417309237,34.25502666215837,34.42444610595703,9137200
2008-08-01,34.37231657103605,34.65250816563594,33.883610648225115,34.00090026855469,5525100
2008-08-04,34.07258908523239,34.639487451874,33.91620204321692,34.430973052978516,4548200
2008-08-05,34.56780200189212,35.173797607421875,34.404900010850504,35.173797607421875,6048500
2008-08-06,35.14772271408731,35.401851835943845,34.78282394858618,35.115142822265625,6981500
2008-08-07,34.887080481411736,34.97830517118564,34.01392597321149,34.209407806396484,8511600
2008-08-08,34.098643221992084,35.0760550898173,34.00090104093479,35.01741027832031,7337000
2008-08-11,35.03695446847889,35.06953436391194,34.665538192031384,34.8870849609375,4224300
2008-08-12,34.72418704086893,34.880571551429405,34.50915523173955,34.600379943847656,4262600
2008-08-13,34.45052202025164,35.06955025675807,34.45052202025164,34.84800338745117,4850400
2008-08-14,34.528720445302255,35.37581062861528,34.496138045965225,34.98484420776367,6093300
2008-08-15,34.978325612358475,35.32367713566335,34.82845603647734,35.232452392578125,3929100
2008-08-18,35.317157262711,35.317157262711,34.75025894789078,34.82193374633789,6298600
2008-08-19,34.86102398855031,35.70811379393844,34.84147654621955,35.49959945678711,10196900
2008-08-20,35.6429506183175,36.607329957683106,35.310629216062324,36.49655532836914,13691000
2008-08-21,36.18379394404834,37.043916364608044,35.91011975827362,36.84843444824219,10990900
2008-08-22,36.92010265163767,37.1221019907636,36.35971947302563,36.81584548950195,5574400
2008-08-25,36.60733155971292,36.652943913283394,36.00133602149169,36.11862564086914,4496800
2008-08-26,36.00786102820296,36.620374207797795,35.81237910339744,36.040443420410156,4474700
2008-08-27,36.177275852094255,36.26850057285573,35.6559899579664,35.87753677368164,5232000
2008-08-28,36.02739913950382,36.13817128246209,35.714627665302764,35.97526931762695,3579900
2008-08-29,35.94922101802213,36.09257560873776,35.51264474366142,35.57780456542969,4273700
2008-09-02,36.020880318784045,36.37926661653761,35.577786792185655,35.66901397705078,6043500
2008-09-03,35.74721137247093,36.216369876637174,35.59734184712604,35.92966079711914,4598100
2008-09-04,35.62992815512486,35.72115288385741,34.89361036713192,35.043479919433594,9595000
2008-09-05,34.971797140975845,35.49308548442178,34.48960865468151,34.71767044067383,6642900
2008-09-08,35.32366220122718,35.51262908097518,34.55476471217865,35.34321212768555,6758900
2008-09-09,35.258505905713996,35.701599502193105,35.12166883536554,35.14121627807617,8751200
2008-09-10,35.06303311862405,35.50612683006349,34.67206676316636,35.08258056640625,5209300
2008-09-11,34.79586100753197,35.40185652122453,34.78282855194122,35.3692741394043,5351800
2008-09-12,35.20637132279064,35.362758300415976,34.71115045073598,35.16075897216797,5526100
2008-09-15,34.21593061583467,35.506116478441676,34.209415630369236,34.685089111328125,7020200
2008-09-16,34.30064764611175,35.15425509372152,34.209422916045625,34.43748474121094,13821600
2008-09-17,34.020455065980734,34.49612863541819,33.701168519359136,33.79890823364258,15126700
2008-09-18,34.10514070782828,34.7437158355344,33.55779024326794,34.378814697265625,10364100
2008-09-19,34.76980346714894,35.19986465006458,33.59039208587565,34.18987274169922,11926800
2008-09-22,33.98787281118217,34.17683972569336,33.55781163528369,33.74026107788086,6835000
2008-09-23,33.7337530648542,34.51568331512843,33.401431527785974,33.916202545166016,9498700
2008-09-24,33.88361354116581,34.19638506018643,33.66858172364015,33.97483825683594,6269600
2008-09-25,33.7858661813222,34.502636310982176,33.66857656893578,33.805416107177734,7833300
2008-09-26,33.51222398825579,33.81848076619657,32.99093770663567,33.316741943359375,7934400
2008-09-29,33.036522961654384,33.58387372913303,32.02653115464975,32.163368225097656,11604600
2008-09-30,32.22202125655317,32.801952071702196,32.13079651965615,32.645565032958984,9506500
2008-10-01,32.585395996079576,32.69004590413201,32.147175285813304,32.59193801879883,8167100
2008-10-02,32.48727875979836,32.5657680455618,31.88554253924587,32.042518615722656,11013700
2008-10-03,32.56575996884935,33.3048485136096,32.219105280327376,32.448028564453125,10210500
2008-10-06,32.00327319975602,32.76852500458813,30.060707087412947,31.035261154174805,12082800
2008-10-07,30.63628012024144,31.37537126341339,29.884107430857178,29.9560546875,10317900
2008-10-08,29.432805713325752,30.145733773739416,29.105774538733243,29.184261322021484,14855700
2008-10-09,29.43280135812314,29.720587850962527,27.169746563621548,27.437911987304688,14996000
2008-10-10,25.33837717547394,28.124681758880616,22.72212770953156,26.162494659423828,17626100
2008-10-13,26.849252760148424,29.145012475028775,26.326003500149103,28.857223510742188,12128200
2008-10-14,29.805618505466665,29.805618505466665,28.13776015659575,28.477872848510742,10469300
2008-10-15,28.124678998924058,28.405925988517275,26.64649929354665,26.711904525756836,9366100
2008-10-16,26.77076974783072,27.150124578867445,22.637096271773977,26.169031143188477,23517600
2008-10-17,25.645785236639036,26.724989158109526,24.965559764864306,25.44302749633789,10606400
2008-10-20,25.69811518624057,27.33981089713427,25.50843647008682,27.1632137298584,10068900
2008-10-21,26.901581572333647,27.46407551764901,26.711902917276227,26.8819580078125,7036200
2008-10-22,26.646493952074696,27.065093342427996,25.75696900004935,25.92048454284668,8103000
2008-10-23,25.992436718443642,26.070923495282045,24.847827701430855,25.49534797668457,11192800
2008-10-24,23.958304940131416,25.220645494257074,23.546244954808298,24.730098724365234,11031900
2008-10-27,24.40306490997185,24.560038462163007,23.67051334958103,23.703218460083008,8980300
2008-10-28,24.161060002480923,25.992436403554635,24.01062597575908,25.979354858398438,11815900
2008-10-29,26.097089756774633,26.397957850419466,24.945938579711868,25.174861907958984,8528100
2008-10-30,25.737339838229147,26.46989110700466,25.57382433101029,25.796205520629883,9243200
2008-10-31,25.64578988247347,26.581099451836195,25.501897829914107,26.378341674804688,7556100
2008-11-03,26.352165235676324,26.731519994080536,26.14286554240866,26.613788604736328,4198400
2008-11-04,26.81001082648184,27.00622898857464,26.116703992368027,26.391408920288086,8592100
2008-11-05,26.46335461071586,26.52222030539814,25.469179819998,25.599992752075195,7549000
2008-11-06,25.33183738904832,25.848547302961798,24.959022006870278,25.12253761291504,9136200
2008-11-07,25.344919984787207,26.155958522122507,24.965562565455308,26.038227081298828,7635700
2008-11-10,26.286776912158796,26.751163288252435,25.972827140677104,26.260616302490234,5749200
2008-11-11,25.848546918849625,26.36525682508474,25.469189520839002,26.21482276916504,8006800
2008-11-12,24.788965560575775,25.691569861668185,24.389987103764636,24.671234130859375,10881000
2008-11-13,24.93939343043574,26.195191709473402,24.246086571144495,26.1167049407959,9333200
2008-11-14,25.61962212827655,25.998979504839063,24.416149748960894,24.49463653564453,9087500
2008-11-17,24.28533766303238,24.638529463556683,23.57894907188366,23.820951461791992,10982100
2008-11-18,22.558610221792954,23.20613051295976,20.17782255958058,20.66836929321289,34530300
2008-11-19,20.83842696378096,21.512110388890118,20.40674591064453,20.40674591064453,16016200
2008-11-20,20.30863099218205,20.78609735056069,18.8369910290522,18.993967056274414,16134400
2008-11-21,19.32099735410267,20.28900907899705,19.170562104910278,20.262845993041992,19285700
2008-11-24,20.550638398753755,20.75993814414127,19.9489010070022,20.19090461730957,12273500
2008-11-25,20.48524045338401,20.930003221443755,19.12479029389118,19.262144088745117,15998300
2008-11-26,19.118236097309694,19.379860704413964,18.529580419443953,19.28175163269043,13390700
2008-11-28,19.419111039895906,20.001226117771946,19.36678610309272,19.96198272705078,4781700
2008-12-01,19.517223399366113,19.634954838712808,18.68002302319802,18.751970291137695,10586900
2008-12-02,19.177109715367298,19.615331581197044,18.67348135884915,19.16402816772461,8837200
2008-12-03,18.77812676396418,19.91619618680269,18.77812676396418,19.811546325683594,9277400
2008-12-04,19.589167560822464,20.321716682216195,19.37986656432792,19.91619873046875,11627700
2008-12-05,19.791929182602576,20.740318952848416,19.56954785771181,20.714157104492188,8203000
2008-12-08,20.871133979732505,21.479412295725353,20.70107758243691,20.79918670654297,9225200
2008-12-09,20.661831969340597,21.067349971553213,19.98814722692278,20.177825927734375,8282100
2008-12-10,20.30209813697214,20.53755976010283,19.96198537880829,20.177825927734375,6851700
2008-12-11,20.197440790932376,20.583337600271513,19.75267952955604,20.027385711669922,6468600
2008-12-12,19.7265152705202,19.935814968744612,19.105155699832437,19.562999725341797,7983300
2008-12-15,19.6349436742829,19.916190564466323,19.07244989391606,19.739593505859375,8536300
2008-12-16,19.75268108124324,20.655286466222467,19.693815377057117,20.589879989624023,9688400
2008-12-17,20.256303699885272,20.75993183896585,19.81808202325436,20.511388778686523,6410300
2008-12-18,20.69453407237959,21.420543740344307,20.55064079254583,21.10659408569336,9240500
2008-12-19,21.361671230985543,21.381292298458433,20.550634257290564,21.041179656982422,11136400
2008-12-22,21.113127994015812,21.361672340124194,20.217063437188774,20.380578994750977,7658300
2008-12-23,20.289020493717295,20.65529517048417,19.79847358379681,19.994691848754883,6282700
2008-12-24,20.158197729763078,20.315172515266088,19.948898015759067,20.223604202270508,1757100
2008-12-26,20.360960853306263,20.419826565899765,20.079715084556703,20.13204002380371,2211100
2008-12-29,20.22360693507016,20.406744833333295,19.634951098008113,19.785385131835938,4295500
2008-12-30,19.9815193256752,20.11973081053709,19.67876838617842,20.099987030029297,7090600
2008-12-31,20.093399920227416,20.791041345231523,20.047328182399678,20.679155349731445,6469500
2009-01-02,20.738393989406084,21.547922852743028,20.521203624931974,21.46236228942871,5328500
2009-01-05,21.46893779843368,21.67954643634457,21.10695435894015,21.44261360168457,8281500
2009-01-06,21.192516561908644,21.587407161245714,20.475130048278853,20.554107666015625,9692400
2009-01-07,20.402734567958767,21.001653450011418,20.198707573770655,20.876604080200195,9387400
2009-01-08,20.843696108122586,21.245168402442513,20.639669122135302,21.20568084716797,7873200
2009-01-09,21.42945854687487,21.71246448441352,21.021403211401864,21.436038970947266,8781400
2009-01-12,21.436029456449248,21.547916701250056,21.159606576328766,21.357051849365234,8030900
2009-01-13,21.35046891756073,21.455773230557035,21.074046037440247,21.357051849365234,8137900
2009-01-14,21.09379127518994,21.376797106751944,21.01481366262588,21.330726623535156,9254900
2009-01-15,21.37680055925628,21.429453983238243,20.626506842087384,21.074050903320312,10302400
2009-01-16,21.205675622397287,21.620309914539973,21.12011508929447,21.534751892089844,9080300
2009-01-20,21.521588101262502,21.817757240078333,20.870015995867675,20.962158203125,8787700
2009-01-21,21.258326553450004,21.778267662938806,20.96215866345661,21.686126708984375,8689800
2009-01-22,21.23199941364048,21.83750104394307,21.113534268595934,21.73877716064453,8054700
2009-01-23,21.192519424585576,21.436035243382346,20.587018833730937,21.278079986572266,8065000
2009-01-26,21.60056769573274,21.916480636086348,21.324144814418155,21.73219871520996,6107900
2009-01-27,21.81117388237644,22.5614673456042,21.646635754101844,22.423255920410156,8049100
2009-01-28,22.778664695849617,22.804991405651865,22.100768237687735,22.726011276245117,7709900
2009-01-29,22.42325616699917,22.70626195159591,21.94280512843212,22.002038955688477,7182000
2009-01-30,21.975723354198962,22.285055998437038,21.8770019326672,22.041540145874023,7314500
2009-02-02,21.67296171051348,22.344277552024227,21.67296171051348,22.206066131591797,5392000
2009-02-03,22.42984386485915,22.4364242867738,21.88357595177648,22.357446670532227,6300200
2009-02-04,22.462757405074033,23.10116396038517,22.166588121345224,22.278472900390625,5253900
2009-02-05,22.298207473433582,22.574630319193712,21.96913122239387,22.46932601928711,6305100
2009-02-06,22.443009239783198,22.693108004136807,21.74536888593622,21.97572135925293,9856600
2009-02-09,21.988879791997807,22.238978500341975,21.63347676076974,21.804597854614258,6829700
2009-02-10,21.67954626405481,21.804596867894553,21.041138678545114,21.153024673461914,9490900
2009-02-11,21.29782786940296,21.659811455876422,21.09379957017238,21.389968872070312,7337500
2009-02-12,21.126706273425,21.666391429822,20.837119912394947,21.587413787841797,10027600
2009-02-13,20.93583269243576,21.804595130688107,20.93583269243576,21.59398651123047,9325600
2009-02-17,22.120512493885975,23.292023488277664,22.0678590731409,22.745758056640625,16077100
2009-02-18,22.8444775278839,23.127483363887094,22.443004015848988,22.59438133239746,8711000
2009-02-19,22.73258423221905,22.995843682743377,22.383761757062423,22.46274185180664,8695100
2009-02-20,21.50843202368517,22.620709264910733,21.50843202368517,22.377193450927734,11692200
2009-02-23,22.528557938282685,23.015591853290342,22.07443365411586,22.39034652709961,9356100
2009-02-24,22.475913246776056,22.778662853049692,22.29162880372221,22.71942901611328,9376000
2009-02-25,22.653607504068074,22.706260908389133,22.16657606736078,22.285043716430664,9440100
2009-02-26,22.436420668530513,22.69309976291175,20.916088620129813,20.929250717163086,11725400
2009-02-27,20.554103094034282,20.76471170158745,19.428662876674665,19.474733352661133,15776700
2009-03-02,19.25755122424459,19.25755122424459,17.86884840404009,17.914918899536133,16859100
2009-03-03,18.145270681334104,18.15843403729673,17.559515149591213,17.691144943237305,12311000
2009-03-04,18.04654582874436,18.04654582874436,17.368648142987002,17.414718627929688,14382100
2009-03-05,17.204111299916246,17.322578987619767,16.789475648280593,16.95401382446289,10961900
2009-03-06,17.059319679363877,17.13171688505018,16.322188031933337,16.401166915893555,14749700
2009-03-09,16.09841518396908,16.28928007835307,15.83515434285902,16.04576301574707,15649600
2009-03-10,16.19055504238928,16.56570184279942,15.927294239937122,16.407745361328125,14841800
2009-03-11,16.545958371471055,17.671400134110847,16.473562428551833,16.98033905029297,15768700
2009-03-12,16.986917224220733,17.94782061470993,16.901357943753705,17.875423431396484,10099600
2009-03-13,18.079451581100557,18.84949017804209,17.967565588200454,18.810001373291016,11436500
2009-03-16,18.428271163555415,19.139075858222355,18.39536403860818,18.638879776000977,8326500
2009-03-17,18.68495388523751,18.941634279962354,18.283481610468094,18.737606048583984,11179600
2009-03-18,18.67837062540597,19.619529063896756,18.638881820073394,19.23780059814453,9934500
2009-03-19,19.428661855174038,19.428661855174038,18.105775196291987,18.342710494995117,9147100
2009-03-20,18.42168418797435,18.46775465177753,18.053119222222914,18.270309448242188,10582500
2009-03-23,18.54015621060533,19.56029209642682,18.36903640779358,19.54054832458496,9509200
2009-03-24,19.36943509969016,19.89595678305286,19.257549085059747,19.356271743774414,6013100
2009-03-25,19.514228019371462,19.533973053012954,18.428276275623286,18.704700469970703,10677100
2009-03-26,18.87581716272184,19.257545628474066,18.520414148749172,19.23780059814453,10032800
2009-03-27,19.01403107511413,19.211477638038247,18.869237933231098,18.941635131835938,5736600
2009-03-30,18.678376048937086,19.23780618411411,18.42827853544275,19.106176376342773,6420000
2009-03-31,19.244380978142335,19.73141372884716,19.06667948313038,19.395755767822266,7248200
2009-04-01,19.13609851063639,19.66600162699025,19.056613864383998,19.5931396484375,6821400
2009-04-02,19.692498123513207,20.076677322473266,19.586517741964624,19.712369918823242,8242400
2009-04-03,19.758743286132812,19.930961783952164,19.281831397592793,19.758743286132812,9276500
2009-04-06,19.732250144064547,20.14292398216525,19.52028802702799,19.74549674987793,7199300
2009-04-07,19.526909078072958,19.818355840496988,19.381186328554023,19.414304733276367,6181000
2009-04-08,19.487168662115003,20.169418731819412,19.434178451300134,20.017070770263672,5896600
2009-04-09,20.182658451773857,20.931146345500647,20.136292191051744,20.56021499633789,7480600
2009-04-13,20.454239219138966,20.699319720519856,20.361506671074626,20.520477294921875,5101300
2009-04-14,20.454232429660625,21.070244182209148,20.295261858581295,20.772174835205078,6010900
2009-04-15,20.732440509556323,20.99739284313967,20.55359932678983,20.82517433166504,4852000
2009-04-16,20.951024756209044,21.229223688536518,20.8053019872323,21.00401496887207,6347200
2009-04-17,21.0172656925632,21.494178934693707,20.95102760189102,21.394821166992188,6776800
2009-04-20,21.255718209871745,21.262340880612502,20.553597616429837,20.6529541015625,5387400
2009-04-21,20.74568276692605,20.92452516469962,20.17603717255956,20.24227523803711,7737800
2009-04-22,20.13629208801373,20.189282280480114,19.83822272916001,19.85809326171875,7245500
2009-04-23,19.80511278308184,19.80511278308184,19.261962728055696,19.685884475708008,7047900
2009-04-24,19.7786059286692,19.970694876600543,19.460663553502616,19.5931396484375,7187200
2009-04-27,19.394436283231023,19.970704673095298,19.354692677223195,19.844852447509766,5498900
2009-04-28,19.83822893326593,20.454239639565984,19.68588097681794,20.295269012451172,6763000
2009-04-29,20.421121121455048,21.15636137331923,20.222408154490463,20.997390747070312,9330600
2009-04-30,21.229220546576926,21.51404337125632,21.06362599858994,21.196102142333984,8995800
2009-05-01,21.30870473175485,21.33520046524839,20.951021173294833,21.302082061767578,5245700
2009-05-04,21.348444920613314,21.931338330466446,21.335197055983492,21.924713134765625,6653300
2009-05-05,21.904843474797463,21.990953334939565,21.295456838153452,21.447803497314453,6247800
2009-05-06,21.500792726142834,21.60677312209016,21.103366873033348,21.30870246887207,5933000
2009-05-07,21.49417170375893,22.474491073077512,21.023882555246026,22.41487693786621,11433600
2009-05-08,22.573847667166508,22.905036728996258,22.024072611678548,22.666580200195312,8119700
2009-05-11,22.587094907906955,22.59372010469372,22.037322332900327,22.183046340942383,5864800
2009-05-12,22.315528950703374,22.58048133998604,21.90485502141117,22.553985595703125,6363800
2009-05-13,22.593724108686235,22.593724108686235,21.911475271532744,22.024078369140625,6246700
2009-05-14,22.295647195360395,22.474489589186117,22.02407226994474,22.24928092956543,4962300
2009-05-15,22.19630120467742,22.27578843959058,21.8121230096904,22.123441696166992,6150500
2009-05-18,22.613584396910838,22.65995065452552,21.944583732205068,22.494356155395508,7134200
2009-05-19,22.169795647879795,22.189666182162483,20.5469688098001,21.037128448486328,25042100
2009-05-20,21.189481732136024,21.75250354158669,21.010639287359986,21.321956634521484,12849200
2009-05-21,21.196099946023047,21.315328210361187,21.037129348034195,21.189476013183594,9391200
2009-05-22,21.268964987536798,21.593528899414217,21.18947904547464,21.288835525512695,5755200
2009-05-26,21.321949450745862,22.23603190714939,21.076870269042168,22.2227840423584,12780200
2009-05-27,22.1697954380696,22.553973415606585,22.037319314970958,22.36188316345215,13542700
2009-05-28,22.34202202432254,22.852053670322192,22.202923173624345,22.520864486694336,12685300
2009-05-29,22.5738494774021,22.79243296181687,22.24928305900172,22.752689361572266,6808800
2009-06-01,22.958021120449803,23.176607070839133,22.646702655387973,23.116992950439453,10236000
2009-06-02,23.183234283937814,23.878730807101544,22.89178881972052,23.733009338378906,11098800
2009-06-03,23.680020451829716,23.680020451829716,23.183236805987136,23.3090877532959,8978800
2009-06-04,23.375331465460206,23.375331465460206,22.414882398314766,22.6003475189209,10836700
2009-06-05,22.653337949646748,22.871921470713755,22.302275738883605,22.487743377685547,8270800
2009-06-08,22.520857071489147,22.606966938376324,22.037321325813945,22.335391998291016,5874500
2009-06-09,22.45461665983177,22.666577431369074,22.395002534913672,22.57384490966797,5033000
2009-06-10,22.67320622233399,22.85204864538009,22.05719427409935,22.28902816772461,8020300
2009-06-11,22.269153242665578,22.534105519884402,22.004203492218927,22.34864044189453,8864600
2009-06-12,22.269147872924805,22.40824917464801,22.01082085465132,22.269147872924805,6296000
2009-06-15,22.050567767275304,22.050567767275304,21.242465668944472,21.30870246887207,8308600
2009-06-16,21.408067160772866,21.904850902177134,21.282216189255315,21.45443344116211,5821900
2009-06-17,21.441182007349507,22.123433283673062,21.408063602115707,21.812114715576172,4731100
2009-06-18,21.805486351235793,22.3287656689499,21.712753819341543,22.090309143066406,6731400
2009-06-19,22.289020593608075,22.79904942736956,22.262524867322107,22.494356155395508,8906300
2009-06-22,22.355269644168843,22.355269644168843,21.957843638981675,21.984336853027344,7862900
2009-06-23,22.355265842797202,22.646711361924464,21.944592037033225,22.103561401367188,9525600
2009-06-24,22.196295749068124,22.434752341650928,22.050574241090725,22.262535095214844,6014700
2009-06-25,22.255914186991365,23.130253510473462,22.14993373950181,22.997779846191406,6447800
2009-06-26,22.958026276954364,23.256096945901145,22.408253733583265,23.16336441040039,8489400
2009-06-29,23.16336239723102,23.19648079606404,22.726192963028282,23.04413414001465,6579500
2009-06-30,22.971269950771873,23.116993923834137,22.78580491361744,23.110368728637695,7273900
2009-07-01,23.163365829935355,23.163365829935355,22.759314734687123,22.991146087646484,5030600
2009-07-02,23.03751987970826,23.123629778966528,22.414885095068843,22.693082809448242,5998400
2009-07-06,22.7063169121402,22.8520408799415,22.3287616562655,22.494356155395508,4506200
2009-07-07,22.500985393986635,22.580470060357136,22.024072342219654,22.090309143066406,4463800
2009-07-08,22.186952780357597,22.340241721263606,21.79373243893773,21.873708724975586,6425600
2009-07-09,21.98701134875828,21.98701134875828,21.580461192342145,21.8137264251709,4275200
2009-07-10,21.793731786079174,22.10030965870727,21.627113045424746,21.86037826538086,5144300
2009-07-13,21.947017576578112,22.353567652285363,21.780398859806276,22.28691864013672,4142800
2009-07-14,22.273594201332887,22.540185229324614,22.153631035377124,22.493532180786133,4858000
2009-07-15,22.613496092818377,23.03337603871163,22.41355410890739,23.02004623413086,6027100
2009-07-16,22.946733674982436,23.20665850938109,22.86009121604946,23.086692810058594,5041300
2009-07-17,23.040039159400568,23.253310943167754,22.99338611560151,23.106685638427734,5230900
2009-07-20,23.153336217910432,23.399931187867086,22.92673467885847,23.15999984741211,5662200
2009-07-21,23.299964951855472,23.55988979018562,23.11335276893133,23.333288192749023,3577500
2009-07-22,23.266646030246836,23.41993500073442,22.61350072636031,22.720136642456055,6154900
2009-07-23,22.7467914442218,23.239981498413165,22.733461639730105,22.913410186767578,7247400
2009-07-24,22.853431077712212,23.379947000497104,22.820107832229766,23.35995101928711,4612300
2009-07-27,23.40661027986888,23.47325933091259,22.953406902376997,23.20000457763672,6701900
2009-07-28,23.13334095619881,23.333282898595048,23.086687921053013,23.206653594970703,6239200
2009-07-29,23.126677500347927,23.32661944424724,22.94006281596212,23.313289642333984,5331500
2009-07-30,23.533235592933096,23.73984123711013,23.206661690587847,23.566558837890625,6361600
2009-07-31,23.586549151434784,23.959776055752364,23.526566301498036,23.606542587280273,6641700
2009-08-03,23.806480633690864,23.959769532371904,23.446583632057337,23.939773559570312,6489800
2009-08-04,23.913126267150353,24.226367821790074,23.74650749934602,24.12639808654785,6454700
2009-08-05,24.106399396247784,24.226365098975947,23.69985178411384,24.00642967224121,5077700
2009-08-06,23.99976050834338,24.113062565647986,23.473247259080882,23.713178634643555,4130200
2009-08-07,23.83980237696076,23.999754894990893,23.71983671723844,23.813142776489258,4006300
2009-08-10,23.78648172828077,24.426299388657846,23.746494872406707,24.4129695892334,5253300
2009-08-11,24.31300044021311,24.652904012534286,24.27967720863642,24.35965347290039,4889900
2009-08-12,24.293013718238125,24.806199761913643,24.12639497194349,24.619585037231445,5397600
2009-08-13,24.68623238883757,24.68623238883757,24.233029226226073,24.352994918823242,5095000
2009-08-14,24.426317474097065,24.746225269948233,24.386328046215233,24.66624641418457,5819500
2009-08-17,24.55293356985239,24.872841192688274,24.506280533755476,24.67289924621582,4824100
2009-08-18,24.75954764344173,24.75954764344173,24.193042359387515,24.3663272857666,4392300
2009-08-19,24.206380079484585,24.77288300636895,24.206380079484585,24.686243057250977,6557900
2009-08-20,24.832860623965885,25.15943453526537,24.60625899268071,25.079458236694336,4197900
2009-08-21,25.2927289283689,25.625966456957684,24.759549391106958,25.19275665283203,9837100
2009-08-24,25.339377701320224,25.406024178826843,25.07945287968419,25.326047897338867,6392400
2009-08-25,24.872845222175442,25.426020657512023,24.85285178700913,25.232742309570312,10368700
2009-08-26,25.15277009630136,25.62596678273698,25.15277009630136,25.43935203552246,7800700
2009-08-27,25.3660388745361,26.005854250721065,25.3660388745361,25.97919464111328,6985200
2009-08-28,26.099164551575893,26.132487797760295,25.406029844377176,25.77259063720703,5866700
2009-08-31,25.772582621068178,25.839231635107616,25.22607341794441,25.52598762512207,5621500
2009-09-01,25.50600078734242,25.872561560943304,25.06612735054124,25.2260799407959,10094800
2009-09-02,25.226077037608256,25.625963552024416,25.10611133752344,25.419355392456055,5414600
2009-09-03,25.552646348292377,25.552646348292377,25.032796768737082,25.372697830200195,4943100
2009-09-04,25.346033275892236,25.879215096074343,25.292716619313627,25.799236297607422,4267300
2009-09-08,25.959205265423417,25.959205265423417,25.426025701873915,25.67262077331543,7312300
2009-09-09,25.67928297265057,26.25245192488361,25.672619340778336,26.032516479492188,4463900
2009-09-10,26.04583159177755,26.18579066374095,25.699264454725952,25.999176025390625,4978300
2009-09-11,25.945879494095966,26.025855805467543,25.246081049192185,25.259410858154297,10636200
2009-09-14,25.232738693076612,25.77924787676228,24.892835089564898,25.752588272094727,8161100
2009-09-15,25.785920655519313,25.83257370904002,25.199424399144522,25.432689666748047,5971200
2009-09-16,25.446017930396778,25.459347736651427,24.886178779704316,25.2260799407959,6443200
2009-09-17,25.15943600449786,25.439354337043177,24.906174744765778,25.239412307739258,6587500
2009-09-18,25.232741272946388,25.332710987071156,24.89283763468192,24.966150283813477,9719500
2009-09-21,24.852847623205864,25.06611937058271,24.77286881113972,24.979476928710938,4735700
2009-09-22,25.012807047833828,25.03280302755456,24.57959980402521,24.892841339111328,8185600
2009-09-23,24.926171837155465,24.986154702857323,24.53295139364352,24.566274642944336,5560400
2009-09-24,24.652906235468336,24.772869371481477,24.379651644060974,24.53960418701172,4200100
2009-09-25,24.53960860921168,24.69956372338722,24.346330254449647,24.519615173339844,4720700
2009-09-28,24.586256667784923,25.15942544226011,24.519610200129573,24.979476928710938,4394900
2009-09-29,24.999469345582742,25.10610521494189,24.71288751237976,24.75287437438965,3982600
2009-09-30,24.839517717367293,24.846181347145066,24.246355513554835,24.526273727416992,6855900
2009-10-01,24.526274277701688,24.62624652340964,24.233026255304758,24.472957611083984,8079700
2009-10-02,24.19969957666704,24.499611186306588,24.153046546616466,24.29966926574707,4866300
2009-10-05,24.379655075043416,24.379655075043416,23.933115533130827,24.293012619018555,5365000
2009-10-06,23.526567636256217,24.139725975107766,23.486580762296622,24.11972999572754,15985800
2009-10-07,24.203510144397193,24.719619631399834,23.962211936771702,24.692808151245117,7275100
2009-10-08,24.619076018125032,25.14859120560526,24.60567027905022,24.73972511291504,7760700
2009-10-09,24.773244289804744,24.98773105411513,24.71962387716911,24.934110641479492,4398100
2009-10-12,24.913997547922925,24.987727843095726,24.65259199731651,24.75313377380371,4754000
2009-10-13,24.665995895797096,25.014537456202735,24.652590156141105,24.800050735473633,7749000
2009-10-14,24.860377260979124,24.927403407701835,24.699510929207584,24.779945373535156,7589000
2009-10-15,24.686119179203672,24.873794522459452,24.565470013715018,24.826875686645508,10285600
2009-10-16,24.86707911688364,25.155296153241444,24.65929652570729,25.081565856933594,8116300
2009-10-19,25.141899796573085,25.517253010202623,25.081575218612706,25.463632583618164,7625100
2009-10-20,25.135190159268028,25.135190159268028,24.49172990484287,24.565460205078125,13309600
2009-10-21,24.592265008749983,25.081562988332717,24.511833129651222,24.531940460205078,7090900
2009-10-22,24.511833020325586,25.048049806731285,24.384482332580273,24.954212188720703,5798200
2009-10-23,24.87377531069999,24.954207173274337,24.344260221913032,24.37777328491211,8127800
2009-10-26,24.40459048984203,24.692807501715155,24.16999643686782,24.310752868652344,4960100
2009-10-27,24.37778962229203,24.585574843151214,24.129789721636214,24.3710880279541,6221200
2009-10-28,24.304051179416856,24.518540479830985,24.14988899230957,24.14988899230957,5414100
2009-10-29,24.15659069714309,24.3375643481018,23.84826635412458,24.310752868652344,5595000
2009-10-30,24.22362004306096,24.56546005904986,23.88848417626292,23.928701400756836,6809400
2009-11-02,23.94881659150171,24.33087140044232,23.90859935381364,24.210222244262695,5359000
2009-11-03,24.210216607333773,24.371082963746524,23.908593787112355,24.123083114624023,4385400
2009-11-04,24.096264500644143,24.719617292399775,24.069453023026362,24.49842643737793,5142800
2009-11-05,25.04135043072659,25.798758146772737,24.987727468900808,25.7518367767334,9138100
2009-11-06,25.71832921127071,25.79205952112775,25.329572882320992,25.45022201538086,5653000
2009-11-09,25.658011310747632,26.355094803556423,25.530660551380258,26.328283309936523,7270700
2009-11-10,26.375195762097892,26.77736039841163,26.321575344719882,26.50925064086914,5668500
2009-11-11,26.589666985346017,26.931506854015307,26.58296539592703,26.877883911132812,7332300
2009-11-12,26.723735044803362,26.94492595861482,26.55616710047974,26.69692611694336,5090100
2009-11-13,26.670112096393815,26.86449150697968,26.36178772180611,26.44892120361328,4726400
2009-11-16,26.53605814058831,26.958330050356054,26.46903198971637,26.864492416381836,4748300
2009-11-17,26.395298931778317,26.944921493530273,26.321568639392456,26.944921493530273,6690100
2009-11-18,26.74383884076566,26.877891120161312,26.475729168207693,26.616485595703125,5164800
2009-11-19,26.57627857313055,26.623197395780995,26.241142664550765,26.549467086791992,3564400
2009-11-20,26.536058361138483,26.77065244802382,26.39530190900728,26.55616569519043,5052800
2009-11-23,26.65000614191701,27.119196922078082,26.65000614191701,27.018657684326172,5613900
2009-11-24,28.640697295903674,29.257348328139066,27.018641696654388,28.989238739013672,23245900
2009-11-25,28.788180517822493,29.14342383008314,28.680937109014494,28.94234275817871,5915500
2009-11-27,28.43292800398587,28.96914747959752,28.205038050800063,28.814985275268555,3006800
2009-11-30,28.60049321374513,28.667521920223724,28.171519719816956,28.446331024169922,7582400
2009-12-01,28.620599564520358,28.788167474667567,28.339084145893676,28.613895416259766,6500100
2009-12-02,28.506658734749923,29.270768174939953,28.506658734749923,29.237255096435547,8428000
2009-12-03,29.310979078238045,29.438329771827288,28.84849255815596,28.90211296081543,6359100
2009-12-04,29.069675235915454,29.277460328518547,28.64740601739087,28.861892700195312,6359400
2009-12-07,28.83508122562402,29.324379130576833,28.83508122562402,28.861892700195312,5231100
2009-12-08,28.82168180629255,28.9624382433224,28.41951982709768,28.680925369262695,6365100
2009-12-09,28.747941007870043,28.761346743195354,28.312266115768963,28.714427947998047,4623900
2009-12-10,28.747952024388432,29.10989934622618,28.707737359884383,29.036169052124023,6565100
2009-12-11,29.150117692632953,29.438332174608338,29.036170172745507,29.143413543701172,4381300
2009-12-14,29.264074431015477,29.672940746331122,29.264074431015477,29.404830932617188,5229500
2009-12-15,29.290885923763806,29.49866860035166,29.062993349172366,29.404830932617188,4521600
2009-12-16,29.451740848480974,29.592499864345452,29.210445157464516,29.223848342895508,4184200
2009-12-17,29.00935024989938,29.089784672374766,28.48653928822392,28.734539031982422,6326900
2009-12-18,28.721142441545815,28.969144821166992,28.48654836015684,28.969144821166992,9562500
2009-12-21,29.016074446957937,29.384723522282737,28.86191219934519,29.19704818725586,5549500
2009-12-22,29.203745786622804,29.297583441298322,29.05628515391309,29.190340042114258,3771700
2009-12-23,29.036175984281588,29.780178137833744,28.99595875329244,29.76007080078125,5509400
2009-12-24,29.760059758025477,29.760059758025477,29.33108379063605,29.5723819732666,1615600
2009-12-28,29.773473987560138,29.773473987560138,29.31098733716368,29.76007080078125,3477700
2009-12-29,29.713159995339367,30.122023781427085,29.713159995339367,30.09521484375,4386800
2009-12-30,29.941038095538133,30.081797107446743,29.726551338295476,29.82709312438965,3924100
2009-12-31,29.93433105803363,29.95443838884146,29.438328924079094,29.478546142578125,3378800
2010-01-04,29.719839586945366,29.75335265189339,29.357892348987594,29.4249210357666,6109400
2010-01-05,29.491960312502048,30.034881411460475,29.32439235618101,30.02817726135254,6568600
2010-01-06,30.09214795947664,30.610630134816002,29.91034232121701,30.523096084594727,7470700
2010-01-07,30.53655644840099,30.84630076967029,30.314351301908886,30.805898666381836,6895200
2010-01-08,30.73181616869218,31.034825391027162,30.603880083100364,30.967491149902344,4947200
2010-01-11,31.13583632862167,31.20317058490039,30.785692544970434,30.846294403076172,4339400
2010-01-12,30.583680224342746,30.8866894711344,30.46247909426294,30.516345977783203,4321600
2010-01-13,30.509627322915858,30.805901737319186,30.455757846494517,30.69143295288086,3999800
2010-01-14,30.637556756896675,31.028102669381116,30.52982039632122,30.960765838623047,4260600
2010-01-15,30.906902848473297,30.98770448695673,30.442287647758572,30.71162986755371,5663300
2010-01-19,30.853028960078976,31.31090912699702,30.758759967237744,30.99443244934082,6034400
2010-01-20,30.866500744912695,31.41864998371873,30.516356886634124,30.71162986755371,4489100
2010-01-21,30.738566796893632,30.81263347241712,29.66120040946548,29.688135147094727,8339400
2010-01-22,29.60733494451993,29.86320725854311,29.12251991813818,29.156187057495117,6425100
2010-01-25,29.3649213934887,29.88340345262019,29.109046563438895,29.661195755004883,4732200
2010-01-26,29.60060590646753,29.76894420561983,29.34473354117582,29.46593475341797,5735400
2010-01-27,29.385132370499214,29.51980352025571,28.92051960090977,29.351465225219727,4824800
2010-01-28,29.452464817674475,29.681404967373386,28.85991338869409,29.06865119934082,5019600
2010-01-29,29.22352125575708,29.56019775608314,28.846442650682267,28.880109786987305,6485700
2010-02-01,28.94071586291433,29.236990301520215,28.75217781731406,29.055187225341797,5434500
2010-02-02,29.149444523750017,29.97093322676206,28.98783871492303,29.809329986572266,7906000
2010-02-03,29.708328864729825,29.86319972159551,29.51305847828718,29.627527236938477,3638600
2010-02-04,29.02824407184583,29.210049663970825,28.415493032596753,28.45589256286621,8256600
2010-02-05,28.435695220868514,28.44916258831844,27.674805656092563,28.058616638183594,10079800
2010-02-08,28.03168698972273,28.408763037638856,27.802746859785973,28.139423370361328,6700000
2010-02-09,28.334701080394545,28.866648103502303,28.280831596787586,28.523239135742188,6409900
2010-02-10,28.43569138730815,28.66463146581697,27.829675345587646,28.381824493408203,4993900
2010-02-11,28.415486264029187,28.51648763428179,27.9576061933675,28.482820510864258,5440000
2010-02-12,28.24042236468313,28.657903051475277,28.018217222418144,28.577098846435547,6242400
2010-02-16,28.71175049328879,29.05516171036419,28.48954550162468,28.933958053588867,6859600
2010-02-17,28.940708704172003,29.459190769959807,28.886841805312766,29.270652770996094,5773700
2010-02-18,29.270655520994428,29.506328041840664,29.210053648685705,29.499595642089844,3861900
2010-02-19,29.39859664648649,29.600602065529557,29.014785579713184,29.4255313873291,4807100
2010-02-22,29.418774585423666,29.587112737804834,29.25717139757411,29.398574829101562,4819200
2010-02-23,28.832959621483592,29.230237778827718,28.664621462755342,28.866626739501953,11667900
2010-02-24,28.987853891468752,29.391867340738234,28.81278319483228,29.351465225219727,5280600
2010-02-25,28.826250919111658,29.31106346806858,28.718514511716947,29.25046157836914,6026200
2010-02-26,29.337987137449385,29.560194838680268,29.183116270820708,29.22351837158203,4865800
2010-03-01,29.290849116730783,29.728529498803518,29.230247257192058,29.57365608215332,5026200
2010-03-02,29.667925333861763,30.280676279966226,29.654457969606632,30.132537841796875,7571800
2010-03-03,30.179685938933538,30.273954962583712,30.038282403458275,30.07868194580078,3444000
2010-03-04,30.139277767748503,30.502888987548022,30.0113416283247,30.17967987060547,4051300
2010-03-05,30.240268360556982,30.63754653930664,30.240268360556982,30.63754653930664,3896900
2010-03-08,30.563492241362994,30.61062674584474,30.146014100822747,30.172948837280273,3616000
2010-03-09,30.065201143873782,30.233539330415883,29.950729841333978,30.125802993774414,3348300
2010-03-10,30.092142086347263,30.294150024079407,29.997873085345663,30.051742553710938,4350000
2010-03-11,29.93055272857936,29.964219877635458,29.526539233989748,29.856483459472656,5482900
2010-03-12,29.896858503362928,29.950725379340252,29.351441935512216,29.587114334106445,4366800
2010-03-15,30.469215889458553,31.021365010583178,30.33454480826389,30.846294403076172,12646200
2010-03-16,30.79242711296131,30.80589447889349,30.253745318861146,30.381681442260742,8785300
2010-03-17,30.401877253812,30.462479103188087,30.125802733018016,30.2672061920166,5571700
2010-03-18,30.341273783757796,30.44901011371201,30.172935607664538,30.415340423583984,4745800
2010-03-19,30.159482955932617,30.792433882062237,29.991144697730675,30.159482955932617,7525400
2010-03-22,30.388416264693117,31.20990503354105,30.34801416708916,30.839561462402344,6555300
2010-03-23,30.927097608927088,31.014634201484252,30.617355904355406,30.785694122314453,4439600
2010-03-24,30.718356500102228,30.77222596140292,30.307610847914965,30.509618759155273,4643300
2010-03-25,30.664483461656925,30.691418186909008,30.25373789179137,30.287405014038086,5077300
2010-03-26,30.327832809584653,30.327832809584653,29.896887114803313,29.957489013671875,5369300
2010-03-29,30.065204068886676,30.435547601582265,29.95746772176365,30.348011016845703,4788100
2010-03-30,30.54328736250705,30.61735659105226,30.314347278202504,30.33454704284668,4226300
2010-03-31,30.287408313538723,30.489413637662192,30.13253747942283,30.321075439453125,5839700
2010-04-01,30.509628287992864,30.78570294178996,30.40862430082691,30.752033233642578,5127500
2010-04-05,30.76548649625605,30.97422677532076,30.7048846454719,30.799156188964844,4293100
2010-04-06,30.70488906367555,30.758758524851505,30.469216592623983,30.597152709960938,3565400
2010-04-07,30.47879132312094,30.607307264502495,30.228519770560805,30.289396286010742,4062300
2010-04-08,30.248804364789535,30.519364565630845,30.181162379370775,30.35702896118164,5463300
2010-04-09,30.29616635732399,30.85081799071427,30.29616635732399,30.72906494140625,5608400
2010-04-12,30.844052498930996,31.00639075810139,30.587020577306586,30.72906494140625,5444000
2010-04-13,30.62082171633752,30.78992278441077,30.57347362369921,30.74257469177246,4824300
2010-04-14,30.668174780964748,30.97932017739647,30.512602082748888,30.91844367980957,4974600
2010-04-15,30.871102983527212,30.97256469726563,30.74258704903331,30.972564697265625,4000500
2010-04-16,30.891398528897035,30.93874922733696,30.22175938331772,30.370569229125977,6954600
2010-04-19,30.343499159772183,30.3773188607774,30.14057837346309,30.32320785522461,5416800
2010-04-20,30.39084131468933,30.647875636569182,30.384075827644516,30.553176879882812,3565500
2010-04-21,30.472026996051014,30.5396690048445,30.025600059129193,30.21499252319336,5908800
2010-04-22,30.09999697157113,30.09999697157113,29.50476035392511,29.863256454467773,4945700
2010-04-23,29.910595061656025,30.066167720685627,29.612975557184352,29.90382957458496,5099500
2010-04-26,29.883547415896825,30.099996623395626,29.74150310727788,29.802379608154297,3197400
2010-04-27,29.930899011815896,30.05941493742969,29.32889942193691,29.369482040405273,6321700
2010-04-28,29.416826522968634,29.55887081819737,29.12597244400817,29.315364837646484,6757900
2010-04-29,29.552106578213557,29.998533367991566,29.54534366970269,29.653568267822266,4861000
2010-04-30,29.79561861963289,29.951191349754488,29.518292869367702,29.552112579345703,5837200
2010-05-03,29.545343239154032,29.971478716911633,29.35595084027417,29.8497257232666,4099500
2010-05-04,29.612987090714302,29.74826850177409,29.200379948107187,29.34918975830078,6009500
2010-05-05,29.098918488990144,29.612984713414672,28.96363708879061,29.085390090942383,7175600
2010-05-06,28.950116111977916,29.437128245428433,26.975015935701947,28.31429672241211,10058100
2010-05-07,28.179009531095808,28.3007625395866,27.198222553932503,27.901683807373047,13596700
2010-05-10,29.173328118316352,29.240967539244217,28.368405075770756,28.90276527404785,8194500
2010-05-11,28.889229874371424,29.153027164465826,28.598375790349934,28.862173080444336,6556500
2010-05-12,28.76748303607085,29.36948263820317,28.686315217203617,29.288314819335938,6628800
2010-05-13,29.247726719688508,29.450647518973106,29.119208235261826,29.146265029907227,3790700
2010-05-14,29.044804812205857,29.430355124470857,28.381928791464663,28.67278289794922,6156500
2010-05-17,28.672788440830345,28.94335129274527,28.39546267874291,28.767484664916992,5395100
2010-05-18,28.882477953494284,29.2883196956793,28.61868056304614,28.645734786987305,5814600
2010-05-19,28.490156727879143,28.598381344327485,28.10460637051453,28.24665069580078,7246100
2010-05-20,27.759644724660774,27.90168906792148,27.272632598876953,27.272632598876953,9568200
2010-05-21,26.785627841465782,27.516146231097476,26.44742545669839,27.27940559387207,10745700
2010-05-24,27.137336573735475,27.92873085258261,27.00205521373079,27.48906707763672,8114300
2010-05-25,27.076465131886515,27.18468972398422,26.467702768941084,27.022354125976562,10444000
2010-05-26,27.00205895532429,27.11028612254661,26.44740762469833,26.474464416503906,8986600
2010-05-27,26.663855955694466,26.83295702871722,26.197137923051606,26.657093048095703,10155200
2010-05-28,26.589464918664714,26.988543723324884,26.46094639732819,26.50153160095215,8913100
2010-06-01,26.28508328291133,26.41359922856868,25.86571315156949,25.906295776367188,7534100
2010-06-02,26.048342084531477,26.447420933515527,25.913063217984195,26.433895111083984,6332500
2010-06-03,26.569162872667405,26.717972660007007,26.36624207738116,26.535343170166016,5454300
2010-06-04,26.122746931683842,26.312141988789477,25.615443442801876,25.70337677001953,6785600
2010-06-07,25.757483194337293,25.892762022739706,25.49368328628477,25.507211685180664,6355300
2010-06-08,25.56807869668182,25.6221922721731,25.23664207776829,25.459854125976562,9285400
2010-06-09,25.608670219180464,25.86570460585289,25.317816129590653,25.378692626953125,5456900
2010-06-10,25.710136654007748,26.102452544417638,25.676316941453468,25.818361282348633,7981800
2010-06-11,25.601908624995115,25.831886252206676,25.54779760815151,25.791303634643555,7140400
2010-06-14,25.926583667243797,26.542111610213894,25.926583667243797,26.258020401000977,7506800
2010-06-15,26.406831696111617,26.508290820627163,26.10921207153134,26.24449348449707,5805000
2010-06-16,26.115985593544984,26.508298973499038,26.075400383089406,26.46095085144043,6017900
2010-06-17,26.487993892727708,26.609746880540868,26.176848515106435,26.359477996826172,7693500
2010-06-18,26.420361926657083,26.488001347688932,26.12274228144849,26.29184341430664,6932800
2010-06-21,26.52859111458256,26.54888242832896,26.048341853593136,26.163331985473633,6405400
2010-06-22,26.14302704858557,26.366239124316927,25.737182923190417,25.757476806640625,5011500
2010-06-23,25.33134464976587,25.50720865395665,24.979614061106368,25.37192726135254,9618300
2010-06-24,25.25693435977367,25.378687329082346,24.891675451847647,24.925495147705078,7325900
2010-06-25,24.925512187480354,25.121670169940888,24.82405303054775,24.93227767944336,13962200
2010-06-28,25.06077885962326,25.196060236006335,24.851095177493242,24.93902587890625,4861900
2010-06-29,24.87139845152504,24.999914401791337,24.249104852762336,24.492610931396484,9128500
2010-06-30,24.458788674153684,24.817282263619486,24.32350724671873,24.533193588256836,7389000
2010-07-01,24.411440408598608,24.512902123608583,23.762092657314852,24.377620697021484,9495000
2010-07-02,24.364086700724226,24.553479106281944,24.28291889552492,24.370849609375,4651700
2010-07-06,24.573782709390542,24.790231995692526,24.27616300551604,24.485849380493164,6758300
2010-07-07,24.618569697051864,25.237950114921134,24.359930235024173,25.217529296875,7700600
2010-07-08,25.353651180240877,25.510196902803965,24.92485044670604,25.176687240600586,6610700
2010-07-09,25.299193555957178,25.39448460625794,25.135842662558577,25.34003257751465,4257900
2010-07-12,25.619103853571836,25.707587140477397,25.394495628555273,25.646329879760742,6290300
2010-07-13,25.870926207891983,26.06150570715855,25.768832551257052,25.836894989013672,6406400
2010-07-14,25.727997924368477,25.938995671711364,25.496581961494865,25.904964447021484,5115900
2010-07-15,25.945798054688996,26.115956756037928,25.687158698057942,25.870927810668945,4443900
2010-07-16,25.789248961269205,25.932181628419986,25.27877292451751,25.36725616455078,6464400
2010-07-19,25.408102591029955,25.659936782264282,25.176686616366585,25.244749069213867,3866500
2010-07-20,25.07458776992646,25.469354629516598,24.849977025009405,25.4693546295166,3912500
2010-07-21,25.557842490658114,25.557842490658114,24.44840676749098,24.652599334716797,8041400
2010-07-22,24.8159473643921,25.353649548424713,24.652596445455636,25.026945114135742,6360800
2010-07-23,25.04737055167251,25.31281781879128,24.788728492964854,24.897632598876953,6128800
2010-07-26,24.8363702448191,25.224331955120753,24.802336420491798,25.169879913330078,6019700
2010-07-27,25.299190277134674,25.4897697566211,25.074582178717318,25.448930740356445,6044000
2010-07-28,25.46255783166061,25.58507235181429,24.79553577549988,24.80914878845215,5507000
2010-07-29,24.96569240411043,25.033754866624516,24.50286038904842,24.5709228515625,6245100
2010-07-30,24.482437699524368,25.203909017545417,24.427985662321852,25.16307258605957,7447500
2010-08-02,25.517000366066462,25.680351267733126,25.387678089463268,25.54422378540039,6036200
2010-08-03,25.55104414021992,25.71439512213738,25.4285296055733,25.58507537841797,6714600
2010-08-04,25.591879393727993,25.91858653515737,25.591879393727993,25.796072006225586,3938100
2010-08-05,25.632713325571142,25.816485082333504,25.48978060245033,25.748422622680664,3818600
2010-08-06,25.646324699108035,25.80967563041045,25.319620240086966,25.73480796813965,4274800
2010-08-09,25.11542444651872,25.659931751798247,24.904426729791062,25.476160049438477,7204100
2010-08-10,25.353647232055664,25.482966914100082,25.095005271551017,25.353647232055664,4512600
2010-08-11,25.067775358783816,25.067775358783816,24.611748794002875,24.693424224853516,5840300
2010-08-12,24.482438778429547,24.632176694503112,24.407568522184683,24.496051788330078,4219700
2010-08-13,24.414375979134014,24.489246242279464,24.15573655643423,24.210186004638672,5545500
2010-08-16,24.09447891191295,24.15573616290523,23.856255115202373,23.944738388061523,5895000
2010-08-17,24.128508031756827,24.47563069275719,23.985575324075274,24.39395523071289,6331400
2010-08-18,24.421187738925962,25.026952553170872,24.387156503733394,24.788728713989258,6087300
2010-08-19,24.557310216011565,24.645790889997198,24.06044441819672,24.148927688598633,5218300
2010-08-20,23.917508378838395,24.067248877726158,23.379806220483168,23.665674209594727,9487400
2010-08-23,23.774573499120898,24.17614813037319,23.686090249139024,23.815412521362305,6084600
2010-08-24,21.759901336883207,22.059381112138325,20.997590833953456,21.242618560791016,37355400
2010-08-25,21.154129475054624,21.8279577694535,20.963551264213464,21.691831588745117,13215500
2010-08-26,21.807548616476833,22.12064013056948,21.514875323959032,21.97089958190918,12827000
2010-08-27,21.998117433935814,22.188694354928725,21.800732710669838,22.134244918823242,9876600
2010-08-30,22.093409061844927,22.093409061844927,21.739479887170937,21.746286392211914,7425500
2010-08-31,21.650995388906196,21.691834416830186,21.371935189132348,21.405967712402344,9943900
2010-09-01,21.603357682831263,22.052578038288445,21.56251994077458,21.91645050048828,6502000
2010-09-02,22.0049320851611,22.120638795658408,21.848383741145195,22.038963317871094,5226700
2010-09-03,22.16146893387542,22.529009734541514,22.16146893387542,22.44733428955078,8882100
2010-09-07,22.406501739117452,22.50859802214965,22.025347821485436,22.086605072021484,6090900
2010-09-08,22.11382944693545,22.318019401378102,21.936862915713323,22.07299041748047,6876100
2010-09-09,22.345243113953586,22.386079542776226,22.17508440341693,22.263565063476562,5473500
2010-09-10,22.31802075579389,22.780852732040426,22.209119267054486,22.69236946105957,6951400
2010-09-13,22.930581514292108,23.08712717966708,22.72639162886455,22.821680068969727,9401700
2010-09-14,22.821687562819005,22.855721385245175,22.488177912937907,22.658336639404297,11974000
2010-09-15,22.733206246224384,22.9101701742801,22.644722983988505,22.862525939941406,8580300
2010-09-16,22.787653525940573,22.916973207393582,22.699170272095994,22.876136779785156,7331300
2010-09-17,22.985045167484977,23.039494619494437,22.603888617752432,22.665145874023438,9389800
2010-09-20,22.82850318934956,22.9169838880154,22.6787626278889,22.80127716064453,7817800
2010-09-21,22.87613933670902,22.87613933670902,22.603884338948507,22.67194938659668,9028200
2010-09-22,22.77403533455846,22.9578070062173,22.66513389169565,22.848905563354492,7228000
2010-09-23,22.740014545154484,22.8489160379408,22.597081822700513,22.631113052368164,6720600
2010-09-24,22.876140510521225,23.24368399743235,22.862527500293083,23.032686233520508,7029300
2010-09-27,23.012271781629853,23.012271781629853,22.692372479967524,22.733211517333984,5328100
2010-09-28,22.86252108412095,22.937391321155914,22.59026614879662,22.780845642089844,4985200
2010-09-29,22.71278608173716,22.848913582193497,22.54262735527077,22.658336639404297,6727200
2010-09-30,22.712779535661152,22.951003241905042,22.494976636270685,22.855714797973633,7855500
2010-10-01,22.910179194849302,22.9646312534853,22.671957929359472,22.889760971069336,5243700
2010-10-04,22.896556949420468,22.971427201652414,22.49498226633494,22.603883743286133,5026800
2010-10-05,22.8216898366163,23.14839431241244,22.8216898366163,23.059913635253906,6183800
2010-10-06,23.131860057088225,23.207230876144923,22.90575021369325,23.05649185180664,5407700
2010-10-07,23.11129469774494,23.13870273093434,22.74814740619407,22.87148094177246,6192900
2010-10-08,22.94000548423058,23.022226995376823,22.782413165460806,22.919450759887695,3429200
2010-10-11,22.89203587157775,22.939998623216002,22.789257053053532,22.864627838134766,3425400
2010-10-12,22.761854093075677,22.967409138562868,22.624816524826144,22.892038345336914,6295100
2010-10-13,23.029080507632745,23.08389397760271,22.933154974854254,22.98796844482422,5988500
2010-10-14,23.02222759760332,23.056488957437303,22.652229480879264,22.796117782592773,5397500
2010-10-15,23.015375250624434,23.015375250624434,22.741300074169988,22.8098201751709,5510700
2010-10-18,22.85093125528211,23.33056154147198,22.796117784338147,23.296302795410156,6682400
2010-10-19,23.03592412649251,23.077036176656982,22.720739583220006,22.864627838134766,7524700
2010-10-20,22.953700157326026,23.803330805747155,22.850921349918092,23.775922775268555,12092500
2010-10-21,23.94037450782985,24.440559485465272,23.89926506081368,24.310375213623047,14714100
2010-10-22,24.51593131127839,24.666672926682693,24.31037622631098,24.495376586914062,13213800
2010-10-25,24.762597249417357,25.043523128367333,24.6735224252309,24.817413330078125,10437000
2010-10-26,24.769454032976007,24.879083595866078,24.55019490719587,24.78315544128418,7286200
2010-10-27,24.51592928352831,24.796855152962063,24.41315305643274,24.77630043029785,6647700
2010-10-28,24.947598395177316,25.091486690830553,24.488525467014703,24.762598037719727,5907500
2010-10-29,24.61185117344922,24.632408506852418,24.070556850948503,24.139074325561523,10306600
2010-11-01,24.392590760290638,24.502220281833164,23.926664640291413,24.091110229492188,6463400
2010-11-02,24.282971074466158,24.522787546946716,24.173341508518625,24.255565643310547,5768500
2010-11-03,24.337783831252008,24.399450617013127,24.063708647030438,24.262413024902344,5993000
2010-11-04,24.509079289469465,24.577596776181654,24.372041702270508,24.372041702270508,6143600
2010-11-05,24.372037894167917,24.46111270399559,24.152778834418392,24.221296310424805,4890200
2010-11-08,24.056850936582755,24.372035476991464,24.015738886791826,24.21444320678711,4608400
2010-11-09,24.25556230378001,24.584450956340884,24.214450242044403,24.337783813476562,5212200
2010-11-10,24.433707147199268,24.440557849985336,23.98833566664638,24.324077606201172,4241200
2010-11-11,24.166479127358375,24.33092208993623,24.091108347104456,24.31722068786621,2871400
2010-11-12,24.187045011378064,24.207602351521928,23.59093442270543,23.72797203063965,6722700
2010-11-15,23.844445411175172,23.974632277308107,23.645741067753278,23.748519897460938,4992800
2010-11-16,23.65944403635756,23.714260106776287,23.31685143756281,23.412776947021484,5204200
2010-11-17,23.48815155029297,23.721114659846233,23.44704210457885,23.48815155029297,5401200
2010-11-18,23.714269852929814,23.851307471522617,23.563528211100213,23.707416534423828,6657300
2010-11-19,23.734824580897424,23.734824580897424,23.522418755164995,23.707416534423828,7827300
2010-11-22,23.61147720617059,23.864997567437186,23.378514174649766,23.775922775268555,7116500
2010-11-23,23.46760044997356,23.69371289140279,23.090748994699773,23.41963768005371,9741100
2010-11-24,23.453896428028614,23.69371289140279,23.18667453453947,23.41963768005371,7873300
2010-11-26,23.33056050603194,23.385376588317875,23.125005425009014,23.18667221069336,2553400
2010-11-29,23.063339471457244,23.316857326740035,22.837229658306313,23.227785110473633,6039700
2010-11-30,23.077031498494623,23.248327752127288,22.85777250294668,22.974252700805664,6835600
2010-12-01,23.268893143105565,23.474448219029192,23.22093037918254,23.234634399414062,7748500
2010-12-02,23.186670583661627,23.58407669724961,23.118153099386813,23.200374603271484,10160200
2010-12-03,23.25518333312153,23.488146391508295,23.15240712763481,23.440183639526367,7323800
2010-12-06,23.42648046935993,23.42648046935993,23.1592586661533,23.255184173583984,4846400
2010-12-07,23.392220887544443,23.666295996390264,23.316850101923144,23.440183639526367,7202800
2010-12-08,23.474447687165373,23.919819186387887,23.46759698409213,23.78278160095215,7475900
2010-12-09,23.810196758644825,24.18019756579747,23.77593800548817,24.125381469726562,7865100
2010-12-10,24.214446841281124,24.639260964454675,24.18018810153354,24.62555694580078,7543700
2010-12-13,24.783157719803764,24.837973813175967,24.591306620551432,24.742048263549805,8317200
2010-12-14,24.844819547553765,25.098340008018617,24.71463527250198,24.762598037719727,10233600
2010-12-15,24.721485427222536,24.762594869993343,24.522781074582518,24.659818649291992,5029700
2010-12-16,24.687216390988702,24.803699208065378,24.529624143933752,24.789995193481445,6797500
2010-12-17,24.906482289771784,25.687595654591693,24.906482289771784,25.62592887878418,15116500
2010-12-20,26.550930582850672,27.085374284626663,25.680744931385593,25.776670455932617,15405200
2010-12-21,25.85888946125721,25.85888946125721,25.24222176285739,25.297035217285156,11824800
2010-12-22,25.516301948825824,25.65333691902407,25.20111472155612,25.22167205810547,8380600
2010-12-23,25.194265265542974,25.386116324335774,25.153153204183955,25.32444953918457,4785700
2010-12-27,25.310742557080403,25.434076112951356,25.283337133155786,25.29018783569336,2932300
2010-12-28,25.33130664372124,25.509453708696782,25.2970452805788,25.399824142456055,4294400
2010-12-29,25.488891245392253,25.61907549898463,25.447779190364756,25.530000686645508,4027000
2010-12-30,25.468340198245155,25.598527097750424,25.33815591251477,25.482044219970703,3390500
2010-12-31,25.39982060709102,25.612229005644178,25.351857841897512,25.413524627685547,3253500
2011-01-03,25.523154338104135,25.70815469662389,25.440932827798026,25.632783889770508,7558100
2011-01-04,25.612241032706294,25.612241032706294,25.297053638575015,25.420387268066406,8351700
2011-01-05,25.34799567970102,25.40314360865854,25.092930920110334,25.15497398376465,13232500
2011-01-06,25.189444984038865,25.39625434604901,25.12740191246345,25.16876220703125,8828300
2011-01-07,25.244587349186673,25.244587349186673,25.058458175534494,25.099821090698242,15364500
2011-01-10,25.058457357354847,25.18254346907145,24.934371245638243,25.161863327026367,10776200
2011-01-11,25.285948110931223,25.29284061467663,25.113606590344027,25.175649642944336,6272500
2011-01-12,25.265275863402394,25.382466871747752,25.148082225333308,25.29974365234375,5521800
2011-01-13,25.389346962881795,25.69266700744629,25.32730392766154,25.69266700744629,6392000
2011-01-14,25.609954747925837,25.740933375983108,25.43761320219208,25.64442253112793,6382400
2011-01-18,25.713358349979043,26.016681156471307,25.616847504176345,25.99599838256836,6902400
2011-01-19,26.02356277018647,26.10628594200789,25.589261516110145,25.775390625,5181000
2011-01-20,25.98910129794756,26.326889198731976,25.71335381876926,26.257953643798828,7787900
2011-01-21,26.430292486739873,26.885273940544806,26.368249441688175,26.547483444213867,11084000
2011-01-24,26.485438858155035,26.485438858155035,25.865011073459097,25.906373977661133,7974000
2011-01-25,25.885693378901276,26.326887208454608,25.858118107123527,26.29241943359375,6048500
2011-01-26,26.29931310479124,26.368248650681796,25.968415121293543,26.113183975219727,5914600
2011-01-27,26.0649435359612,26.32000835790418,26.058048399578833,26.189029693603516,4329100
2011-01-28,26.609526056974424,26.774975050998645,26.161439743078386,26.230375289916992,11204400
2011-01-31,26.24416241279601,26.444079176336036,26.126971459514092,26.41650390625,5037300
2011-02-01,26.540596509072294,26.692257902064114,26.375147477651844,26.588851928710938,4973700
2011-02-02,26.423404108025125,26.513019808413986,26.195912030754165,26.409616470336914,5587300
2011-02-03,26.319995621297778,26.74050932651285,26.23037729976274,26.65778350830078,3742700
2011-02-04,26.726717386657022,27.112763253651373,26.540588270234153,27.05072021484375,7897100
2011-02-07,27.04382771423771,27.340255302969222,27.04382771423771,27.257532119750977,6948500
2011-02-08,27.312690905734417,27.478139967762175,27.14034933807883,27.44367218017578,5395600
2011-02-09,27.48503089872492,27.560861604904684,27.292009195520773,27.333372116088867,6733900
2011-02-10,27.257538472281052,27.40230473408226,27.002471100852418,27.06451416015625,5793900
2011-02-11,27.01626539923932,27.491929847730773,26.95422232464147,27.36094856262207,5583300
2011-02-14,27.305793345492376,27.347153631050332,27.133451809739178,27.22307014465332,3531000
2011-02-15,27.18860211688693,27.38162644206141,26.988687916479726,27.298900604248047,5175400
2011-02-16,27.39540713527785,27.74009014959843,27.333364087511235,27.712514877319336,5293100
2011-02-17,27.6022188202578,27.815920624713357,27.436769801906237,27.760772705078125,3832700
2011-02-18,27.86418469363869,28.519083207166588,27.781461473635048,28.45014762878418,9955900
2011-02-22,27.305798854652235,28.03652543065282,27.22996814286568,27.719417572021484,7820600
2011-02-23,27.595333435660002,27.678059288922803,26.988692956742646,27.09209632873535,8589000
2011-02-24,27.19548790084174,27.354041757549474,26.954208234764558,27.229955673217773,6894300
2011-02-25,27.223073782293042,27.691840402834643,27.064517234056872,27.491926193237305,5606300
2011-02-28,27.51260441293413,27.746989021660067,27.360943010310493,27.51949691772461,5616200
2011-03-01,27.574653687018298,27.67805969023418,27.16792743994582,27.174819946289062,6951400
2011-03-02,27.09208770455064,27.09208770455064,26.519915198436358,26.561275482177734,10280500
2011-03-03,26.850814896716077,27.319584138470706,26.747408911434768,27.24375343322754,7507100
2011-03-04,27.305793892881454,27.40919723857238,26.86459997326452,27.06451416015625,5809900
2011-03-07,27.14723982997237,27.22996303197487,26.768088971927483,26.878387451171875,4961200
2011-03-08,26.94042612177558,27.457450652088568,26.8714879399002,27.32646942138672,4308800
2011-03-09,27.56086133830001,27.726310389248464,27.41609506229727,27.43677520751953,5011300
2011-03-10,27.09897611245867,27.174804157071968,26.575056524169863,26.630207061767578,5915900
2011-03-11,26.409606686536787,26.857692911650425,26.03734849603227,26.251052856445312,8982500
2011-03-14,25.913276762086433,26.16144902632405,25.706467418462914,26.078725814819336,6002200
2011-03-15,25.596166868580546,25.9684226052836,25.361782263392485,25.720252990722656,5669500
2011-03-16,25.616835537213657,25.80985713864857,25.0308756015879,25.27904510498047,7907900
2011-03-17,25.61684816651961,25.816764997836092,25.403143695485777,25.54791259765625,5328500
2011-03-18,25.892588461768003,26.202801064640056,25.713351825281,25.858118057250977,6012300
2011-03-21,26.071827865431437,26.47166149903568,26.02357244478585,26.175233840942383,4430900
2011-03-22,26.285538936928265,26.320006727532935,25.816769621477924,25.913280487060547,5858900
2011-03-23,25.844340275968268,25.995999053404695,25.678891229091803,25.975318908691406,3146700
2011-03-24,26.016688225355068,26.375156427242004,25.782303551983436,26.347583770751953,5266800
2011-03-25,26.37515549113518,26.61643529235885,26.244176830853036,26.444093704223633,5327900
2011-03-28,26.485444163797855,26.912853037004744,26.402720968544863,26.781871795654297,5244200
2011-03-29,26.774972791316024,27.05072021484375,26.678461981998016,27.05072021484375,4649000
2011-03-30,27.154124625062927,27.278210707698843,26.974890633323515,27.140336990356445,3248300
2011-03-31,27.050730232517747,27.374730550968913,26.919748974460852,27.126558303833008,4036000
2011-04-01,27.416084799715325,27.505703111670993,27.167912631051923,27.229955673217773,3772900
2011-04-04,27.22996280210651,27.395411834438004,27.07140890388887,27.18170738220215,3649400
2011-04-05,27.119650677947448,27.30577975951927,27.03003238762283,27.057607650756836,4009600
2011-04-06,27.296818774746292,27.574156073648165,27.16508501245438,27.35228729248047,5884500
2011-04-07,27.26908414913097,27.692019648164255,27.220547879031724,27.64348602294922,5411900
2011-04-08,27.678155017080694,27.802956534573067,27.386953239521457,27.504819869995117,5629600
2011-04-11,27.844552094362484,28.135756455859138,27.76828422242565,27.900020599365234,5850900
2011-04-12,27.615760822936217,28.031764177034383,27.567224541569438,27.92082977294922,5340200
2011-04-13,27.976295551361606,28.0664305808813,27.72669512673638,27.79602813720703,3581500
2011-04-14,27.59495532096236,28.309097936705857,27.525622318991683,28.232830047607422,6064700
2011-04-15,28.31604416336586,28.801383351508033,28.30217702714628,28.461645126342773,7214100
2011-04-18,28.267497950255542,28.392299475898714,27.87922624326738,27.91389274597168,4212000
2011-04-19,27.88616050027772,28.2952315706631,27.823759738866915,28.28136444091797,4019200
2011-04-20,28.496293214055285,28.565628850309356,28.121891357819624,28.20509147644043,4968300
2011-04-21,28.302163372789938,28.44083202319938,28.15656248005806,28.316030502319336,4021100
2011-04-25,28.232832344292564,28.29523310909615,27.962429911771945,28.135765075683594,2602800
2011-04-26,28.329905911378237,28.69044344985753,28.27443737704975,28.59337615966797,4400000
2011-04-27,28.676576359714417,29.050981032342975,28.59337620298095,29.02324676513672,4146400
2011-04-28,28.773643650051014,29.120314055473315,28.773643650051014,29.02324676513672,3627500
2011-04-29,29.085634801660706,29.258969928434748,28.89843254735865,28.94696617126465,6059600
2011-05-02,29.09950782666505,29.480844653875064,29.078705808715096,29.376842498779297,5375500
2011-05-03,29.25203781314701,29.453107214023518,29.189637055802038,29.30057144165039,4167500
2011-05-04,29.27285768847049,29.487791704437274,29.196589755752214,29.33525848388672,4393200
2011-05-05,29.286710739135742,29.640313313157463,29.196575712469528,29.286710739135742,5164900
2011-05-06,29.612576235758645,29.92458003309749,29.44617597376758,29.598709106445312,5018700
2011-05-09,29.460045904709766,29.53631115585916,29.127240059309084,29.286710739135742,5151500
2011-05-10,29.501646322283467,29.668049254406547,29.300576884059495,29.570981979370117,5073800
2011-05-11,29.57791994613164,29.81365593607275,29.05098207473202,29.15498161315918,8651400
2011-05-12,28.988571981155,29.46697605195776,28.898436960898987,29.342174530029297,7384500
2011-05-13,29.34910995547348,29.46697659229807,29.009371885130708,29.14110565185547,5295800
2011-05-16,29.10644543933415,29.376847918608952,29.071778929534712,29.29364776611328,6810400
2011-05-17,29.224314470567396,29.598716475705256,29.071778655027998,29.577917098999023,4493200
2011-05-18,29.5501680332926,29.98697323954594,29.418434305323288,29.952306747436523,6952800
2011-05-19,29.986985207402117,30.042453732821816,29.48777905816429,29.6888484954834,7950000
2011-05-20,29.65416932836092,29.688835819504554,29.127229141396217,29.265897750854492,9828400
2011-05-23,28.96778014710553,29.0163137954846,28.44084225975326,28.607242584228516,8495500
2011-05-24,28.073360951279458,28.461629979250336,27.671222149584604,28.34376335144043,14983900
2011-05-25,28.15656521334524,28.309101008091424,27.76829348348439,27.893095016479492,9085400
2011-05-26,27.768291694959498,28.11496200986507,27.68509155994985,28.017894744873047,6363700
2011-05-27,28.08030214275068,28.10803640926906,27.80989965640953,27.94856834411621,2877600
2011-05-31,27.99016562568753,28.253635853973392,27.789098816225913,28.218969345092773,7389500
2011-06-01,28.087235436995492,28.295239798774492,27.698966270763396,27.712833404541016,5753400
2011-06-02,27.705877034238625,27.705877034238625,27.08187236736205,27.17200469970703,5850700
2011-06-03,26.957085134551036,27.36615622266253,26.83228360632145,27.227487564086914,6212700
2011-06-06,27.1373411608655,27.151208285397182,26.866938844706596,26.88080596923828,3477300
2011-06-07,27.01255144985653,27.19975374524192,26.87388278902831,26.9016170501709,3474200
2011-06-08,26.78374780707329,26.950148068002743,26.652011401879307,26.915481567382812,4328200
2011-06-09,26.991756656952365,27.088823942539058,26.880822238441123,26.95015525817871,5790100
2011-06-10,26.853090220970675,26.915491001913317,26.291483192486886,26.36081886291504,6551100
2011-06-13,26.471744039362473,26.57574618621531,26.36774189250964,26.44400978088379,4676500
2011-06-14,26.53415541263945,26.776823659188473,26.49948889811609,26.624290466308594,5695500
2011-06-15,26.658945692701042,26.818413707893757,26.270674017741992,26.291473388671875,6697500
2011-06-16,26.360812203010333,26.936283575304895,26.31227856841506,26.65894889831543,9971700
2011-06-17,26.93627857974295,27.019481347805375,26.40934093976873,26.478673934936523,8592600
2011-06-20,26.36081562114676,26.84615467491684,26.36081562114676,26.81842041015625,5782600
2011-06-21,26.95708245575316,27.1026833425907,26.769880182011576,26.887746810913086,5397300
2011-06-22,26.693613549598485,26.880815832137657,26.617345659132393,26.72134780883789,6093400
2011-06-23,26.513350548527473,26.658951466338852,26.014144379019925,26.582683563232422,7081500
2011-06-24,26.61042333152215,26.73522489971465,26.409353844446947,26.624290466308594,8203800
2011-06-27,26.68668751199868,26.93628796853287,26.5549510724245,26.749088287353516,4621000
2011-06-28,26.866941439456173,27.15814314809443,26.825340061843356,27.047208786010742,4971700
2011-06-29,26.693611333526622,27.03334936879333,26.35387329825991,26.40934181213379,10008600
2011-06-30,26.485611664685482,26.84614909700797,26.478676777493686,26.714412689208984,5723000
2011-07-01,26.71442574621175,27.172030663803277,26.645092709713502,27.123497009277344,4594800
2011-07-05,26.742140513961512,26.853074878378457,26.187468691876795,26.319202423095703,9946700
2011-07-06,26.244535634920762,26.621352253917212,26.21662270123424,26.572505950927734,5113700
2011-07-07,26.65625,26.75394263496813,26.37014899962562,26.65625,5624300
2011-07-08,26.50273854787692,26.628344158306344,26.412022793250035,26.516695022583008,3999400
2011-07-11,26.272459608833756,26.349216215840592,25.86075298068351,25.90959930419922,6406600
2011-07-12,25.846795471633307,26.53762354047059,25.846795471633307,26.20965576171875,5916100
2011-07-13,26.27943546053619,26.586469862027776,26.167786345273353,26.20965576171875,3725800
2011-07-14,26.293389872938985,26.412015884020807,26.056135188850668,26.30734634399414,6098000
2011-07-15,26.314328890564397,26.439934495066993,25.81190913447926,25.90262222290039,6489700
2011-07-18,25.64442295801543,25.818874814872675,25.309475712280403,25.45601463317871,5546700
2011-07-19,25.518826209768683,25.895642989409197,25.504869736975515,25.811906814575195,4206800
2011-07-20,25.804927742569873,25.930533338194515,25.560696118813656,25.623498916625977,4304600
2011-07-21,25.79097470242873,26.1817480143778,25.7351514646791,26.070098876953125,4766300
2011-07-22,26.132900691250175,26.167790546260125,25.756083868521955,25.867733001708984,4079000
2011-07-25,25.616516184099908,25.770034706878818,25.41415134260493,25.44206428527832,4567500
2011-07-26,25.435090952466748,25.55371698260042,25.337398301315464,25.35833168029785,5202500
2011-07-27,25.2676076135359,25.31645392302515,24.98848622530079,25.03733253479004,7137000
2011-07-28,25.037342711324666,25.42113643984518,24.953603865086322,25.10712242126465,6112000
2011-07-29,24.995474151803624,25.316465087698326,24.80706573414576,25.155969619750977,7163800
2011-08-01,25.372281943995514,25.372281943995514,24.10924936997833,24.339527130126953,8010200
2011-08-02,24.137168844332187,24.15810222385859,23.683592767142173,23.70452880859375,8738900
2011-08-03,23.71848375733813,24.01853860498435,23.446336531365983,23.941781997680664,7920400
2011-08-04,23.69057112699339,23.767330397243278,22.909027275396863,22.916004180908203,11528500
2011-08-05,23.083479239345028,23.683591605715968,22.678749508847726,23.243974685668945,13016600
2011-08-08,22.797374579477932,23.16023487582184,21.639015321387696,21.680883407592773,16050100
2011-08-09,21.736709073147676,22.33682277585664,21.05983609935165,22.176328659057617,18355000
2011-08-10,21.834398763425742,21.84835390282095,21.129612981920257,21.220327377319336,13805100
2011-08-11,21.18544254295488,21.980942908003158,21.108683268796682,21.757644653320312,13207300
2011-08-12,21.680883465149424,22.02280905381728,21.42967228532714,22.008853912353516,8103600
2011-08-15,22.141442481783525,22.357763870848164,21.925122423681717,22.350784301757812,6428700
2011-08-16,22.253083961982007,22.67874702434694,22.078632061794725,22.52522850036621,8812200
2011-08-17,22.727597557377575,23.21606350085357,22.60199195300017,22.762487411499023,8559400
2011-08-18,22.31589118203381,22.364737510827833,21.590171825306257,21.80649185180664,8672000
2011-08-19,21.736706209137083,22.30890822121586,21.708794597577374,21.834400177001953,8436900
2011-08-22,22.25308748952755,22.25308748952755,21.729731706003665,21.757644653320312,6852300
2011-08-23,21.869292747476173,23.09743309020996,21.778577003945397,23.09743309020996,13634800
2011-08-24,22.371713060484442,23.927823720089247,22.371713060484442,23.871997833251953,10700800
2011-08-25,23.892927501399743,24.15111550437165,23.481221012481473,23.62775993347168,8674800
2011-08-26,23.544034391939523,24.032497681915736,22.99974254294058,23.760353088378906,10343300
2011-08-29,24.123212939143738,24.28370839712036,23.92084805920247,24.276731491088867,5087500
2011-08-30,24.10925195025697,24.269747378177886,23.865020356013122,24.13018798828125,5702900
2011-08-31,24.234848517614026,24.653534517366225,24.1860022169315,24.472103118896484,6121500
2011-09-01,24.583761435754592,24.85590597392618,24.26277057852271,24.311616897583008,6097100
2011-09-02,23.72545887319125,24.16507841529815,23.606832856549197,23.871997833251953,6940600
2011-09-06,23.446335623894647,23.955737543255378,23.146278125936913,23.92084503173828,6650900
2011-09-07,24.22788723371238,24.716350555419922,24.158104857807405,24.716350555419922,6476900
2011-09-08,24.625637880000003,24.688440688423817,24.102282030443373,24.165084838867188,5798800
2011-09-09,23.98364609198802,23.98364609198802,23.2230357133933,23.292818069458008,9535700
2011-09-12,23.076495428317287,23.48820198863007,22.98577970162476,23.4323787689209,5943400
2011-09-13,23.48819959163403,23.732431144046103,23.362594032700883,23.64869499206543,4558100
2011-09-14,23.711502699063573,24.2209019441853,23.348642415841624,23.927824020385742,5521900
2011-09-15,24.1860143361081,24.213927282463004,23.537052973944512,24.088321685791016,5774200
2011-09-16,24.14414850011795,24.44420606315586,23.969696552394772,24.43722915649414,7984200
2011-09-19,24.081337805420038,24.10227384239924,23.557982133658225,23.774303436279297,5744600
2011-09-20,23.871990262833215,24.513974448248504,23.83012352290706,24.297653198242188,7872800
2011-09-21,24.31859190487918,24.50700026166465,23.62078435912168,23.634740829467773,7976800
2011-09-22,23.264908904379073,23.432383924201314,22.699683707144793,22.96485137939453,9064600
2011-09-23,22.80435330851838,23.278862704611402,22.6438578748288,23.069520950317383,6119600
2011-09-26,23.264911135099563,23.57194559530054,22.916007250447155,23.5579891204834,5070300
2011-09-27,23.802221264667736,24.479095590936932,23.683592570510953,24.05343246459961,6356700
2011-09-28,24.039475880385687,24.179037953252575,23.4882071566203,23.54403305053711,4774000
2011-09-29,23.969682832624496,24.102267940637333,23.2439651685458,23.697538375854492,6410600
2011-09-30,23.509140733717896,23.872001061455407,23.174193353173692,23.19512939453125,6388500
2011-10-03,23.167214416298673,23.306776478104826,22.183305740356445,22.183305740356445,8085900
2011-10-04,21.97396693976618,22.455454682986467,21.673909379947197,22.427541732788086,10700000
2011-10-05,22.49292739233428,22.710895367607595,22.366364909562016,22.682769775390625,7084100
2011-10-06,22.739020746150885,23.041364154132005,22.633551117430372,23.02027130126953,7074400
2011-10-07,23.097615336961955,23.343710271808035,22.97105284068783,23.083555221557617,6190600
2011-10-10,23.357772082357364,23.653082773048073,23.23823964883664,23.610897064208984,4238700
2011-10-11,23.47027678793371,23.66715062376646,23.31558866994806,23.36480712890625,5037100
2011-10-12,23.463241069594307,23.526522320540113,23.083556246123965,23.125741958618164,7576400
2011-10-13,23.034331072021192,23.09058225508888,22.78823885161017,22.964019775390625,4396500
2011-10-14,23.294500620557166,23.371844695518945,23.013249926551676,23.273405075073242,4629900
2011-10-17,23.23121125698073,23.364803814889477,22.760116910936627,22.816368103027344,4420000
2011-10-18,22.978086600479447,23.336678567702688,22.682773201997506,23.125741958618164,5028900
2011-10-19,23.076516927067814,24.053858326887955,23.076516927067814,23.653078079223633,7920500
2011-10-20,23.695273729703864,23.786680579092778,23.174960912649148,23.463241577148438,4939500
2011-10-21,23.639009503609998,24.363228476891372,23.435105742743424,24.110103607177734,6887400
2011-10-24,24.187455160472513,24.447610165630085,24.039797152276773,24.398391723632812,4726200
2011-10-25,24.37026921283053,24.44761325494377,23.660115401271614,23.71636390686035,4515700
2011-10-26,23.97651682546407,24.025735269330102,23.66011330981217,23.871049880981445,4623100
2011-10-27,24.48980336273185,24.749958419002898,24.138241460990912,24.623395919799805,5481500
2011-10-28,24.6585406878921,24.98900958794679,24.63744784140461,24.946821212768555,5024900
2011-10-31,24.57417281360741,24.65854690302693,24.117141355027456,24.426517486572266,8561400
2011-11-01,24.06792684777485,24.06792684777485,23.280428959294674,23.322614669799805,8506100
2011-11-02,23.723392740132635,23.976514996909128,23.624953177703986,23.88511085510254,6489600
2011-11-03,24.01870802635335,24.560113654508974,23.89917827216275,24.517925262451172,6521100
2011-11-04,24.264801227283417,24.363240812616908,23.969490517896276,24.173397064208984,3458700
2011-11-07,24.271840158558565,24.658557811867876,23.98355943348743,24.644495010375977,4233200
2011-11-08,24.67261513437025,24.78511483911778,24.321053221758653,24.686677932739258,5021100
2011-11-09,24.145267589173944,24.30698571579035,23.821831335941127,23.976516723632812,6809900
2011-11-10,24.26479539029253,24.482764682076663,24.06089157523412,24.278858184814453,4466500
2011-11-11,24.588235670103742,24.869483529603777,24.567140136043378,24.67963981628418,3650300
2011-11-14,24.517927125905725,24.61636403265117,24.26480211872913,24.384334564208984,3252400
2011-11-15,24.299962875314602,24.707773341321516,24.20855601757666,24.602306365966797,4091300
2011-11-16,24.103082573002705,24.65152095105631,24.060896862370853,24.089019775390625,4283100
2011-11-17,24.03276530223322,24.089013796516323,23.44214136014016,23.80776596069336,6810600
2011-11-18,23.87808600789829,24.13824377127361,23.849960409338035,23.864023208618164,6035200
2011-11-21,23.456206501228746,23.631987422032672,23.35073687586479,23.392925262451172,9313500
2011-11-22,24.166367769156746,24.602306519736363,24.018712393414372,24.433555603027344,10553800
2011-11-23,24.3772971153469,24.40542270675721,23.864017142026857,23.871049880981445,7504400
2011-11-25,23.821838696608086,24.01871253206775,23.63902497893425,23.68121337890625,2391100
2011-11-28,24.110112147906097,24.574173679368503,24.089016613155053,24.44057846069336,4613700
2011-11-29,24.496836382469592,24.7640242111152,24.440585183931667,24.54605484008789,6295800
2011-11-30,25.178872881715407,25.924182648798162,25.150747276337285,25.614809036254883,9177400
2011-12-01,25.558546106372532,26.360109398883413,25.558546106372532,25.87495231628418,6469200
2011-12-02,25.987453272392166,26.486670493393827,23.955426054965027,24.335113525390625,25502000
2011-12-05,25.790576542396856,25.797606598957714,25.038234426799566,25.298389434814453,12873300
2011-12-06,25.24916310664546,25.481195133746457,25.13666346137916,25.256193161010742,5412500
2011-12-07,25.26324309359839,25.593712199973563,24.841369807242593,25.586679458618164,10526500
2011-12-08,25.382764987389496,25.431983432763833,24.749955254489134,24.79214096069336,6446100
2011-12-09,24.890571325547604,25.382755597210718,24.792131789011865,25.256193161010742,4688300
2011-12-12,25.101520238625486,25.171831545861874,24.700739886528307,24.925739288330078,4010700
2011-12-13,25.059330613429193,25.368706787355777,24.855424077378363,24.974956512451172,5347600
2011-12-14,24.925738522841737,25.08042393045217,24.74995757794469,24.862457275390625,4617300
2011-12-15,25.108544269670237,25.375732001003506,24.83432648218253,24.883544921875,5607100
2011-12-16,25.08745448764793,25.09448454466227,24.686674182727316,24.820266723632812,7737000
2011-12-19,24.89057906366414,25.235108160937372,24.595265726654567,24.67963981628418,4995000
2011-12-20,24.989014182160847,25.4882313103027,24.95385853748394,25.43198013305664,6118000
2011-12-21,25.41089518046891,25.980426457180258,25.396832381786638,25.924175262451172,6203500
2011-12-22,25.79760007390421,26.50072356912082,25.79760007390421,26.43041229248047,6264300
2011-12-23,26.458549630707,26.676516294449687,26.303861534731315,26.606204986572266,3871200
2011-12-27,26.52884683165401,26.676502109002378,26.38822160847331,26.542909622192383,3152300
2011-12-28,26.54994626608268,26.599167386285238,26.275728488030865,26.317916870117188,3284400
2011-12-29,26.381198699951494,27.049166679334217,26.32494752256173,26.957759857177734,5729000
2011-12-30,26.725728894544503,27.182760342289626,26.725728894544503,26.894479751586914,4173600
2012-01-03,27.365571728108232,27.583541029642692,27.084323871700203,27.203853607177734,7436000
2012-01-04,27.205973547986265,27.26965473711594,26.9724749547921,27.106914520263672,3647200
2012-01-05,26.993715979667602,27.29797038713366,26.986638789266653,27.234289169311523,5267600
2012-01-06,27.312120548879538,27.73666291907671,27.177683616187004,27.616374969482422,7972600
2012-01-09,27.49608236496343,27.821562872318303,27.404097804482554,27.807411193847656,5579000
2012-01-10,28.104591308644842,28.24610269637343,27.517308792775726,27.665897369384766,7279200
2012-01-11,27.630530372309416,27.750818338101006,27.425335000708202,27.729589462280273,3877900
2012-01-12,27.76496358561176,27.779112567335122,27.121076950913313,27.489009857177734,5483800
2012-01-13,27.234285294821134,27.4324034113459,27.078619518033452,27.347496032714844,3982200
2012-01-17,27.87817704247577,27.998462292912656,27.559770939617238,27.616374969482422,4348500
2012-01-18,27.545611096030605,27.729577512532845,27.319189645340185,27.6800479888916,4993700
2012-01-19,27.65882266908427,28.01260653402566,27.545611940269293,27.69420051574707,6059100
2012-01-20,27.736657174372375,28.288559172247847,27.736657174372375,28.260255813598633,5604900
2012-01-23,28.01968050021242,28.175346261608514,27.814487913739043,27.97722816467285,4116700
2012-01-24,27.849881422627394,28.125832555457144,27.793274677863266,27.828655242919922,5007700
2012-01-25,27.72251006627158,28.373471227600838,27.602222121756302,28.274412155151367,7361000
2012-01-26,28.3310136603365,28.415921035479307,27.772034484069696,27.899396896362305,5577100
2012-01-27,27.821560113778542,28.005529216499543,27.602213167967015,27.793256759643555,5051600
2012-01-30,27.715431352951445,27.75081190473126,27.276740042284526,27.489009857177734,6334000
2012-01-31,27.687134483503705,27.83572310436998,27.28382097020524,27.290895462036133,10207000
2012-02-01,27.581000896476866,28.11875409932091,27.489016298777113,28.033843994140625,6990100
2012-02-02,28.026760753185307,28.25318223134067,27.84279161521099,28.161197662353516,4658600
2012-02-03,28.281496424305523,28.479614618792663,28.132905079282203,28.444236755371094,5427000
2012-02-06,28.30270524664754,28.72724474568473,28.30270524664754,28.698944091796875,5518600
2012-02-07,28.543279700209386,28.85460850096193,28.224873711282676,28.76262664794922,5450400
2012-02-08,28.68479381329991,28.720171656751184,28.44422069901222,28.649415969848633,3887300
2012-02-09,28.734333579702138,28.734333579702138,28.154128102918005,28.25318717956543,5981900
2012-02-10,28.08336617942932,28.14704739204668,27.828644028116937,28.111669540405273,5206100
2012-02-13,28.189504326420284,28.67772518983244,28.15412647240327,28.64234733581543,5350600
2012-02-14,28.479601537825815,28.50082770629777,27.81448883385624,27.970151901245117,6314800
2012-02-15,28.111665668148685,28.118742856996352,27.65882275153879,27.800336837768555,5237400
2012-02-16,27.764961963136365,28.097516997344897,27.701280752473966,28.005535125732422,4194200
2012-02-17,27.9489269659278,28.302710851572456,27.920623607278586,28.260255813598633,6311200
2012-02-21,27.83571564348899,27.91354852855457,27.297965336278185,27.58806800842285,8744500
2012-02-22,26.830968032880232,27.3616438502947,26.753137846951144,27.036163330078125,10194100
2012-02-23,26.894643741910638,27.029083315637727,26.71775183892761,26.802661895751953,5691500
2012-02-24,26.951256511869474,27.02908939856338,26.731909531110002,26.972482681274414,5064800
2012-02-27,26.838051874893274,27.177684158331612,26.60455316175335,27.135229110717773,6132700
2012-02-28,27.241359018567298,27.453628808750743,27.099844925392727,27.312114715576172,4408500
2012-02-29,27.220133020678368,27.28381422805003,26.89464979458051,26.972482681274414,7145200
2012-03-01,26.993709479385103,27.04323900363555,26.661151788712136,26.8875732421875,4965700
2012-03-02,26.731911834140178,27.022014537347186,26.731911834140178,26.823896408081055,3588200
2012-03-05,26.746061537701745,26.95125684164978,26.590398461566057,26.717758178710938,3276200
2012-03-06,26.547944041297587,26.661154780740258,26.42058162202996,26.54086685180664,5866400
2012-03-07,26.583319054093838,26.78143715218451,26.434730480525836,26.547941207885742,5498500
2012-03-08,26.710682445119836,27.092769676238373,26.590397223743675,26.97955894470215,4554600
2012-03-09,26.689459988847094,26.852200269369682,26.555020370777513,26.65407943725586,6642100
2012-03-12,26.661154218716874,26.84512065424931,26.54794348166071,26.60454750061035,4180500
2012-03-13,26.802662775064796,27.432397538479034,26.7672849331388,27.354564666748047,6752300
2012-03-14,27.34750183800942,27.51731663131961,27.255517250457874,27.32627296447754,5288600
2012-03-15,27.347494284763282,27.906470749109975,27.297964758797836,27.85694122314453,6326300
2012-03-16,27.89231720393677,28.12581583856909,27.517307189819277,28.07628631591797,8825200
2012-03-19,27.87109890244696,28.07629423942853,27.76496533788075,27.93478012084961,3706700
2012-03-20,27.77204529644068,28.104603135695445,27.71543855820249,27.963088989257812,4971500
2012-03-21,27.90646476406281,27.99844930648091,27.55268096923828,27.55268096923828,4965000
2012-03-22,27.34750321622724,27.580999243585495,27.14230785640862,27.496091842651367,3774400
2012-03-23,27.566839969718043,27.65175004642982,27.38287353515625,27.38287353515625,4952700
2012-03-26,27.637598738572706,28.302711486816406,27.62344705893047,28.302711486816406,5753900
2012-03-27,28.309789664867445,28.564514533295934,27.977234597003363,27.99846076965332,6135400
2012-03-28,27.984300311927583,28.06920767505661,27.722501034438512,27.90646743774414,4347800
2012-03-29,27.701287730090268,27.899405902429283,27.63052931199943,27.74374008178711,3827700
2012-03-30,27.764970022262236,27.856951920573596,27.54562296649979,27.729589462280273,5595600
2012-04-02,27.70835167657686,28.16119458337645,27.672973830575014,27.97722816467285,4842400
2012-04-03,27.915291188646595,28.257023586116873,27.630515548678538,27.836977005004883,3778300
2012-04-04,27.66612029599823,27.765791935075566,27.217595204301745,27.23895263671875,6398200
2012-04-05,27.125030182693994,27.23894096652848,27.053836961240183,27.196226119995117,4450200
2012-04-09,26.89009558975551,27.082320583945325,26.790423974067718,26.875856399536133,4019100
2012-04-10,26.747705342809276,26.875855333854414,26.591076972454612,26.605316162109375,5638100
2012-04-11,26.925694966788253,27.025366592690624,26.626680089081134,26.854501724243164,4678800
2012-04-12,26.904333581088803,27.31014097879036,26.783301827541333,27.224708557128906,3492800
2012-04-13,27.11791684297222,27.274545217466315,26.68363105249154,26.704988479614258,5256400
2012-04-16,26.918571937729862,26.93992936352243,26.555479404170377,26.73346519470215,3900000
2012-04-17,26.8544871305924,27.11790524387652,26.683619639152084,27.068069458007812,3787800
2012-04-18,26.982637070210973,27.295890969363803,26.918562100401687,27.068069458007812,4176600
2012-04-19,27.110796905437756,27.24606512847704,26.84025774351156,26.996883392333984,4676800
2012-04-20,27.068074899834166,27.125028931200006,26.733460799575578,26.77617835998535,5070500
2012-04-23,26.591071105348,26.591071105348,26.384609690527316,26.462921142578125,5363000
2012-04-24,26.46292281299848,26.583954548075315,26.32053637057487,26.427326202392578,9283100
2012-04-25,26.662276900137915,26.69787352166384,26.370380258268316,26.484291076660156,7678700
2012-04-26,26.391728515177164,26.484281871654783,26.256460314053868,26.4130859375,8138200
2012-04-27,26.512759599730852,26.854491927811043,26.512759599730852,26.833131790161133,6807700
2012-04-30,27.00400116305305,27.345733514556514,26.939926177405695,27.196226119995117,5382000
2012-05-01,27.196223764822065,27.55219527295888,27.153506206140698,27.395566940307617,4356700
2012-05-02,27.281655687307957,27.416923880319867,27.13926654338398,27.324373245239258,4756200
2012-05-03,27.338621836747727,27.609158315846443,27.295904264119947,27.43829345703125,4632300
2012-05-04,27.345746718567973,27.38846430157502,27.146403429565684,27.160642623901367,3356500
2012-05-07,27.0894282104505,27.274534894949955,27.053831606768842,27.110788345336914,3189700
2012-05-08,26.954170210915745,27.25318505379796,26.783302646520333,27.21047019958496,3408700
2012-05-09,26.932812659348183,27.253184927856406,26.854498472522515,27.075199127197266,3872000
2012-05-10,27.295903543569395,27.758667729353206,27.181992735416934,27.35285758972168,3955500
2012-05-11,27.217588310894136,27.295902497719805,27.05384170018946,27.075199127197266,4485600
2012-05-14,26.854494110727565,27.27454064069172,26.804658311905325,27.11791229248047,3914300
2012-05-15,27.04673178506454,27.374225107239337,26.932820946227714,27.160642623901367,3712100
2012-05-16,27.217588436671193,27.352856668092034,27.103677632356852,27.21047019958496,4064200
2012-05-17,27.253175877472767,27.367086643432597,26.391725540161133,26.391725540161133,7609500
2012-05-18,26.42732822686582,26.51988159420909,26.22798501952418,26.313417434692383,6498300
2012-05-21,26.292061086174883,27.02536167106991,26.26358270800383,26.84025764465332,6310800
2012-05-22,27.125032168409085,27.125032168409085,26.185267454016323,26.313417434692383,7846000
2012-05-23,26.256457789154066,26.44156176846196,25.815051187382984,26.1923828125,4931800
2012-05-24,26.206621563918993,26.391725540161133,26.049993242281644,26.391725540161133,3518400
2012-05-25,26.405965658856882,26.505637243114336,26.12118737596675,26.256458282470703,3054000
2012-05-29,26.36325110929151,26.57683620374922,26.320536263077802,26.541236877441406,3758900
2012-05-30,26.284944232094027,26.43445438288007,26.05000436516975,26.092721939086914,3913500
2012-05-31,26.028642171982863,26.45580696957619,25.843535434737554,26.227985382080078,5213500
2012-06-01,25.879143564738776,26.10696525361517,25.70115770056355,25.70827865600586,5864200
2012-06-04,25.729617664199804,25.79369263804912,25.395003610114834,25.551631927490234,4807500
2012-06-05,25.41636816168286,25.815054543046692,25.40924721010292,25.758100509643555,3775200
2012-06-06,25.90761878770528,26.213754653930664,25.86490392366816,26.213754653930664,4181300
2012-06-07,26.56972364291757,26.626680410319292,26.341902005006983,26.377498626708984,4855800
2012-06-08,26.284934485221275,26.576833724975586,26.284934485221275,26.576833724975586,4039300
2012-06-11,26.669394184519888,26.76194756985649,26.34190093283413,26.363258361816406,3180100
2012-06-12,26.498534424231842,26.847385172083904,26.27071275171866,26.818906784057617,4603600
2012-06-13,26.776183627791376,26.911451855263504,26.349016087196503,26.44869041442871,4662800
2012-06-14,26.5341274470957,26.804666664899806,26.455813248585443,26.69075584411621,4471300
2012-06-15,26.83312467480597,27.16062044540681,26.797528075958123,26.89008140563965,6874600
2012-06-18,26.71922246367198,27.0609548102914,26.71922246367198,27.025358200073242,4125700
2012-06-19,27.110801401849685,27.4810095174466,27.10368044817585,27.345741271972656,4729600
2012-06-20,27.395582831018313,27.445418653796793,27.04673207156895,27.3386287689209,4306600
2012-06-21,27.352849529718068,27.466763020151785,26.86873077461023,26.91144561767578,4526600
2012-06-22,27.039597527431415,27.32437584234677,27.01111915277042,27.167747497558594,14128000
2012-06-25,26.961283398909053,26.9826435378632,26.40596867135251,26.541236877441406,6031800
2012-06-26,26.619553220339924,26.683628210732017,26.27782084353127,26.562599182128906,5675700
2012-06-27,26.662270080260853,27.096555812997398,26.59819509156452,26.989763259887695,3626300
2012-06-28,26.961283570703877,27.125030152543484,26.605312032135867,26.939926147460938,3807400
2012-06-29,27.42405139261342,27.594916233525087,27.33149801954179,27.573558807373047,5196400
2012-07-02,27.587799274068043,27.88681411743164,27.473888469570323,27.88681411743164,4133100
2012-07-03,27.865314335105346,28.015820773843945,27.750642372162332,27.987152099609375,2214600
2012-07-05,27.81514270158293,27.944148988561274,27.499792784971422,27.528461456298828,3382600
2012-07-06,27.32778453991035,27.42812214937427,27.06260344747592,27.205944061279297,2935200
2012-07-09,27.191619317968115,27.449631967025635,27.141450495539793,27.420963287353516,3232900
2012-07-10,27.5929597302487,27.71479746089608,27.098437540100445,27.234609603881836,3472400
2012-07-11,27.17727737178242,27.320617996029206,27.019605145706464,27.24894905090332,3233600
2012-07-12,27.11994639971865,27.227452565820865,26.92643694113189,26.99094009399414,3080300
2012-07-13,27.069775998294592,27.170113622645935,26.84759787723432,26.919269561767578,4701100
2012-07-16,26.919274163942443,27.127115249633793,26.890605485227884,27.12711524963379,4460300
2012-07-17,27.184450963184403,27.915485822224955,27.184450963184403,27.850982666015625,6490000
2012-07-18,27.499799153215843,27.95132126220094,27.07694572219708,27.936986923217773,6976500
2012-07-19,27.92981028785939,28.022979354119972,27.700466421073337,27.92264175415039,4406200
2012-07-20,27.71479152876795,27.865300627462588,27.320607020935316,27.39227867126465,4701800
2012-07-23,27.062613658277282,27.27045749001251,26.926441527483085,27.026779174804688,3079100
2012-07-24,26.9622874207255,27.14863118803239,26.560936661597427,26.76877784729004,3524500
2012-07-25,26.912100342283665,27.105609784612145,26.704256563412876,26.890600204467773,4406100
2012-07-26,27.23461677172826,27.363623069892906,26.912101026316645,26.919269561767578,7114800
2012-07-27,27.048276849296492,28.037321526075488,26.955105022992853,27.97281837463379,5829100
2012-07-30,27.90115260766267,27.99432444460612,27.693308792171752,27.815149307250977,4484300
2012-07-31,27.865318372466756,28.438678270255036,27.800815213090846,28.252334594726562,6832600
2012-08-01,28.359836476394566,28.359836476394566,28.080323739431616,28.144826889038086,5151100
2012-08-02,28.037318528160313,28.037318528160313,27.61446518814431,27.87964630126953,4540100
2012-08-03,28.252333405939307,28.58201772554147,28.22366746275282,28.531848907470703,3713700
2012-08-06,28.56050702664817,28.660847369297507,28.41716914799584,28.481672286987305,3319600
2012-08-07,28.546193000373915,28.990546712549968,28.431518252461156,28.84004020690918,4871600
2012-08-08,28.8041799068111,28.954689025878906,28.74684531278064,28.954689025878906,3159000
2012-08-09,28.811357062683417,28.92602901905848,28.617847623676425,28.66801643371582,4367900
2012-08-10,28.524679010563364,28.854360580444336,28.39567270339335,28.854360580444336,2486200
2012-08-13,28.754022949088856,28.868694918351604,28.61785083996291,28.854360580444336,2189900
2012-08-14,28.976197686622776,29.019200695300142,28.689516430097182,28.789854049682617,3384300
2012-08-15,28.696685791268923,28.954698382770076,28.66801711799209,28.904529571533203,2831700
2012-08-16,28.961862638741618,29.11953759935579,28.83285634987457,29.004865646362305,3992200
2012-08-17,29.320218867712857,29.320218867712857,28.940368457872584,29.270050048828125,5535300
2012-08-20,29.191200746588507,29.793229063724397,29.16253208053573,29.707225799560547,8240700
2012-08-21,29.45638724945094,29.950912307156887,29.241377662359117,29.485055923461914,6202900
2012-08-22,29.413383277981055,29.578224031846577,29.062198900445015,29.155370712280273,3627100
2012-08-23,29.13386924917141,29.148200849728624,28.854353826399976,28.933191299438477,3213900
2012-08-24,28.89019834499064,29.169711104542024,28.804192315901403,29.083707809448242,2923700
2012-08-27,29.119538321148053,29.255710414329698,28.96902915774245,28.997697830200195,2799600
2012-08-28,28.88301507902805,29.105193106541503,28.88301507902805,28.983352661132812,3664200
2012-08-29,29.026366581832264,29.384716786546242,28.99769790929632,29.248544692993164,2623300
2012-08-30,29.069374632237775,29.155377930766353,28.890199498805828,29.01203727722168,3067500
2012-08-31,29.12670646462032,29.370384732117444,29.004868697869412,29.141040802001953,3687400
2012-09-04,29.148196603271348,29.635552971059013,29.105196339874674,29.535215377807617,4393500
2012-09-05,29.57106884908034,29.6355720196298,29.191218363620262,29.2772216796875,4906200
2012-09-06,29.485059334405495,29.864909740010095,29.40622183875272,29.8004093170166,4484400
2012-09-07,29.87207967883503,29.92224849951576,29.671404396112102,29.821910858154297,3693800
2012-09-10,29.72155642629327,29.879228601932777,29.685719231198984,29.714387893676758,3292700
2012-09-11,29.786080350442372,30.029758683683575,29.75741166794434,29.87208366394043,4415300
2012-09-12,29.92941115783306,30.065586000227807,29.7932390494337,29.850576400756836,3550800
2012-09-13,29.864916474190636,30.359441700614635,29.79324749870701,30.316438674926758,3949600
2012-09-14,30.18742266739169,30.853954315185543,30.11575371485279,30.853954315185547,6048500
2012-09-17,30.753619467610086,30.947128937749255,30.574444336073324,30.724950790405273,4782100
2012-09-18,30.517105497953494,30.85395283957067,30.388099202357076,30.78944969177246,4456200
2012-09-19,30.81811345192413,30.84678212059628,30.63177257354459,30.69627571105957,4968200
2012-09-20,30.624615119580604,31.004465547937638,30.595946440535922,30.93996238708496,4449500
2012-09-21,30.954284438461205,31.154962378113687,30.882615503296147,31.06895637512207,5526600
2012-09-24,31.0259657811328,31.384316036676505,30.92562814701984,31.32697868347168,3638200
2012-09-25,31.44881751269975,31.56348947899055,31.025964124378294,31.040298461914062,5982400
2012-09-26,31.162135114134063,31.29830721485485,30.868288040161133,30.868288040161133,4700400
2012-09-27,30.961464611481937,31.219477249460265,30.932795933040868,31.162139892578125,3097900
2012-09-28,31.011625641728113,31.133463393503902,30.631775316785987,30.90411949157715,4720500
2012-10-01,31.011629104614258,31.455982622466315,30.88978860523829,31.011629104614258,4709900
2012-10-02,31.033131583285662,31.34848155792123,31.00446290668325,31.32697868347168,4873700
2012-10-03,31.39187622070312,31.47118548739463,31.16836853733215,31.391876220703125,3255300
2012-10-04,31.28373098160056,31.774004014874684,31.26931086293292,31.73795509338379,4602800
2012-10-05,31.831669211731032,32.29310178620235,31.831669211731032,32.206581115722656,6373200
2012-10-08,32.09123714319516,32.199386653874704,31.28372978128517,31.874940872192383,4453000
2012-10-09,31.45676092274751,31.608168001191974,31.016957051723033,31.15394401550293,7581400
2012-10-10,31.038570224488424,31.2692864422733,30.54108889558121,30.678075790405273,6018500
2012-10-11,31.15393075429457,31.182770971347363,30.858325405389618,30.872745513916016,3727100
2012-10-12,30.916015014826183,31.341398716360654,30.887174789214114,31.03858184814453,4096400
2012-10-15,31.00973098597789,31.125089098502226,30.851115300228393,31.10346031188965,3627300
2012-10-16,31.334190189918942,31.687476110533325,31.254880937310272,31.579326629638672,3547400
2012-10-17,31.38465426518059,31.579321649880438,31.14672929522863,31.211618423461914,4478200
2012-10-18,30.988116288202605,31.182783707284976,30.786240187090044,31.132314682006836,6136700
2012-10-19,31.139523736739648,31.146735169211752,30.25270731720957,30.28154754638672,7312800
2012-10-22,30.18061968956275,30.663681314856696,30.18061968956275,30.634843826293945,3966400
2012-10-23,30.38969313838677,30.411321932321652,29.949889326008947,29.95709800720215,4042300
2012-10-24,30.195024587481495,30.31759141556686,29.957096861873186,30.058034896850586,4179200
2012-10-25,30.38249004346683,30.41853896003483,29.92826599371313,30.19503402709961,3349700
2012-10-26,30.101294452457957,30.195023804086,29.812897716843263,29.993144989013672,3169300
2012-10-31,30.202236038961196,30.288753969684837,29.798483862013924,29.978731155395508,4411300
2012-11-01,29.993134792286217,30.569928067423934,29.877776687329508,30.46177864074707,5225500
2012-11-02,30.721351415093523,30.85112969603506,30.20944972379948,30.28154754638672,5083800
2012-11-05,30.187821037349078,30.497846654492502,30.029205262555532,30.425748825073242,4632500
2012-11-06,30.389692562785726,31.002532215745582,30.281543094449173,30.86554527282715,4809700
2012-11-07,30.562724284999664,30.605984616564154,29.639859214462778,29.928253173828125,6640200
2012-11-08,29.913842556289264,30.036409397816456,29.58939687231217,29.603816986083984,4583000
2012-11-09,29.56055280487295,29.83452943023706,29.38751421244427,29.67591094970703,3926500
2012-11-12,29.726386317873825,30.058040711342702,29.524510208867675,29.91384506225586,2992000
2012-11-13,29.812902471513638,30.2166574156955,29.76964487952113,29.776853561401367,4150400
2012-11-14,29.79848261734725,29.993147265755546,29.31541846107712,29.39472770690918,5047900
2012-11-15,29.3514635326751,29.524502114638267,29.156796159349646,29.466821670532227,3990700
2012-11-16,29.51007405345025,29.719161481473016,29.228888840073388,29.632640838623047,5433700
2012-11-19,29.820106618378954,30.144552230834964,29.784057717073814,30.14455223083496,5154800
2012-11-20,30.613190725852714,30.980896637384994,30.4762038129345,30.757389068603516,5143200
2012-11-21,30.80065590512737,31.00253197742484,30.656457531905517,30.822284698486328,5359300
2012-11-23,30.959271143248834,31.197198867797848,30.865544539961494,31.19719886779785,1838200
2012-11-26,30.973684078175427,31.03857319252954,30.728547729543727,30.858325958251953,4280900
2012-11-27,30.81507424483381,31.002530193990086,30.562726418623186,30.577146530151367,4221300
2012-11-28,30.512262746337104,30.714138842371312,30.216657284134648,30.70693016052246,3683900
2012-11-29,30.872752548133104,30.872752548133104,30.353639524323153,30.454580307006836,6219100
2012-11-30,30.548305323614432,30.642034670352547,30.31758904730135,30.360849380493164,6591200
2012-12-03,30.48342015177879,30.642038643695148,30.086876672343212,30.187814712524414,4957800
2012-12-04,30.20943179531321,30.360838783103812,30.007553061238408,30.180591583251953,6245900
2012-12-05,30.30316925048828,30.5266768487647,30.086873082996096,30.30316925048828,3658800
2012-12-06,30.317581360455197,30.642026901245117,30.195014573020263,30.642026901245117,4012200
2012-12-07,30.699719032582,30.714136395130957,30.461791295194548,30.685298919677734,3006600
2012-12-10,30.606004608425813,30.937659115992584,30.533904008722175,30.71415138244629,2800800
2012-12-11,30.62761846806066,30.858334773818324,30.512260315181827,30.685298919677734,5120100
2012-12-12,30.87996765678797,31.016954609782992,30.656460022617253,30.735769271850586,4653000
2012-12-13,30.844578026802594,30.888103826902913,30.510888527731012,30.60519027709961,2505600
2012-12-14,30.525386915240603,30.59792712390636,30.3150164359857,30.365795135498047,3133200
2012-12-17,30.431101253412873,30.7067591978684,30.365813918337437,30.64147186279297,3717600
2012-12-18,30.73575771356739,31.112972924416525,30.525389980420183,31.047685623168945,3837000
2012-12-19,31.0331854753065,31.08396419374223,30.772036199218388,30.786544799804688,4275700
2012-12-20,30.79379522620565,31.03318017692716,30.525393079265726,30.96063995361328,3232400
2012-12-21,30.822808111653128,30.822808111653128,30.31501831777727,30.481863021850586,6718000
2012-12-24,30.37306147060438,30.452857395735577,30.140929379622424,30.24974250793457,1594200
2012-12-26,30.213457833730313,30.220710747415414,29.727429599884445,29.83624267578125,3485800
2012-12-27,29.83625598739118,30.03937086797247,29.567851018357096,29.98859214782715,3863800
2012-12-28,29.83625048649943,29.894282112866527,29.509813940583907,29.560592651367188,3055100
2012-12-31,29.451783212618285,29.778219799162827,29.219651143793843,29.756458282470703,4689100
2013-01-02,30.068389666402872,30.38031768798828,29.85801909049962,30.38031768798828,6521500
2013-01-03,30.46011332315156,30.84458158305148,30.4238404352696,30.808311462402344,5338600
2013-01-04,30.895357756443424,30.982406592266113,30.735765918074662,30.946136474609375,4219900
2013-01-07,30.84458133803967,31.540977611009463,30.750276811314762,31.30884552001953,6807700
2013-01-08,31.308845498754362,31.417658626996335,31.120239212665446,31.27257537841797,4137600
2013-01-09,31.42490758087306,31.809375788968865,31.366875949100322,31.468433380126953,3442200
2013-01-10,31.52644230148439,31.896404410555125,31.52644230148439,31.80935287475586,4241100
2013-01-11,31.74408829372272,32.00523755330052,31.74408829372272,31.96896743774414,3212000
2013-01-14,31.910948310614433,32.09230172669213,31.75135641895133,32.07779312133789,3126300
2013-01-15,31.9254453401353,32.04151138371172,31.78761777814854,32.01249694824219,3812700
2013-01-16,31.961692957739675,32.04874172979174,31.773084056524517,31.87464141845703,3221500
2013-01-17,32.237370546373114,32.99180114759893,32.16483031316131,32.76692199707031,7958700
2013-01-18,32.97003816835098,33.1296272277832,32.607331483918585,33.1296272277832,6347800
2013-01-22,33.03533391550558,33.5213596684462,32.701644344779204,33.51410675048828,7128000
2013-01-23,33.40530010951273,33.51411327068293,33.04984894852621,33.29648971557617,4116000
2013-01-24,33.332739389420894,33.72446320853863,33.27470500115222,33.6954460144043,4024400
2013-01-25,33.48507313774664,33.724460821563454,33.463311627302105,33.67367935180664,4243300
2013-01-28,33.70270776097847,33.78250368214213,33.564880203571136,33.72447204589844,3090300
2013-01-29,33.651929110317944,34.03639734882008,33.6011503907887,33.833282470703125,4616000
2013-01-30,33.87679932914603,34.05815264164978,33.68093741957416,33.847782135009766,3564600
2013-01-31,33.70269902667738,33.8622908276453,33.50683711655273,33.804256439208984,6369900
2013-02-01,33.98560207303013,34.188719619429996,33.862283176315316,34.036380767822266,4374500
2013-02-04,33.775244569366585,33.91307210148992,33.53585684979051,33.55036544799805,3630600
2013-02-05,33.81875727329327,34.11617652767755,33.74621707163127,33.92757034301758,3740000
2013-02-06,33.78249723041182,34.05815505981445,33.55036519530397,34.05815505981445,4327900
2013-02-07,33.98561354356831,34.09442665040933,33.6011453625993,33.920326232910156,3492200
2013-02-08,33.97836303694933,34.22500369834163,33.89856712190588,34.166969299316406,3099500
2013-02-11,34.15970856829782,34.25401306152344,34.065404075072216,34.25401306152344,3083100
2013-02-12,34.333824348022134,34.38460307469721,34.12345375623508,34.174232482910156,3304900
2013-02-13,34.254025861836034,34.348327623069245,34.00738516470137,34.087181091308594,3048400
2013-02-14,33.876808115103586,34.29029355347111,33.746233474857775,34.217750549316406,4441400
2013-02-15,34.09442776503828,34.18147659301758,33.80426131546417,34.18147659301758,7276500
2013-02-19,33.361760664267855,33.55036691474693,32.63634732557062,33.22393035888672,9472800
2013-02-20,33.252945363048646,33.252945363048646,32.23736564897206,32.46949768066406,9916300
2013-02-21,32.476755845448274,32.53478747419063,32.25913239500789,32.44773864746094,6103700
2013-02-22,32.64360176677119,32.70163616485034,32.317165195657,32.440486907958984,4313100
2013-02-25,32.643592964856886,32.97728236213982,31.83113098144531,31.831130981445312,6608600
2013-02-26,32.041507694931596,32.25187823945517,31.562734974393496,32.0052375793457,7409000
2013-02-27,32.005234788293315,32.35343284857126,31.947203161863094,32.30990982055664,4087300
2013-02-28,32.44772594541042,32.78867097021381,32.22284689988864,32.61457061767578,5498400
2013-03-01,32.498531045328114,32.86849355737562,32.28816042218215,32.81045913696289,4365000
2013-03-04,32.64359668146611,32.83220291137695,32.44048185429566,32.83220291137695,3485900
2013-03-05,33.00630820788218,33.36901489148528,32.93376797805451,33.20942306518555,4082500
2013-03-06,33.340006489561134,33.44881963024582,33.2166875128694,33.390785217285156,3028700
2013-03-07,33.38353498070585,33.54312686193326,33.078859822656554,33.17316436767578,2647900
2013-03-08,33.32548661498104,33.36901240998025,33.01355866890047,33.0788459777832,3988800
2013-03-11,33.07884450179699,33.52134704589844,33.00630428060058,33.52134704589844,3877900
2013-03-12,33.521347050164046,33.54311133031138,33.29647070408733,33.36901092529297,3763800
2013-03-13,33.32549032508954,33.36176320857655,32.99180082797599,33.27471160888672,2923400
2013-03-14,33.36900707541237,33.37625998980332,33.15138366967125,33.33273696899414,2971600
2013-03-15,33.22392285697043,33.33998885426515,32.948265075683594,32.948265075683594,6510200
2013-03-18,32.65085330672817,32.904749636774476,32.49851716903977,32.72339630126953,3444000
2013-03-19,32.84671023240941,33.09335084177567,32.51302081009972,32.73064422607422,3853300
2013-03-20,33.006310710352906,33.17315546539227,32.91200619064106,33.03532791137695,3578300
2013-03-21,32.88298290633047,33.354499843514816,32.84671003119703,33.238433837890625,5703000
2013-03-22,33.28920858199187,33.39802165998303,33.2311769696997,33.361751556396484,3323200
2013-03-25,33.48509244431117,33.49234536289726,33.086115508475984,33.17316436767578,3401300
2013-03-26,33.41254775179782,33.84054183959961,33.28922601434664,33.84054183959961,4236900
2013-03-27,33.63742176660779,33.789760698121796,33.39078107657651,33.74623489379883,2613500
2013-03-28,33.695458565700086,34.10168836597049,33.572136828308736,34.0654182434082,4411500
2013-04-01,34.021895276918976,34.06541831719481,33.753490281464124,33.9493522644043,2809800
2013-04-02,34.130706484907336,34.44263452831557,33.97837030572649,34.333824157714844,4953500
2013-04-03,34.26816672679577,34.486992269019545,34.19522580689376,34.29734420776367,4855500
2013-04-04,34.348395690234845,34.41404361640289,33.96180389308808,34.370277404785156,4387500
2013-04-05,34.00556367081725,34.063918613374994,33.677324075221975,33.75756072998047,3861400
2013-04-08,33.815924261143586,33.866983457591274,33.633569193111114,33.83051300048828,3241700
2013-04-09,33.93991499209054,34.290036292050516,33.86697409804266,34.10768127441406,4273500
2013-04-10,34.1660440547705,34.5234611956516,34.151455316110315,34.45781326293945,3201900
2013-04-11,34.538050107536165,34.99758567584791,34.457816211814865,34.80793762207031,5282200
2013-04-12,34.647463990107006,34.786052844361095,34.217105905034444,34.42863845825195,4540300
2013-04-15,34.25357633416716,34.47969762698531,33.70651111373533,33.721099853515625,5189000
2013-04-16,33.82322998971042,34.04935136101669,33.575226892397225,34.027469635009766,4260000
2013-04-17,33.903461146378184,34.071227510850896,33.597105902345795,33.80863571166992,4309700
2013-04-18,33.801332465185496,33.845098679261866,33.10838271282122,33.268856048583984,3159300
2013-04-19,33.334514716713294,33.63357698628097,33.12298212097763,33.57522201538086,4586400
2013-04-22,33.7721509451133,33.83779886710827,33.40014790881979,33.59709167480469,2472700
2013-04-23,33.69921112951121,34.16603957536314,33.67732663313145,33.98368453979492,3309100
2013-04-24,34.09311700230411,34.20252841295345,33.79405469449962,33.83781814575195,2574700
2013-04-25,33.918038473368334,34.50886982267512,33.88886099827529,34.304630279541016,4116700
2013-04-26,34.333817217147576,34.41405390450835,33.7794589501827,33.8159294128418,3498000
2013-04-29,33.969098539698756,34.19521980372648,33.95450980177595,34.16604232788086,4225200
2013-04-30,34.034754367822316,34.12228403315569,33.67733716205773,34.04934310913086,4751000
2013-05-01,33.96911465563322,34.31194320317402,33.74299328432695,34.027469635009766,4068900
2013-05-02,33.998273820215225,34.61827983805501,33.910744180847544,34.60369110107422,3700500
2013-05-03,34.713112203922705,34.99029269715238,34.66934598419666,34.80793762207031,3485000
2013-05-06,34.77147334235918,35.07783139436094,34.7495916181156,34.793357849121094,2682800
2013-05-07,34.85899123463643,35.08510971069336,34.68392916630209,35.08510971069336,3468900
2013-05-08,35.02676927915678,35.61760082742007,34.95382556686113,35.60301208496094,4231000
2013-05-09,35.51548599823093,35.8874920413452,35.51548599823093,35.64678192138672,3879500
2013-05-10,35.56654210900974,35.894781888236814,35.56654210900974,35.865604400634766,3538900
2013-05-13,35.66866166956198,36.17196078613809,35.66866166956198,35.99689865112305,3408100
2013-05-14,35.98959637998867,36.419954452345834,35.90935970475839,36.41265869140625,3615800
2013-05-15,36.281372384143,36.59502060023623,36.16466522995169,36.47831344604492,4523300
2013-05-16,36.25947517326596,36.38347804630604,36.142768059972575,36.20841598510742,3683800
2013-05-17,36.19384331596319,36.35431671142578,35.916665537914746,36.35431671142578,5564600
2013-05-20,36.24490437254354,36.529380710582664,36.17196343408332,36.39078903198242,5068400
2013-05-21,37.79855829252455,39.264694598233454,37.79855829252455,38.185150146484375,14006300
2013-05-22,37.915268206578226,38.36750802953363,37.28067330214687,37.58702850341797,11185800
2013-05-23,36.981606806498846,37.67455659253873,36.981606806498846,37.53596496582031,6685300
2013-05-24,37.324433123837224,37.68914325144564,37.03266669126096,37.44114303588867,4000300
2013-05-28,37.59431265764424,38.214318630228576,37.59431265764424,37.91525650024414,7224200
2013-05-29,37.623503722833874,37.91527019901702,37.41197114940152,37.76209259033203,4869000
2013-05-30,37.82774075499149,38.039273329657306,37.72562234860603,37.92985916137695,6884000
2013-05-31,37.878805248639146,38.04657162292083,37.163973521583955,37.20773696899414,8285300
2013-06-03,37.37549319750625,37.97361755371094,37.2952565283173,37.97361755371094,6809100
2013-06-04,37.76208893340221,37.995503204751735,37.49949718250459,37.50679016113281,5895200
2013-06-05,37.37550426206764,37.60162281579361,37.15667590585548,37.1712646484375,5508000
2013-06-06,37.229608474980836,37.55055236816406,36.90866179928031,37.55055236816406,4679500
2013-06-07,37.689136221286375,38.024671590811934,37.63807703554667,37.98820114135742,4558100
2013-06-10,37.92985473210164,38.097621063360755,37.681851724475656,37.95173645019531,3972600
2013-06-11,37.68186042506608,38.207044040717435,37.48491656919682,37.98092269897461,5355600
2013-06-12,38.11950731319295,38.27998068500415,37.59432653888719,37.6453857421875,4856600
2013-06-13,37.54327082180197,38.54986902249472,37.266090276348905,38.498809814453125,5175400
2013-06-14,38.57174312123681,38.87809828683298,38.38209230037664,38.60091781616211,5463600
2013-06-17,38.7832850757348,39.242820751194,38.73222586540803,39.031288146972656,6131000
2013-06-18,38.65197979294554,38.8416278312883,38.258092195021256,38.60091781616211,5610000
2013-06-19,38.6519923262792,38.79058121529491,37.96633529663086,37.96633529663086,5714900
2013-06-20,37.68185201630409,37.915266286169455,37.24420095593592,37.33902359008789,7158700
2013-06-21,37.68914994623937,38.33104066395531,37.681856966699414,38.28727722167969,8406400
2013-06-24,37.98091521670112,38.09762235468577,37.33902456652673,37.62350082397461,6412400
2013-06-25,37.92985873770988,38.06844760446816,37.47032313159031,37.80585861206055,3921300
2013-06-26,38.20703968050741,38.48421741711997,37.92985916137695,37.92985916137695,4362200
2013-06-27,38.024687896065174,38.09033584624038,37.71832986774153,37.87880325317383,4382200
2013-06-28,37.87879898950631,38.053858315256605,37.54326629638672,37.54326629638672,6747100
2013-07-01,37.97363105961597,38.38940050918139,37.86421687498578,37.96633529663086,4715800
2013-07-02,37.97365982468502,38.34767774835523,37.87832433616023,37.995662689208984,4872100
2013-07-03,37.88565964344737,38.0396657190042,37.60697998465365,37.790321350097656,2259100
2013-07-05,38.03966617854228,38.44301662787833,38.024998533421495,38.43568420410156,3673200
2013-07-08,38.58235329055372,38.853697699249594,38.50901507363123,38.714359283447266,4606400
2013-07-09,38.83170416663141,38.86103945833624,38.48702148301805,38.78036880493164,4269500
2013-07-10,38.72168880148312,38.98570076746422,38.641018167703706,38.86836242675781,4333300
2013-07-11,39.16170459780461,39.43304895094947,39.13236931704128,39.411048889160156,5063400
2013-07-12,38.868360319009774,39.27171066846732,38.72168670168888,39.1910400390625,5866200
2013-07-15,39.29371037897526,39.535719450219254,39.249707458037115,39.3743782043457,4725500
2013-07-16,39.33039982402814,39.59441190047837,39.110390692842245,39.24972915649414,3623600
2013-07-17,39.623729553929756,40.17375357460092,39.54305891662062,39.895076751708984,5190200
2013-07-18,39.924416635411006,40.15176094652471,39.83641355912105,40.11509323120117,4708000
2013-07-19,40.07842135528153,40.423101200621915,39.90974484668255,40.34976577758789,7319300
2013-07-22,40.29842814513797,40.76044911733648,40.29842814513797,40.687110900878906,4019000
2013-07-23,40.66511083472509,40.79711682678181,40.4451017804862,40.687110900878906,4099600
2013-07-24,40.70911997264501,40.789790629810724,40.34977242399276,40.40110778808594,3155400
2013-07-25,40.46711492199627,40.72379176861552,40.26177344470087,40.61378860473633,4180700
2013-07-26,40.503767757175204,40.77511215209961,40.21775571961072,40.77511215209961,2671700
2013-07-29,40.73112357431535,40.76779129253221,40.47444395166219,40.56978225708008,2831700
2013-07-30,40.753123049034464,40.99513502134389,40.357104983928615,40.38644027709961,4319100
2013-07-31,40.437766367631646,40.88511969440989,40.357095728695654,40.511104583740234,4376700
2013-08-01,40.58444824539249,40.78978969706965,40.503777590071465,40.694454193115234,4418300
2013-08-02,40.269091853340676,40.45243319355759,39.85840624413072,40.29109191894531,11814400
2013-08-05,40.15908495063312,40.67244125023219,40.09308195786229,40.59910583496094,5395300
2013-08-06,40.591781325740676,40.68711962880338,40.40110751718276,40.430442810058594,4429600
2013-08-07,40.36445036988385,40.591791955285466,40.21777666466356,40.46712112426758,3839300
2013-08-08,40.69444904975626,41.05379654477348,40.62111082802114,40.98046112060547,4641500
2013-08-09,40.89245355677748,40.90712120051555,40.547773720417474,40.606441497802734,3868100
2013-08-12,40.489098038329345,40.547768605881124,40.30575671108,40.49643325805664,3247400
2013-08-13,40.48177784671978,40.59178099776409,40.078427364422346,40.21776580810547,4612600
2013-08-14,40.4084351529663,40.57711166822937,40.269096724669815,40.481773376464844,4784700
2013-08-15,40.18108977341683,40.298428122115,39.66040102591665,39.84374237060547,4479400
2013-08-16,39.697065906944665,39.81440424728253,39.52105699765451,39.53572463989258,4583300
2013-08-19,39.345059485306976,39.79241008229229,39.286388903531474,39.675071716308594,4325200
2013-08-20,38.67035228152228,38.97103194532726,38.428343185077594,38.743690490722656,6160700
2013-08-21,38.66303280326685,39.000380285828264,38.51635913332828,38.633697509765625,5298000
2013-08-22,38.69234916874181,39.257040744172045,38.64834904440076,39.13236999511719,3485100
2013-08-23,39.11770281795797,39.39638239820759,38.58967893907792,38.67768478393555,5979800
2013-08-26,38.699681116123486,38.868354772825924,38.39166628394405,38.406333923339844,4871300
2013-08-27,38.05433734173244,38.21567865540954,37.74632515842254,37.775657653808594,5667000
2013-08-28,37.75364251733926,37.98831917218537,37.74631009581062,37.812313079833984,4532200
2013-08-29,37.74632199556771,38.391681601064846,37.56298062632181,38.01033401489258,4865700
2013-08-30,38.113001442473866,38.113001442473866,37.790318870026134,37.95166015625,5442900
2013-09-03,38.31834620753989,38.56035815799875,37.97366353781991,38.20100784301758,5625300
2013-09-04,39.14703586942638,39.2277064905003,38.76568562280093,39.01502990722656,11290000
2013-09-05,39.0297067121087,39.41105704828237,39.0297067121087,39.352386474609375,4618100
2013-09-06,39.3524003117242,39.513741648488946,38.78037600511163,39.205726623535156,4443300
2013-09-09,39.2203805397537,39.59439845355808,39.198380473377064,39.543060302734375,3662700
2013-09-10,39.66774125542114,39.79241205151274,39.44039693614136,39.57240295410156,2956700
2013-09-11,39.60172162809219,39.78506293192596,39.572386348062885,39.667724609375,3191600
2013-09-12,39.65306388218713,39.755734582622296,39.242378282879706,39.29371643066406,3907100
2013-09-13,39.38905191102999,39.455054903819274,39.19104293266213,39.29371643066406,2256400
2013-09-16,39.63107286311354,39.77041130299931,39.44773148546874,39.6457405090332,2515700
2013-09-17,39.63106220890594,39.7557329693562,39.45505330275459,39.55772399902344,2522100
2013-09-18,39.53572682349887,39.777738737443606,39.08104107927263,39.660400390625,4809900
2013-09-19,39.70440105181964,39.711736272225004,39.45505671180824,39.60173034667969,2778200
2013-09-20,39.78506746282641,39.82173516825579,39.34504940254069,39.3890495300293,6328700
2013-09-23,39.39639916240103,39.5210699659837,39.24972548945795,39.42573165893555,2611200
2013-09-24,39.49173565272665,39.506403300142026,39.169055802291666,39.18372344970703,2919000
2013-09-25,39.20570489045011,39.22037253089502,38.6923486651436,38.72901916503906,3631200
2013-09-26,38.67769666517497,38.963708754905035,38.655693798418376,38.82436752319336,2067300
2013-09-27,38.70702115919898,38.94903306053723,38.60435046077671,38.86836242675781,2920300
2013-09-30,38.736360870208266,39.51372921469806,38.575019584212804,39.05170822143555,5588300
2013-10-01,39.117723118269026,39.29373210175847,38.90504641250991,39.24972915649414,2987300
2013-10-02,39.1243880068477,39.463509596581915,39.05803788604928,39.456138610839844,3440300
2013-10-03,39.316071014291765,39.36767635609179,38.79264098530829,39.10227584838867,3178000
2013-10-04,39.06541286791856,39.36767391354231,38.87373348545665,39.330810546875,2228900
2013-10-07,39.043295316031795,39.05804010063191,38.80001340083015,38.866363525390625,2631300
2013-10-08,38.903222551082976,39.308694268662705,38.65993783316715,38.6746826171875,5094000
2013-10-09,38.74840469250354,39.279202830565325,38.72628611138606,39.11701583862305,4238200
2013-10-10,39.419275032704455,40.00905227661133,39.3602959021739,40.00905227661133,3543400
2013-10-11,39.83211290776893,40.57670887364623,39.82474192347879,40.53984832763672,4230100
2013-10-14,40.370295791286864,40.79788611628434,40.296574679112204,40.68730163574219,3452200
2013-10-15,40.57672003540886,40.82000195581664,40.193364064442505,40.23759841918945,3086100
2013-10-16,40.311315256615565,40.901092529296875,40.30394145879963,40.901092529296875,3352500
2013-10-17,40.849486869651116,41.55721959125434,40.73890240152818,41.52035903930664,3477800
2013-10-18,41.63832646175535,41.80051631168215,41.38767069926876,41.71942138671875,4941000
2013-10-21,41.601460376118446,41.675181491417455,41.29182550484599,41.645694732666016,3657800
2013-10-22,41.704680153076694,41.88898579377874,41.5940956437431,41.822635650634766,3183100
2013-10-23,41.999547017136734,42.6704190648467,41.94794169133438,42.500858306884766,4954100
2013-10-24,42.42713077524905,42.530341418025984,42.02903017115592,42.3902702331543,4375500
2013-10-25,42.47874778703801,42.5967032415707,42.02904173779468,42.287071228027344,2817600
2013-10-28,42.264947442565614,42.72939537478682,42.25020266201075,42.500858306884766,3738700
2013-10-29,42.62618353622309,43.186473932588854,42.48611234327127,43.12749481201172,5742400
2013-10-30,43.23070525390328,43.363405462287666,42.52297268403936,42.71464920043945,4035400
2013-10-31,42.75889106886353,42.825241184737436,42.301814055220895,42.316558837890625,6619000
2013-11-01,42.427139700289175,42.58195569702192,41.99217846260216,42.21334457397461,4723800
2013-11-04,41.61620388695103,42.36817105154573,41.61620388695103,42.220726013183594,8695700
2013-11-05,41.87423179149548,42.19123764873493,41.84474222052431,42.09539794921875,4104300
2013-11-06,42.47874188916623,42.825237219120034,42.27969155997657,42.368160247802734,4427800
2013-11-07,42.43451919784187,42.61882478412324,42.21335024448019,42.24283981323242,4102500
2013-11-08,42.24282642606445,42.78837202597173,42.11750001700472,42.78099822998047,3357500
2013-11-11,42.90634363107102,43.00955431563549,42.73678281896077,42.82524871826172,2849100
2013-11-12,42.75153842862664,42.77365420598138,42.427158695258676,42.67781448364258,2612300
2013-11-13,42.49349601090202,42.906341541332665,42.24284029819058,42.89896774291992,3398200
2013-11-14,43.009543651289356,43.38552573930266,42.75888798852064,43.37815475463867,3611100
2013-11-15,43.311808879299264,43.3707880114973,42.83261327316956,43.164363861083984,5443600
2013-11-18,43.075904100501475,43.21597534097036,42.81787739114295,42.9874382019043,3653000
2013-11-19,42.648299096247264,43.10537884169538,42.24282748719684,42.71464920043945,4986800
2013-11-20,42.788381384554604,42.817870950411205,41.66780319252205,41.940574645996094,5823900
2013-11-21,42.30182213373671,42.36079846339878,42.05853739164492,42.09539794921875,3776300
2013-11-22,42.1617321151929,42.493482632316095,41.89633451377355,42.463993072509766,3742200
2013-11-25,42.57459911047225,42.736788959394325,42.12489293830149,42.22810363769531,2647200
2013-11-26,42.27969743021163,42.38291091367261,41.955320633316695,42.287071228027344,3548500
2013-11-27,42.29444874444936,42.49349913201207,42.12488792814342,42.35342788696289,2239600
2013-11-29,42.38290522429405,42.405020990212705,42.12487576869863,42.25757598876953,2247200
2013-12-02,42.25759088083819,42.75153138790128,42.13226441342665,42.41240692138672,3952100
2013-12-03,42.29444177171791,42.53772647605744,42.080649446053286,42.493492126464844,4652900
2013-12-04,42.22072944183795,42.77364627138699,41.77102330383987,41.97007369995117,4469300
2013-12-05,41.984815650853996,42.073281550168964,41.77102048291929,41.955326080322266,4352800
2013-12-06,42.412404021331646,42.89159970906003,42.382917262491354,42.86211013793945,3318200
2013-12-09,42.88422539078443,42.90634397499714,42.46400885038629,42.66305923461914,3579300
2013-12-10,42.316555999942594,42.50086155253419,42.20597154347582,42.30181121826172,2740300
2013-12-11,42.30918576510483,42.3386753309494,41.431892273327385,41.47612380981445,4009900
2013-12-12,41.36554216369536,41.41714749779266,40.9969310274119,41.02642059326172,3496800
2013-12-13,41.22546965089821,41.41714902370425,40.960071985311224,41.20335388183594,2536100
2013-12-16,41.46138555000581,41.741528013762846,41.38029064281507,41.53510665893555,3156400
2013-12-17,42.250222486638734,42.30182783665532,41.32132056177876,41.71942138671875,4638100
2013-12-18,41.88159608427548,42.58932875326395,41.42451627480907,42.58195495605469,4786000
2013-12-19,42.33869023641388,42.46401671695517,42.08803446305051,42.147010803222656,4110000
2013-12-20,42.11750922885588,42.16174076536099,41.91108508013949,41.940574645996094,6769400
2013-12-23,42.24283492454198,42.34604559095035,42.021668809055534,42.316558837890625,3618800
2013-12-24,42.32393842387119,42.368172780869386,42.11751704910691,42.29444885253906,1249400
2013-12-26,42.39027601361954,42.39027601361954,42.22808623155104,42.368160247802734,1887300
2013-12-27,42.44188527216371,42.530351155902345,42.21334535920253,42.316558837890625,1834800
2013-12-30,42.368172780869386,42.441893896919396,42.23547252215511,42.29444885253906,1882600
2013-12-31,42.42038718829711,42.59078243352474,42.35371164809982,42.51669692993164,3299700
2014-01-02,42.38335535887711,42.5685649203049,42.25741421362156,42.405582427978516,4219000
2014-01-03,43.11677643854258,43.33902729535545,42.75376453909228,43.22049331665039,12577400
2014-01-06,43.82056664801425,44.27988539383824,43.63535715723832,43.8724250793457,10538100
2014-01-07,44.28730528382348,44.54660034122492,44.10209573971103,44.331756591796875,6510600
2014-01-08,44.34656887930693,45.139265415951364,44.25766909908623,45.07258987426758,6725000
2014-01-09,42.96860650704061,44.257665945723886,42.909338107067654,43.97614669799805,8127900
2014-01-10,44.205790573673255,44.63547785811655,43.92427424187105,44.41322708129883,6548700
2014-01-13,44.28730042107238,44.435468605308124,43.842798694438216,43.894657135009766,4264000
2014-01-14,44.0798514830029,44.116892809791004,43.62053281347179,44.01317596435547,4546500
2014-01-15,44.15395371970766,44.302121918647615,43.84280304539974,43.95392990112305,4785100
2014-01-16,43.9909621195249,44.12431318830321,43.69462578311247,43.79093551635742,4321400
2014-01-17,43.79094289844593,44.14654486644303,43.627957603336455,44.087276458740234,6485100
2014-01-21,44.19099525134907,44.36879481860595,43.73167357944361,43.983558654785156,4484200
2014-01-22,44.07986792441392,44.102092163561814,43.45756379361456,43.82057571411133,4085200
2014-01-23,43.74648725900707,43.872431199862504,43.36866108858665,43.49460220336914,4396000
2014-01-24,43.264946338202435,43.33902901806049,42.34630584716797,42.34630584716797,5682400
2014-01-27,42.450016592886854,42.6944944880086,42.124048892130524,42.1981315612793,4194300
2014-01-28,42.22777330795726,42.65005081495097,42.22777330795726,42.29444885253906,4043300
2014-01-29,42.0499689482834,42.29444687568076,41.58324298409888,41.75363540649414,5511600
2014-01-30,41.96848434291711,42.45743743234976,41.88699169033276,42.23518371582031,4705800
2014-01-31,41.7832642814728,42.18331465318883,41.56842058346709,41.901798248291016,4404000
2014-02-03,41.901817895459544,41.916635001518436,40.457182554568604,40.53126525878906,7089700
2014-02-04,40.06452813547721,40.516437028867976,39.50889952815063,39.70892333984375,15925000
2014-02-05,39.94598644412069,40.72386866029554,39.805228231497274,40.54606628417969,9615200
2014-02-06,40.55347924545428,40.79795435135578,40.434945261304705,40.56088638305664,5124700
2014-02-07,41.13872665771948,41.27948766389882,40.81275900722673,41.18317794799805,4302300
2014-02-10,41.26467969559485,41.464706306989356,41.19059419540826,41.34617233276367,3688000
2014-02-11,41.257265615288055,41.87956962438853,41.20540718336906,41.835121154785156,3407600
2014-02-12,41.96847385084834,42.10182491699904,41.68695461941102,41.80548858642578,3032300
2014-02-13,41.65732911997273,41.93884841019658,41.53879512820584,41.93143844604492,2543900
2014-02-14,41.901806076031626,42.22777383915807,41.59806255268763,42.13887405395508,5154800
2014-02-18,42.072201601809496,42.072201601809496,40.968351452260556,41.6276969909668,7561500
2014-02-19,41.5832466879726,42.27963354058214,41.48693693592795,41.63510513305664,6517500
2014-02-20,41.753635826542066,42.24999599772089,41.61287477865852,42.2277717590332,3846200
2014-02-21,42.27963193744926,42.753767889424424,42.22777349433155,42.316673278808594,5084600
2014-02-24,42.4203904636936,42.99824613204562,42.346307780453365,42.67227554321289,4390700
2014-02-25,42.7833966283123,42.7908037652088,42.26480943730001,42.5611457824707,3253500
2014-02-26,42.6944916559221,43.13899329347459,42.61299902962056,42.827842712402344,4008400
2014-02-27,42.76116856552482,43.20567021743655,42.76116856552482,43.190853118896484,3500300
2014-02-28,43.16862587585616,44.30210698749365,43.161215914066204,43.90205383300781,7156700
2014-03-03,43.479783512310846,44.013187804989165,43.361249539057084,43.739078521728516,4802400
2014-03-04,44.19099044799805,44.361382858962195,44.04282227400705,44.19099044799805,4331100
2014-03-05,44.26507494626547,44.331750486005696,43.8576145705521,44.1835823059082,3192600
2014-03-06,44.41324304701564,44.45028438545559,44.0354140471384,44.27989196777344,4134500
2014-03-07,44.47251719572966,44.47251719572966,43.98356408628304,44.38361740112305,4133200
2014-03-10,44.17616854399464,44.5243604650251,44.00577615156004,44.50213623046875,4343700
2014-03-11,44.494748422192735,45.00592582154471,44.28731178062664,44.642913818359375,5143800
2014-03-12,44.43547630227485,44.62809582296815,44.1835911932653,44.3243522644043,4259700
2014-03-13,44.45029196684063,44.628094378180315,43.62055397476017,43.7316780090332,3963700
2014-03-14,43.73907157200089,44.08726347344339,43.561269227334954,43.60572052001953,4333000
2014-03-17,43.69462272472889,44.183575667334445,43.69462272472889,43.8724250793457,3577000
2014-03-18,43.94651383398995,44.5762250594452,43.91687963310258,44.33915710449219,3612300
2014-03-19,44.45028394478333,44.81329584047115,44.028006473393724,44.33915710449219,3510700
2014-03-20,44.309529699324614,44.309529699324614,43.83539092086803,44.139137268066406,2891600
2014-03-21,44.49473807756789,44.73180604760688,43.457563589092445,43.5835075378418,7155000
2014-03-24,43.82796448394338,43.87241576968323,42.86487590148904,43.07971954345703,4424900
2014-03-25,43.22790762472758,43.761312030420065,43.20568338318154,43.70945358276367,2971700
2014-03-26,43.968741997293016,44.435470811684745,43.8576179731533,43.924293518066406,4136700
2014-03-27,43.87242471290304,43.97614157469966,43.31679624521611,43.83538055419922,4886500
2014-03-28,44.23545618083759,45.12446274556527,44.19100768954928,44.75404357910156,7155800
2014-03-31,45.56153706634783,45.739339430078736,44.97627436723811,45.59117126464844,7741700
2014-04-01,45.64303970336914,46.08013433285756,45.48005440306296,45.64303970336914,4626600
2014-04-02,45.4569732676417,46.141654520397715,45.4569732676417,46.0374641418457,4945800
2014-04-03,46.20864228584142,46.44679257402586,46.05235669152826,46.372371673583984,4971800
2014-04-04,46.253300669065844,46.81146598926065,45.71746105320664,45.821651458740234,5273600
2014-04-07,45.81421242002746,46.2458588094332,45.7397886708363,45.858863830566406,5609000
2014-04-08,45.85142058973415,45.948170039372435,45.29325527401229,45.39744567871094,4307800
2014-04-09,45.36766684504848,45.73977697895926,45.21138127015996,45.695125579833984,5252400
2014-04-10,45.747229888188535,45.91840024322213,44.40763086796806,44.72764587402344,5712600
2014-04-11,44.54158760203181,44.578800891372204,43.990866123088765,44.05784606933594,4727200
2014-04-14,41.78797763776517,43.43270408142985,41.56470924101653,43.22432327270508,10496000
2014-04-15,43.16477396127698,43.50711459065037,42.413112767307155,43.20198440551758,6820300
2014-04-16,43.55177898154267,43.71550838114593,43.13501452754146,43.52945327758789,5001000
2014-04-17,43.43270345363062,44.08761820741059,43.298743553108004,43.57410430908203,6056000
2014-04-21,43.2540851025702,43.99086448383406,43.20943369938621,43.86434555053711,3844000
2014-04-22,43.90900880357548,44.042968718568865,43.38805389404297,43.38805389404297,4161700
2014-04-23,43.365713749494454,43.536884064112265,43.127563499680555,43.44757843017578,3521100
2014-04-24,43.75271973792473,43.87179489310275,43.29874482162862,43.41781997680664,3387900
2014-04-25,43.44015060813647,43.44015060813647,43.02338893723274,43.321075439453125,3141200
2014-04-28,43.775037343395915,43.864342983512834,43.1647769311426,43.70805740356445,5156300
2014-04-29,43.760162353515625,43.94621746797698,43.61876148855627,43.760162353515625,2747600
2014-04-30,43.68574544872697,43.78993586814209,43.46992081480935,43.77505111694336,3143100
2014-05-01,43.789924003872514,44.281109304446865,43.581543221500134,44.065284729003906,3765600
2014-05-02,44.11738994766534,44.19925465618918,43.62620453549815,43.73783874511719,4189200
2014-05-05,43.62619399186539,44.020632688608586,43.35083327072406,43.94620895385742,3979300
2014-05-06,43.93877092478268,44.36297630468962,43.834580528170505,44.05784606933594,3878100
2014-05-07,44.15459192517786,44.2141280731312,43.66340379994324,44.14714813232422,3716600
2014-05-08,44.12481734480908,44.496927453288215,44.10993259979294,44.229007720947266,3215800
2014-05-09,44.30343878583472,44.913699276830776,44.229017882630515,44.77973937988281,3686000
2014-05-12,44.98812729004585,45.52396408973293,44.9434730404987,45.39000701904297,3097000
2014-05-13,45.41231680062798,45.53139191869128,44.96578297865954,45.27091598510742,3612700
2014-05-14,45.189054266053326,45.3974350265557,45.08486388580214,45.136959075927734,2821100
2014-05-15,44.95092344737979,45.06255482920549,44.46717894253994,44.58625411987305,4631500
2014-05-16,44.66066545116475,44.95091379512972,44.44484369038772,44.9434700012207,3945700
2014-05-19,44.869035743757486,45.15928116237503,44.764845371840906,44.906246185302734,3556200
2014-05-20,44.549033966874966,44.57135967058754,43.70806411300287,44.214134216308594,6871400
2014-05-21,44.35552661687597,44.70531104957044,44.19924104272632,44.47460174560547,3348700
2014-05-22,44.45228768326629,44.61601709274753,44.18436786374272,44.489498138427734,2511500
2014-05-23,44.50437056730181,44.65321518571586,44.40762113948644,44.60111999511719,1890500
2014-05-27,44.71275002832141,45.0253211429697,44.58623112074374,44.965782165527344,2302500
2014-05-28,44.99556244652774,45.047657644797596,44.77229690551758,44.77229690551758,2490100
2014-05-29,44.89137752866567,45.17418209591306,44.742532870168326,45.11464309692383,1996600
2014-05-30,45.04020300780232,45.44208256292104,45.03275921661057,45.41975402832031,2881300
2014-06-02,45.39744587827965,45.471866785112816,45.06254611957919,45.412330627441406,1925500
2014-06-03,45.263487290393066,45.449542401859325,45.017896019524976,45.40488815307617,3738700
2014-06-04,45.39744009803084,47.875695157893766,45.28580591301935,47.04961013793945,12427300
2014-06-05,46.037476404857536,46.34260666859814,45.92584220440156,46.17143630981445,7570500
2014-06-06,46.34260660933533,46.63285212337892,46.23097240902211,46.491451263427734,3485700
2014-06-09,46.28305344227105,46.48399323793052,46.141652625610575,46.32026672363281,2859200
2014-06-10,46.14909547359076,46.14909547359076,45.702564468660746,46.0374641418457,3030600
2014-06-11,45.784431281620726,45.87373691897224,45.345341209427836,45.52395248413086,3126800
2014-06-12,45.56118404694594,45.635604968099145,45.114650003098234,45.24116897583008,3518600
2014-06-13,46.0895737251156,46.0895737251156,45.09231818628099,45.1741828918457,2085300
2014-06-16,47.2282206542107,47.555679410764796,43.40292867754849,44.67554473876953,65437800
2014-06-17,46.03747857021432,46.1416689814201,45.22627814714322,45.829097747802734,28563100
2014-06-18,46.059795948487114,47.578006108942084,45.88118465841904,47.45893096923828,20710500
2014-06-19,47.644990166062534,48.7464389177703,47.63010825553128,48.12873458862305,23598400
2014-06-20,48.359445977818545,48.48596208804835,47.302651492303475,47.525917053222656,17900300
2014-06-23,47.48869984626691,48.06174983581812,47.40683515647742,47.734291076660156,10238600
2014-06-24,47.43660253665553,48.11384288703802,47.37706355074383,47.682193756103516,9764000
2014-06-25,47.86081061854158,48.1361742020399,47.630104118661095,47.77894592285156,8209700
2014-06-26,47.92779702652555,48.151059749681494,47.42172690490695,48.12129592895508,10264200
2014-06-27,48.10640201867765,48.188266709795194,47.548236767212835,47.71940994262695,10748200
2014-06-30,47.86080912154492,47.95011760803632,47.38450854949217,47.45148849487305,11711600
2014-07-01,47.32810674383789,47.9113879091502,47.26080485148484,47.79174041748047,7730100
2014-07-02,47.79174041748047,48.01607910778357,47.60479103345768,47.79174041748047,7148200
2014-07-03,47.99363761368305,48.27779857329692,47.716953372955565,48.27032470703125,4349900
2014-07-07,47.79173291166192,48.02355113838614,47.31314302014679,47.5673942565918,7616000
2014-07-08,47.91886388671488,48.02355507749346,47.49261669871195,47.57487487792969,7627800
2014-07-09,47.90391512476192,48.08339066663174,47.4851502708855,47.55992889404297,7576000
2014-07-10,47.20846384779919,47.537493768765934,46.84952133784779,47.46271514892578,5161600
2014-07-11,47.44028022848691,47.74687714015012,47.02151538482294,47.70201110839844,7533700
2014-07-14,47.85904157698296,47.92634061568427,47.42531764343339,47.888954162597656,8873200
2014-07-15,47.7618217898791,48.120764219484656,47.5150501175469,47.530006408691406,9138900
2014-07-16,47.48513559239223,47.709474245139226,46.34100646654803,47.05889129638672,15113600
2014-07-17,46.89438320611281,46.93177251271402,45.9671158508695,46.0045051574707,10053000
2014-07-18,46.30362713453128,46.82708603762427,46.16902618771114,46.632659912109375,7457300
2014-07-21,46.5204838681085,46.76725842338828,46.161541394391634,46.6700439453125,5563500
2014-07-22,46.812120483984685,47.19349879117714,46.72238558631275,46.894378662109375,8613600
2014-07-23,46.92429434570597,47.537488083448125,46.752301258546204,47.3879280090332,8823000
2014-07-24,47.57486890113972,47.83659969782616,47.26827208696809,47.32061767578125,9664700
2014-07-25,47.30565405341972,47.45521407797023,46.819587539405816,47.03644943237305,5208300
2014-07-28,46.93924989725131,47.13367599408597,46.64760932568876,46.93177032470703,5988700
2014-07-29,47.02897614953169,47.096278026946024,46.51299699110213,46.84950637817383,6968000
2014-07-30,46.99158333411885,47.081318213080905,46.542906086688184,46.797157287597656,6593100
2014-07-31,46.58030968498505,46.62517571193262,46.04189454064431,46.16902160644531,6767900
2014-08-01,45.8698991071501,46.31857646945717,45.6530371458992,45.97459030151367,6122500
2014-08-04,46.109199156101496,46.80465114106262,45.765212950294455,46.71491622924805,5990800
2014-08-05,46.595259613750514,47.043936937669024,46.086757125245086,46.35596466064453,10402300
2014-08-06,45.69042862972056,46.22136705200477,45.39878804504994,45.839988708496094,19503800
2014-08-07,45.9596325190963,46.10171586623011,45.376351396482605,45.61564636230469,12885400
2014-08-08,45.645568254486015,46.56535900179993,45.43618297722693,46.475624084472656,10209500
2014-08-11,46.61769239371557,46.819598044267074,46.37091786994567,46.41578674316406,5580900
2014-08-12,46.36344051972599,46.6251684783858,46.25126976451704,46.520477294921875,4420500
2014-08-13,46.76726314445073,47.4701918698612,46.67004865656134,47.46271514892578,6665700
2014-08-14,47.56739629971017,47.888949431749666,47.462705113022125,47.65713119506836,5346900
2014-08-15,47.500100565418556,47.724439259172186,46.94672912504642,47.298194885253906,8477100
2014-08-18,47.61227238860608,47.69453058200314,47.27576574670392,47.46271514892578,6170700
2014-08-19,47.814171478178324,47.91138595263425,47.32062523861754,47.866519927978516,8802400
2014-08-20,47.64964975019144,48.12076004356657,47.46270040603987,47.9712028503418,5996400
2014-08-21,48.21798551972785,48.32267671376317,47.91886537738027,47.93381881713867,3949400
2014-08-22,47.87400244849947,48.158169203328214,47.50010648076177,47.552452087402344,5146200
2014-08-25,47.806690345002465,47.91886110152896,47.51504980117858,47.58235168457031,4470900
2014-08-26,47.69452911399915,47.806699892928336,47.4776699820889,47.50010299682617,5102000
2014-08-27,47.54496756921042,47.64217919267446,47.275760006279825,47.38045120239258,3051000
2014-08-28,47.35803227773489,47.47020022724288,47.156126545474116,47.200992584228516,3883100
2014-08-29,47.42531119873893,47.754343890545506,47.1561065226528,47.746864318847656,4724000
2014-09-02,47.76182783140773,47.84408601679715,47.52253284806826,47.79174041748047,5037800
2014-09-03,47.85904684170815,48.30024469126352,47.82165753188736,48.09086227416992,5606200
2014-09-04,48.038510159320296,48.26285169308338,47.589832797036344,47.866519927978516,9243800
2014-09-05,47.941305034886774,48.12077486307515,47.61975183570933,48.09086227416992,6000200
2014-09-08,48.15815973469545,48.59935751745644,48.09833456594213,48.43484115600586,5627600
2014-09-09,48.46476724603285,49.287349282514214,48.35260215491603,49.01066207885742,10835300
2014-09-10,49.18263998543172,49.511672717268965,49.010649752147536,49.33220291137695,7495700
2014-09-11,49.05552987422823,49.24247930645108,48.78632223540781,49.160221099853516,5843500
2014-09-12,48.9134406296999,49.19760164565893,48.5544952943241,48.748924255371094,5008300
2014-09-15,48.79377660450462,48.91342691783592,48.41987793320573,48.569435119628906,3721700
2014-09-16,48.47973296477145,49.511691879598665,48.18061270235583,49.49673843383789,6301800
2014-09-17,49.549054435589404,49.593920451299034,48.83116965803003,49.33967208862305,8253700
2014-09-18,49.58646396933636,49.908017210543484,49.38456109938943,49.750980377197266,5464600
2014-09-19,50.079994029447406,50.184685211617385,49.51914596557617,49.51914596557617,9196400
2014-09-22,49.317233375527174,49.42192454901035,48.965773410399976,49.33967208862305,7390400
2014-09-23,47.477672123582856,48.35259682187853,47.34306832384507,47.91887283325195,18538800
2014-09-24,47.91137322849649,48.143188567976,47.16357592153994,47.687034606933594,16432000
2014-09-25,47.6870434400651,48.09833146455054,46.916812984067604,46.92428970336914,10559400
2014-09-26,47.05140218337337,47.61225012781827,46.87193243861829,47.365478515625,8141700
2014-09-29,46.85699259429723,47.12620015852104,46.73734510493345,46.76725769042969,7876700
2014-09-30,47.11125202673109,47.11125202673109,46.31110876813761,46.32606506347656,14432900
2014-10-01,46.55526213504872,47.17148974236199,46.29223633838798,46.946041107177734,13010800
2014-10-02,46.968585937264145,47.45706037770568,46.47259778443603,47.194034576416016,10372800
2014-10-03,49.24562721464803,49.46356216419785,48.68952070438294,48.862361907958984,29984000
2014-10-06,49.042729659313245,49.15545543377471,48.682008327730756,48.77219009399414,10306700
2014-10-07,48.388913667497505,48.59933200709729,47.983104412496594,48.05073928833008,8272900
2014-10-08,48.005655496515914,49.41095485471709,47.98310862476886,49.39592742919922,10207700
2014-10-09,49.10282829143102,49.29821918470118,47.825285240864815,47.832801818847656,9472300
2014-10-10,47.82530020325054,48.80224924177571,47.72009101245194,48.178504943847656,10563500
2014-10-13,48.02068898269191,48.11838158873137,47.3518538332565,47.38943099975586,8208100
2014-10-14,47.68250827587027,48.29873301771725,47.366877892574564,47.727596282958984,9107200
2014-10-15,46.87089483307985,47.366883032016425,44.962093501860444,46.78071594238281,28912800
2014-10-16,46.21708135735084,47.22408779752998,46.051751043270315,46.45004653930664,11991100
2014-10-17,47.03622061007296,47.03622061007296,46.126909478318815,46.585323333740234,18747600
2014-10-20,46.728115443234664,48.148445279736514,46.70557143526972,47.97560119628906,12465500
2014-10-21,48.15596083105146,49.110360126487095,48.08080936154856,48.83230972290039,14523400
2014-10-22,49.11034901842477,49.28319592581821,48.56927002733,48.591819763183594,8396900
2014-10-23,48.91494718010675,49.50863062194712,48.892403182759494,49.305728912353516,6642600
2014-10-24,49.410953709311805,50.04972534821345,49.335805116523986,50.0196647644043,7883000
2014-10-27,49.91445275093875,50.12487109217365,49.23059314192533,49.79421615600586,6673100
2014-10-28,49.83930366614895,49.9971174205037,49.71906707241332,49.98208999633789,5708600
2014-10-29,49.974573284805956,50.620861458144184,49.77167152502289,50.3803825378418,8229200
2014-10-30,50.22256469191704,50.91394081477136,50.042201216283466,50.6734619140625,5566400
2014-10-31,51.259624948941884,51.40992783378775,51.01914606665732,51.22205352783203,8663400
2014-11-03,51.19199838716229,51.3949001364152,50.786189155187046,51.214542388916016,4436000
2014-11-04,51.184479332173225,51.319749069619895,50.64340038238656,51.04920959472656,5679800
2014-11-05,51.62788009643555,51.86084823887651,51.312252497159704,51.62788009643555,11671500
2014-11-06,51.74809875267424,51.92845647914382,51.462531874641684,51.65791702270508,7329500
2014-11-07,51.62787257400763,51.748114918195526,50.944012875218284,51.17697525024414,6054000
2014-11-10,51.192006691653035,51.665448005692234,50.86886256933316,51.6353874206543,5932900
2014-11-11,51.63539155786876,52.10132206308327,51.44751718643124,51.84580993652344,4542400
2014-11-12,51.51514674177271,51.778169673225115,51.289695238544994,51.477569580078125,4630500
2014-11-13,51.71805637311725,52.31925665084099,51.59781975765496,52.138893127441406,6920100
2014-11-14,52.19901160797884,52.221555613872624,51.703026277904115,51.81574630737305,5833700
2014-11-17,51.68047573079784,52.33428055885134,51.65042087905618,51.99610900878906,5325500
2014-11-18,52.14641154093743,54.66392704215664,51.72557477181784,54.46102523803711,12950300
2014-11-19,54.31071929601165,54.45350564913322,53.837277956908935,53.927459716796875,8109000
2014-11-20,53.64939559452918,54.175441448462244,53.281163496776045,54.167930603027344,6878100
2014-11-21,54.72403154952687,54.7766361296432,54.20549659304499,54.476036071777344,8974400
2014-11-24,54.55869097025778,54.821713821373145,54.34075611262843,54.80668640136719,6667100
2014-11-25,54.70150375366211,54.95701015178592,54.596294562261605,54.70150375366211,5621000
2014-11-26,54.724033138981646,55.272628690530944,54.67894513570642,55.22002410888672,5062600
2014-11-28,55.55819912063402,56.00909638236394,55.33274762303418,55.51311111450195,3074500
2014-12-01,55.16742302272669,55.73855687863204,54.81421835210616,55.51311111450195,5350000
2014-12-02,55.60329829397721,56.19698200565213,55.595787447093244,55.85881042480469,5501000
2014-12-03,55.76860897811309,56.39235305759377,55.71600440113694,56.24205017089844,7224500
2014-12-04,56.24204337223599,56.354769090263744,55.212495956804055,55.56570053100586,8246300
2014-12-05,55.52062853834237,56.43745632812479,55.3928753501846,56.39236831665039,9583400
2014-12-08,56.21952571817559,56.59527446535435,55.994079909950855,56.204498291015625,7343800
2014-12-09,55.392879542131446,56.196981630609166,55.32524751980168,56.151893615722656,5373400
2014-12-10,55.79116615451506,56.046678255509576,55.009608159517455,55.03215789794922,6506900
2014-12-11,55.362801555260155,55.82121534077477,55.272625553827154,55.437950134277344,6224000
2014-12-12,54.64890295674569,55.400400509542585,54.48357257777496,54.498600006103516,7567800
2014-12-15,55.174925856455644,55.24256358930219,54.08525715437729,54.100284576416016,6942700
2014-12-16,53.206016682080325,54.87433604594995,53.1909835237697,53.611820220947266,8380100
2014-12-17,53.91992535802092,54.68644999717873,53.784655629526156,54.61130142211914,9045900
2014-12-18,55.407912069059805,56.12183238612877,55.159916523078486,56.08425521850586,7014800
2014-12-19,56.10678939986869,56.36229572174203,55.61079844545213,56.07672882080078,10460600
2014-12-22,56.099273290135756,56.84325399450324,56.04666870969501,56.7906494140625,10384000
2014-12-23,56.77562006804713,56.85828522500675,55.41540613391909,55.437950134277344,7335600
2014-12-24,55.520629838889214,55.948983158341335,55.17494169805685,55.67093276977539,3232500
2014-12-26,55.648379163294265,55.776132332405176,55.242569920115876,55.317718505859375,4206200
2014-12-29,55.14486247460123,55.55818822800855,55.00208190535304,55.377830505371094,4611400
2014-12-30,55.41933696048973,55.56271095501026,54.8307338321999,55.1401252746582,4990800
2014-12-31,55.298627026213886,55.65329982422804,54.41572182092424,54.48363494873047,4737400
2015-01-02,54.43078544214594,55.07975966209079,53.88746340997463,54.242130279541016,6029800
2015-01-05,53.955368416183354,54.21193663535877,53.64597123239181,54.01573944091797,11258700
2015-01-06,54.33268273160172,54.687355331711835,53.47996353358033,53.74407958984375,12838800
2015-01-07,54.12139722160128,55.16277170913256,53.96292756636602,55.087310791015625,8104100
2015-01-08,55.623103006527586,56.43054709798597,55.623103006527586,56.40790939331055,7608400
2015-01-09,56.31735841943482,56.47582812522673,55.94759577258704,56.143798828125,8790600
2015-01-12,56.189038792239266,56.400331599990224,55.91737496590312,56.19658660888672,7294000
2015-01-13,56.50599903776933,56.890857227888766,54.74018926657311,54.9288444519043,9508300
2015-01-14,54.174210472871934,54.679804864263446,53.88745673386584,54.159114837646484,8702300
2015-01-15,54.5515227895386,54.6420793323809,53.94028195792303,54.25722122192383,13290200
2015-01-16,54.098760297872,54.974117323722474,53.76672534463608,54.90620422363281,8832000
2015-01-20,55.04205864476621,55.27598931694514,54.03841131364134,54.48363494873047,10524900
2015-01-21,54.24214602075417,55.26843086373942,53.94030227882937,55.132598876953125,10793800
2015-01-22,55.064671256641816,56.96631281340422,55.064671256641816,56.958770751953125,17866600
2015-01-23,57.2379989927993,58.40011596874016,56.95124509898314,58.06808090209961,23255300
2015-01-26,58.0076940615712,58.052969460283244,56.5814614291526,57.04177474975586,34907400
2015-01-27,56.61164961993273,57.05687888366137,56.30980590717407,56.792762756347656,9927200
2015-01-28,56.48335157753751,56.98140394426235,55.39670181274414,55.39670181274414,12731800
2015-01-29,55.17785735489866,55.37405455501325,54.41568897815208,55.0948486328125,11889900
2015-01-30,54.96657088937666,55.02694192917667,53.73654117927244,53.879920959472656,15810900
2015-02-02,53.56298028706801,54.92129410455304,53.510157067898575,54.90620422363281,9912300
2015-02-03,55.44953985568113,56.45318116111965,55.19296578554278,56.43809127807617,9746400
2015-02-04,56.33243896489363,56.66446817300996,55.82684445468296,55.940032958984375,7378300
2015-02-05,56.694655796329926,56.94368202962921,56.377716457930575,56.838035583496094,5737700
2015-02-06,56.83801284878704,57.094586799125494,56.0683025123661,56.19658660888672,5421000
2015-02-09,56.03813639717975,56.26451915927667,55.4419853362492,55.555179595947266,5470800
2015-02-10,55.81175120126376,56.64183289298062,55.64573371146048,56.49845886230469,5663300
2015-02-11,56.52110014016265,56.73239304698981,55.872125779307844,56.1362419128418,7457700
2015-02-12,56.453178937556636,56.62674425086975,56.06832648345743,56.54373550415039,5542800
2015-02-13,56.189063816230785,56.80785263906567,55.63819385887644,56.792762756347656,9009400
2015-02-17,57.758662281833736,59.08679616981255,57.600192644330896,58.913230895996094,13476900
2015-02-18,58.91323338264331,59.31318140236007,58.8377724697852,59.23772048950195,7801400
2015-02-19,59.30564768414804,59.30564768414804,58.74722988747258,58.95852279663086,6900500
2015-02-20,58.83022174291362,59.464106045641316,58.445363621875316,59.45655822753906,6665200
2015-02-23,59.36601046609622,59.9546137045994,59.36601046609622,59.80369186401367,6051500
2015-02-24,59.698030535770336,59.77349143724365,59.41127680725265,59.63011169433594,4855900
2015-02-25,59.630113168118356,59.91687266102116,59.19243762583672,59.335811614990234,4598800
2015-02-26,59.418829768167186,59.60748493510969,59.14716586718608,59.47165298461914,5413500
2015-02-27,59.26035534472971,59.43392061754567,58.52837243479436,58.55101013183594,8848200
2015-03-02,58.55100271818264,59.55464938013308,58.55100271818264,59.48673629760742,5240300
2015-03-03,59.46412555122945,59.59995753513435,58.38501750056838,58.88306427001953,4662500
2015-03-04,58.528384672009636,59.21509233143985,58.14353222724059,59.00379943847656,5382900
2015-03-05,59.14716393969305,59.58484529448817,58.89059568451574,59.23772048950195,5780500
2015-03-06,58.86041121516956,59.10188959499113,57.67565701459207,57.7133903503418,7052400
2015-03-09,57.78132344681414,58.19636725453275,57.49456957067264,58.03034973144531,6134400
2015-03-10,57.736031433955155,57.84922569054222,57.23043118883945,57.253074645996094,5252700
2015-03-11,57.35117885928468,58.10579963374895,57.230436771866586,57.388912200927734,6954600
2015-03-12,57.26816058006708,57.97750583231452,57.200247485174614,57.9246826171875,4014400
2015-03-13,57.84169212786295,57.86432983330012,57.26063082090671,57.70586013793945,5289000
2015-03-16,58.02278592756219,58.762316756525955,58.00769604657478,58.61138916015625,6497300
2015-03-17,58.42274061583672,58.48311166123898,57.66057775750738,57.894508361816406,4497300
2015-03-18,57.66811205017027,59.01133596423956,57.42663365839713,58.56611251831055,5858300
2015-03-19,59.06416468786144,59.06416468786144,58.30954392357023,58.603851318359375,4794000
2015-03-20,59.147167448282175,59.19999066614617,58.63402515018952,58.87550354003906,9159500
2015-03-23,58.86041049188697,59.516932527693214,58.807587276865675,59.366004943847656,6150800
2015-03-24,59.42639670883509,59.796159342979216,59.37357347538593,59.40375900268555,5854900
2015-03-25,59.49429513309389,59.99234757457513,58.520839465288255,58.55856704711914,8133600
2015-03-26,58.289632160081595,58.69115845213018,57.96386456426553,58.03962326049805,5590700
2015-03-27,57.98659438080549,58.78964700348126,57.956289744853045,58.62297439575195,4510300
2015-03-30,58.86539778465923,59.433596627291145,58.86539778465923,59.41086959838867,3765900
2015-03-31,59.463897470890615,59.72905575788952,58.99419015678317,59.08509826660156,5773400
2015-04-01,59.56237111905092,59.64570738142935,57.554734781779075,57.68352508544922,8381400
2015-04-02,57.58505247789014,58.42598711282179,57.4486845430359,58.23658752441406,5113600
2015-04-06,57.812330365354946,58.751756515521066,57.782025736638275,58.607810974121094,4372000
2015-04-07,58.76691758387039,58.91843497745829,58.448727589324946,58.47145462036133,3529200
2015-04-08,58.60781914667791,58.67600023578524,57.80476660376377,57.872947692871094,6279600
2015-04-09,57.835078673559586,58.48661398067231,57.63810718444666,58.4335823059082,4888900
2015-04-10,58.41082296545389,59.062357912219014,58.36536892080102,59.03963088989258,4521300
2015-04-13,58.7896286131743,59.592686764659334,58.615384235976954,59.15327835083008,5782000
2015-04-14,59.09266320429872,59.138117249466156,58.66841003602679,59.00932693481445,3988200
2015-04-15,59.09266379548406,59.31236798268457,58.880537209225906,59.02448272705078,3388800
2015-04-16,58.92599991718454,59.07752305822623,58.297191886899384,58.350223541259766,4201200
2015-04-17,57.91081587480467,58.56235087490445,57.75929274686499,57.948692321777344,5815500
2015-04-20,58.21386119251684,58.6381202481431,58.15325771029941,58.44114303588867,4249000
2015-04-21,58.70629561222808,58.736600240392306,58.27446477591732,58.39568328857422,4265100
2015-04-22,58.638114777743645,59.183586526934626,58.38052832728487,59.100250244140625,4861100
2015-04-23,58.91084494543481,59.82753818734863,58.75174999733568,59.471466064453125,4702400
2015-04-24,59.45633107922715,59.45633107922715,58.77449129322339,58.797218322753906,4662000
2015-04-27,59.138104679008734,59.20629151228195,57.52442283839529,57.736549377441406,8739800
2015-04-28,57.13052155431635,58.16085048335902,56.38049466903031,57.97145080566406,7761700
2015-04-29,57.69111155844902,57.978996830931784,56.819872359598584,57.34261703491211,5655300
2015-04-30,57.01685301685379,57.297160705065735,56.153191366655705,56.403194427490234,6331500
2015-05-01,56.06985828872096,57.33504620890004,56.06985828872096,57.274436950683594,5883200
2015-05-04,57.57746765423263,57.75171779691959,57.37291866761543,57.501708984375,3137300
2015-05-05,57.50171058944204,57.691110159380905,56.62289381051796,56.75168991088867,3474900
2015-05-06,56.86533926655877,57.009284825358,55.85773769501699,56.304718017578125,4317100
2015-05-07,56.175936280990264,56.67594834190109,56.130476435439455,56.51685333251953,5002700
2015-05-08,57.00925590927698,57.87291726397316,57.00925590927698,57.736549377441406,3973100
2015-05-11,57.585064284921685,57.910831874977845,57.52445501700009,57.59263610839844,3126500
2015-05-12,57.130498150406495,57.33504717531354,56.86533408624431,56.971397399902344,3770000
2015-05-13,56.994123422636086,57.22897704920554,56.494105763469165,56.713809967041016,3506000
2015-05-14,57.085031162375174,58.0017244184114,56.94109141474394,57.77444839477539,3877200
2015-05-15,57.81991315590113,57.89567184448243,57.56990428156719,57.89567184448242,4528400
2015-05-18,58.03961178774347,58.91085107224369,58.01688476136799,58.69114685058594,5406500
2015-05-19,58.97901657504385,59.62297386568677,58.87295329329162,59.426002502441406,6593600
2015-05-20,59.426007696515796,59.91087010690931,59.3729760510045,59.691165924072266,6868700
2015-05-21,59.60783497974882,59.62298440266987,59.3123721026492,59.40328598022461,3537600
2015-05-22,59.29719272684371,59.61538827863509,58.94112652319611,58.956275939941406,2965700
2015-05-26,58.63051902543596,58.66082364434482,57.85019387358153,58.0092887878418,4505100
2015-05-27,58.66082420334641,58.66840180314959,57.933530682648076,58.57748794555664,3734900
2015-05-28,58.547187526185354,58.971440665355665,58.289606914550674,58.49415588378906,4065900
2015-05-29,58.43354941485855,58.622948972409645,57.81989669799805,57.81989669799805,7214400
2015-06-01,58.38811304084283,58.83509913754454,57.81991419623361,58.1077995300293,6532400
2015-06-02,57.94113256891524,58.66842639446428,57.58506036911135,58.24416732788086,7768800
2015-06-03,58.380535608108985,58.54720819448326,57.85779659995587,58.20629119873047,6447100
2015-06-04,57.850215533264745,58.206287713742014,57.30474374870529,57.607784271240234,8645600
2015-06-05,57.41081968200386,57.569914690795805,57.09262966441998,57.16838836669922,6423000
2015-06-08,57.19111124007952,57.43354253775302,56.918375307694575,56.92595291137695,6486700
2015-06-09,57.05472111894639,57.122907965574,56.668350181447956,56.75925827026367,6448900
2015-06-10,56.97139282930343,57.8350544740975,56.84260249876776,57.698692321777344,6276500
2015-06-11,57.880508543763426,58.04718108669829,57.638077330408,57.744140625,5205400
2015-06-12,57.31231671118982,57.55474795358677,57.07745729073075,57.21382522583008,5522800
2015-06-15,56.88806409508166,57.35019960596339,56.33502047059525,57.1380729675293,5922300
2015-06-16,57.13806900970509,57.38807786483518,56.8956377568563,57.274436950683594,3727600
2015-06-17,57.24413952808503,57.59263413667637,57.08504454025101,57.35778045654297,4894100
2015-06-18,57.39566148743233,58.289627909834884,57.39566148743233,58.122955322265625,4598200
2015-06-19,58.31993416211046,58.524483210707054,58.02446543410996,58.115379333496094,7450600
2015-06-22,58.52446050516059,58.66840601167146,58.274451713857154,58.49415588378906,3791600
2015-06-23,58.736612513866085,58.7669171483627,57.92598232614025,58.03962326049805,5044600
2015-06-24,58.35022262479491,58.35022262479491,57.016853684671254,57.0244255065918,4881000
2015-06-25,57.5269907826119,58.24274287661586,57.26048122500133,57.473690032958984,5506300
2015-06-26,57.7097214319591,57.785864511724746,57.08533888292944,57.23001480102539,5995500
2015-06-29,56.636108777576226,56.94830308873377,55.76806452075108,55.81375503540039,5106500
2015-06-30,56.49143019596293,56.856919402652856,56.08786653429246,56.42289733886719,7612800
2015-07-01,56.559947613288394,56.88736811859431,56.156384020332425,56.40766143798828,5147200
2015-07-02,56.54472093497031,56.61324797058578,55.95079672225552,56.20206832885742,4589500
2015-07-06,55.646237061502504,56.331536692180535,55.433034022924254,55.98888397216797,6684400
2015-07-07,56.07261053614163,56.19444409268938,54.976131764586725,55.935550689697266,7498800
2015-07-08,55.48631288211397,55.996477924399315,55.42539609246488,55.4710807800293,5623800
2015-07-09,56.202059473766695,56.49902153333531,55.6538200378418,55.6538200378418,7005500
2015-07-10,56.41525882987595,56.69699458028677,56.25535663942999,56.62846755981445,6640600
2015-07-13,56.94066683893577,57.4736800522494,56.94066683893577,57.23762893676758,5796000
2015-07-14,57.397532305252085,57.80110170128939,57.2680884773216,57.78586959838867,5486000
2015-07-15,57.76301594714526,57.991450971182346,57.671640775661636,57.83154296875,4601500
2015-07-16,58.341734197305854,58.6691547482069,58.303659743506145,58.47879409790039,4847300
2015-07-17,58.4787752084482,58.60060296443239,58.052363539143165,58.56253433227539,4656500
2015-07-20,58.714855059387176,58.74531346865757,58.41027677603075,58.63109588623047,3205100
2015-07-21,58.494029601010475,58.73769103938228,58.01432277809482,58.280826568603516,3737500
2015-07-22,58.51685327013686,58.71482994102573,58.29603425440411,58.49401092529297,4578700
2015-07-23,58.43310359147153,58.76814019500173,58.21228453999445,58.47879409790039,3647900
2015-07-24,58.14374290900235,58.341719562275536,57.79348009742337,57.87723922729492,3887300
2015-07-27,57.65641771585632,57.83916225971967,57.35945565357427,57.61073303222656,4821000
2015-07-28,58.090457748761914,59.01941866781033,57.70212038880725,58.98896026611328,4902200
2015-07-29,59.034632320755335,59.34682651427896,58.63106875105494,59.3011360168457,4981300
2015-07-30,59.12601003186874,59.70470794620205,58.935649410909306,59.605716705322266,3842600
2015-07-31,59.76561528035157,60.077809468147244,59.51434369113075,59.68947219848633,5180300
2015-08-03,59.46105176696661,59.758019735161305,59.05748810542102,59.39252471923828,4195600
2015-08-04,59.4381957163395,59.54479719446337,59.004173752736634,59.217376708984375,2854300
2015-08-05,59.77322800107143,60.08542217147319,59.59809369412871,59.902671813964844,3561900
2015-08-06,59.84938046395571,60.00167245242762,58.73005903840495,58.943267822265625,4262400
2015-08-07,59.01940530152676,59.14884912241412,58.509234450323696,58.99656295776367,3233600
2015-08-10,59.186923806549984,59.575255270775564,59.07270627792988,59.10316467285156,3383300
2015-08-11,58.70721290934119,59.11077648643148,58.570153033221374,58.92803192138672,4643800
2015-08-12,58.59299537768384,58.93564797265587,57.930544150892224,58.92803192138672,4858200
2015-08-13,58.87472937856748,59.247834548502425,58.62345197848393,58.99656295776367,2989700
2015-08-14,58.70721318870905,59.18692566208368,58.70721318870905,59.07270812988281,2158100
2015-08-17,58.889946534272916,60.001657439244795,58.75289249295891,59.95596694946289,3622500
2015-08-18,59.681855684365885,59.94074913191241,59.41535199523323,59.461036682128906,3796800
2015-08-19,59.171704866949426,59.491509370749206,58.60062290615863,58.98896026611328,3838300
2015-08-20,58.33410054826294,58.63867865874693,58.204656739344124,58.24272537231445,5062000
2015-08-21,57.74780615552317,57.89248211392538,56.55234146118164,56.55234146118164,8817900
2015-08-24,51.625798638388666,55.50915383647134,42.2905128994179,53.9938850402832,13366500
2015-08-25,55.49392996531542,55.51677812125924,53.179143957377455,53.20960235595703,8199900
2015-08-26,54.679186533514766,55.1208245976874,53.50656433347646,55.00660705566406,10681500
2015-08-27,56.194463374753845,56.24014806946323,54.7781797453058,55.98125457763672,8603200
2015-08-28,55.950796322244976,56.232526323554644,55.50154223548978,56.0117073059082,5513000
2015-08-31,56.133540716275334,56.468577267427776,54.816242665981044,55.044677734375,7463100
2015-09-01,53.811136269970824,54.108098359193,52.53952877926613,52.943092346191406,8976400
2015-09-02,53.84921395348426,54.4812126159668,53.50656134654238,54.4812126159668,9125800
2015-09-03,54.9380763223038,55.20458002954292,53.171529993732236,53.28574752807617,9501700
2015-09-04,52.432939673916415,52.92026248964894,51.694339397443194,52.524314880371094,12536800
2015-09-08,53.55988742582353,53.955840962132605,52.93550451950347,53.91015625,7393500
2015-09-09,54.18425128157334,54.36699585560789,52.874569247410996,52.9887809753418,7820900
2015-09-10,53.049700266035764,53.841601203241765,52.69943739542753,53.30859375,6230700
2015-09-11,53.14107910710334,53.42281495705354,52.7375154634895,53.22483825683594,5707900
2015-09-14,53.125841325592376,53.21721651808618,52.16642794646136,52.333946228027344,6219600
2015-09-15,52.45576088183571,53.316188610788934,52.1968732819068,53.24766159057617,6392000
2015-09-16,53.064921158996526,53.62077084146474,52.96592993191872,53.39234161376953,5159400
2015-09-17,53.47610764717325,54.70964074034889,53.39995875209495,53.91773986816406,6031100
2015-09-18,53.31618360262937,53.879655048388095,53.27049892677884,53.5522346496582,11475700
2015-09-21,53.91773701335168,54.382217363879924,53.29335444844655,53.48371505737305,5613900
2015-09-22,52.935481064184806,53.49133665601046,52.77557883322422,53.40757751464844,7009300
2015-09-23,53.41524013422467,53.683201449507166,52.92526274095177,53.047760009765625,4513300
2015-09-24,52.504176688020706,52.733850240671835,51.95295081607462,52.35105514526367,6840700
2015-09-25,52.97885558232565,53.0324466789506,50.59021717162358,50.934730529785156,8229200
2015-09-28,50.59021425982789,50.75864507980956,48.98247269212833,49.39588928222656,9965800
2015-09-29,49.77868133934521,52.06780066157725,49.72509024918207,50.812232971191406,11377700
2015-09-30,51.66967103057137,51.76154393966784,50.71268346452366,51.248600006103516,7986700
2015-10-01,51.18736526777445,52.42762359214027,50.79691259956834,52.36637496948242,10973200
2015-10-02,51.77687735033791,54.578941055955575,51.47064585898429,54.456443786621094,12348400
2015-10-05,54.83157410891887,54.86219841888885,53.92817740826906,54.257381439208984,7794100
2015-10-06,54.065991814858315,54.234416782918615,52.71089364457725,53.53007507324219,8340500
2015-10-07,53.675544122922815,54.58659858011899,53.39227356841031,54.31098556518555,5794200
2015-10-08,53.85160617255902,55.26029502898437,53.68318125279178,55.160770416259766,6663200
2015-10-09,55.19140686518443,56.46228968065518,54.93876648271566,55.58185958862305,9449500
2015-10-12,55.489986223423614,56.21729465511135,55.42108006071123,55.895748138427734,5557900
2015-10-13,56.01059215369497,56.485254426901726,55.61248190540266,55.72732162475586,5762000
2015-10-14,55.64312847573627,56.1177967797885,55.16080847072658,55.27564239501953,4607900
2015-10-15,55.46701552779517,56.232605836479664,54.90813787341018,56.2172966003418,5966000
2015-10-16,56.477615016937406,56.959940824845916,56.19435023806302,56.737918853759766,5154200
2015-10-19,56.82211599516258,57.0364803559014,56.27089001555373,56.837425231933594,5190700
2015-10-20,56.62307482573606,56.67666592912809,56.171379217287836,56.37808609008789,3805600
2015-10-21,56.653661226194,56.75318582559233,55.52824296727769,56.209617614746094,4324900
2015-10-22,56.43931190427457,56.53117899236183,55.62013060322078,55.94167709350586,5648200
2015-10-23,56.194318030432676,56.768510641422814,55.903390035964534,56.41633987426758,5619100
2015-10-26,56.34744639780384,56.62305938035158,55.60482285266081,55.70435333251953,6459200
2015-10-27,55.941688145169664,56.240267922419406,55.32921351230348,55.64310836791992,4762300
2015-10-28,55.78090823346121,56.332134169277566,55.32155523394435,56.301509857177734,4037800
2015-10-29,56.255579643830096,56.74555698448808,56.08714883779317,56.46994400024414,3833000
2015-10-30,56.50821091059423,56.92163032037418,56.309161663692166,56.59242630004883,5315800
2015-11-02,56.68431789277001,58.062377204832686,56.56947815651689,57.99347686767578,6131600
2015-11-03,57.92456203667217,58.69015229880536,57.64129153692644,58.4145393371582,5021300
2015-11-04,58.567667171486264,58.69016444244889,58.11597162704216,58.307369232177734,4221000
2015-11-05,58.18485731920077,58.51406135083059,57.870962522093095,58.315006256103516,3776300
2015-11-06,58.13891448074878,58.23843909170769,57.79439542868062,58.23078155517578,4178100
2015-11-09,58.092975029273525,58.31499686050702,57.580031061073186,58.085323333740234,4363900
2015-11-10,58.05469514107035,58.67482121510024,57.85564009174414,58.49108123779297,3832600
2015-11-11,58.58295230278688,58.75904059708691,58.02407479672606,58.23078155517578,4265300
2015-11-12,57.89394209444766,57.89394209444766,56.7991477033349,56.814456939697266,5046000
2015-11-13,56.94461836354997,57.48818690881376,56.84509370292146,57.00586700439453,4331000
2015-11-16,57.02882345674528,58.41454596019271,56.99819914186895,58.36860656738281,4400600
2015-11-17,58.26140896564631,58.93513203262824,58.0623538921299,58.6288948059082,4348600
2015-11-18,58.61359061968688,59.46339630721914,58.376259499363755,59.379180908203125,5147100
2015-11-19,59.23373550542464,59.32560262163385,57.93988576955654,57.99347686767578,6832600
2015-11-20,58.33796140828679,58.66716537434384,58.008757442229744,58.253746032714844,6229500
2015-11-23,58.368612979636566,58.75906573596554,58.100657496270195,58.61360168457031,4708900
2015-11-24,58.1619061327515,58.77437497459014,58.01644208135627,58.61360168457031,4226100
2015-11-25,58.544701349272444,58.84328115087947,58.28439756472264,58.61360168457031,4428800
2015-11-27,58.82030742527777,58.950456381685264,58.39157286153724,58.53703689575195,2403100
2015-11-30,58.60594638085068,58.7667196609812,57.66426763609639,57.6795768737793,10189900
2015-12-01,58.06235986348772,58.636552532269,57.71018906088732,58.57530975341797,5705100
2015-12-02,58.4834531333518,58.52938669054736,57.89395106570662,58.26908874511719,7931100
2015-12-03,58.713118573381514,60.183050462353485,58.49875423636353,58.69780349731445,11676300
2015-12-04,58.942811929808414,59.98401549422753,58.881569127954165,59.8232421875,8903800
2015-12-07,59.93041493841938,60.09884575918205,59.15716700718678,59.67776870727539,5385400
2015-12-08,59.409804440540256,59.88447251594389,59.26434625950565,59.77729034423828,6717000
2015-12-09,59.63182710525117,60.3132019947514,59.027010076404494,59.379180908203125,5393000
2015-12-10,59.50166823503742,59.93039685599118,59.09590638435056,59.28730392456055,4995000
2015-12-11,58.56766302343593,59.04998285146042,58.284392485141,58.68250274658203,6108100
2015-12-14,58.67484520744137,59.09592224531344,57.8709729864096,58.68250274658203,5471900
2015-12-15,59.11121963263519,59.74666091113185,58.80498237930031,59.02700424194336,6226100
2015-12-16,59.60120930025944,60.20602639514216,58.9351494147614,60.152435302734375,5204200
2015-12-17,60.09883356451672,60.4203800620052,59.61651381828399,59.63948059082031,4991600
2015-12-18,59.28732010536021,59.333253658430266,58.42219924926758,58.42219924926758,13094400
2015-12-21,58.96577279802383,59.149518708138245,58.22315498169611,58.705474853515625,3533200
2015-12-22,59.07477502823374,59.5056389292007,58.65929660798115,59.49025344848633,2953900
2015-12-23,59.782622519313236,59.99036465744854,59.55180509592759,59.74415588378906,3171400
2015-12-24,59.63645800447731,60.06732202157525,59.63645800447731,59.728782653808594,1453100
2015-12-28,59.52875309347068,59.628773438912496,59.220990508156454,59.382564544677734,2959400
2015-12-29,59.72107751095465,60.036529765303165,59.43639621842707,59.89803695678711,3280200
2015-12-30,59.898022231683775,60.05959615688504,59.52101640621415,59.65181350708008,2537700
2015-12-31,59.290191991715155,59.759528280952736,59.128618069694184,59.18247604370117,2967400
2016-01-04,58.3438633572506,58.56699105579268,57.78989194984713,58.29769515991211,6006700
2016-01-05,58.29770263598471,58.66701891164209,58.19768229074231,58.46697235107422,4456400
2016-01-06,57.55136868053435,58.697777943802336,57.53597732742453,58.6285285949707,6199000
2016-01-07,57.42056842826589,58.197667435508045,57.212832111916406,57.251304626464844,6243700
2016-01-08,57.459046730059164,57.92838327842988,56.605008477783414,56.76658248901367,7235300
2016-01-11,56.94352640508362,57.33591776879421,55.63553758247513,56.16642761230469,6595800
2016-01-12,56.835809457149544,59.043992610777025,56.68192531416236,58.813175201416016,7578700
2016-01-13,59.220970391996836,59.92112431242765,57.31284770726556,57.43595504760742,8406300
2016-01-14,57.574458939391114,58.29769415766088,57.158980390981405,57.54368209838867,8373800
2016-01-15,56.20490581327604,57.459030909470016,56.10487964094905,56.87428283691406,8823700
2016-01-19,57.243598712723156,57.805259756167,56.79734345212359,57.3820915222168,6132200
2016-01-20,56.71271004597714,57.69754521801773,55.612463218132895,57.37439727783203,9574900
2016-01-21,57.52828097517441,58.18996826917423,56.62808054150531,57.397483825683594,7603000
2016-01-22,57.9976226809367,58.436182357683904,57.94376468098816,58.41310119628906,6109100
2016-01-25,58.39771582759445,58.890133505264465,58.17458815019996,58.243831634521484,5935700
2016-01-26,58.220725709153086,58.65928520022865,57.797557565879046,58.15917205810547,5197500
2016-01-27,58.15916491888592,58.751608464856226,57.59750406474,58.08222579956055,6805000
2016-01-28,58.44386934009698,58.60544331590511,56.64346857816569,56.86659622192383,6627300
2016-01-29,57.2128338431034,58.59776222761127,57.16667152031371,58.41310119628906,9184500
2016-02-01,57.32824211310903,59.436405533053446,57.14358109276133,59.12864303588867,6518400
2016-02-02,58.497707455883315,59.23633361007298,58.413072658729185,58.86702346801758,5329700
2016-02-03,59.51333115508931,59.70568193831201,57.69753929186056,58.590049743652344,6785700
2016-02-04,58.55158943966543,58.67469678421889,57.71294266769981,58.6285285949707,5398600
2016-02-05,58.505438511882126,58.58237768216795,57.00509827593774,57.28977966308594,4667300
2016-02-08,56.574235374437166,56.89738341824531,54.90463127801257,55.881771087646484,6543400
2016-02-09,54.83536908548984,56.697329481048534,54.65071394224013,56.22799301147461,6525300
2016-02-10,56.828132789596665,57.98993350989416,56.63578194908763,57.058956146240234,4677100
2016-02-11,56.32801818448691,56.712719856996785,55.49706116304596,55.87407302856445,5578200
2016-02-12,56.15106461636085,56.543456137189864,55.61247869607268,56.474212646484375,6367900
2016-02-16,56.9281356438348,57.74370694897352,56.689622553222534,57.50518798828125,5862100
2016-02-17,57.95143059862849,58.320746601538104,57.29743925792813,58.16686248779297,6271500
2016-02-18,58.11301949854771,58.41308626011733,57.543662806092556,57.68215560913086,4359000
2016-02-19,57.66675321184681,58.228419991595715,57.435935831052866,57.997596740722656,5348600
2016-02-22,58.37463745642941,59.0132378104413,58.19767209345708,58.99785232543945,4191200
2016-02-23,58.65931522162596,59.00555028340986,58.27461351080979,58.32078170776367,3809700
2016-02-24,57.743714251594675,58.85165090139387,57.6206069182388,58.80548858642578,4696000
2016-02-25,58.997824941858404,59.78261345450077,58.71314370576065,59.7518424987793,4595400
2016-02-26,59.81338060345139,60.036508151849105,59.42098934565251,59.4671516418457,5270000
2016-02-29,59.597967330211404,60.20579652348432,59.48255568362639,59.54410934448242,8628700
2016-03-01,57.158968017833324,57.29746083732382,56.21259943963479,57.07433319091797,19393500
2016-03-02,57.28206216582031,57.874505878527486,56.79734029458004,57.38977813720703,8084200
2016-03-03,57.197429137468156,57.682156893939144,56.65884926370081,57.64368438720703,5290000
2016-03-04,57.48981120431548,58.3515390788464,57.351318385897166,58.17457962036133,5303800
2016-03-07,57.91296403352119,58.56696131127593,57.88219307769965,58.48232650756836,5256700
2016-03-08,58.27460638613262,58.38232238238516,57.936072913659565,58.04378890991211,4705900
2016-03-09,58.41308191466817,58.47463557145728,57.72061795099022,58.1284065246582,4071500
2016-03-10,58.20535822309392,59.09017315264799,57.98223057163551,58.6823844909668,3955700
2016-03-11,58.97477141186119,59.55182395821975,58.89783224636313,59.51335144042969,4635400
2016-03-14,59.13631490714094,59.951880206750864,59.09015260567744,59.65181350708008,4465600
2016-03-15,59.22097354606252,59.44410120975495,58.759332735356054,59.12864303588867,4164800
2016-03-16,59.12864409388294,59.282528280259484,58.520814765378944,58.97476577758789,3738200
2016-03-17,59.174796514768175,59.29020228619311,57.589822102933255,58.089935302734375,6614800
2016-03-18,58.213053280789936,58.97476086210143,57.79757481732521,58.6746940612793,10056700
2016-03-21,58.566981107287354,58.6670014227132,57.81296329305146,57.8668212890625,5149600
2016-03-22,57.74309190534366,58.26120850899333,57.30230516942083,57.95188903808594,8397600
2016-03-23,57.81268037437624,58.145204043365865,57.51881868091737,57.61161804199219,7755300
2016-03-24,57.240425127681654,57.40282548064832,56.81510800768552,57.20176315307617,3884800
2016-03-28,57.27909445511966,57.41055579191371,57.03937014686118,57.20949935913086,3838300
2016-03-29,56.98523870949513,58.48545670101404,56.7532432562233,58.36946487426758,5223900
2016-03-30,58.56280459889562,58.70200071975233,58.2148113468085,58.32307434082031,3431500
2016-03-31,58.323083865398075,58.42361801903462,57.866833444680864,57.998294830322266,4528000
2016-04-01,57.658011795142,58.39266009096271,57.49561734656415,58.28439712524414,4060300
2016-04-04,58.70972029212283,59.49850015220254,58.53186221575469,59.00358200073242,7715300
2016-04-05,58.377201080322266,58.7329231602127,57.71215365708227,58.377201080322266,7164700
2016-04-06,58.18388854198333,59.916108553255384,58.13749179343038,59.78464126586914,7791000
2016-04-07,59.78462015689744,59.90061788721464,58.578257921333666,58.87984848022461,4974100
2016-04-08,59.111847860714576,59.39024007198089,58.8102572818244,59.057716369628906,3579900
2016-04-11,59.05770125961788,59.28969077639155,58.45451435627387,58.50865173339844,3927400
2016-04-12,58.61691206295758,59.367017956812816,58.578244195282615,59.25102615356445,3813200
2016-04-13,59.54487389302748,59.86193384570257,59.41341260040548,59.807796478271484,3723400
2016-04-14,59.931556213016,60.15581693779991,59.560364623745,59.83102798461914,3620600
2016-04-15,59.761415166667135,60.047542083082405,59.15823411574375,59.62221908569336,4233500
2016-04-18,59.599033474076975,60.14808316097987,59.41344062636521,60.03208541870117,3519000
2016-04-19,60.20993553276548,60.403263092041016,60.04754109096069,60.403263092041016,3653900
2016-04-20,60.49607927631192,61.1765903503408,60.27954739377085,60.84406661987305,4443400
2016-04-21,60.76672428481246,61.091513192139004,60.356870773201926,60.72032165527344,4213400
2016-04-22,60.820867108553855,61.33124892952196,60.51927650982488,61.08378982543945,3652100
2016-04-25,60.9214188643434,61.6715312225694,60.84408897068863,61.39313888549805,4650300
2016-04-26,61.51683752927367,61.74882708237325,60.75125607434353,60.8749885559082,4979400
2016-04-27,61.06832844043668,61.62511291990667,60.82860408395568,61.43951416015625,7863900
2016-04-28,61.068330170627,62.437087138194876,60.98326554497066,61.69470977783203,7246100
2016-04-29,61.408593369532376,61.61738462127129,60.913669191549886,61.2075309753418,7610100
2016-05-02,61.02190727211947,61.87254726416298,60.929107929393744,61.362159729003906,5582100
2016-05-03,61.22301506491949,61.71020464839142,61.09928840396485,61.43181228637695,3713600
2016-05-04,61.02193637287441,61.41632049278799,60.80540446991914,60.952335357666016,5153900
2016-05-05,61.199791498891514,61.79524387810936,61.168858371409605,61.47818374633789,5922900
2016-05-06,61.38537655627294,61.764302894812495,60.97552299407591,61.66376876831055,4054900
2016-05-09,61.73339318181281,62.41390445825166,61.73339318181281,62.12004852294922,4005200
2016-05-10,62.46802007775519,62.81601333618164,62.181898974036336,62.81601333618164,3766800
2016-05-11,62.8314570840682,63.07118137082449,62.607196406181465,62.72319412231445,3865700
2016-05-12,62.76961589305392,63.15627116784157,62.49895838068081,62.90107727050781,4720100
2016-05-13,62.63813628191649,63.02479144415054,62.290148995861664,62.413875579833984,4302900
2016-05-16,62.375217050328764,63.41145011043011,62.36748229468759,63.326385498046875,4268800
2016-05-17,63.02480084362356,63.27225994836365,62.23602679098031,62.491214752197266,4481900
2016-05-18,62.35974476680747,62.80053142052065,61.9266928683916,62.32881164550781,5374900
2016-05-19,62.19733837362219,62.38293116592831,61.58642261989735,61.86481475830078,5106400
2016-05-20,62.205099786688415,62.57628553037981,62.00403740058581,62.26696014404297,5196000
2016-05-23,62.30561202099206,62.382941872734385,62.05041820034183,62.09682083129883,3279900
2016-05-24,62.51439628208593,63.14851633580489,62.228275272361756,62.591732025146484,4869100
2016-05-25,62.70000457763672,62.99386038659984,62.591741600656114,62.70000457763672,4487200
2016-05-26,62.64585574003377,62.947446220941686,62.560791153122494,62.77731704711914,4011500
2016-05-27,62.63814774669029,63.17173385620117,62.614949376692536,63.17173385620117,5326600
2016-05-31,62.93973233805366,62.970665461723,61.68696737895043,62.23602294921875,9514700
2016-06-01,61.949905900468686,62.483492044402475,61.77977664298887,62.26696014404297,5327100
2016-06-02,62.259218460907455,64.40902030824105,62.143220727441225,64.1770248413086,8854500
2016-06-03,64.17702104543302,64.34715025780223,63.68210291848048,64.13835906982422,5343800
2016-06-06,63.95274318279633,64.5172621541546,63.94501432968262,64.43219757080078,5424400
2016-06-07,64.43994845766026,65.05859315525636,64.37034746299571,64.74153900146484,5738000
2016-06-08,64.74152055127381,65.62309356652973,64.6332576125503,65.56896209716797,6077100
2016-06-09,65.34472033972774,66.40415757452138,65.32152197471369,66.33455657958984,7088800
2016-06-10,66.11805295529994,66.3964452292083,65.97885681834576,66.27271270751953,4211100
2016-06-13,66.05618669445556,66.74443262164807,66.05618669445556,66.27271270751953,5395500
2016-06-14,66.07937266151802,66.23403828459196,65.80098043987519,66.11030578613281,3786400
2016-06-15,66.4041536375882,66.44281561035633,65.07405905667291,65.13592529296875,6250000
2016-06-16,65.1359355918442,65.53805439156952,64.64101152311235,65.41432189941406,4013800
2016-06-17,65.40660372394277,65.4220673380423,64.54049383709571,65.06634521484375,5518200
2016-06-20,65.73138678852985,65.99430950373657,65.22873382722771,65.321533203125,4919800
2016-06-21,65.60764949348949,65.71591837407048,64.90394011899771,65.41432189941406,4925000
2016-06-22,65.38340228373474,65.83965262689107,65.13594317052151,65.15914154052734,5578000
2016-06-23,65.80872660931631,66.32684326171875,65.46073922185586,66.32684326171875,5672500
2016-06-24,64.78021784644476,65.58446147266125,64.22343924357877,64.38583374023438,7485200
2016-06-27,62.846932012689074,63.914104113460844,62.266949227448755,63.70530700683594,6733300
2016-06-28,64.05331034443287,65.1823429702085,63.99917884524812,65.06634521484375,6024200
2016-06-29,65.22097855018735,66.29588514148492,65.22097855018735,66.07935333251953,5121200
2016-06-30,66.3113693897636,67.20841232074451,66.28043626456869,67.10014343261719,6355600
2016-07-01,67.1774514287669,67.57183533723588,66.93772128256786,67.30117797851562,4243500
2016-07-05,67.13880168003848,68.04357333757065,67.11560331444375,67.31666564941406,5601100
2016-07-06,67.20010502861946,68.03942774694272,67.11461812605808,67.96170806884766,5075900
2016-07-07,67.74411028619505,68.46685944947848,67.71302359937671,67.9927978515625,4697500
2016-07-08,68.28809811187199,68.82432699484163,68.01609116536532,68.66889953613281,4398400
2016-07-11,68.66893358572489,69.09636820288443,68.56013312484436,68.78550720214844,3680800
2016-07-12,68.95644877724666,69.3605637386505,68.77770185849377,69.1041030883789,4276700
2016-07-13,69.10411407958297,69.34503439354094,68.74662611439535,68.97200012207031,5534300
2016-07-14,69.31396925455779,69.35282317398485,68.90208094771229,69.03419494628906,3675200
2016-07-15,69.36056180698876,69.37610218118864,68.45129872226948,68.66889953613281,4743400
2016-07-18,68.72332603626818,68.92538655324915,68.39692469057718,68.53681182861328,3276800
2016-07-19,68.44354907847922,68.83989694224866,68.39692201068735,68.68446350097656,2989800
2016-07-20,68.28033772194102,69.17406059949934,68.28033772194102,68.97200012207031,2988800
2016-07-21,68.71553472543884,68.90205481299074,68.26478674095569,68.3425064086914,3871600
2016-07-22,68.25703420338486,68.25703420338486,67.02913671078139,67.68971252441406,8867100
2016-07-25,67.76741316122153,67.82181337230328,67.13792415739296,67.54981231689453,3299200
2016-07-26,67.27780885143449,68.66113353725497,67.26226847561567,68.58341979980469,4561900
2016-07-27,68.49794664126537,68.62229338945541,67.53428305950973,67.98503112792969,4742700
2016-07-28,67.93838500976562,68.52902009122245,67.5808970715407,67.93838500976562,2941200
2016-07-29,67.69747797858976,68.529027516759,67.67416444757603,68.10159301757812,3416600
2016-08-01,67.9306030868602,68.5911786108375,67.72076951752183,68.43574523925781,4328600
2016-08-02,68.38134547293137,68.54454606723706,67.68968327027427,68.10934448242188,3197200
2016-08-03,68.05497306391266,68.09383290578032,67.19233675122958,67.35553741455078,3966400
2016-08-04,67.27780058199912,67.57311511968288,66.95917251886364,67.42546081542969,3560900
2016-08-05,67.47989120369644,67.7208056467022,67.40994466687475,67.68194580078125,3030600
2016-08-08,67.83737044875677,67.92285735534107,67.28559509755407,67.5809097290039,2871400
2016-08-09,67.72856512575467,68.44354108456157,67.58867800953777,68.18708038330078,3226100
2016-08-10,68.15599233171604,68.15599233171604,67.60421703136565,67.83736419677734,2869700
2016-08-11,67.86064661728932,68.3424811046301,67.69744604799067,68.23368072509766,2919600
2016-08-12,68.16376067931787,68.31919408836018,67.86844609590493,68.03164672851562,2418800
2016-08-15,67.94615674345827,68.52124550779551,67.75186943788155,68.3191909790039,3164900
2016-08-16,67.99277398482985,68.25700776544512,67.81403300983989,67.8218002319336,2593400
2016-08-17,67.82181311706654,68.17153384057166,67.12238352841291,67.7130126953125,4448200
2016-08-18,67.61198282772972,67.7907297589862,67.13014817192455,67.67415618896484,4132000
2016-08-19,67.43324040972648,67.86067488535328,67.17678565352887,67.64307403564453,5405000
2016-08-22,67.74409842420839,68.17930603428105,67.61198447524802,67.86067199707031,4130300
2016-08-23,68.21813442563531,68.89425615202343,68.09379367581653,68.23368072509766,3389800
2016-08-24,68.08606676034432,68.29589451216283,67.27005743055896,67.34000396728516,5287200
2016-08-25,66.82705952366132,67.08352018832777,65.49813507381425,66.36077117919922,7285300
2016-08-26,66.53952162007508,67.4954118872995,66.52397531457159,67.3011245727539,6181600
2016-08-29,67.43323232688026,68.12490055794586,67.22340465529155,67.96946716308594,3740200
2016-08-30,67.96947627570553,68.10159023216558,67.38661430748685,67.49541473388672,3088500
2016-08-31,67.51870325812762,67.92282406009815,66.86590094149634,67.6352767944336,5500700
2016-09-01,67.68193177645362,67.77519182983151,67.08352940585385,67.59645080566406,3116800
2016-09-02,67.78295825822177,68.28033330186635,67.7518715768467,67.86067199707031,3325300
2016-09-06,68.0005631678346,68.09382321754049,67.32444114811871,67.74410247802734,4149600
2016-09-07,67.52648947023026,67.68969008095658,66.82705404627636,66.95140075683594,4756500
2016-09-08,66.65609593771126,67.3244448409838,66.65609593771126,67.03690338134766,4187500
2016-09-09,66.76490104478735,66.76490104478735,65.94111873229501,65.9566650390625,5648000
2016-09-12,65.6302387172049,67.13013670809052,65.5836116688301,66.99024963378906,4529800
2016-09-13,66.52397709215126,66.84261114252578,65.79346080178107,65.93334197998047,5105500
2016-09-14,65.87893105624356,66.29859231014363,65.57584336106753,65.80899047851562,4111500
2016-09-15,65.79344568718214,66.83482263573393,65.57583895855704,66.57059478759766,4702900
2016-09-16,66.64834871609456,66.90480356775836,66.48514801806098,66.84263610839844,7782000
2016-09-19,66.85039330785986,67.43325539734515,66.78045270312792,66.82707977294922,4008500
2016-09-20,67.2078764478429,67.52650458892977,67.00581596253245,67.11461639404297,3874800
2016-09-21,67.17677736182027,67.89175318809254,66.91254355608972,67.72077941894531,3492500
2016-09-22,68.01611275747584,68.42800691924961,67.92285862431747,68.24925994873047,4351100
2016-09-23,68.08605120880814,68.38913896397328,67.94616409648741,68.16376495361328,3509100
2016-09-26,67.82959856451669,67.96948569343883,67.06022232003461,67.27005004882812,3729600
2016-09-27,67.29347477089033,67.77770903276605,66.95763199630898,67.6917953491211,3722700
2016-09-28,67.60586687622158,67.86360787077383,67.29346004997694,67.74645233154297,3208100
2016-09-29,67.84017645306149,68.30879264083403,66.43432193096578,66.69987487792969,4126000
2016-09-30,66.69988220322624,67.69959843594204,66.69988220322624,67.48091125488281,5001000
2016-10-03,67.16849030892911,67.51214495685353,66.94199119632238,67.47309112548828,3205300
2016-10-04,67.56683792132793,67.65275161023487,67.03573782571223,67.25442504882812,4092700
2016-10-05,67.26223128972957,67.65274585745233,67.19974752878686,67.40281677246094,2656400
2016-10-06,67.30909489947912,67.3715786639201,66.87952646742208,67.12945556640625,3057300
2016-10-07,67.34032967061107,67.55901686428153,66.84827752607337,67.13726043701172,3182400
2016-10-10,67.30908148994374,67.75426779502968,67.13725415135292,67.30126953125,2815900
2016-10-11,67.13724707613598,67.16067699096948,64.25524837605705,64.98160552978516,9865200
2016-10-12,65.15345995816351,65.63770024838233,64.98163256618972,65.35652923583984,3861400
2016-10-13,65.11439356562158,65.48928416995321,64.71606708458785,65.0675277709961,4941300
2016-10-14,65.16124930058868,65.43460825712239,64.59109551229406,64.59890747070312,4042200
2016-10-17,64.45833636525622,64.65359365750953,64.35680471844519,64.48957824707031,3986800
2016-10-18,64.89570337422938,65.49709910253472,64.5911025098385,65.2549819946289,3510300
2016-10-19,65.42679555452348,65.62986475940087,65.1768665172814,65.34869384765625,3485800
2016-10-20,65.3408824943874,65.84854652681787,65.06751760458295,65.6220474243164,4438600
2016-10-21,65.0753378499196,65.62986774027512,64.98942418083003,65.53614807128906,4415000
2016-10-24,65.91102625475358,66.1062834734153,65.05189568439742,65.05970764160156,3777300
2016-10-25,65.09095227483978,65.16124798154166,64.2708754218393,64.41146087646484,3866600
2016-10-26,63.958491403099586,63.96630336486387,63.036876554684035,63.35710144042969,4626400
2016-10-27,63.49767053276802,63.80227141619125,63.130585888955565,63.364891052246094,3307400
2016-10-28,63.294615234146214,64.30214374694951,63.193083570231714,63.98973083496094,5281300
2016-10-31,63.22431180579506,64.13812050496182,63.16963999975773,64.06001281738281,6285400
2016-11-01,64.06000516027059,64.35680003652294,62.83378969247753,63.20087432861328,5663700
2016-11-02,63.294589363748216,63.87254914149014,63.21648765736875,63.33363723754883,4612500
2016-11-03,63.56798298312512,63.79448222629476,63.4117794851785,63.731998443603516,5501800
2016-11-04,63.80226398700903,64.84102807832336,63.76321015161839,64.15372467041016,5584500
2016-11-07,65.044102375956,65.73921779698578,64.80198526220694,65.56739044189453,4519200
2016-11-08,65.48928382792654,66.45775816930042,65.21592485561682,65.87198638916016,4793100
2016-11-09,64.56768225773918,65.66112432481854,63.77103509900957,64.71607971191406,9800300
2016-11-10,65.28621909816452,65.28621909816452,64.31774469019739,64.60672760009766,6401700
2016-11-11,64.18495845981626,64.52080114201296,63.83349782069833,64.09904479980469,5199200
2016-11-14,64.21622639692698,64.21622639692698,59.662824403261766,61.50605392456055,12327800
2016-11-15,62.01370392517386,62.94312438520414,61.927790258286755,62.69319534301758,6879000
2016-11-16,62.67759008703113,63.30241579851337,62.28707550704963,63.17744827270508,4281900
2016-11-17,63.34147476958951,63.89600485518387,63.27118499310236,63.88819885253906,3792600
2016-11-18,63.817880885002076,63.97409026518919,63.12276552981048,63.20867919921875,4674200
2016-11-21,63.43518760940651,63.80227225806265,62.88065763588874,62.93532943725586,7387500
2016-11-22,57.9914234226978,58.85836639097188,56.25753748614964,57.4837532043457,31140100
2016-11-23,57.21818796059636,59.436307528306116,57.163516167273336,59.186378479003906,14394400
2016-11-25,59.67842431043085,59.70185422528324,58.63965438760344,58.98330307006836,3046000
2016-11-28,58.928639404804606,59.05360691294592,57.70242403536707,57.78833770751953,7525100
2016-11-29,58.108558313393495,58.35067539459125,56.83547724025561,57.34314727783203,6761000
2016-11-30,57.56965192440242,57.78053310981478,56.50745191453419,57.02293395996094,11613700
2016-12-01,57.02292448558107,57.202557804574745,55.48429652286647,56.140357971191406,9619200
2016-12-02,56.66365394024779,56.73394368706539,56.070070256860625,56.24189758300781,6521600
2016-12-05,56.67146809562847,56.749575770593275,55.867009097234444,55.97635269165039,8078200
2016-12-06,56.28095729883637,56.56994022259935,55.906066652701064,56.320011138916016,6504700
2016-12-07,56.15600046072013,56.46841333130205,55.49212683497096,56.40592956542969,7482100
2016-12-08,56.31999919790266,56.390288944607875,55.781087304716905,56.28875732421875,9466300
2016-12-09,56.42934058470807,57.3353370100185,56.28875513797983,57.28847122192383,7160400
2016-12-12,57.29629357214676,57.86644146150745,57.25723973478059,57.56965255737305,6144800
2016-12-13,57.73365856927145,58.03825938315034,57.06978515335022,57.30409622192383,6630700
2016-12-14,57.39783837561921,57.64776749927786,56.890168167280606,57.249446868896484,5439400
2016-12-15,57.27286622818155,57.78053634287137,56.960453391543254,57.35877990722656,6240300
2016-12-16,57.50716314838505,57.999215232204676,57.265046065095,57.3743896484375,9969700
2016-12-19,57.42126969607298,57.624338976102024,57.02294905600664,57.093238830566406,4585100
2016-12-20,57.07761701479855,57.30411620439458,56.48403313719446,56.5777587890625,6851500
2016-12-21,56.66417356289769,56.82130974364724,55.957048760802586,56.239898681640625,7624000
2016-12-22,56.177032187772014,56.624876819984046,55.88632370939016,56.365596771240234,5846700
2016-12-23,56.38131251343391,56.75844167053896,56.20060054631617,56.53059005737305,3125000
2016-12-27,56.59344958542559,56.797731385206646,56.326316919401265,56.38916778564453,3256500
2016-12-28,56.46773890188282,56.954864560152686,56.349883793012424,56.42059326171875,5581700
2016-12-29,56.357752956361175,56.55417617648819,56.043474605285766,56.20846939086914,3893500
2016-12-30,56.40488702174908,56.569881790982876,55.84704585118903,55.964900970458984,5630500
2017-01-03,55.194929448360526,55.80776898705232,54.48780459819251,55.477779388427734,11125400
2017-01-04,55.70562772505897,56.30275600658165,55.64277085450687,55.99633026123047,7806800
2017-01-05,56.16133639740057,56.184906227513615,55.462064135997245,55.650634765625,6217200
2017-01-06,55.894193295966836,57.26129728481302,55.870623467697946,57.25344467163086,8985600
2017-01-09,57.59130112078758,58.22771055273721,57.51272702281082,57.99985885620117,9672000
2017-01-10,58.35341352923889,59.139106489609944,58.2355643806725,58.84840393066406,7681700
2017-01-11,59.02125954036237,59.02125954036237,57.65414942243356,58.48698806762695,7475400
2017-01-12,58.18842475459785,59.107690169173075,57.93700322100893,59.013404846191406,6462600
2017-01-13,58.92696736581958,59.16267763302729,58.65983465772119,58.997676849365234,5455800
2017-01-17,58.97410359566722,59.673369754905174,58.43197960355962,59.571231842041016,7084400
2017-01-18,59.92479512806762,59.92479512806762,59.0919625683358,59.4533805847168,5833000
2017-01-19,59.162681579589844,59.49267118020437,58.87983163781696,59.162681579589844,6753700
2017-01-20,59.327665330159135,59.46123166824149,58.70696729544888,58.91910171508789,8898600
2017-01-23,58.706980544216755,59.03697015784175,58.42413059129198,58.74626159667969,4523400
2017-01-24,58.64413041742102,58.71484591097296,57.81915029403539,58.007720947265625,6430300
2017-01-25,58.1334215180319,58.620553320302704,57.819143129288214,58.526268005371094,6171200
2017-01-26,58.52625451930285,58.59696998779718,58.0548400419951,58.17269515991211,3699400
2017-01-27,58.56556046547584,59.10769058631256,58.510562191938945,58.887691497802734,4903000
2017-01-30,58.67554888490553,58.87983072732959,58.392698947506496,58.66769027709961,4372100
2017-01-31,58.60483334061417,59.89337527314175,58.35341184034666,59.72837448120117,7828200
2017-02-01,59.14696944045748,59.74409781260444,59.107688386171695,59.712669372558594,5618300
2017-02-02,59.382678049788694,59.940519357375976,59.2726815099468,59.649810791015625,5357300
2017-02-03,59.81480256190093,60.10551111349189,59.45338452158763,59.97979736328125,4985900
2017-02-06,59.96408937658789,59.97980059903103,59.33553258034878,59.696956634521484,3817600
2017-02-07,59.61052257546986,59.8383742361544,59.33552526454502,59.80694580078125,3898500
2017-02-08,59.7676568906871,59.82265515228156,59.335523410758505,59.398380279541016,3668200
2017-02-09,59.39840983937284,59.61840299523108,59.27270203360981,59.48483657836914,4367500
2017-02-10,59.594806542393194,59.916943515585324,59.48481001358643,59.83051681518555,3427100
2017-02-13,59.92478056299497,60.44334063069458,59.830501273856626,60.435482025146484,4081600
2017-02-14,60.49835257564587,60.73406284056812,60.07407769540243,60.53763961791992,3781600
2017-02-15,60.2154997092713,61.197615774459514,60.160501449395184,61.04833221435547,4244300
2017-02-16,61.06405345019446,61.28404650418863,60.624067342206104,61.276187896728516,4152500
2017-02-17,61.17405585108102,62.05403414591376,61.126916190516276,61.975460052490234,9954600
2017-02-21,62.85545441114635,63.62543636520272,62.69831817286378,63.295440673828125,7313100
2017-02-22,63.05186539983459,63.22471882482615,62.258313764356096,62.556880950927734,5508000
2017-02-23,63.051848441516114,63.586119795810546,62.81613819913074,63.43683624267578,4552700
2017-02-24,63.27971547430716,63.680420586116156,63.2011473725153,63.664703369140625,4489100
2017-02-27,63.66470668675528,63.76685061933323,63.3661454866432,63.4447135925293,3588800
2017-02-28,63.25612954587936,63.74325524964302,63.21684250780017,63.57040786743164,3749300
2017-03-01,63.8846832830567,64.64680630149785,63.609691986289455,64.4818115234375,4996000
2017-03-02,64.34825870708919,64.79610348293966,64.02612169574942,64.4189682006836,4068800
2017-03-03,64.12824602160089,64.42680711612059,63.90824701081992,64.31681060791016,2775500
2017-03-06,63.97113671935652,64.31684363373945,63.861140154664355,64.06542205810547,2681800
2017-03-07,63.78255658833507,64.20683151840278,63.71969971105946,63.95541000366211,2594900
2017-03-08,63.95541003308381,64.74110301630508,63.85326610887353,64.59967803955078,4018600
2017-03-09,64.54468046342417,65.11823299049054,64.34039860717228,65.04752349853516,3478800
2017-03-10,65.21251382391333,65.3617974002601,64.8825242287523,65.24394226074219,4033900
2017-03-13,65.20465146439429,65.36179363949704,64.77252397017409,65.12608337402344,3134200
2017-03-14,64.9453907259756,65.99821654112343,64.536826981021,64.83538818359375,3591800
2017-03-15,64.89823068672023,65.56606843582327,64.87466085941885,65.4482192993164,3267100
2017-03-16,65.40107490249888,65.58178690587084,64.12039764159692,64.29325103759766,6347400
2017-03-17,64.2775558897971,64.70183091808433,64.19112916212582,64.60755157470703,11360900
2017-03-20,64.55253987873357,64.61539076313679,63.86112620104124,63.97112274169922,4423800
2017-03-21,64.26969556950293,64.34826367768639,63.42114561465181,63.73542404174805,5343900
2017-03-22,63.74330021025984,64.13034566796247,63.47474395925464,63.98026657104492,4419800
2017-03-23,63.77490218283022,64.25672940955714,63.72751131669494,63.86968994140625,4194800
2017-03-24,63.861783390652384,64.35151105733262,63.861783390652384,63.98026657104492,3010300
2017-03-27,63.7433130703601,64.10666317055043,63.498452200772185,64.00397491455078,5272200
2017-03-28,63.9170733224167,64.01976155542494,63.68011299318449,63.77489471435547,7442300
2017-03-29,63.84602800514494,64.24096816695881,63.545869625328876,64.09088897705078,5686700
2017-03-30,64.0118703694981,64.15404899821495,63.58533448334754,63.972373962402344,2420700
2017-03-31,63.78280005227688,64.06715729003231,63.62482648743729,63.632720947265625,3790000
2017-04-03,63.86179627465642,64.10666317055043,63.356273560877824,64.00397491455078,3250100
2017-04-04,63.98026691523868,64.03555826287867,63.56953205081378,63.68011474609375,3097800
2017-04-05,63.91707765930948,64.05135579094923,63.356263674544785,63.37995910644531,3620600
2017-04-06,63.727510288989386,63.727510288989386,63.04821309591289,63.364166259765625,3930300
2017-04-07,63.38786680683792,63.703819996183014,63.30097952911037,63.4826545715332,2515200
2017-04-10,63.427371978759766,63.672232871837934,63.28519332522577,63.427371978759766,2666900
2017-04-11,63.27727249243124,63.46684196075781,63.02451119256089,63.308868408203125,2642700
2017-04-12,63.0087206482825,63.31677937146014,62.91393891158699,63.26938247680664,3551400
2017-04-13,63.19040654916897,63.585346590101274,63.095618769874775,63.198307037353516,3440900
2017-04-17,63.32467901772762,63.51425455925473,63.11931455386593,63.47475814819336,2695300
2017-04-18,63.72751804091461,63.72751804091461,63.285187173498116,63.4510612487793,4543000
2017-04-19,63.78282115528905,63.78282115528905,63.403676037403805,63.443172454833984,3781700
2017-04-20,63.31676832677809,64.16983393976162,63.11929837470051,63.99605941772461,5323900
2017-04-21,63.97236485582611,64.03555668766161,63.41945139302744,63.56953048706055,3582300
2017-04-24,64.26462177230545,64.40680037904391,63.66431142982026,63.70380783081055,4153900
2017-04-25,63.79070177294423,64.93602520595961,63.782801286657794,64.58058166503906,4351000
2017-04-26,64.9597088154708,65.53632368332714,64.82543070456735,64.88072204589844,4445200
2017-04-27,64.94393208765179,65.95497748488782,64.86494529592508,65.6627197265625,4878100
2017-04-28,65.59162839473035,65.6469197473319,65.29147619865121,65.63111877441406,3915400
2017-05-01,65.56792994682027,66.39730019770897,65.56792994682027,66.14453887939453,4325900
2017-05-02,66.07345508932957,66.9739176966195,66.07345508932957,66.94232177734375,5266100
2017-05-03,66.91072532504364,66.91072532504364,66.27882502347872,66.4209976196289,3226100
2017-05-04,66.42887399236169,66.6737407693354,66.22350360640723,66.27880096435547,3669600
2017-05-05,66.46839774631164,66.51578861400152,66.18404048756098,66.34991455078125,4030100
2017-05-08,66.33411563511811,66.33411563511811,65.63901747695479,65.7969970703125,3913000
2017-05-09,65.82067304727737,66.16821599732599,65.71009037776597,65.82856750488281,3819900
2017-05-10,65.74959362981188,65.74959362981188,65.22827608942332,65.47313690185547,4942600
2017-05-11,65.12559528740623,65.57582658895946,64.92812531257927,65.56793212890625,3801000
2017-05-12,65.45733914854756,66.25511338266097,65.40994226414257,65.89176940917969,3013400
2017-05-15,65.88389360005336,66.54738990649412,65.66272213826696,66.46050262451172,3532100
2017-05-16,66.42099027291252,66.61056576608819,65.92336816251195,66.3025131225586,4635300
2017-05-17,66.30251091736856,66.30251091736856,65.23616838921174,65.29146575927734,5861800
2017-05-18,64.44628341724989,65.48102994761533,64.37519713512538,65.08609008789062,5225600
2017-05-19,65.12559546292742,65.96287225633792,64.95182694670791,65.74170684814453,4780400
2017-05-22,65.76540155112825,66.62636774151275,65.76540155112825,66.34201049804688,3912400
2017-05-23,66.42890088150135,67.07660218279331,66.30252322643018,66.83174133300781,4385600
2017-05-24,66.98179429684458,67.29774132432237,66.42097446257402,66.90280151367188,6645300
2017-05-25,67.30566554637974,67.92967139044865,66.23932888679076,67.5979232788086,7210600
2017-05-26,67.59792194710427,67.78749143197751,66.8238370088885,67.21087646484375,4796900
2017-05-30,67.2266752870316,67.40044982023446,66.74484809089822,67.02920532226562,4131600
2017-05-31,67.13186635108407,67.45571988373506,66.17611274636043,66.57105255126953,7439900
2017-06-01,66.83174204292894,67.99286651611328,66.64217254515567,67.99286651611328,7535300
2017-06-02,68.02447253062378,68.49839935853353,67.56634065224485,67.78750610351562,6162500
2017-06-05,67.6058252175964,67.94547385317367,67.46365260514207,67.89018249511719,3243900
2017-06-06,67.83488448256719,68.36410860211296,67.67691091113308,67.92967224121094,3627100
2017-06-07,68.2219167587649,68.2930030442451,67.80327542559918,67.91386413574219,3291800
2017-06-08,67.91388199351137,68.19823323650579,67.64531967192514,67.88228607177734,4159700
2017-06-09,67.81118070354103,68.43518647862483,67.73219392754535,68.33250427246094,4715100
2017-06-12,68.4115109821211,69.63582745886036,68.34831913238992,69.2171859741211,8823600
2017-06-13,69.17767588778807,69.66739751797876,68.81433189476425,68.87751770019531,4459300
2017-06-14,69.16189411318403,69.50944325789155,68.99602002856629,69.23298645019531,3509200
2017-06-15,68.98019822828569,69.49362125775676,68.83011915125307,69.24085998535156,2979900
2017-06-16,69.50942474470372,69.78588147876829,69.13818026197211,69.57261657714844,5436800
2017-06-19,69.57260210626964,70.35458128463304,69.54100619661914,70.29138946533203,3806600
2017-06-20,70.08605633048994,70.71005623872713,69.95177214804687,70.15714263916016,3535000
2017-06-21,70.2756320252878,70.40991019323049,69.9596787864822,70.13345336914062,3549400
2017-06-22,70.27561012201745,70.76533176453987,70.07023967685697,70.37039184570312,3549400
2017-06-23,70.6468585305213,70.69424939499412,70.21242218516963,70.45728302001953,6707100
2017-06-26,70.47306935430544,70.868009213026,70.28349990948469,70.41777801513672,3491400
2017-06-27,70.41781068143499,70.63897614070687,70.13345336914062,70.13345336914062,3149600
2017-06-28,70.40200122232099,70.78114626846606,70.25192812235834,70.53628540039062,3339400
2017-06-29,70.59947728581957,70.60737777375101,69.60423275349532,70.07025909423828,2888000
2017-06-30,70.10185241699219,70.43360058211682,69.95967377103786,70.10185241699219,3827900
2017-07-03,70.14134412562338,70.45729129428628,70.10184771638754,70.14923858642578,2006700
2017-07-05,70.28422405687805,70.74474123032103,70.09366752422966,70.58594512939453,2892100
2017-07-06,70.42713572430972,70.64945872348743,69.2837905883789,69.2837905883789,3884900
2017-07-07,69.59341818718184,69.9507122574247,69.39492013534029,69.83955383300781,2918100
2017-07-10,69.76016761385694,69.87132605706053,69.11703575565322,69.23612976074219,3062100
2017-07-11,69.11705288225737,69.40289068066066,68.82327346232002,69.2837905883789,2792900
2017-07-12,69.67283663520493,70.06983285534855,69.39494049264071,69.72047424316406,2128400
2017-07-13,69.8157555167639,69.87133474527674,69.31554246014831,69.72047424316406,2306300
2017-07-14,69.72049272230035,70.52242699569075,69.60139867083713,70.32392883300781,2257800
2017-07-17,70.32391655385047,70.49859587574026,68.15631433045395,68.33099365234375,9555300
2017-07-18,68.28335331846675,68.62477032736636,68.10867400353924,68.16425323486328,5505700
2017-07-19,68.26747398121755,68.39450962408807,67.8545945121045,68.00545501708984,4597000
2017-07-20,68.21189433677871,68.35480716250822,67.89429614501148,68.02133178710938,4381500
2017-07-21,68.02134782032893,68.24366478966353,67.44173658708989,67.62435150146484,3523200
2017-07-24,67.65610281765785,67.73550085919567,67.25910655228654,67.56082153320312,4096000
2017-07-25,67.80695293681556,68.29128879089635,67.51317356473466,68.22776794433594,5256300
2017-07-26,68.14042514049501,68.5056609047885,67.79900817813878,68.076904296875,3331600
2017-07-27,68.17218652327303,68.17218652327303,66.95737914590119,67.23527526855469,5244900
2017-07-28,67.14793793850804,67.33849442094773,66.83033976265432,66.92562103271484,4550800
2017-07-31,67.09238499757771,67.23530392982073,66.63186776505201,66.67156982421875,5452200
2017-08-01,66.78272119605572,66.99709654270808,66.29044358025124,66.31426239013672,5356100
2017-08-02,66.31421209658343,66.38567452972491,65.8854617284485,66.06013488769531,4909500
2017-08-03,65.8696185883709,66.29043365382239,65.766401741762,66.13163757324219,5944300
2017-08-04,66.33011811183,66.66359342721891,66.08398243490208,66.44127655029297,3414700
2017-08-07,66.51275064348643,67.13206989668717,66.45717140947019,66.98915100097656,3647600
2017-08-08,66.92563011873817,67.11618662704838,66.43335257644779,66.56039428710938,3825300
2017-08-09,66.49687408381374,66.71124940055451,66.30631757363503,66.65567016601562,3519300
2017-08-10,66.36191568765368,66.58423268905676,65.91727562716352,65.93315887451172,3495800
2017-08-11,66.15543900384188,66.88591047494401,65.97281810722605,66.46509552001953,4302200
2017-08-14,66.73506710899304,67.54493673367428,66.73506710899304,67.06854248046875,3346800
2017-08-15,67.15589805340126,67.49731512637553,67.02885632500013,67.16383361816406,2766000
2017-08-16,67.35438913945968,67.42584556092109,67.12413057416896,67.17176818847656,4376200
2017-08-17,67.07649534318573,67.37026871876398,66.40953843076942,66.43335723876953,3789000
2017-08-18,66.15545098134109,66.54450558739363,65.9966549137185,66.22691345214844,4441000
2017-08-21,66.16340790830101,66.7112587087162,65.85375126442365,66.31426239013672,4691500
2017-08-22,64.67860898019492,65.22646557981034,64.31337326634471,64.91680908203125,9382100
2017-08-23,64.56746790843847,64.76596602744593,63.08269979749722,63.320899963378906,8667500
2017-08-24,63.273250959629806,63.59878466618845,62.81273395261438,62.915950775146484,7365000
2017-08-25,63.0588632080663,63.4002801187772,62.74920671436109,62.77302551269531,4231200
2017-08-28,63.17798191598996,63.41618208504099,63.04300464711262,63.1938591003418,4900800
2017-08-29,63.011228028527476,63.43998458803119,62.74126750246349,63.29706573486328,4130900
2017-08-30,63.28118814364853,63.45586743062752,62.99535041180671,63.40822982788086,3725800
2017-08-31,63.519395477913605,64.09107100644388,63.360599412291464,64.01167297363281,5661900
2017-09-01,64.07520291294703,64.11490496757912,63.42412919768885,63.559112548828125,3133400
2017-09-05,63.42412916601915,63.83700872632776,63.17799338893561,63.37649154663086,3255800
2017-09-06,63.455890913523554,63.58293264476977,63.01125696952814,63.416194915771484,3784000
2017-09-07,63.45586793549771,63.74170566961372,63.28913026687686,63.47968673706055,3387000
2017-09-08,63.44002317615755,65.48852596502954,63.44002317615755,65.1312255859375,7881000
2017-09-11,65.30589057842711,65.5043887260819,64.46426037082927,64.7580337524414,5854100
2017-09-12,64.71037711641529,65.39321102827047,64.38483734225322,65.34557342529297,4073500
2017-09-13,65.2106149565135,65.46469236529504,64.86919787055548,65.05181884765625,4795100
2017-09-14,65.01210793993359,65.05180999058392,64.36897591163859,64.94859313964844,4461900
2017-09-15,64.81361412796562,65.21855205243304,64.61511597683023,65.20267486572266,9563400
2017-09-18,65.40113847906214,65.53611569670998,64.90886114344808,65.42495727539062,4162500
2017-09-19,65.62346913537868,65.69492553940565,64.41659736746648,64.46424102783203,5584800
2017-09-20,64.46424213702775,64.71831945185247,62.995351413713905,63.64643096923828,6384400
2017-09-21,63.63055705980439,63.95609688530068,63.12240235564394,63.14622116088867,4822000
2017-09-22,63.10653094994962,63.43206474757268,62.81275152377263,63.28120422363281,4593200
2017-09-25,63.11445029358909,63.19384831716392,61.8520053630109,62.14577865600586,7151300
2017-09-26,62.1298965096081,62.630109470070664,61.98697765552159,62.22517776489258,4791000
2017-09-27,62.463405360115125,62.62220753753442,61.49473327975023,61.80438995361328,4801700
2017-09-28,62.05996237070056,62.22769736776721,61.63664569642075,62.06795120239258,5536500
2017-09-29,62.02799960990799,62.30754769376732,61.94014077016774,62.11585235595703,6186200
2017-10-02,62.3475060542838,62.483291832822935,61.90022893070203,62.33952331542969,4312900
2017-10-03,62.44332645559652,62.45929802001373,61.96410030509569,62.38741683959961,5866600
2017-10-04,62.49924113574065,63.018405379887675,62.45930308092487,62.80274963378906,5735200
2017-10-05,63.39381504231654,63.78518247172328,63.098289215552214,63.50563430786133,6323200
2017-10-06,63.553553777548444,63.745243072509766,63.3059548509862,63.745243072509766,3248500
2017-10-09,62.139839856895364,62.50724690473871,61.11748265725658,61.4449577331543,12760100
2017-10-10,61.46093271365692,61.80437937865207,61.42898957180521,61.73249816894531,7244100
2017-10-11,61.56476852752831,62.68296738367047,61.56476852752831,62.49127197265625,6442300
2017-10-12,62.075935751107465,62.267625042638144,61.58073181315276,62.23567581176758,8427000
2017-10-13,62.21174976959448,62.4833153351249,61.86830296517712,62.35551834106445,5442000
2017-10-16,62.32354491429868,62.65102001426344,62.06795711902845,62.08393478393555,5392200
2017-10-17,62.10788270645926,62.49126127547434,61.812356902003586,62.2995719909668,3809600
2017-10-18,62.299567962094365,63.01042151929469,62.227686770187226,62.77080535888672,4613200
2017-10-19,62.75484934937553,63.09030718215586,62.65101890409408,62.68296813964844,2765000
2017-10-20,62.91457159824866,63.00243044769326,62.435345388172976,62.57112503051758,4173800
2017-10-23,62.87466672455986,63.29798349407168,62.571151988914025,63.11427688598633,4811600
2017-10-24,63.18613933897766,63.2580205310151,62.65100348594748,62.82672119140625,4462300
2017-10-25,62.7628282842788,63.345884983543016,62.491262871738186,63.258026123046875,4906500
2017-10-26,63.01843294950735,64.47208981285716,62.98648371041574,64.24845123291016,7331100
2017-10-27,64.60784299712397,65.24681532936759,64.45608569713546,64.93531799316406,7744000
2017-10-30,64.72765755495168,64.74362912269635,63.49763965307049,64.3203125,5993800
2017-10-31,64.27238493252986,64.54394421142962,64.00880838981533,64.31231689453125,4612000
2017-11-01,64.23245877840156,64.82351042497828,63.90498981707008,64.14459991455078,5136500
2017-11-02,64.13661908182331,64.3602576169248,61.63664494404154,62.19574737548828,10276700
2017-11-03,61.99606546507715,62.866659151361674,61.548782328426746,62.64302062988281,6936600
2017-11-06,62.66697733333996,62.69093773155767,62.00404454541913,62.051971435546875,4027000
2017-11-07,62.2197125379491,62.45133992237039,62.02003438865767,62.30757141113281,3655100
2017-11-08,62.42737377729201,62.42737377729201,61.67658205503314,62.14781951904297,4468000
2017-11-09,64.00881704789569,64.79155795203886,63.46569232293928,64.54395294189453,8803500
2017-11-10,64.21648042202695,64.27239004823237,62.54716827899264,63.36185836791992,6416400
2017-11-13,63.3219245840791,63.43374384403916,62.50724053384256,63.258026123046875,4013700
2017-11-14,63.0503641303152,63.39381073506548,62.802759121695445,63.22608184814453,2701100
2017-11-15,63.09828871944375,63.21010798410936,62.794780157307514,62.84270095825195,4145400
2017-11-16,63.11424718403881,63.641400259745716,63.07431522277387,63.30594253540039,4763500
2017-11-17,62.962499896823715,63.968873132443804,62.890612612169704,63.489646911621094,7098000
2017-11-20,63.40178826945053,63.673353654817916,63.010420898751086,63.018409729003906,7446700
2017-11-21,66.29311992196716,67.17969104938274,65.89376377785892,66.02156066894531,11004000
2017-11-22,66.10144745895705,66.26917635081776,65.5343623216111,65.76598358154297,5303300
2017-11-24,66.04553607724853,66.69249122780006,65.9816376171788,66.49281311035156,3165600
2017-11-27,66.50080259488358,66.7244411136331,64.74363148785093,65.02318572998047,6346500
2017-11-28,65.23085561848646,65.95768699875117,64.9832566661162,65.8618392944336,5773700
2017-11-29,65.74200778453519,66.27714965935769,65.4704485261789,65.58226776123047,3945500
2017-11-30,66.02158173872024,66.11742334393026,65.52637776826046,65.59825897216797,5663900
2017-12-01,65.86180828867889,65.94966711951868,64.38419191480416,64.91133880615234,5992800
2017-12-04,64.95131329302527,64.99125136351859,63.68934582724183,63.793182373046875,8687800
2017-12-05,63.553574915878336,65.07113039882856,63.553574915878336,64.6318359375,5392200
2017-12-06,65.1509718815339,65.33467841943143,64.63180758958923,65.09506225585938,5192100
2017-12-07,65.18294157222554,65.56632024186285,64.12864109018182,64.35227966308594,5497500
2017-12-08,64.63179411604148,64.79154022301856,64.32828565332136,64.75160217285156,4106400
2017-12-11,64.85542919504434,65.12699451591932,64.57588113950435,64.91133880615234,3501400
2017-12-12,65.88579031889023,66.04553647001455,65.33468285516591,65.49442291259766,4966500
2017-12-13,65.33467751485577,65.62221446968435,65.1190217518883,65.4305191040039,4473300
2017-12-14,65.45449181469755,65.8778145899423,65.27079133847752,65.35865020751953,5000700
2017-12-15,65.84587144146779,66.8522449720004,65.84587144146779,66.6925048828125,9813100
2017-12-18,66.78034990882554,66.9161295658421,66.35703327595478,66.63658142089844,5204200
2017-12-19,66.8682120726351,67.17970946292374,65.49442558536585,65.52637481689453,5096500
2017-12-20,65.80593086632646,66.2691856385012,64.92734822186328,64.99922943115234,3769400
2017-12-21,65.12701473073203,65.86182873157095,64.98324624415986,65.07909393310547,4051200
2017-12-22,65.1429933592599,65.46247959668044,64.91136598947233,65.12702178955078,3187500
2017-12-26,65.15098362411457,65.39858256905778,65.00721511879745,65.07111358642578,1922500
2017-12-27,65.198882617627,65.43849874423013,65.04713142489018,65.30271911621094,2463100
2017-12-28,65.32683385087346,65.52764177039919,65.12602593134771,65.3348617553711,2859800
2017-12-29,65.52763800999588,65.70434994954506,64.84489234842306,64.86095428466797,3259900
2018-01-02,65.99351061532315,66.41922237906017,65.824826588021,66.0336685180664,4783500
2018-01-03,66.0256516247752,68.13012115061595,66.00155565124041,67.40721130371094,6879100
2018-01-04,67.83291765041663,68.19437560850099,66.78068603732613,67.56785583496094,5943200
2018-01-05,67.89717692753469,68.8690865821781,67.4794991257381,68.70844268798828,7428500
2018-01-08,68.67629976961923,68.82891573012186,68.44336187712544,68.68433380126953,6117600
2018-01-09,68.96546729985452,69.68034295053428,68.80482342731763,68.98152923583984,6099900
2018-01-10,68.71647962800901,69.06989743581131,67.88914576623532,68.66828155517578,3575300
2018-01-11,69.02972373330161,69.02972373330161,68.33894408637858,68.86104583740234,3930300
2018-01-12,68.9574481172376,69.0699000778633,68.51567430854305,68.63615417480469,5085900
2018-01-16,68.74056496396503,69.18233868740431,68.17027123708597,68.53172302246094,5428200
2018-01-17,68.98153666514021,69.43937849216788,68.62811888186182,69.1662826538086,5449000
2018-01-18,69.20644273789797,70.62816007910227,69.03775869657852,70.08999633789062,7328600
2018-01-19,70.34700923508665,70.60404304436253,69.10199808280605,69.62409973144531,7314800
2018-01-22,69.4152795649143,69.53576554124692,68.59598595656091,69.11808776855469,5926900
2018-01-23,69.25463982496441,69.25463982496441,68.25863420882828,68.45944213867188,4962300
2018-01-24,68.9414188780757,69.18238485306615,68.4032547929377,68.88519287109375,5680200
2018-01-25,69.06988851907579,69.86509227235935,68.80482672948582,69.736572265625,3947800
2018-01-26,69.76871995089277,70.0257539013381,69.36710402031116,69.9775619506836,3815100
2018-01-29,69.76066026802395,70.12211814955663,69.33494851863327,69.65624237060547,3804900
2018-01-30,69.02169565707909,69.65624939345395,68.87711371552317,69.04579162597656,3881700
2018-01-31,69.342986860235,69.47953476415498,68.7726931484184,68.98956298828125,5258300
2018-02-01,68.57993960109754,68.82091163004513,67.97751565690183,68.25865173339844,4201600
2018-02-02,68.00961292002134,68.47548868329022,67.76061310400569,67.83290100097656,5564500
2018-02-05,67.52768151803359,67.9373313569048,64.99750070926683,65.39911651611328,7237200
2018-02-06,64.30672631501473,65.91318967439594,63.52759060520742,65.59992980957031,10190000
2018-02-07,65.38305954281394,66.63609899426595,65.29470356834783,65.3428955078125,5929900
2018-02-08,65.32684338119373,65.4714253494717,62.93320993485217,62.957305908203125,7346100
2018-02-09,63.358918320969764,64.32280009919815,62.29865265463889,63.84086227416992,6061800
2018-02-12,64.02560496715452,64.86096676050327,63.656119080741604,64.4513168334961,4314100
2018-02-13,64.13803619872348,64.73242581275474,63.73642043526477,64.43523406982422,4574600
2018-02-14,64.03362542006933,65.91318446034076,63.96133138796686,65.7525405883789,5000000
2018-02-15,66.19431390069501,66.65215563162363,65.82482200091303,66.62002563476562,4002000
2018-02-16,66.5075697925132,67.27867128717622,65.96137213443896,66.9172134399414,6863500
2018-02-20,66.78067835851454,66.96542433293745,64.95734522394153,65.5517349243164,11125900
2018-02-21,65.40713900766775,65.62400880870501,64.43522966196407,64.83684539794922,6805700
2018-02-22,64.98946057992937,65.71236399372738,64.42719487921237,64.58784484863281,4528200
2018-02-23,65.0215926882029,65.22240057930688,64.17016919093655,64.57178497314453,5174100
2018-02-26,65.38305326862165,66.25054486476871,64.5155616724746,66.20234680175781,6201200
2018-02-27,66.36298760407693,66.41921356299099,65.11797634904715,65.25452423095703,5179400
2018-02-28,65.47941562458122,65.5517096312595,64.12998673888481,64.17015075683594,6712100
2018-03-01,64.08985701532691,64.12198701817456,62.467325576463665,62.893043518066406,7946100
2018-03-02,62.57174349469962,63.05368123391062,62.4030655923843,62.91713333129883,5695900
2018-03-05,62.53156801667263,64.29064687737417,62.451246096202134,64.04967498779297,5371700
2018-03-06,64.26655103796163,64.74848868988354,64.12999703191181,64.58784484863281,5338300
2018-03-07,64.0898634739826,65.31880709793755,63.96134344964042,65.16619110107422,6040200
2018-03-08,65.32682692244369,66.06579851716344,65.2866628915297,66.0336685180664,6434600
2018-03-09,66.21841782347533,66.98148542399413,66.15415782203746,66.78871154785156,4659200
2018-03-12,66.87705732107445,67.24654308075031,66.66821541232892,66.90918731689453,4218700
2018-03-13,67.27065738288098,67.61604727188413,66.86904151790856,67.0457534790039,4678800
2018-03-14,67.29474402437157,67.43932596084333,65.79270481965085,66.10596466064453,5182300
2018-03-15,66.1782553769303,66.27464538139772,65.59189970222425,65.88909149169922,3453700
2018-03-16,66.15416596035969,66.32284388875667,65.29470825195312,65.29470825195312,9386600
2018-03-19,65.28667085620962,65.55977281776632,63.76856345065385,64.36295318603516,4601300
2018-03-20,64.68424110982068,65.0617609501623,63.7765915891266,64.17820739746094,4267000
2018-03-21,64.17821272743254,64.87702036994055,64.06576078201351,64.29066467285156,4329400
2018-03-22,63.951362590064925,64.47647620088324,63.014225003285496,63.12732696533203,4455900
2018-03-23,63.18386480981175,63.49893537623436,61.729694387152065,61.842796325683594,6070300
2018-03-26,62.56180444648692,63.44238470977005,61.858951399177755,63.385833740234375,6635500
2018-03-27,63.61202942371418,64.2260157021444,62.731449273869615,63.14346694946289,5458700
2018-03-28,63.329282770698704,64.02405534704751,63.224261302587706,63.385833740234375,5299700
2018-03-29,64.0321422379097,65.37321086289495,63.6443597196476,64.80770111083984,6162300
2018-04-02,64.46029639441142,64.54916306774727,61.89933613378569,62.59410858154297,6409800
2018-04-03,62.820331122852416,63.458552801574065,62.43254859977813,63.296974182128906,4444000
2018-04-04,62.40024414383382,63.78170923067941,62.14172446963339,63.59590148925781,4134600
2018-04-05,63.838241215757726,64.69459238958036,63.57164731117255,64.3875961303711,4183500
2018-04-06,63.98365950639361,64.48454392759199,62.3113594968554,62.7233772277832,5186000
2018-04-09,63.23233560995465,64.3391259149739,62.90919073466132,63.385833740234375,4708400
2018-04-10,63.9271183240949,64.37953231571913,63.644363431576245,64.05638122558594,4718300
2018-04-11,63.52317570803099,64.0482954152824,63.216185587967246,63.49085998535156,3751500
2018-04-12,63.95136068502683,64.71883914227949,63.94328021266574,64.5007095336914,3571500
2018-04-13,64.76729332363094,64.82384428871505,63.92710315410071,64.2825698852539,3997200
2018-04-16,64.78343693881158,65.63978165637944,64.65417410256444,65.11466217041016,3628300
2018-04-17,65.46209770392106,65.6317506817389,64.59767186631824,65.13894653320312,4611200
2018-04-18,65.34897224735973,65.47015466330343,64.76730158170491,64.78346252441406,6131400
2018-04-19,64.79152389030641,65.11467488041016,64.33911620231665,64.62995147705078,3791900
2018-04-20,64.71075917345516,65.02582979845009,64.20988082787066,64.54918670654297,3690900
2018-04-23,64.75115344105302,64.99351213419399,64.48455333136306,64.64612579345703,2735900
2018-04-24,65.03389043836094,65.09044140089408,63.474692570127345,64.1209945678711,4937200
2018-04-25,63.838258730837886,64.22604131490974,63.43432136407745,64.1937255859375,3935100
2018-04-26,64.38760523503485,65.32474275984049,63.98366792198295,65.10661315917969,5155900
2018-04-27,64.92081068991544,65.76908158127009,64.75115774436347,65.67213439941406,4191500
2018-04-30,65.76099723007158,65.8094677363435,64.6542067493057,64.73499298095703,6071800
2018-05-01,64.30680921426817,65.46207000024897,64.22602299667655,65.44591522216797,2986700
2018-05-02,65.2197361814837,65.26820669777634,64.41186137076275,64.56535339355469,4145500
2018-05-03,64.01596889939593,64.41990611939342,63.24849064683784,64.2906494140625,4534300
2018-05-04,64.0886988843841,65.59134625978008,63.83017923719741,65.50247955322266,3563900
2018-05-07,66.55270230433345,68.96017114254937,66.41536511196507,68.52391815185547,10825200
2018-05-08,68.11995502612926,68.11995502612926,66.85967319599543,67.21513366699219,7132300
2018-05-09,67.3201900077242,68.13613889303447,66.59310165541324,67.9099349975586,4934200
2018-05-10,68.11999414360731,69.29140998777233,67.87762926928603,69.21870422363281,4728100
2018-05-11,69.1540579691018,69.4772090111748,68.84706786910887,69.12174224853516,4021100
2018-05-14,69.08137551257767,69.74383259856982,68.67743811468986,69.62265014648438,4244500
2018-05-15,69.13790496114007,69.25100690422298,67.84530692333992,68.1603775024414,4544900
2018-05-16,68.23308388288095,69.65494481938599,68.20076816118838,69.1136703491211,4058700
2018-05-17,68.9682583549942,69.02480933170834,68.33811097555848,68.75820922851562,3542100
2018-05-18,68.45122908217658,68.59664678117683,67.86147781301024,68.3785171508789,4705500
2018-05-21,68.8713054732858,69.32371324949935,68.70973302852202,68.9278564453125,3747400
2018-05-22,68.9601893737997,69.15407758861359,68.59664820057424,68.6451187133789,4593700
2018-05-23,68.29772379583821,69.62263773156754,68.27348854246179,68.87939453125,5237600
2018-05-24,69.75997639128988,71.61809059425198,69.4772214900377,70.27701568603516,8861000
2018-05-25,70.27699551523531,71.30299950134692,69.29138771639153,69.71956634521484,4685500
2018-05-29,69.13791129676292,69.2510132502102,68.35427193102515,68.98441314697266,4539500
2018-05-30,69.25101423266591,69.929625962977,68.91978267601814,69.38835144042969,4236800
2018-05-31,69.12172394306526,70.01846491962749,69.07325345684845,69.73571014404297,4816700
2018-06-01,70.16391516742999,71.15760374207352,69.9134759874021,70.95563507080078,5438300
2018-06-04,71.02832835711962,71.2302969929146,70.56784011405078,70.7051773071289,4507400
2018-06-05,70.46282959508285,70.98794936249323,69.566088219676,70.01042175292969,5409700
2018-06-06,70.12352037199616,70.55976724837353,69.54184965203396,70.4789810180664,5424600
2018-06-07,70.54359561235854,70.77787993878631,69.44488588463865,69.98616027832031,5350300
2018-06-08,70.04272893480643,70.5274586504587,69.88923694420463,70.43051147460938,4566600
2018-06-11,70.21239086395651,70.32549282520976,69.50953767880166,69.95386505126953,4313000
2018-06-12,70.22852559172782,70.44664897940416,69.75995693542416,70.03463745117188,4311900
2018-06-13,70.06695245520868,70.20428962988794,69.12173468198645,69.34793853759766,3735200
2018-06-14,69.57418764728864,70.01044082690315,69.41260897135942,69.93772888183594,3756400
2018-06-15,70.0669555556756,70.27699848027024,69.39641826573337,70.10734558105469,6532200
2018-06-18,69.52569342683731,69.71958778904805,69.14599133866798,69.67919158935547,3002600
2018-06-19,69.12173064807303,70.13157363282674,68.95207776626549,69.97000122070312,4510200
2018-06-20,69.84884500017147,70.01849794554309,69.3398861640566,69.58224487304688,4334200
2018-06-21,69.7034054048706,70.12350356352178,69.17828578835301,69.71956634521484,3404300
2018-06-22,70.01040792198177,70.75365099114286,69.97001173108661,70.13158416748047,5406100
2018-06-25,70.042734626095,70.24470330282952,69.21062466412394,70.0750503540039,5242700
2018-06-26,70.05890272227974,70.55978114700187,69.76806730501086,70.17200469970703,8009500
2018-06-27,69.82460493475284,69.88923638480175,68.9844145749001,69.06520080566406,6347900
2018-06-28,69.08943753102787,69.91347312772811,68.95210031944265,69.74382019042969,3948400
2018-06-29,68.41080877699277,70.02655767945967,68.330022564588,69.1621322631836,5082500
2018-07-02,68.16844032040474,69.56606575806676,67.54637973829612,69.50143432617188,4677100
2018-07-03,68.89554366233021,70.18006745828936,68.89554366233021,69.4610595703125,3002500
2018-07-05,69.38793784918049,69.88362451906664,69.31480679935211,69.81049346923828,3148800
2018-07-06,69.72919899663553,70.7205719172146,69.54230448189094,70.3955307006836,3618100
2018-07-09,70.31429051153057,70.88311434055767,70.19239924819283,70.80184936523438,3476800
2018-07-10,70.83437237441925,71.12690900197818,70.78561833637569,71.01314544677734,3489600
2018-07-11,70.52557051396458,71.16752540146767,70.34679748204633,70.9074935913086,3858300
2018-07-12,71.09437574173116,71.484426488655,70.67995418520455,71.40316772460938,3507200
2018-07-13,71.41943796125338,71.9963834148679,71.41943796125338,71.80136108398438,4441800
2018-07-16,71.67130730181152,71.75257224994222,71.1268668673486,71.28939056396484,2833200
2018-07-17,71.40317811054307,72.18327351821307,71.28941458440246,71.74446868896484,5026700
2018-07-18,71.74445664053621,72.13450117904536,71.42754312813022,71.51692962646484,5015800
2018-07-19,71.42755592660569,72.26453310675856,71.41130045146154,71.85010528564453,3975000
2018-07-20,71.3300554778862,71.9557611994247,71.27317370316892,71.52507781982422,4313100
2018-07-23,71.17562439964033,72.10199401709464,71.06186090620032,72.0207290649414,2953900
2018-07-24,72.17513852615558,72.47580278624758,71.93948376008021,72.24827575683594,3202900
2018-07-25,72.03700219502785,73.09337863588975,72.03700219502785,72.91461181640625,3438100
2018-07-26,73.09338953809856,73.16652678394564,72.4270575853649,72.53269958496094,3884900
2018-07-27,72.55707138357732,72.61395314863627,71.64695694298689,72.04513549804688,4486600
2018-07-30,72.08575692307839,72.58957123649299,71.92323937663343,72.38642120361328,4178000
2018-07-31,72.61394329470885,73.41841563412953,72.21577099332943,73.32090759277344,6244300
2018-08-01,73.1014906454539,73.73531761353439,72.89834065826678,73.32901763916016,4810200
2018-08-02,72.96336555650063,73.45092438882345,72.71146150305734,73.04462432861328,3395000
2018-08-03,72.97149476930528,73.62157115899988,72.78459400998427,73.52406311035156,2611000
2018-08-06,73.41840395715502,73.82470393057552,73.19087696398283,73.6134262084961,2946100
2018-08-07,73.6540846144814,73.96287047111187,73.33717101962051,73.8247299194336,3521700
2018-08-08,73.79219055175781,74.1334872012147,73.4834048399724,73.79219055175781,4692300
2018-08-09,73.79222764599751,74.3285467935687,73.79222764599751,74.12539672851562,3852100
2018-08-10,73.84097226814106,74.05224382738908,73.19901745431825,73.62156677246094,3444200
2018-08-13,73.54032922090965,74.28792003004637,73.36968389706205,73.7353515625,5030300
2018-08-14,73.7028210496124,74.35290356060186,73.65406703116439,73.98723602294922,3875300
2018-08-15,73.87348851582624,74.07663856956069,73.32092012168263,73.93849182128906,4082600
2018-08-16,74.16601071161459,74.2472756838658,73.81659240973403,74.02787017822266,4190300
2018-08-17,74.18226281736939,74.22288910200324,73.47529850855642,73.62156677246094,8973200
2018-08-20,73.6621928439173,73.84908737618514,73.02836582205911,73.15837860107422,6630800
2018-08-21,76.38441102307641,77.83896597694157,75.57181090580964,77.33515167236328,14732400
2018-08-22,77.09137437023134,78.12337377810631,76.56318306083921,77.66831970214844,8582500
2018-08-23,77.48955320326972,78.41591690702863,77.35953419940662,77.69270324707031,6545400
2018-08-24,77.73333793378728,78.1558873089963,77.51393240847592,77.64395141601562,5332200
2018-08-27,77.6927059764094,77.94461005568436,77.23765184619721,77.5545654296875,5593300
2018-08-28,77.6439337053693,78.20462349845981,77.55454720798677,77.82270050048828,5151000
2018-08-29,77.89584956175597,78.61093544982764,77.76583056411728,78.48904418945312,3809900
2018-08-30,78.36715808346241,79.13099798563697,78.26151609937827,78.66781616210938,4523700
2018-08-31,78.26965145406302,78.6271975279513,78.00961963659361,78.34278869628906,4239500
2018-09-04,78.47279698703716,78.57031123784152,77.44079751452489,77.65206909179688,4448600
2018-09-05,77.56266181050046,78.10710848215291,77.28638080666849,78.04209899902344,4451800
2018-09-06,77.85522275670033,78.74908793158006,77.70083293529633,78.40779113769531,4943900
2018-09-07,78.25341167148964,78.73284287450645,78.11526490822445,78.26966094970703,5664200
2018-09-10,78.52967916209329,78.87096974222831,78.2615196207098,78.3102798461914,3188000
2018-09-11,78.15588951949151,78.5134356006907,77.6114488592274,78.07463073730469,3573700
2018-09-12,78.03398029642156,78.43215257729972,77.81458101502027,78.21275329589844,3667200
2018-09-13,78.44029510254602,78.82221818259082,78.31840383449912,78.78158569335938,3972800
2018-09-14,78.78157730260014,79.04973682381305,78.53780099211757,78.83033752441406,3303000
2018-09-17,78.83033980237754,78.94410332381952,77.86334367047374,78.03398895263672,3989000
2018-09-18,77.8552190082886,78.85471992860154,77.8389697330038,78.72470092773438,4477200
2018-09-19,79.04161940594156,79.13100592468211,78.21276992265807,78.38341522216797,3184900
2018-09-20,78.96848249082117,79.43979206374209,78.6678182047205,79.21226501464844,4337400
2018-09-21,79.30167685391224,79.63484602228625,78.78974078992853,79.51295471191406,7973700
2018-09-24,79.62667678027671,80.41489981692564,79.4072774956773,80.3336410522461,5640100
2018-09-25,80.4555306903009,80.97559421342642,80.22800367388926,80.44740295410156,5694300
2018-09-26,80.73181666318345,81.38189920668064,80.31738888671282,80.5855484008789,5693900
2018-09-27,80.30114372548725,81.26001211644721,79.04161105782356,79.39102935791016,4710700
2018-09-28,79.32602053264678,80.34989215022661,78.98472379380702,79.93547058105469,4430800
2018-10-01,80.21988928484484,80.98373542387101,80.04111625659213,80.84558868408203,3633000
2018-10-02,80.66681887260364,80.82934263188132,80.01674243443547,80.46366882324219,3880000
2018-10-03,80.73181802349713,81.07310857474285,78.91159555053987,79.20413208007812,4449700
2018-10-04,78.94410978281351,79.33415440262787,78.29402715025967,78.80596923828125,4211200
2018-10-05,79.03347963279786,79.39914716171592,78.19650260465278,78.96034240722656,4631000
2018-10-08,78.61905655307505,78.96034709360734,77.31076994805474,77.9852294921875,4650300
2018-10-09,77.74958887776921,78.41592080658538,77.49768479481665,78.16401672363281,3179100
2018-10-10,78.09089123552272,78.667836731498,77.12390104914236,77.25391387939453,5841100
2018-10-11,77.22138451133847,77.70894331878334,75.28739855529363,75.66119384765625,7177300
2018-10-12,76.73381352466284,77.32701421599282,75.97809532319496,76.9450912475586,4814700
2018-10-15,76.26252093284606,77.05074405060303,75.75871282020329,76.23814392089844,4107200
2018-10-16,77.14012856088539,78.75720104117168,77.05886978995106,78.45654296875,4982400
2018-10-17,77.70895723839011,79.1472631075824,77.46518089082457,79.05787658691406,5105500
2018-10-18,78.96036085742668,79.1716386477665,77.22139690532777,77.94461059570312,4298800
2018-10-19,77.73334391148683,77.84710745200874,76.132520406024,76.3356704711914,6750100
2018-10-22,76.33565433906922,76.66881715171904,75.5555589976428,76.07562255859375,3991300
2018-10-23,75.16551971676905,76.01875242044008,74.67796082880604,75.64495086669922,5530000
2018-10-24,75.66932071267323,76.34377405870674,74.15788408725253,74.32852935791016,4918900
2018-10-25,74.59670610923425,75.09239276222046,73.7759781133582,74.56420135498047,4622300
2018-10-26,73.97098961204269,74.53981342875271,72.3864218219051,72.93086242675781,6725600
2018-10-29,74.01974412316558,74.336663882924,71.86635870180586,72.68708038330078,6266400
2018-10-30,72.84959313872392,73.637816151212,72.4514208642466,73.35340118408203,5582200
2018-10-31,73.94662337283965,74.23915996127546,72.93087305178416,72.98775482177734,8496800
2018-11-01,73.2396576313127,74.71858982481129,73.13402183165131,74.3935546875,5213700
2018-11-02,74.66982588731294,75.44992127272685,73.6865804682085,74.28790283203125,5054100
2018-11-05,74.71857230161564,75.01923655272863,74.10100072584042,74.44229125976562,3955800
2018-11-06,74.3854218463627,75.25490379828474,74.14976704822435,75.17364501953125,3927000
2018-11-07,75.76681121270221,76.54690635495949,75.49865796354617,76.48190307617188,5484100
2018-11-08,76.38439554441416,76.99384550886428,76.05935432344498,76.9857177734375,5330100
2018-11-09,76.9451233895783,77.08326395086505,76.26253592264389,76.67696380615234,4306400
2018-11-12,76.77446141884013,76.89634647609607,74.94611116423874,75.2792739868164,4276800
2018-11-13,75.2467781935032,75.64495056043538,74.54794151704812,74.81610107421875,4953900
2018-11-14,75.45806011508026,76.00250079758045,74.3854280273218,74.8486099243164,4291900
2018-11-15,74.38540084884625,75.40115079565759,73.02023267234595,75.38489532470703,6575200
2018-11-16,75.34428794317064,76.87197401445022,75.34428794317064,76.14063262939453,7922000
2018-11-19,76.39255702072819,76.57133008120358,73.16653279209939,73.4346923828125,6780900
2018-11-20,77.09138222007799,77.10763149602529,74.2228983430544,74.88923645019531,8270800
2018-11-21,75.37678666953349,75.82371300271545,74.47480006665863,75.54743194580078,6829400
2018-11-23,75.16551395177504,75.57181402719003,74.52355908866167,74.76734161376953,2560300
2018-11-26,73.63782813448856,75.2305236912275,73.54844162164096,74.80796813964844,4957600
2018-11-27,74.50729702797511,75.70182003665761,74.18225578349103,75.67743682861328,6094800
2018-11-28,75.8887146530679,77.66018292787574,75.82370516416854,77.49766540527344,6589400
2018-11-29,77.50581896623368,79.07413788597835,77.44893718985531,78.4971923828125,6013900
2018-11-30,78.66782601437173,79.30165319966848,78.6271997227988,79.25289916992188,6581400
2018-12-03,79.63480502744264,80.56116858995343,79.56979553542347,80.24425506591797,6258400
2018-12-04,80.10612877031932,80.78058842058402,78.0908775573825,78.40779113769531,7123000
2018-12-06,77.36765846911912,78.20463562011719,76.10813197380108,78.20463562011719,8221600
2018-12-07,77.94460577110075,78.18838829868383,75.97811487404091,76.57943725585938,5902900
2018-12-10,76.3844081646025,77.93647730633067,75.49867704575826,77.5870590209961,5092500
2018-12-11,78.399653855064,79.15537213319408,77.18887534302313,77.57892608642578,4765000
2018-12-12,78.33465236232564,78.91972543734099,77.7495792873103,77.77395629882812,6047000
2018-12-13,78.48093465953231,78.74909423345562,77.17264774394665,77.60332489013672,4952900
2018-12-14,76.70943619258486,77.00197266930817,75.66930925296673,76.15686798095703,6337800
2018-12-17,75.95373592824993,75.95373592824993,74.08475313006966,74.63732147216797,7224100
2018-12-18,75.53931944381823,75.79935127909488,74.10914124997267,74.75922393798828,5655200
2018-12-19,76.15687808002615,76.33565108391343,73.37778738226862,74.15788269042969,7639700
2018-12-20,74.06850748597634,74.66170214428479,72.4108023784209,73.0527572631836,7693800
2018-12-21,72.4107885263298,74.1416243429889,71.76070602824345,71.9963607788086,10918500
2018-12-24,71.69571074808083,71.98824108529074,69.7210922241211,69.7210922241211,3748100
2018-12-26,70.20052960321894,72.0613847739291,69.31479837592298,72.04513549804688,5816600
2018-12-27,71.46488614372626,73.27092254961505,70.59047323311528,73.26274871826172,6015400
2018-12-28,73.72043029892762,74.0718304524355,72.69074511321448,72.94408416748047,4508100
2018-12-31,73.4834075312095,74.5376075414589,73.2219009869094,74.33330535888672,5436400
2019-01-02,73.16469797282691,73.66319580626967,71.17070663905588,71.84899139404297,7099100
2019-01-03,71.60382231688345,71.69371576485722,69.60983126700266,69.83047485351562,6099800
2019-01-04,70.96639941046952,72.49458190020911,70.88467978870327,72.02059936523438,6275400
2019-01-07,72.21674112194667,72.79695859944543,67.20724738041274,67.37886047363281,17462700
2019-01-08,68.05714643398115,68.6128486556772,66.73327219612305,67.85284423828125,14472200
2019-01-09,68.47393066182823,69.87135705474611,68.19607640921758,68.89070892333984,7894300
2019-01-10,68.53113195315021,69.3892037056842,68.10617987644079,69.33199310302734,5279200
2019-01-11,68.78446469150605,69.36468220391333,68.19607334517515,69.33199310302734,5054300
2019-01-14,68.93156856645426,69.44641415699822,68.73544017876605,69.25845336914062,5294700
2019-01-15,69.68339342721237,70.74576738849458,69.48726505590788,70.30447387695312,6323400
2019-01-16,70.7539444971716,71.35867730698767,70.44340114052402,71.08899688720703,5066800
2019-01-17,71.07264699182791,72.06964267851983,70.92554916535191,71.58748626708984,7521700
2019-01-18,72.33931269814164,72.42103855747611,70.53328218642679,71.34232330322266,8549300
2019-01-22,70.95007774406635,71.1135170331269,70.27996668322334,71.09717559814453,6567000
2019-01-23,71.16253471082872,71.33414778873174,70.20640203330868,71.22791290283203,4642900
2019-01-24,71.3096486306525,71.35867916832471,70.63136376374516,71.2851333618164,4515400
2019-01-25,71.65287095604948,71.84083173155655,70.85200355383172,71.11351013183594,5283500
2019-01-28,70.70491147675627,71.09717449313787,70.00211755687148,70.6231918334961,5143400
2019-01-29,70.2472689997521,71.16254511722033,70.2472689997521,70.66404724121094,3670600
2019-01-30,70.68038109384091,71.88985275382403,70.4924265780133,71.77544403076172,5385700
2019-01-31,71.7018910898734,72.99308235919601,71.51393657643989,72.23307800292969,9536200
2019-02-01,72.625350532319,73.09932691243002,71.69373297047493,72.16770935058594,5727400
2019-02-04,72.16769858991216,72.29028114236296,70.96640079854808,71.75909423828125,4970900
2019-02-05,72.12685696353135,72.42105265695012,71.71007869205326,71.93889617919922,5640800
2019-02-06,72.14319723497995,72.81330825145406,71.75910807282855,72.61717987060547,3417400
2019-02-07,72.2494412143952,73.02578716873086,72.02061748714233,72.64987182617188,4304900
2019-02-08,72.26579388340382,73.14838112130218,72.05331779247051,72.73977661132812,3982200
2019-02-11,73.12384750182368,73.46707370773353,72.8459932626525,73.22190856933594,4020000
2019-02-12,73.54877250016231,73.97371822018164,72.95220749101271,73.7530746459961,3713900
2019-02-13,74.16988077772638,74.32514622752379,73.71223955857288,74.09632873535156,3483500
2019-02-14,74.23523034106354,74.88082591898147,73.99007148837529,74.55394744873047,4644100
2019-02-15,75.15052163343445,75.46105873758776,74.79912159474141,75.40385437011719,5622500
2019-02-19,76.18021151035099,77.29978366684988,75.3711764784998,75.45289611816406,6891400
2019-02-20,75.5509546456522,76.00042200087114,75.35482627010606,75.83698272705078,4924800
2019-02-21,75.73074745793024,75.91053441395381,75.28128630268043,75.68171691894531,4222600
2019-02-22,76.00041356738606,76.67869832461018,75.95138303764242,76.6296615600586,4551300
2019-02-25,76.75223593318066,76.8666446469188,75.32212077664653,75.36298370361328,7216800
2019-02-26,75.3875088660684,75.55094812578433,74.53761099896772,74.60298919677734,4541800
2019-02-27,74.3660088940492,74.68471986195325,74.01460882241024,74.27611541748047,7327200
2019-02-28,74.30879749937075,74.58664550264854,73.86750399286328,73.9573974609375,12189600
2019-03-01,74.51310283571495,75.32213784759584,74.32514205779883,75.25675964355469,8021400
2019-03-04,75.60000639910697,76.13119349651414,74.57849514825085,75.42021942138672,5620100
2019-03-05,75.1913889032836,76.02493919660165,74.7337477023244,75.7716064453125,6073900
2019-03-06,75.90233647638588,76.01674518755964,75.16685368592815,75.24857330322266,4070700
2019-03-07,75.02792479484174,75.28943131565741,74.25157906470973,74.43136596679688,4876100
2019-03-08,74.34965349959228,74.59481237935917,73.14018182772891,73.9737319946289,4113900
2019-03-11,74.34147309587823,75.27309047322943,74.2679210740835,75.18319702148438,4639100
2019-03-12,75.3793401389352,75.84514891896902,75.10149213163471,75.54278564453125,6149100
2019-03-13,75.88599637799277,76.5234181328012,75.70620947590686,76.0167465209961,6638200
2019-03-14,76.08214267580423,76.43354273064007,75.5427880769915,76.27010345458984,5578600
2019-03-15,76.2946189261598,76.98107136917349,76.23741455590866,76.6460189819336,9493800
2019-03-18,76.2128856668614,76.5070812998043,74.53760532564813,75.09330749511719,8347700
2019-03-19,75.2322572063253,75.90236832501026,74.70924395441556,75.72258758544922,5909400
2019-03-20,75.50190450410848,75.63266087705682,74.80727841853975,74.95437622070312,4772600
2019-03-21,74.74896211640193,76.3348202867918,74.46958492250297,75.6774673461914,4217000
2019-03-22,75.29130703809587,75.69393887419791,74.25598415122369,74.27241516113281,4291700
2019-03-25,74.26415512320804,74.74895427657508,73.96013459197702,74.46136474609375,3336900
2019-03-26,75.06942892356432,75.73499431046105,74.45316281896127,74.83113861083984,4463300
2019-03-27,74.83114620394326,75.01191861600704,73.54931458237625,74.16558074951172,4822400
2019-03-28,74.19844462185155,74.49425286601841,73.51644193285665,73.9190673828125,6534900
2019-03-29,74.13270318408242,74.9297416634621,73.78759567826323,74.83935546875,4742700
2019-04-01,75.29128829277845,75.48849797649905,74.28061530689035,74.51890563964844,4467100
2019-04-02,74.73254919822156,74.79006712909393,74.08342095079806,74.28062438964844,3684700
2019-04-03,74.64214054633996,74.65857781821084,72.56327075242325,72.67830657958984,7633200
2019-04-04,72.71938651051617,73.51642485722785,72.37427906214054,73.31922149658203,6085300
2019-04-05,73.7218500463773,73.9847899616219,72.91659302963828,73.07271575927734,6211900
2019-04-08,73.2699286494886,73.2699286494886,72.30855504716739,73.12202453613281,5464500
2019-04-09,72.86729347026397,73.22883820318286,72.69473973927506,72.90016174316406,4938700
2019-04-10,72.90017284389927,73.41783411569189,72.71118181319105,72.82621765136719,5031400
2019-04-11,73.29458885253507,73.29458885253507,71.69229928443072,71.97988891601562,7878900
2019-04-12,72.30855857123558,72.36607649206701,71.17463115956608,71.28144836425781,7324200
2019-04-15,71.59369271318448,71.72516583816032,71.21571688235443,71.38005828857422,5815900
2019-04-16,71.90592554922209,71.93879382466028,70.7062617061497,70.7884292602539,8424600
2019-04-17,70.86237995373219,71.01028406241853,69.47373132832537,69.62163543701172,9388300
2019-04-18,69.46551563584771,69.54768319549277,68.01112412730006,69.20257568359375,6798000
2019-04-22,68.82460740175631,69.5887777008823,68.73422119559211,69.14506530761719,3878400
2019-04-23,69.4079903374841,70.48439967304733,69.35047242494977,69.92565155029297,6415800
2019-04-24,69.75309585940988,70.88702307575433,69.31760220970473,70.3693618774414,4389200
2019-04-25,70.45975944570156,71.43757035836958,70.13930156606776,71.37183380126953,5928200
2019-04-26,71.69228465564092,71.88948803863359,71.27322198142178,71.77445220947266,3435200
2019-04-29,71.67585780631714,72.02096531380005,71.42113022499917,71.8484115600586,4069000
2019-04-30,71.9880978416338,73.21241140462439,71.81554408596263,72.97412109375,7380700
2019-05-01,72.98231788783086,73.1959584938102,71.82374122678893,72.5632553100586,4685200
2019-05-02,72.54685132381502,73.26993467693627,72.33321063828559,73.24528503417969,4761900
2019-05-03,73.5821847673353,73.83690611693352,73.23707094038286,73.6068344116211,3705100
2019-05-06,72.71939349742019,74.23951515854152,72.50575284595449,74.07518005371094,5504700
2019-05-07,73.74651728852317,74.19844831431925,72.91661043614472,73.35210418701172,6455600
2019-05-08,73.14666476669287,73.5164281370045,72.95768003276251,73.13023376464844,4556400
2019-05-09,72.58794202635376,72.58794202635376,71.23216133508296,72.4236068725586,6844200
2019-05-10,71.9223589216103,72.84265185724684,70.73912604278941,72.5797119140625,4239900
2019-05-13,71.70051582780452,71.95523716991303,71.17463586855777,71.7580337524414,3823500
2019-05-14,71.8566148038734,72.56326700222286,71.74157898265206,72.0291748046875,3194600
2019-05-15,71.67587568013825,72.80980331705672,71.2896811625617,72.53042602539062,3696200
2019-05-16,72.85906902720915,73.34386817761458,72.36605751096984,72.39892578125,5013100
2019-05-17,71.66763774925408,72.78513407712967,71.61011983248032,72.08670043945312,4735800
2019-05-20,71.90593905435992,72.30856453337806,71.3964900928588,71.95523834228516,4677400
2019-05-21,72.32498991344718,72.87552575138167,72.07026858700355,72.11956787109375,6403400
2019-05-22,72.0784879762075,73.22885267918835,71.83197901521756,72.93304443359375,7391300
2019-05-23,74.83934858356494,75.42274634277254,74.05052881327092,75.29949188232422,12993200
2019-05-24,75.92396636081776,77.17292926223512,75.60350856805339,76.4416275024414,7341200
2019-05-28,76.32661198622385,76.82784226078074,74.97904391760687,75.0283432006836,8852200
2019-05-29,74.92154145520173,75.41455319463435,74.15737106493664,75.20091247558594,5830300
2019-05-30,75.48847879829997,76.72101079799737,75.25018852608063,76.0718765258789,4400700
2019-05-31,75.69390079824953,76.35946607201191,75.45561052603021,76.0718765258789,5949900
2019-06-03,76.23622514028872,77.23868568088646,75.89111762371729,76.68815612792969,8489100
2019-06-04,77.23867405475838,77.83029043353409,76.72922522437216,77.57556915283203,6871300
2019-06-05,78.63553694945361,79.58869801258966,78.060357872721,79.33397674560547,7867800
2019-06-06,79.30112635178752,79.89274283207547,78.63555467697198,79.29290771484375,6495100
2019-06-07,79.65444295160705,80.08993662260671,79.61335604080305,79.79412841796875,4848500
2019-06-10,79.7284060683616,80.38575914440929,79.55585229642037,80.32002258300781,3975900
2019-06-11,80.52543178495304,81.13347920842227,79.8187795351175,80.16388702392578,3621500
2019-06-12,80.13923645019531,80.5089998430208,79.85986551555524,80.13923645019531,3108800
2019-06-13,80.11459350585938,80.3364465449077,79.68731843218063,80.11459350585938,4281400
2019-06-14,80.19676106591494,80.65691068639549,80.00777630468544,80.11459350585938,3056900
2019-06-17,80.12282046147452,80.31180524232576,79.74484463078842,79.9666976928711,2749500
2019-06-18,80.37753313232034,80.84589511861229,80.07350626547073,80.49256896972656,3654000
2019-06-19,80.22139272020505,81.3964067455947,80.18852444975577,81.14168548583984,4307100
2019-06-20,81.60184877385534,82.08664804581154,80.89519645811114,81.5607681274414,4887200
2019-06-21,81.51966970132105,81.97981299767608,80.88697266883288,81.65935516357422,7027600
2019-06-24,81.58541675046217,82.06199737959204,81.26495887511213,81.47859954833984,4037900
2019-06-25,81.47039858247513,81.9223233993071,81.21567093911298,81.26497650146484,4416100
2019-06-26,80.90343619652907,80.92808584460327,79.580517418679,79.8845443725586,4315000
2019-06-27,80.39395408485947,80.56651408837628,79.30932613279741,80.09815216064453,7428000
2019-06-28,80.44327077878748,80.50900733504922,79.60514535890783,80.02420806884766,5539400
2019-07-01,80.76374302090544,80.98559610152411,80.01600366562911,80.60762023925781,3326900
2019-07-02,80.60761660108678,81.0184607287875,80.23785939374967,80.56653594970703,3380300
2019-07-03,80.57472065334397,81.19098663330078,80.41860420132917,81.19098663330078,2326000
2019-07-05,80.89357684600716,81.25710205084881,80.50526024461193,81.0588150024414,2319800
2019-07-08,81.10013320482295,81.29015646729313,80.55483590535471,80.98445892333984,4384800
2019-07-09,81.29841778159575,81.88502145333275,81.06708183256502,81.33146667480469,5665300
2019-07-10,81.3810114285013,81.75280032989915,80.97617364422344,81.67018127441406,3482100
2019-07-11,82.28984822661849,82.62033081054688,81.75281481566373,82.62033081054688,3981500
2019-07-12,82.51291198655434,82.62031612828636,81.34796250349916,82.00066375732422,3545600
2019-07-15,82.03371670492643,82.51291607503781,81.76106813537028,82.47160339355469,3075700
2019-07-16,82.60382233539323,82.83515828900983,82.24029080632032,82.512939453125,3632800
2019-07-17,82.84340632533717,83.71092235577309,82.49640243453531,83.38043975830078,5579100
2019-07-18,83.11606634716479,84.14055686683338,83.10780254765034,83.72745513916016,3922900
2019-07-19,84.33885045217896,84.88414145632973,83.27304723562047,83.28131103515625,5292400
2019-07-22,83.54567318384066,84.15706181125364,83.41347764092411,83.64481353759766,3061400
2019-07-23,83.9091878104366,84.23140652665,83.53739892355334,83.95050048828125,3304500
2019-07-24,84.14879930725755,84.57842852490894,83.67786370938272,84.54537963867188,3429900
2019-07-25,84.34709167480469,84.4875510260849,83.84311346213555,84.34709167480469,3007500
2019-07-26,84.68585252882988,85.3385540022932,84.19013172593289,84.72716522216797,3515600
2019-07-29,84.74366894867151,85.47898935293485,84.43797147026908,85.31375122070312,3131300
2019-07-30,85.07414466471647,85.81772880673252,84.6940919484483,85.71858215332031,3892300
2019-07-31,85.53682765638936,85.88383153368737,83.6448213205059,84.2231674194336,6937100
2019-08-01,84.1570647473222,85.68553952089523,83.90094375327388,84.57843017578125,4287800
2019-08-02,84.28925234619221,84.90064728643223,83.81831674831737,84.54537963867188,3632200
2019-08-05,82.87645879801502,83.87616412859643,81.32319871721137,82.21549987792969,4598700
2019-08-06,82.6203232937161,83.68612622061669,82.07502613433095,83.64481353759766,4786400
2019-08-07,82.91776465146258,84.14054201968627,81.90153180719723,83.76875305175781,3954100
2019-08-08,83.88442918353445,84.76846655875393,83.38870841018897,84.50408172607422,4951200
2019-08-09,84.17360114181761,85.09068743119492,83.8265972224402,84.0000991821289,6602100
2019-08-12,84.00008790065894,84.2810003001169,83.16562710709796,83.446533203125,2668900
2019-08-13,83.66959678237647,84.85106763158011,83.44652468790822,84.60321044921875,3687500
2019-08-14,83.85963803878678,84.48755433487537,83.28955572369114,83.38870239257812,4715100
2019-08-15,83.27304570812959,84.37189779924263,83.14085013171056,84.06620025634766,4366000
2019-08-16,84.69409920634416,85.13198593210345,84.20663599791521,84.90065002441406,4758100
2019-08-19,85.5120416715214,86.28041099375056,85.11546131344821,86.07386016845703,6106800
2019-08-20,89.2134209890573,90.63448514528508,88.1889245207185,88.32938385009766,11295400
2019-08-21,88.08153733993802,89.2382232603178,87.96586937824316,89.05645751953125,6549300
2019-08-22,89.2299687536571,89.48608979501849,88.5937948980901,89.08951568603516,4402600
2019-08-23,88.9490538369095,89.25474503585646,87.20576430038751,87.61886596679688,5316000
2019-08-26,88.08153791543084,88.37070782155733,87.71800643148258,88.31287384033203,3092600
2019-08-27,88.37897127512304,89.08950664365156,88.36244367859102,88.84990692138672,4429500
2019-08-28,88.38723297692626,89.61001034718302,88.37896917885627,89.2299575805664,3924300
2019-08-29,89.59349744745894,89.80830578995364,88.6516260890388,89.06472778320312,3992900
2019-08-30,89.58521144967565,89.6017327398384,88.66812541160739,89.1390609741211,3776500
2019-09-03,88.60203895145703,88.94078532560937,88.23024999276235,88.79206848144531,4360100
2019-09-04,89.13908942506673,89.31259139258816,88.5359644384587,88.94906616210938,4320900
2019-09-05,89.85787125443714,89.85787125443714,88.5937812339414,88.99861907958984,4148200
2019-09-06,89.12255472597178,89.84961138101514,88.75075944854339,89.80004119873047,4484900
2019-09-09,89.89091056352297,90.26269948166347,88.85815656487694,89.17211151123047,4652700
2019-09-10,88.58550888748849,88.88294254636483,87.64363773552348,88.80032348632812,5063900
2019-09-11,89.39522050691156,90.36188343932355,88.81688055028283,89.75048828125,6209100
2019-09-12,90.4692780697341,91.90687031245656,90.37839518566345,91.19633483886719,5203200
2019-09-13,90.88237458873827,91.27895499681728,90.30403472636445,90.60972595214844,6828600
2019-09-16,90.46926977216481,90.70886950788187,89.91571502245549,90.09748077392578,3402100
2019-09-17,90.09748084730448,90.90715662741871,90.0231192655372,90.33707427978516,4290900
2019-09-18,90.46927590803666,91.14676247091847,89.9487700145136,90.88237762451172,5486000
2019-09-19,91.1550240783331,92.31171011733645,90.9897796136573,91.71684265136719,3646400
2019-09-20,92.08862811348328,92.20429608257845,91.41940539179963,91.85729217529297,7342900
2019-09-23,91.53507910845154,92.0225361083273,91.46071752168884,91.57638549804688,3268200
2019-09-24,91.82424811750273,92.57609625963212,90.45275371027607,90.68408966064453,6023400
2019-09-25,90.50229363965838,90.68405934087023,88.18066480955923,88.91598510742188,6715100
2019-09-26,89.63011736680683,89.66333291870976,88.25170047131935,89.18171691894531,4042500
2019-09-27,89.59689612052226,90.11172130425088,88.43437721867905,89.11528015136719,3111800
2019-09-30,89.3561030916173,90.56013688080766,89.231546342855,90.19477844238281,3627500
2019-10-01,90.37743502225844,91.09155347040554,89.72144853486608,89.86260986328125,3539600
2019-10-02,89.77958975182202,90.05360698538581,87.3881205482169,87.9693832397461,4413800
2019-10-03,87.91125291131854,89.06546642524903,87.35490033115575,88.79144287109375,2955200
2019-10-04,89.29798394632233,90.21969508487291,89.16512171525709,90.14495849609375,3421500
2019-10-07,89.61352396891566,89.97888877616495,88.99074650304254,89.06548309326172,3991000
2019-10-08,88.4343929117034,88.63367991060072,87.18883808196111,87.1971435546875,4633800
2019-10-09,87.8531417565658,88.86618775682823,87.56250721081084,88.6419906616211,2901200
2019-10-10,87.91125666836206,89.35609840668141,87.83652008893534,89.19832611083984,2797200
2019-10-11,90.11174308147481,90.29442548186981,89.21494836123927,89.3311996459961,3652800
2019-10-14,89.6301227280226,89.8543197977543,89.10698567328342,89.32288360595703,1906900
2019-10-15,89.77126879366969,90.07850786341614,89.28965284711086,89.83769989013672,2720500
2019-10-16,89.82110734278022,90.29441791540494,89.19832994010459,90.09513092041016,2986200
2019-10-17,90.20308730202291,90.49372185886644,89.754686759281,90.10344696044922,2332700
2019-10-18,90.07022261465774,90.43558739203813,89.64673219862313,89.77959442138672,3155100
2019-10-21,90.0536144836261,90.18647671054201,88.40118013148253,88.53404235839844,4169000
2019-10-22,88.79145495459886,89.19003529990502,86.59097342048157,86.76535034179688,6141000
2019-10-23,87.5043845254135,88.07734182784243,87.03107389934353,87.37152862548828,4543500
2019-10-24,87.79499882135595,88.17696815642505,86.73212019112444,87.42963409423828,3482500
2019-10-25,87.67877254911302,87.77011376352517,86.8899235176126,87.5542221069336,2671900
2019-10-28,87.56248553914797,88.30151409240808,87.28016287170851,88.20187377929688,2651100
2019-10-29,87.95276758718998,89.61350718514396,87.6870495049261,89.3062744140625,3587000
2019-10-30,89.30629535059342,90.29443133508101,88.77485906147832,90.13666534423828,3065100
2019-10-31,90.0037786264875,90.7178971336246,89.44743240250492,90.4272689819336,3999200
2019-11-01,90.67639003069229,91.50675992597417,90.0204033884128,90.15325927734375,3844200
2019-11-04,90.5103271668032,90.5103271668032,88.82467713320347,88.9741439819336,3524800
2019-11-05,88.79975366600308,88.81635827548415,87.07258285988969,87.6289291381836,4135700
2019-11-06,87.81991193876027,89.08207124894409,87.62892409700977,88.74162292480469,3654000
2019-11-07,89.1401941433184,89.24814626868596,88.03580082132162,88.6834945678711,2630200
2019-11-08,88.9492101437952,89.3394786057784,88.5672408179774,88.87447357177734,2312800
2019-11-11,89.44745674975488,90.29443135597167,88.89940951291672,89.64674377441406,3090400
2019-11-12,90.11176089356381,90.50203585605745,89.78791705983953,90.2031021118164,2413500
2019-11-13,90.26119677087536,90.71790270531004,89.96226312928519,90.51861572265625,2230800
2019-11-14,91.29915662922338,91.33237218132349,89.87922503684152,90.68468475341797,3400600
2019-11-15,91.2908665535669,93.12598322651426,91.25765099817,93.0512466430664,6223500
2019-11-18,94.06428888278354,95.04412548927999,92.27899256562239,92.3786392211914,7547200
2019-11-19,93.40829532700319,93.46642095853586,90.91718597237083,92.22917175292969,7542100
2019-11-20,92.51149577605467,93.82347515051354,92.37032810548605,92.82703399658203,6029500
2019-11-21,92.64434410165748,93.22560033828421,91.06664045696198,91.74754333496094,7026200
2019-11-22,92.04648600673103,92.55301206372444,91.88041458994105,92.02157592773438,5567600
2019-11-25,92.36205641194395,92.88518722290722,91.89704491142302,92.81875610351562,5652600
2019-11-26,93.00141458689772,93.12597131990604,92.02988347282634,92.445068359375,9385400
2019-11-27,92.48659428763338,93.59098774053221,92.36204387470593,93.3917007446289,3367200
2019-11-29,93.20071671935533,93.31696799968182,92.08802408331037,92.49490356445312,2786600
2019-12-02,92.33712278223885,92.6858829264375,91.08326889730472,92.09632110595703,3429800
2019-12-03,91.38220687304734,92.6111507348807,91.34899131796814,92.16275024414062,3573500
2019-12-04,92.29561378254941,93.1176781930366,92.1627515603352,92.95160675048828,3003400
2019-12-05,92.9516117370827,93.2588445558012,92.35374437548376,93.1675033569336,3205700
2019-12-06,93.41660189090796,94.34661834152286,93.0678480976344,93.9065170288086,3623000
2019-12-09,93.69060863916563,93.81516535305668,92.17933613749095,92.27897644042969,3403400
2019-12-10,92.46998750922612,92.91008251850121,92.08801813636057,92.20426940917969,3850700
2019-12-11,92.61946930584205,92.86857650133608,92.3122301293238,92.76893615722656,2897200
2019-12-12,92.52810679283466,93.89821822581266,92.35372989557837,93.31695556640625,3741400
2019-12-13,93.0512486618586,94.57082709433257,92.86856627082199,94.26358795166016,4180300
2019-12-16,94.72029033499977,95.46762448123684,94.67047017032374,95.11056518554688,4304000
2019-12-17,95.46762855546287,96.03228034169275,94.77842001700793,94.95279693603516,3864300
2019-12-18,94.75349108210196,95.11885579321307,94.41303644943599,94.49607849121094,4895100
2019-12-19,94.57913267770346,94.91128190404731,93.6408106381406,94.23867797851562,5116600
2019-12-20,95.70011870704901,96.27307589187099,94.13072030405027,94.44625854492188,10323900
2019-12-23,94.47948247722324,94.77841613623545,94.1556387358299,94.5708236694336,3726500
2019-12-24,94.72029728896311,94.91128515960828,94.23038207309645,94.47118377685547,1281400
2019-12-26,94.45449675330812,94.56295735970512,93.57010900693952,93.92887115478516,2942500
2019-12-27,94.1958583670875,94.77154173916772,93.84544129444166,94.57130432128906,2458900
2019-12-30,94.92173574047406,95.02185764726227,93.8955132489883,94.22090148925781,2112800
2019-12-31,94.27929341246653,94.66308446250603,93.61182684213429,94.65473937988281,2806400
2020-01-02,95.49739409355259,95.87284634620165,94.36270498562794,95.58082580566406,3917000
2020-01-03,94.41278415669753,95.45569663793304,94.32100734911418,95.01349639892578,2764600
2020-01-06,94.50453875487348,95.90621314927634,94.36270420890828,95.85615539550781,3332000
2020-01-07,95.39728727867772,96.19824966459218,95.23042382811458,95.5224380493164,4443800
2020-01-08,96.20659286801427,97.52483583141174,96.15653510359735,97.19944763183594,5482800
2020-01-09,97.65832234327576,99.00993277662937,97.57488425665643,98.77632141113281,5120900
2020-01-10,99.04332716982832,99.25190969854047,98.38420561524586,98.98492431640625,3180900
2020-01-13,98.70956944530224,99.05999284462759,97.75009514279894,98.45927429199219,3367100
2020-01-14,97.93364776681533,98.17560421747014,96.91577056929725,97.64997863769531,5694200
2020-01-15,97.75842616679657,98.79299975512346,97.58321766363593,97.89192199707031,3683200
2020-01-16,98.55105465888239,99.53556424124643,98.26737916967635,99.16845703125,4019400
2020-01-17,99.2435548040816,99.98610802365508,98.91816660069244,99.310302734375,4906100
2020-01-21,99.28526611857025,100.54510615163959,99.1267413878291,100.38658142089844,5596900
2020-01-22,101.4461565962153,101.91338560934463,100.41993451424523,101.02899169921875,4169400
2020-01-23,100.7369877407426,101.19587172005832,99.81922614754299,100.92888641357422,4125900
2020-01-24,100.86213740240075,100.97894307488205,99.1767938670049,99.50218200683594,3382500
2020-01-27,98.86812429072324,100.1696773077382,98.6261677796618,99.47718811035156,4192100
2020-01-28,99.46046894259314,100.16130938501793,99.41875626587621,99.43544006347656,3422700
2020-01-29,99.91100893503464,100.24474217951159,98.71791688269627,98.75963592529297,3019500
2020-01-30,97.97536176748325,98.86809451822036,97.35795941526007,98.57608032226562,5056200
2020-01-31,98.25069338189782,98.5760815421931,95.94794101521174,96.31504821777344,6067800
2020-02-03,96.74054745048103,98.72625664718653,96.69048969440672,98.44258117675781,5618400
2020-02-04,99.66072807121242,100.51174833932721,99.4271166612777,100.11126708984375,4000300
2020-02-05,100.64522531354368,101.29600805860032,100.21972159790202,100.63688659667969,3811000
2020-02-06,100.64522532604666,101.2542890251281,99.9610749825836,101.20423126220703,3763700
2020-02-07,100.64522784742037,100.87884559958098,99.08503478658892,99.2435531616211,3946900
2020-02-10,98.71794512855394,99.69410989647443,98.62616830092715,99.60233306884766,4056800
2020-02-11,100.06119938060104,100.26978188524122,98.80970435276001,99.2435531616211,3959300
2020-02-12,99.19347879797266,99.19347879797266,97.02422238581435,97.19108581542969,7629200
2020-02-13,95.94794425598613,98.04211421293785,95.11361430593408,97.47476959228516,5639900
2020-02-14,97.49144087168062,98.05878541948096,96.78226177828809,97.89192199707031,3815600
2020-02-18,95.30550309970833,95.94793429375484,93.4032256641391,93.99560546875,12050300
2020-02-19,95.03018938725803,95.89789336128327,94.44615456115093,94.92172241210938,5198400
2020-02-20,95.97297545048407,96.29002491302647,94.46284024141008,94.99681091308594,4914900
2020-02-21,94.7715415690076,94.99681423347026,94.01230457963814,94.51290130615234,5493800
2020-02-24,93.36151766100552,94.17081868748431,92.36031795554878,92.90263366699219,5334300
2020-02-25,93.11121239748407,93.3698589861737,90.324553681747,90.54981994628906,7074400
2020-02-26,91.30074199634592,91.85139654567848,88.46401841747583,88.56414031982422,5426300
2020-02-27,87.47114068810791,88.06352049855752,84.21725928102839,84.2506332397461,7263500
2020-02-28,82.57362335759733,84.26731187483034,80.56288543468193,83.99198150634766,11686600
2020-03-02,84.79295102230545,85.83586346589814,83.01583050997914,85.61894226074219,8358000
2020-03-03,86.09451267017893,87.32931747589423,82.4234594852186,83.76673126220703,8371600
2020-03-04,85.56054035406277,86.75363245719575,84.22560731932164,86.42823791503906,8935200
2020-03-05,85.75243228239847,85.79415132657732,82.63204001388043,83.58317565917969,5881600
2020-03-06,81.1636210416799,82.95743180725536,80.7548011257129,82.64872741699219,6843100
2020-03-09,78.44369720448601,79.65347942203985,76.51639710345167,77.09208679199219,9053800
2020-03-10,79.42820090878071,80.40437169233125,76.24940614778428,80.39602661132812,9725800
2020-03-11,78.16836240301029,78.91091542911366,75.79886241842473,77.12545013427734,7893800
2020-03-12,73.67133807075757,75.42342971501681,69.95856592664644,70.41744995117188,11417400
2020-03-13,74.19697090567131,74.98958189956893,67.96452447211854,74.10519409179688,13456400
2020-03-16,67.18858667153289,69.61648976640267,63.65937471489447,64.60216522216797,10210000
2020-03-17,65.97044972557451,67.95615213811534,63.892970535962874,66.92158508300781,11584600
2020-03-18,64.24340311728417,65.41981134665743,60.180214161038066,62.19095230102539,10468300
2020-03-19,65.1111246443381,67.1635760171595,61.156401577947314,66.09563446044922,11112000
2020-03-20,67.55568122686783,68.13137079429596,63.23385284480208,64.62718200683594,11355200
2020-03-23,63.142088762710706,64.34352588754084,60.20525023754301,60.83933639526367,11494600
2020-03-24,64.55211417446854,68.59861338777372,63.876302548247025,67.03841400146484,9955900
2020-03-25,68.41506788728778,75.12308262447874,67.26369464610654,72.43653869628906,16273700
2020-03-26,74.75367642062453,78.7247519647818,74.75367642062453,77.1883773803711,12537800
2020-03-27,74.35070265378516,77.58298209042762,73.88055571257391,75.4673080444336,10665800
2020-03-30,76.18930398291678,78.17904348373978,75.97941609315669,77.28072357177734,8248200
2020-03-31,76.97010491123287,77.66693440294469,75.15667005163657,75.71077728271484,14088100
2020-04-01,73.13333983969608,73.6202813013074,69.66599406360919,70.61468505859375,8110000
2020-04-02,69.50648320867136,72.62121912143206,68.28073854473402,72.32737731933594,7152600
2020-04-03,72.22664046461388,73.45238532628007,71.1772007126457,72.42813110351562,5625700
2020-04-06,75.01395708559176,79.75742635513589,73.92254351547436,78.9934310913086,8952300
2020-04-07,81.65481733634455,84.79473956230407,79.18653276870513,79.30406951904297,7688400
2020-04-08,79.90012739473968,83.82083198453643,79.45516605398497,83.3506851196289,7655400
2020-04-09,83.53541007977222,86.03727744118474,83.34231033362978,84.8199234008789,8079400
2020-04-13,84.14827242144445,84.3581603532092,81.63800814574262,83.55218505859375,5355500
2020-04-14,84.97942584688325,85.45797006951614,83.81244947230006,84.96263122558594,5013600
2020-04-15,81.73875251374623,82.41039642344154,80.47942498702082,81.70516967773438,7727300
2020-04-16,82.3684232072005,82.43558888487524,80.15200708610662,80.34510040283203,7944400
2020-04-17,82.1585430773248,86.93559506768528,82.14174845367404,86.75089263916016,9559900
2020-04-20,85.67627354115933,86.52421634424633,85.23130565589057,85.24810028076172,4729700
2020-04-21,83.5353988349795,84.52607015275093,81.68838755350062,81.94864654541016,5472900
2020-04-22,82.75462099057256,82.77140920831799,78.68279602584325,80.66413879394531,7696500
2020-04-23,81.01676002716424,81.80594087918868,80.3786987764791,80.45426177978516,5854900
2020-04-24,81.94022833835987,83.56056305323327,81.01672293312947,83.36746978759766,4631500
2020-04-27,83.98035564101436,85.19770945084198,83.32550633896213,84.59323120117188,5019000
2020-04-28,85.93650956952611,86.04564898087577,82.12494421395286,82.30964660644531,4501000
2020-04-29,83.53538576155195,84.61840811442966,82.8889338357866,83.23314666748047,5393600
2020-04-30,82.38520706874752,83.48502416539775,81.31058190384725,81.9654312133789,5497000
2020-05-01,81.43651323676704,81.58763279589147,79.421587916865,79.87494659423828,4172000
2020-05-04,79.36283236211021,80.34510645229372,78.59044622650977,79.9757080078125,4717600
2020-05-05,81.26019022075688,83.04843260473507,81.16783904359997,82.19209289550781,4200200
2020-05-06,82.53633252937604,82.89734004699467,81.07551424180676,81.23503112792969,3605900
2020-05-07,82.59508569200273,83.7452737120404,82.14172705064342,83.06523895263672,4403500
2020-05-08,84.30778451611211,84.50088423537038,82.3852102555234,83.14080810546875,4277800
2020-05-11,82.14174856309643,83.37589078691087,81.40294525328396,82.89734649658203,3490400
2020-05-12,83.19957656978687,83.33390792339019,79.90013795884538,79.92532348632812,4411800
2020-05-13,79.75741502238272,80.11842252553699,78.06152333180516,78.31338500976562,7111000
2020-05-14,77.40666285494875,78.81710994305391,75.26580989970036,78.76673889160156,6355800
2020-05-15,78.06151185064785,79.11095136764517,77.23874845100293,78.82550048828125,8591500
2020-05-18,81.28540043395233,84.08110930749352,81.05872427906024,83.03166961669922,7047500
2020-05-19,83.11561052927225,83.85441365030171,81.39452714307303,81.4616928100586,4801700
2020-05-20,82.18372194517671,83.27514180419904,81.39454123464452,82.3432388305664,4270900
2020-05-21,79.8413657806894,81.68838337291453,78.97662855028993,80.10163116455078,7021400
2020-05-22,80.1939917785997,80.49623096412546,77.9020187611805,79.52235412597656,6518300
2020-05-26,81.92346173424727,82.35162851720949,79.60629709855284,81.56245422363281,7086300
2020-05-27,81.79752888710331,82.39360987283726,79.68186125330492,80.59696960449219,6163700
2020-05-28,81.8730837032441,83.7284987042458,81.60442739990923,82.39360809326172,5444200
2020-05-29,83.19957985296558,83.19957985296558,80.78167304013508,82.76301574707031,8956300
2020-06-01,82.04938633323329,82.69583829140531,81.3609542300639,81.52886199951172,4860000
2020-06-02,81.604420305772,81.99901061814522,80.99155116953904,81.64640045166016,8363300
2020-06-03,81.86469660236841,82.30965802495301,81.4113378684317,81.52047729492188,7508900
2020-06-04,81.22663284503582,81.99901892758906,80.9495792267488,81.4281234741211,8785200
2020-06-05,82.90575065981477,86.54101194753083,82.33485510792109,85.66787719726562,10060400
2020-06-08,85.39921731971813,86.66694243805935,84.67720219843288,85.07179260253906,6929600
2020-06-09,85.64267873407582,86.52420425850055,83.11562608684808,83.20797729492188,5622500
2020-06-10,83.29190660496799,83.67809954051721,81.56243250114545,81.89825439453125,6098300
2020-06-11,80.47104174202947,80.52981011400445,76.22291152570921,76.29007720947266,8829600
2020-06-12,78.7919206953102,80.00927442516127,77.0288635197808,78.25460815429688,7333400
2020-06-15,76.70985477466554,78.91787383237548,76.1305619489748,78.59884643554688,6026000
2020-06-16,81.01674889591366,81.35257089778013,79.44678472021931,80.21917724609375,6500100
2020-06-17,80.30311500161838,81.00833529902025,79.75740515895038,80.16039276123047,5360900
2020-06-18,79.53912861390687,80.23595808275451,78.87588198268372,79.27886962890625,3692600
2020-06-19,80.63055096892552,80.91599548985643,78.36375739709962,78.8423080444336,7084200
2020-06-22,78.10349386559596,78.68278659005865,76.97849765867726,78.35536193847656,5370200
2020-06-23,79.23689328454252,79.86655710836992,78.32178493511041,78.4057388305664,5160200
2020-06-24,77.66691979262689,77.75087367101412,74.61095250138501,74.66132354736328,10928600
2020-06-25,74.53457087301135,75.27823060743371,74.09514085047851,75.09231567382812,5671100
2020-06-26,75.21064856215945,75.71768535288928,74.52614921704034,75.01628112792969,9108200
2020-06-29,75.61627274934222,76.30922445086225,74.75430450640155,76.27542114257812,5241600
2020-06-30,76.22471449698794,77.88949039152571,75.21909345632939,77.4923095703125,5463800
2020-07-01,77.55989285935144,78.36270669937534,77.28947291627348,78.01622772216797,4328700
2020-07-02,78.85283615586418,79.79085671690856,78.56551779527321,78.72608184814453,3937800
2020-07-06,79.53735938447913,80.12890111010238,78.1683545300523,78.76834869384766,4366400
2020-07-07,77.80496840224832,78.66693002761195,77.28102689831634,77.4669418334961,4045600
2020-07-08,77.424689314321,77.75426343210208,76.59652457776836,77.4162368774414,3956300
2020-07-09,77.27259524050187,77.56836612527283,75.39655356092365,76.16555786132812,4061100
2020-07-10,75.78526948537902,76.87540180793637,75.52330195150422,76.74018859863281,4933900
2020-07-13,77.1627007928602,80.00211300064187,76.93453661871662,78.39649200439453,7442300
2020-07-14,78.37114828424373,80.00212028758317,77.72890498510174,79.98522186279297,5421900
2020-07-15,80.79651056654683,83.00212651202077,80.79651056654683,82.10636138916016,5644600
2020-07-16,81.63309729490284,81.82746465216262,80.49226335570333,80.914794921875,4123800
2020-07-17,81.32887667377507,83.62744949943345,81.21902078406355,83.30632781982422,5557700
2020-07-20,83.00207770598703,83.07813027102486,80.85561720157156,80.89787292480469,4081800
2020-07-21,81.56550065121736,82.8161970765414,81.30353311136281,81.8105697631836,3664500
2020-07-22,81.77678432403934,82.44438519957892,81.45566254544605,82.3852310180664,3618000
2020-07-23,82.48663183115987,82.48663183115987,81.27819101614186,81.6077651977539,3652600
2020-07-24,81.48945109113598,81.86972698234091,80.95706355398487,81.42184448242188,4071900
2020-07-27,81.38801577775746,82.18237706393398,80.84717597147699,81.48942565917969,3701900
2020-07-28,81.2697328364757,82.14859940779576,80.9401586781458,81.42184448242188,4325500
2020-07-29,81.82747545501351,83.99928773396543,81.50634729604293,83.42464447021484,7020200
2020-07-30,82.1485994068266,82.40212096584094,80.60213208094548,81.52325439453125,3830000
2020-07-31,81.48100720754667,81.5908695700713,79.97679546600335,81.5317153930664,5155300
2020-08-03,81.92041828019494,82.52041230241204,81.09225361241994,82.24999237060547,3708100
2020-08-04,81.88662861458134,82.46127187124694,81.10071954954343,81.37113952636719,4241600
2020-08-05,81.81057459312672,82.6218345733994,81.70917112516838,81.988037109375,3201500
2020-08-06,81.81901829108678,82.5711240189346,81.38803425633921,81.74296569824219,5009000
2020-08-07,81.74297414465583,84.5823808420289,81.63311179165655,84.548583984375,4476900
2020-08-10,84.65842068588222,84.97109635048247,84.14293168475952,84.82743072509766,5096400
2020-08-11,85.94293503486473,86.61053581557276,84.94576008292788,85.11477661132812,4464800
2020-08-12,86.28095915187335,86.83025157049399,85.32603997145243,86.27250671386719,3471800
2020-08-13,85.57954593146,86.09503499023617,84.75138762043368,85.59645080566406,3715000
2020-08-14,85.3852033299008,86.23026669645091,84.78520911332886,85.10633087158203,2925700
2020-08-17,86.27251648247953,87.2020913487797,85.78238462708346,86.07815551757812,3689600
2020-08-18,86.55137033740708,86.89784933988065,85.74011044901393,85.82461547851562,4043900
2020-08-19,86.11195738767907,86.3485740961223,85.0133724443963,85.19928741455078,3353400
2020-08-20,84.66688258870954,85.10631260819451,84.40490861711847,84.74293518066406,3350500
2020-08-21,84.48097446825066,84.58237793236638,83.18802872220755,83.43309783935547,6734100
2020-08-24,84.35420527128112,85.59644916127638,83.9823754137804,84.61617279052734,5265400
2020-08-25,88.6471383811886,89.47529677593083,86.40771942448825,86.69503784179688,9155300
2020-08-26,87.46403966170878,88.38515543879461,86.2809499130525,87.95417785644531,6126300
2020-08-27,88.26685364575367,90.5907775769923,88.0978435751374,90.30345916748047,6872500
2020-08-28,90.28655330954233,91.43583982972511,89.58515572152851,91.14852142333984,5699400
2020-08-31,91.01330777180375,91.87527588144684,90.54852686124636,90.8189468383789,4706200
2020-09-01,89.87247596338034,90.8696508631007,89.69501345334379,90.86119842529297,3705100
2020-09-02,90.89500141420042,92.2386553388506,90.54007639535735,91.92597961425781,4452200
2020-09-03,91.96823816754468,92.24711059687054,89.02741512087083,89.7034683227539,5028100
2020-09-04,90.00768931797126,91.05556595151373,88.08094612337601,89.35698699951172,5813100
2020-09-08,88.73163397290973,89.19642130121981,87.73445916179756,88.376708984375,5090900
2020-09-09,88.77388539054509,90.71752674315941,88.74008209128397,90.13443756103516,5549200
2020-09-10,90.25277760193072,90.54009607564127,88.24997493628311,88.54574584960938,3636900
2020-09-11,88.80768956134007,89.14571613448886,87.86122289330821,88.53726959228516,2836700
2020-09-14,89.29783845745858,90.96261421042195,89.1626316804095,90.39642333984375,4393500
2020-09-15,91.08092015842124,91.8499308452944,90.61613921836624,90.90345764160156,3293600
2020-09-16,91.22457426435052,91.74006335701807,90.6837343060306,90.83584594726562,3723800
2020-09-17,90.62459161545318,91.17388408100348,89.50910825421767,91.10627746582031,3541900
2020-09-18,91.11472507787319,92.31471342085912,90.49782602981911,90.9288101196289,6265900
2020-09-21,88.95980400482362,89.32318145414713,87.11756589270085,88.56262969970703,4821300
2020-09-22,88.25840920492875,88.8922066518489,86.95701100690755,88.1823501586914,3568700
2020-09-23,88.17388473363165,88.54571457753383,86.9738966249002,87.02460479736328,5057800
2020-09-24,86.48921783987939,86.829159082379,85.2569381301382,86.06429290771484,5352400
2020-09-25,85.73283140744294,88.08691859771339,85.23992353212537,87.67049407958984,3661900
2020-09-28,89.1322509846927,89.56567622877796,87.92546573958617,88.06993865966797,3403200
2020-09-29,89.3361997174385,89.43817752826507,86.76114976881419,87.27106475830078,4044500
2020-09-30,87.3815423966126,89.12373680540502,87.10959076285285,88.31637573242188,6474400
2020-10-01,87.94243609121368,89.19170950892166,86.70165001697933,86.93961334228516,5228200
2020-10-02,85.83481043730514,87.62799362950439,85.83481043730514,86.65066528320312,4116000
2020-10-05,87.70449896997143,88.48636573333317,87.24558577222028,88.13792419433594,2551000
2020-10-06,88.12092549136568,89.51467860756182,87.59401629520792,87.85746765136719,2982500
2020-10-07,88.6648336762324,90.34753269646424,88.31639213621938,89.79513549804688,3386000
2020-10-08,93.48348236130745,93.48348236130745,91.5543260781954,91.61381530761719,5617000
2020-10-09,92.20869061604833,92.68460436375445,91.75827132142096,92.36166381835938,2950900
2020-10-12,93.16902254089071,93.4324803633032,91.86875350570745,92.68460845947266,2898900
2020-10-13,92.29368178729393,92.59962821677695,90.55149368567908,90.8829345703125,3822800
2020-10-14,91.55432284017277,93.10954306400706,91.18038684912392,91.40984344482422,3582000
2020-10-15,90.10106465072143,91.970737928951,89.9056028456607,91.37583923339844,3952600
2020-10-16,91.68178647311562,94.36731473025131,91.61380342248144,93.59394836425781,6405600
2020-10-19,94.20582796346459,94.82622103159885,91.89423598705339,92.19168853759766,5333600
2020-10-20,91.90275827171473,93.84891512181234,91.90275827171473,92.7611083984375,3879400
2020-10-21,92.51464718164164,93.76392739041835,92.0132324419474,92.82909393310547,3566900
2020-10-22,92.9395641697163,95.35313421739387,92.69310697743846,95.04718780517578,4306800
2020-10-23,95.01320125456375,95.59109932330459,94.46079763999931,94.69025421142578,3919000
2020-10-26,93.50047968280929,93.72144246410232,90.44952176702883,91.72429656982422,5763800
2020-10-27,91.44382954256352,91.84325995260308,89.14923786782589,89.41268920898438,5023200
2020-10-28,87.63650673720323,88.58833428781189,86.22575306920983,87.18608093261719,7089600
2020-10-29,87.19457291461511,87.57700914795046,85.74133078915266,86.14926147460938,4858200
2020-10-30,86.0472812894883,86.2597437124253,84.0841305763787,85.4693832397461,5872300
2020-11-02,87.35606394718296,87.51753748812831,85.96231075835671,87.05011749267578,5302700
2020-11-03,88.23139500698912,89.39569142241635,87.59400773623439,87.6449966430664,3859200
2020-11-04,88.47785297518078,89.36169744313416,86.78665388403394,87.07559967041016,6023200
2020-11-05,88.6393252300681,89.25121156023337,87.89145335346848,88.39286804199219,3692600
2020-11-06,88.66482494255888,88.86878706471212,87.53452323208153,88.01043701171875,3924300
2020-11-09,96.14348849248556,98.76102696848771,94.91970940648629,96.21997833251953,11674900
2020-11-10,95.87153541403005,97.66471866566407,95.13217037996777,97.35877227783203,5441400
2020-11-11,97.40977725942615,97.64773414365798,93.21151756698558,93.68743133544922,6191700
2020-11-12,93.05852525333106,94.35879402082661,92.47212699197522,93.14350891113281,3904600
2020-11-13,94.26532915134396,95.76956678294472,93.58545326734168,95.60809326171875,3627100
2020-11-16,96.98484602353055,97.13781922245718,94.40130226601305,94.86022186279297,3690500
2020-11-17,93.9423886940528,94.20584003205194,92.93956576651695,93.60244750976562,3589000
2020-11-18,93.59396333542436,94.23985104855595,93.0075713373527,93.03306579589844,4393100
2020-11-19,93.2114966104409,94.59674900868353,92.29365756289785,94.33329772949219,4477800
2020-11-20,94.11236136724017,94.35031826454832,93.11803869612862,93.61945343017578,4380600
2020-11-23,94.97920522886743,95.27665133004786,93.81490879414551,94.30782318115234,3507200
2020-11-24,95.2936579960155,97.93669145529981,95.15768539639267,96.93386840820312,6673800
2020-11-25,96.67889925044679,97.33328063652529,95.76956037253397,96.29646301269531,3266700
2020-11-27,96.66190637079447,97.51175609988071,95.82055695447397,97.38427734375,2082100
2020-11-30,96.91685906443549,97.26529406444075,96.0840035184507,96.6279067993164,5797300
2020-12-01,97.3757900949393,97.84320358721862,95.11518655056818,95.30215454101562,5035500
2020-12-02,95.21715953911409,96.67890203555194,94.4267990722652,96.54292297363281,5116800
2020-12-03,96.2624870553082,96.4919501395577,95.27666462754479,95.58261108398438,3441400
2020-12-04,95.37864151892926,96.76389429501756,94.9282156992263,96.7553939819336,4077900
2020-12-07,96.42396256263434,96.66191948163983,95.11519302426447,95.70159149169922,3047800
2020-12-08,95.22566924087381,95.39563660119327,93.53446353165103,94.48629760742188,5768100
2020-12-09,94.7922395457611,96.41544915646996,94.58827742628665,95.99052429199219,5574900
2020-12-10,95.92254377906669,96.64491477102176,94.92821464216574,95.76107025146484,3398300
2020-12-11,94.83472907448183,95.73557420504376,94.74974539751834,95.50611114501953,3843400
2020-12-14,96.18600181889256,96.67041595155999,95.09819509878604,95.15768432617188,5414700
2020-12-15,97.16332266896508,98.34461329297511,96.33046706797317,97.63923645019531,7534000
2020-12-16,97.53725576904979,98.64206306946464,96.89986843815798,97.70722961425781,3356600
2020-12-17,97.94516886799467,98.361593367013,97.3502767265399,98.02165222167969,2944600
2020-12-18,97.97066598190477,99.86583354205487,97.56274178348852,99.18595123291016,10211600
2020-12-21,97.96462222660739,98.18668858869651,96.21373266722306,97.7510986328125,4308600
2020-12-22,97.82795032371368,99.02368350541508,97.4265250076362,97.90481567382812,3953300
2020-12-23,98.11833480241404,98.72474087436076,97.29840519036405,97.31549072265625,2373400
2020-12-24,97.43507945290017,97.8194192819832,97.03365408870717,97.39237213134766,1025200
2020-12-28,98.11833985222772,98.91264772294103,98.01585271808514,98.33186340332031,2286400
2020-12-29,99.07494056472571,99.57885308291468,98.51977795659266,98.70767974853516,2717600
2020-12-30,98.64787576384661,99.61299982158395,98.44289498939878,98.76744842529297,2055200
2020-12-31,98.86141630390027,100.13401500024621,98.6308137075215,100.0486068725586,2544100
2021-01-04,100.09984966522876,100.59522592466477,97.7425540815681,99.0920181274414,4579200
2021-01-05,99.07491237123153,100.47562612828578,98.50267090677342,99.88629913330078,3395200
2021-01-06,99.56177010356322,102.11551017993027,99.56177010356322,101.51764678955078,4493900
2021-01-07,101.53471102480636,102.26069627113677,100.74894596436405,101.38097381591797,3908900
2021-01-08,101.56035033630191,102.38028003387906,101.11621767747553,102.24362182617188,3529900
2021-01-11,101.26140286684632,102.04717445679162,100.42439422803392,101.21015930175781,3712700
2021-01-12,100.8856118039733,101.03934902451435,99.5788421712635,100.17671203613281,3213100
2021-01-13,100.52687636967151,102.24360739338148,100.0315067272147,101.39805603027344,4070900
2021-01-14,101.0308025499035,101.86781120729165,100.39877467363999,100.586669921875,4281600
2021-01-15,100.39021515480904,101.03932845564287,99.57882189971161,99.7667236328125,5659500
2021-01-19,100.48418330006538,101.63720915955552,100.12546530221896,101.04788208007812,4508500
2021-01-20,101.26141887274072,102.06426960587771,100.74896359219001,101.8849105834961,4062500
2021-01-21,101.55181989564687,101.88491617208695,100.02299022151847,100.70626831054688,3806000
2021-01-22,100.52689392104375,100.57814400875839,99.55322696535438,99.5703125,3028300
2021-01-25,99.69843345828156,99.9204932911768,98.92120449448049,99.8436279296875,3287600
2021-01-26,99.95466051158162,100.3902504536377,99.56177789341794,99.71551513671875,3371600
2021-01-27,98.4001872658645,98.6051680394605,94.91548153362602,95.23149871826172,6894600
2021-01-28,95.79520378977598,98.95534956461202,95.79520378977598,98.02438354492188,4236900
2021-01-29,97.38382818121485,97.38382818121485,94.87279539700171,95.08631896972656,7315100
2021-02-01,96.22226089879972,96.70055159145146,94.3347068805377,94.95819854736328,5905500
2021-02-02,96.43577581306674,98.44289580829388,95.8976923158608,97.32402801513672,3865900
2021-02-03,97.08489118123177,97.28987849153417,95.73542071140643,96.1966323852539,4602900
2021-02-04,96.62368414238489,100.33899949611917,96.0941498559237,99.92903137207031,5903500
2021-02-05,100.78313968267777,101.55182594960384,100.55253706071153,101.1247787475586,4147800
2021-02-08,101.10766260775108,101.44075880322902,100.44147021679518,100.8428955078125,4780300
2021-02-09,101.09058635435053,102.08987496809065,100.37314386402487,100.68061828613281,3624000
2021-02-10,101.28702794510501,101.63720969452798,99.8863139798563,100.30482482910156,3424000
2021-02-11,100.49271833878848,101.63720134378107,100.10837207103313,101.39805603027344,3892800
2021-02-12,101.5774346692953,102.3888216422919,101.23579564837272,102.26924896240234,3005400
2021-02-16,102.26924589025717,102.94398114434924,101.29557894542106,102.21800231933594,5417900
2021-02-17,101.23578760988147,101.6372129388742,100.03151813912511,100.9197769165039,3299400
2021-02-18,100.11693393737922,100.5610601020217,98.43436713976979,98.55393981933594,6044600
2021-02-19,98.7418360924656,99.14326142983188,96.19663237763241,96.79450225830078,10331500
2021-02-22,96.31620824898565,99.57031185845453,96.15393476823111,98.86141204833984,5808400
2021-02-23,100.34752172313165,102.27777636253228,99.50197032346564,100.78311157226562,5961400
2021-02-24,100.8172825264192,102.07280207260986,100.58667343789917,101.41514587402344,6461900
2021-02-25,100.8514410296491,101.55179798751244,99.94609677956622,100.68061828613281,4207900
2021-02-26,101.26141094884377,101.57742816329528,99.73258147820853,99.90340423583984,5225200
2021-03-01,100.78313164570041,101.8165850102901,100.41587082057987,100.66355895996094,4613400
2021-03-02,100.86852664566672,101.20162287204109,100.03151795444667,100.67208862304688,3688200
2021-03-03,100.1596255253881,101.67991869867066,99.75820671876802,100.74040985107422,4564100
2021-03-04,100.85144811818601,101.26995246582888,97.42652843555858,98.4514389038086,5052300
2021-03-05,98.827230111101,101.4322197906496,98.44289036254774,101.00517272949219,4636100
2021-03-08,100.99664145114787,101.15892143803624,99.59592745253117,99.64717102050781,3873900
2021-03-09,100.4329382471783,101.75678692162519,99.85216042132454,99.97173309326172,4025400
2021-03-10,100.86854263206207,102.01303246311701,100.1596427492329,101.34683990478516,4475200
2021-03-11,101.93615580298102,101.93615580298102,100.44149074277244,100.86853790283203,3654700
2021-03-12,100.7404158504945,101.84219823320002,100.66355049450723,101.47493743896484,3063400
2021-03-15,101.73970566964971,102.10696644431167,100.92831225221333,101.76532745361328,3886200
2021-03-16,101.93614325729382,102.20091689497535,101.03934824127433,101.58596801757812,3590500
2021-03-17,101.73117568939416,102.18384463957071,101.1589340548775,101.26142120361328,4398400
2021-03-18,101.14182268254457,102.70481646372336,100.97100646747165,101.49200439453125,4269700
2021-03-19,101.34680674716225,101.36388576163972,99.39946676947332,99.60445404052734,9590600
2021-03-22,99.50197711939023,100.58667391698762,98.65642566197357,99.79236602783203,4879100
2021-03-23,99.77528944145254,99.99735576969736,98.03293639968493,98.2464599609375,6830800
2021-03-24,98.34895720585689,100.01443843792724,98.31479265286286,99.040771484375,4206200
2021-03-25,99.47855690798748,100.32835895603702,98.52574597118269,100.07084655761719,3944400
2021-03-26,100.13950032161137,101.98502841804488,99.58154707314135,101.77043151855469,5802900
2021-03-29,100.98071624218157,102.71466285305958,100.4485135751737,102.28546905517578,4285400
2021-03-30,101.73608505417084,102.43138339228733,101.44423644356114,102.00218963623047,4489600
2021-03-31,102.38846842764193,102.52581358251994,101.34982025254227,101.40132141113281,5711800
2021-04-01,101.6674396339201,101.95928830367464,100.96356199330103,101.45284271240234,6020900
2021-04-05,102.00220621869998,103.27261627573141,101.71035101166646,103.22111511230469,4984400
2021-04-06,102.91210485391998,104.5602077306216,102.70609363157696,103.9936752319336,5128200
2021-04-07,103.86490804153887,104.76621771438317,102.97218407910611,103.54730224609375,4299600
2021-04-08,104.1138436103608,104.34560540489748,103.51296829852562,103.5644760131836,3393800
2021-04-09,103.77907197950141,104.72329711914062,103.57306076970225,104.72329711914062,3918700
2021-04-12,104.50867824045203,104.94645769964919,103.99364704967846,104.54301452636719,4361400
2021-04-13,104.24260996015177,106.36282874040982,104.08809990392707,106.12247467041016,6238700
2021-04-14,106.09671386951577,107.17828415894107,106.03662699504648,106.35423278808594,5845000
2021-04-15,106.44863864245997,108.27700171021834,106.44863864245997,108.02806854248047,5605300
2021-04-16,108.86929720796645,108.86929720796645,107.36711895862977,108.07958221435547,4509800
2021-04-19,107.60747700408463,108.40577778555998,107.38429437996838,108.2684326171875,4172200
2021-04-20,108.07958584571855,110.23413400617973,107.97657697609975,110.11396026611328,5411000
2021-04-21,110.56891989518823,112.77498261817158,110.18264804155639,111.80500030517578,6046000
2021-04-22,111.65048573142734,112.37152819976774,111.01527416762889,111.46163940429688,3623300
2021-04-23,111.49598985641514,113.1269214231648,111.1697983038819,112.62047576904297,3801200
2021-04-26,112.80931950474726,112.86941293584984,111.60758186227542,111.69341278076172,2793900
2021-04-27,111.04959084260388,111.92514979282174,110.64614765465811,111.56462860107422,3279100
2021-04-28,111.81358914832913,112.98099707017843,111.59041303751907,112.62047576904297,3875100
2021-04-29,113.3758418703675,113.56468820034884,112.37152989616993,112.87797546386719,4239100
2021-04-30,112.16551477777222,112.6290514524054,111.40155027872362,112.38011169433594,4866200
2021-05-03,113.10117083722358,113.22993686488797,112.36295681167243,112.62047576904297,3109800
2021-05-04,112.33716962443019,112.44018503258926,109.93369506661878,110.30279541015625,6659000
2021-05-05,110.18262054210375,110.25987227395815,108.50876752882242,109.01521301269531,7670900
2021-05-06,108.79204931547191,109.44442576551353,108.00233424640882,109.27275085449219,4449500
2021-05-07,109.40150405941093,110.25131255350773,108.60320327794241,108.7577133178711,3871100
2021-05-10,109.01522740555437,109.90794476451515,108.86930308235672,108.92938995361328,3866400
2021-05-11,108.41438032981794,108.79206650353116,106.81777851895568,107.48731994628906,3501400
2021-05-12,106.77485725932495,107.2126368683382,105.46152498126433,105.68470764160156,4796300
2021-05-13,105.90787380056865,107.28987854409063,105.84778692254503,106.6031723022461,3261800
2021-05-14,107.11819001935002,107.8478181738421,106.92934369840386,107.53021240234375,3687600
2021-05-17,107.68473774942984,108.26844166584044,107.34996705976567,107.75341033935547,3008000
2021-05-18,107.71046935007259,109.13538923387569,107.71046935007259,108.02806854248047,4232700
2021-05-19,107.38429260967341,108.06241963213255,106.78342388039466,107.87357330322266,4608900
2021-05-20,107.68472874863804,109.25557972974997,107.56455500080219,108.7577133178711,3385000
2021-05-21,109.27275349609658,110.362909509268,109.1525797456809,109.26416778564453,3647600
2021-05-24,109.95086513872278,110.44873152118626,109.61609449681954,109.95945739746094,3826900
2021-05-25,110.34573072293068,110.8607554340679,109.93370833442978,110.21696472167969,3854900
2021-05-26,109.46159545338413,110.07964218759827,107.56455944252215,108.38861083984375,6450200
2021-05-27,106.92074827096805,109.5388328479951,106.44005335150489,107.42720031738281,9866400
2021-05-28,108.71480727763499,109.90795914903569,108.47445976115263,108.66329956054688,5530000
2021-06-01,109.93370371571255,109.97661261637121,107.03234950243373,107.1181869506836,5643900
2021-06-02,106.98943695800199,107.2898713279133,105.99371068215619,106.26839447021484,6011200
2021-06-03,105.899303623621,106.1224797329419,104.96365753046501,105.64178466796875,4763000
2021-06-04,106.11386909068064,106.77482460894018,105.78767763709163,106.31129455566406,4037300
2021-06-07,106.77483049293127,107.41862117757343,106.33705099366091,106.40572357177734,5765700
2021-06-08,106.98084479766254,107.08385366784073,103.46145692879558,104.5516128540039,6380300
2021-06-09,104.87781606999513,105.77912583149563,104.70614113874687,105.67611694335938,3880100
2021-06-10,106.44865988594552,107.2383749935557,106.15680466418969,107.07527923583984,3514200
2021-06-11,107.19545349160728,107.21262491301489,105.72761131222043,106.25122833251953,6245200
2021-06-14,106.71474909230774,106.71474909230774,105.54734140042135,106.5688247680664,3434900
2021-06-15,106.84350538538226,107.60746982378762,106.39714016693425,107.44437408447266,4381800
2021-06-16,107.52164581632637,107.76199332601122,106.51732722374543,107.31562805175781,4678100
2021-06-17,106.7662506871033,107.63322402407472,106.48298774742052,107.47871398925781,3837400
2021-06-18,106.08811964906329,106.74908176418296,105.7447698504832,105.77910614013672,5820600
2021-06-21,106.01088170190556,108.0023409180713,105.85637165285053,107.76199340820312,4623500
2021-06-22,108.44869294405548,109.11824081458364,107.88216049850466,108.7834701538086,3923800
2021-06-23,108.79203964675,108.9465496725286,107.67613972632898,107.71905517578125,3575100
2021-06-24,108.36609788468937,108.53001654613122,107.89159996052685,107.91748046875,3690100
2021-06-25,108.05554978450151,108.40926771761838,107.40851056423503,107.77947998046875,4182600
2021-06-28,108.09003192892034,108.20218299580472,106.105776190358,106.75281524658203,4552600
2021-06-29,106.933985682468,107.56377326165678,106.8045831364896,107.4429931640625,3922500
2021-06-30,107.29633641986737,107.74494728679275,106.63203927716289,107.08927917480469,3704000
2021-07-01,107.37398886217451,108.86649539074065,106.98576800676719,108.81472778320312,3182400
2021-07-02,108.5472846323709,109.44451301950718,108.39199497725075,109.41863250732422,3478900
2021-07-06,109.40136765697913,109.61704735448569,108.36610774175647,109.5394058227539,3066300
2021-07-07,109.56527955304911,110.27270865381156,109.12529115439759,110.20368957519531,3216100
2021-07-08,110.0570286904624,110.12604776890356,108.48688085704488,109.94487762451172,3815300
2021-07-09,110.33310105659271,110.95425961335111,110.13467942886373,110.57466125488281,3750600
2021-07-12,110.60053253173828,111.06640799243866,110.21231175718292,110.60053253173828,3165000
2021-07-13,110.05703812017859,110.4711460442848,109.42725049398047,109.9103775024414,3214700
2021-07-14,110.47113685932784,110.48839491999271,109.59978909235723,110.20368957519531,3049700
2021-07-15,109.09940273830206,109.47037203145086,107.83120523423472,108.1504135131836,5115400
2021-07-16,108.4006125382367,108.84060094485686,107.88298260328331,108.53002166748047,3646400
2021-07-19,107.69318401115679,107.9606247195678,105.19129829956483,105.89872741699219,4678700
2021-07-20,105.90736932137031,108.80610522368511,105.90736932137031,108.27984619140625,5137300
2021-07-21,109.27196914109929,109.72058003239698,108.71982303962344,109.60842895507812,3386000
2021-07-22,109.86724507960542,110.19508245763171,108.90100417263749,109.66019439697266,2342200
2021-07-23,110.0570509387791,111.10956247867747,110.0570509387791,110.89388275146484,2985400
2021-07-26,110.67817406088328,111.02326943254299,109.60841131884416,110.48838806152344,2402200
2021-07-27,110.26409093205639,112.9644050671693,110.13468837390654,112.34324645996094,4151700
2021-07-28,112.34323253299094,113.13693217402056,111.91187317390681,112.60205078125,4317200
2021-07-29,112.96439709078969,113.22321535285886,111.72207996409256,112.74008178710938,3195600
2021-07-30,112.61929512843824,113.62868760813167,112.45538963058145,113.2835922241211,2740000
2021-08-02,113.49927387894536,114.21533200368762,113.10243063547667,113.2404556274414,3401100
2021-08-03,113.14556339179127,113.48202319139337,112.56754338550274,113.41301727294922,3208500
2021-08-04,112.69696142251536,112.99028265609742,110.67818941928515,110.75584411621094,4045100
2021-08-05,110.86799817789675,110.98015584443533,109.66882604708692,110.44527435302734,3711900
2021-08-06,110.8766110251201,111.10953559604128,110.10016287860947,110.98013305664062,2414500
2021-08-09,111.0060194012703,111.57541693265772,109.28921094073048,109.49626159667969,3411500
2021-08-10,109.40998522808319,109.77232550225688,106.92535774257911,108.0986557006836,4123800
2021-08-11,108.70257389159953,109.05629177553818,108.27121447139477,108.7370834350586,3403700
2021-08-12,108.91825075424931,110.33310908897046,108.77159013489923,110.01390075683594,2689300
2021-08-13,110.28997693072662,110.74721687766365,109.77234692630779,110.7213363647461,2552500
2021-08-16,110.81622946822716,111.8601250295173,110.45388914458486,111.79972839355469,3233800
2021-08-17,111.67893785102663,112.82635535070796,111.29071705225763,112.80909729003906,3410300
2021-08-18,112.84359873751666,113.16280041614526,111.51500468368666,111.57540130615234,4050300
2021-08-19,110.9283649055213,111.64442296024478,110.4366089593452,111.23030853271484,4016600
2021-08-20,111.14405176642029,112.17931157422404,110.60917038459759,112.06715393066406,4496500
2021-08-23,112.29146867656041,112.32597163223575,110.07427530819504,110.84209442138672,5028300
2021-08-24,111.10090958702982,116.23408305539321,110.93699093301454,114.37062072753906,10319200
2021-08-25,114.45688864345155,116.63956590693729,114.05140980028612,116.07880401611328,6483800
2021-08-26,116.16506991970328,116.16506991970328,114.56041258033282,115.060791015625,4448100
2021-08-27,115.37140296154409,115.65610179834228,114.80201845199434,115.44042205810547,3801400
2021-08-30,115.7595916525153,116.10468703930374,115.17294924103939,115.46627044677734,3550300
2021-08-31,115.56980752508274,116.28585249072704,114.76747225628371,115.15569305419922,4769900
2021-09-01,115.7509536743164,115.83723080044865,114.54315289271219,115.7509536743164,2422400
2021-09-02,116.46700752520057,117.04502739027038,115.81134614781706,116.23406982421875,4963700
2021-09-03,116.17370002618993,116.57917885688204,115.77684364319937,116.14781951904297,2298400
2021-09-07,115.49216326509442,116.17371849911879,114.6984635369484,116.09607696533203,3214000
2021-09-08,115.96666934127512,117.05369038231412,115.47492642891652,116.61370849609375,2175400
2021-09-09,116.62232972845982,117.23486591414105,115.05218824112603,115.1125717163086,3445300
2021-09-10,115.40589460071612,115.57843572348003,112.68832255202017,113.1369400024414,4278700
2021-09-13,114.0082718739723,114.04278799411914,111.0836559835593,112.18793487548828,4703200
2021-09-14,112.84360775947177,113.19732558322984,111.97225345391931,112.65380859375,3333600
2021-09-15,112.86951976297044,114.37927789811336,112.16208391804699,113.57694244384766,3303800
2021-09-16,113.58556787734837,114.17221038139441,112.29148959178733,112.94715118408203,3049500
2021-09-17,112.4640280234415,112.86950692961459,111.43739050202645,111.8946304321289,6832800
2021-09-20,110.67817906083211,111.54089778289159,110.00526609277065,111.05777740478516,3385100
2021-09-21,111.903263537173,112.19658477556116,110.22095789493109,110.28997039794922,2999300
2021-09-22,111.10954615446143,111.89462340554284,110.57466472205357,111.21308135986328,3479800
2021-09-23,111.4558247610932,113.69257209639296,111.37780192151973,113.25909423828125,3890600
2021-09-24,112.94697657376638,113.83993979978952,112.3834607149454,112.72157287597656,2801300
2021-09-27,112.4875154958188,112.76494770269225,111.23043222657576,111.62055969238281,2931400
2021-09-28,110.80560739937106,110.9183158750779,109.04568836285867,109.23641967773438,6100400
2021-09-29,109.5398398533666,110.24207839427805,108.69889185450174,109.73924255371094,2693800
2021-09-30,109.73924036801812,110.95297951908142,108.6468744706265,108.67288208007812,5647000
2021-10-01,109.23641391242981,110.91831002100582,108.5168391222301,110.37212371826172,4042600
2021-10-04,110.11203588271543,111.45581313407116,107.71923650353733,108.41280364990234,5125900
2021-10-05,108.9763255693505,110.61487126396183,108.36078783457002,109.06302642822266,3853200
2021-10-06,108.27409370213672,109.36645970445745,107.47649606872336,109.31443786621094,4005500
2021-10-07,110.18140501834769,111.70725563138103,109.77394136477795,109.95600128173828,3135600
2021-10-08,110.10337479671136,110.32878513256435,108.42147860842249,108.6035385131836,4116300
2021-10-11,108.22207998975395,108.8202749159954,107.05169113523715,107.10370635986328,3588300
2021-10-12,107.32044969915212,107.50250960718455,106.06335993271783,106.57486724853516,4298100
2021-10-13,106.48818196532788,106.83496560645156,105.73392804195996,106.26277160644531,4063500
2021-10-14,107.02567993746646,108.48216579734036,106.86962764482472,108.19607543945312,4658000
2021-10-15,109.23640588211687,111.24774922908388,109.01966698155712,110.75357818603516,7229900
2021-10-18,106.68757064515611,106.86096576078508,103.60121034478139,104.65889739990234,10310600
2021-10-19,105.51717203541904,106.43614291364271,105.04901518773525,105.94197845458984,5031200
2021-10-20,106.63554046200716,106.85227936538523,105.21373378499479,105.5865249633789,5138800
2021-10-21,105.71656684079211,105.79458966906466,105.1877234013462,105.46514892578125,3737300
2021-10-22,105.4131361434774,107.12971127066936,105.34378471717373,106.71356964111328,3747000
2021-10-25,106.73959194986341,107.16439840590873,105.8119495825456,107.12104797363281,4182100
2021-10-26,107.69323353642733,108.19606940850521,106.76559124141659,107.54585266113281,3390900
2021-10-27,107.94463942525908,108.10069169178605,105.81192952562124,106.20205688476562,3610800
2021-10-28,106.02868157014446,106.72224214069843,104.82361371249806,105.13571166992188,4242900
2021-10-29,104.54617344947906,104.57218767373409,103.06368015556761,103.91329956054688,8118500
2021-11-01,104.15604800809058,104.9363093915851,104.03467475002994,104.23407745361328,3600400
2021-11-02,104.6935862295337,106.78294630737827,104.16474265243716,105.1617431640625,6909700
2021-11-03,105.21373813350654,105.60386552997255,103.99132749304542,105.05768585205078,4762800
2021-11-04,105.42180737902734,105.56918825440749,104.00867202841512,104.63288116455078,3928400
2021-11-05,105.13571736487398,108.0486891162913,104.79760516286547,106.61821746826172,6147400
2021-11-08,106.6615721059068,107.4678412727217,106.06337048120119,106.65290069580078,4183900
2021-11-09,106.72222853283736,107.38978802069643,105.81192915986503,106.0199966430664,3150700
2021-11-10,105.84660655314308,106.5748527002086,105.4304715671168,106.12403869628906,3225700
2021-11-11,106.10670611049255,106.24542219543991,103.07236120291235,103.67056274414062,4046900
2021-11-12,104.04334291748485,104.12136574623078,102.55217823421982,103.43647003173828,5539500
2021-11-15,103.90463967253102,103.98266912525463,101.83261607169123,101.93665313720703,5775200
2021-11-16,101.69391166137636,102.82095016267692,101.18240433172622,102.29210662841797,5283500
2021-11-17,101.59853028513346,102.62153817184982,101.11303064466621,102.15338134765625,3976700
2021-11-18,102.24875305883775,102.34411871096029,100.21140195835336,102.0146713256836,7731800
2021-11-19,102.24875903817404,102.41347612609798,101.19974341782826,101.62454986572266,7325000
2021-11-22,102.11870899538933,102.99433607266906,101.22574571505065,101.33844757080078,6813100
2021-11-23,97.68857429382629,100.22875490900108,96.32745402923861,98.29544067382812,11151900
2021-11-24,98.01799074335221,99.94263309077786,97.54983396038281,99.21439361572266,5588500
2021-11-26,98.36478067995178,98.40813110529264,96.04133942869149,96.27542114257812,5561300
2021-11-29,97.0990445961222,97.50651485941938,95.5125139764386,95.60787963867188,7026000
2021-11-30,94.99233859252705,95.26109275088072,92.4088076198417,92.5041732788086,14018500
2021-12-01,94.29876246096056,94.4288071303932,91.35978335777754,91.43781280517578,8205200
2021-12-02,91.67188373067448,93.56184721229266,91.04767463739195,93.00699615478516,7458800
2021-12-03,93.30178237947321,94.0647010761608,91.81928880600381,92.65156555175781,6922900
2021-12-06,93.65722506986208,96.43148733348202,93.37979950493481,95.57319641113281,7624800
2021-12-07,96.9256509964896,99.21441354109838,96.78693490804197,97.33311462402344,9550600
2021-12-08,97.42848625896349,97.87930695973122,96.64823136378807,97.46316528320312,5585200
2021-12-09,97.06435851566833,98.39079966658474,96.63955207846077,97.80126953125,6162500
2021-12-10,98.56419833921636,98.96299717837715,96.96899636822592,97.47183227539062,4342700
2021-12-13,97.3591266809273,98.32144802645138,97.23775341341499,97.84461975097656,4750000
2021-12-14,97.33311339706862,97.97466537653098,96.46615769824096,96.83028411865234,8183100
2021-12-15,91.5591912462672,91.70657212660075,89.66922757137877,90.97833251953125,18546500
2021-12-16,89.58252680508917,90.48416145370626,87.76192130557334,88.61153411865234,18427400
2021-12-17,87.13772979051522,90.11138846548658,86.92099083932007,87.24176025390625,22561600
2021-12-20,86.62621339575867,87.06836266212169,85.29110080185555,86.28810119628906,12699900
2021-12-21,87.23037148226634,89.64713311525699,87.125671704193,88.68740844726562,9610500
2021-12-22,88.68742685924835,88.835746583284,88.04179473496006,88.41695404052734,6690600
2021-12-23,89.09748315250177,90.21425427085589,88.27735145025005,89.77801513671875,7255200
2021-12-27,90.11828269902371,91.82833933585913,89.4988239165334,91.11290740966797,6591300
2021-12-28,91.31358360658011,91.40955009722904,90.69411814547372,91.20015716552734,7488200
2021-12-29,91.35721541305848,91.59278831628963,90.67668330413676,90.69412994384766,3635500
2021-12-30,90.63304621533162,92.11626336516798,90.59814628347273,91.14781188964844,3519200
2021-12-31,91.14782049920375,91.50553318570338,90.24916880251796,90.25788879394531,3608900
2022-01-03,89.98741132010922,92.77061922689332,89.66459195280962,92.5699462890625,7797800
2022-01-04,92.24714288403229,93.78270005411119,91.95049677076764,92.8229751586914,7680600
2022-01-05,93.47733033382616,95.0914139577542,92.48270554258481,92.4914321899414,7206000
2022-01-06,92.735716464613,93.18940223786161,91.27867934580806,91.58404541015625,5207000
2022-01-07,90.73773137393232,92.33436805239428,90.61558496037044,91.74980926513672,5142200
2022-01-10,91.55788325902516,92.17734210958558,90.40621206454291,92.15116882324219,6500500
2022-01-11,92.55249225368611,94.28872206790416,92.48269239771739,94.13167572021484,7217100
2022-01-12,93.97462458008361,95.30079514993585,93.79140495986988,95.0564956665039,8421600
2022-01-13,94.86456794534908,96.4960980968709,94.62026843130198,94.90818786621094,5165400
2022-01-14,94.30618886067548,94.96927432114506,93.56458353781869,94.70753479003906,6291500
2022-01-18,93.36389090250574,94.41086204466491,92.76187883470013,93.78267669677734,8019400
2022-01-19,93.69544539871542,95.17865586661084,93.31155281133866,94.01826477050781,7278600
2022-01-20,93.05854005110449,95.04778953952393,92.45652788511603,92.57867431640625,6110400
2022-01-21,93.66053437502943,93.72160758338077,91.14779953024254,92.13369750976562,6406200
2022-01-24,90.39747384336458,91.46189839493016,87.84111225290131,90.92095947265625,10286900
2022-01-25,89.5598910211034,91.3135741150837,88.35586681188681,90.88605499267578,8577400
2022-01-26,91.27868037298454,92.34309828690765,90.08338272882101,90.8162612915039,6568200
2022-01-27,91.6887306167347,92.44778904519539,89.70820803647113,90.02230072021484,5979300
2022-01-28,90.2578762576629,90.68539541157554,88.30352675578044,89.97868347167969,8459400
2022-01-31,89.86527310232538,90.38003215119831,88.82702170048647,90.29278564453125,9255000
2022-02-01,90.46726565639634,90.90350475142152,89.42901448016269,90.38001251220703,8114900
2022-02-02,89.85652623478649,90.29276532643908,88.46928911844178,90.18807220458984,10230100
2022-02-03,89.0974857310679,89.8041910187489,88.38205379663697,89.14110565185547,7134200
2022-02-04,88.66124825050049,90.33640500799322,88.61762167241194,89.62969970703125,4526800
2022-02-07,89.5599010824414,90.07466009729798,88.82701583060874,88.98406219482422,5258400
2022-02-08,89.4377490802497,91.26122546451988,89.01022993643669,90.92095947265625,5775500
2022-02-09,91.43571205607488,92.74442927067626,91.43571205607488,92.56120300292969,7087600
2022-02-10,92.0726128901359,93.15448387105214,91.20886143436695,91.50550079345703,6516700
2022-02-11,91.339761701542,92.33438650011024,89.5424517522935,89.8565444946289,5859000
2022-02-14,90.07465733915477,90.20553041474047,88.72231997538555,89.26325225830078,7079900
2022-02-15,90.18807119260228,91.43571524698827,89.87397851761837,90.65921020507812,5325500
2022-02-16,89.92633204013222,90.3189445860184,88.65251460695754,89.99613189697266,7499400
2022-02-17,89.21089134361519,89.86524995982752,88.46055959783996,88.73102569580078,5551600
2022-02-18,88.55654653316162,89.01023231561284,87.50084859986916,87.75386810302734,8364700
2022-02-22,87.64044609615232,91.33103238239083,87.50957967107554,90.49345397949219,9609800
2022-02-23,90.94712388857282,91.17397007985872,89.47264028641519,89.89142608642578,6454100
2022-02-24,88.09414114892864,90.29278368914088,87.30890929296656,90.15319061279297,7617300
2022-02-25,90.41491775740819,92.4041737391881,89.9001587901074,92.34309387207031,6969200
2022-02-28,91.02565404378313,91.99410539788035,90.38874201605557,91.60148620605469,5780600
2022-03-01,91.2612030296029,91.71489534487631,89.70819316000862,90.44107818603516,4543400
2022-03-02,91.68872661824477,93.33771646422798,91.4618870893625,92.81422424316406,5919300
2022-03-03,93.36390142767411,94.65516553813947,92.78806257503454,93.92228698730469,6480000
2022-03-04,92.51760781317188,94.69880375372247,92.41290801169201,94.49813079833984,5186200
2022-03-07,94.00953572372434,94.3498017242198,92.86659129418736,93.04108428955078,6556600
2022-03-08,92.76189079164148,93.33772965359036,90.77264137123814,90.8162612915039,7482700
2022-03-09,92.51759546388794,93.06725437120458,90.17062681505561,90.37129974365234,9962000
2022-03-10,89.70821245055241,91.29612258250945,89.34177318698094,91.13907623291016,5146900
2022-03-11,91.96796329180562,92.52634900785813,90.38877265615704,90.58071899414062,5149800
2022-03-14,91.1478107244328,91.67129638266117,89.72566680940955,90.05721282958984,4175500
2022-03-15,90.71156903371215,92.09008633185921,90.51089609781233,91.95921325683594,5017900
2022-03-16,92.45651524668015,93.68670603836422,91.95920294255589,93.61691284179688,5255000
2022-03-17,93.35517703511879,95.78939226312998,93.05853761161345,95.74576568603516,5693400
2022-03-18,95.73704138043206,96.31287356453771,94.64644356703121,96.12965393066406,16292800
2022-03-21,95.13502325971514,96.49608711495931,94.30616497989615,94.88200378417969,8206100
2022-03-22,95.11756400495982,95.57998301114266,94.89944446970526,95.07394409179688,5601800
2022-03-23,94.51559107175133,95.01290351665509,92.22969516094905,92.622314453125,7002600
2022-03-24,93.21033325376608,93.51752898339913,92.31509568549875,93.34198760986328,5660500
2022-03-25,93.79838990580357,95.21146617713518,93.71939461246106,95.19390869140625,5597200
2022-03-28,95.6152074948177,96.55433215561469,94.92183408040209,96.48411560058594,5688000
2022-03-29,97.42323975546019,98.71344048848162,97.15115897641076,98.63444519042969,8862200
2022-03-30,98.23950336624749,98.75733546724142,97.65145470017026,97.91475677490234,4694900
2022-03-31,97.66020826584143,98.73098724393958,97.33546843217552,97.37934875488281,6899800
2022-04-01,97.73043218219574,98.88020654175955,97.28281000104923,98.75732421875,4479100
2022-04-04,98.30091315350172,98.44134624362009,96.90539447559662,97.31790161132812,5099200
2022-04-05,97.02830017530106,98.16928925341557,96.69477483093405,96.98441314697266,5496100
2022-04-06,96.30858832125465,98.32726421204654,95.66787392569084,98.05518341064453,5560700
2022-04-07,97.84453603595671,99.28394197915202,97.32669729627212,98.59056854248047,6668600
2022-04-08,98.35359272449338,99.2751666559765,97.66021926393154,98.71344757080078,5230500
2022-04-11,98.6168837651152,98.95040231947458,97.73041827267926,97.87962341308594,3407100
2022-04-12,98.01129434055218,98.49402481317637,96.67721320127566,97.05461883544922,4733900
2022-04-13,96.2471419612115,97.14237959049031,96.21203368411166,96.94928741455078,4791500
2022-04-14,97.27404267887785,97.51979394439597,95.58888540427947,95.6854248046875,6665800
2022-04-18,95.25533842465562,95.88727393295422,94.38643044885417,94.86038208007812,3418000
2022-04-19,95.36067182817568,98.00251096194516,95.22023872647817,96.73863983154297,9780300
2022-04-20,97.2389171851121,99.60866876450199,97.2389171851121,99.17860412597656,5477700
2022-04-21,100.05628940347293,100.32837015292054,99.2049321853993,99.2575912475586,5859300
2022-04-22,98.08152317460372,98.14296099733406,94.5268881126064,94.61466217041016,6351500
2022-04-25,94.29867516756411,96.25591304878013,93.80716598928522,96.08915710449219,5498200
2022-04-26,94.65851543156322,96.03648337261727,93.70184008033152,93.71939086914062,5251200
2022-04-27,93.71937711182758,95.00957752700715,93.20154521524125,93.58772277832031,4757700
2022-04-28,94.15824819085347,94.47421600595456,92.46431223064694,94.04415130615234,5063200
2022-04-29,93.58774410338727,93.58774410338727,91.38475498534018,91.59539794921875,5206000
2022-05-02,92.30633104782562,92.64862840825258,88.87457869948305,90.52462768554688,6104000
2022-05-03,90.77914288476879,91.4461867048793,90.10332701823612,90.49828338623047,3841500
2022-05-04,90.4807305348732,93.2103370649404,89.94534773829965,92.8855972290039,4258100
2022-05-05,91.71828186040172,92.74517393538238,90.81426541680918,91.76216888427734,3945400
2022-05-06,91.25310809133806,92.0079193612585,90.15599946601414,90.79670715332031,5496400
2022-05-09,89.76980666143058,89.80491493769209,87.07530839838596,87.40005493164062,6593300
2022-05-10,88.45329306713649,88.93602358622981,86.70669784607024,88.04077911376953,5638900
2022-05-11,88.17240212368534,89.92777546486057,87.97930998476122,88.33916473388672,4113400
2022-05-12,87.73357868258064,88.99744991760798,87.32106478246925,88.742919921875,4434700
2022-05-13,89.84001793906975,90.42806646543039,89.34851549270489,90.11209869384766,3525900
2022-05-16,89.5240673191743,91.56907948365607,89.5240673191743,91.11267852783203,3751200
2022-05-17,92.39408574203469,93.32443829593535,92.14833451141827,93.26300048828125,3168200
2022-05-18,92.27999134946127,92.94703520493066,90.62116380200348,90.90202331542969,4133800
2022-05-19,89.7259254466868,90.62116304569291,88.8657894273744,90.18231964111328,4230400
2022-05-20,90.86690639855107,91.05121980893985,88.13730012314983,89.98921966552734,5335800
2022-05-23,91.13023899131552,91.66562857453674,89.96291372322861,91.50764465332031,4134300
2022-05-24,91.4023064143856,92.79783196335477,91.06878782789533,92.6749496459961,4381900
2022-05-25,92.38531413686155,93.08745955680396,91.57783719441044,92.63106536865234,5495100
2022-05-26,86.67156987985085,88.98866245283999,86.17128868105135,87.27717590332031,12674300
2022-05-27,87.00510011493073,87.04898713848343,85.01275379532322,86.96121978759766,13358600
2022-05-31,86.31172699762985,88.31285876525425,86.20640885464204,87.90034484863281,11330500
2022-06-01,88.01443029448355,88.0495385696556,84.59145047172436,85.8202133178711,6493700
2022-06-02,85.89044458969605,86.80323981196467,84.36327118716004,86.45216369628906,6794700
2022-06-03,86.68912016873873,86.68912016873873,83.71376252523096,83.8015365600586,9097000
2022-06-06,84.47736189449319,85.01275142505455,83.54701594784797,83.81031799316406,5432500
2022-06-07,83.47679369646382,84.74066485567175,83.00284201176083,84.67044830322266,5929000
2022-06-08,84.5036880109208,84.95131017493551,84.09117412410521,84.29304504394531,5665500
2022-06-09,83.38025411123691,83.79276801876131,81.77408550389619,81.8004150390625,5974800
2022-06-10,80.63308429204378,82.30946250581383,79.87827314985877,81.39666748046875,6723500
2022-06-13,79.4306446817357,80.57164004625888,78.76360092880441,79.14100646972656,8502400
2022-06-14,79.02692711565254,79.26389962582718,76.964364296373,77.6577377319336,7521900
2022-06-15,78.29844243192157,79.29022615351087,77.62262650939455,78.42131805419922,5236200
2022-06-16,76.79759858264359,77.28910107078237,76.31486814163644,76.70983123779297,6729900
2022-06-17,77.47342287055847,78.56175949214212,76.98192032933999,77.4295425415039,8299300
2022-06-21,78.68463170836266,78.77239905887792,77.3329930825247,77.85960388183594,6520400
2022-06-22,77.39443239812277,78.8952762185588,77.28033550986264,78.33355712890625,7458400
2022-06-23,78.1566735040612,79.25335908935295,77.97094498339624,78.4219970703125,6823300
2022-06-24,79.02337917578133,80.04931550260414,78.05051294189516,79.79283142089844,7131800
2022-06-27,79.91667446453549,80.659588513154,79.49214733130358,80.01396179199219,7237200
2022-06-28,80.35888100652404,81.33174745925862,78.81998291773917,78.89073181152344,4166900
2022-06-29,79.50099744610364,80.0847214400079,78.77576889913878,79.96974182128906,4072800
2022-06-30,79.0853123953968,80.32350922267673,78.63426032965135,79.3771743774414,5206500
2022-07-01,79.38601436838105,80.96029027419596,78.7669126289018,80.81877899169922,3985100
2022-07-05,80.06702455165494,80.34119424644737,78.54581189481343,80.03164672851562,3590400
2022-07-06,79.63364108556202,80.02279030967841,78.80227928772369,79.2621841430664,8061900
2022-07-07,79.04108641266903,79.33294161472224,78.44851637153636,79.15605926513672,5581100
2022-07-08,79.26219332378676,79.96089008091094,78.91726801614217,79.13837432861328,3997900
2022-07-11,78.41314694063581,78.99686410458652,77.97977370411279,78.66962432861328,3345200
2022-07-12,78.5369616907775,79.58942310689609,78.16549797275381,78.4396743774414,6200500
2022-07-13,77.52871821837162,78.36007333886756,76.77695138138432,77.74982452392578,4244200
2022-07-14,77.0157539935798,77.53756166308646,76.67966807309686,77.39605712890625,3843300
2022-07-15,78.54580800718328,78.97033511621326,77.89133518057365,78.81998443603516,5588000
2022-07-18,79.209124485147,79.40369912284903,77.57293909626154,77.74098205566406,4264700
2022-07-19,78.5016043003367,79.96974702863793,78.5016043003367,79.89015197753906,4654800
2022-07-20,79.62481068433573,79.88129483750956,78.27164102088358,78.91727447509766,6264200
2022-07-21,79.30640978090945,80.08470831186335,78.85535776606564,79.8282241821289,4607000
2022-07-22,80.08471096890489,81.03104573874288,79.58942822887568,80.23506164550781,3466500
2022-07-25,80.46500217196846,80.94258580945262,80.00509732069202,80.26158142089844,3723200
2022-07-26,80.55345804641551,81.56170234989415,80.22621825585051,81.2786865234375,5163000
2022-07-27,81.95085282864929,82.72029853329511,81.80934153955647,82.44612884521484,5933200
2022-07-28,82.65839018552575,83.18020463680544,81.80049653940185,82.667236328125,4726100
2022-07-29,82.28691596057035,82.64952675975557,81.59706542994081,81.82701110839844,6870900
2022-08-01,81.21677973798708,82.4991937684561,80.79225261029202,82.32231140136719,4711600
2022-08-02,82.27808954344316,83.25980222548296,81.95969587642323,82.43728637695312,4049200
2022-08-03,82.49919724078953,83.2598035970188,82.08351623824211,82.93256378173828,3489100
2022-08-04,82.94140855846302,83.26864836835294,82.23387232435314,82.43728637695312,3390400
2022-08-05,82.1542735528985,82.58764010263437,81.84472601737289,82.49919891357422,3333000
2022-08-08,82.82642060194945,83.48089335486428,82.6760699387011,82.76451110839844,3649700
2022-08-09,82.73798411610804,83.10944109844256,82.1719525008471,82.3399887084961,2945000
2022-08-10,83.13598049104557,83.45437414763016,82.81758683446097,83.28633117675781,4369500
2022-08-11,83.7904435272711,83.99386429700702,83.00330562058807,83.17134857177734,5907500
2022-08-12,83.18020911512987,83.87889922260295,83.0475439595176,83.86121368408203,8837500
2022-08-15,83.6312492650593,84.45376501534305,83.2244144608241,84.19728088378906,3541500
2022-08-16,83.67547592850843,84.51567724192115,83.67547592850843,84.29457092285156,3664500
2022-08-17,83.62241749919248,84.25035867264032,83.38361888185204,83.94081115722656,3505400
2022-08-18,84.02039821691336,84.3210995611435,83.25979196692887,84.23265838623047,3552300
2022-08-19,84.37419544453549,84.55107784840756,83.37479029452783,84.02042388916016,4761700
2022-08-22,83.48090180557496,83.99387008842717,82.15426388293402,82.33114624023438,6859300
2022-08-23,82.33997321013948,82.40188269554238,79.005693643221,79.79283142089844,8490600
2022-08-24,79.1295221308705,79.56288858081146,78.20087299051119,78.96147918701172,6853300
2022-08-25,79.59828927345542,81.526336994651,79.18260823873982,81.49095916748047,6650300
2022-08-26,81.82702527908306,82.18964288869421,79.04993039413287,79.09415435791016,5407500
2022-08-29,78.79345981705505,79.13839194912947,78.42200274882802,78.63426971435547,4585100
2022-08-30,78.7138514477749,78.74922926937708,77.06881985523576,77.16610717773438,5442700
2022-08-31,78.0859067664921,78.86419856366751,77.5906307817104,77.7586669921875,6743000
2022-09-01,77.59063579419264,78.35123535668798,76.43203404404613,78.29817199707031,4861000
2022-09-02,79.00571750601846,79.00571750601846,76.83887136718934,77.12188720703125,4507200
2022-09-06,77.12187484721474,77.3960512479801,75.95443385151128,76.2374496459961,5778100
2022-09-07,76.03406047363806,77.2457190767525,75.75989073091249,77.04230499267578,11559800
2022-09-08,76.76811170816083,78.28047802293358,76.45855748340806,77.73213195800781,7034500
2022-09-09,77.99745859844394,79.65132936263892,77.6967505291903,79.3594741821289,6756500
2022-09-12,80.02281709018314,81.71206617835973,79.81939626923757,81.42020416259766,6874400
2022-09-13,80.01395175531452,81.14601497175764,79.81937712480793,79.88128662109375,6810700
2022-09-14,79.58943703278221,80.6419053806817,79.42140080113285,80.1466293334961,7183000
2022-09-15,80.3323578511907,81.27869272570895,80.06702754155265,80.1466293334961,5963000
2022-09-16,79.59827539333016,80.14662149740857,79.07646771572489,79.81938171386719,14640700
2022-09-19,79.0410845517345,79.55404605250708,77.6613766164604,79.31525421142578,5065500
2022-09-20,78.66079423460687,78.731543135709,77.47566073504781,78.23626708984375,5598600
2022-09-21,78.51926232474814,78.89071926163447,75.79523129232506,75.82176971435547,5353800
2022-09-22,75.42061898726885,75.70589765741875,74.18143912615716,74.49346160888672,6309500
2022-09-23,74.03879181689264,74.10119630385101,72.76395146767533,73.69110870361328,5960800
2022-09-26,73.29884055164898,73.62868989118883,71.93485204638415,72.50540924072266,7099800
2022-09-27,73.15620856568977,73.45040407504813,71.66741088123396,72.1131591796875,5223000
2022-09-28,72.57672576669634,73.92288044427998,72.04182248117462,73.6286849975586,6099900
2022-09-29,73.42364489098762,74.11901100271758,72.594552957407,73.3434066772461,5311200
2022-09-30,73.63761725196768,74.48454309661582,71.934862295454,71.98834991455078,5972900
2022-10-03,72.65697525954242,74.20817748947566,72.39844042095696,73.72676849365234,5871400
2022-10-04,74.57368077983882,75.65239068806811,74.33297292501032,75.33145141601562,4872400
2022-10-05,74.60934911022436,76.1070635996211,74.51128394472501,75.82178497314453,3890900
2022-10-06,75.55433496838437,75.82178666235544,74.73415974918916,75.26013946533203,5471400
2022-10-07,74.80547706016598,74.92136916044048,73.11163229368559,73.47714233398438,4267900
2022-10-10,73.89615721654555,74.04771001557327,72.7104650325716,72.9600830078125,3380600
2022-10-11,73.12944762207337,73.88721819158567,72.21120743065208,73.004638671875,5410400
2022-10-12,72.79068573251075,73.12053506251013,71.58716689806258,71.59607696533203,6152500
2022-10-13,71.31971896051647,75.07291835462424,70.82048310429795,74.43995666503906,6324000
2022-10-14,74.98377681860727,75.50975652854846,72.51432751833896,72.75503540039062,5500100
2022-10-17,73.81591885776861,74.5112850954455,73.40582444939493,73.78025817871094,9022200
2022-10-18,75.67021199003874,75.8930860900582,74.43994940649932,74.97484588623047,6913800
2022-10-19,74.70742006764539,75.037269466644,73.1651279101493,74.58261108398438,5470100
2022-10-20,74.62717085102351,74.8946225204085,73.28100923785507,73.5038833618164,4043000
2022-10-21,73.32559212337884,74.46670663291252,72.20230455236582,74.22600555419922,5974500
2022-10-24,75.00159879749343,75.29579427762219,74.0566146751655,74.77872467041016,6044100
2022-10-25,74.4577818861887,75.50974798867666,74.39537740559952,75.33145141601562,5142500
2022-10-26,75.67915712766877,77.2481932823452,75.652413313929,76.1070785522461,3986500
2022-10-27,76.26754293232021,76.72220133743828,75.40279007311084,76.28536987304688,5077300
2022-10-28,76.26752177280764,77.51561132480124,76.05355773397051,77.39971923828125,5430000
2022-10-31,77.24816858470089,78.16640883795003,76.98963379857416,77.86329650878906,6549100
2022-11-01,77.97029170857755,78.4962782386484,76.9896468102924,78.21990966796875,6683000
2022-11-02,77.98812052984286,79.11140127624526,76.46365545679316,76.47257232666016,6015700
2022-11-03,75.61673386568312,75.62565073524394,74.45778567960637,74.90353393554688,5151400
2022-11-04,75.61673221469132,75.67913669709732,74.12793470473486,75.46517944335938,5672900
2022-11-07,76.24968908822878,76.52605080690337,75.70587571810401,76.25860595703125,5217600
2022-11-08,72.87983756306929,73.26318132323175,71.07010078889944,71.48910522460938,12753700
2022-11-09,71.62283494502742,72.64805741489339,70.59761927674087,70.686767578125,7150100
2022-11-10,73.20079091363743,73.28102234785928,72.24688976449278,72.9600830078125,9212300
2022-11-11,73.5217324274667,74.57369878392753,73.04924027442225,74.48455047607422,8502200
2022-11-14,74.57367447840669,75.50083154137204,73.7802432344265,73.9050521850586,6772100
2022-11-15,74.24380992780647,75.11747928452213,73.53952704266086,74.35079193115234,6765800
2022-11-16,73.25425346703865,74.2348980919898,72.77284462171848,72.90657043457031,8289500
2022-11-17,72.47866342694097,72.47866342694097,70.75807502248944,71.26622772216797,8953000
2022-11-18,71.07010959081373,72.77286454922448,70.88289612218716,72.47867584228516,9028200
2022-11-21,72.66587805403142,74.38646648667249,72.55889603071232,73.36124420166016,8304200
2022-11-22,69.53673157444446,69.78634952261291,68.28863503202325,69.47432708740234,17129900
2022-11-23,69.09989769301029,70.63327280727678,68.89485049916263,70.44605255126953,9873800
2022-11-25,70.7135062455629,71.07010622674417,70.20535348289273,70.53520965576172,4879800
2022-11-28,69.98247028038553,70.5173667820856,67.61108649402519,67.86962127685547,11012800
2022-11-29,68.11032690939902,68.7878660837008,67.60217422906713,68.18164825439453,8177300
2022-11-30,68.52935156102905,70.49064151696031,67.79832456273687,70.46389770507812,10610600
2022-12-01,70.70459540927494,71.46237298454325,70.35691226838738,70.65110778808594,7876700
2022-12-02,70.07162675069623,71.0522715853183,70.0270560046009,70.98095703125,6339500
2022-12-05,70.4638790526421,70.80264524944157,69.84874433586445,70.24100494384766,8515000
2022-12-06,69.88441874691802,70.20535807079658,68.4312817204974,68.71656036376953,7228400
2022-12-07,68.93942935738504,69.23362484918789,68.24406314154474,68.56500244140625,6089300
2022-12-08,68.19948645024843,69.68828406456119,68.17274264185392,69.34951782226562,5938700
2022-12-09,69.33167159298472,70.35689380675957,68.91267400098315,70.06269836425781,6370200
2022-12-12,70.51737431553558,71.07902148366338,70.22317882761898,71.06118774414062,5997100
2022-12-13,71.99726462160713,72.42517916468225,71.15925567251472,71.44453430175781,11389600
2022-12-14,71.08792383663534,72.38059774858996,69.63478709586363,70.24100494384766,9302900
2022-12-15,69.25145632412054,70.1429529262325,68.77896421325389,69.28711700439453,9887600
2022-12-16,68.77002619057654,69.16228675136009,67.54867377277694,68.39559936523438,17064400
2022-12-19,68.38669569467845,68.83244394465153,68.01226879707993,68.75221252441406,9357600
2022-12-20,68.8061936262822,69.33685247940245,68.77021570812529,68.98607635498047,8063300
2022-12-21,69.56168581609978,70.12832925799171,69.17493876629077,69.39979553222656,6804400
2022-12-22,68.96807736440245,69.44477267827972,68.16758771240382,69.3818130493164,7458600
2022-12-23,69.21090929759967,69.93045368809854,68.77019196101314,69.70559692382812,3856600
2022-12-27,69.71461987679687,70.06539601474276,68.80619627904875,69.83154296875,5336000
2022-12-28,70.2002945716629,70.49710032768729,68.57232669972373,68.62629699707031,6053000
2022-12-29,68.8691330886315,70.36218537528515,68.59930221255928,69.98442077636719,4931600
2022-12-30,69.75957650292628,70.07438153545924,69.12998016203129,69.90348815917969,4991300
2023-01-03,70.12833309942116,70.45212740907195,69.59766753446068,70.38916778564453,6544500
2023-01-04,71.18065366053308,73.55514043925251,70.8748517681918,72.82660675048828,9769500
2023-01-05,72.74565940799661,72.9975047533284,71.9541660517773,71.98114776611328,7048100
2023-01-06,72.3948934862793,73.06047455571287,71.36954702611781,72.7276840209961,5994400
2023-01-09,72.62875316468836,73.08746300079667,69.67863277184586,69.74159240722656,11108700
2023-01-10,70.03839783140013,71.42351652894838,69.93046409813283,70.955810546875,6494500
2023-01-11,71.46848877774767,72.34993050596498,70.28124507697835,72.24199676513672,8366300
2023-01-12,72.47585220975112,72.56579356575651,70.95581790354349,71.81926727294922,5738000
2023-01-13,71.20765531660979,72.57478860973178,70.9738091671192,72.4848403930664,6024000
2023-01-17,72.47585323119873,72.80863693931732,71.39653635766588,72.26898193359375,8383000
2023-01-18,72.19701672591926,72.30495045787971,70.74894527910416,70.81190490722656,5792200
2023-01-19,70.49710677189547,72.00814485611318,70.03840380607053,71.52245330810547,7831400
2023-01-20,71.99915134744131,72.84460826381498,71.3605519857852,72.77265930175781,6806400
2023-01-23,72.8715833102384,74.6074779517428,72.62874100359926,74.0858154296875,9491500
2023-01-24,73.51018117605923,74.06782159598782,72.40388280457289,72.67371368408203,7180300
2023-01-25,72.26895857100551,73.17738176859122,72.05309801091508,73.0334701538086,4200600
2023-01-26,73.51918949700094,73.64510877674184,72.87160070857001,73.609130859375,4162700
2023-01-27,73.91493170694147,74.80536276338836,72.682713903633,74.27470397949219,4858500
2023-01-30,74.43660115903575,74.63447625204292,73.95090962040508,74.27470397949219,6559100
2023-01-31,74.4275999059567,75.29104918413454,74.27469893069377,75.27306365966797,7396100
2023-02-01,75.55188437690829,77.43168392058061,75.19211212650603,77.14386749267578,8395800
2023-02-02,77.17085601915782,79.01467765030272,77.08990400338311,78.77183532714844,6940400
2023-02-03,77.98033851247088,78.7358609579886,77.80045581034463,78.3401107788086,4949900
2023-02-06,78.09727593106979,78.16023556905775,76.64919739526067,76.66718292236328,4731300
2023-02-07,76.90102301560404,78.18720414286302,76.54125077527783,77.87240600585938,5129500
2023-02-08,77.80046141187714,78.25917125603637,77.3507477620975,77.49465942382812,5454500
2023-02-09,77.40469694355626,77.80944327104096,75.01222433579014,75.20110321044922,6188000
2023-02-10,75.08418477338702,75.50690978815777,74.47257401025045,75.27306365966797,4544000
2023-02-13,75.26407166804174,75.9206565721262,75.15613792896224,75.90266418457031,4279500
2023-02-14,75.64181852173216,76.00159073787862,74.55351254290022,75.01222229003906,4527700
2023-02-15,74.50854328799302,76.00159568036656,74.21173753779846,75.99259948730469,4584800
2023-02-16,75.34501937594628,76.56824101190797,75.2640742154609,75.73177337646484,4784800
2023-02-17,75.7317539969689,76.38833875525862,74.99422409890738,76.27141571044922,6825100
2023-02-21,75.75875548610888,77.88139734848201,75.75875548610888,76.89202880859375,8135900
2023-02-22,77.54862078444357,77.74649588296913,76.20847606545522,76.541259765625,6083600
2023-02-23,76.28039941151121,76.53223786610785,75.0391926586778,75.5428695678711,6695000
2023-02-24,74.96723568189682,75.25505203437667,74.06780872263693,75.09315490722656,7401500
2023-02-27,75.21909547336331,75.66880908058388,74.87731560222629,75.00323486328125,6379400
2023-02-28,74.94027911245975,75.27306966938238,74.44559137407278,74.47257995605469,6657400
2023-03-01,74.11279044215676,74.22971348854281,73.4562056750133,73.8249740600586,5249100
2023-03-02,73.29432226833154,74.2567091196672,73.03348755096775,73.98688507080078,4985100
2023-03-03,74.46357007650671,75.21908554309485,74.14877196542831,75.0212173461914,4771600
2023-03-06,75.09317534847747,75.39898416615384,73.2583430286742,73.69007110595703,6845500
2023-03-07,73.83398201726995,73.88795232021201,71.51346485332763,71.72032928466797,6876300
2023-03-08,71.53144890544799,71.67536056088034,70.19130420913997,70.51509857177734,6810100
2023-03-09,70.8658752078168,71.35156675556657,70.1373413172349,70.15532684326172,5634400
2023-03-10,70.0384015346162,70.25426215047933,68.4913855864124,69.00405883789062,5901600
2023-03-13,68.5543429227755,70.60503586001167,68.37445336384293,70.13733673095703,7576000
2023-03-14,71.07274343334697,71.34257437276241,69.28288499734296,70.02941131591797,6808200
2023-03-15,69.37282098930174,70.56906087296272,69.07601521341067,70.52409362792969,5367900
2023-03-16,69.84950571423454,71.41450680870943,69.76855371409633,71.29757690429688,5774300
2023-03-17,71.11769733331315,71.53143295730948,70.04737693644367,70.41614532470703,8838600
2023-03-20,70.82989322968628,71.7473059702962,70.61403261932249,71.60340118408203,7224100
2023-03-21,71.91818674506115,73.2223600966079,71.90919055309631,73.06046295166016,5829900
2023-03-22,73.25833755554712,73.73503970225428,71.88221513402597,71.90020751953125,5537800
2023-03-23,72.11792947063883,72.39914182367951,70.12221595178411,70.36714172363281,6712400
2023-03-24,70.21291831299726,72.1451317524394,70.12220533423148,71.99999237060547,6217000
2023-03-27,73.02506290610192,73.75984703864972,72.19049241963323,72.24491882324219,5641600
2023-03-28,71.55548636110545,72.84363556335957,71.30148725447852,72.12699127197266,5146800
2023-03-29,71.33777221309973,71.98184333915174,71.15634626132265,71.72784423828125,7074700
2023-03-30,72.29933302720859,72.43540593422703,71.61897541307192,71.82762145996094,4142000
2023-03-31,72.25400344721308,73.14300047570472,71.8820711754253,73.1339340209961,5561400
2023-04-03,72.88897544282727,72.88897544282727,71.70969310037715,72.2721176147461,6071900
2023-04-04,72.43541796177169,72.88898977984284,72.02720609389034,72.09070587158203,4508900
2023-04-05,72.32657000287948,72.98878102591546,71.72785184083442,72.81642150878906,4518700
2023-04-06,73.3425603982252,73.77799238167195,72.64406285504214,72.84363555908203,4313000
2023-04-10,72.5079951304198,72.79828083322803,71.854850568862,72.7892074584961,3648200
2023-04-11,73.2518517764998,73.57842405326664,73.03413923230758,73.4786376953125,4421700
2023-04-12,74.08641077776359,74.42205637696479,73.26998021278492,73.30626678466797,4298300
2023-04-13,73.1611370232184,74.01384735107422,73.0704240420793,74.01384735107422,5224500
2023-04-14,74.05012366807235,74.2043433276942,72.88898106007176,73.2155532836914,4312400
2023-04-17,73.44234661481337,74.53998956405214,73.3062736876774,74.49463653564453,5048900
2023-04-18,75.03892654476317,75.06613974789266,74.02292312853417,74.06828308105469,4157400
2023-04-19,74.24971047964702,77.40657360166914,74.06828450798386,76.98928833007812,8988800
2023-04-20,76.78062794432883,77.07998697072145,75.34733950368164,75.73741149902344,5798600
2023-04-21,76.4087015326818,79.94655571455777,75.837196687182,77.76941680908203,12750100
2023-04-24,80.07358298191996,81.44337210570626,79.8195838163878,81.36173248291016,14462000
2023-04-25,81.28008593915585,82.5500886877748,81.12587314879107,81.36173248291016,8189900
2023-04-26,81.47964971229042,81.89693499839767,80.47271961633001,81.61572265625,8977700
2023-04-27,81.57035414111341,82.98550292044386,81.49778098915664,82.89478302001953,6385900
2023-04-28,82.86757382217974,83.33021903706192,82.25071584265582,82.50471496582031,7281700
2023-05-01,82.39585380625826,82.97642514923426,82.17813436192502,82.25978088378906,5502300
2023-05-02,81.82437288834448,82.55009074015778,81.12587516576482,81.85159301757812,5135000
2023-05-03,82.06022138852923,83.47536339957688,81.96043502406229,82.26886749267578,6964300
2023-05-04,81.64293081915703,81.76993038008804,80.53621442736645,80.980712890625,4780900
2023-05-05,81.31635849516174,81.8787900653573,81.22564551182877,81.69735717773438,4332700
2023-05-08,81.252860773949,81.93321854762424,80.96257506735252,81.81529235839844,3287600
2023-05-09,81.8152934613128,81.8152934613128,81.01700256669321,81.28007507324219,3245400
2023-05-10,81.79713593805191,82.00578200919917,80.73577959762946,81.10771179199219,3599300
2023-05-11,81.00792753442494,81.11678033874092,80.31849644961207,80.75392150878906,3995700
2023-05-12,80.35479127712131,80.70857676939501,79.71072007526516,80.6269302368164,4450100
2023-05-15,80.83557993919041,81.56129770598452,80.67229378770962,81.01700592041016,4053200
2023-05-16,80.59063961104033,81.1077181425055,80.57249978302114,80.64507293701172,3888900
2023-05-17,80.77208266985184,80.81743570609082,79.63815294951074,80.35479736328125,6632000
2023-05-18,80.15521032218156,80.96256758532226,79.92842441858122,80.75392150878906,4536100
2023-05-19,80.9081338210329,81.5249916995339,80.73577433527417,81.0351333618164,6819500
2023-05-22,80.84465705301916,81.56130147760463,80.7539371372566,81.18936920166016,4699200
2023-05-23,80.70856894044819,80.91720809721349,79.0031345062454,79.03942108154297,5459700
2023-05-24,79.04850601476222,79.78329023935389,78.61308088943294,79.36600494384766,6787500
2023-05-25,77.35213040434043,77.47006349973631,74.66698622476135,75.78277587890625,12202000
2023-05-26,75.08429900518962,75.74651711017714,73.49679714958711,73.89594268798828,9655500
2023-05-30,74.72142166157718,75.61041852381207,74.39484940823803,74.83934783935547,8654900
2023-05-31,74.93007187956586,75.25664418112324,74.23157424181994,75.0752182006836,8238800
2023-06-01,75.14778646769908,75.5197187348795,74.78493449703039,75.06614685058594,6588200
2023-06-02,75.4290101841369,76.2272942559588,75.2112976047233,75.98236846923828,6062300
2023-06-05,76.0458521389351,76.66271008397062,75.71927987856591,75.95513916015625,3596100
2023-06-06,75.78278520182764,76.21821030021457,75.5015728707462,75.83721160888672,5046800
2023-06-07,76.00956880833776,76.00956880833776,74.59442690029182,75.1931381225586,5381800
2023-06-08,74.86655729015465,75.71020108219562,74.62163157289713,75.38362884521484,5700800
2023-06-09,75.41992081973471,76.0730653404731,74.93913580334579,75.95513916015625,3302200
2023-06-12,76.05491041726064,76.60826852557673,75.50155922990047,76.45405578613281,4428900
2023-06-13,77.2614221663836,78.0597129990849,77.01649642877726,77.78756713867188,8454300
2023-06-14,80.30943396512215,81.5250101721429,79.52022334299247,79.74700927734375,8387900
2023-06-15,79.78327408293657,80.33663221341017,79.19363630016363,80.055419921875,5552900
2023-06-16,80.08264678800798,81.3889359643061,80.08264678800798,80.87186431884766,9108400
2023-06-20,80.30035274498663,81.08049683661594,79.97378739870526,80.68135833740234,5066300
2023-06-21,80.63599860632988,80.83557131695895,79.84678113819407,80.11892700195312,5587900
2023-06-22,80.46635614485078,80.69492776793828,79.74406897883999,79.91778564453125,5162000
2023-06-23,79.7623700628688,80.26523053999213,79.55208802731102,79.98180389404297,5496500
2023-06-26,79.86292950346619,80.10979078055678,78.88464316472293,79.54293060302734,4171200
2023-06-27,79.43320771126267,79.75321356300863,78.68349306875236,79.68006896972656,4998900
2023-06-28,79.6800814666282,79.9452254272712,78.82064979940282,78.95779418945312,4952400
2023-06-29,78.57378905945004,79.53378576047888,78.46407216128124,79.3326416015625,3842200
2023-06-30,80.18292140351289,81.16120765684659,80.06406667242736,80.54863739013672,5484500
2023-07-03,80.04578978665988,80.10064474720248,78.98521404648464,79.67092895507812,2584100
2023-07-05,79.31437061010124,79.87208605081376,79.20465369578842,79.42408752441406,3464000
2023-07-06,78.88464154824298,78.99435844419638,78.10749938440135,78.69264221191406,3909900
2023-07-07,78.3543518717619,79.24121091107918,78.29035209446337,78.52806854248047,5094700
2023-07-10,78.76578779992381,79.38750293390753,78.70178802034253,79.04006958007812,3234800
2023-07-11,78.9212234132714,79.84465488365063,78.73836887330387,79.8080825805664,2888200
2023-07-12,80.2834831701151,80.46634462768353,79.78976769785744,80.06405639648438,3847400
2023-07-13,80.00006931874404,80.7680666359868,79.61607066012266,80.5029296875,4492600
2023-07-14,80.42979372449936,80.61264825524208,79.74407877103431,80.13722229003906,4394400
2023-07-17,80.05492843063928,80.32007236833556,79.25950359300332,79.27778625488281,4465200
2023-07-18,78.74749218416136,79.20463542516521,76.89149174175807,79.17720794677734,5697000
2023-07-19,78.94865483664577,79.55208740446929,78.60122840318776,78.73837280273438,4796800
2023-07-20,79.77151243804799,81.81951263805821,79.6617955258237,81.69151306152344,5982100
2023-07-21,82.01149281901507,82.26749888765434,81.29835049500745,81.33492279052734,4673800
2023-07-24,81.45378598354102,81.88350178123798,81.14293190249812,81.1520767211914,3930200
2023-07-25,80.86863474196385,81.53606692816071,80.52120839770305,81.33492279052734,3116200
2023-07-26,80.96921365768937,82.779504074019,80.92350351601327,82.65150451660156,5472600
2023-07-27,83.20007933673661,83.20007933673661,80.9052180524536,80.92350769042969,4654800
2023-07-28,81.32576576433416,81.60919926820189,80.64005102104146,80.6857681274414,3446300
2023-07-31,81.04235494965889,81.04235494965889,79.89949682257608,80.23778533935547,5786800
2023-08-01,79.81722356395748,80.30179434948978,79.72578932291474,80.1646499633789,3514200
2023-08-02,79.6160647547216,79.85377420645408,77.95206371533459,78.13491821289062,5507200
2023-08-03,77.71435018804395,77.9977767624674,77.19320717756574,77.24806213378906,4413900
2023-08-04,76.90063154545173,77.71434590334472,76.51663292215541,76.83663177490234,5346600
2023-08-07,77.14749010709191,77.53149572722758,77.0194905588641,77.4583511352539,3361600
2023-08-08,76.68120939160777,76.86406389695672,74.56006504247952,75.19091796875,8227600
2023-08-09,75.21834772784909,76.49835023046198,75.09949299331348,75.83092498779297,4535800
2023-08-10,76.2514824585977,76.68119815620285,75.9040491837078,75.9954833984375,4128700
2023-08-11,75.75777739535809,76.52577468126306,75.6572053257107,76.29720306396484,3596200
2023-08-14,76.2332111592141,76.48921725639384,75.92235707581806,76.03207397460938,3296000
2023-08-15,75.85835603931618,76.17835493617613,75.52921232384512,75.73949432373047,3842400
2023-08-16,75.41035799364748,75.82178415249643,74.56920906317515,74.57835388183594,4222200
2023-08-17,75.23664616336724,75.2915011279603,74.43207645570486,74.5692138671875,4848300
2023-08-18,74.40463898729799,74.86178227495134,74.32235654373781,74.53263854980469,5205700
2023-08-21,74.72463846061476,75.23663666673248,74.26749521216611,74.61492156982422,4722000
2023-08-22,75.52920127508257,77.51320112083846,75.42862921143119,76.54405975341797,10015700
2023-08-23,77.41264143698479,77.65950271468041,76.16921115612953,76.50749969482422,5268300
2023-08-24,75.7120619022079,76.23320492178395,74.05720558969405,74.112060546875,6765100
2023-08-25,74.53262543768633,75.41948437578607,74.26748851589011,75.14520263671875,4441400
2023-08-28,75.6937749904764,76.1692008687323,74.09377372500366,74.41377258300781,4308500
2023-08-29,74.6880684009675,75.06292224868889,74.31320757779349,75.04463958740234,3757900
2023-08-30,75.30977525882741,75.58405700076645,74.87091470609238,75.25491333007812,3881200
2023-08-31,75.33721014880504,75.62978155426738,74.51435089111328,74.51435089111328,4423200
2023-09-01,75.07206462934619,75.28234661685002,74.53263197029908,75.09034729003906,4238700
2023-09-05,74.8617689696268,74.9897685093839,73.29834004077786,73.32576751708984,5612100
2023-09-06,72.81376707070058,74.1486243544143,72.15547975808526,73.79205322265625,6795400
2023-09-07,73.96577745666013,74.24005921475678,72.96006372606793,73.07891845703125,4276600
2023-09-08,72.7497749610774,73.22520086165156,72.61263059393701,73.1063461303711,4208600
2023-09-11,73.44464903909507,74.54179024042342,73.24350485791236,74.42293548583984,4763700
2023-09-12,74.58750337159718,74.761213084314,73.86521611212288,74.03893280029297,3328600
2023-09-13,74.28577744628252,74.42292181511998,73.68234501357867,74.34977722167969,3520900
2023-09-14,74.75207436423621,75.31892759190909,74.69721242493164,74.93492889404297,5924200
2023-09-15,74.97148890388166,75.32806006136396,74.57834545134322,74.76119995117188,9072500
2023-09-18,75.2000662596305,76.47092396421905,75.07206670488436,75.70292663574219,5829600
2023-09-19,75.73949996276247,75.87664435032835,74.77035838141599,75.54750061035156,4655500
2023-09-20,75.88577557127525,75.97720282145143,74.31320175661745,74.49606323242188,5845100
2023-09-21,74.33008813584966,74.84645915149247,73.94280987411757,74.1917724609375,5620800
2023-09-22,74.27476358396108,74.47761859780798,73.95202466891892,74.01657104492188,5067900
2023-09-25,73.76761381697925,74.00736053169223,73.31578915215806,73.73995208740234,3799700
2023-09-26,72.77174623059018,73.29734017516257,72.49512191162067,72.79940795898438,5167000
2023-09-27,72.89162237975,72.98383048516163,71.40704866703206,72.12628173828125,7418600
2023-09-28,72.23692296913671,72.94694009851924,72.19082243757057,72.55966186523438,5354100
2023-09-29,73.01149648783174,74.05346150653851,71.77588529088753,72.25537872314453,6308800
2023-10-02,71.83121109626829,71.87731163114994,71.10275510887479,71.71133422851562,4517100
2023-10-03,71.259519841325,71.36095088169408,70.07923904615225,70.5771713256836,5741000
2023-10-04,70.92755691623935,71.03821086632927,69.91325366301204,70.32819366455078,7115500
2023-10-05,70.4296224929258,70.79846194667408,69.61818132270155,70.21754455566406,7235900
2023-10-06,69.71039456477047,70.54950455976267,69.11103128763718,70.18988800048828,6762000
2023-10-09,69.76572440945954,69.95936355226195,68.55777494479513,69.27700805664062,7825500
2023-10-10,69.04648973158633,70.59561003173548,69.03727384431427,70.2452163696289,6319500
2023-10-11,69.79338666069967,69.9778028833102,66.76891558570789,67.21151733398438,8881200
2023-10-12,67.49736608834588,67.69101227192328,65.42265188028163,65.73616790771484,10503300
2023-10-13,65.70850952726619,66.68592824168866,65.44110106038998,66.35397338867188,8168800
2023-10-16,66.52915587550181,67.07318855047579,65.74537652993303,66.16031646728516,9083700
2023-10-17,65.92979877510544,67.53424225800667,65.77304429859214,67.13774108886719,7936400
2023-10-18,68.00451091905978,68.1797112322972,66.60292951824157,67.03630828857422,7900700
2023-10-19,66.98100100641709,67.18386309492405,66.11422918644321,66.71359252929688,7048400
2023-10-20,66.81500744318755,67.50657874066953,66.40006747870919,67.03630828857422,8399300
2023-10-23,67.01788148290589,68.03218482716132,66.4922874841081,66.75047302246094,7133300
2023-10-24,66.81502101396978,67.3498379477222,65.78227180069223,66.35397338867188,13129200
2023-10-25,66.16033263090902,66.79658058964877,65.42265363425342,65.83760070800781,7462700
2023-10-26,65.69928149580795,65.95746702029227,64.8325097764438,64.8878402709961,7894000
2023-10-27,65.54253093103088,65.85603993382466,63.66145580918324,64.02107238769531,10009100
2023-10-30,64.38068912930039,64.69420516791672,63.477032702142175,64.51900482177734,8934700
2023-10-31,64.46367781488081,65.4226506172702,64.46367781488081,65.06303405761719,10770200
2023-11-01,65.02614363383901,65.53329875501228,64.58354192356718,65.33043670654297,5380300
2023-11-02,65.45031210654332,66.52916166557303,65.42264334462212,66.47383117675781,6330200
2023-11-03,66.92567240641945,67.30372778642999,66.61215637504243,66.9072265625,5198300
2023-11-06,66.99023074191429,67.8016721434361,66.88879968734538,67.70024108886719,5916500
2023-11-07,67.57112982787302,67.88464582948502,66.667480542401,66.83345794677734,5653400
2023-11-08,67.11930032831744,67.27605480026676,65.59784207079976,66.1234359741211,6767100
2023-11-09,66.2064273980569,66.26175084984331,64.55587641450211,64.629638671875,8321000
2023-11-10,64.94316698960778,65.3120064866785,63.91964072687495,65.17369079589844,7557500
2023-11-13,66.65826164183918,67.33138718600101,66.05889836571664,66.4646224975586,8452100
2023-11-14,66.73203570171732,67.6264621838097,66.464627235308,66.93489074707031,6478100
2023-11-15,67.14696765256762,68.47478690219606,67.1193059240383,68.25347900390625,8385800
2023-11-16,68.51166846230417,69.29544788707595,68.41945332466149,69.04647827148438,9048600
2023-11-17,69.28622275536593,69.50752360158657,68.61309729622859,68.93582916259766,6262600
2023-11-20,69.4429808804809,69.74727395692967,68.84362468357125,69.30467224121094,8670100
2023-11-21,71.50847574057836,72.67953338812892,71.10275165716222,72.4951171875,10745300
2023-11-22,72.75329662484413,73.15901363945257,71.93263264082906,72.26458740234375,6004700
2023-11-24,72.14471571458186,72.88239457853531,72.13549982917705,72.8178482055664,3310900
2023-11-27,72.63343503039118,73.1313672772597,72.14472570523172,72.84552001953125,7252900
2023-11-28,72.7533031069254,72.89161877571776,72.29225556763568,72.50433349609375,4972200
2023-11-29,72.61499962559274,73.55553366818795,72.48590685572728,72.7164306640625,4260400
2023-11-30,72.78096583824923,73.13135944033601,72.10783332618325,73.09447479248047,6219300
2023-12-01,72.9284977117992,73.84137692138255,72.62421167696536,73.75838470458984,5102000
2023-12-04,73.36188717556595,73.97969626673118,73.22357853242143,73.54631042480469,6206400
2023-12-05,73.352667425071,73.426429685853,72.53200335551814,72.67953491210938,4818800
2023-12-06,72.71643833058283,72.97462389753433,72.36604463758137,72.88241577148438,5319600
2023-12-07,73.03915276681634,73.50942324238868,72.60576693982098,73.35266876220703,5251000
2023-12-08,73.39876717888747,73.6292909495718,73.1036970338126,73.16824340820312,6240900
2023-12-11,73.14980577700399,73.83215417938294,73.14980577700399,73.5094223022461,5598900
2023-12-12,73.81371553091942,73.97047000943198,73.04837490990782,73.84137725830078,5263300
2023-12-13,73.50942462751132,75.53803109227849,73.30656257402912,75.51959228515625,6304700
2023-12-14,76.31260255267061,78.12913126585656,76.220394437464,76.93040466308594,9680600
2023-12-15,76.60766409033317,76.80130322090605,75.88843102391178,76.17427825927734,12388900
2023-12-18,76.49701003498663,76.97650343527194,76.14661642326078,76.58921813964844,6447200
2023-12-19,76.40326036980233,76.97045078597594,76.04063136194829,76.3102798461914,5060900
2023-12-20,76.06851624652386,76.1336033151205,74.91554227682961,74.9527359008789,7257600
2023-12-21,75.19449287424013,76.33816669430428,75.13869888972968,76.20799255371094,7440600
2023-12-22,76.47764134263936,76.93325083667006,75.81747045709648,76.1707992553711,3426700
2023-12-26,76.20798952178292,76.7286860634404,75.91044762741315,76.52413177490234,2954800
2023-12-27,76.31957648552154,76.70079874282541,76.28238285901111,76.63571166992188,4041700
2023-12-28,76.50553486149617,77.2121995526826,76.44974797065152,76.92395782470703,3297000
2023-12-29,76.73800034139049,77.08203610188356,76.37537131269006,76.59852600097656,3847600
2024-01-02,76.3474732825756,77.90957019477507,76.21729913105558,77.02623748779297,5425800
2024-01-03,77.11922161241668,77.90026648616346,76.37536327116928,77.36096954345703,6182600
2024-01-04,77.31447597003863,78.30938233414362,77.15640839208697,78.03973388671875,5622000
2024-01-05,77.83518140573203,79.0439494677107,77.65851344902278,78.63482666015625,5107600
2024-01-08,78.84868392704021,80.63393538123255,78.39306733667966,80.49446105957031,7867100
2024-01-09,80.36428631737135,81.86129603118118,80.24341235627837,80.5781478881836,7223200
2024-01-10,80.42938433906473,81.38709726032295,80.29921018048358,80.96868133544922,4980800
2024-01-11,80.97795104980469,81.15461896858429,80.29918700368076,80.97795104980469,5099500
2024-01-12,81.45217306342268,82.50287346160302,81.13603789176535,81.28480529785156,5969000
2024-01-16,80.85709042049142,81.06165181403203,80.19691952840222,80.46656799316406,5398300
2024-01-17,80.1504306769223,80.72692126762686,79.6576275223654,80.0109634399414,6956000
2024-01-18,80.75479682841943,81.02444525012255,80.03883915931341,80.23410034179688,7203600
2024-01-19,80.20621998270008,80.62463585713114,79.70411667700755,80.42007446289062,4819300
2024-01-22,80.5130554120869,81.23832047572883,80.22481367899712,80.40148162841797,6015700
2024-01-23,80.76410387415329,81.22901351787098,79.60182976485908,80.28059387207031,5060300
2024-01-24,80.13182731479642,80.26200144888507,78.72779818974516,78.7742919921875,6035200
2024-01-25,79.27640006372593,79.80639681144926,78.66271588533118,79.76920318603516,5557800
2024-01-26,80.14113263705795,80.52235488450835,79.62042897332944,80.46656799316406,6784400
2024-01-29,80.24341227639368,81.34059938677771,80.08533759640346,81.30340576171875,7144700
2024-01-30,81.3220112332926,81.41499176291659,80.4386855609252,80.86640167236328,5760100
2024-01-31,82.09375738678747,82.92129610250333,81.37779246126122,81.39639282226562,10357900
2024-02-01,81.22901178616544,82.3261988057068,80.61532766444118,81.90777587890625,4320000
2024-02-02,81.32198919577344,81.9542665574187,80.9500600841072,81.48005676269531,5051900
2024-02-05,81.4335865382513,81.61954758474093,80.65253453628463,80.66183471679688,4083400
2024-02-06,80.96865942906848,81.67531692904589,80.77339824402543,81.58233642578125,4667100
2024-02-07,81.87060668802948,82.05656774334844,80.93148704256181,81.0430679321289,4740100
2024-02-08,80.47586400615197,80.67112520970538,79.39727020295214,80.13182830810547,5938100
2024-02-09,80.03885935980452,80.11324661779831,78.53254930824735,79.02535247802734,8843400
2024-02-12,78.69061625312101,79.34149411418598,78.45816139430337,79.09973907470703,5892300
2024-02-13,78.63482073350404,79.0346433305818,77.29587862348393,77.72359466552734,7579400
2024-02-14,77.79796605760576,78.43024335913512,77.39814354202166,77.80726623535156,4934500
2024-02-15,77.94675338521328,79.04394043964491,77.88166631816897,78.7742919921875,4867900
2024-02-16,78.56043313862227,79.72270730013445,78.20710434734764,78.49534606933594,10848600
2024-02-20,80.85708935891856,81.09884437483427,76.79377626900163,79.82498931884766,11771400
2024-02-21,80.45725879505873,80.45725879505873,78.88586198804715,79.87147521972656,6877000
2024-02-22,79.75059440395768,79.84358200465195,78.55113380733046,79.09042358398438,9824900
2024-02-23,79.34148051292364,79.91796392383267,78.90446431822932,79.6576156616211,4707700
2024-02-26,79.55534702162214,79.55534702162214,77.62132802632338,77.79798889160156,5974100
2024-02-27,77.60272587115362,78.27219697072276,77.30518394845168,77.9560546875,4546200
2024-02-28,77.7607984978156,77.946766645263,77.38887639083973,77.50975036621094,4755300
2024-02-29,77.66781797107163,77.89097265404905,76.9797535604149,77.50975036621094,8893100
2024-03-01,77.56551952062826,77.96534207873285,76.84956182511706,77.7328872680664,4266600
2024-03-04,77.73288832255166,79.13691738433151,77.39815282313451,79.09042358398438,5553000
2024-03-05,79.44375630018597,79.81567831242677,78.38376295859284,78.66270446777344,5073700
2024-03-06,78.78359941535585,79.77850587105927,78.66271835547447,79.54605102539062,6048400
2024-03-07,79.96445535487167,80.36427791540434,78.73709423085754,79.17411041259766,6177600
2024-03-08,79.48096002113142,80.21551105442863,78.96025636869629,79.155517578125,6561200
2024-03-11,78.606939279652,79.62043910245451,78.606939279652,79.49956512451172,5539000
2024-03-12,79.17411206352351,80.0481373512709,78.94165724659828,79.72270202636719,4562200
2024-03-13,79.97377166576105,80.28990686885746,78.83939081896229,79.10903930664062,5908200
2024-03-14,78.58832696248484,78.76499490595346,78.09552385066033,78.46745300292969,7836100
2024-03-15,77.58412787088042,78.11412461004231,77.00763732721228,77.70500183105469,17082100
2024-03-18,77.91886279852996,78.16061071701164,77.49113966345939,77.78868865966797,4783800
2024-03-19,77.81658511226524,78.24430116990895,77.45395612656822,78.20710754394531,4903000
2024-03-20,77.87237270899153,78.27219532427067,77.67711149138434,78.14202117919922,4191700
2024-03-21,78.3482640161941,78.74201928180388,77.89825288929418,78.1982650756836,6233800
2024-03-22,78.47014893338557,78.62015504632933,77.74826418472793,77.8888931274414,5181300
2024-03-25,77.63576215238696,78.18890077119569,77.55138907559609,78.03889465332031,5481300
2024-03-26,78.28264569728567,78.62952945677912,77.86076603663773,78.47014617919922,4806700
2024-03-27,78.92953596361352,81.59208004946358,78.8451557383291,81.48895263671875,8220100
2024-03-28,81.6577035180642,82.24834361952094,81.4983273949696,81.70458221435547,7579500
2024-04-01,81.41394933933691,81.73270874669595,81.0295711997191,81.58270263671875,4727300
2024-04-02,81.43270020491136,81.47957890045029,79.64203989505752,79.87641906738281,6007200
2024-04-03,80.12953771525885,80.37329401201295,79.43577749661773,79.68890380859375,5887400
2024-04-04,80.00767897806519,80.06393484897684,78.517030723587,78.67640686035156,6797100
2024-04-05,78.22639126817302,79.38890990701235,77.90763188898607,79.27640533447266,4935800
2024-04-08,78.99516122345119,79.0795342953827,77.32638259796808,77.7295150756836,8725300
2024-04-09,78.17014135109785,78.59202816569669,77.8138875733191,78.56390380859375,5679600
2024-04-10,77.67325073572742,78.08576033844463,76.71698692805525,77.18574523925781,6509400
2024-04-11,77.73888892089883,77.87014069660074,76.98887979584295,77.03575134277344,5241200
2024-04-12,76.63261726378843,76.67949596243685,74.58883045943955,75.12321472167969,6562700
2024-04-15,75.90135557626778,76.4076154819551,74.87946574728267,75.21697235107422,7500200
2024-04-16,75.32009233992065,75.46072128310371,73.86694566752286,74.29820251464844,7674500
2024-04-17,74.44821436057315,74.86071689893808,74.01695032755525,74.13883209228516,5640100
2024-04-18,74.29819970283995,74.34507839968857,73.52943628224288,74.24195098876953,6065600
2024-04-19,74.56069600250538,74.66382340341575,74.14818639886394,74.51382446289062,6756900
2024-04-22,74.87946199112326,75.84510305526564,74.43882799423852,75.53572082519531,4962600
2024-04-23,75.9013568848186,76.25761068265813,75.58260461612302,76.21073913574219,5296200
2024-04-24,75.72322066222544,75.77947652801426,75.01071312062513,75.35758972167969,5028900
2024-04-25,75.03884160623971,75.32946951018224,73.85756849726127,74.29820251464844,5624100
2024-04-26,74.43883135655564,74.86071103284566,74.01694452758045,74.75758361816406,5024900
2024-04-29,74.64507569581511,76.05135062273389,74.5513183118732,75.8075942993164,6029700
2024-04-30,75.02007120328663,75.63883555973534,74.7763220501556,75.22632598876953,6487200
2024-05-01,74.99196497665486,76.62324931828938,74.99196497665486,75.83573150634766,5366100
2024-05-02,76.351358490137,76.62323917776133,75.1232068111879,75.86384582519531,6338700
2024-05-03,76.00447622480968,76.80136396454883,75.94822751341397,76.58573913574219,4987200
2024-05-06,77.36386702732742,77.40136854981553,76.18260125603017,76.65135955810547,3676100
2024-05-07,77.04511918122947,77.1388694164204,76.56698368326595,76.7826156616211,4939700
2024-05-08,76.38886477794262,76.89511750764241,76.28573736749287,76.4544906616211,4175600
2024-05-09,76.55761552873643,77.60762963270945,76.4732353081331,77.58888244628906,5545600
2024-05-10,77.81388549866071,77.87013421136689,77.13887233544759,77.66387939453125,4217700
2024-05-13,77.90763630438414,78.61077382906754,77.87951194782637,78.3013916015625,4950800
2024-05-14,78.49827719991013,79.32328932894934,78.39514978969463,79.03266143798828,4053700
2024-05-15,79.39829776039227,79.58579825383822,78.46078098779181,79.42642211914062,6227200
2024-05-16,79.44516630628962,80.36393585591217,79.32329170542222,80.28893280029297,5506800
2024-05-17,80.46705668238393,80.78580891364567,79.78266637308008,80.55142974853516,8236300
2024-05-20,80.08267443763897,80.48580690293556,79.17328209829422,79.22953796386719,5513000
2024-05-21,79.25765658907515,79.96079406007189,79.22015506563322,79.8482894897461,4131600
2024-05-22,79.57641656132655,80.53268762054147,79.57641656132655,80.40143585205078,8527900
2024-05-23,78.34826880221556,78.85452866864702,76.14510603079535,76.29510498046875,10712300
2024-05-24,75.92947975563396,77.20450311080229,75.82635234068026,77.14825439453125,8732300
2024-05-28,76.99825553470731,77.5701413796228,76.754506306113,76.87638092041016,7479000
2024-05-29,76.25760257518043,76.82011829984936,75.70447117265641,76.39823150634766,7910500
2024-05-30,75.9107188546493,76.31385127136545,75.43258339466412,75.56383514404297,8870600
2024-05-31,75.67635636985216,76.38887113240737,75.58260612146778,76.2857437133789,11406000
2024-06-03,76.41698299327776,77.31699810539982,76.05135207749954,76.9888687133789,6151100
2024-06-04,76.67011864723943,78.17014401624593,76.41699227199793,78.0670166015625,6331200
2024-06-05,77.90763889248737,77.98264194758956,76.61386837905718,77.16699981689453,7058300
2024-06-06,77.27950198766445,77.78576186477639,76.74511775393819,77.19512176513672,7366600
2024-06-07,77.11075168367134,78.95766080155788,77.0263786105586,78.81703186035156,7038900
2024-06-10,78.48889842069714,78.70452325386476,77.44825432272201,77.94513702392578,4966100
2024-06-11,77.8513953143264,77.8513953143264,76.75450238365003,76.82949829101562,5340400
2024-06-12,77.12950487611492,77.74826940452225,76.80137542287724,77.09201049804688,5549100
2024-06-13,76.87635411002546,76.87635411002546,75.79820868892136,76.55760192871094,5934400
2024-06-14,76.07948391865726,76.44511487041494,75.48884380221408,75.97635650634766,3689000
2024-06-17,75.24510285485856,75.47010489153472,74.30758602390782,74.9544677734375,5435400
2024-06-18,74.92632862781598,75.32946107168259,74.2231911433522,74.76695251464844,7011900
2024-06-20,74.21383399848858,75.3294741368426,74.01694917432873,75.16072082519531,7139700
2024-06-21,75.16070592652515,76.60448238383043,74.9357039398248,76.53885650634766,11094400
2024-06-24,76.65136969503415,76.85762451965334,75.69509862683329,75.97635650634766,6798700
2024-06-25,76.1169888650726,76.16386041197367,74.72946089792806,75.38572692871094,5318100
2024-06-26,74.5325731292449,75.21696342591467,74.22319092036605,75.04821014404297,5737600
2024-06-27,75.00133391780795,75.06695979887866,73.79193655006115,74.37319946289062,8044800
2024-06-28,74.47724253015937,74.97854871122729,74.02323238051196,74.44886779785156,8917200
2024-07-01,74.15565735007264,75.0825990077451,72.76523764720227,72.94495391845703,7111800
2024-07-02,72.68955143892222,73.30436367430129,72.37741499715682,73.18140411376953,7111800
2024-07-03,73.13412178917466,73.54084313956562,72.90711670553085,72.99224090576172,2838400
2024-07-05,72.89766509304428,73.71110789467221,72.54769316608636,73.40843200683594,4370000
2024-07-08,73.23816233326873,73.39895728928713,72.43418033681573,72.68009948730469,5606500
2024-07-09,72.68009827464252,72.82197914608719,71.84774156058715,72.71793365478516,6142600
2024-07-10,72.68010023492796,72.9165659549266,72.19771536191072,72.88819122314453,6736300
2024-07-11,73.23816183324183,73.97593371239365,73.01115676650919,73.84351348876953,6224600
2024-07-12,73.9664767139512,74.4015800031756,73.60705140585421,73.73001098632812,5661400
2024-07-15,73.60704092571395,73.78675716235517,72.7935983611993,72.9071044921875,4497800
2024-07-16,72.86927489438041,73.96647204884269,72.52876369077052,73.87188720703125,6811000
2024-07-17,73.73001334399191,77.14457913736545,73.72055991036484,76.86082458496094,9848100
2024-07-18,76.09466454146465,79.10250873839837,75.74469990016732,76.81352233886719,8427800
2024-07-19,77.16348783712746,77.24861202404021,75.11096732281362,75.17717742919922,9292800
2024-07-22,75.24340085806864,75.74470706894301,74.79884411518407,75.0069351196289,5904400
2024-07-23,75.14879790526007,75.34743544717757,74.54344627984072,75.10150909423828,5022800
2024-07-24,75.27176957242165,76.00954146273459,74.65695725837384,75.64065551757812,5658500
2024-07-25,75.31906020595234,77.04999104664498,74.1556528789277,74.21240234375,6357000
2024-07-26,74.36374380106209,75.14880452368214,74.07998204449785,74.43940734863281,4574700
2024-07-29,74.72316637039184,76.03791517605568,74.34481978094045,75.66902923583984,6551400
2024-07-30,75.40419353961138,76.61489692905768,75.38527223994798,76.4351806640625,6568400
2024-07-31,76.00953795502554,76.60542894284949,74.69478919242616,75.9717025756836,7573200
2024-08-01,76.3216842452764,76.70002365466837,75.0825988655242,76.13250732421875,4873100
2024-08-02,76.65271813311435,77.45670002741734,75.9716957984332,77.09727478027344,5057900
2024-08-05,76.44463379199168,77.38103597507116,75.86765688717486,75.98116302490234,7503200
2024-08-06,76.10412349524726,77.25807731852865,75.59335669397383,76.40679931640625,5514000
2024-08-07,76.4351793764909,78.26069507974071,76.18926021590067,76.70001983642578,5596600
2024-08-08,76.83245014041968,78.14719905568316,76.52977428689921,77.75939178466797,4088200
2024-08-09,77.82559974528618,77.9391058933463,77.08782782379893,77.59859466552734,3094300
2024-08-12,77.58912271201463,77.61749744080548,76.43516896545145,76.79460144042969,4502200
2024-08-13,77.0026961997363,77.91072364757291,76.71893446512958,77.81613159179688,3704800
2024-08-14,77.01215874297365,77.42834074526948,76.40680703946784,77.31483459472656,5612900
2024-08-15,78.09044270654431,79.48086239523674,77.72155673399672,79.1214370727539,6743500
2024-08-16,79.48086267863351,80.15242450839317,79.26331824089982,80.02000427246094,5374800
2024-08-19,80.09566815435875,80.6726450826133,79.9159518997467,80.22808837890625,7492800
2024-08-20,79.45248610771922,82.9521760616337,78.77146364360665,80.75777435302734,10841600
2024-08-21,81.27800238085509,82.829217018619,81.22125291392958,82.80084228515625,10608300
2024-08-22,83.15080503584021,84.40879711813047,82.81029383896684,83.07513427734375,8429600
2024-08-23,83.4818618865197,83.70886696278677,82.96163440303131,83.56698608398438,4843500
2024-08-26,83.80344336428166,85.25061230622782,83.34943325750196,84.50337982177734,5948200
2024-08-27,84.71148062678209,84.86282215751544,83.31160754930549,83.99263000488281,4174700
2024-08-28,84.15341681711742,84.31421176567444,83.1886326930539,83.54806518554688,5230600
2024-08-29,84.07775823122864,84.12505426593879,83.2548548552596,83.41565704345703,5024400
2024-08-30,83.54807254162957,83.80345235203706,82.50762478428287,83.78453826904297,7940100
2024-09-03,83.49131136366064,84.52230563216874,83.30214167846181,84.14395904541016,4745300
2024-09-04,83.99262797827657,86.53699425917752,83.99262797827657,86.10189819335938,8953500
2024-09-05,86.22487118317589,86.24378526723942,84.27638857199328,84.55068969726562,7007400
2024-09-06,84.8628180197811,85.63842528606908,84.46555734551772,85.02361297607422,7116500
2024-09-09,85.12765849073203,86.21540223694137,85.01415234818775,85.71409606933594,8643000
2024-09-10,85.84651198797138,86.18702318216279,85.31682389902883,86.06405639648438,5628100
2024-09-11,85.76137789315652,85.76137789315652,84.01153316562896,85.45870208740234,5805800
2024-09-12,85.37358903806437,85.65734358377651,84.37096943740293,85.1276626586914,4856500
2024-09-13,85.18441212456156,85.61950820107596,85.02361716035522,85.1276626586914,5209400
2024-09-16,85.12765921778345,85.35466428844975,84.59797831410833,85.23170471191406,5620300
2024-09-17,85.12766775952747,85.35467285297156,83.2737771942834,83.83183288574219,7012300
2024-09-18,83.26430950190579,83.71832686675745,82.92379828235732,83.35889434814453,7691400
2024-09-19,83.88857097105637,85.08035285965964,83.75615076121156,84.6263427734375,9374600
2024-09-20,84.63580725397867,84.73984552383025,83.93586358012244,84.50337982177734,25452900
2024-09-23,84.69255582163109,85.17494786932158,84.19124969317411,84.99523162841797,6324400
2024-09-24,84.87227529400376,85.40195617195802,84.32367311820215,84.90065002441406,7657600
2024-09-25,85.28846165389251,85.50601331061254,84.36151999118346,84.55068969726562,3944400
2024-09-26,84.25746486646922,84.72093564489946,83.71832332770236,84.60742950439453,6321000
2024-09-27,85.1889669330036,85.81815650129849,84.9506361184581,85.15083312988281,5232500
2024-09-30,85.30336670653394,85.89442246037358,84.86483161569411,85.82769012451172,4784900
2024-10-01,86.03742597368029,86.13275684697307,85.04596889022052,85.7990951538086,4907100
2024-10-02,85.36056093299993,85.50356086888232,84.8362302591908,84.96016693115234,4438900
2024-10-03,84.86482596763703,85.07455823018137,83.56831313907678,83.67317199707031,3435000
2024-10-04,83.85431231012741,84.16891072863807,83.13931987166457,84.14031219482422,3598500
2024-10-07,83.75898155106366,83.87338295975039,82.82472156332004,82.97725677490234,3794500
2024-10-08,83.24418466138209,84.426303437288,83.15838906133172,84.02590942382812,4608700
2024-10-09,83.85430926369713,84.31190760793163,83.5778446580753,84.22610473632812,2773500
2024-10-10,85.09363242879779,85.26523089887537,84.64556935285748,84.70276641845703,3219800
2024-10-11,84.82669703595472,85.40821746568697,84.75996470642622,85.18895721435547,4482700
2024-10-14,85.35101833729901,85.85627843053354,84.98875816767082,85.8086166381836,3849200
2024-10-15,85.84675731260351,86.27574984450777,85.26522957709315,85.64655303955078,4173700
2024-10-16,85.62748758652106,86.02788157583208,85.31288919208582,85.78955078125,3773300
2024-10-17,85.94208915063219,85.94208915063219,85.44635700658205,85.59889221191406,5392700
2024-10-18,85.7704842051533,87.94405980406583,85.64654754185916,87.93452453613281,7355500
2024-10-21,87.70573819652274,87.75340726789771,86.54268267845289,86.78101348876953,4411500
2024-10-22,86.46641238310265,87.07653865666641,85.78002578030258,86.86681365966797,4400200
2024-10-23,86.50455132885357,88.07753617620133,86.44735426020506,87.963134765625,6842200
2024-10-24,88.17285891606544,88.35399264778525,86.69521235045642,86.74287414550781,3813800
2024-10-25,86.88588007213488,87.32440789256981,85.92302155700648,86.3615493774414,3446900
2024-10-28,86.44734609105465,87.08607087486878,86.3234166962676,86.37107849121094,4241900
2024-10-29,86.15181793280183,87.16233817073153,86.09461359647922,86.1041488647461,7279700
2024-10-30,85.78003193060378,87.51508000919091,85.75142612265041,86.2757568359375,5325700
2024-10-31,85.63702035942885,85.73235121982809,84.83622513086266,85.08409118652344,6955600
2024-11-01,85.63702630288597,86.75241272085285,85.0936323602909,85.8658218383789,5052400
2024-11-04,85.82769028445081,86.29481663635435,85.0555007861418,85.14129638671875,4513600
2024-11-05,84.89342760141105,85.50355382250156,84.47396309693198,85.4940185546875,4578200
2024-11-06,87.5818044094042,87.73433233826653,84.75043336084951,85.9039535522461,6281700
2024-11-07,85.31289170477255,85.3224269733547,83.606442292512,84.00684356689453,7077400
2024-11-08,84.23563742755823,84.55023582501339,83.48251123665591,83.6255111694336,8137700
2024-11-11,84.09262899178856,84.67415665921247,83.65410124268296,84.14982604980469,4544500
2024-11-12,84.11171157368874,84.67416878681418,83.70178229487838,84.1784439086914,7202700
2024-11-13,83.88291672070822,84.14031808962451,83.41579033137087,83.86385345458984,8338900
2024-11-14,83.60644057568238,84.03544037372312,81.89046320335555,81.98579406738281,7956100
2024-11-15,81.48053817443841,83.48251551611463,81.04201035851155,83.44438171386719,7952300
2024-11-18,83.4157760624971,84.57883147532162,82.93911448499712,83.50157165527344,10339800
2024-11-19,81.98579388786766,82.44339221678675,80.55580911075369,81.032470703125,12000800
2024-11-20,80.77507635752751,81.01340715286943,79.65015471258249,80.18401336669922,7389100
2024-11-21,80.26981152641439,81.15640240434347,80.00288219082782,80.78460693359375,5699700
2024-11-22,80.8322722279079,82.2717922470444,80.67020903505426,82.18598937988281,6532100
2024-11-25,82.46245176799096,82.7770501503805,80.81319953238865,81.7474594116211,10636000
2024-11-26,82.3099145738667,82.51964682369625,81.05152834816761,81.68072509765625,5702500
2024-11-27,82.10972228829957,82.84378520469032,81.90952529472352,82.2431869506836,5106500
2024-11-29,81.65212287857528,82.70077680706403,81.53772149112496,82.50057983398438,3543200
2024-12-02,82.14784767763761,82.79610765996703,81.92858744328849,82.50057983398438,7058700
2024-12-03,82.4719968405898,82.49106010545017,81.49007505149753,81.70933532714844,4979100
2024-12-04,81.3661305746461,82.1001934837988,81.04200419013189,81.33753204345703,5352500
2024-12-05,80.62253757812292,81.35659319494526,80.07914367979828,80.21260833740234,6967700
2024-12-06,80.07914881351157,80.60347948291157,79.66921954651126,80.08868408203125,4309800
2024-12-09,80.20307882468016,80.47001543232138,79.75502302673128,80.041015625,5015000
2024-12-10,80.07915072188968,80.17448158952185,79.01142609388404,79.67875671386719,5095400
2024-12-11,79.50715889787008,80.0505528484573,79.02096201367762,79.049560546875,6125600
2024-12-12,79.04002191127745,79.36414827492047,78.67775447746693,78.86842346191406,5482500
2024-12-13,78.97329374005336,79.06863188271242,78.05810430210352,78.6301040649414,4301500
2024-12-16,78.17251041410029,78.65870733246236,77.33358853047595,77.55284881591797,6351900
2024-12-17,77.18104106224675,78.44896259258658,76.92364701295293,77.57190704345703,8021400
2024-12-18,77.5719133846832,77.84837799254154,76.26585794892739,76.2944564819336,7048600
2024-12-19,76.06565541696641,76.82830957706673,75.80825409205772,76.25631713867188,7190300
2024-12-20,76.14192116585944,77.47656773194285,76.07518883755527,77.24777221679688,10707300
2024-12-23,76.92365104688723,77.79117137352794,76.66624971081669,77.60050964355469,7421300
2024-12-24,77.50518272919844,77.9627738137703,77.3049784472592,77.73397827148438,2465900
2024-12-26,77.51471122664714,77.95323904940011,77.42891562521423,77.79117584228516,3319500
2024-12-27,77.44501000604272,78.14695345999085,77.35846471093782,77.63732147216797,3880700
2024-12-30,77.11807471494467,77.28154753735397,76.24304797290507,76.55075073242188,5136200
2024-12-31,76.75267180083664,77.1469198168143,76.32957780051167,76.81036376953125,4803700
2025-01-02,77.28155112278522,77.57001834659597,76.79114730523028,77.13731384277344,5574900
2025-01-03,77.4065366147805,77.8873225564872,76.90652246333848,77.83924102783203,5394700
2025-01-06,77.42577323691242,78.02195051044012,76.59882807664273,76.77190399169922,7886200
2025-01-07,77.28154436232211,77.9546418285452,76.67574930650913,76.8007583618164,7363100
2025-01-08,77.32000436201767,80.0220192058512,77.26230505613908,79.50276947021484,11153800
2025-01-10,78.84890488966037,79.32007312083722,77.41616464763403,77.5604019165039,7068200
2025-01-13,77.80079195992482,78.96429316845143,76.93537571583545,78.64697265625,6487700
2025-01-14,80.18548974735373,82.03170625554108,79.91625075693628,81.97401428222656,13399700
2025-01-15,80.69512573461898,82.58942387178003,80.69512573461898,82.11825561523438,12261100
2025-01-16,82.14708534316206,83.86829987490606,81.76245512700392,83.81060791015625,7267500
2025-01-17,83.89715261525903,85.22411926487102,83.70484115979473,84.69525909423828,9578900
2025-01-21,85.05103624467597,85.29142923274595,84.39716702367714,84.98372650146484,8376600
2025-01-22,84.84910779073313,85.06065479596256,84.06061907610368,84.4644775390625,5222900
2025-01-23,84.49333058036629,85.89722475853256,84.42602083676283,85.82029724121094,5694300
2025-01-24,85.68568259502733,86.82995563714645,85.40682583114064,86.72418212890625,7349500
2025-01-27,87.17611163401232,88.92617219171086,86.87801935755584,88.90693664550781,9164300
2025-01-28,88.90693920916853,89.50311644306105,88.14729650889326,88.44538879394531,7961100
2025-01-29,88.97426439622961,89.4069762388577,87.84922681057975,87.89730834960938,5514700
2025-01-30,88.19538063188708,89.25310831209242,87.94536987016923,88.45500183105469,5101600
2025-01-31,88.19537990115677,88.56077459893866,87.16649821424896,87.32996368408203,7215400
2025-02-03,86.80109854750012,87.70497854734126,85.82029836554146,87.05110931396484,5800300
2025-02-04,86.40685198605254,87.6088168675231,86.25299695984282,87.47419738769531,5196300
2025-02-05,87.76267622384185,88.53193678472563,87.19535224575468,88.16654205322266,5181100
2025-02-06,87.7530576871434,88.40692690268745,87.2722717150143,87.32996368408203,4509300
2025-02-07,87.61843951621061,87.66651371241764,86.10877183452713,86.55109405517578,6349400
2025-02-10,86.82033718682473,87.44536045713741,86.55109819929612,87.34919738769531,5029300
2025-02-11,87.34919178995372,87.95498680928314,87.02226085068087,87.69535827636719,6534800
2025-02-12,87.11842061859817,88.11845636615415,86.4549409357077,87.839599609375,7053200
2025-02-13,87.76266682771843,88.92617531894501,87.3780439246678,88.65692901611328,5991000
2025-02-14,88.868472047986,89.47426703205396,88.32999413878008,89.24348449707031,10855400
2025-02-18,84.57985953905242,85.04141725767778,81.79129969054313,82.76248931884766,14516700
2025-02-19,82.69519674366919,83.82023428751413,82.40672219263647,83.65676879882812,8972100
2025-02-20,83.4355936867169,84.87795159119973,83.0317352341525,84.56063842773438,5804300
2025-02-21,84.27216901469154,87.64728876967045,84.21447704260694,86.4837875366211,11763000
2025-02-24,86.09916068574643,87.57036472193974,85.6953021927154,86.70494842529297,7158500
2025-02-25,86.88763760042079,87.35880577798397,85.7914462196836,87.0030288696289,6290300
2025-02-26,86.98380610153582,87.68575692063418,86.5414838422432,87.09919738769531,5108500
2025-02-27,86.82994983056795,87.77228623123911,86.63763103925932,87.25303649902344,4735900
2025-02-28,88.03191591278839,88.84925061192023,86.8299509622381,88.48384857177734,7685300
2025-03-03,89.10887201935444,91.28202670911374,88.75309508834447,90.67623901367188,9306100
2025-03-04,91.10894495469273,91.89743368354344,89.37811245906337,89.45503997802734,7644300
2025-03-05,89.99351745726374,91.08971625611026,89.68581471926477,90.4454574584961,5820600
2025-03-06,90.13776039421383,90.36854296439861,88.55116507120238,89.55120086669922,5339800
2025-03-07,89.04156491123497,91.37818514312514,88.88771720748474,90.8685531616211,7795900
2025-03-10,90.94547475954866,92.55129811947631,89.95505684697305,90.19544982910156,10771700
2025-03-11,89.81082585081384,90.33007560875167,89.10887506613524,89.6954345703125,7457600
2025-03-12,89.32042067139201,89.4261941761317,86.87802696085974,87.99345397949219,6301000
2025-03-13,88.24345138464855,89.17617731570733,88.04152216290564,88.78193664550781,6737600
2025-03-14,88.76271059773299,89.71467217723696,88.58001690301198,89.4935073852539,7788600
2025-03-17,89.49350972010134,90.0800692530418,89.25311670942779,89.76274871826172,8099200
2025-03-18,90.07045161614558,90.11853315283878,88.21461727746066,88.66655731201172,12259300
2025-03-19,88.71462732979855,89.25310525702517,87.63766413913375,88.33961486816406,11665200
2025-03-20,88.46462460067372,88.46462460067372,86.82033734985448,87.714599609375,10469600
2025-03-21,87.07995260410289,87.34919157371088,86.18569040578393,86.85879516601562,14027600
2025-03-24,87.20497399913407,87.34920394169471,86.25301236095736,86.66648864746094,5420400
2025-03-25,86.81071259446063,87.02225959267868,84.15677201572697,85.18565368652344,8819800
2025-03-26,85.22413102062384,85.73377038670591,84.63757146347281,84.83950805664062,7460400
2025-03-27,85.25296623775442,86.01260156562341,84.61832527679705,85.5606689453125,7340100
2025-03-28,85.14391901313095,85.6575920230947,84.54302185930915,84.93069458007812,6320200
2025-03-31,84.32010013474125,87.52813835987199,84.25225667178746,87.09200286865234,8241100
2025-04-01,86.05496787331677,86.83032072454343,85.4928320649687,85.76420593261719,7059400
2025-04-02,85.70605553049641,86.24880325963974,84.76593364652797,86.12281036376953,5577200
2025-04-03,85.87080683764106,86.78185389704348,84.98884188398364,85.18267822265625,7663100
2025-04-04,85.27960629896724,85.38621851593707,80.13317474720776,80.32701110839844,12034000
2025-04-07,78.71814214146141,82.74030915810197,78.09785696333276,80.58869171142578,12129100
2025-04-08,81.89711647452637,82.68216339050547,78.12694211831483,79.35781860351562,10183900
2025-04-09,78.02031809422589,82.86630058455047,77.0995843788172,82.653076171875,11981100
2025-04-10,82.21694323601086,82.67246678722289,78.49522472381389,79.99748229980469,8838400
2025-04-11,80.5983905793702,80.86976443677419,78.67937811084009,80.34639739990234,8014000
2025-04-14,81.38344089765944,81.66450880317315,80.55962525426179,81.62574005126953,5596000
2025-04-15,82.02311232606274,82.12003790952213,79.68735217349165,79.83273315429688,5829400
2025-04-16,80.63715568218109,81.88742020707339,79.66795906391265,80.15255737304688,7111600
2025-04-17,79.9684094047324,80.75345624396907,79.59042334181231,80.05563354492188,5940500
2025-04-21,80.05564157739519,80.33670949240063,78.66000343365072,79.28028869628906,5220000
2025-04-22,80.25916294036016,81.0442171642694,79.95871437980217,80.80191802978516,5284900
2025-04-23,81.56758593036724,82.72092480705217,80.79222572564578,81.17021179199219,6468200
2025-04-24,81.44158275607359,81.93587505390737,80.69530468587038,81.7032699584961,5959000
2025-04-25,81.80988795437254,82.05218710259274,80.92791550554708,81.56758880615234,5879600
2025-04-28,81.99402638656976,82.26540023659291,80.81160541628357,81.45127868652344,4513400
2025-04-29,81.41250973627095,82.4592437789606,81.22836002661735,81.99402618408203,4495500
2025-04-30,82.36232568041034,82.38170635778961,81.10236721365573,82.14910125732422,7469800
2025-05-01,81.60634629468305,81.87772753910812,80.39485061100675,80.9860610961914,6015000
2025-05-02,81.87773012371709,82.44955255515907,81.2962062616894,82.236328125,5727500
2025-05-05,82.0231001447801,82.18786917556085,80.66623091046401,80.87944793701172,7168400
2025-05-06,80.77284088676637,80.88914714044493,79.51288974663974,79.78426361083984,7415800
2025-05-07,79.78425972454771,80.99575541241705,79.34812423466789,80.598388671875,7557000
2025-05-08,80.89883139039314,81.9746400750322,80.59838284771493,81.0442123413086,6252400
2025-05-09,80.92791186642235,81.64511524247602,80.78253090515102,80.90853118896484,6588600
2025-05-12,81.84864023516609,83.59319686665799,81.47065419740657,83.166748046875,7720300
2025-05-13,82.85660376247858,83.15705969495373,82.19754987018469,82.48831176757812,5532400
2025-05-14,82.28479495909043,82.48832536305824,81.4997406644907,81.65481567382812,5684900
2025-05-15,82.18786684248015,83.46720593736333,82.09094127616665,83.45751190185547,6567700
2025-05-16,83.47689542347142,83.78703802084998,83.19582753922478,83.77735137939453,6506800
2025-05-19,83.14737858103648,84.38794906652063,83.0504603983049,84.29103088378906,7296500
2025-05-20,82.78876962079936,84.19410909048239,82.75969490666506,83.70951080322266,9253500
2025-05-21,83.92273229306748,85.56067695715224,81.61604698524711,81.80989074707031,12936800
2025-05-22,80.71469296786618,81.05391030446548,78.37893296923957,78.4177017211914,14683400
2025-05-23,78.136629015219,78.33046536868699,77.46788102530354,78.19477844238281,10571900
2025-05-27,78.65029998199084,79.08643546325688,78.22385114208079,78.67937469482422,8294300
2025-05-28,78.9895191142915,79.76487931488433,78.64060776346302,78.7375259399414,7515900
2025-05-29,78.7762936549808,79.88117711996824,78.74721894185737,79.87149047851562,8093300
2025-05-30,79.66795539778042,80.70499543583017,78.99921479012976,80.42393493652344,11025900
2025-06-02,79.86180254628128,81.18959717628303,79.67765282324844,81.1605224609375,7904400
2025-06-03,80.57900183792184,82.9826125731089,80.57900183792184,82.90507507324219,11977600
2025-06-04,82.90506926532996,83.69011606193074,82.90506926532996,82.96321868896484,9070700
2025-06-05,83.20552890698477,84.52363691058869,82.85661752989057,84.32010650634766,10361500
2025-06-06,84.60117054746543,84.75623815553803,84.116572256366,84.74655151367188,7577400
2025-06-09,84.70778545070907,85.10515221693925,83.71920076464536,84.75624084472656,8624700
2025-06-10,85.0179213299853,85.77389344504377,84.76592816017155,85.25052642822266,6628000
2025-06-11,85.22145736028644,85.74482441177523,85.05669571288715,85.34745025634766,4643300
2025-06-12,85.31837637942562,85.80297468433602,84.9500843296717,85.76420593261719,5855300
2025-06-13,85.49283431276265,85.89989512493793,84.3976447768482,84.581787109375,6011700
2025-06-16,85.49282936992313,86.03557708811074,84.88223818696207,85.21176147460938,8414700
2025-06-17,85.39591458099365,85.42498929642463,83.3121403739669,83.51567077636719,6939100
2025-06-18,83.65135416376417,83.73858570074114,82.77908316029287,83.08922576904297,8514400
2025-06-20,83.4865911967675,83.7676590868635,83.08922445172345,83.68042755126953,13089200
2025-06-23,83.58350763748044,83.68042581271787,81.97464522426719,83.3121337890625,6746800
2025-06-24,83.17645072587042,83.72889248418899,82.32356039205428,83.4284439086914,11144100
2025-06-25,83.2152185346936,83.76766028675885,82.8081577477788,83.32183074951172,8461700
2025-06-26,83.2442922167845,84.00995838899327,82.86630614870944,83.52536010742188,11117300
2025-06-27,83.55467021936417,84.5514594958118,83.28104208292002,84.06283569335938,10134000
2025-06-30,84.67851811084886,85.4212284804252,84.21921048039782,85.18668365478516,8205600
2025-07-01,84.8544219321991,86.7307357788086,84.73714952085784,86.7307357788086,10089300
2025-07-02,86.79913030165521,87.14116546563854,86.02710381391722,86.27141571044922,8663000
2025-07-03,86.35937983581927,86.68186590257329,86.05642798622696,86.37892150878906,2989500
2025-07-07,86.47664338144274,86.63300658589506,85.33326540816505,85.67530059814453,7218300
2025-07-08,85.56780131149519,87.01413110497985,85.32348940052741,86.5645980834961,5403000
2025-07-09,86.80891393288692,87.12163289488107,85.97825488907198,86.97504425048828,4673100
2025-07-10,87.19981359281711,88.43114029897632,86.4864195072862,87.3659439086914,7962900
2025-07-11,89.68202181804857,89.76020342664158,87.04345590240716,87.87411499023438,12259500
2025-07-14,87.7079724576572,88.18682169598377,86.95549508314404,87.68843078613281,8911800
2025-07-15,87.65911530698212,88.0695650055202,86.39847234085585,87.1900405883789,8617300
2025-07-16,87.55161760978642,87.87411113924323,86.99458672063749,87.73729705810547,5173500
2025-07-17,87.5027631514094,87.64935180292969,86.33983596003931,87.49298858642578,6951700
2025-07-18,87.9327513252732,88.46045852215424,87.27798969986847,87.5711669921875,6413500
2025-07-21,87.39526504503594,88.40182901691938,87.15095311182895,87.65911865234375,6015900
2025-07-22,87.92297428343505,89.82860426239321,87.76661107705488,89.56475067138672,7457100
2025-07-23,89.76019411105354,90.65926014913967,88.82203727272787,89.91655731201172,7818800
2025-07-24,89.94587715322271,90.39541019028282,89.2422576323258,90.2195053100586,6684900
2025-07-25,89.87746986841259,90.98175705714213,89.83837906671313,90.82540130615234,5376500
2025-07-28,90.61040769688644,90.63972393487946,89.77974864524866,89.87747192382812,4311500
2025-07-29,89.73088049570009,90.6006303229623,89.6624734572348,90.33677673339844,4676800
2025-07-30,90.160873666866,90.27813861755837,89.14453517795258,89.55497741699219,5424000
2025-07-31,89.34975573910084,89.60384222369338,88.0988799008116,88.18682861328125,8310000
2025-08-01,87.57115777941944,87.9131929472696,86.67209177941118,87.30729675292969,6658000
2025-08-04,87.41480729904328,88.06956895079612,86.24211299419352,87.6004867553711,8078800
2025-08-05,88.0891064980471,88.14773897380009,87.2584474497109,87.62979888916016,5597000
2025-08-06,87.63956984192178,87.95228879273029,86.93595033865067,87.32685089111328,5545000
2025-08-07,87.94251061304999,89.64292682798306,87.6884316018318,89.16407012939453,8207000
2025-08-08,89.13475994455945,90.84494338353214,89.12498538013905,90.76676177978516,6636900
2025-08-11,90.73744168428566,91.15765846679844,90.24881786535487,90.62994384765625,6782900
2025-08-12,90.7276729773127,91.00130859645733,89.36929926945831,89.98497009277344,5445200
2025-08-13,89.90678261440806,91.04039345224703,89.57452199657733,90.79608154296875,6596900
2025-08-14,90.73744589086043,90.79608582179995,89.63315869297305,89.88724517822266,6873500
2025-08-15,90.41494826310932,91.05993528351854,89.92632444369912,90.90357208251953,6641200
2025-08-18,90.65925819962449,91.19674737160044,90.4051791872428,90.69834899902344,11581800
2025-08-19,85.84143317790306,88.09888040299782,85.50917254337956,87.85456848144531,19583900
2025-08-20,88.30410059145586,92.29127289855192,88.23569355237467,91.09902954101562,13227300
2025-08-21,91.19675081240571,91.6560584029132,88.95885278908295,89.02725982666016,6808600
2025-08-22,89.59406779422156,90.84494363439508,89.59406779422156,90.60063171386719,4876000
2025-08-25,90.6299474666916,90.93289931647546,89.8286046698782,89.94587707519531,5106500
2025-08-26,90.32700693699739,90.39541397907354,89.76997603557489,90.08269500732422,6251600
2025-08-27,89.94588339390259,90.08269748181306,89.25203838926852,89.95565795898438,4223300
2025-08-28,90.00450511159166,90.00450511159166,89.25202771805237,89.86769104003906,5626500
2025-08-29,89.95564617786638,90.70812356282508,89.86769001526686,90.69834899902344,5174500
2025-09-02,90.43450114851964,91.69515154967254,90.30746163428554,91.20652770996094,7150300
2025-09-03,91.03062457823053,91.4312922574711,89.33998277979376,90.1511001586914,5365400
2025-09-04,90.16086948693933,92.20331347876252,89.70156190253299,90.73744201660156,6641400
2025-09-05,91.02084563723842,91.80264674052961,90.41494940939735,90.78630828857422,4856900
2025-09-08,90.06315003830653,90.88403451318612,89.31066514719213,90.87425994873047,5024100
2025-09-09,90.72766959212625,92.16422485185049,90.6201792083761,91.9296875,7038300
2025-09-10,92.1055936263152,92.15445899252506,89.5061112247581,90.2195053100586,5625500
2025-09-11,90.20972799740989,92.12513249271626,90.15109552439075,92.1055908203125,6957800
2025-09-12,91.82219506950496,93.12193632923092,91.38243657690398,91.8906021118164,7334200
2025-09-15,92.44763064055226,92.77012416994059,91.09903150284866,91.30425262451172,5716300
2025-09-16,91.1478854151753,93.36624176518175,91.1478854151753,92.04695892333984,7722300
2025-09-17,92.27172973949367,92.95580763037152,91.67560802215817,92.42809295654297,8145800
2025-09-18,92.34012916446291,93.46396546290465,91.6853750226588,93.41510009765625,9364500
2025-09-19,93.72782725231396,93.72782725231396,91.93946223361597,92.91670989990234,15677000
2025-09-22,93.21966347070881,93.32716132105115,92.15446698834573,92.4671859741211,7581600
2025-09-23,92.36944711299378,93.4835163236771,92.02741191734052,92.7994384765625,7101000
2025-09-24,92.69194144090226,93.80600320545555,92.64308353013196,93.56169128417969,11265300
2025-09-25,93.10238105726081,93.45419081045489,90.61040400391204,92.15445709228516,7560800
2025-09-26,92.41046052124769,93.27696726396302,92.04614065203279,92.77478790283203,5042800
2025-09-29,92.76494210173497,92.88310416464668,91.8590554898543,92.52862548828125,5452000
2025-09-30,92.45969417020419,93.92683734975377,92.37107075003313,93.77913665771484,7119000
2025-10-01,93.69052452842334,94.26162988740938,90.46083665499403,93.3557357788086,10343500
2025-10-02,92.96188502990485,94.27147896348492,92.5384803335589,94.01547241210938,6212500
2025-10-03,94.20254709973375,96.43773251298603,93.9169944141814,96.20140838623047,8573200
2025-10-06,96.14232846565481,97.1466871958097,96.13247974921853,96.92021179199219,8134500
2025-10-07,96.82174682617188,97.84579547324893,96.39834216932626,96.82174682617188,5894000
2025-10-08,97.0580648423874,97.16637818727183,95.28567148279627,96.36880493164062,7470100
2025-10-09,96.683901268072,96.73312982861218,94.48810313151633,95.01982116699219,6207200
2025-10-10,95.19706054481767,95.56138795231595,93.83823057304863,93.98592376708984,6829800
2025-10-13,94.23209193671075,94.93120813389307,93.60190924864435,94.11393737792969,4619500
2025-10-14,93.79884635056912,95.11828901054702,93.79884635056912,95.05921173095703,4862700
2025-10-15,94.59640765414562,95.37429095683912,92.6172364033019,93.87760162353516,7246800
2025-10-16,93.73975626293205,94.4979496992317,93.2474255945083,93.58221435546875,4802600
2025-10-17,93.81852902198955,94.3403983176878,93.44436042622108,94.31085968017578,6136000
2025-10-20,94.61610583706094,95.11828523073089,93.47390257361218,94.44871520996094,5137800
2025-10-21,94.1533141959944,94.68503218810237,93.77913810208359,94.36009216308594,4405000
2025-10-22,95.10843495695188,95.74846632862429,94.08439377711981,94.42902374267578,6651700
2025-10-23,94.67519142953518,94.7638073461502,90.46084200345591,92.76494598388672,9122200
2025-10-24,92.97171894277837,93.50343695083657,91.8590543686602,92.23322296142578,4309300
2025-10-27,92.30215515025253,92.79448583754566,91.68182118871643,92.68617248535156,5562600
2025-10-28,92.37107803218146,93.14896139336683,91.78028272981922,91.79998016357422,4279800
2025-10-29,91.35687262773477,91.3864112642434,89.97834532916691,90.32298278808594,6963600
2025-10-30,90.36236288787794,90.5396022198078,89.31862432894066,89.57463836669922,5617400
2025-10-31,89.2103198489803,89.91927724713003,88.70814043989589,89.30878448486328,5959700
2025-11-03,89.25954648012448,89.25954648012448,87.67424121930021,88.81644439697266,7307700
2025-11-04,88.7967568154764,89.08230949550749,88.28473624214556,89.03307342529297,4729200
2025-11-05,88.42258668754674,89.10199786801073,87.98933331676955,89.01338195800781,5675100
2025-11-06,88.70813513434322,89.42694120680116,88.24535062213492,88.67859649658203,5462000
2025-11-07,89.30877468822449,90.82515395406918,88.81644405044514,90.7857666015625,7520500
2025-11-10,90.53960758965077,91.36672702516917,90.11620291117146,91.23872375488281,5375000
2025-11-11,91.54396397981127,93.93669128417969,91.37657335864067,93.93669128417969,8555500
2025-11-12,93.54281984849827,94.81303377739903,93.36558052092212,94.34039306640625,6322000
2025-11-13,93.54282332991727,95.22659324837144,93.18834466157224,94.66533660888672,5284400
2025-11-14,94.34039793989368,95.08874264080345,93.68067666353475,94.39948272705078,6324500
2025-11-17,94.35024882602352,95.75831483567006,94.33055890476481,94.80319213867188,11087600
2025-11-18,98.43659737117555,100.90809948849014,97.88518941347795,99.25386810302734,21965400
2025-11-19,99.4409499741436,101.01640666876011,98.43659867894124,98.80091857910156,12429800
2025-11-20,98.83046199017133,99.63788399329604,97.56024795250505,97.82610321044922,6726200
2025-11-21,98.12149983267682,100.46499101709367,97.73748252750703,99.64772033691406,11381000
2025-11-24,99.97265998340113,102.1093731885313,99.4212520626887,101.6170425415039,13926400
2025-11-25,102.20784926703337,103.98023515721992,102.20784926703337,103.73406982421875,9482900
2025-11-26,103.44851363516975,104.69903769141796,103.09403496665605,103.40912628173828,5249600
2025-11-28,103.42882567342464,103.7143783569336,103.01526972311638,103.7143783569336,2618200
2025-12-01,103.38943948237649,104.1082455575538,101.72535943341612,101.75489807128906,6666300
2025-12-02,101.83367501339245,101.8829110858401,100.1499050063874,100.46499633789062,5797400
2025-12-03,100.96717862110877,101.3315060354924,100.02190459953059,100.40592193603516,4167800
2025-12-04,100.4748418448004,101.17395047947592,100.17944044429201,100.42560577392578,4480500
2025-12-05,100.54377097533424,100.88840094510607,99.75603889096726,99.8052749633789,5158000
2025-12-08,100.24836155959282,100.91793152412073,99.50002440281462,99.70680236816406,5528800
2025-12-09,99.87419933088317,100.43545599033436,98.05257736686576,98.09196472167969,4666100
2025-12-10,97.97379533431126,99.51971321145336,97.96394661825147,99.22431182861328,6158600
2025-12-11,99.83480697841428,99.83480697841428,98.09195981127033,98.21996307373047,8338900
2025-12-12,98.3184373310896,98.57445139345886,97.48147666021832,98.338134765625,6546500
2025-12-15,98.36766869802014,99.12585461920976,96.84144062647465,97.05806732177734,9569100
2025-12-16,97.03837819923517,97.10730419263788,95.67954074019602,96.22110748291016,5639000
2025-12-17,96.30971637951744,97.07775096785745,96.26048782345703,96.79220581054688,5574300
2025-12-18,97.17622988386205,97.73748654621602,96.58542707096748,96.96945190429688,6306000
2025-12-19,97.02852581219692,97.71778572015246,96.71343449536444,97.11714172363281,12760100
2025-12-22,96.89067665821831,96.96945136781774,95.40383594210056,96.21125793457031,6546800
2025-12-23,96.01432479217257,96.38849337909183,95.77800067292617,95.97493743896484,3579700
2025-12-24,95.91586700957322,96.10294756019755,95.51215224466333,95.77800750732422,1979000
2025-12-26,95.92679072823022,95.96646769533864,95.23246272285225,95.73832702636719,4340500
2025-12-29,95.95654851084993,96.125177516388,95.18286655553912,95.37133026123047,4790600
2025-12-30,95.53994683931167,96.0954092266425,95.30189261154239,95.877197265625,3741200
2025-12-31,95.76808824673083,96.20451973977026,95.16302775541844,95.28205108642578,4731500
2026-01-02,95.262219369166,95.65898147602805,94.51829325665257,95.27214050292969,6221800
2026-01-05,94.85553273910236,96.76990283626907,94.39925898117758,96.57152557373047,6597700
2026-01-06,97.265856561048,99.72577555749999,96.91869255709106,99.49763488769531,7107600
2026-01-07,99.86463957884702,100.49945590963956,98.56525108419474,98.96200561523438,7117900
2026-01-08,98.81322333373778,99.58690523951698,97.87091243321623,97.89075469970703,5385900
2026-01-09,98.14864874166538,98.39662411248071,96.31363251115347,96.74015045166016,5982800
2026-01-12,97.07739576604732,97.20634022772504,95.09359290425701,96.16484069824219,7837000
2026-01-13,96.53185009849172,96.53185009849172,95.15310767001559,95.6391372680664,5823400
2026-01-14,95.54986723629952,97.97010159645106,95.05391651783137,97.94034576416016,9909300
2026-01-15,97.58326057269416,98.6545159400563,96.84925562880858,98.1982421875,6703700
2026-01-16,97.88083600366515,98.14864606710044,95.88711195770898,95.97638702392578,9035600
2026-01-20,95.48043735345549,97.87091595429791,94.91505381984481,97.80148315429688,10113200
2026-01-21,98.48589700061382,100.21180342434612,97.94034816985565,99.47779846191406,11294700
2026-01-22,99.60673961158378,101.25329961497897,99.30917372366439,100.519287109375,9978700
2026-01-23,100.19197083478157,100.89621997902242,99.41828888949185,100.06301879882812,8482200
2026-01-26,100.13245227540513,101.27314050113883,99.76545356778847,99.85472106933594,8402000
2026-01-27,99.4182837450336,101.20370178002058,98.87273493101662,99.87455749511719,7131900
2026-01-28,99.64641796131212,100.43002100865303,99.44804069994295,99.97374725341797,6643000
2026-01-29,100.32091057846797,100.76726319738847,98.88265652407311,100.18204498291016,10126000
2026-01-30,100.83670755021546,102.18568659360521,100.45978014656144,102.12617492675781,8579900
2026-02-02,102.01706231348415,102.4832572044053,101.28305736161226,101.8781967163086,7284100
2026-02-03,101.87819598158158,104.1794070193903,101.72940925207865,102.34439086914062,10725500
2026-02-04,102.48326105680829,104.64560659532114,100.37051361955434,101.01524353027344,12572000
2026-02-05,101.0945918234602,103.65369932640486,101.0945918234602,102.11624908447266,9835000
2026-02-06,102.15592551570782,102.90977271670724,101.06483546307625,102.06665802001953,6617800
2026-02-09,102.75106586153684,102.79074282698885,100.60856270038015,100.8267822265625,8888500
2026-02-10,100.77718300062783,102.27495626735674,100.06301276569464,100.59864044189453,9032200
2026-02-11,100.4002639101585,100.4002639101585,97.82132170684251,100.26139831542969,10406000
2026-02-12,100.31099416937523,101.22354928437045,99.74561062723214,100.06301879882812,9379100
2026-02-13,100.10269213692102,101.67981937157654,98.31727407427837,98.68427276611328,10354800
2026-02-17,95.10351253587409,97.32537733147369,94.72659269243151,95.62922668457031,17374800
2026-02-18,95.2225426032635,97.7518944182058,95.17294450194787,97.69237518310547,10367800
2026-02-19,97.56343109637164,97.92051623794077,96.09541356240884,96.78974914550781,9888200
2026-02-20,96.39298494923713,97.07739938369424,95.68873581517019,96.07557678222656,7188500
2026-02-23,95.86727545760354,98.17840762343833,95.7581656940589,97.8114013671875,5959900
2026-02-24,97.74197337983804,97.93043708389213,95.78792624077543,95.96646881103516,7614100
2026-02-25,95.53994974982524,96.60128402515464,95.12335294663599,95.86727905273438,6830600
2026-02-26,96.31362682778854,96.80957754015368,95.21261564092934,96.24419403076172,7910700
2026-02-27,95.90695682854322,97.26585701720585,95.52011585551875,96.86910247802734,8290500
2026-03-02,96.32355400957685,97.97010654286814,95.92679190124872,97.30553436279297,6393800
2026-03-03,96.48225072049405,96.93853204702998,95.21261807519622,95.92678833007812,6727700
2026-03-04,95.89703050656794,96.11525003187468,94.64723258647045,94.82577514648438,7235800
2026-03-05,93.9826661160969,94.13145285302124,91.57234519426736,92.25675964355469,8367800
2026-03-06,91.74096088438232,91.91950344398569,89.43974987594287,90.1638412475586,10786900
2026-03-09,89.27112884639607,90.79865795921395,88.28914854801577,90.60027313232422,11112400
2026-03-10,90.47132739078761,90.6697122148711,88.42801289217486,89.16201782226562,8834400
2026-03-11,89.27113085856371,89.61829485393662,87.27740681712568,88.24947357177734,7971900
2026-03-12,88.6561509692863,89.43975404139523,86.60291522202635,86.67234802246094,11033900
2026-03-13,86.95008866947018,87.84279396073316,86.0176988426931,86.43429565429688,7923400
2026-03-16,86.70211053251462,88.0312548607778,86.54340266594777,87.52538299560547,8109900
2026-03-17,87.74360484164154,88.64623882942085,87.44603893539494,87.72377014160156,6283000
2026-03-18,87.33692428418452,88.01141756195815,86.35493641592095,86.50372314453125,7081800
2026-03-19,86.54340084180666,87.00959573051094,85.80939589342515,86.1664810180664,5755300
2026-03-20,86.12680666737296,86.57315930292366,85.08530709427778,85.46223449707031,11113900
2026-03-23,86.53348309394282,86.96992216726991,85.66061251489636,86.46405029296875,6903300
2026-03-24,85.78955488977628,86.59300021585176,85.46223316037558,85.87882995605469,6696400
2026-03-25,86.19623474191769,87.35675758480845,85.64076480183772,87.17821502685547,9380100
2026-03-26,86.59300038795298,88.45777240632344,86.59300038795298,86.95999908447266,10770100
2026-03-27,87.31999969482422,87.52999877929688,86.3499984741211,87.13999938964844,10312100
2026-03-30,87.44999694824219,87.52999877929688,85.6500015258789,85.73999786376953,8716200
2026-03-31,86.72000122070312,86.77999877929688,84.91999816894531,86.6500015258789,7342200
2026-04-01,86.58000183105469,86.95999908447266,85.4000015258789,86.05999755859375,7408400
2026-04-02,85.86000061035156,86.97000122070312,85.20999908447266,86.62999725341797,4687400
2026-04-06,86.43000030517578,87.30000305175781,86.06999969482422,86.27999877929688,4532300
2026-04-07,85.98999786376953,86.97000122070312,85.30999755859375,86.41999816894531,6995400
2026-04-08,87.87000274658203,88.83999633789062,86.91000366210938,88.6500015258789,12720600
2026-04-09,87.91000366210938,88.55000305175781,87.30000305175781,87.91000366210938,7896600
2026-04-10,88.3499984741211,88.3499984741211,87.06999969482422,87.20999908447266,8279800
2026-04-13,87.0,88.16000366210938,86.41000366210938,88.0,8276900
2026-04-14,88.0,88.66999816894531,87.43000030517578,88.12000274658203,5640200
2026-04-15,87.86000061035156,87.91000366210938,86.44999694824219,87.0999984741211,8543000
2026-04-16,86.81999969482422,87.58000183105469,85.51000213623047,85.6500015258789,8816900
2026-04-17,85.72000122070312,87.05000305175781,85.55000305175781,86.19000244140625,10460700
2026-04-20,85.98999786376953,87.05000305175781,84.98999786376953,85.0,8500600
2026-04-21,85.25,85.3499984741211,81.95999908447266,82.0,10786400
2026-04-22,82.9000015258789,84.2699966430664,82.66000366210938,83.22000122070312,10668800
2026-04-23,83.8499984741211,84.25,82.87000274658203,83.79000091552734,7864600
2026-04-24,83.51000213623047,83.7699966430664,82.77999877929688,83.31999969482422,6570000
2026-04-27,83.12000274658203,84.05000305175781,82.86000061035156,82.91999816894531,6635000
2026-04-28,83.7300033569336,84.0,81.25,81.9000015258789,9889200
2026-04-29,81.44000244140625,81.44999694824219,78.91000366210938,79.37000274658203,10814100
2026-04-30,79.5,81.11000061035156,78.9800033569336,80.97000122070312,15781700
2026-05-01,80.94999694824219,81.16999816894531,79.97000122070312,80.0,8268200
2026-05-04,79.47000122070312,79.58999633789062,78.29000091552734,78.30000305175781,11134100
2026-05-05,78.5,78.55000305175781,77.38999938964844,77.79000091552734,9327200
2026-05-06,78.18000030517578,78.45999908447266,77.16000366210938,77.5999984741211,11477400
2026-05-07,77.98999786376953,79.12000274658203,77.63999938964844,77.95999908447266,10008300
2026-05-08,78.33999633789062,78.33999633789062,75.91000366210938,76.1500015258789,10199500
2026-05-11,76.25,76.5,74.4000015258789,74.54000091552734,10495700
2026-05-12,74.97000122070312,77.12999725341797,74.5999984741211,76.81999969482422,10255200
2026-05-13,75.93000030517578,76.4800033569336,75.4000015258789,76.20999908447266,10975200
2026-05-14,76.36000061035156,77.0999984741211,75.94000244140625,76.97000122070312,7444000
2026-05-15,77.0,77.37999725341797,75.8499984741211,76.1500015258789,9127300
2026-05-18,76.30000305175781,77.55000305175781,76.02999877929688,77.31999969482422,10973300
2026-05-19,77.3499984741211,78.98999786376953,76.73999786376953,78.58000183105469,11931700
2026-05-20,78.16999816894531,78.5999984741211,77.3499984741211,78.1500015258789,9665700
2026-05-21,77.48999786376953,78.16999816894531,76.9800033569336,78.1500015258789,9226500
2026-05-22,78.4000015258789,79.25,78.20999908447266,78.5999984741211,7051500
2026-05-26,78.55000305175781,78.55000305175781,77.47000122070312,77.5999984741211,6703900
2026-05-27,77.68000030517578,78.22000122070312,75.83999633789062,75.9800033569336,10474000
2026-05-28,75.55000305175781,76.26000213623047,75.30000305175781,75.56999969482422,13097900
2026-05-29,75.8499984741211,75.8499984741211,73.66999816894531,73.80999755859375,22243500
2026-06-01,74.0,75.02999877929688,73.7699966430664,73.9800033569336,14209800
2026-06-02,73.80999755859375,74.4800033569336,73.30999755859375,73.75,14441700
2026-06-03,77.12000274658203,78.36000061035156,76.2699966430664,77.94999694824219,20289700
2026-06-04,80.0,82.83000183105469,79.87000274658203,81.93000030517578,19849600
2026-06-05,82.0999984741211,82.68000030517578,81.11000061035156,81.66999816894531,15286800
2026-06-08,80.98999786376953,81.05999755859375,79.95999908447266,80.69000244140625,10254500
2026-06-09,80.76000213623047,82.33999633789062,80.5999984741211,81.9800033569336,9825500
2026-06-10,82.20999908447266,82.25,80.16000366210938,80.25,7004400
2026-06-11,80.08999633789062,80.91999816894531,79.80000305175781,80.33000183105469,8411600
2026-06-12,80.58000183105469,80.73999786376953,79.26000213623047,80.19999694824219,7692400
2026-06-15,80.25,80.79000091552734,79.9800033569336,80.37999725341797,6492200
2026-06-16,81.30000305175781,81.62999725341797,80.5999984741211,81.31999969482422,8459400
2026-06-17,81.0,81.75,77.62000274658203,78.13999938964844,11874700
2026-06-18,78.58999633789062,79.51000213623047,78.44999694824219,79.33999633789062,22656900
2026-06-22,79.16999816894531,79.87000274658203,78.30000305175781,79.2699966430664,10018900
2026-06-23,79.75,80.75,79.58000183105469,80.62999725341797,8482600
2026-06-24,80.12000274658203,82.08999633789062,80.06999969482422,80.12999725341797,8817800
2026-06-25,80.16999816894531,82.4800033569336,80.16999816894531,80.5199966430664,9053500
