Date,Open,High,Low,Close,Volume
2004-01-02,3.5564215501400236,3.7296831607818604,3.474350146459889,3.7296831607818604,1160100
2004-01-05,3.69320744025897,4.231229931521523,3.6476121148911314,4.149158954620361,2359300
2004-01-06,4.057969093322754,4.2859448948539045,3.775279151603647,4.057969093322754,1165900
2004-01-07,4.057967986909514,4.149158630522126,3.9667777781261164,4.10356330871582,364500
2004-01-08,4.212992750996764,4.486563889561993,3.994136188008051,4.285944938659668,821000
2004-01-09,4.158277655230649,4.4409675349145505,4.103563527049498,4.4227294921875,844900
2004-01-12,4.386254454413451,4.595992213286123,4.386254454413451,4.513920783996582,1329000
2004-01-13,4.559515090215774,4.7874908447265625,4.559515090215774,4.7874908447265625,927400
2004-01-14,4.84220438257202,4.951632627020958,4.614228655888803,4.714538097381592,620000
2004-01-15,4.6689431242858594,4.687181166379585,4.422729338605959,4.468324661254883,917500
2004-01-16,4.541277744528643,4.7418962479768,4.468325561456586,4.605111122131348,309600
2004-01-20,4.614230049050318,4.659825382085108,4.2403498835505955,4.523039817810059,465800
2004-01-21,4.523038628567682,4.523038628567682,4.295062892994025,4.358896255493164,208400
2004-01-22,4.340658420232423,4.459205477891805,4.1765156045315095,4.194753646850586,364200
2004-01-23,4.194754215507366,4.276825634483736,3.966778438199039,4.094444751739502,324600
2004-01-26,4.039729945152835,4.212991559255897,4.0123730999324225,4.10356330871582,557200
2004-01-27,4.13092041015625,4.331538860805556,3.985015647582104,4.13092041015625,560200
2004-01-28,4.176515606906969,4.194753649236419,3.364922071002628,4.039730072021484,886100
2004-01-29,3.9941348416617366,3.9941348416617366,3.5381833876317446,3.9667775630950928,582700
2004-01-30,3.96677885967616,4.240349995445275,3.7843983923829727,4.057969093322754,477400
2004-02-02,4.1035632300562055,4.313300923652247,4.0214918263097355,4.048849105834961,562800
2004-02-03,4.012374312481612,4.094445307774114,3.7023270740918224,3.7570412158966064,424100
2004-02-04,3.7114456455111946,3.784397821422004,3.5746600982637933,3.6020171642303467,708400
2004-02-05,3.647611618041992,3.775277902921289,3.547302394208259,3.647611618041992,346900
2004-02-06,3.64761117166549,3.8391107929642594,3.6020160755025854,3.8026347160339355,502000
2004-02-09,3.8026347160339355,3.9211821834720566,3.7661586391036113,3.8026347160339355,218900
2004-02-10,3.775278483540633,3.966778157725885,3.775278483540633,3.8755879402160645,434200
2004-02-11,3.8755882785042366,3.9667785039737717,3.784398053034702,3.9394216537475586,788400
2004-02-12,3.9850153210354637,4.003253360509091,3.775277649674168,3.7843968868255615,696700
2004-02-13,3.9029453246917027,3.9120641292659197,3.5108267269272013,3.6020171642303467,1317000
2004-02-17,3.6293740584679246,3.8664686189595896,3.547302864451579,3.8299925327301025,1288100
2004-02-18,3.8573490447200713,3.875587084193699,3.7479208078783066,3.7843968868255615,312900
2004-02-19,3.8208737285873546,3.9029451400183235,3.7388023171563853,3.8299925327301025,506700
2004-02-20,3.8573504457814387,3.930302630173538,3.656731938703167,3.9211838245391846,393500
2004-02-23,3.9485402172213244,3.9576594566248096,3.6020171642303467,3.6020171642303467,643500
2004-02-24,3.702325726431937,3.729683004790854,3.4378739198888835,3.6384925842285156,555700
2004-02-25,3.8664678907590253,3.9029444049478674,3.5199449194275165,3.6567306518554688,1053000
2004-02-26,3.6840878912122323,3.8573495042679085,3.647611807919376,3.7661592960357666,327900
2004-02-27,3.994136147184805,4.094445186781392,3.757041104874328,4.057969093322754,1211200
2004-03-01,4.067089045394577,4.203874637201543,4.012374895637673,4.030612945556641,1324700
2004-03-02,4.094445902858324,4.103565145232514,3.902946596123864,4.030612945556641,499000
2004-03-03,4.085325946758398,4.103563991549893,3.9029454988434513,4.094444751739502,393800
2004-03-04,4.076204825022804,4.258585623564444,4.076204825022804,4.231228351593018,689900
2004-03-05,4.231229603479346,4.295062967079546,4.076206031042585,4.258586883544922,445100
2004-03-08,4.285945644422195,4.285945644422195,4.012374895637673,4.030612945556641,471200
2004-03-09,3.8664694352364317,4.07620719274978,3.829993341306227,3.893826723098755,757700
2004-03-10,3.9394204397659753,3.9941345581868575,3.729682768404679,3.7843968868255615,897700
2004-03-11,3.8117546824554718,3.875588054001085,3.5655410879502667,3.6111361980438232,459600
2004-03-12,3.7296833485677485,3.7388021523084385,3.592897813823576,3.693207263946533,598200
2004-03-15,3.711445657664282,3.7388025063057815,3.5108267384233645,3.6111361980438232,374900
2004-03-16,3.6384932521857514,3.6932076015334925,3.41963650703869,3.6020171642303467,756300
2004-03-17,3.656731525552014,3.6840883741935135,3.4743506503485193,3.6111361980438232,657100
2004-03-18,3.6111356553810428,3.638492717326099,3.4561120869444557,3.5655405521392822,400200
2004-03-19,3.6384928607835523,3.6749691622297394,3.419636139179481,3.510826349258423,417300
2004-03-22,3.4743501840656523,3.519945288040017,3.1643032596253686,3.301088571548462,912900
2004-03-23,3.3284458831226456,3.3649219666503556,3.0913511227779233,3.155184268951416,608800
2004-03-24,3.100470835805438,3.237256179570155,3.000161366296656,3.1460659503936768,508700
2004-03-25,3.173422825071208,3.364922512045019,3.164303802711248,3.3558034896850586,471900
2004-03-26,3.3558031610078203,3.474350440076436,3.2737317503918497,3.465231418609619,203200
2004-03-29,3.510826016455301,3.638492515878489,3.483468956024887,3.592897415161133,544400
2004-03-30,3.6476123408704186,3.6658503851816,3.4561126581883794,3.4834697246551514,666100
2004-03-31,3.519945429380737,3.611135858405753,3.4561122812534553,3.5381836891174316,651700
2004-04-01,3.647611678900548,3.647611678900548,3.219017280539982,3.2281363010406494,685600
2004-04-02,3.3010884213021088,3.46523100555361,3.2737313601626243,3.3466837406158447,1567500
2004-04-05,3.3558025497314037,3.519944906234741,3.2281360550364484,3.519944906234741,417400
2004-04-06,3.4743501282411597,3.6567309760374047,3.4196360043510476,3.5655405521392822,1712400
2004-04-07,3.611135979493306,3.647612065360572,3.4469933756759863,3.465231418609619,387500
2004-04-08,3.5655410408915604,3.6293741941800572,3.529064735883502,3.574660062789917,1265100
2004-04-12,3.602016962815376,3.70232619908372,3.5564218554206746,3.6293740272521973,406800
2004-04-13,3.6476118817914465,3.7388020918703884,3.4834692862347403,3.510826349258423,821600
2004-04-14,3.5199457489160526,3.6476122741746027,3.4378745510163924,3.6020171642303467,457500
2004-04-15,3.6020170588181735,3.930302058224266,3.6020170588181735,3.7023262977600098,871700
2004-04-16,3.90294577844116,4.0123740550293086,3.811755113121718,3.9211838245391846,627900
2004-04-19,3.8026341451572905,4.039728609610204,3.8026341451572905,4.021490573883057,434400
2004-04-20,4.021492288231777,4.203873158080675,3.747921635702315,3.8755879402160645,2470900
2004-04-21,3.8938263235981436,4.021492639255492,3.757040767979194,3.9394216537475586,348600
2004-04-22,3.9211830120644424,4.203872885424738,3.829992365639833,4.194753646850586,845900
2004-04-23,4.2312307546659484,4.3315402290918685,3.9485408129468413,4.057969093322754,632000
2004-04-26,4.08532526695914,4.130920588765447,3.957658974662384,4.10356330871582,569200
2004-04-27,4.057968952859711,4.130921572081128,3.7935170670236933,3.9211838245391846,479900
2004-04-28,3.9394200922631595,3.9394200922631595,3.6749683258087122,3.7388012409210205,317000
2004-04-29,3.729683580340593,3.7843977106725037,3.6202551022621434,3.7023262977600098,311500
2004-04-30,3.6932073824363094,3.7570403151567855,3.5199455400975186,3.6202549934387207,496300
2004-05-03,3.611136368273039,3.656731697930597,3.510826903923985,3.556422233581543,1132900
2004-05-04,3.5746592424837687,3.6749686777615014,3.4105166685658497,3.519944906234741,578600
2004-05-05,3.5199457656590596,3.647612291524869,3.446993589401245,3.446993589401245,330500
2004-05-06,3.4378744713359137,3.4834695802234004,3.3010889272588253,3.3740413188934326,347200
2004-05-07,3.291969485784982,3.4652310948827707,3.0092796293083377,3.09135103225708,997700
2004-05-10,3.027518155006592,3.1004705490143927,2.826899451960754,2.9363279342651367,682100
2004-05-11,2.9819226394737193,3.0822320860746317,2.9272085144630067,2.991041660308838,516700
2004-05-12,3.1004702070138856,3.1004702070138856,2.9180895682340195,3.0457558631896973,437200
2004-05-13,3.0366366911530513,3.2007792796359356,2.927208443774196,3.09135103225708,188100
2004-05-14,3.063993215560913,3.1369455850986094,2.9454459683608216,3.063993215560913,279000
2004-05-17,2.9272089698106445,3.0639943036153325,2.9180899475569984,2.9819231033325195,159800
2004-05-18,3.036636879903241,3.136946330316792,2.9454466680860265,3.073112964630127,162700
2004-05-19,3.091351320073882,3.228136642032695,2.8998516519169217,3.1278274059295654,252400
2004-05-20,3.1004700660705566,3.182541251954072,3.0092796421187153,3.1004700660705566,236300
2004-05-21,3.1278279045583814,3.2190181337348593,3.0275184350495996,3.1460659503936768,570000
2004-05-24,3.2190170705317915,3.2737311899662553,3.0822317719456325,3.2463741302490234,154200
2004-05-25,3.255493909309848,3.446993589401245,3.255493909309848,3.446993589401245,1558300
2004-05-26,3.4561122812534553,3.556421731439512,3.3831601119651338,3.5381836891174316,394500
2004-05-27,3.5837790846882736,3.6476122379767704,3.4561125606966487,3.574660062789917,751600
2004-05-28,3.6202543415124735,3.656730638150019,3.510825886429,3.519944906234741,855400
2004-06-01,3.4652315825950053,3.738802456960337,3.4652315825950053,3.574660062789917,365300
2004-06-02,3.647611618041992,3.6658496587390346,3.4469929529599312,3.647611618041992,667800
2004-06-03,3.583779300927291,3.629374413170204,3.437874724335324,3.556422233581543,553600
2004-06-04,3.5746602784787083,3.7205646376560306,3.4743508141296546,3.556422233581543,2261200
2004-06-07,3.602016274674707,3.7843968868255615,3.5473021562538243,3.7843968868255615,1750200
2004-06-08,3.720564274041642,3.8299925327301025,3.711445469898894,3.8299925327301025,420500
2004-06-09,3.720565121360084,3.8391126460184557,3.6476129322870383,3.7570412158966064,281500
2004-06-10,3.884706906616031,3.884706906616031,3.7479213725411014,3.8664684295654297,418300
2004-06-14,3.757040005455768,3.8755874919205837,3.6476117571017257,3.7296831607818604,461300
2004-06-15,3.775277649674168,3.875587084193699,3.702325491779658,3.7843968868255615,822000
2004-06-16,3.8208735861835605,3.8208735861835605,3.574659795896278,3.7114453315734863,609800
2004-06-17,3.7296833740084985,3.7388021778113893,3.5290644723941313,3.7114453315734863,269600
2004-06-18,3.656731500259175,3.82087389546064,3.538183997421262,3.7752785682678223,241200
2004-06-21,3.8026356398107617,3.8208736827065035,3.5564218433036237,3.6202549934387207,284400
2004-06-22,3.556421175990638,3.8117537286214227,3.556421175990638,3.7843968868255615,851800
2004-06-23,3.875588491879464,3.957659916735234,3.720564882631594,3.9211838245391846,710800
2004-06-24,3.9667764667016154,4.0944427167916455,3.8755862880658793,4.021490573883057,1333300
2004-06-25,3.985015819882796,4.304181768039294,3.8208734440726806,4.10356330871582,1377200
2004-06-28,4.149159815439528,4.149159815439528,3.893826723098755,3.893826723098755,352700
2004-06-29,3.9394216440326373,4.021492629338178,3.875588268946734,3.948540449142456,804800
2004-06-30,3.9485408129468413,4.094445186781392,3.902945913538211,4.057969093322754,439300
2004-07-01,3.975897141283026,4.094444199009833,3.9211830142946775,4.039730072021484,204000
2004-07-02,3.9941365603857024,4.094445610359448,3.893827075582579,4.003255367279053,145900
2004-07-06,3.9667782066506874,3.9667782066506874,3.7935165738304537,3.9120640754699707,224200
2004-07-07,3.8938254337456253,4.003253679301526,3.829992073090086,3.9758968353271484,217600
2004-07-08,3.957659916735234,3.9758979628332587,3.7935170670236933,3.9211838245391846,175800
2004-07-09,3.9667789109591647,4.085326433647,3.802636488273243,3.893826723098755,440800
2004-07-12,3.921183408816898,3.9941355854746368,3.784397860169002,3.985016345977783,192400
2004-07-13,4.003254134623585,4.012373373538379,3.912063919621877,3.9576592445373535,75500
2004-07-14,3.957659689081568,4.003254584289247,3.8573502238978032,3.948540449142456,149800
2004-07-15,3.9576587944011647,4.039729761153493,3.8938254337456253,3.9758968353271484,159000
2004-07-16,3.957659916735234,4.057968952859711,3.8573504457814387,3.9211838245391846,136900
2004-07-19,3.92118315853667,4.012373373538379,3.8938258766215355,3.9576592445373535,280700
2004-07-20,4.1400393128703685,4.176515395684532,3.966777702088491,4.048849105834961,2089400
2004-07-21,4.06708900933174,4.185636550168578,3.957660710788231,3.9941368103027344,735800
2004-07-22,4.01237327574462,4.103563488523745,3.8117543728013104,4.076206207275391,607300
2004-07-23,4.103563488523745,4.12180153107957,3.9667779519404402,4.076206207275391,235400
2004-07-26,4.103563988185185,4.103563988185185,3.8117548369312506,3.884707450866699,489500
2004-07-27,3.939420932905705,4.1218013504724995,3.83911148582936,4.10356330871582,358700
2004-07-28,4.1309207697721,4.176515658747046,3.85734969660549,4.076206207275391,456000
2004-07-29,4.1126832313602835,4.185635410526262,3.912064303824555,4.094444751739502,2307200
2004-07-30,4.276825398490779,4.586872577667236,4.176515940257937,4.586872577667236,2038100
2004-08-02,4.605109852932653,5.1066561907382155,4.559514533664334,4.714538097381592,1233400
2004-08-03,4.7510149148572065,4.878681219824768,4.614229370691618,4.74189567565918,1872000
2004-08-04,4.650706169495899,4.787491734592992,4.468325705919324,4.7327775955200195,1094700
2004-08-05,4.787489867210236,4.869561261222027,4.513918843723704,4.6324663162231445,380400
2004-08-06,4.54127786405811,4.559515910306162,4.368016207286957,4.523039817810059,401200
2004-08-09,4.523038706585555,4.559514790120179,4.158277436410097,4.258586883544922,639400
2004-08-10,4.386253813624531,4.5412774085998535,4.2403494582733,4.5412774085998535,587300
2004-08-11,4.431848263744781,4.577752590179443,4.395372182136116,4.577752590179443,559900
2004-08-12,4.586871435528159,4.68718043395462,4.358895727565767,4.6324663162231445,471000
2004-08-13,4.64158698535254,4.805729389190674,4.61422970063154,4.805729389190674,588000
2004-08-16,4.751015787362991,4.869563309732581,4.5321587895399515,4.668944358825684,1268300
2004-08-17,4.741895066812653,4.787490387289952,4.568633892589,4.650704860687256,575300
2004-08-18,4.59599023335935,4.79660909967956,4.59599023335935,4.769251823425293,575700
2004-08-19,4.787491734592992,4.833087067901798,4.678063456447047,4.7327775955200195,559800
2004-08-20,4.787489862651753,4.787489862651753,4.641585548840077,4.769251823425293,377100
2004-08-23,4.787491902349314,4.869563331249262,4.668944379455908,4.687182426452637,364800
2004-08-24,4.760132590929921,4.833085182734377,4.5686333962843335,4.6324663162231445,513800
2004-08-25,4.659823975157122,4.769252219606061,4.586871812191164,4.714538097381592,361200
2004-08-26,4.723658202208785,4.7966108201101525,4.431849469920557,4.605111122131348,291500
2004-08-27,4.641585282031591,4.760132312774658,4.641585282031591,4.760132312774658,159400
2004-08-30,4.741895066812653,4.741895066812653,4.58687193381408,4.650704860687256,184700
2004-08-31,4.678062740590027,4.7510149148572065,4.586872522756055,4.74189567565918,326700
2004-09-01,4.741894941079231,5.270798992240814,4.659823975157122,4.714538097381592,552900
2004-09-02,4.760133214460728,4.7966097325556,4.6780622445276,4.723657131195068,156400
2004-09-03,4.769252192302959,4.86044239548836,4.668942751384424,4.696300029754639,120200
2004-09-07,4.71453940863653,4.7966108322143555,4.6871821225008174,4.7966108322143555,968500
2004-09-08,4.741895605764677,5.106656906553326,4.741895605764677,5.015466690063477,1234800
2004-09-09,5.097539092724513,5.143133992413486,4.8786820957976955,5.033705711364746,1511000
2004-09-10,5.042824132237759,5.489656424613258,5.006347609656586,5.471418380737305,1243900
2004-09-13,5.498775912783593,5.617322985926874,5.243442852137242,5.289038181304932,1214100
2004-09-14,5.2708004417271495,5.544371128082275,5.252562395970141,5.544371128082275,451700
2004-09-15,5.507893714109136,5.6537980451332075,5.3437513417070575,5.462298393249512,587100
2004-09-16,5.471418829333105,5.744989944731481,5.462299589232819,5.6264424324035645,3080700
2004-09-17,5.6811556776773955,5.84529806028031,5.571727422608786,5.836179256439209,935000
2004-09-20,5.890892335475926,6.018558610333135,5.735868784306167,5.781464099884033,960400
2004-09-21,5.845298943260772,5.972965694955162,5.754108716928564,5.954727649688721,623900
2004-09-22,5.927368847457375,6.237415972469717,5.6082029195601235,5.744988441467285,830700
2004-09-23,5.836179693973423,6.064155459872156,5.744989474579783,5.972965240478516,1565500
2004-09-24,5.9638460482606,6.064155507801046,5.92736996021485,6.009441375732422,806300
2004-09-27,5.963846180482511,6.01856031376418,5.744989647355836,5.772346496582031,465700
2004-09-28,5.918250542414712,6.0094411946099004,5.644679890316915,5.708513259887695,1824500
2004-09-29,5.7723465672356635,6.173583984375,5.690275148893966,6.173583984375,1653700
2004-09-30,6.2009399246030625,6.520105854215899,6.082392442657692,6.383320331573486,1156100
2004-10-01,6.401559005511893,6.55658258418626,6.29213075050501,6.337725639343262,737900
2004-10-04,6.4562727009372605,6.501868021553334,6.292130329411962,6.37420129776001,1410500
2004-10-05,6.428916746211447,6.438035550699208,6.2191790250417744,6.319488048553467,1698600
2004-10-06,6.292130329411962,6.520106062833923,6.283011091357066,6.37420129776001,1596600
2004-10-07,6.419796101252095,6.501867497818375,6.383320021629119,6.492748260498047,556100
2004-10-08,6.492748649887783,6.802795780106709,6.428915724133907,6.729843616485596,3116600
2004-10-11,6.884868644672149,7.15843931638678,6.793677985937986,6.903106689453125,1427200
2004-10-12,6.930462792824037,7.450247665346804,6.930462792824037,7.37729549407959,2307700
2004-10-13,7.6599864294676765,7.742057855513037,6.775440528648389,6.821035861968994,2567000
2004-10-14,6.793677189923261,7.222271844301703,6.793677189923261,7.167557716369629,969300
2004-10-15,7.222271712268367,7.523199627808011,7.11284345840472,7.386414527893066,1318300
2004-10-18,7.386414853568301,7.659985065460205,7.204033987591619,7.659985065460205,655400
2004-10-19,7.641746875381446,7.997389341286493,7.267866367750182,7.432008743286133,1547100
2004-10-20,7.459366697135497,7.596151797050442,7.258747796889583,7.386414527893066,602400
2004-10-21,7.468485421832623,7.523199986200181,7.322581076397131,7.486723899841309,784800
2004-10-22,7.3772949650061985,7.687342105485623,7.304342798970853,7.340818881988525,458500
2004-10-25,7.340819899745528,7.340819899745528,6.875749124547348,7.2222723960876465,880900
2004-10-26,7.240508141226165,7.422888958522805,7.11284187349891,7.413769721984863,329400
2004-10-27,7.276985888837642,7.568795002627072,7.249628607770508,7.422890663146973,596000
2004-10-28,7.422890073412308,7.6599841714015575,7.249628031801187,7.523199081420898,342000
2004-10-29,7.5687959783571515,8.079461232369825,7.468486079789303,7.632628917694092,2316900
2004-11-01,8.261841177530894,8.270959546165411,7.687342209951667,8.20712661743164,1122800
2004-11-02,8.161533934478056,8.435105084110685,8.134177080412407,8.216248512268066,946700
2004-11-03,8.480697678611048,8.690434941398255,8.097698366891564,8.20712661743164,734300
2004-11-04,8.179769772211229,8.298317261044252,8.14329368869787,8.20712661743164,344400
2004-11-05,8.316557845535238,8.316557845535238,7.842368590088372,8.280081748962402,587900
2004-11-08,8.32567637829158,8.435104658693977,8.188890375544586,8.307437896728516,338300
2004-11-09,8.307436238350927,8.307436238350927,7.8970800513449095,8.106818199157715,750700
2004-11-10,8.216247843213301,8.43510439723428,8.024748141030287,8.088581085205078,425300
2004-11-11,8.097700574745522,8.252724189359398,8.015629147048921,8.115938186645508,322900
2004-11-12,8.143293939808256,8.389507293701172,8.052103293383647,8.389507293701172,887000
2004-11-15,8.389507680764144,8.526293656711891,8.261841813469776,8.453341484069824,666200
2004-11-16,8.471580104183115,8.480699344267132,8.07034310673101,8.143295288085938,692100
2004-11-17,8.243602700944999,8.562769083930712,8.10681760518451,8.20712661743164,606200
2004-11-18,8.19801002978516,8.243605366333716,8.106820226346757,8.216248512268066,266100
2004-11-19,8.188890373562783,8.298319523597362,7.997391535148936,8.115938186645508,398700
2004-11-22,8.024748794491098,8.289200702882273,8.024748794491098,8.216248512268066,483000
2004-11-23,8.207129704164352,8.316557995860826,7.796773392887887,8.006510734558105,601100
2004-11-24,7.90620026385312,8.198008989272834,7.860604933091639,8.143295288085938,492500
2004-11-26,8.042983745011915,8.198007316167518,7.432008698612398,7.70557975769043,833200
2004-11-29,7.67822297165872,8.20712661743164,7.67822297165872,8.20712661743164,685900
2004-11-30,8.207127423797948,8.799864056542171,8.198008184609018,8.75426959991455,2261300
2004-12-01,8.78162574692935,9.347005486640287,8.77250650846826,9.091672897338867,2774400
2004-12-02,9.128150145661607,9.574982451339391,8.891055133386578,9.082554817199707,2181000
2004-12-03,8.881937072018765,9.702650484231132,8.799865643831662,9.684412002563477,1423300
2004-12-06,9.401720623653759,9.502029643894879,9.055197367831934,9.182863235473633,1995200
2004-12-07,9.310529243651073,9.337886088909293,8.90017308614406,8.982244491577148,1111000
2004-12-08,9.000484302585328,9.137270301689698,8.845460692062225,9.046079635620117,1814900
2004-12-09,8.92752849645375,9.055195203235904,8.863695577891818,9.000480651855469,824000
2004-12-10,9.036958767087135,9.036958767087135,8.36215074264553,8.60836410522461,1723600
2004-12-13,8.608360952415541,8.900170402598862,8.55364727839616,8.818099021911621,1021300
2004-12-14,8.891056025097017,9.08255572811622,8.81810384010481,9.046079635620117,1244600
2004-12-15,9.027839417634793,9.027839417634793,8.571887914326803,8.690435409545898,1185000
2004-12-16,8.653960453051239,8.891055474420515,8.517175332077437,8.83634090423584,1156100
2004-12-17,8.90017339206138,8.909292630680378,8.708673729354745,8.891054153442383,553400
2004-12-20,8.918411058172289,9.009601705643822,8.599245531338859,8.617483139038086,497700
2004-12-21,8.672197443953436,8.891053947796557,8.51717386964995,8.590126037597656,482200
2004-12-22,8.599245377810133,8.827221122760276,8.57188766226203,8.663078308105469,263800
2004-12-23,8.708672633550792,8.84545771699037,8.608362760680642,8.781624794006348,217900
2004-12-27,8.754269009741153,8.936649432931915,8.20712687051041,8.389507293701172,601300
2004-12-28,8.398628649034608,8.635723693768384,8.261843514581331,8.571889877319336,503800
2004-12-29,8.480697940125781,8.59924543261439,8.325674362999019,8.389507293701172,358300
2004-12-30,8.325674566422858,8.535411840802198,8.325674566422858,8.380388259887695,261800
2004-12-31,8.480695174386376,8.644837066898589,8.343909249358331,8.462456703186035,268000
2005-01-03,8.416865594858995,8.617484529880732,8.280080471233351,8.371271133422852,456100
2005-01-04,8.371269584313815,8.571887612552445,8.298317415925505,8.31655502319336,732700
2005-01-05,8.270959387622593,8.280078625740737,7.897079321362819,8.097698211669922,934400
2005-01-06,7.979151758853233,8.23448437163215,7.97003251955364,8.17065143585205,382700
2005-01-07,8.097698675092813,8.125055521354437,7.71469934879624,7.960912704467773,1001200
2005-01-10,7.824128321322905,8.20712768275761,7.815009081846235,8.125056266784668,917800
2005-01-11,8.225368702279143,8.29832090130815,7.915321421576462,7.988273620605469,580400
2005-01-12,7.979151422161281,7.979151422161281,7.59615208432486,7.915318489074707,635000
2005-01-13,7.796771080749741,7.960913034788657,7.714699668901033,7.851484775543213,498700
2005-01-14,7.8514850784251395,8.106818562839518,7.815008990602876,8.052103996276855,339400
2005-01-18,8.15241220949044,8.46245935996998,7.9244364658623585,8.31655502319336,666100
2005-01-19,8.425982073601773,8.435101310763839,7.924435335246313,7.9973883628845215,466700
2005-01-20,7.933558986069144,7.9426782283045,7.267869521917271,7.495845794677734,1457800
2005-01-21,7.4867246672693275,7.933556988382773,7.4867246672693275,7.897080898284912,1238200
2005-01-24,7.933553863291656,8.079458166210214,7.359055018306152,7.477602481842041,1491900
2005-01-25,7.459366748016997,7.705580103475049,7.377295339644826,7.422890663146973,280100
2005-01-26,7.5049630659944135,7.842368021922156,7.441130119031224,7.78765344619751,497500
2005-01-27,7.787651967436057,7.878842619775134,7.69646131509698,7.751175880432129,278600
2005-01-28,7.80589155688232,7.842367649078369,7.705581651099206,7.842367649078369,311000
2005-01-31,7.924438160563735,7.979152733385318,7.5596772406152875,7.805891513824463,543500
2005-02-01,7.84236744664666,7.942676480181903,7.787652874935592,7.924437999725342,322400
2005-02-02,7.951794559436572,8.252722485764997,7.824127823856019,8.22536563873291,396300
2005-02-03,8.225368038932519,8.34391470055018,8.161534217686,8.280081748962402,421700
2005-02-04,8.234484343221883,8.553650760338247,8.234484343221883,8.480698585510254,492600
2005-02-07,8.35303159444311,8.526293656711891,8.115936598527146,8.453341484069824,446300
2005-02-08,8.407745867375414,8.663078462773852,8.407745867375414,8.617483139038086,537400
2005-02-09,8.635722640566918,8.745150908715546,8.471579803514691,8.498936653137207,601400
2005-02-10,8.462460681017584,8.571888950682546,7.76029573325277,7.860604763031006,1180800
2005-02-11,7.979152338096958,8.015628428284773,7.751176557008473,7.878843307495117,408900
2005-02-14,7.705581850764336,7.851486223329172,7.623510423781951,7.641748905181885,600300
2005-02-15,7.614389619507707,8.006507278057024,7.523198980965979,7.778531551361084,625200
2005-02-16,7.805889943930456,8.380388059893498,7.75117538211288,8.079460144042969,591800
2005-02-17,8.088579382622308,8.31655512915504,8.00650797472517,8.079460144042969,694400
2005-02-18,8.125057427424833,8.207128855121434,7.960914572031632,8.115938186645508,179800
2005-02-22,8.106817913732842,8.24360301469942,7.842366080781252,7.960912704467773,635600
2005-02-23,7.860603636089576,8.143293944439884,7.842366028589355,8.079460144042969,460600
2005-02-24,8.033865743929539,8.097698675092813,7.66910402525456,7.960912704467773,847000
2005-02-25,7.951794280262124,8.325674365322124,7.8970797184604,8.23448371887207,475300
2005-02-28,8.243602254075922,8.252721491874533,7.906198282452734,7.9335551261901855,558900
2005-03-01,7.93355483122496,8.270958790303654,7.93355483122496,8.198006629943848,731900
2005-03-02,8.125055363759435,8.31655502319336,7.878842012863499,8.31655502319336,390100
2005-03-03,8.34391357535313,8.407747387991503,8.234485300391292,8.325675964355469,404700
2005-03-04,8.416862922803586,8.453339871826135,8.17976884176534,8.362149238586426,268200
2005-03-07,8.289197980236223,8.653958813498964,8.289197980236223,8.635721206665039,471900
2005-03-08,8.653957629659928,8.653957629659928,8.316553687633274,8.489815711975098,599200
2005-03-09,8.435103714131817,8.562770461801167,8.316556206222828,8.498936653137207,405200
2005-03-10,8.43510627746582,8.52629696346412,8.280082633064012,8.43510627746582,391000
2005-03-11,8.343912641208677,9.237578091167792,8.20712753023484,9.173745155334473,1313900
2005-03-14,9.064316685631237,9.146388106078955,8.663079693025116,8.83634090423584,901200
2005-03-15,8.881935235173113,8.982245124283095,8.544531221027027,8.644840240478516,715500
2005-03-16,8.663077206375418,8.854576842565839,8.517172887308114,8.708672523498535,310200
2005-03-17,8.75426764896714,8.75426764896714,8.362149147814534,8.444220542907715,1099200
2005-03-18,8.526293656711891,8.599245829353958,8.261841813469776,8.453341484069824,800900
2005-03-21,8.38950639455195,8.517173111931973,8.307434995497532,8.425982475280762,235100
2005-03-22,8.38950639455195,8.581006035792802,8.316554233094326,8.425982475280762,302600
2005-03-23,8.425980332865276,8.425980332865276,7.960909769579415,8.042981147766113,637900
2005-03-24,8.024748389770327,8.343913990195981,8.024748389770327,8.307437896728516,408000
2005-03-28,8.225366209084367,8.252723058013393,8.04298489713473,8.161532402038574,419100
2005-03-29,8.097699418013201,8.20712768275761,7.933556586067315,8.125056266784668,539300
2005-03-30,8.097697348674194,8.270958506161907,7.997388349040077,8.015625953674316,383500
2005-03-31,7.997391856383546,8.353033564475805,7.915320425390347,8.334795951843262,766100
2005-04-01,8.353032972061753,8.60836561841956,8.04298575236938,8.088581085205078,401600
2005-04-04,8.061221916210197,8.106817235939754,7.906198350924741,7.951793670654297,307300
2005-04-05,7.988269963227433,8.161531139180104,7.897079321362819,8.097698211669922,355800
2005-04-06,8.11593680867221,8.30743648423074,8.006508546875695,8.289198875427246,351300
2005-04-07,8.225364342322537,8.298316502682344,8.0976976268637,8.198006629943848,317100
2005-04-08,8.188888445750468,8.562769402756503,8.14329399190493,8.270959854125977,461600
2005-04-11,8.252722093268199,8.435102514238976,8.2344836163419,8.31655502319336,399700
2005-04-12,8.307438315706468,8.316557556947922,8.097700985105304,8.216248512268066,494300
2005-04-13,8.198007379138692,8.325674106264664,8.14329368869787,8.20712661743164,394100
2005-04-14,8.234483462652053,8.298317261044252,8.152412057332388,8.20712661743164,521300
2005-04-15,8.207127836890972,8.207127836890972,7.7420570507490964,7.869723796844482,548400
2005-04-18,7.924437999725342,8.134176176682722,7.906200388927395,7.924437999725342,486200
2005-04-19,7.924437630090062,7.988271439051884,7.723819572377404,7.769414901733398,751300
2005-04-20,7.833247958028301,8.06122373855458,7.742057297954355,7.897080898284912,1140800
2005-04-21,7.906199782831048,8.207127730025984,7.751176189468985,8.161532402038574,1132100
2005-04-22,8.207125599662115,8.334792310956077,7.942673809570446,7.9973883628845215,450000
2005-04-25,8.12505546492708,8.261841434602161,8.006507972405391,8.23448371887207,335200
2005-04-26,8.252719856897603,8.425980992453905,7.979148864746094,7.979148864746094,333400
2005-04-27,7.970034637325948,8.07034455695845,7.851487103906745,8.006510734558105,265500
2005-04-28,7.933555495312386,8.015626900001639,7.605270746213802,7.70557975769043,354700
2005-04-29,7.6873424058212585,7.878842066560315,7.523199590999653,7.732936859130859,513400
2005-05-02,7.787651918729815,7.860604092281408,7.61439072395941,7.714699745178223,340000
2005-05-03,7.63262982957947,8.00651000977874,7.48672545385865,7.78765344619751,1140100
2005-05-04,8.216244358503388,8.790743221393436,7.988268660673604,8.736028671264648,2004000
2005-05-05,8.672197795882639,9.091673213434039,8.626602471650394,8.845458984375,736300
2005-05-06,8.708674203903948,9.41083909231803,8.708674203903948,9.255815505981445,2601900
2005-05-09,9.128147523503829,9.574979700824302,9.128147523503829,9.383480072021484,2370100
2005-05-10,9.337885619202805,9.657051986575171,9.228457374015864,9.620575904846191,835700
2005-05-11,9.584101085012424,9.666172497123199,9.283173153711923,9.529386520385742,891500
2005-05-12,9.574980410637652,9.574980410637652,9.301409367830615,9.356123924255371,503800
2005-05-13,9.34700358964478,9.41083650660049,9.301408276251445,9.401718139648438,422700
2005-05-16,9.31964840578954,9.556742512187116,9.310529167558519,9.447314262390137,946500
2005-05-17,9.392601568313644,9.547625156046028,9.34700624198203,9.48379135131836,435600
2005-05-18,9.556743394996344,10.030933390911898,9.447315135090872,9.875909805297852,876500
2005-05-19,9.894149208210067,10.486885888846661,9.894149208210067,10.377457618713379,1543200
2005-05-20,10.441291812132398,10.441291812132398,10.122126203349232,10.249792098999023,723600
2005-05-23,10.368336522329628,10.468645534576757,10.195075343055779,10.25890827178955,589900
2005-05-24,10.295382942659836,10.295382942659836,9.748240895375105,9.967098236083984,681800
2005-05-25,9.92150592803955,10.195077034609515,9.757363090165857,9.92150592803955,748000
2005-05-26,9.866791134605302,10.158600714154886,9.757362868396164,10.085648536682129,489400
2005-05-27,10.386574738813382,10.386574738813382,10.131241290955536,10.231551170349121,478600
2005-05-31,10.204196763556087,10.395696476689464,9.948864102597817,10.249792098999023,982300
2005-06-01,10.277144023164487,10.286262389381069,10.040049108369374,10.213310241699219,430700
2005-06-02,10.158599005149282,10.286264859419797,10.06740836382028,10.231551170349121,466400
2005-06-03,10.195074680524467,10.268026842810357,9.802956155994027,10.012693405151367,597900
2005-06-06,10.030934060614133,10.204195266284065,9.921505793402824,10.158600807189941,543900
2005-06-07,10.131243736810005,10.185958308748114,9.948863279780664,9.97622013092041,526700
2005-06-08,10.0309346897492,10.1950775356904,9.693530627271215,9.784720420837402,391900
2005-06-09,9.757363090165857,9.948862777798976,9.757363090165857,9.92150592803955,205800
2005-06-10,9.894149908160493,10.113006463909818,9.802959241768951,10.003578186035156,318200
2005-06-13,10.049171638352577,10.413932496330073,9.866790339705345,10.350099563598633,444600
2005-06-14,10.413932249192932,10.906359830605801,10.167718023657267,10.705740928649902,522400
2005-06-15,10.578075107589783,11.061383452245325,10.386575443532536,11.052264213562012,720400
2005-06-16,11.079621935681311,11.626764124707428,10.988432150615983,11.325836181640625,1611200
2005-06-17,11.41702688388831,11.499097429891167,11.116098069910342,11.362312316894531,1143700
2005-06-20,11.389666982288018,11.43526230109962,10.970191614606344,11.179929733276367,711300
2005-06-21,11.261999475821638,11.307593918264914,11.143452012220981,11.207284927368164,704700
2005-06-22,11.262003102664055,11.307597559790679,10.86988450983371,11.216407775878906,1443300
2005-06-23,11.17993143535613,11.535573062982587,11.143455348685249,11.189050674438477,666000
2005-06-24,11.134333019998094,11.900331497192383,11.134333019998094,11.900331497192383,2871900
2005-06-27,11.891215074029088,11.891215074029088,11.289359233740534,11.708834648132324,1162300
2005-06-28,11.818262314069363,12.365404434121762,11.763547754200754,12.274213790893555,1037800
2005-06-29,12.310691003305683,13.058451215586121,12.301571764214822,12.7301664352417,1267000
2005-06-30,12.24685604868433,12.584260012459776,12.037117932486513,12.310688972473145,1427100
2005-07-01,12.356286041416986,12.547785709573946,12.219500067214307,12.511309623718262,322900
2005-07-05,12.547786406970525,12.930785764571263,12.356286728170156,12.711928367614746,574100
2005-07-06,13.432329177856445,13.906519098995929,13.13140129315576,13.432329177856445,1364400
2005-07-07,13.231713473685012,13.660307281337527,13.204355756011305,13.532641410827637,841400
2005-07-08,13.632948735609512,14.09801944224499,13.441449084033634,13.988591194152832,627200
2005-07-11,14.043303601457378,14.161851076817138,13.870042441875166,14.116255760192871,508800
2005-07-12,14.134495935360997,14.134495935360997,13.50528327314625,13.660305976867676,694400
2005-07-13,13.724140317409072,13.979472913783349,13.569116737910072,13.833568572998047,505500
2005-07-14,13.988591440852419,14.061543607533757,13.496163880924165,13.550877571105957,281100
2005-07-15,13.477926845138743,13.587355106858015,13.313784887389096,13.532641410827637,313400
2005-07-18,13.459687114355784,13.514400801760251,13.067568586104109,13.231711387634277,576800
2005-07-19,13.26819155609459,13.678547816662743,13.149644037324476,13.642071723937988,495900
2005-07-20,13.651188398116318,13.952116323935886,13.359378841519701,13.860925674438477,521900
2005-07-21,13.860926146673624,13.952116799277853,13.49616527557373,13.49616527557373,542300
2005-07-22,13.496166023364122,13.587355811362446,13.249951769485662,13.505285263061523,340700
2005-07-25,13.414095131168109,13.742379946214566,13.27731000898007,13.404975891113281,248000
2005-07-26,13.37761506764409,13.87916181614558,13.350258225262799,13.724138259887695,301400
2005-07-27,13.815332045255285,13.879165855601235,13.587356263190621,13.870046615600586,246800
2005-07-28,13.888280818258863,14.891374361083763,13.815328655470694,14.590446472167969,1431500
2005-07-29,14.654284153835555,15.25614012702392,14.453666075878541,15.128474235534668,1009400
2005-08-01,15.091991524051542,15.36556342358918,14.727230730651353,14.818421363830566,716100
2005-08-02,14.362471732890128,14.444543139080565,13.487044849622869,14.161852836608887,2887700
2005-08-03,13.988591899855628,14.006829507295175,12.99461750913438,13.341140747070312,1675400
2005-08-04,13.332020328012915,13.441448571936032,12.64809315124965,13.04021167755127,897300
2005-08-05,12.949022874981548,13.368498304310148,12.620738096677709,13.158761024475098,575300
2005-08-08,13.13140139151552,13.222592029235669,12.93990174802991,13.003735542297363,365100
2005-08-09,13.122286752838848,13.26819111893057,12.96726314645174,13.085810661315918,308100
2005-08-10,13.213472869818826,13.404972514439029,13.104044625701336,13.350258827209473,514200
2005-08-11,13.277307816544218,13.404973677596407,13.16787869327312,13.341140747070312,249600
2005-08-12,13.222597122192383,13.359382261799857,12.830478446484857,13.222597122192383,359700
2005-08-15,13.18611537625126,13.313782089591406,12.985496503761983,13.25906753540039,214500
2005-08-16,13.14052331242041,13.222594729195265,12.903428301661615,13.012857437133789,423900
2005-08-17,13.06757044343863,13.06757044343863,12.693690337619955,12.8851900100708,839100
2005-08-18,12.784880144772144,12.930784481830344,12.4930706009973,12.803117752075195,378500
2005-08-19,12.730166472153899,13.131403427071614,12.675451907108592,12.921666145324707,293200
2005-08-22,13.085809078171724,13.523522123491594,13.003737664759619,13.49616527557373,552500
2005-08-23,13.532640817562694,13.605592988844016,13.231712893612615,13.477926254272461,418500
2005-08-24,13.477926845138743,13.715021847026422,13.231713473685012,13.532641410827637,473400
2005-08-25,13.53264218231338,13.769737197717667,13.53264218231338,13.733261108398438,346100
2005-08-26,13.760618380320114,13.769737620344456,13.28642833495749,13.368499755859375,515100
2005-08-29,13.240830625421149,13.32290115652785,12.94902110384992,13.231711387634277,360900
2005-08-30,13.186119564615934,13.632951898748248,13.140524233250499,13.587356567382812,450500
2005-08-31,13.541757861248518,13.815328024378113,13.459686464446305,13.724138259887695,335400
2005-09-01,13.815329252368977,14.152734106914982,13.724139479773056,14.061543464660645,291900
2005-09-02,14.15273562524215,14.271282255368872,13.778854647615567,13.924759864807129,417600
2005-09-06,13.924757819714774,14.243923315653703,13.733258174288062,13.888280868530273,503100
2005-09-07,13.851805089491707,14.280399709026767,13.660305439883139,14.189209938049316,456000
2005-09-08,14.134497088215912,14.444544260264074,14.08890176238674,14.271282196044922,329700
2005-09-09,14.189211583964292,14.581329297003018,14.189211583964292,14.544853210449219,325300
2005-09-12,14.590446843598581,14.590446843598581,14.006828656777614,14.189209938049316,732000
2005-09-13,14.125379293625286,14.22568919463918,13.678546968053599,13.906522750854492,577700
2005-09-14,13.833568375601368,14.125377053008036,13.304664712972551,13.377616882324219,927800
2005-09-15,13.441450649908205,13.760617062935735,13.332022389068099,13.614712715148926,331200
2005-09-16,13.715021627969543,13.769736192784535,13.341141522319033,13.696784019470215,541600
2005-09-19,13.751496315002441,13.89740064678097,13.669424910962416,13.751496315002441,225200
2005-09-20,13.705903457938255,13.942998474532235,13.213475814828456,13.268190383911133,426400
2005-09-21,13.222594729195265,13.26819005736558,12.912547541227388,13.012857437133789,455400
2005-09-22,12.939901186879192,13.423210328315102,12.739283184048249,13.25906753540039,382700
2005-09-23,13.350260695900296,13.359379065275972,12.866951462990963,13.158761024475098,345200
2005-09-26,13.377618652417913,13.377618652417913,13.040214607107362,13.268190383911133,399600
2005-09-27,13.35937913081836,13.906521300334257,13.231713262347553,13.696784019470215,535500
2005-09-28,13.733260117159665,13.7423784865874,13.27730859874964,13.541760444641113,873600
2005-09-29,13.45057044391838,14.353354285334511,13.40497511593949,14.0524263381958,436400
2005-09-30,14.125377144688075,14.289519961623915,14.043305736220155,14.070663452148438,1416600
2005-10-03,14.043304843338273,14.535732393178487,14.043304843338273,14.262162208557129,441400
2005-10-04,14.335114832354895,14.435423845281266,13.769735099240158,13.815329551696777,600900
2005-10-05,13.860924259379725,14.280399638858379,13.769734488850347,13.842686653137207,927500
2005-10-06,13.851805923174252,13.979472653816494,13.523521162512216,13.961235046386719,832900
2005-10-07,13.997711641172975,14.271281850201422,13.860925667000267,14.015949249267578,546600
2005-10-10,14.006832534565607,14.253046810651725,13.760619128138131,13.915642738342285,287100
2005-10-11,13.988594439808304,14.134498804450805,13.514404385061562,13.587356567382812,648800
2005-10-12,13.505284751505114,13.559998448299936,12.903427999152344,13.17699909210205,1184900
2005-10-13,13.450568690519397,13.450568690519397,13.176997627966978,13.277307510375977,1820100
2005-10-14,13.395855665918647,13.824450350731896,13.28642740228392,13.715022087097168,977600
2005-10-17,13.778855659490857,13.879165558030152,13.614713691291366,13.80621337890625,589800
2005-10-18,13.88828388209138,14.00683139018899,13.414094719359518,13.769737243652344,700600
2005-10-19,13.851808966886352,13.970356485033388,13.268191486357738,13.952118873596191,1026300
2005-10-20,14.006829207383925,14.006829207383925,13.53264011854904,13.660305976867676,633500
2005-10-21,13.587353369934487,14.30775665307166,13.587353369934487,14.107138633728027,887900
2005-10-24,14.180094731007346,14.708997640207121,13.997714267549034,14.563094139099121,733500
2005-10-25,14.590447317328826,14.590447317328826,13.860924777530698,14.20744800567627,513600
2005-10-26,14.225688517418295,14.243926126951687,13.569118050703674,13.623831748962402,1051200
2005-10-27,13.669427930390537,13.842690014893062,12.994619812027858,13.359380722045898,1551900
2005-10-28,13.359380722045898,13.46880986470992,13.222595598203785,13.359380722045898,654900
2005-10-31,13.423211898243535,13.66030600837868,13.423211898243535,13.468807220458984,1401600
2005-11-01,13.368497643740646,13.70590164440672,13.359378405157074,13.377616882324219,968400
2005-11-02,13.37761683160786,13.860925169144982,13.24083173200667,13.341140747070312,1373100
2005-11-03,13.45969068314993,13.678547230113683,13.313786318507429,13.587356567382812,1593500
2005-11-04,13.642069151914113,14.070663812868359,13.450569483799109,14.015949249267578,1086300
2005-11-07,14.125378005459433,14.198330179730148,13.587355067969028,13.997712135314941,1103300
2005-11-08,14.13449405111555,15.210539682975007,14.00682734015751,14.982563972473145,3074500
2005-11-09,14.936972349821755,15.940066130324594,14.909616369367306,15.52971076965332,3223400
2005-11-10,15.61177293864474,15.702961805213707,15.146702414015222,15.593534469604492,949300
2005-11-11,15.684734835476426,15.87623366161273,15.438520568172132,15.62090015411377,696300
2005-11-14,15.557067034596656,15.675615416457708,15.36556821064493,15.474995613098145,577400
2005-11-15,15.484113428094004,15.639137016732652,14.99168668374109,15.383805274963379,898400
2005-11-16,15.329089853355864,15.33820909261547,15.000805936595244,15.228781700134277,653700
2005-11-17,15.38380282427131,16.01301457852463,15.164944595738161,15.867110252380371,1788200
2005-11-18,16.414255173872217,16.414255173872217,15.87623222624993,16.10420799255371,742400
2005-11-21,16.04036989617492,16.851962806549658,16.003892950428572,16.706058502197266,1508500
2005-11-22,16.596634531764195,17.061703509757617,16.368658792258188,17.034347534179688,934800
2005-11-23,17.098185331229075,17.453827029537084,16.91580399196902,16.98875617980957,1788700
2005-11-25,17.04346789122581,17.052587130122667,16.45073127746582,16.45073127746582,899000
2005-11-28,16.569275292986,16.779012536605855,15.967419535188418,16.396013259887695,740200
2005-11-29,16.54192041406383,16.54192041406383,16.076849659864585,16.13156509399414,515600
2005-11-30,16.213634920612474,17.180251551271137,16.213634920612474,16.81549072265625,1003200
2005-12-01,16.815494705476475,17.75475384421266,16.724304041894655,17.499422073364258,1983900
2005-12-02,17.55413427515429,17.718277107706207,17.362635463388447,17.481182098388672,699400
2005-12-05,17.52677391961013,17.52677391961013,17.143774614386,17.280561447143555,457000
2005-12-06,17.298798388751752,17.3717505554043,17.14377481720048,17.271442413330078,885800
2005-12-07,17.353516489516817,17.37175322949956,16.788135806440888,17.00699234008789,690700
2005-12-08,16.924916316773135,17.189368976704216,16.77901200071345,17.04346466064453,632000
2005-12-09,17.09817897331971,17.32615469296397,16.806370330465725,17.171131134033203,593500
2005-12-12,17.280560421027197,17.280560421027197,16.69694139004948,16.851964950561523,519700
2005-12-13,16.93404522103535,16.961402948157914,16.003903370679748,16.122451782226562,1030100
2005-12-14,16.031255585355865,16.52368406833165,16.00389786764042,16.42337417602539,511500
2005-12-15,16.414253747956185,16.51456363299733,16.049492901420543,16.31394386291504,362000
2005-12-16,16.41424889325408,16.441606600896737,16.058607390481487,16.359535217285156,758400
2005-12-19,16.40513687825231,16.40513687825231,15.20142504121227,15.839757919311523,445400
2005-12-20,15.794159546608997,16.113325941742296,15.456756413512567,15.921825408935547,595400
2005-12-21,15.921829144063263,16.313947800987616,15.821520974125344,16.231876373291016,473000
2005-12-22,16.304822607893396,16.459846165913646,16.095085364488558,16.240989685058594,347800
2005-12-23,16.359543432261074,16.505447800988623,16.30482798950029,16.48720932006836,430200
2005-12-27,16.505443878475894,16.67870592740817,16.15891978061134,16.41425323486328,913300
2005-12-28,16.41425546005197,16.505446116026786,16.222756647890233,16.32306480407715,395500
2005-12-29,16.30482662282682,16.46896945871615,16.19539922511202,16.386898040771484,277600
2005-12-30,16.28658958527748,16.42337469958116,16.186279689773468,16.32306480407715,374600
2006-01-03,16.405134102485267,16.99787068081879,16.204516076695775,16.797252655029297,611800
2006-01-04,16.76077650782564,17.280562682980353,16.651349120973983,17.070823669433594,693700
2006-01-05,17.03434845358869,17.17113355681174,16.824611179358886,17.070823669433594,767500
2006-01-06,17.143773720220327,17.189369908533635,16.897561260595428,17.079940795898438,675200
2006-01-09,17.12554008049459,17.617966828091465,17.061705405314708,17.189373016357422,867900
2006-01-10,17.152892753272365,17.37174923661536,17.025226906151463,17.089059829711914,735700
2006-01-11,17.052584822227193,17.28056054584351,17.006988633913885,17.079940795898438,405700
2006-01-12,17.098188400268555,17.17114060120366,16.824618081591325,16.87021255493164,310400
2006-01-13,16.952271113172582,17.216721988312155,16.824605293402882,16.92491340637207,218100
2006-01-17,16.806371067472046,16.95227539529735,16.49632393601408,16.6787052154541,299600
2006-01-18,16.496326404248155,16.979635649556766,16.496326404248155,16.961397171020508,512100
2006-01-19,16.961393615082574,17.5358916539955,16.961393615082574,17.41734504699707,541400
2006-01-20,17.253205166032696,17.481180920478522,17.070823866749247,17.21672821044922,498700
2006-01-23,17.31704131197237,17.53589786812874,17.043471051606232,17.244089126586914,350100
2006-01-24,17.28055929085506,18.26541427578048,17.26232081685429,18.064794540405273,918800
2006-01-25,18.20158442503179,18.5298700865013,17.946252678837347,18.33837127685547,843800
2006-01-26,18.429553938508136,18.703125810005695,18.14686457001216,18.666648864746094,487200
2006-01-27,18.6848877240403,19.040529251098633,18.64841251734237,19.040529251098633,372800
2006-01-30,19.05877029374557,19.14996093176016,18.7304864319365,18.785200119018555,1010600
2006-01-31,18.876391325259128,20.0618644371842,18.72136775776276,19.925079345703125,2048200
2006-02-01,19.85212932319665,19.92508149581326,19.222915747305265,19.295867919921875,1046600
2006-02-02,19.16820103954497,19.222914731286313,18.52074901989099,18.876392364501953,921700
2006-02-03,18.739608764648438,18.785204965076655,18.311014916526407,18.739608764648438,365300
2006-02-06,18.830797782934848,19.113487243652344,18.548108322217352,19.113487243652344,430800
2006-02-07,19.12260712177035,19.751820739254484,18.466037524819807,18.63018035888672,685700
2006-02-08,18.748725685968946,18.867274053103536,18.365726346325708,18.757844924926758,619500
2006-02-09,18.867277721115947,19.304990840285463,18.6028249578777,18.6119441986084,382500
2006-02-10,18.548106634699273,19.095248767092265,18.511629680858526,18.958463668823242,355600
2006-02-13,18.985821010088564,18.985821010088564,18.50251351216399,18.51163101196289,332100
2006-02-14,18.602821619047646,19.16820226765521,18.47515575036597,19.131725311279297,408900
2006-02-15,19.031415183136264,19.87948345898546,18.894628350251292,19.83388900756836,605500
2006-02-16,19.934198793796103,20.098341601030008,19.642390131743305,20.07098388671875,783400
2006-02-17,20.13482296984593,20.34456029240371,19.94332412907162,20.052751541137695,614800
2006-02-21,20.326317957187992,20.654601842376866,19.961555379151882,20.04362678527832,1388800
2006-02-22,20.034506945507847,20.472221678148657,19.852127401281265,20.381031036376953,647200
2006-02-23,19.80653090142944,20.371911480131306,19.80653090142944,20.162174224853516,1187200
2006-02-24,20.11657991237782,20.891697818694457,20.107460673560336,20.782270431518555,653700
2006-02-27,20.76403309061346,20.964651137630113,20.536057325646645,20.654603958129883,438200
2006-02-28,20.463103057163153,20.891696825303757,20.26248329135178,20.508697509765625,856500
2006-03-01,20.609008006504776,20.964649617483985,20.453984427995415,20.636363983154297,900100
2006-03-02,20.49046080491823,20.964650805983936,20.472224065890337,20.90081787109375,905300
2006-03-03,20.873458346599257,20.946410514346567,20.11657895397709,20.198650360107422,581900
2006-03-06,20.153057313457946,20.453985243824008,19.833890905053455,19.988914489746094,796700
2006-03-07,19.843009447571653,19.925080856546824,19.213795891867644,19.478248596191406,823700
2006-03-08,19.37793648818297,19.46000788774885,19.031414153928946,19.259389877319336,644900
2006-03-09,19.387055257839425,19.697102373311253,19.077008142367593,19.35057830810547,570500
2006-03-10,19.29587024470657,19.85213171500025,19.250275783571794,19.815654754638672,468200
2006-03-13,19.797412459678185,19.97067450937528,19.314105003236573,19.505603790283203,702000
2006-03-14,19.496484153404573,19.88860269713225,19.14996180041083,19.83388900756836,567500
2006-03-15,19.706219680172936,20.007147528730087,19.68798120709274,19.89771842956543,354600
2006-03-16,19.915962544657766,20.116580587423638,19.59679613260346,19.669748306274414,312000
2006-03-17,19.81565434111881,22.113650616426924,19.6059170413682,21.75800895690918,3092600
2006-03-20,21.730645848095875,22.277787931192172,21.475312412166478,21.97686004638672,907800
2006-03-21,21.657695770263672,22.38721745837737,21.566505124420235,21.657695770263672,683200
2006-03-22,21.548260873647674,21.94949856425918,21.41147581119179,21.739761352539062,328700
2006-03-23,21.88566614212569,21.88566614212569,21.575619065966926,21.63945198059082,260600
2006-03-24,21.612102786896013,22.040696590397985,21.612102786896013,21.98598289489746,280900
2006-03-27,21.913030817219365,22.141006578674475,21.72153027315222,22.058935165405273,374100
2006-03-28,22.058935656456914,22.159243810994532,21.21086552667438,21.265579223632812,338200
2006-03-29,21.283817304344556,21.502673827402337,20.88257947574677,21.128793716430664,775000
2006-03-30,21.110556937763914,21.33853271838624,20.791390497029223,21.137914657592773,547400
2006-03-31,21.20174238865231,21.530027988670867,21.137909464052424,21.347646713256836,441000
2006-04-03,21.347644515723147,21.87654807279823,21.201740206138062,21.43883514404297,576500
2006-04-04,21.402364769081398,21.53003238365908,20.982890185044006,21.092317581176758,540700
2006-04-05,21.101434195696868,21.229101794392548,20.499578373887005,20.73667335510254,761600
2006-04-06,20.827866153789483,21.511793452869302,20.56341342993976,21.420602798461914,587500
2006-04-07,21.47531437856541,21.885671413291384,20.973768437737576,21.274696350097656,517600
2006-04-10,21.192628383755647,21.539152544741423,20.909938902448324,20.982891082763672,698300
2006-04-11,21.137911461399607,21.137911461399607,20.417507268690734,20.800506591796875,433000
2006-04-12,20.745792895550537,21.137911457141758,20.672840726369632,21.110553741455078,284900
2006-04-13,21.119676087191014,21.3385326269324,20.809628887728095,21.06496238708496,236500
2006-04-17,20.97376932858412,21.010246284027712,20.56341227642851,20.855222702026367,415200
2006-04-18,20.882581246025634,21.329413569229217,20.49958186337725,21.210866928100586,554700
2006-04-19,21.20174634882129,21.767127016756035,21.064961236369726,21.648578643798828,454600
2006-04-20,21.612101317000405,21.82183858491848,21.19262504184735,21.657695770263672,262600
2006-04-21,21.931269493488507,21.940388733470275,21.010248866453217,21.210866928100586,631800
2006-04-24,21.20173907518426,21.794475518670204,20.846097556955993,21.63945198059082,515500
2006-04-25,21.885671716625655,22.59695667357008,21.739767377660172,21.9586238861084,803000
2006-04-26,22.332504240276585,23.499740705332812,22.204838376978085,23.41766929626465,1445500
2006-04-27,23.226170895165343,23.828026790730256,22.70638641620629,23.0985050201416,804000
2006-04-28,23.11674644309498,23.390316707074934,22.73374702993265,22.90700912475586,349900
2006-05-01,22.979957881147524,23.445026912634408,22.879647987645576,23.043790817260742,593500
2006-05-02,23.162334464845895,23.983046767826558,22.806692872728206,23.93745231628418,615600
2006-05-03,24.02863996936668,24.192782757405748,23.53621160524947,24.05599594116211,694900
2006-05-04,23.800670495803043,24.22926431292597,23.663885383046114,24.037765502929688,415500
2006-05-05,24.1654237387325,24.329566517890004,23.855376653505324,24.192781448364258,372000
2006-05-08,24.18366674508189,24.40252324521134,23.99216622039559,24.393404006958008,490200
2006-05-09,25.53329252271997,25.715673879323553,24.21103203563782,24.247509002685547,1139600
2006-05-10,24.366049806662136,24.448121223462948,23.262647908611154,23.481504440307617,936300
2006-05-11,22.888765348668795,23.244406957438542,21.840077260240296,22.1136474609375,1544200
2006-05-12,21.922148871408556,22.277790483473108,21.675934644909894,22.104528427124023,931400
2006-05-15,21.89478937971295,22.469287455635005,21.89478937971295,22.332502365112305,974400
2006-05-16,22.31426367545258,22.533120166055596,21.913027645672106,22.18659782409668,571000
2006-05-17,22.004220170457668,22.095410824727036,20.47222448386394,20.727556228637695,1338900
2006-05-18,20.736672829829434,21.156149090374978,20.171293976058852,20.216888427734375,528600
2006-05-19,20.153056313921812,20.41750727509498,19.295867021116926,20.33543586730957,1452000
2006-05-22,20.226006633835457,20.49045757082934,18.23805803024777,18.785200119018555,2200400
2006-05-23,18.91287105517351,19.83389344212352,18.867276593562185,19.268512725830078,1518600
2006-05-24,19.29586807208067,20.244248062892108,19.286748833017057,20.061866760253906,9751900
2006-05-25,20.68196015865738,21.776242706621016,20.65460244271444,21.411481857299805,2367200
2006-05-26,21.41148017138598,22.086288124325897,21.16526596523692,21.7124080657959,1620100
2006-05-30,21.65769492932126,22.01333652105294,20.809624912745566,20.91905403137207,2054700
2006-05-31,21.064963244140344,21.16527140852975,20.590773185749057,20.873462677001953,2497700
2006-06-01,20.982889015154253,21.949505743913523,20.581651193298384,21.840078353881836,1305000
2006-06-02,21.885671719372297,22.642551130094578,21.648576733694398,21.803600311279297,1140100
2006-06-05,21.712412818507627,21.758009018136395,20.627249357100553,20.754915237426758,887500
2006-06-06,20.700202329730597,20.982891820983497,20.134821607907565,20.873462677001953,1203200
2006-06-07,20.827865600585938,21.447959946905538,20.764032665991333,20.827865600585938,855200
2006-06-08,21.375008563578973,21.375008563578973,19.797414922053516,21.256460189819336,2418300
2006-06-09,21.35676856248444,21.858314522227403,20.745793476248615,20.782270431518555,741400
2006-06-12,20.718436341256634,20.900817644090925,19.697105915472218,19.751819610595703,1313700
2006-06-13,19.669748665114525,19.988915082991465,18.83991702222471,19.113487243652344,1348100
2006-06-14,19.18644557948714,19.84301530581017,19.0861356634993,19.70623016357422,992300
2006-06-15,19.870362946345,21.785357444478407,19.733576134206984,21.43883514404297,973500
2006-06-16,21.40236077991208,21.52090913282971,20.390149727422376,20.864337921142578,2428600
2006-06-19,20.973762415570008,21.028476091384643,19.98890755432459,20.271596908569336,620200
2006-06-20,20.18952886317765,20.846100038771514,19.84300653997164,20.681957244873047,1030500
2006-06-21,20.681958014834095,21.666813075573014,20.654600301726965,21.347646713256836,1146800
2006-06-22,21.247342084162863,21.429723404609817,20.681963121548222,20.982891082763672,624400
2006-06-23,20.791388822976767,21.256459586718446,20.609009256753797,21.128793716430664,539400
2006-06-26,21.21998566425935,21.320293823042842,20.89169998997884,21.156152725219727,350600
2006-06-27,21.101435539828266,21.265578363380598,20.08010512110685,20.298961639404297,771000
2006-06-28,20.27160293665801,20.627246283500423,19.998032736917917,20.33543586730957,478700
2006-06-29,20.51782258497496,21.79448675350993,20.444870396467746,21.57563018798828,990300
2006-06-30,21.70328986746501,23.837142944335938,20.12569815572788,23.837142944335938,9222700
2006-07-03,23.517983952900902,23.517983952900902,22.460174659168967,22.916126251220703,1331300
2006-07-05,22.706388560071776,23.09850720102969,22.25955621598309,22.779340744018555,1218100
2006-07-06,22.779338816316336,23.11674372559058,22.733744357452004,22.934362411499023,886000
2006-07-07,22.514887344573086,23.20793388831539,22.113649505708157,22.724624633789062,1089000
2006-07-10,22.72462423719636,23.098504351210135,22.496648473074934,22.587839126586914,973200
2006-07-11,22.46928353353156,22.58783186679046,21.885666321538476,22.414569854736328,808900
2006-07-12,22.38721934099715,23.198814244005018,22.259553469670607,22.587839126586914,991500
2006-07-13,22.341623313168807,22.469289175519783,21.65769606888813,22.03157615661621,1058100
2006-07-14,21.985981190869612,21.985981190869612,20.508697612316475,20.73667335510254,1599200
2006-07-17,20.70019803813186,20.882577587866887,20.253364053886376,20.663721084594727,623700
2006-07-18,20.609006230838876,20.909934123274255,19.487366062608537,20.01626968383789,2017200
2006-07-19,19.87036647853543,21.183505498227056,19.87036647853543,20.818744659423828,930500
2006-07-20,20.791387148661673,21.001126154937662,20.654602050180394,20.80962562561035,590300
2006-07-21,20.70020041142586,20.773152587547273,19.96155767146487,20.1804141998291,405100
2006-07-24,20.289845933306744,20.654606860648798,20.18953602604369,20.618131637573242,524800
2006-07-25,20.70019982725073,21.064960697563958,20.198652108667645,20.90081787109375,1847600
2006-07-26,20.809626507721873,21.001127045166815,20.49046010485829,20.855222702026367,535300
2006-07-27,21.028487077345396,21.028487077345396,20.536060259121214,20.846107482910156,746000
2006-07-28,20.937290985421907,21.60298146360997,20.55429341455095,21.530029296875,962500
2006-07-31,21.457078546380448,22.040695918780948,21.101435188171546,21.776243209838867,943200
2006-08-01,21.59386741559938,21.867437671780944,21.12879658863691,21.393247604370117,704600
2006-08-02,21.320292658160888,21.93126777451366,21.320292658160888,21.894792556762695,555000
2006-08-03,21.89479064828786,22.35986137446447,21.602981974447687,22.204837799072266,762600
2006-08-04,22.48752659392969,22.79757373588305,21.37500562177266,21.457077026367188,2485400
2006-08-07,21.411480579925836,21.976861167131727,21.028481276158445,21.849193572998047,1058800
2006-08-08,22.022453372634452,22.660786060259596,21.767121689037708,22.487524032592773,1678200
2006-08-09,22.70638815711792,22.74286511810261,21.666819119495468,21.721532821655273,1121200
2006-08-10,21.639455892983516,21.639455892983516,20.992005654092495,21.557384490966797,1314200
2006-08-11,21.457077026367188,21.55738516806962,21.201743574371235,21.457077026367188,636500
2006-08-14,21.548264737307626,21.72152677512018,21.074076551725142,21.502670288085938,745300
2006-08-15,21.657697605385856,22.706385773151656,21.384127383992013,22.432815551757812,1648500
2006-08-16,22.751978836066392,22.824931001011844,21.97686099644797,22.63343048095703,1025500
2006-08-17,22.74286511370061,22.74286511370061,22.068056989469525,22.25955581665039,691700
2006-08-18,22.25043204712127,22.296028239061773,21.812719040393684,22.213956832885742,557900
2006-08-21,22.10453221112992,22.387221701437635,21.73977129793977,22.25955581665039,541500
2006-08-22,22.204836722495735,22.69726340089705,22.204836722495735,22.47840690612793,712700
2006-08-23,22.651672062250185,22.651672062250185,22.26867270895351,22.587839126586914,612500
2006-08-24,22.56959894418729,22.797574691098273,22.286909505026408,22.733741760253906,1030000
2006-08-25,22.651666823085904,22.669905297433285,22.296025269895217,22.487524032592773,1003500
2006-08-28,22.423694304452397,22.524004188328792,22.068052700624296,22.204837799072266,1135500
2006-08-29,22.2413149911048,22.651672062250185,21.885673355656834,22.587839126586914,1111300
2006-08-30,22.706386847302305,23.70948060539394,22.359864434523008,23.618289947509766,2434200
2006-08-31,23.618289762237424,23.73683813835204,23.171457455358976,23.47238540649414,1267200
2006-09-01,23.590932778252984,23.663884953018773,23.116742772616824,23.20793342590332,855500
2006-09-05,23.27176506532203,23.44502538366815,22.77933660859024,23.180574417114258,1013300
2006-09-06,23.04378903473303,23.18057413572578,21.93126627087363,22.03157615661621,1899400
2006-09-07,21.91302645642975,22.186596620007393,21.320288203150387,22.077167510986328,931900
2006-09-08,22.25043729590161,22.843174016417137,22.07717520428968,22.68815040588379,873100
2006-09-11,22.834055359427882,22.970840481959144,22.35986531129012,22.81581687927246,678700
2006-09-12,22.806691358952925,23.207929115298008,22.788452883819804,22.989070892333984,865900
2006-09-13,23.05291190334134,23.05291190334134,22.70638773765713,22.81581687927246,1310100
2006-09-14,22.706386638543137,23.04379154781738,22.706386638543137,22.934362411499023,719800
2006-09-15,23.05290694196902,23.05290694196902,22.286908333469064,22.624311447143555,1035600
2006-09-18,22.615187142586482,22.925234211773187,22.286903340571953,22.523998260498047,493000
2006-09-19,22.460171687627128,22.460171687627128,21.657697757085163,21.88567352294922,809700
2006-09-20,22.113644005054706,22.642547585912215,22.00421489828707,22.487524032592773,574100
2006-09-21,22.61519796268862,22.78846005232241,22.296033244043826,22.46929359436035,585300
2006-09-22,22.378097016370646,22.96171429011364,22.314262355152916,22.861404418945312,1431400
2006-09-25,22.970839512210112,23.472385520090278,22.73374449815056,23.39031410217285,1141100
2006-09-26,23.39031374757952,23.472385164252756,22.834054049292916,22.9434814453125,1183900
2006-09-27,22.806695651425436,22.979957719166492,22.186601294724433,22.587839126586914,2102100
2006-09-28,22.651668735876466,22.651668735876466,21.958622306002425,22.332502365112305,1101200
2006-09-29,22.25954998763102,22.414573552556085,21.931264382068107,22.18659782409668,870200
2006-10-02,22.241315788537396,22.241315788537396,21.539151731749207,21.85831642150879,805100
2006-10-03,21.6941699777043,22.35985865124213,21.575621631321752,22.077167510986328,1294300
2006-10-04,22.086287590447615,22.907001591105864,22.04069314121849,22.82493019104004,1112100
2006-10-05,22.88876615551025,22.989074304999452,22.65167116153372,22.8522891998291,915600
2006-10-06,23.663885939885876,24.274861081273073,23.25352885264182,23.627408981323242,4337500
2006-10-09,23.673002696052265,24.101598249104804,23.673002696052265,23.891860961914062,1416600
2006-10-10,24.010406090041364,24.07423902220158,23.508860132225124,23.873620986938477,1689800
2006-10-11,23.882738253797505,25.0499728925053,23.800666850848764,24.73080825805664,2924600
2006-10-12,24.812884594955086,25.168528016486594,24.621385762783508,25.15028953552246,1690500
2006-10-13,25.11381197700245,25.378262969115926,24.840240005937993,25.323549270629883,692100
2006-10-16,25.305310434616086,25.50592848578141,24.803764437044222,24.87671661376953,1126900
2006-10-17,24.66697731879784,24.72169275524186,24.201908284243164,24.502836227416992,1041500
2006-10-18,24.61225589348542,24.92230297871259,23.9009710969084,24.192781448364258,1531100
2006-10-19,24.119836131793406,24.256621240089167,23.764192763043994,24.065120697021484,1265800
2006-10-20,24.165428360968978,24.165428360968978,23.791548287737072,23.846261978149414,519900
2006-10-23,23.891861712950995,23.891861712950995,23.48150462570694,23.627408981323242,675400
2006-10-24,23.508862478861193,23.73683825322802,23.226171266337996,23.39031410217285,724800
2006-10-25,23.353836245388088,24.52107096516834,23.353836245388088,24.119834899902344,1125300
2006-10-26,24.39340370804945,24.767283775270467,24.138070258035434,24.639617919921875,1524000
2006-10-27,24.621381144769025,24.986141999050364,24.530190496369453,24.648738861083984,919800
2006-10-30,24.62138352304135,24.63050276269386,24.028646860164887,24.16543197631836,1222400
2006-10-31,24.338694945743097,24.712575088653963,24.16543286461066,24.356931686401367,684200
2006-11-01,24.375165520806128,24.46635616398653,23.837142639290303,23.928333282470703,872100
2006-11-02,24.046880242038924,24.174546091477417,23.527094127932024,23.98304557800293,1249100
2006-11-03,23.983047384987707,24.676093850030558,23.983047384987707,24.530189514160156,827300
2006-11-06,24.612266032611707,25.42385928687804,24.502838627638642,25.0955753326416,1217500
2006-11-07,24.493716347468652,25.73390330604382,24.16543069465789,25.29619026184082,2838800
2006-11-08,25.168516832912008,25.19587280288537,24.36604142024104,24.511945724487305,2212800
2006-11-09,24.530189515250747,25.268830433042112,24.457237347312304,24.84023666381836,1516800
2006-11-10,24.812879850689587,24.949666692449437,23.928334564862986,24.26573944091797,1405700
2006-11-13,24.803766686443502,25.259718267155204,24.54843317509074,25.168527603149414,1837600
2006-11-14,25.305311972886685,25.779502020085012,25.12293065032819,25.578882217407227,1330900
2006-11-15,25.542404403754162,25.76126092501858,25.00438147006859,25.223237991333008,1555700
2006-11-16,25.460328960211456,25.733899133653512,25.013496749287164,25.542400360107422,795200
2006-11-17,25.49680437524148,25.606233489082115,25.11380682509116,25.533281326293945,470900
2006-11-20,25.55152120054683,25.925401272717522,25.2414740568955,25.63359260559082,934100
2006-11-21,25.770385936880526,26.335764975299462,25.64272003904091,26.14426612854004,1745700
2006-11-22,26.23544490910432,26.518134300177596,25.925397806901387,26.162492752075195,816100
2006-11-24,25.87980719474224,26.39047414323171,25.87980719474224,25.93452262878418,480000
2006-11-27,25.907168142356237,26.29016753182441,25.56064571346466,25.952762603759766,963800
2006-11-28,25.83421015419496,25.9345200339184,25.223235116393404,25.724781036376953,759300
2006-11-29,26.198969858421965,26.61844609620794,25.679185484528897,26.007471084594727,811500
2006-11-30,26.007480249258716,26.126026902547327,25.788623685198488,25.870695114135742,846700
2006-12-01,25.9254075833254,25.9254075833254,25.068218110501135,25.15028953552246,1015100
2006-12-04,25.141163712859104,25.961876008885284,25.049973071230234,25.724781036376953,1287300
2006-12-05,25.934528307231428,26.281050768784265,25.588004106361215,26.08955192565918,1007100
2006-12-06,26.171621322631836,26.217215784791534,25.715669743765897,26.171621322631836,573300
2006-12-07,26.053068461006106,26.509019961518828,26.053068461006106,26.27192497253418,794100
2006-12-08,26.29016508667309,26.326642043857095,25.57888007543842,25.898046493530273,649800
2006-12-11,25.825093375695637,26.81906781155163,25.56976164199706,26.326641082763672,794600
2006-12-12,26.34487440102203,26.353993638801168,25.761257097691097,26.15337562561035,864600
2006-12-13,26.308402027307334,26.509020062140326,25.925402695850202,26.344877243041992,1360200
2006-12-14,26.445189552928024,26.527260969996274,25.980118769313652,26.09866714477539,605000
2006-12-15,25.9527554412195,26.235446589718286,25.733898956112423,25.8615665435791,781000
2006-12-18,25.861568142254306,26.20809049693218,25.69742533344806,25.7977352142334,532100
2006-12-19,25.57888109562882,25.888928286790623,25.232358685145282,25.551525115966797,583400
2006-12-20,25.442090484830853,25.84332824662038,25.41473451107669,25.542400360107422,366300
2006-12-21,25.524168014526367,25.779501513224613,25.332669194990554,25.524168014526367,563700
2006-12-22,25.442090750867628,25.587995076804614,24.785521284151184,24.98613929748535,692400
2006-12-26,24.91319043131692,25.113810210516167,24.630500979819878,24.931428909301758,761700
2006-12-27,25.049977706817458,25.095573905728042,24.530193214456805,24.61226463317871,961900
2006-12-28,24.539310531238485,25.0773334610017,24.439000640813035,24.92230987548828,723200
2006-12-29,24.89494457377137,25.22323012291745,24.812873186484847,25.07732582092285,652500
2007-01-03,25.159401756438566,25.63359169330165,24.730808009264308,25.1229248046875,1074600
2007-01-04,25.241474661504895,25.69742614964099,25.113808801408194,25.60623550415039,854100
2007-01-05,25.414738349231026,25.451213566184002,24.62138194352894,24.92230987548828,3847800
2007-01-08,24.894953559381136,25.16852552885171,24.621383329227672,24.867597579956055,959700
2007-01-09,24.986145528067915,25.83421572112568,24.986145528067915,25.578882217407227,1499100
2007-01-10,25.405620133581632,26.098666676776357,25.405620133581632,26.034832000732422,1159700
2007-01-11,25.989239995358563,26.445191574224506,25.97100151476779,26.171621322631836,968300
2007-01-12,26.208090254029692,26.673160961564736,26.116899612280637,26.654922485351562,923000
2007-01-16,26.59109800563977,26.68228867635916,25.879812861209366,26.08955192565918,532500
2007-01-17,25.989234823041258,26.171616114017425,25.752139840498995,25.761259078979492,546400
2007-01-18,25.724784221504375,26.13514128998445,25.651832047032034,25.90716552734375,904300
2007-01-19,25.806850809332285,26.53637415695225,25.733898648501963,26.49077796936035,1001400
2007-01-22,26.627565554225114,26.627565554225114,25.934519136861255,26.15337562561035,846000
2007-01-23,26.13513875036025,26.53637654062726,26.089544297989466,26.24456787109375,753100
2007-01-24,26.353994778226713,26.591089752784992,26.12601904184185,26.335756301879883,612800
2007-01-25,26.317519371991924,26.85554224506285,26.21720949213628,26.654922485351562,1026300
2007-01-26,26.800832982954564,27.311499998520542,26.61845339681005,27.174713134765625,1326500
2007-01-29,27.18383172988979,27.776568414598778,27.18383172988979,27.357093811035156,1216000
2007-01-30,27.47564045225008,27.530355892180523,27.15647574924175,27.357093811035156,351000
2007-01-31,27.284140476115937,27.284140476115937,26.8737833905848,27.092639923095703,689900
2007-02-01,27.26590325791023,27.3023802180076,26.554619929183488,26.73699951171875,984500
2007-02-02,26.90114003476383,26.90114003476383,26.536379161816882,26.60021209716797,679200
2007-02-05,26.682285080171894,27.028807495021105,26.5637367024192,26.84642791748047,674300
2007-02-06,26.809951747278113,26.809951747278113,26.326644200222578,26.426952362060547,799800
2007-02-07,26.45430784312059,26.87378241368878,26.44518860384949,26.67316436767578,622700
2007-02-08,26.572846963009884,27.16558517284797,26.572846963009884,27.138227462768555,609800
2007-02-09,27.065277757801283,27.15646839366837,26.308398436942895,26.49077796936035,653900
2007-02-12,26.363121192661982,26.41783489727916,26.007479503674347,26.126026153564453,451900
2007-02-13,26.14426236225961,26.162500841985707,25.670072325284004,25.83421516418457,965200
2007-02-14,25.85245348269633,26.80995105122254,25.825095763277783,26.226333618164062,1086400
2007-02-15,26.180732998775312,26.417827975753465,26.180732998775312,26.253686904907227,606100
2007-02-16,26.27192264817201,26.290161124014965,26.0439469180854,26.1351375579834,761100
2007-02-20,26.17161785246218,27.16559230174139,26.17161785246218,27.083520889282227,1039500
2007-02-21,26.974091759564338,27.129115345396425,26.782592956704292,27.083520889282227,767300
2007-02-22,27.074401735580164,27.393568147337135,27.01968630089016,27.31149673461914,576700
2007-02-23,27.17470406411356,27.712726881389955,26.180729824692193,26.381349563598633,2325700
2007-02-26,26.47254717708785,26.53638011473116,25.569763331881536,26.025714874267578,2085200
2007-02-27,25.76126092501858,25.943642229064103,24.730811253317324,25.223237991333008,1559500
2007-02-28,25.186763032779936,25.3509041209262,24.25662150336593,24.594024658203125,2780000
2007-03-01,24.147191386217102,24.776404952701707,23.79154976744261,24.174549102783203,1340500
2007-03-02,24.211028709728584,24.63962431707485,23.882744747983583,23.919219970703125,2182300
2007-03-05,23.919219502648886,24.165433773627647,23.49062564300668,23.709482192993164,1886800
2007-03-06,23.983046887219093,24.785522457167794,23.846261792594177,24.6304988861084,1602900
2007-03-07,24.53018890545892,24.958784403345174,24.238380240959163,24.712570190429688,1375900
2007-03-08,25.077331021054384,25.168521663539767,24.44811750115376,24.712570190429688,1223400
2007-03-09,24.803764754879072,25.013502048237267,24.594025722203767,24.785526275634766,1198300
2007-03-12,24.840234177550965,25.323543328841637,24.648735408123553,25.17763900756836,885500
2007-03-13,25.177642534621157,25.287069921247085,24.51195201882615,24.648738861083984,785700
2007-03-14,24.712571315400982,24.8311179385067,24.211023628558223,24.739927291870117,614800
2007-03-15,24.657857623145798,25.00437999318452,24.49371480706333,24.739927291870117,1172900
2007-03-16,24.73081246487932,24.876716819536785,24.55755039147967,24.867597579956055,623000
2007-03-19,24.876716819536785,24.958788236446246,24.48459821415094,24.867597579956055,1135200
2007-03-20,24.98614050563589,25.925401171173323,24.98614050563589,25.71566390991211,3685700
2007-03-21,26.135139256793813,27.129113643726104,26.08042556502528,26.609329223632812,16950500
2007-03-22,26.499902552159135,27.320614961874906,26.46342733404493,27.202068328857422,2489200
2007-03-23,27.393560872226754,27.658011779061535,26.992323154311457,27.138227462768555,1196600
2007-03-26,27.256783040684375,27.256783040684375,26.52726125806353,27.010570526123047,2412300
2007-03-27,26.819065977018884,27.10175540826963,26.554615022446736,26.709638595581055,1031900
2007-03-28,26.746114526064865,26.80994745683296,26.454305848658198,26.755233764648438,1201600
2007-03-29,26.809955055339742,26.992336400068087,26.49078857172384,26.91026496887207,1083200
2007-03-30,26.99233349035433,27.110880134126504,26.57285713842472,26.94673728942871,1096300
2007-04-02,26.919378897304448,27.247662817981873,26.618450955415188,26.89202117919922,1085200
2007-04-03,26.992326446617778,27.466516376599486,26.93761275910197,27.238540649414062,1197300
2007-04-04,27.31149290970304,27.347968121737754,26.937612854934184,27.156469345092773,1020100
2007-04-05,27.192945057226808,27.302374173976975,26.88289792230427,26.90113639831543,919200
2007-04-09,27.028806650677094,27.502996668240538,26.709641965121975,27.33885383605957,1548200
2007-04-10,27.375329057343396,28.022779366186576,27.375329057343396,27.949827194213867,1980800
2007-04-11,27.949822892981704,28.004536578712038,27.0652777265217,27.192943572998047,1254200
2007-04-12,27.074394971339036,27.849512709289275,27.074394971339036,27.822154998779297,1237700
2007-04-13,27.749206636026727,27.85863401438947,27.4026825461388,27.51211166381836,868200
2007-04-16,27.694496834927406,28.086613691646875,27.50299628693226,28.050138473510742,903800
2007-04-17,28.196044976967418,28.268997158125377,27.785687870880654,27.885997772216797,1164800
2007-04-18,27.78567960501411,27.94982239861854,27.430038045082302,27.44827651977539,442900
2007-04-19,27.393570129541036,27.71273482507581,27.31149871088434,27.539474487304688,807000
2007-04-20,27.630657878571675,27.83127763484814,27.539468977700693,27.685373306274414,670700
2007-04-23,27.71273382827873,27.858638180794358,27.484758060058425,27.57594871520996,478600
2007-04-24,27.749206240888537,27.885991331552606,27.539468985915843,27.840396881103516,826500
2007-04-25,27.849517925529742,27.90423161748104,27.48475534100932,27.767446517944336,823300
2007-04-26,27.84951477514841,27.84951477514841,27.34796714782715,27.34796714782715,1554700
2007-04-27,27.357087778821484,27.475634393896986,27.065279120804743,27.293254852294922,766800
2007-04-30,27.402686101744717,27.539472951422006,26.773474246224193,26.828187942504883,989700
2007-05-01,26.882899010669306,26.9740896551002,26.445186004581252,26.93761444091797,1742300
2007-05-02,26.93760891791179,27.740082597875723,26.910251208396595,27.70360565185547,953100
2007-05-03,27.58506684164664,27.730971188275277,27.275019670231533,27.39356803894043,1192100
2007-05-04,27.384448115959916,27.548589197330102,27.247661272509312,27.49387550354004,1292600
2007-05-07,27.575947297859326,27.986304355291143,27.512114364329264,27.94070816040039,1127100
2007-05-08,27.721853972372926,27.767450171095174,26.809950869733573,27.466522216796875,2215200
2007-05-09,27.347972955247787,28.5881616913222,27.05616425012841,28.42401885986328,2575000
2007-05-10,28.451380004846605,28.487855227720996,27.813047081030465,27.904237747192383,1154300
2007-05-11,28.01366220607267,28.26899569658306,27.767449694467302,28.250757217407227,1127700
2007-05-14,28.196046400895142,28.268998585737258,27.758333291842455,27.83128547668457,1045600
2007-05-15,27.730968880307323,27.895111691432664,27.32973109081392,27.40268325805664,1384500
2007-05-16,27.402682749663335,27.521231106306406,27.147351038709328,27.502992630004883,808000
2007-05-17,27.393567255894457,27.55770833667194,27.019685421614362,27.420923233032227,1030800
2007-05-18,27.448286155700078,28.22340420910045,27.393572451729845,27.904237747192383,975400
2007-05-21,27.858633934012712,28.2689909499811,27.849516435272804,28.059253692626953,696700
2007-05-22,28.196042315045087,28.23251753252193,27.94982807463754,27.995424270629883,716500
2007-05-23,28.01366178121599,28.661113867602044,28.01366178121599,28.42401885986328,1319400
2007-05-24,28.487853518082527,28.852614421522553,27.566831149823216,27.740093231201172,1049600
2007-05-25,27.776567010670426,28.177804853294408,27.730972552350085,28.1048526763916,491700
2007-05-29,28.186918163821364,28.64286960838569,28.150442952700917,28.26898956298828,1058500
2007-05-30,28.177801936539655,29.16265709244126,28.159563459372592,29.07146644592285,1217000
2007-05-31,29.180893935628855,29.828344184953547,29.04410884316896,29.299442291259766,1162700
2007-06-01,29.363281723519005,29.636851969044844,29.33592226392234,29.57301902770996,1118000
2007-06-04,29.509180211746788,29.755394427294533,29.417987828969633,29.72803497314453,731400
2007-06-05,29.6915667640325,29.956016024398174,29.591256864505993,29.755399703979492,1141300
2007-06-06,29.700685684762462,29.828351570760844,29.098829737459727,29.30856704711914,1565900
2007-06-07,29.11705904670265,29.19000946773727,28.524322526433583,28.679346084594727,788500
2007-06-08,28.588159850732435,29.007634402505257,28.506088440286973,28.962039947509766,609900
2007-06-11,29.1170640503273,29.299445352205286,28.843492097510325,28.861730575561523,570300
2007-06-12,28.898203424002904,29.55477288666667,28.71582214804904,29.107940673828125,2128000
2007-06-13,29.262968560250176,29.52742127552497,29.199135626029918,29.472705841064453,682000
2007-06-14,29.536539451262353,30.065444893916553,29.408873579900057,29.527421951293945,1170200
2007-06-15,29.728031301420707,30.366363987485148,29.718913803585952,30.275175094604492,1307600
2007-06-18,30.439317014361492,30.694648690033397,30.24781477897438,30.384601593017578,1093500
2007-06-19,30.284301886882076,31.196205010090576,30.284301886882076,30.740253448486328,1452600
2007-06-20,30.77672050774355,30.895268849642537,30.512267852212446,30.685531616210938,1202300
2007-06-21,30.639937795069276,30.685535725575228,29.828344724388607,30.129274368286133,1786100
2007-06-22,30.17487177028064,30.393730030751854,29.883063075408373,29.92865753173828,902700
2007-06-25,29.93777306729562,30.193104759229318,29.62772595053324,29.682437896728516,810800
2007-06-26,29.645964659018023,29.96513279253379,29.39063293511248,29.454465866088867,1041800
2007-06-27,29.518294064888572,30.33900801534761,29.27207987975086,30.275175094604492,1217700
2007-06-28,30.348130464621462,30.649060121765615,30.229585580262114,30.302536010742188,985900
2007-06-29,30.411962982295044,30.749369589408744,30.320774075776306,30.630821228027344,1132700
2007-07-02,30.731131402565524,31.697746343873373,30.712892925362794,31.62479591369629,1367900
2007-07-03,31.725106571428658,31.91660536876913,31.643035161335035,31.907487869262695,678900
2007-07-05,31.77069953446622,31.962198322815055,31.533606293458202,31.88924789428711,950000
2007-07-06,31.834533281774213,31.96219914395329,31.542724602898083,31.852771759033203,570800
2007-07-09,31.871013267642503,32.035156099951685,31.679514456159847,31.880130767822266,951100
2007-07-10,31.943963358325213,31.998678794712557,31.1597261632773,31.278274536132812,908500
2007-07-11,31.314746967978373,31.633911604192114,31.123248186250127,31.542722702026367,638000
2007-07-12,31.73422750559231,32.828511932399145,31.652156086615943,32.755558013916016,1644900
2007-07-13,32.80115049416458,33.01088775695179,32.299601084636784,32.82850646972656,1232700
2007-07-16,32.773802190351624,32.87411210638487,32.445519936017696,32.527587890625,614700
2007-07-17,32.618783805206675,32.646139793011606,31.925735299309434,32.244903564453125,754300
2007-07-18,32.00778876265609,32.09898113517543,31.29650565017188,32.05338668823242,1156400
2007-07-19,32.181071931120435,33.44861710488121,32.14459496012297,33.257118225097656,1756100
2007-07-20,33.28446015269784,33.384770041246306,32.728198755208304,32.90146255493164,1187000
2007-07-23,32.98352990268613,33.284459562999984,32.75555415225462,33.07472229003906,804900
2007-07-24,32.92881651502108,32.98352846641652,32.22665081683182,32.36343765258789,818700
2007-07-25,32.45462231540409,32.819384843988715,31.64302934186824,32.062503814697266,1097900
2007-07-26,31.907482608419603,31.97131553034178,30.740244581914034,31.49712562561035,1000700
2007-07-27,31.323869711493835,31.42417960785185,30.28430074675478,30.475799560546875,1182200
2007-07-30,30.530512676478605,30.90439277534116,30.339013877249137,30.494035720825195,3153600
2007-07-31,30.639933268689482,31.405931774338377,30.211341310044954,30.384601593017578,1327800
2007-08-01,30.229587722420675,30.68553925079122,28.925564333673144,29.527421951293945,1878800
2007-08-02,29.864814081778896,31.05940789735786,29.673315345439363,30.986454010009766,1769900
2007-08-03,30.48491437607663,31.050293202855755,28.93467874268208,29.180892944335938,3321500
2007-08-06,29.445350189736033,29.819230299444623,27.995424207474116,29.226491928100586,2445100
2007-08-07,29.180895623111198,29.937776773079886,28.688467174599076,29.77363395690918,2030600
2007-08-08,30.056318671182353,31.925718915607703,30.056318671182353,31.05029296875,3595500
2007-08-09,29.910410567798685,33.23885711510152,29.45445917658641,30.038076400756836,2645600
2007-08-10,29.49094250589597,30.776725568269427,29.381515122337365,30.32077407836914,2092700
2007-08-13,30.35725924994157,31.29651846022457,30.010735049798086,30.448448181152344,1125800
2007-08-14,30.603466996718126,30.603466996718126,28.16868409314506,28.39665985107422,2017300
2007-08-15,28.49697037663305,28.597280268940253,27.557709606865092,27.758329391479492,4510400
2007-08-16,27.41180401388243,27.83128030323776,25.66095016381371,26.955852508544922,3939700
2007-08-17,27.61242257158937,28.314586536960363,26.983209034965373,28.241634368896484,3174000
2007-08-20,28.360185141983454,28.506089490524882,27.82216220449305,27.995424270629883,1094300
2007-08-21,27.86775587284164,28.460492489438415,27.767447723130083,28.17780303955078,1193600
2007-08-22,28.515205179051303,28.879966004985388,28.196038804115176,28.524324417114258,1491400
2007-08-23,28.816137408200895,29.226492746799,28.28723369628637,28.889089584350586,1283400
2007-08-24,28.91643854965897,29.737152506425378,28.542558520161677,29.718914031982422,1009200
2007-08-27,29.56389121696438,29.93777475643877,29.244726584039412,29.855703353881836,862700
2007-08-28,29.62772862207406,29.883060337031093,28.807014568806853,28.879966735839844,702800
2007-08-29,29.03499181368006,29.14441920024499,28.59727878878646,28.89820671081543,733900
2007-08-30,28.81613718749335,29.27208698044891,28.697588815084913,29.053232192993164,838900
2007-08-31,29.445349948777835,30.038084836637328,29.326801579752324,29.700681686401367,726800
2007-09-04,29.600372206880824,30.886155369918814,29.554777750047943,30.840560913085938,1102800
2007-09-05,30.548745343672994,30.895269399200636,29.937772106543516,30.193103790283203,720700
2007-09-06,30.238700279754894,30.794961610025315,29.919535653517862,30.101913452148438,643600
2007-09-07,29.81923329227354,30.156636479134264,29.080590498582804,29.57301902770996,1018600
2007-09-10,29.773639327500913,30.047209577587623,28.770543772337025,29.481830596923828,455100
2007-09-11,29.664195436354035,30.34812250097554,29.582124049454137,30.23869514465332,1241000
2007-09-12,30.18398267899344,30.448435338047588,29.82834112719186,29.96512794494629,811600
2007-09-13,30.21135192899717,30.66730349789212,29.864827762619374,30.649065017700195,555900
2007-09-14,30.32989895720361,30.68554412791105,29.636854054527745,30.247827529907227,1166000
2007-09-17,30.156636422379144,30.576111029971603,29.883066177368164,29.883066177368164,438700
2007-09-18,29.94689000806339,30.548745755443207,29.8921745842531,30.17486572265625,1091600
2007-09-19,30.27517725994866,31.323863517613578,30.24781780722103,31.041175842285156,2318900
2007-09-20,31.0503062132567,31.415068919353672,30.785853425268147,31.360353469848633,691900
2007-09-21,31.515371919365272,32.035156400340234,31.451538981605836,31.9439640045166,849000
2007-09-24,31.861897013091927,32.60053986800415,31.834541029862297,32.29961013793945,878000
2007-09-25,32.290479210641344,32.78290757584048,31.725100427616354,32.700836181640625,1699600
2007-09-26,32.71908805110628,32.71908805110628,31.89837377310337,32.16282653808594,873200
2007-09-27,32.153705517354275,32.50022970969933,31.752469358967932,32.46375274658203,913500
2007-09-28,32.582281481997946,32.74642423837134,32.08073571691593,32.17192459106445,706800
2007-10-01,32.23576378829702,33.04736023255483,32.23576378829702,32.700836181640625,1245000
2007-10-02,32.545804540885506,32.755541734333164,31.898354489986318,32.17192459106445,1307400
2007-10-03,31.989566181011845,32.73732653268798,31.871017790048164,32.16282653808594,1009600
2007-10-04,32.272247510558095,32.73732000152167,32.026033276277495,32.41815185546875,777400
2007-10-05,32.55493807707102,32.801152306634904,32.40903373495545,32.60053253173828,630000
2007-10-08,32.42727368179656,32.582295530415905,31.679513459744754,32.07162857055664,696600
2007-10-09,32.24488912858916,32.67348463170793,31.861888077611294,32.51845932006836,655700
2007-10-10,32.518451119922766,32.66435541716138,31.798047130405237,31.916595458984375,751500
2007-10-11,32.14457337319407,32.32695462706647,31.41505183633756,31.59743309020996,896600
2007-10-12,31.597444275272192,31.82542005365472,31.278276098356063,31.524490356445312,883600
2007-10-15,31.415058851063012,31.652152098994957,30.95910735388832,31.46065330505371,980100
2007-10-16,31.415062783055664,31.415062783055664,30.86791883078373,31.077659606933594,818900
2007-10-17,31.624800579444145,32.14458508118965,31.460657739036684,31.825420379638672,1240000
2007-10-18,31.779824211634672,31.998682503919415,31.45154199115937,31.67039680480957,756500
2007-10-19,31.62479359986699,31.661270551603614,30.995581836261366,31.013816833496094,1647100
2007-10-22,31.13236749558351,32.09898591647092,30.74024893192576,31.925722122192383,952100
2007-10-23,32.02602169131817,32.60052136348912,31.9804272522706,32.28135681152344,809600
2007-10-24,32.117225259714154,32.50934383394516,31.62479679738211,32.4363899230957,696400
2007-10-25,32.46374829620466,32.84674939916232,32.281370462889214,32.6461296081543,975400
2007-10-26,32.86499017563534,33.51244057361385,32.764680273119204,33.1750373840332,1853600
2007-10-29,33.27533080085508,33.53066244175323,33.12942650910861,33.22061538696289,1192300
2007-10-30,33.00176538845346,33.42124337498232,32.782910635913986,33.03824234008789,1403900
2007-10-31,32.78292095590644,32.864992383603045,31.460660611298835,32.46375274658203,2751600
2007-11-01,32.226661082483005,32.94706548683009,31.369473277441877,31.633922576904297,1848100
2007-11-02,32.00780264667254,34.196371835605206,31.83454228168068,33.9410400390625,2873900
2007-11-05,33.87720528304275,35.10827321201002,33.786012875830764,34.9258918762207,2955500
2007-11-06,35.06267333510822,35.06267333510822,33.96838896793126,34.67967224121094,1382900
2007-11-07,34.679665257080316,34.679665257080316,33.63097903698244,33.73128890991211,1148000
2007-11-08,33.89542538389789,34.16899900662392,32.819383280950134,33.53066635131836,930900
2007-11-09,32.96529441568696,32.96529441568696,29.60949114073847,29.77363395690918,5421500
2007-11-12,29.308564019347774,29.791871531736888,28.095733009704965,28.278114318847656,4131900
2007-11-13,28.752297942451456,30.995579893457872,28.724940230363767,30.703767776489258,2594400
2007-11-14,30.73112670146026,30.858792543715804,30.083676513659526,30.111032485961914,1133900
2007-11-15,29.956016256522965,30.731135999739507,29.77363841448082,30.430206298828125,1116400
2007-11-16,30.639927463051652,31.44240276421055,30.475784708754777,31.323854446411133,1055000
2007-11-19,31.077654222369222,31.287391483545377,30.311655604814103,30.82231903076172,1764600
2007-11-20,30.913511113389237,31.80717557877022,30.448438665112878,31.068532943725586,1397600
2007-11-21,30.858799198549352,31.06853648157612,30.421086154149922,30.694656372070312,780800
2007-11-23,30.94999249225368,31.45154202116925,30.649066253538887,31.369470596313477,200100
2007-11-26,31.30564032805769,32.29049403186719,31.232686398112993,31.633922576904297,1022900
2007-11-27,31.825422153226796,32.1354693714267,31.50625395525465,31.67039680480957,864600
2007-11-28,32.007794185162204,32.846746761302164,32.007794185162204,32.60053253173828,936300
2007-11-29,32.41814771861738,33.713051658262614,32.41814771861738,33.67657470703125,899600
2007-11-30,34.19636277160997,34.86205154946124,33.29357726384055,34.14164733886719,1444500
2007-12-03,34.00485866559955,34.19635743234869,33.284454567486065,33.43035888671875,929400
2007-12-04,32.97440032876162,33.029115741137794,31.615663823130603,31.688617706298828,1532900
2007-12-05,32.00778519293444,32.58228490051759,31.816286449951033,32.19928741455078,861300
2007-12-06,32.1992950454054,32.591413599851066,31.633912700751704,32.509342193603516,651400
2007-12-07,32.73731616799227,33.548909208935115,32.51845793693753,33.3574104309082,6863500
2007-12-10,33.54891753428053,33.85896474267838,33.0108945396676,33.1750373840332,978600
2007-12-11,33.102079951613646,33.50331951911933,31.843652771168287,32.08074951171875,1105200
2007-12-12,32.37255191972573,32.66436056014808,30.557863675880444,31.168840408325195,2063600
2007-12-13,30.94999074938816,31.260037950424426,30.31166134604969,30.740253448486328,1091900
2007-12-14,30.548749041361557,31.351224617062524,30.530510564796337,30.65817642211914,834100
2007-12-17,30.52139555256358,30.722011853858763,28.51520818917375,28.861730575561523,2182800
2007-12-18,29.308562522806312,30.056322721338805,28.934682423540064,29.87394142150879,1597500
2007-12-19,29.728037749525836,30.35725307423431,29.39063459832366,29.92865753173828,754000
2007-12-20,30.183980706799442,30.430194875490034,29.700673345277004,30.038076400756836,972800
2007-12-21,30.45757116414284,31.4424249047887,30.357261246034426,31.360353469848633,937200
2007-12-24,31.3694647224081,31.3694647224081,30.512273672503998,30.90439224243164,401700
2007-12-26,30.86792033044435,31.460658771210802,30.86792033044435,31.387704849243164,571900
2007-12-27,31.360335349270866,31.697738396340153,30.70376424912915,30.776718139648438,631200
2007-12-28,30.995582258017677,31.214437014148203,30.33901103235884,30.621702194213867,699400
2007-12-31,30.503157352063504,31.15972517471082,30.4666803956292,30.85879898071289,546100
2008-01-02,30.794960680238038,31.04117487531564,29.7006765283265,30.220460891723633,607500
2008-01-03,30.10191458504948,30.220462941527803,29.180894144221305,29.44534683227539,1372000
2008-01-04,29.135303883079565,29.18089834101056,28.086613957495832,28.42401885986328,1564300
2008-01-07,28.60640201913132,28.81613932207713,27.40268842373899,27.658021926879883,1093400
2008-01-08,27.81304182558819,28.661111903806678,26.8555443601062,26.955852508544922,1554100
2008-01-09,26.746120216666128,26.84643012311081,25.4056231673764,25.989240646362305,2257200
2008-01-10,25.788616793025138,26.545496193696557,25.551521810495707,26.071306228637695,1408300
2008-01-11,25.952761297369445,26.13514261243742,25.07733515940428,25.77950096130371,1345400
2008-01-14,26.1716186622655,27.229426078562117,26.126022465423453,26.89202117919922,2986100
2008-01-15,26.45431008218937,26.75523804633766,26.208095818981533,26.426952362060547,1893300
2008-01-16,26.290166060696546,26.572855532077746,25.08645425810087,25.323549270629883,1850300
2008-01-17,25.515042540135315,25.71566228984791,24.07423603812247,24.30221176147461,1956000
2008-01-18,24.466353892497697,24.758162532129596,22.68814260318037,23.864498138427734,4968000
2008-01-22,23.180575013994186,23.80978858958087,22.396337854257656,23.46326446533203,2970800
2008-01-23,22.84317151227379,23.508862084128456,21.821841034276968,23.253528594970703,3213600
2008-01-24,23.308233985092773,25.095564293501294,23.29911474880355,25.07732582092285,2160000
2008-01-25,25.132045935989385,25.296188752601562,23.882739812782354,24.04688262939453,1709200
2008-01-28,24.01952165613228,24.639615883988295,23.73683225436852,24.411640167236328,942200
2008-01-29,24.594023583857908,27.1655915362536,24.429882502881853,26.64580535888672,2976000
2008-01-30,26.82819164206318,27.256785510778794,25.916288461489064,25.989240646362305,2106000
2008-01-31,25.5879970211347,27.174707990754865,25.31442682404453,27.001447677612305,1529000
2008-02-01,27.156468664405345,28.451370836540704,26.819063830128382,28.26898956298828,2065300
2008-02-04,28.150445840237253,28.49696820835137,27.658017394724826,27.767446517944336,787000
2008-02-05,27.50299762263806,27.676259700321225,26.04395230067471,26.226333618164062,1569600
2008-02-06,26.353991852115943,27.329727617215514,26.353991852115943,26.381349563598633,1293500
2008-02-07,26.162500633009454,26.718760345674994,25.53328700202225,26.536380767822266,1583200
2008-02-08,26.42694689706781,28.43313406939594,26.00747237774142,28.12308692932129,2455100
2008-02-11,28.177800618947156,28.323704950827366,27.229422461725797,28.12308692932129,1295700
2008-02-12,28.26898956298828,29.071463340122136,28.095727527045153,28.26898956298828,1309700
2008-02-13,28.223396809732744,28.37842037977007,27.803920551089515,28.12308692932129,1321400
2008-02-14,28.369305726595346,28.77054183445437,27.740092106596855,28.013662338256836,2852900
2008-02-15,27.803922042222304,27.949826381927405,27.402684238374803,27.67625617980957,769800
2008-02-19,28.159563435045897,28.387539181486513,27.922470189346534,28.305469512939453,961700
2008-02-20,28.20516055855556,28.396659357012076,27.366209714400156,28.031898498535156,1280200
2008-02-21,28.1595679739462,28.23252015499332,26.636689672685026,26.964975357055664,1894700
2008-02-22,27.658016255317268,29.573012787891116,27.603302565619966,29.3632755279541,3286100
2008-02-25,29.15353959891069,30.120156335504323,28.706707317472905,29.92865753173828,1855800
2008-02-26,30.03808935168604,30.740255214327885,29.664209188838775,30.293424606323242,1518700
2008-02-27,30.402847938016958,30.749372072309583,29.381517492276366,29.609493255615234,1638100
2008-02-28,29.509179288401203,30.47579416515756,29.199132153927714,29.536535263061523,1373100
2008-02-29,29.636850639917018,29.636850639917018,27.82216368637554,28.314590454101562,1528500
2008-03-03,28.150447096881628,28.378422852725343,27.2111863566514,27.557708740234375,1235800
2008-03-04,27.22942405001571,27.41180360584574,26.05306834888336,26.664043426513672,2510400
2008-03-05,26.71875859333477,27.603305662483667,26.682283375883298,26.99233055114746,1399800
2008-03-06,26.89202331622301,27.265903463453554,26.116905301482667,26.189857482910156,917100
2008-03-07,26.06218475889883,26.48166099648199,25.323543898424596,25.852447509765625,1424600
2008-03-10,26.00747920810544,26.00747920810544,24.666980415339154,24.75817108154297,1265600
2008-03-11,25.54240671325097,26.0895489355421,24.904073830691786,26.053071975708008,1460900
2008-03-12,26.317518196528436,26.363112645708092,25.74301839669101,25.852447509765625,867700
2008-03-13,25.533287683467805,26.85554791994569,25.004383936740087,26.58197593688965,2314100
2008-03-14,26.709636595092658,26.873777654955628,25.241472379448304,25.62447166442871,1858700
2008-03-17,25.04085317944876,25.46032942426448,24.229260142703634,24.821996688842773,1255800
2008-03-18,25.460330304643602,26.308400322139736,25.305306734355952,26.18073272705078,2024500
2008-03-19,26.67316550435484,26.89202203823662,25.515048157327943,25.551525115966797,1618800
2008-03-20,25.797738339908356,25.961879429285233,25.004381914326725,25.898046493530273,1053500
2008-03-24,26.007475317253835,27.676257823651227,25.79773803388494,27.147354125976562,2019100
2008-03-25,27.20206413080096,28.387537235291664,26.39047108569502,27.685373306274414,2612600
2008-03-26,27.822165731505173,28.91644848428796,27.68538060482198,28.46049690246582,2391700
2008-03-27,28.232516107714538,28.80701597300559,27.99542285778785,28.515207290649414,1585400
2008-03-28,28.305465697867028,28.515202938887494,27.247656776784787,27.44827651977539,1580400
2008-03-31,27.366211158663987,27.603306164016022,26.95585408414757,27.202068328857422,1784600
2008-04-01,27.357088805773763,27.630658998104753,26.782590706151932,27.40268325805664,2125800
2008-04-02,27.147357599126472,28.569926047402724,27.147357599126472,28.46049690246582,3132400
2008-04-03,28.524330000217283,29.299447994115038,28.16868660341881,28.761425018310547,2260200
2008-04-04,28.715831037415118,29.107949684579726,28.141332797155375,28.2872371673584,1520400
2008-04-07,28.59727317990733,28.67934457339256,27.813036192966944,27.958940505981445,1155700
2008-04-08,27.74009146279852,28.724946708961667,27.74009146279852,28.35106658935547,1172300
2008-04-09,28.451376605377448,28.469613344977013,26.901140683804268,27.265901565551758,1235900
2008-04-10,27.275019670231533,27.439162495018003,26.782592935189133,27.39356803894043,1363900
2008-04-11,28.08661579289908,28.177806454037277,26.791713274824808,26.964975357055664,1488900
2008-04-14,26.782588958740234,27.33884854542939,26.57284996969943,26.782588958740234,605000
2008-04-15,26.964971521323303,27.66713725109291,26.463425565383268,27.585065841674805,914400
2008-04-16,27.721849953751615,28.2507536070387,27.721849953751615,28.086610794067383,1475300
2008-04-17,28.050132925310585,28.159560297391764,27.384444237313808,27.730966567993164,896500
2008-04-18,28.268996134883345,29.162660756549997,28.14133025730729,28.77054214477539,1447700
2008-04-21,28.6246391286023,29.326804966796367,28.6246391286023,29.025876998901367,796200
2008-04-22,28.925563213673293,29.080586796889435,28.296351381193343,28.642873764038086,653800
2008-04-23,28.734061016532166,29.244726161144413,28.579037451645995,28.93467903137207,1460900
2008-04-24,29.01675085234055,30.019842680362103,28.8161328345996,29.855703353881836,2189100
2008-04-25,29.86482682713634,30.384611321104153,29.417992773016735,30.229589462280273,1218500
2008-04-28,30.320780709492215,30.38461365374775,29.98337750719374,30.211353302001953,1669700
2008-04-29,30.056322881284714,30.211348204487084,29.509182457517003,30.028966903686523,849000
2008-04-30,29.946893483442302,30.32989105866171,29.35415516525942,29.490942001342773,1469400
2008-05-01,29.445344114384824,31.068530088169595,29.25384534911134,30.557863235473633,2194900
2008-05-02,30.904395087200886,31.34210815188386,30.00161297836545,30.484920501708984,1289200
2008-05-05,30.49404093948195,30.667304769170507,29.58213776389013,30.293424606323242,1295400
2008-05-06,30.357250035682537,31.57920012763912,30.1201533206843,31.451534271240234,1770600
2008-05-07,31.7251122778103,32.91970321015763,31.260039710749417,31.369470596313477,2912300
2008-05-08,31.542730773179454,31.542730773179454,30.904397858781724,31.22356605529785,790900
2008-05-09,30.986463919806063,31.50624835817892,30.877036532420707,30.977346420288086,991400
2008-05-12,29.80099622234555,31.734229991332647,29.737163277989932,31.506254196166992,3500800
2008-05-13,31.469761591960143,31.989549346920104,31.250906885418644,31.916595458984375,8170300
2008-05-14,31.96219822092538,32.50934208699268,31.843649861482405,31.9713191986084,1604100
2008-05-15,32.026029046696074,32.20841032340634,31.643031496374682,32.135459899902344,1493000
2008-05-16,32.2175345332488,32.6734860314586,31.92572237405137,32.618770599365234,2584800
2008-05-19,32.68260077590876,33.71305204902055,32.57317339957986,33.348289489746094,2335100
2008-05-20,33.2844636333781,33.34829657301439,32.59141879791234,32.91058349609375,1679500
2008-05-21,33.083846116623356,33.10208459758199,32.427278195285425,32.664371490478516,1908500
2008-05-22,32.691721067118955,32.74643649927413,32.117224683342016,32.609649658203125,1238700
2008-05-23,32.53670202504535,32.75555681521708,32.30872625607986,32.50022506713867,622700
2008-05-27,32.44551860829094,33.35742183871663,32.44551860829094,32.89234924316406,893900
2008-05-28,33.18415547247327,33.47596420570484,32.84675227691824,33.302703857421875,795700
2008-05-29,33.293571298911786,33.886309538877335,33.18414393166531,33.77688217163086,851900
2008-05-30,33.80425316026615,34.13253888646953,33.703943246300135,33.9410400390625,1366400
2008-06-02,33.96838060742143,34.196356316196066,33.475952241596225,34.096046447753906,1272400
2008-06-03,34.13252779563009,34.4243364621844,33.5762664379379,34.23283767700195,1688200
2008-06-04,32.64612851440739,33.76776884916306,31.962201226485583,33.46684265136719,2671000
2008-06-05,33.065612451544396,33.193281836849366,32.2904960303999,32.78292465209961,3172000
2008-06-06,32.6187695696299,32.637008046418586,31.150605235161102,31.269153594970703,2415000
2008-06-09,31.50624755119546,32.15369783804012,30.931747694527886,31.62479591369629,2292900
2008-06-10,31.542719165101868,32.928811890125424,31.105006222247045,32.700836181640625,2613400
2008-06-11,32.62788163276011,32.77378594412757,31.77981173586386,31.871004104614258,2113300
2008-06-12,31.880119364278833,32.919687944626396,31.880119364278833,32.19928741455078,1240800
2008-06-13,32.28136965012843,32.89234302934768,32.04427290697313,32.6826057434082,1414500
2008-06-16,32.64612888588992,34.041342934597814,32.54581899260517,33.75865173339844,2894400
2008-06-17,33.65833864689983,34.68878998201811,33.65833864689983,34.50640869140625,2293300
2008-06-18,34.378746093127695,34.588483379707576,33.45772205354419,33.75865173339844,1799000
2008-06-19,33.74041223505521,34.43345700982495,33.494197998606566,34.260196685791016,2398200
2008-06-20,34.096057549956114,34.25108289129081,33.27534681831129,33.50332260131836,1537700
2008-06-23,33.339174172518746,33.7404102310665,32.57317553083026,32.801151275634766,1658600
2008-06-24,32.5549425868677,32.91058425262639,31.92572719793981,32.10810852050781,1957800
2008-06-25,32.95617777292299,33.2753459479654,32.52758219891699,32.764678955078125,2338000
2008-06-26,32.42726846662044,32.892337416316956,31.752458788142306,31.89836311340332,2669300
2008-06-27,31.752469233467103,32.26313627918696,31.478898968437935,32.01692199707031,1880600
2008-06-30,31.834535443951957,32.92881980337734,31.8071794655224,32.83762741088867,2538200
2008-07-01,32.64612928983318,32.7829161421202,30.73113422961992,30.88615608215332,3032300
2008-07-02,31.041175167471163,31.342101311864898,29.67332083436603,29.974246978759766,3506900
2008-07-03,31.497130858660938,31.5336078140007,30.156632318313093,30.977346420288086,1589400
2008-07-07,30.311658287828156,31.47889305460671,30.14751546392067,30.785844802856445,1759500
2008-07-08,30.566982799865542,32.17193022490763,30.50314988105685,31.871004104614258,2004600
2008-07-09,31.770698160244788,32.82850541789839,31.360341146794337,31.469768524169922,1303000
2008-07-10,31.715991755339527,31.715991755339527,31.004708382089948,31.342111587524414,1197200
2008-07-11,31.004709534098037,31.652159986555397,30.548757923302475,31.305639266967773,1631400
2008-07-14,31.661260929483895,32.080735311072566,30.84054715799951,31.323854446411133,920000
2008-07-15,31.351222953119645,32.190171958790735,30.4940319932178,31.734220504760742,1702500
2008-07-16,31.615674663333664,32.0260317002743,31.09589024275346,31.861888885498047,1458100
2008-07-17,32.08986417865918,32.29960144377847,30.88615253967574,31.269153594970703,1766900
2008-07-18,31.260033459444667,32.108103520481144,31.095890642558004,31.843650817871094,1396900
2008-07-21,31.761577740436362,32.50933779455936,31.36945923905073,31.989553451538086,894200
2008-07-22,31.715987036917575,32.92881976588008,31.488011273906647,32.84674835205078,1638500
2008-07-23,33.056483439923355,34.086934794274995,32.91969659975289,33.083839416503906,2062100
2008-07-24,33.010892269611375,33.26622401945086,31.971323312540132,32.03515625,1500600
2008-07-25,32.372554054126724,33.76776442555027,32.31783862595249,33.640098571777344,1352400
2008-07-28,33.558026725661094,34.01397818519082,32.782910635913986,33.03824234008789,1342400
2008-07-29,32.84675001703675,34.01398486965637,32.79203457883236,33.85896301269531,1179600
2008-07-30,33.78600273537874,34.843809991107406,33.64921938356657,34.42433547973633,1685900
2008-07-31,34.14165247183895,35.10827105714938,34.14165247183895,34.55200958251953,3345400
2008-08-01,34.87117106534146,34.87117106534146,34.059574500874845,34.360504150390625,2163900
2008-08-04,33.21150252943033,33.51243216144043,31.378579198954395,31.807174682617188,4251500
2008-08-05,31.661265249550926,32.37254829613442,31.332979696163775,32.00778579711914,1954600
2008-08-06,31.460660651046705,32.21754198283102,31.31475627702782,32.16282653808594,1479500
2008-08-07,32.07163458720304,32.21754244193581,31.28740073982274,31.606565475463867,1235000
2008-08-08,31.652152660841473,32.36343937453083,31.232678110866935,31.907487869262695,1408300
2008-08-11,32.162818738273856,32.54581632270461,32.06250885321804,32.317840576171875,1821700
2008-08-12,32.062509066597926,32.36343872376809,31.68862897894138,31.843650817871094,985700
2008-08-13,31.86188468250375,31.88012315714342,31.18707851400263,31.49712562561035,859900
2008-08-14,31.24179438023856,31.925721611211358,31.09589004344305,31.715984344482422,625900
2008-08-15,31.89836139426621,32.39078976997066,31.880122919762343,32.05338668823242,704200
2008-08-18,32.3360849630157,32.37256192399952,31.041184155800263,31.387704849243164,679600
2008-08-19,31.123258099470203,31.469778820978938,30.31166478433618,30.448448181152344,1378900
2008-08-20,30.54875115430531,30.949987230590946,30.293419421999353,30.494035720825195,1339900
2008-08-21,30.27517525632281,31.506242709953973,30.266054279806056,31.196195602416992,1143500
2008-08-22,31.451535598221106,31.770700252684293,31.205321373935,31.62479591369629,675700
2008-08-25,31.597436536539032,31.597436536539032,30.62170072232634,30.913509368896484,702800
2008-08-26,30.813210568179652,31.597447892167075,30.576113783486626,31.15061378479004,858200
2008-08-27,30.75849009805353,31.214441632525656,30.75849009805353,30.96822738647461,871900
2008-08-28,31.314751614979464,32.39991501777433,30.804084642622623,32.044273376464844,1304200
2008-08-29,32.11722446133777,32.14458043790933,31.752461873425684,31.852771759033203,930900
2008-09-02,32.06251366098592,32.36344336127772,31.396824798726485,31.825420379638672,836400
2008-09-03,31.69774830514464,31.934845044816456,30.74937178235953,31.004703521728516,1624600
2008-09-04,30.813205175828585,30.931750068794877,29.846586681690958,30.065444946289062,2018100
2008-09-05,29.235616603106276,29.901305493408206,28.962044611130423,29.30856704711914,3050500
2008-09-08,29.791867445621783,30.083679587406962,28.99851286009319,29.44534683227539,1528200
2008-09-09,29.664204396418025,30.065443955182005,28.150447247954332,28.478731155395508,2240000
2008-09-10,28.779656699633637,29.87393919926187,28.62463312810503,29.500059127807617,2558400
2008-09-11,28.916443974740933,29.217373641557842,28.278112903328626,28.642873764038086,2990100
2008-09-12,28.314589631678242,28.85261258219781,28.104852342985414,28.35106658935547,2058100
2008-09-15,27.658020890784407,28.360186693630176,26.791712252019664,27.010570526123047,1940800
2008-09-16,26.96497093766229,26.983209414764193,25.4785698401953,26.21721076965332,4171800
2008-09-17,26.107775574082783,26.15337175623256,24.42987607525072,24.511945724487305,2825800
2008-09-18,24.457237746573618,26.91025725993899,23.50885954789168,25.13204574584961,4501100
2008-09-19,26.454309762936276,28.7067098468448,26.454309762936276,27.74921226501465,3674700
2008-09-22,27.420921573948153,27.721849479474876,25.91628204631455,26.253686904907227,1622000
2008-09-23,26.126015026054816,26.126015026054816,24.73992234445285,25.259708404541016,2886800
2008-09-24,25.259709306936255,25.496802514204568,24.05599609981654,24.438995361328125,2448400
2008-09-25,24.630495861742233,24.885829282522163,23.864497338719065,24.438995361328125,4995500
2008-09-26,23.864502668076618,25.223237991333008,23.70947908143303,25.223237991333008,2360700
2008-09-29,24.694333437879685,24.730810393146882,21.064959876007762,21.703290939331055,3236800
2008-09-30,21.739770772185295,23.791552815991498,21.457081288714143,23.59093475341797,2167900
2008-10-01,23.207928252312744,23.41766549059442,22.122763372677856,22.715499877929688,1805500
2008-10-02,22.797575075733487,22.797575075733487,19.077010892946458,19.396177291870117,4931700
2008-10-03,19.323219964887052,21.137906247956618,18.648412131432774,18.666648864746094,9612300
2008-10-06,18.119517475380633,18.119517475380633,15.839759459517397,16.61487579345703,5706400
2008-10-07,16.906686776022767,17.52677951348496,15.028164863586426,15.028164863586426,4943600
2008-10-08,14.75459109451975,14.982566848787814,13.259069833444203,14.67251968383789,6847800
2008-10-09,14.818422807142463,15.064637018912562,12.000642577285104,12.164785385131836,7122100
2008-10-10,11.97328554550453,13.450568184074367,10.286264781333536,13.140521049499512,6163700
2008-10-13,13.842690116116598,16.83373133945349,13.815332395421239,16.505447387695312,6178500
2008-10-14,16.98875164986512,17.845940932915433,16.43249201814809,16.63311004638672,4814800
2008-10-15,16.09508881193202,16.286589360771064,14.398949417517903,14.408068656921387,3379900
2008-10-16,14.718112792253272,15.192302735178405,14.061543306191654,15.155827522277832,4559100
2008-10-17,14.371595964237173,16.87021075362328,14.2986437710915,16.560163497924805,2936700
2008-10-20,16.833729439341038,17.1984920501709,16.432493350335445,17.1984920501709,2709200
2008-10-21,16.842845175630565,17.5997244788506,16.48720361728521,16.642227172851562,2582500
2008-10-22,16.660466730471292,17.09817971370614,16.013014754200892,16.523681640625,5056600
2008-10-23,16.760775909335962,16.824610578589816,14.791065623170516,15.547945022583008,3461400
2008-10-24,14.572211746095462,15.137592457664718,13.37761912082478,14.36247444152832,3782200
2008-10-27,14.189210755490192,15.07375688984644,13.870044364535927,14.307757377624512,2013900
2008-10-28,14.59044576293612,15.812395734727355,14.12537509552453,15.748562812805176,3786800
2008-10-29,15.675610831166317,17.782105975047937,15.283492318554076,17.645320892333984,4114600
2008-10-30,18.01919874023652,18.666648864746094,17.052582301971366,18.666648864746094,2615100
2008-10-31,18.657533255009575,19.17731939009399,17.490298608883556,19.14084243774414,3649700
2008-11-03,19.013171300061398,19.32321835161665,18.274530613387455,19.12259864807129,2158700
2008-11-04,19.149961041390203,19.72445910733253,18.511628310950492,18.858152389526367,2375800
2008-11-05,18.721366420563196,19.086127218231457,17.399106572284488,17.41734504699707,2059500
2008-11-06,17.38998676492967,18.155985284583917,16.20451377653537,16.350418090820312,2863800
2008-11-07,16.514559754978443,16.997867110902046,16.022131423301744,16.706058502197266,1475700
2008-11-10,17.16201451825102,17.67267972125626,16.295707694853178,16.45073127746582,1805500
2008-11-11,16.113324139231064,16.459846472203928,15.319967859466349,15.456754684448242,1540400
2008-11-12,15.192302933541876,15.338207265682842,13.14964054425153,13.167878150939941,3438900
2008-11-13,13.213473053918834,14.48101842117565,12.520426628526977,14.42630386352539,4054500
2008-11-14,14.207446943051764,14.72723131156442,12.866949452528301,14.13449478149414,3613600
2008-11-17,13.988594181406553,14.161855393804334,13.295547592498234,13.559999465942383,1904500
2008-11-18,13.523522012530535,13.623831033845336,12.274214952190876,12.921666145324707,3149400
2008-11-19,12.803120496026315,13.049334769824242,11.225528426403635,11.234646797180176,2916100
2008-11-20,11.00666777018788,11.052263089307951,9.65705189004741,9.70264720916748,4406100
2008-11-21,9.812077568304748,10.249790639028637,8.6539602134453,9.848553657531738,4930200
2008-11-24,10.058288739181016,11.836499219486555,9.93062288981714,11.48997688293457,5829100
2008-11-25,11.736191624955508,12.365405188361072,9.848552674055773,12.283333778381348,4445100
2008-11-26,12.028001580934513,13.44145156863087,11.882097223175146,13.423213958740234,3453800
2008-11-28,13.477926409337334,14.572209860805502,12.876070554512763,14.398948669433594,1309800
2008-12-01,14.152734142772916,14.152734142772916,12.347165857034621,12.356285095214844,2466100
2008-12-02,12.547786406970525,12.92166652518588,12.137430200872172,12.711928367614746,2626100
2008-12-03,12.547787380748895,13.16788092288257,12.365406927180167,13.094928741455078,2141400
2008-12-04,12.958139950063972,13.541758105912105,12.483950035376422,12.821354866027832,2476000
2008-12-05,12.493074387230113,14.298643279678954,12.31981315187843,14.253047943115234,4475200
2008-12-08,14.572211769891437,15.70297145555924,14.453665126908618,15.164948463439941,2936800
2008-12-09,15.192303774185481,15.775921135042942,14.271281539509216,14.645161628723145,2225700
2008-12-10,14.973448170176017,15.675613937031386,14.781947624980445,15.420280456542969,2343500
2008-12-11,15.520592532215524,15.702972124521505,14.508379446409252,14.718116760253906,1551100
2008-12-12,14.426308551526901,15.274378817916945,14.189214377084902,14.854904174804688,2138100
2008-12-15,14.982563709452851,15.21053941595258,13.678542389983743,13.979470252990723,2423400
2008-12-16,14.20745198912259,14.873140917183703,14.025071520452332,14.854904174804688,2645400
2008-12-17,14.845780146824616,15.502349622321852,14.645160391490649,15.046398162841797,3186100
2008-12-18,15.92182656782869,15.92182656782869,14.845782419737773,15.183185577392578,2889000
2008-12-19,15.34733242020534,15.575308244474177,14.68164343077654,14.83666706085205,2369900
2008-12-22,14.745471298353033,14.973447044005173,13.614711808636452,13.961235046386719,1869100
2008-12-23,14.0524270673206,14.243926759041264,13.65119007353657,13.870046615600586,3238000
2008-12-24,13.787976022368197,13.99771420667715,13.550880986074123,13.952118873596191,623000
2008-12-26,13.988594966129229,14.152737817357226,13.596476319155084,13.952118873596191,696100
2008-12-29,13.99771073525639,14.00682910388432,13.322901886259254,13.742377281188965,793800
2008-12-30,13.85180626921327,14.2804009252506,13.578236063323269,14.216567993164062,1576300
2008-12-31,14.216568654101453,14.927853657527281,13.888283000317681,14.882257461547852,1834900
2009-01-02,14.882257177107892,16.168040310763516,14.453663378995017,16.13156509399414,2071500
2009-01-05,16.031252187892015,16.642227172851562,15.575300758498823,16.642227172851562,2389400
2009-01-06,16.57839721195583,18.110394566624844,16.569277973021258,17.754751205444336,5118700
2009-01-07,17.426470459709204,17.645327015865572,16.988755608079167,17.244089126586914,2277500
2009-01-08,17.10729671643238,17.882414443376568,16.85196330658119,17.70003318786621,1800700
2009-01-09,17.9006562045163,17.982727618612422,16.833729560583734,16.961397171020508,1421300
2009-01-12,17.19849542164335,17.45382721209727,16.03125866466836,16.222759246826172,1869400
2009-01-13,16.359536581505402,16.924915338736074,16.14979761738769,16.53279685974121,1349400
2009-01-14,16.27747150279727,16.286590742974685,15.648257845093529,15.775923728942871,2138500
2009-01-15,15.77591720633327,16.468963519419198,14.800181521895352,16.00389289855957,2706300
2009-01-16,16.286586888552655,16.952275610105367,16.140682558878545,16.824609756469727,2293700
2009-01-20,16.56016053061061,16.733422610529857,15.52971076965332,15.52971076965332,1998000
2009-01-21,15.830641345688337,17.04347262689398,15.6664984785704,16.952281951904297,2431300
2009-01-22,16.496322945811787,17.636201525598025,16.240989517785664,17.41734504699707,3238800
2009-01-23,17.02522618630791,17.216724948892505,16.35041828970271,17.04346466064453,3005900
2009-01-26,17.079943098008844,17.855061010641496,17.043467881758648,17.37175178527832,2789800
2009-01-27,17.32615850534709,17.62708645191991,16.551040540139198,17.481182098388672,1836400
2009-01-28,17.636209898969067,19.086136280002762,17.617971415597165,19.06789779663086,3556000
2009-01-29,18.61193668265329,19.077007336208,18.41131868554438,18.68488883972168,1799100
2009-01-30,18.894629853795198,19.11348636878314,17.76387032336569,18.146869659423828,1547400
2009-02-02,17.95537115096309,18.61194070652797,17.462942679801678,18.365726470947266,1645200
2009-02-03,18.365727628597334,19.01317972527048,18.247180992502958,18.63018035888672,2396500
2009-02-04,18.77607810928874,19.314100880895673,17.918889021409075,18.119508743286133,2342900
2009-02-05,17.96449234343561,18.566348269644944,17.654445140319627,18.43868064880371,2154200
2009-02-06,18.45691962042046,19.86125131185762,18.329253735496078,19.569440841674805,7702800
2009-02-09,19.53296150706954,19.9159608205147,19.19555664597769,19.660627365112305,1775400
2009-02-10,19.332352452847378,20.11658818101341,18.383972097814276,18.53899574279785,2033100
2009-02-11,18.584580852800563,18.985818626951758,18.09215417757042,18.37484359741211,1816600
2009-02-12,18.137750314868903,18.575465081611338,17.572371422606903,18.228940963745117,2586000
2009-02-13,18.338369472477623,18.694011077865362,18.02832232033353,18.256298065185547,1593800
2009-02-17,17.690922118720728,17.690922118720728,16.605756799998712,16.83373260498047,3425500
2009-02-18,16.997873185850022,17.08906384349044,16.19539922511202,16.386898040771484,2635900
2009-02-19,16.678705206268607,17.079941237908827,16.377775573563266,16.523681640625,3035900
2009-02-20,16.231876539193692,17.462946227907885,16.186282074148384,17.143779754638672,3264000
2009-02-23,17.399112978911152,17.399112978911152,16.61487567066839,16.69694709777832,3843700
2009-02-24,16.870203903823423,18.046559497394515,16.63310893753816,17.91889190673828,2705300
2009-02-25,17.782112864566106,18.438682559565063,17.02523325836496,18.055683135986328,2364900
2009-02-26,18.07391302756767,19.22291075219794,18.07391302756767,18.411317825317383,4076200
2009-02-27,18.42044282793693,19.587677651864535,18.25629999599284,18.9493465423584,4499500
2009-03-02,18.420441092536734,18.630178362787124,17.782108303851206,17.937131881713867,2337000
2009-03-03,17.964491356534086,18.183347886830944,17.253206328581474,17.481182098388672,2553300
2009-03-04,17.873299321853782,19.286748289886443,17.608846614407295,18.849035263061523,3039600
2009-03-05,18.557229925955617,18.91287160698863,17.836825584120536,17.94625473022461,1980800
2009-03-06,18.14686955368822,18.71225018526718,17.6544428326638,18.228940963745117,2934800
2009-03-09,18.05568061103493,18.976702947017095,17.75475265882825,18.083038330078125,1805300
2009-03-10,18.493389427396956,21.31116922116954,18.420437272901598,20.973764419555664,5449000
2009-03-11,20.992007619676134,21.557386509489607,20.581650571168815,21.32029151916504,3003700
2009-03-12,20.444867979687807,22.05893691634354,19.542084101384727,21.75800895690918,4560300
2009-03-13,21.739770367383198,21.739770367383198,20.417510156935492,21.14703369140625,2411700
2009-03-16,21.338531284330344,21.338531284330344,20.271604633147973,20.34455680847168,1746400
2009-03-17,20.25336182070077,20.99200439453125,19.897720259512035,20.99200439453125,1492600
2009-03-18,20.964650674196484,21.42972143316622,20.526937632572153,21.292936325073242,1860100
2009-03-19,21.38412719632326,21.429721653049743,20.65460371348028,21.128793716430664,1384100
2009-03-20,21.23821508308997,21.24733257964835,20.03450203736484,20.426620483398438,1516700
2009-03-23,20.754913932981555,21.88567352294922,20.581651863916097,21.88567352294922,1204400
2009-03-24,21.703292357510293,22.095410955670435,21.347650717000896,21.493555068969727,1507000
2009-03-25,21.703293985254046,22.058937391753716,20.526939841864312,21.429723739624023,1501400
2009-03-26,20.864342359407093,21.967746025254762,20.864342359407093,21.922151565551758,3472500
2009-03-27,21.78536585188015,22.277794391255117,21.584747783607334,21.794485092163086,2224500
2009-03-30,21.338528759457553,21.429719402651358,20.54517416410024,20.909934997558594,1513200
2009-03-31,21.238221749237088,21.61210184087274,20.782270248284643,21.247339248657227,1928500
2009-04-01,20.99200977486692,22.341625945137046,20.836986178327976,22.232196807861328,2036800
2009-04-02,22.660791009103797,24.612262968218705,22.624314052442905,24.138072967529297,5318500
2009-04-03,24.448117700304394,24.621379748506307,23.517978009463853,24.54842758178711,2239000
2009-04-06,23.162336823351218,23.755073450341733,22.679029326248603,23.68212127685547,2569400
2009-04-07,23.207927512925,23.709473369239976,22.5787140788096,22.669904708862305,2964900
2009-04-08,22.925242983213273,23.63652801513672,22.53312437866511,23.63652801513672,2271800
2009-04-09,23.709475058096427,25.113806338717243,23.55445149775928,24.62137794494629,2735400
2009-04-13,24.37516614628278,24.484595268770626,23.490620885163864,23.900976181030273,1502200
2009-04-14,23.673002169658847,23.900977930488306,22.533123365511553,22.83405303955078,2640300
2009-04-15,22.679031682529033,23.89186277982065,22.52400808034963,23.818910598754883,2742700
2009-04-16,24.055998642129058,24.539307823474054,23.472381320744017,24.33868980407715,1862800
2009-04-17,24.35692897657549,24.35692897657549,24.001287353206923,24.083358764648438,1697300
2009-04-20,23.454147151223168,24.08336077844932,22.533124809723187,22.615196228027344,4654000
2009-04-21,22.296026579125137,22.87964387797834,21.87655034108684,22.82493019104004,9461400
2009-04-22,22.4236986886463,23.508863928558995,22.387221727626,22.642555236816406,4267700
2009-04-23,23.17145560477124,23.280884732497704,22.195719651421232,22.8522891998291,1379500
2009-04-24,22.92523956701119,23.26264442323062,22.733740782712452,23.080263137817383,1756700
2009-04-27,22.15012644696842,23.326480505043268,22.15012644696842,22.879648208618164,1374000
2009-04-28,22.42369019086925,22.569594501023474,21.88566739493185,21.903905868530273,2290700
2009-04-29,22.10452967950348,22.952599792614585,22.040696744420625,22.59695816040039,2149900
2009-04-30,22.943476815012747,23.910093401589414,22.56047752760437,22.97995376586914,3160500
2009-05-01,22.97995072914528,23.408544409170172,22.62430746255952,22.788450241088867,1400200
2009-05-04,22.724622826530684,23.517979201723936,22.52400479271164,22.797574996948242,2677300
2009-05-05,22.296033229062417,23.262650103417005,21.174391006731287,23.00731658935547,5510600
2009-05-06,23.025552119330325,23.8918607165765,23.025552119330325,23.20793342590332,2964000
2009-05-07,23.29912350420178,23.36295818221428,22.049817231491303,22.232196807861328,1998700
2009-05-08,22.54224275137001,22.852289927261257,21.98598307406151,22.286911010742188,1436700
2009-05-11,21.821834705128452,22.451048136329245,21.612097474500384,22.0498104095459,2161200
2009-05-12,22.341626283214207,22.460172922682734,20.50870081615898,21.14703369140625,2873900
2009-05-13,20.773155666156214,20.873463836115782,20.444869955298955,20.59989356994629,1569000
2009-05-14,20.481338416055376,20.973766819738675,19.943317302155236,20.718433380126953,2323900
2009-05-15,20.526938815463502,20.609010232912166,19.998035091526088,20.24424934387207,2465800
2009-05-18,20.97377026260004,21.9039117960297,20.8278659129621,21.894792556762695,1876500
2009-05-19,21.95862388339124,22.241313322687272,21.53003010514778,22.1136474609375,2005900
2009-05-20,22.19571939953644,22.432814390822333,21.55738659689619,21.703290939331055,1414300
2009-05-21,22.07717401231751,22.07717401231751,21.02848575736111,21.511795043945312,2844400
2009-05-22,21.5847441195509,21.922148995475283,21.256458482361445,21.402362823486328,1653400
2009-05-26,21.393247150946827,22.73374590004993,21.13791538107365,22.642555236816406,3210800
2009-05-27,22.49664816023394,23.454145660502032,22.27779163843886,22.67902946472168,2354000
2009-05-28,23.025550629562876,23.45414441116698,22.268671213094475,23.344717025756836,2988900
2009-05-29,23.52709912581633,23.65476674169213,22.505768634712663,23.31736183166504,6541800
2009-06-01,23.32647994777717,23.755073755092717,22.90700537967902,23.29000473022461,3525600
2009-06-02,23.18057900948301,23.517983952900902,22.451057157927146,22.916126251220703,3374800
2009-06-03,22.843170688050687,22.99819427599631,21.894792421272847,22.286911010742188,2256800
2009-06-04,22.505766650126844,22.514885888979336,21.858314606135682,22.08629035949707,1834300
2009-06-05,22.2230790087279,22.61519587534512,21.940387799281186,22.168363571166992,1524000
2009-06-08,22.15011840234216,22.15011840234216,21.575618701791136,21.812713623046875,1967900
2009-06-09,22.12276852816588,22.186601464317086,21.730649932588978,21.88567352294922,1795700
2009-06-10,21.903911220148956,22.086290782742875,21.092316339894058,21.30205535888672,3444000
2009-06-11,21.21998058197705,21.739764948885703,21.147028420644553,21.593860626220703,2498800
2009-06-12,21.37500878746361,21.940387725830078,21.320293350085876,21.940387725830078,1301200
2009-06-15,21.65769494363114,21.712408633322127,21.21998194746958,21.384124755859375,1835900
2009-06-16,21.61209707587746,21.794476592457574,20.72755024589012,20.973764419555664,2097500
2009-06-17,20.855223840341637,20.94641275529394,20.180414042338548,20.727556228637695,2924900
2009-06-18,20.90081555504818,21.06495836332952,20.572529938485502,20.91905403137207,1324700
2009-06-19,21.037604757537455,21.256461298216827,20.882581157141587,21.137914657592773,1555000
2009-06-22,21.001120168294857,21.001120168294857,20.271596952159957,20.426620483398438,3174100
2009-06-23,20.57253054200587,20.800506284791936,20.362793276078744,20.73667335510254,2823900
2009-06-24,21.064958386195062,21.840076237633404,20.67283984138997,21.694171905517578,2519300
2009-06-25,21.511789876574852,22.232192274061852,21.356766311649785,22.18659782409668,1997900
2009-06-26,22.04069528092649,22.761097736720398,21.913029419237752,22.733741760253906,1543200
2009-06-29,22.87964692483753,22.89788540268468,22.186600420498685,22.697265625,1516900
2009-06-30,22.58783862981989,22.78845667168048,22.11364863343994,22.378101348876953,1539800
2009-07-01,22.45105638314849,22.70638815272298,22.19572287425677,22.25955581665039,1687400
2009-07-02,22.16835867929955,22.177477916880704,21.593860626220703,21.593860626220703,1642200
2009-07-06,21.593860874424593,21.593860874424593,20.764029377485393,20.88257598876953,2333700
2009-07-07,20.800508404189777,20.94641275529394,20.60900959560946,20.727556228637695,2072200
2009-07-08,20.96465134631031,20.98288982512529,20.289843284009613,20.645484924316406,2167800
2009-07-09,20.88257839575866,21.466197499713314,20.709316338387985,21.247339248657227,1562100
2009-07-10,21.137913335184365,21.484435734751965,21.01936496265964,21.420602798461914,1313800
2009-07-13,21.61210331508559,21.739769187479244,21.119674825595098,21.730649948120117,1505300
2009-07-14,21.666817496209802,21.95862620495599,21.420603245961292,21.940387725830078,1204900
2009-07-15,22.104526065865965,22.95259604033499,22.104526065865965,22.82493019104004,2437700
2009-07-16,22.83405403054713,23.180576436747465,22.569601301635554,23.0985050201416,1169700
2009-07-17,22.934359886408682,23.25352628126989,22.815813262823227,23.116741180419922,903300
2009-07-20,22.879650057111796,24.08336193074275,22.879650057111796,23.727720260620117,1896900
2009-07-21,24.037762709763534,24.28397518838951,23.46326286789689,23.837142944335938,1760100
2009-07-22,23.837148630634925,24.25662499897125,23.618292075583604,23.992172241210938,1397800
2009-07-23,24.065120461181497,24.91319055934791,23.882740898346817,24.539310455322266,1416700
2009-07-24,24.27485918846783,24.63050081013717,23.809788438960314,24.320453643798828,1178000
2009-07-27,24.393403493127792,24.639617702830915,23.928332787905283,24.33868980407715,1108800
2009-07-28,24.402522632349825,24.493713273276086,23.837142050060454,24.420761108398438,1205100
2009-07-29,23.9374534174716,24.074238517708054,23.0346696687307,23.19881248474121,2520300
2009-07-30,23.426787552315652,24.055999343022762,23.235287026083633,23.764190673828125,2696800
2009-07-31,23.764191966148626,24.283976403832575,23.6547645789083,23.791549682617188,1644500
2009-08-03,24.019519432662833,24.192781448364258,23.609162484769065,24.192781448364258,1198900
2009-08-04,24.01040577526448,24.630500089806205,23.919215127952416,24.119834899902344,1758500
2009-08-05,24.00128554781813,24.165428358354255,23.37207202053528,23.691238403320312,1029300
2009-08-06,23.71859621370178,23.91009500055389,23.016430516610313,23.14409637451172,1085700
2009-08-07,23.36295571893691,23.764191788236847,22.989073887266827,23.025550842285156,1461500
2009-08-10,23.043789224351347,23.30824018987114,22.742861303964307,22.797574996948242,1140000
2009-08-11,23.12586114948678,23.12586114948678,22.50576681744308,22.8522891998291,2065200
2009-08-12,22.64255100879103,23.226168361599584,22.633431770238783,22.970836639404297,1353000
2009-08-13,23.144099194972295,23.162337673842806,22.688147659111934,22.879648208618164,1115600
2009-08-14,22.679032197836708,22.879650265496664,22.396340967881073,22.642555236816406,983700
2009-08-17,22.332504287232073,22.332504287232073,21.84007757110469,21.867433547973633,1517500
2009-08-18,22.131887025446346,22.31426658843225,21.85831507199199,22.15012550354004,1641000
2009-08-19,21.840077847324835,22.651670971951013,21.74888719820216,22.551361083984375,1182900
2009-08-20,22.368983267916935,22.9434814453125,22.368983267916935,22.9434814453125,1641400
2009-08-21,23.098507269849296,23.244411638177564,22.359866187772784,22.46929359436035,2174300
2009-08-24,22.45105123506657,22.834050540922842,22.341622116543277,22.387216567993164,1281200
2009-08-25,22.633436356301228,22.742865501784184,22.30515065916962,22.39634132385254,1123600
2009-08-26,22.296030739366994,22.52400650668438,21.99510279608073,22.49664878845215,1203900
2009-08-27,22.542245778524485,22.660794164864495,22.104532673539683,22.46929359436035,951000
2009-08-28,22.633432683693144,22.92524137187442,22.61519420585257,22.8522891998291,1218500
2009-08-31,22.62431398058229,22.642552458854805,21.903911481988168,21.98598289489746,1591300
2009-09-01,21.9859819273028,22.396337234472675,21.384126085333424,21.402362823486328,1221400
2009-09-02,21.356771262959114,21.593866284242523,21.183509182152548,21.365890502929688,1142300
2009-09-03,21.429718862809324,22.013336181640625,21.429718862809324,22.013336181640625,1838600
2009-09-04,21.949505808591724,22.469290261066398,21.78536298374351,22.378101348876953,1000800
2009-09-08,22.596960539726368,23.007315911031416,22.596960539726368,22.806697845458984,1074700
2009-09-09,22.75197802868339,22.979953753462514,22.560477515424214,22.82493019104004,612800
2009-09-10,22.852283170539188,23.33559226989746,22.806688727284257,23.33559226989746,998700
2009-09-11,23.80978982846701,24.60314452915417,23.709479933704486,24.1107177734375,2693700
2009-09-14,23.928336743269206,23.964813701543836,22.989075939502744,23.481504440307617,3955300
2009-09-15,23.618286342968343,24.329571278730473,23.43590679435127,24.074237823486328,2061500
2009-09-16,24.402525731676903,24.96790464645737,24.16543073088228,24.831119537353516,2272200
2009-09-17,24.785524768109855,25.32354769787307,24.785524768109855,24.92230987548828,2085200
2009-09-18,25.150282730148145,25.305306297761156,24.666973551280098,25.268829345703125,1482200
2009-09-21,24.940554709858084,25.5788859534119,24.657865183988786,25.50593376159668,1739500
2009-09-22,25.569763709031466,25.660952627400015,25.268834016873594,25.469453811645508,1801300
2009-09-23,25.432972301427597,25.52416294279404,24.749045100154497,24.803760528564453,1675700
2009-09-24,25.077331222106363,25.077331222106363,24.302213363741522,24.393404006958008,1196600
2009-09-25,24.29309393072366,24.913188212444062,24.092475908709286,24.712570190429688,1676500
2009-09-28,24.794636453222882,25.11380276607974,24.612255206071396,25.07732582092285,831500
2009-09-29,25.122926610958725,25.214117257575957,24.840237171830527,25.04997444152832,1039500
2009-09-30,24.89495135065079,25.27795068247543,24.58490418968242,24.648738861083984,2362600
2009-10-01,24.931424793839533,24.931424793839533,23.946569756350396,24.01040267944336,2221500
2009-10-02,23.88273799841584,24.320450983250733,23.554452390131278,23.654762268066406,2094800
2009-10-05,24.010410094661854,24.648743001363464,23.809792025938293,24.557552337646484,2170500
2009-10-06,24.81288594446038,25.47857662131817,24.694339290380633,25.250600814819336,1789600
2009-10-07,25.27794806830547,25.44209087058615,24.99525865288695,25.214115142822266,1233100
2009-10-08,25.36913576716842,25.50592084011096,25.10468485805505,25.259708404541016,1721100
2009-10-09,25.268832210937504,25.77949916175363,25.186762538134666,25.69742774963379,1432900
2009-10-12,25.78862257279022,26.098669793330803,25.733907129647328,25.989240646362305,1088300
2009-10-13,25.87981141387976,26.071311985612542,25.642718118313123,25.916288375854492,684800
2009-10-14,26.00747699070554,26.84642791748047,25.99835775093094,26.84642791748047,2102500
2009-10-15,26.77347814833824,28.633759746862715,26.55462159200108,28.588165283203125,6324700
2009-10-16,28.232517027074504,28.506088980179694,28.041018225286173,28.39665985107422,1626400
2009-10-19,28.560802859143298,28.72494568420088,28.396660034085713,28.697587966918945,1619900
2009-10-20,28.6884660980665,28.807014456104344,27.904230740359264,28.341943740844727,3164300
2009-10-21,28.369307599968845,28.6975915517757,27.72185545795381,27.785688400268555,2044000
2009-10-22,28.013657508795607,28.296348670668635,27.740087324298216,28.214277267456055,2100500
2009-10-23,28.250758678006587,28.305474118362955,27.658021988683526,27.885997772216797,1632500
2009-10-26,27.80391992099677,28.68846513038957,27.648896354472587,27.685373306274414,1543100
2009-10-27,27.694492070362372,27.78568096967308,26.75523144933791,26.773469924926758,2353600
2009-10-28,26.837306498679233,26.837306498679233,26.126021507866497,26.317522048950195,1965500
2009-10-29,26.545493627316006,27.056158757607612,26.499897439324158,26.791706085205078,1846900
2009-10-30,26.554614309814525,26.819065257289743,25.41473563774571,25.724781036376953,2719700
2009-11-02,25.743019400571793,26.071305013280796,25.004378511293346,25.49680519104004,2236500
2009-11-03,25.204996762793783,26.445185320617938,24.821997457543194,26.417827606201172,1963100
2009-11-04,26.57285001792738,27.639776483250742,25.970994241521044,26.08042335510254,2212700
2009-11-05,26.40870798191488,27.074398441787864,26.38135200721494,26.90113639831543,1154900
2009-11-06,26.782589700765623,27.329730064888615,26.71875503492226,27.293254852294922,1156800
2009-11-09,27.56683213505654,28.44226007391742,27.420927768465937,28.387544631958008,1955200
2009-11-10,28.159564041121172,28.60639804436083,28.041017415720027,28.433135986328125,1717800
2009-11-11,28.62463258839955,29.31768076740557,28.62463258839955,29.299442291259766,2356200
2009-11-12,29.20824729571671,29.23560674680293,28.132203389197354,28.232511520385742,1441600
2009-11-13,28.424018434006666,28.633755720254236,27.922472447011682,28.597280502319336,1046400
2009-11-16,28.71582621015349,29.262968376096374,28.506088930659104,29.171777725219727,1300500
2009-11-17,29.126177527119637,29.718914031982422,28.934677024101926,29.718914031982422,1064100
2009-11-18,29.527422018237072,29.536539518226153,28.907327659956557,29.208253860473633,1697700
2009-11-19,29.107945698705898,29.445350595671417,28.4604936226857,28.90732765197754,1313600
2009-11-20,28.597275927354197,28.962036744934373,28.40577541105162,28.93467903137207,1125300
2009-11-23,29.34503980801628,29.883062735307636,28.615516339821344,28.861730575561523,1132500
2009-11-24,28.79789756315295,28.879968974842495,28.414898221707418,28.478731155395508,2234400
2009-11-25,28.661112652663345,28.661112652663345,28.369303959913683,28.624635696411133,2082700
2009-11-27,27.904231640816036,28.952919723896954,27.548588294542906,28.843490600585938,593500
2009-11-30,28.8799661343649,29.22648848572546,28.524324544900534,29.217370986938477,1223800
2009-12-01,29.463594800745412,29.819236506122696,29.417996856047992,29.74628257751465,1766400
2009-12-02,29.60037811063697,30.484925359879703,29.60037811063697,30.05632972717285,1649100
2009-12-03,30.293428642006138,30.548760452024027,29.645974657320032,29.6733341217041,1380000
2009-12-04,30.047200879602762,30.384603974417995,29.61860540873378,29.974246978759766,953900
2009-12-07,29.80098624454062,29.974246538548,29.372390779966135,29.682437896728516,880500
2009-12-08,29.71892089982583,29.71892089982583,29.12618425798558,29.135303497314453,1095400
2009-12-09,29.317682409044394,29.317682409044394,28.75230179208379,29.07146644592285,1273400
2009-12-10,29.199132835009383,30.129274260125772,29.199132835009383,29.90129852294922,942900
2009-12-11,30.01984670938042,30.156633558211592,29.673326055307175,30.001611709594727,533800
2009-12-14,30.09280156220504,30.266061894648825,29.819231334639102,30.183990478515625,692200
2009-12-15,30.120156830889503,30.348132594922596,30.09280085236844,30.138395309448242,780700
2009-12-16,30.357246972220462,30.603461161272087,30.16574820694698,30.557863235473633,889900
2009-12-17,30.566986296940073,30.91351038056999,30.3937259944419,30.712890625,720300
2009-12-18,30.740247328150193,31.086771419994626,30.712891353063462,31.068532943725586,920100
2009-12-21,31.11413016233814,31.82541688555711,31.11413016233814,31.57920265197754,1476000
2009-12-22,31.58832512873153,32.491110794101495,31.42418228048244,32.372562408447266,1508700
2009-12-23,32.53670832747828,32.71908967370518,31.61568409441812,31.633922576904297,1337400
2009-12-24,31.633924240742655,32.1537088437156,31.52449681870494,32.02604293823242,353300
2009-12-28,32.035156099951685,32.33608230676241,31.807180330481618,31.880130767822266,663100
2009-12-29,32.007800249804525,32.02603873085393,31.460659732860773,31.506254196166992,1092800
2009-12-30,31.661275217614925,31.661275217614925,30.968226947016944,31.296512603759766,968200
2009-12-31,31.415066552857372,31.469778519605985,31.15061378479004,31.15061378479004,775000
2010-01-04,31.323868348504835,32.655249444096114,31.177963999778484,32.07162857055664,1885400
2010-01-05,32.31784294892258,32.8558658893864,32.08074968572022,32.83762741088867,1851100
2010-01-06,32.782917060555846,32.846749999109,32.18106115517306,32.77379608154297,2036000
2010-01-07,32.55493765170726,33.44860217031772,32.39991233350346,33.23886489868164,3020800
2010-01-08,33.293579848995726,33.43948420233831,32.91969972614072,33.27534484863281,1032800
2010-01-11,33.47596314188613,33.74041588504659,33.27534681831129,33.50332260131836,1193000
2010-01-12,33.0929708696873,33.25711373839603,32.04428070611877,32.21754455566406,1115600
2010-01-13,32.45462760471424,33.15679332556385,32.30872326522821,33.083839416503906,1149000
2010-01-14,32.91058385697805,33.658344139746404,32.91058385697805,33.202392578125,1356300
2010-01-15,33.33005699415088,33.84984147326727,33.19327361885584,33.42124938964844,1511900
2010-01-19,33.548917475428894,33.74041630064135,33.31182071014587,33.485084533691406,949500
2010-01-20,33.3574088040366,33.43035922507461,32.93793083819281,33.1111946105957,1161500
2010-01-21,33.30269356828611,33.64921763642513,32.77378822856691,32.947052001953125,2047400
2010-01-22,32.99265061385138,33.50331754299523,31.37858189641691,31.46065330505371,1692900
2010-01-25,32.02604125376993,32.42728091119608,31.205330413701155,31.633922576904297,2270800
2010-01-26,31.697752262045242,31.715990742653215,30.658183217832324,31.232683181762695,1852200
2010-01-27,31.24179913894262,31.65215623575804,30.612587242915197,31.524490356445312,1674000
2010-01-28,31.451540672123503,31.515373613313955,30.421089155052158,30.722015380859375,1469900
2010-01-29,30.9864587100255,31.214434424618357,29.864818611664628,30.17486572265625,1883100
2010-02-01,30.28430179963195,31.150610459911032,29.910421659339,31.05942153930664,1451900
2010-02-02,31.26003786036317,31.26003786036317,30.39373267871843,31.05942153930664,1042900
2010-02-03,30.968216651189667,31.177953866904307,30.129267788331102,30.23869514465332,1448800
2010-02-04,30.138390498244778,30.147511475385148,28.952917410244922,29.01675033569336,2081500
2010-02-05,28.962043144040525,29.053233803413157,27.940710889837913,28.98940086364746,2307500
2010-02-08,29.044111441614618,29.718919465530046,28.469611566841593,29.34503936767578,1272800
2010-02-09,29.573016459918907,30.238705275063403,29.335919716718116,30.065444946289062,1924800
2010-02-10,29.901298028694143,30.3207725432932,29.49094101283262,30.311655044555664,1427500
2010-02-11,30.092799192245504,30.94998676541338,29.9104178953536,30.83144187927246,1721500
2010-02-12,30.566986007768563,31.032054961986915,30.229582904565696,30.959104537963867,1793700
2010-02-16,30.949994088494066,31.351233732320384,30.813210692436236,31.305639266967773,1147200
2010-02-17,31.269162303231795,31.497138108629574,31.141496408790594,31.305639266967773,1138700
2010-02-18,31.378583087304477,31.44241602104083,31.123251352359073,31.41506004333496,1981300
2010-02-19,31.351225241810532,31.898365635135256,31.287392311877106,31.715984344482422,1170200
2010-02-22,31.6886297500894,31.6886297500894,31.123250855184445,31.205322265625,1840700
2010-02-23,31.287388163125637,31.378577057043387,30.90438715567777,31.351221084594727,1796700
2010-02-24,31.3056321619135,31.816295623779297,31.205322273723024,31.816295623779297,1749200
2010-02-25,31.378581613619847,32.46374491480747,31.296510205722708,32.317840576171875,2427200
2010-02-26,32.45464092110655,32.45464092110655,30.61259570514373,32.244903564453125,2250400
2010-03-01,32.545814266403774,32.8649823785643,32.28136506089587,32.40903091430664,1255800
2010-03-02,32.363446563199744,32.76468272465131,32.162826743156614,32.29961013793945,1701300
2010-03-03,32.372555356979674,32.78291238821743,32.29960144981129,32.509342193603516,846800
2010-03-04,32.61876800953624,32.81026678870782,32.36343630397413,32.56405258178711,2482900
2010-03-05,32.6005371332786,32.810274437259366,32.42727678963389,32.57318115234375,2223400
2010-03-08,32.18105541472119,32.78291121274503,32.126339986306796,32.23576736450195,1618000
2010-03-09,32.09897898593209,33.23885747635132,32.09897898593209,33.06559371948242,1537500
2010-03-10,33.1932690902141,33.66745556757015,33.05648225494704,33.43947982788086,1059100
2010-03-11,33.37565126516557,33.47596116033251,33.15679647446878,33.27534484863281,867000
2010-03-12,33.29356941756627,33.503310121000524,33.03823774887495,33.06559371948242,1166300
2010-03-15,33.02912743930841,33.15679330143656,32.17193640164711,32.47286605834961,2188400
2010-03-16,32.481989045904136,33.28446478739879,32.399917623721336,33.1750373840332,1413900
2010-03-17,33.275332793596036,33.284450290474396,33.00175918638443,33.138545989990234,742700
2010-03-18,33.01088631113087,33.24797953909577,32.57317332814164,32.7373161315918,1220800
2010-03-19,32.82851546196178,32.86499242512517,32.12634957492255,32.16282653808594,1021600
2010-03-22,31.971316168509397,32.855859595072765,31.78893489710558,32.63700485229492,980300
2010-03-23,32.545819860244485,33.28446261160485,32.47286942231432,33.102081298828125,1558300
2010-03-24,32.89233860365132,33.02912543542335,32.381671707487165,32.545814514160156,1028400
2010-03-25,32.73731772080092,32.93793400693044,31.524485111835777,31.743343353271484,2673900
2010-03-26,31.95307636784529,32.12633665524236,31.524480919622786,31.761577606201172,1906900
2010-03-29,32.0898645887651,33.14767190559147,32.0898645887651,32.49110412597656,1831200
2010-03-30,32.637009671289505,33.30269845336684,32.60053271589608,33.05648422241211,1360100
2010-03-31,33.09296906702084,33.339183356671946,32.84675477736973,32.89234924316406,976200
2010-04-01,33.06560848711691,33.69482392117127,33.06560848711691,33.39389419555664,1308600
2010-04-05,33.439480977046784,33.76776661006247,33.41212500050676,33.71305465698242,1217300
2010-04-06,33.39389419555664,33.713062402599554,33.165918395655126,33.39389419555664,893100
2010-04-07,33.47595690428908,33.53067233432399,32.454626560740174,32.673484802246094,1287800
2010-04-08,32.427275779070364,32.87410635404172,32.427275779070364,32.764678955078125,1330600
2010-04-09,32.91057645208692,33.366527911119086,32.80114907593661,33.04736328125,1262300
2010-04-12,33.23887101795019,33.43948734852506,32.54582266539114,32.98353576660156,2550800
2010-04-13,32.837626412257634,32.837626412257634,32.026033276277495,32.41815185546875,2011800
2010-04-14,32.48199227055103,32.545825218737505,31.83454180829694,32.272254943847656,1712000
2010-04-15,32.044262742747264,32.09897816118946,31.706859692269585,32.00778579711914,1768400
2010-04-16,31.78894888989192,32.04428069506858,31.415068684325405,31.752471923828125,1045900
2010-04-19,31.52449191422125,31.643040298855816,30.5761117944137,31.232683181762695,2294800
2010-04-20,31.442416682296667,32.19017690347754,31.241796898543825,32.08074951171875,1953800
2010-04-21,32.144578462444926,32.336077243944864,31.971318157083118,32.23576736450195,1809500
2010-04-22,32.09898201490204,32.77378819687272,31.68862502390181,32.63700485229492,1521300
2010-04-23,32.5184607499117,32.919696816481384,32.381673908840696,32.609649658203125,1910000
2010-04-26,32.65525058700059,32.81939341989184,32.1901780675973,32.6461296081543,1363100
2010-04-27,32.60965454859403,32.746441410178626,31.92572719793981,32.10810852050781,1671800
2010-04-28,32.263117361034475,32.44549859032243,31.497118980931152,31.688617706298828,1371100
2010-04-29,32.153704117903644,32.491110794101495,32.02603823118425,32.372562408447266,1178800
2010-04-30,32.48198194965333,32.91969494612414,32.199294262830705,32.22665023803711,935300
2010-05-03,32.290487963101306,32.81939341989184,32.208416546655684,32.6461296081543,1104700
2010-05-04,32.32696820302926,32.37256266598684,31.14149477295947,31.67039680480957,2252100
2010-05-05,31.205319036689843,31.378579339188015,30.284295139421772,30.712890625,2321800
2010-05-06,30.69464878140933,30.776720174352935,28.27810665632346,29.919532775878906,3703000
2010-05-07,29.509182068319838,29.98337205269361,28.861730024402387,29.737157821655273,3689700
2010-05-10,31.551841114168045,31.5700795908559,30.484916317681687,30.804080963134766,3321300
2010-05-11,30.69465783247657,30.867918167055006,30.31166020489238,30.475799560546875,2168400
2010-05-12,30.530513011058535,31.168845827452785,30.503157033335665,31.105012893676758,1489700
2010-05-13,31.059416329851413,31.5974392198996,30.877035040598276,31.269153594970703,1107400
2010-05-14,31.159714274512275,31.187073721584216,30.38459835391923,30.986454010009766,1583800
2010-05-17,30.867915554268805,31.415059448463442,30.284298183368332,30.977346420288086,2018600
2010-05-18,31.068532683849977,31.296508417355557,30.54874828974794,30.621702194213867,1088400
2010-05-19,30.402847113680394,30.58522841513326,29.591253974780845,29.946895599365234,1845900
2010-05-20,29.48182931243821,29.636851171900606,28.533449240065156,28.761425018310547,2588300
2010-05-21,28.460493630541382,29.39975614658534,28.26899482306378,29.208253860473633,1745200
2010-05-24,29.025875110664533,29.354159038355714,28.85261303759715,28.870851516723633,1000800
2010-05-25,28.287232516714834,29.244730006166712,27.785684804697702,29.089706420898438,2433900
2010-05-26,29.4271151554527,29.928661193717414,29.281210790164156,29.481830596923828,4373200
2010-05-27,29.98337336748218,30.776728049861052,29.72803814707882,30.767610549926758,1396000
2010-05-28,30.712889793196986,30.913509543333554,29.810104396215916,30.12015151977539,1299300
2010-06-01,29.96513537702092,30.47579886887663,29.253852097002383,29.27208709716797,1231900
2010-06-02,29.2994508062653,30.256948471069336,29.2994508062653,30.256948471069336,2321900
2010-06-03,30.092801243480118,31.296513014928593,30.0836837433993,31.278274536132812,2504200
2010-06-04,30.667297139007793,31.11412763583898,29.75539419030157,29.90129852294922,2374300
2010-06-07,29.90129469580791,30.266053741423768,29.481820227964715,29.58212661743164,1256700
2010-06-08,29.591255448578544,29.846587196149002,28.83437596669154,29.417991638183594,1474700
2010-06-09,29.563891810405256,30.083679689455366,29.281204123749735,29.3632755279541,1038900
2010-06-10,29.846585155192976,30.977346420288086,29.69156331294988,30.977346420288086,1451300
2010-06-11,30.694657462304743,31.907490225629914,30.594347567156444,31.880130767822266,1639900
2010-06-14,31.92572760857358,32.454633102960216,31.51537397581053,31.551847457885742,1116400
2010-06-15,31.715992762313128,32.49111258365596,31.433304991474373,32.45463562011719,1354800
2010-06-16,32.27225154174472,32.481988846337835,32.08987021816632,32.25401306152344,986100
2010-06-17,32.23577765196752,32.472874438794754,31.606565678251673,31.980445861816406,1122700
2010-06-18,31.907497301284796,32.25401804310548,31.688638983461512,32.21754455566406,2228800
2010-06-21,32.600534806670616,32.77379513795022,31.91660750303417,32.044273376464844,1306400
2010-06-22,31.96220025178978,32.44551121932033,31.4788927628932,31.57920265197754,1433200
2010-06-23,31.56097121267251,32.05339978965086,30.92263825865999,31.980445861816406,1399700
2010-06-24,31.76158848137562,31.871015885692618,31.287398424489353,31.387704849243164,1457800
2010-06-25,31.506253172059164,32.00779920939399,31.232682922479665,31.697751998901367,969000
2010-06-28,31.825409834541823,32.208407349499815,31.752455939140376,32.08985900878906,1251400
2010-06-29,31.63391800065612,31.643038979897163,30.867919240222474,31.05942153930664,1327300
2010-06-30,31.15060366319164,31.442412319817457,30.89527195830244,31.013816833496094,1067600
2010-07-01,30.949985257690983,31.19619947470569,30.202225107631673,30.503154754638672,1834800
2010-07-02,30.55786773537321,30.740249029524165,30.14751417182588,30.302536010742188,581400
2010-07-06,30.74025255383154,31.3694679168589,30.302539484866646,30.54875373840332,1936300
2010-07-07,30.831451840952695,32.03516391927266,30.494045115164273,32.02604293823242,1800900
2010-07-08,32.23577912323824,32.62789780665825,32.01692428701562,32.527587890625,1523700
2010-07-09,32.57317395510695,32.76467273660689,32.02603010686388,32.23576736450195,982600
2010-07-12,32.08074146077811,32.34519411324306,31.342098924848358,31.396814346313477,1015800
2010-07-13,31.670392060847718,32.03515466713903,31.661274561075746,31.7889404296875,901800
2010-07-14,31.688637107748065,31.998684343775018,31.415066835638342,31.980445861816406,1312800
2010-07-15,32.05338810177363,32.11722102603551,31.570077202690637,31.834529876708984,1267200
2010-07-16,31.643032075735302,31.661270551603614,30.94086640865643,31.013816833496094,1323300
2010-07-19,31.223562578379607,31.342107472600976,30.83144398085565,31.278274536132812,695700
2010-07-20,31.38769675241641,32.8011490575298,31.38769675241641,32.7373161315918,3813800
2010-07-21,32.90146833484868,33.056490205377585,32.07163310330726,32.35432434082031,1193500
2010-07-22,32.6005351122044,32.82851088221982,32.098989113897325,32.655250549316406,1353600
2010-07-23,32.39990532619754,33.23885770993087,32.080740738090526,33.21149826049805,1052100
2010-07-26,33.229753262825874,33.23887424338475,32.61877975350529,32.864994049072266,857500
2010-07-27,33.01089532067876,33.19327664969269,32.162825097603324,32.372562408447266,1362100
2010-07-28,32.263122822302066,32.70995325712953,32.10809753364433,32.399906158447266,703100
2010-07-29,32.618768782952685,32.7190786635544,31.53360552995008,32.22665023803711,1136800
2010-07-30,31.834528231215586,33.08383415686583,31.670385440559844,32.992645263671875,1171600
2010-08-02,33.27534143500041,33.9501476954954,33.020006233869445,33.877197265625,1772000
2010-08-03,33.083841238935264,33.84072243327281,32.74643808753173,32.855865478515625,2004300
2010-08-04,33.10207289589814,33.5853837738636,33.074716923447895,33.4485969543457,1399600
2010-08-05,33.29358089448536,33.44860623151171,32.91058325942195,33.37565231323242,1353200
2010-08-06,33.14766378392378,33.65833057951118,32.463736717031544,32.81938171386719,1028100
2010-08-09,33.02913086089796,33.23886815306923,32.72820117302122,33.102081298828125,604200
2010-08-10,32.700843166580434,33.35741446042371,32.55493882113014,33.19327163696289,824400
2010-08-11,32.54582238126234,32.77379817023384,32.14458624498092,32.38167953491211,1293000
2010-08-12,31.925728665509464,32.8558703225923,31.861895721471534,32.664371490478516,998200
2010-08-13,32.65524616011114,33.13855361441933,32.55493627820558,32.82850646972656,768300
2010-08-16,32.58230298519169,33.10208756386977,32.58230298519169,33.00177764892578,644900
2010-08-17,33.26622106563767,33.94103081711034,33.193270634432835,33.69481658935547,1399000
2010-08-18,33.82247780604813,34.032215050067705,33.448597766076986,33.73128890991211,1208400
2010-08-19,33.50332670886466,33.64011010825808,33.12032553756652,33.33006286621094,597100
2010-08-20,33.25710458846326,33.494197845458984,32.88322448563239,33.494197845458984,660100
2010-08-23,33.59451036021113,33.89543657447418,32.75555769889513,33.539794921875,736400
2010-08-24,33.0838321927651,33.421238730545014,32.956166358419445,33.06559371948242,1379000
2010-08-25,32.746441331990376,33.63098848322082,32.746441331990376,33.50332260131836,1409100
2010-08-26,33.503319415139565,33.81336658968895,33.18415126210205,33.32093811035156,1083600
2010-08-27,33.57627210986618,33.73129744689253,32.96529869813141,33.37565231323242,1240500
2010-08-30,33.193268242096345,33.51243287805292,32.545814514160156,32.545814514160156,928800
2010-08-31,32.36344187933484,33.0929636484992,32.32696492121807,32.6461296081543,1120800
2010-09-01,33.12031513783343,33.24798099530098,32.746435064406896,32.82850646972656,1496800
2010-09-02,32.85585767097607,33.111192827441904,32.782907253866696,33.02000045776367,1188700
2010-09-03,33.28445698522888,33.6765755238935,33.010886801624956,33.640098571777344,1126600
2010-09-07,33.630987458037204,34.059579551554215,33.357417222494924,33.99574661254883,874400
2010-09-08,33.9227895658245,34.88028694304409,33.804241211347076,34.42433547973633,1678400
2010-09-09,34.86205254867637,34.86205254867637,33.96838799340018,34.260196685791016,1022100
2010-09-10,34.415220594643806,34.880289591937405,34.32402820787672,34.77997970581055,1519700
2010-09-13,34.998835909365326,35.454787380643964,34.9076435279294,35.181217193603516,1117000
2010-09-14,35.24504707844386,35.463901817728136,34.77085717181678,34.83469009399414,936700
2010-09-15,34.63407616727844,35.12650463131715,34.58848171215647,35.053550720214844,647000
2010-09-16,34.98059824084054,35.162979529290226,34.33314797154622,34.5246467590332,684200
2010-09-17,34.533757869530554,34.84380495894803,34.324020644135366,34.789093017578125,533100
2010-09-20,34.953251185102886,35.6554135850791,34.86205877828903,35.54598617553711,925900
2010-09-21,35.62804953870758,35.928979195132385,35.24505195267657,35.874263763427734,1309000
2010-09-22,35.637169496502,36.11135597649965,35.0991466086927,35.45478820800781,1527000
2010-09-23,35.254171048553225,35.78307647641615,35.0900282246395,35.50038528442383,762800
2010-09-24,35.82867665719565,36.421411635031724,35.52774693905792,36.33934020996094,953400
2010-09-27,36.302858040251834,36.4761183501067,35.91073948969749,35.928977966308594,887600
2010-09-28,36.0110522113467,36.494359704433414,35.60981265153072,36.42140579223633,928900
2010-09-29,36.24814128162282,36.85911457184567,36.0931194540619,36.74968719482422,1289300
2010-09-30,36.9138299996732,37.02325737669465,36.33933018270177,36.74968719482422,1333900
2010-10-01,36.87735728757561,37.0232616332567,36.55819261847137,36.73145294189453,2175100
2010-10-04,36.74969299035186,37.16005006718875,36.39405134997127,36.67674255371094,928800
2010-10-05,36.904721075369714,37.634242889397356,36.84088813405695,37.17829132080078,1356100
2010-10-06,37.178285126946804,37.29683348904955,36.44876343445653,36.95942687988281,1135900
2010-10-07,37.205642663087396,37.30595255225387,36.476120940013914,37.21476364135742,1181800
2010-10-08,37.00503415334546,37.36067585079556,36.549082545612585,37.35155487060547,1698700
2010-10-11,37.19652356297407,37.51568821601271,37.06885770175861,37.278594970703125,1465100
2010-10-12,37.24211781318435,37.31506824263765,36.822643277584916,37.1326904296875,891700
2010-10-13,37.35154420791347,37.45185408956094,37.242116827313374,37.324188232421875,1176800
2010-10-14,37.150929113644764,37.65247505931897,36.81352250481322,36.96854782104492,1259600
2010-10-15,37.11445915406512,37.21476905783133,36.0931285931113,36.375816345214844,1186400
2010-10-18,36.24814058873459,36.4669988172276,35.74659468512032,36.01104736328125,577200
2010-10-19,35.64629285398026,36.04752897170331,35.46391153551186,35.673648834228516,740400
2010-10-20,35.746594315930416,36.04752046353761,35.60068999131982,36.020164489746094,1432600
2010-10-21,36.21166384872641,36.384927628561925,34.98971380587868,35.52773666381836,1559700
2010-10-22,35.70100345373757,35.792192361293694,35.4274297738015,35.56421661376953,1090800
2010-10-25,35.764838388382465,35.94721621371195,35.536862628086574,35.79219436645508,774400
2010-10-26,35.74659093317415,36.34844665006748,35.49125578029326,36.001922607421875,932000
2010-10-27,35.95633455670229,36.229904753278944,35.34535775500177,35.74659729003906,1951200
2010-10-28,35.94721377852175,36.55819058361473,35.60981065015823,36.512596130371094,3076700
2010-10-29,36.840876020149445,36.840876020149445,35.354473421261474,35.80130386352539,1676100
2010-11-01,36.03840534734147,36.412285421284714,35.8286680842644,35.928977966308594,995100
2010-11-02,36.13871406979427,36.32109535141944,35.81042845859569,35.965450286865234,1845100
2010-11-03,35.9654546919717,35.9654546919717,35.345360345676156,35.79219436645508,852900
2010-11-04,36.05664568089832,36.05664568089832,35.22681408484176,35.6918830871582,1438300
2010-11-05,35.36360596051444,35.36360596051444,34.22372692900085,35.04444122314453,1978800
2010-11-08,34.87116339285705,35.04442366653842,34.49728339697292,34.6705436706543,1685900
2010-11-09,34.82557454488679,35.09914822957863,34.424338474577404,34.4608154296875,1285300
2010-11-10,34.588487676901046,35.0626777449377,34.21460751461141,34.816463470458984,1362300
2010-11-11,34.606719760038494,34.86205148845686,34.36050553107768,34.7708625793457,948100
2010-11-12,34.52464679297203,34.606718198923375,33.941029452266314,34.20547866821289,957000
2010-11-15,34.25108413060432,34.369629037440575,33.65834568188501,33.749534606933594,1453700
2010-11-16,33.640099353091216,33.65833782957289,33.175030378026364,33.61274337768555,1620600
2010-11-17,33.70393908656527,34.260200556352316,33.52155776355788,33.95015335083008,1246500
2010-11-18,34.23282895465156,34.72525725848137,34.15075757067992,34.588470458984375,1216100
2010-11-19,34.61584223358641,35.09003228209732,34.30579502796907,35.02619934082031,1146900
2010-11-22,34.77997363210434,34.925877946818204,34.56111889935017,34.72526168823242,1424100
2010-11-23,34.37874266451408,34.862050125448285,34.37874266451408,34.66143035888672,1600500
2010-11-24,34.79821857023438,35.46390734718634,34.70702966108684,35.3818359375,989600
2010-11-26,35.090027855800095,35.618933278103576,34.96236198935001,35.50950241088867,339600
2010-11-29,35.299757286381315,35.46390007208157,34.962354217389986,35.372711181640625,3343200
2010-11-30,35.290654522145836,35.83779505048142,35.12651166791823,35.701011657714844,1942300
2010-12-01,35.92897659792619,36.86823549650625,35.8833786688182,36.448760986328125,2809800
2010-12-02,36.375809900436025,37.19652398708425,36.156955129752404,36.640262603759766,1045700
2010-12-03,36.594671585536695,36.80440887656432,36.00193319190292,36.34845733642578,717500
2010-12-06,36.467008922920655,36.704102214077004,36.239033132771105,36.52172088623047,633900
2010-12-07,36.71321870630761,36.968553949730655,36.330221059124625,36.41229248046875,779200
2010-12-08,36.5399464247747,36.5399464247747,35.810424850412694,36.1204719543457,657600
2010-12-09,36.28463027529863,36.38494018695551,35.92898857297679,36.25727081298828,944800
2010-12-10,36.293739318847656,36.47612061766276,36.129596497777456,36.293739318847656,606000
2010-12-13,36.51259757315257,36.66761941603334,36.175190952822746,36.293739318847656,564800
2010-12-14,36.18431193101217,36.53995355045295,36.18431193101217,36.293739318847656,1064700
2010-12-15,36.18431518213456,36.37581399771111,35.837791031114435,35.85602951049805,678000
2010-12-16,36.001931648491215,36.10224153960286,35.536862628086574,35.79219436645508,494700
2010-12-17,35.85602932516291,35.8833853047798,35.518626154895706,35.71012496948242,653300
2010-12-20,35.91986578481041,36.4670097812279,35.783082394681976,36.18431854248047,1047000
2010-12-21,36.36669320078957,37.06885893955499,36.156955924841554,36.91383361816406,1464700
2010-12-22,36.88647480907014,37.11445054524655,36.63113961908166,36.72233200073242,352200
2010-12-23,36.74969543144719,36.913838273085126,36.40317126814108,36.57643508911133,519500
2010-12-27,36.5217204133692,36.94119502694099,36.339339087884035,36.850006103515625,401700
2010-12-28,36.97767336513219,37.10533925413686,36.73145908835124,36.9503173828125,423900
2010-12-29,36.95032556830958,37.105347473975485,36.822659651023464,37.0779914855957,249800
2010-12-30,37.00502341941561,37.34242653725077,37.00502341941561,37.16916275024414,357500
2010-12-31,37.150919960460115,37.38801314738159,37.150919960460115,37.33329772949219,365900
2011-01-03,37.38802959234972,37.42450655365356,37.105338360196704,37.29684066772461,1674000
2011-01-04,37.26036090318513,37.524813634790455,37.17828948574328,37.40626525878906,2068300
2011-01-05,37.47921796328105,37.65248178759735,37.08709933164393,37.16005325317383,916800
2011-01-06,37.12356949698926,37.141807974033206,36.029285224789064,36.19342803955078,2344300
2011-01-07,36.476123852044,36.476123852044,35.98369534516918,36.16607666015625,746700
2011-01-10,36.020174695000215,36.17519656191769,35.81955488733338,36.07489013671875,1263300
2011-01-11,36.275501017166945,36.375810905933804,35.88338244033319,36.13871765136719,1136000
2011-01-12,36.39404421935952,36.79528023885659,36.02016417341373,36.649375915527344,1370800
2011-01-13,36.82264614494628,37.25123821311396,36.284623206126625,36.39405059814453,1535000
2011-01-14,36.23902838723401,36.5673105600075,35.66452849727082,35.79219436645508,1278800
2011-01-18,35.819554863336364,36.72234051859782,35.719244959570155,36.375816345214844,1017700
2011-01-19,36.21166428150729,36.421401536616386,35.7101183689739,35.81954574584961,1318100
2011-01-20,35.61893343815093,36.59466939741402,35.54597952634652,36.2755012512207,1689400
2011-01-21,36.476126449719374,36.65850777769487,35.983697907775884,36.220794677734375,683600
2011-01-24,36.30285748103991,36.93206926057868,36.175188146728836,36.72233200073242,1221400
2011-01-25,36.61290009021348,37.13268442607708,36.403159377690834,37.059730529785156,1062200
2011-01-26,37.141811560060454,37.41538178486515,37.08709612364586,37.287715911865234,1454400
2011-01-27,37.397132873535156,37.66158552448122,37.196516619915016,37.397132873535156,1601500
2011-01-28,37.46097848374463,37.59776185231154,37.12357185495141,37.342430114746094,911500
2011-01-31,37.333304739244404,37.64335187489995,37.01414010487852,37.20563888549805,860000
2011-02-01,37.48834252131046,38.22698191481953,37.28772269658712,38.0901985168457,1497400
2011-02-02,38.062834068562665,38.710284386109144,38.01723613407668,38.43671417236328,838900
2011-02-03,38.372879660977475,39.20271124645242,38.25433129772852,39.11151885986328,2293900
2011-02-04,39.202710016235116,39.46715923246031,39.02944622646986,39.16623306274414,1085500
2011-02-07,39.30302979195354,39.73162544470377,38.84707815409499,38.938270568847656,1292500
2011-02-08,39.04767859048411,39.594818892661486,38.90177427799459,39.56746292114258,902900
2011-02-09,39.44892859694821,39.74074080424555,39.22095281026566,39.61307144165039,441400
2011-02-10,39.51275855152676,40.20580329902974,39.51275855152676,39.88663864135742,819800
2011-02-11,39.8228054485189,40.52497123076064,39.804570448293425,40.3608283996582,570700
2011-02-14,40.29699302096858,40.36994693198606,40.069017266989874,40.16020965576172,501000
2011-02-15,40.02343086645315,40.18757372064153,39.813693548020126,40.13285827636719,498300
2011-02-16,40.26051936885117,40.47937414368311,39.84104133959441,40.31523132324219,1704700
2011-02-17,40.30613029215988,40.35172476565955,39.61308177187773,39.81370162963867,1422200
2011-02-18,39.7042634300005,39.81369083245084,39.28478882174554,39.631309509277344,919700
2011-02-22,39.22095372209973,39.69514378685983,38.75588463705427,38.96562194824219,1236600
2011-02-23,38.847059256806475,39.21182178110728,38.090181715037176,38.46406173706055,1353800
2011-02-24,38.38199200262231,39.12975207900143,38.10842183688444,38.70115661621094,4147300
2011-02-25,38.619094437039244,39.20271533619318,38.4367166021025,38.637332916259766,1423400
2011-02-28,38.856186116724245,38.99296947507371,38.29992474832198,38.381996154785156,1437200
2011-03-01,38.54613938156611,38.54613938156611,38.01723398342833,38.0537109375,1055600
2011-03-02,38.31816623727467,38.53702101929104,38.071951998530714,38.108428955078125,1568900
2011-03-03,38.318165235609435,38.70116283344327,38.19049936966483,38.2999267578125,1325100
2011-03-04,38.34552178202532,38.53702058378403,38.04459559049507,38.43671417236328,1149900
2011-03-07,38.45495025160007,38.71940297305489,37.880453830192266,38.22697448730469,1140000
2011-03-08,38.0901864916276,38.22696984641839,36.79528249874594,37.953399658203125,2638900
2011-03-09,37.7710207840371,38.02635599081812,37.49745057836034,37.853092193603516,1278000
2011-03-10,37.58864661432396,37.6524795525563,36.922957773733685,37.09621810913086,1094800
2011-03-11,36.91384174461807,37.45186478088826,36.658509957450754,37.35155487060547,852200
2011-03-14,37.08709716796875,37.497454256047966,36.795288456142245,37.08709716796875,629800
2011-03-15,36.412283646438375,36.95030650502291,36.14783096641824,36.77704620361328,2118300
2011-03-16,36.74969668407051,38.25433829082618,36.72234070240987,37.29684066772461,1998400
2011-03-17,37.780149906568056,37.90781579816316,37.03238955982413,37.2238883972168,668500
2011-03-18,37.46097854422181,37.661594847503956,36.86824017690621,37.02326202392578,1170100
2011-03-21,34.880283814310054,35.01707063248615,33.15678799418429,33.76776123046875,9386100
2011-03-22,33.87719792241276,34.5611251740472,33.22974414710374,33.68569564819336,5081500
2011-03-23,33.72218138714601,34.60672864283063,33.49420557721779,34.41522979736328,2603000
2011-03-24,34.73438767709172,35.10826779235849,34.10517581831617,34.67967224121094,4388700
2011-03-25,34.69791024599674,35.32712557481371,34.69791024599674,35.0170783996582,1285200
2011-03-28,35.500388918895794,35.773959160548365,35.007960396740565,35.35448455810547,2033800
2011-03-29,35.354473421261474,35.8469017882992,35.3362349470786,35.80130386352539,2208900
2011-03-30,35.99281970911991,36.193436043701865,35.64629552591896,36.18431854248047,1651900
2011-03-31,36.147841580325725,36.29374595031014,35.947221767109184,36.18431854248047,1945500
2011-04-01,36.25726215209917,36.46700290562651,36.03840737770339,36.457881927490234,1662500
2011-04-04,36.40315678426905,36.53082609368454,36.02927678899189,36.239017486572266,1013700
2011-04-05,36.25726627041997,36.25726627041997,35.55510393406322,35.673648834228516,1610700
2011-04-06,35.85601719149753,36.00192149780404,35.56420857888451,35.58244705200195,848500
2011-04-07,35.673635938956124,35.82866122113789,35.463898716055084,35.58244705200195,945100
2011-04-08,35.63717471992204,35.77395809736602,35.40919894554782,35.55510330200195,782700
2011-04-11,35.73748223923419,35.82867463897297,35.318007636338905,35.34536361694336,1916900
2011-04-12,35.30888732742065,35.30888732742065,34.73438742997897,35.15386199951172,641300
2011-04-13,35.509509212811565,35.75572349325703,35.28153341372887,35.54598617553711,1034000
2011-04-14,35.509494517302045,35.69187577681713,35.10825852927542,35.372711181640625,990200
2011-04-15,35.37272594925963,35.77396210479675,35.19946211500014,35.701011657714844,827400
2011-04-18,35.35448779195381,35.618940557148804,35.09915600687432,35.22682189941406,1033000
2011-04-19,35.372725820542726,35.59158063962672,35.11739056009856,35.54598617553711,1241300
2011-04-20,35.91074133912905,36.06576318035657,35.63717113314092,35.6918830871582,1716400
2011-04-21,35.91985643537403,36.795282427419366,35.801308078544864,36.72233200073242,1218900
2011-04-25,36.676739558418326,36.786166943760136,36.44876380975314,36.640262603759766,373600
2011-04-26,36.63113417353306,36.777041962483786,36.30285208429341,36.476112365722656,607000
2011-04-27,36.47612060297687,36.6767403794561,36.36669321518544,36.60378646850586,1111000
2011-04-28,36.70409898115237,36.70409898115237,36.28462439909712,36.34845733642578,731200
2011-04-29,35.74660644968854,36.08400966263425,35.04444056208528,35.22682189941406,2025100
2011-05-02,35.15385609670475,35.50038017269681,34.46992892175472,34.62495422363281,1755200
2011-05-03,34.68879018648601,35.372717421336446,34.4152199882726,34.652313232421875,2200000
2011-05-04,34.57024326501951,34.70703010914058,33.82248306872792,34.43345642089844,1323700
2011-05-05,34.38785513406709,34.98971086709094,34.287545265457574,34.72526168823242,1600000
2011-05-06,35.02618911838822,35.28152080897741,34.697903528411615,34.971473693847656,844100
2011-05-09,35.09002903685327,35.72836186922256,35.03531360140421,35.46390914916992,1239200
2011-05-10,35.7010064629567,36.00193266616391,35.47303069621658,35.9016227722168,813800
2011-05-11,35.79219942077728,35.99281923133068,35.45479622191119,35.737483978271484,1000000
2011-05-12,35.54598630488449,35.755723623367615,35.400081932086024,35.701011657714844,839000
2011-05-13,35.60981878008868,35.701011186029525,34.93501236929938,35.25417709350586,1332900
2011-05-16,35.25417208335388,35.61893469800979,34.92588642589038,35.299766540527344,731700
2011-05-17,35.162973491387405,35.235923907060574,34.871164871428434,35.080902099609375,1576800
2011-05-18,35.035315336085226,35.609815261525846,34.93500891741334,35.55510330200195,867000
2011-05-19,35.75572349325703,35.81955643870941,35.42743778599641,35.54598617553711,672400
2011-05-20,35.38183985148567,35.98369576288567,35.153864074763945,35.8469123840332,926700
2011-05-23,35.37272235101589,35.91986282369433,35.11738711561624,35.8469123840332,1700000
2011-05-24,35.819552513932116,36.275504062138516,35.819552513932116,35.865150451660156,815700
2011-05-25,35.79219174302954,35.86514565072133,35.49126209175157,35.74659729003906,710400
2011-05-26,35.65540135431444,35.928975002278236,35.51861800896599,35.88337707519531,939500
2011-05-27,35.9654546919717,36.22078990897425,35.73747893167581,35.79219436645508,1230900
2011-05-31,35.956332539676964,35.99280949147663,35.181216446418794,35.82866668701172,1545800
2011-06-01,35.819543640677466,35.90161503816918,35.20857038717626,35.29064178466797,1226600
2011-06-02,35.13561372917406,35.64628054887644,35.13561372917406,35.40006637573242,1132700
2011-06-03,34.843814849853516,35.27241039829047,34.4243402799894,34.843814849853516,1300000
2011-06-06,34.11428228657306,34.889398245076045,34.00485492883177,34.05044937133789,1295800
2011-06-07,34.05045859048986,34.552004551116575,33.977504679821436,34.29667282104492,1114900
2011-06-08,34.223719515830055,34.223719515830055,33.776888980299766,33.8133659362793,768800
2011-06-09,33.886314764871116,34.050457580371805,33.786004879994714,33.877197265625,796500
2011-06-10,33.85895882980097,33.995742190462515,33.42124581414314,33.55802917480469,886300
2011-06-13,33.503320991060754,33.922795576760464,32.91970009256012,33.868080139160156,3853300
2011-06-14,33.9683841835555,34.01397863438389,33.60362161966119,33.640098571777344,2299100
2011-06-15,33.412114367246275,33.649211017251,33.238854106575694,33.366519927978516,1227400
2011-06-16,33.375652085500874,33.685699278803746,33.102081851088755,33.539794921875,1610200
2011-06-17,33.740405589259446,33.950142828189115,33.339169585911385,33.4485969543457,972500
2011-06-20,33.43037445319622,33.767777696286075,33.302708549250596,33.72218322753906,730400
2011-06-21,33.82249039999967,34.31491897121229,33.79513441669943,34.287559509277344,1253500
2011-06-22,34.287553430469586,35.108267570320315,34.16900853809543,34.843814849853516,1474200
2011-06-23,34.4881735915173,35.199456868054284,34.38786369792688,35.135623931884766,1870100
2011-06-24,35.08091257109466,35.30888834090185,34.91676973854274,34.962364196777344,1341600
2011-06-27,35.00795503816259,35.29064621582556,34.65231343058797,35.1082649230957,774400
2011-06-28,35.108267570320315,35.2359334412673,34.816458871403185,34.843814849853516,840100
2011-06-29,35.04442532800924,35.372710896765895,34.83468809877763,34.9167594909668,1662200
2011-06-30,34.92588667590671,35.017079069540536,34.61583949481995,34.82557678222656,1549400
2011-07-01,34.92588789688367,35.90162393175464,34.834698978696096,35.865150451660156,2035300
2011-07-05,35.82867537743567,35.88338733977225,35.518628169202195,35.628055572509766,941800
2011-07-06,35.56421004165143,36.03839992630943,35.12649710472862,35.99280548095703,1026800
2011-07-07,36.12959486800089,36.59466733293206,35.97457303211303,36.36669158935547,1409200
2011-07-08,36.06575653178108,36.321091691782726,35.83778082237838,36.1204719543457,561900
2011-07-11,35.87426314986592,35.965452055846875,35.49126209175157,35.74659729003906,760400
2011-07-12,35.609809843564925,36.13871522938566,35.573332890342726,35.928977966308594,781400
2011-07-13,36.02927770484966,36.22989743182644,35.60068575898984,35.72835159301758,1135300
2011-07-14,35.71924071095942,35.773956146133195,34.48817298793895,34.70703125,1580100
2011-07-15,34.90764355421867,35.08090733976058,34.734383247310426,34.8620491027832,920300
2011-07-18,34.79822660698953,34.79822660698953,33.86808490860322,33.98663330078125,1261500
2011-07-19,34.223718301049544,34.5246479592481,34.05045798424768,34.16900634765625,833400
2011-07-20,34.4790549236198,34.64319774781996,34.251079165412236,34.57024383544922,903300
2011-07-21,34.59760517804416,35.03531828423926,34.42434482724857,34.816463470458984,785300
2011-07-22,34.73439303902751,34.95325133770162,34.48817875750712,34.9258918762207,559900
2011-07-25,34.716147158190395,34.716147158190395,34.39698249756178,34.4608154296875,601300
2011-07-26,34.506410316637925,34.78910150433258,34.29667304007761,34.74350357055664,1026100
2011-07-27,34.4152290926276,34.54289498699157,34.05958391436905,34.132537841796875,1168100
2011-07-28,34.13252345297614,35.45478326180175,34.023096086599054,34.72526168823242,2511500
2011-07-29,34.56112415775178,34.89852728461902,34.26931548392598,34.807334899902344,1183600
2011-08-01,34.94412448614676,35.199456226168685,34.561126876113875,35.0170783996582,1585000
2011-08-02,34.88028344251999,34.916760390795915,33.895426710869586,34.096046447753906,2486000
2011-08-03,34.096056653891125,35.61893665324603,33.74041499832807,35.536865234375,2377000
2011-08-04,35.10826878210375,35.10826878210375,32.91058248579795,33.102081298828125,3832300
2011-08-05,33.330062258568304,33.384777704509034,31.934851434109763,32.445518493652344,2753000
2011-08-08,31.889250461630724,31.97132187447818,29.87394209696197,29.92865753173828,3041300
2011-08-09,30.21133808941672,31.323857042412676,30.120145730231602,30.986454010009766,4200300
2011-08-10,30.603467889848876,30.977348004618637,30.01072951048101,30.065444946289062,3304900
2011-08-11,30.448444319232753,31.123254151961305,30.25694550079798,30.75849151611328,3281700
2011-08-12,31.050288168644656,31.71597676357261,30.867906921585487,31.64302635192871,2181800
2011-08-15,31.706875786671418,32.63701750053037,31.706875786671418,32.59142303466797,1456700
2011-08-16,32.3725549860372,32.70995810624043,32.05339034241708,32.51845932006836,1348900
2011-08-17,32.54581232631728,32.85585944267563,32.45462343035504,32.79202651977539,1784200
2011-08-18,32.31784725409349,32.436395640803944,31.07766185874508,31.369470596313477,2236800
2011-08-19,31.004692481846792,31.725096465561577,30.831432217344283,30.986454010009766,1202800
2011-08-22,31.3694647224081,31.5609635183354,30.685537469552987,30.90439224243164,1459900
2011-08-23,31.04118153721321,32.55494050399869,30.931750663493172,32.50022506713867,1880400
2011-08-24,32.54581949020907,32.92882059054902,32.254010784537755,32.810272216796875,1780800
2011-08-25,32.94706721973537,32.94706721973537,31.871021046898576,32.02604293823242,1094300
2011-08-26,31.788938815262664,32.64612637429012,31.22355993499493,32.47286605834961,727300
2011-08-29,32.709961475974886,33.24798441538497,32.64612854067488,33.156795501708984,700200
2011-08-30,33.0017680081284,33.24798223325492,32.67348585326021,33.083839416503906,1278200
2011-08-31,33.13855537533457,35.43655136776229,33.12031689777952,34.4608154296875,3904500
2011-09-01,34.606720595063265,35.40919623341322,34.561126139407534,35.03531265258789,3165600
2011-09-02,34.48817262458974,34.90764718726715,33.75865088979554,34.10517501831055,1285100
2011-09-06,33.43036907310675,33.88632064446862,33.238870248007025,33.7860107421875,1180400
2011-09-07,34.14164570542549,34.59759718723283,33.95926789560955,34.5246467590332,1719300
2011-09-08,34.360501341741944,34.56112109168702,34.050454218478414,34.159881591796875,1204200
2011-09-09,34.0595671375437,34.0595671375437,33.2935686700354,33.41211700439453,822300
2011-09-12,33.038253620886785,33.28446791053789,32.5367075398796,32.89234924316406,1120800
2011-09-13,33.038234399438274,33.49418574938134,32.75554331016579,33.366519927978516,776400
2011-09-14,33.50332381357552,34.15077422587017,33.001774289904795,33.749534606933594,1523600
2011-09-15,34.07781416046655,34.40609979728384,33.877197865793455,34.314910888671875,1253700
2011-09-16,34.47904515923623,34.47904515923623,33.858950994230135,34.04133224487305,1140000
2011-09-19,33.76775839937492,34.8164479744473,33.56714215580517,34.6705436706543,1350700
2011-09-20,34.88940951961749,35.290649092051396,34.32403059684637,34.378746032714844,962500
2011-09-21,34.3149050325469,35.007949664172074,34.08692932128906,34.08692932128906,1439900
2011-09-22,33.52154812103047,34.0595709558902,32.69171664475191,33.1111946105957,1171100
2011-09-23,32.919694742997436,33.503315546657696,32.35431589420711,32.39079284667969,1943100
2011-09-26,32.55493204721358,32.773786780533484,31.934837838418407,32.53669357299805,795300
2011-09-27,33.175038074771656,33.70394010091298,32.837631399531425,32.98353576660156,958200
2011-09-28,33.156785685226914,33.19326263135149,32.144573041384994,32.3087158203125,1395400
2011-09-29,32.646127213250615,32.96529535540701,31.661273766785634,32.1263427734375,1197000
2011-09-30,31.852776150440853,32.08986943022707,31.241799253250388,31.442419052124023,1585300
2011-10-03,31.305628056614474,31.92571882490179,30.411960158273608,30.439319610595703,1981800
2011-10-04,30.439321453971576,30.5761048093316,29.50918002726192,30.512271881103516,2446900
2011-10-05,30.457559916748433,31.652150554738334,30.056320392484853,31.451534271240234,1759600
2011-10-06,31.32386791116881,32.15369953520792,30.959108783762645,32.0989875793457,922600
2011-10-07,32.135453644158716,32.4819741759549,31.852762546357035,31.916595458984375,1786700
2011-10-10,32.32695324320638,32.50021351372,31.90747881229999,32.19928741455078,835400
2011-10-11,32.071629729524076,32.190178104221346,31.816297979684595,32.03515625,830100
2011-10-12,32.35431373897586,33.78600098113521,32.30871929073917,32.947052001953125,2885000
2011-10-13,32.74643567559212,33.320935523552336,32.646125791814356,33.26622009277344,910800
2011-10-14,33.49419264734032,34.05957146368945,33.421242225214684,34.02309799194336,1213300
2011-10-17,33.90454742590827,34.16900008092035,33.69481019288831,33.95926284790039,1394600
2011-10-18,33.959263109669074,34.18723881844372,33.66745100209494,34.096046447753906,1097900
2011-10-19,34.07780959840704,34.51552256268802,33.78600095555306,34.342262268066406,1506300
2011-10-20,34.28755044694526,34.889406270920745,34.196361540956225,34.50640869140625,1389300
2011-10-21,34.6978964228358,35.2815135838861,34.433443809662165,35.272396087646484,1452800
2011-10-24,35.29976788205786,35.8833853047798,35.28152940276852,35.71012496948242,1072000
2011-10-25,35.655396132004384,35.737467518646156,34.962351572632855,35.0079460144043,834000
2011-10-26,35.31800504046896,35.46390939069269,34.287553610282224,34.68879318237305,901100
2011-10-27,35.67364861340386,35.710125572598606,34.8255784446146,35.536865234375,1256900
2011-10-28,35.27241636408759,35.48215368449355,34.9714866356999,35.22682189941406,747800
2011-10-31,34.95324470121181,35.08091056843432,34.460816231667266,34.7343864440918,1133900
2011-11-01,33.457717710118004,36.01104873218528,33.26621892705306,35.181217193603516,2627700
2011-11-02,35.48214221388453,36.001926596123965,35.080906184379884,35.52773666381836,1312900
2011-11-03,35.71923866702031,36.7040955719881,35.47302791941223,36.631141662597656,1913700
2011-11-04,36.375803261871056,36.63113494061533,35.9107343500678,36.12958908081055,1467700
2011-11-07,36.18430386558446,36.311969702708325,35.527732727652406,36.001922607421875,713200
2011-11-08,36.284613731505544,36.29373122902875,35.85601829661844,36.001922607421875,1237100
2011-11-09,35.555098744715565,35.67364362757896,35.09002627656779,35.26328659057617,952000
2011-11-10,35.35448155306347,35.58245731483564,34.843814594385556,35.0170783996582,1014500
2011-11-11,35.48214221784681,36.339329704052545,35.02619076119052,36.156951904296875,1475000
2011-11-14,36.08399600405001,36.17518489888006,35.77394889154112,35.91985321044922,772900
2011-11-15,35.67364997585747,36.15696100706083,35.57334007355801,35.93810272216797,1432400
2011-11-16,35.54597317583262,36.129590451465035,35.54597317583262,35.91985321044922,1183100
2011-11-17,35.78307944484186,35.91986282369433,35.56422116858992,35.8469123840332,1084300
2011-11-18,35.755717847630045,35.94721665375061,35.27241034304936,35.46390914916992,1161700
2011-11-21,34.935000407073325,35.28152099509133,34.65230926340593,35.12649917602539,1001700
2011-11-22,35.12650623304422,35.12650623304422,34.46081741773384,34.68879318237305,1842100
2011-11-23,34.241958386852815,34.60672099356693,34.013982627315,34.10517501831055,855700
2011-11-25,34.26019731527526,34.752625797220254,34.041342531277984,34.077816009521484,385900
2011-11-28,34.87117664625978,35.545983003287034,34.86205566707507,35.36360168457031,1011600
2011-11-29,35.51861859131177,36.074879915962626,35.47302414211474,36.020164489746094,1034800
2011-11-30,36.54907665275597,37.287715911865234,36.5217171952316,37.287715911865234,1435300
2011-12-01,37.2056499157554,37.5521741062526,36.877364206719605,37.2238883972168,728700
2011-12-02,37.42450031918671,37.72542650322651,37.26035749929813,37.69807052612305,1056400
2011-12-05,38.01722603084242,38.099297421018775,37.488324221976114,37.60687255859375,903800
2011-12-06,37.57952276571653,38.11754568875772,37.43361842109353,37.82573699951172,1591800
2011-12-07,37.67072324965138,37.72543521649487,37.16005619442562,37.497459411621094,648800
2011-12-08,37.11444996977454,37.369781677170344,36.80440283423666,36.895591735839844,551600
2011-12-09,36.96854663074021,37.22387834497858,36.91383120113183,37.01414108276367,428500
2011-12-12,36.886474609375,36.92295156183783,36.55818899447684,36.886474609375,416000
2011-12-13,37.077974418729525,37.415377541770944,36.55819000695656,36.685855865478516,917900
2011-12-14,36.72234051859782,36.786173461242775,36.229911979364296,36.375816345214844,654500
2011-12-15,36.71321666979609,36.731455148931346,36.27550360645252,36.494361877441406,734300
2011-12-16,36.68586193327662,36.79528933316121,36.00193459638786,36.43964767456055,1253100
2011-12-19,36.62203025927792,36.777055603220916,35.91074691749149,36.084007263183594,559700
2011-12-20,36.6858710376345,38.03548756659412,36.63115558479627,37.90782165527344,1610900
2011-12-21,37.68895536013218,38.60997592552376,37.543047530189455,38.52790451049805,1680200
2011-12-22,38.53701475131244,38.75587297636594,38.491420302361064,38.51877975463867,843000
2011-12-23,38.56437327265869,38.755872040811866,38.40934797560608,38.70115661621094,339400
2011-12-27,38.60085419816902,39.32125489713016,38.60085419816902,39.16623306274414,649000
2011-12-28,38.98385074146884,39.193588000536614,38.51878177199399,38.74675750732422,600900
2011-12-29,38.87443241256387,39.211835605383236,38.190505047353696,39.13888168334961,901800
2011-12-30,39.09327878395173,39.239183117894214,38.819708592638804,39.175350189208984,556000
2012-01-03,39.50364026356978,39.777210485722875,39.13887764827624,39.30302047729492,1435300
2012-01-04,39.1297589224179,39.39421163628921,38.956498598830144,39.35773468017578,1344100
2012-01-05,39.12976349733565,39.33038330078125,38.783239331011735,39.33038330078125,790200
2012-01-06,39.366844920376465,39.59482063609409,39.10239573390536,39.348609924316406,645700
2012-01-09,39.54922463983499,39.85015424254115,39.34860838333077,39.72248840332031,540400
2012-01-10,39.97783114969445,40.52497160601289,39.8684037541576,40.35171127319336,1467300
2012-01-11,40.16020093043692,40.52495997037386,40.12372398285327,40.50672149658203,929900
2012-01-12,40.37907195637156,40.926215955063626,40.360833475218364,40.780311584472656,1296800
2012-01-13,40.43378343438452,40.95356792105288,40.26052309837315,40.634403228759766,1619500
2012-01-17,40.789425085406634,41.026521838510874,40.37906799629102,40.634403228759766,604400
2012-01-18,40.561438155145986,41.218009317145395,40.47936675989606,41.0903434753418,987600
2012-01-19,41.263611447655364,41.5918970897872,41.00827971650124,41.39127731323242,983300
2012-01-20,41.03563768639169,41.69220900253686,40.816779421465256,41.00828170776367,1152800
2012-01-23,40.99004207260798,41.44599358959219,40.73470685762568,41.04475402832031,687500
2012-01-24,40.67087271662748,40.953563901077054,40.57056630792012,40.78942108154297,1073300
2012-01-25,40.68911869746481,41.28185715271208,40.63440673328691,41.10859680175781,1609000
2012-01-26,41.33656273287488,41.491584565904404,40.926205706276555,41.0356330871582,1060900
2012-01-27,40.7894232061134,42.45820746541948,40.7894232061134,41.78339767456055,2213700
2012-01-30,41.49159981410137,41.66486018739012,41.33657792410117,41.64662170410156,852700
2012-01-31,41.892831302176965,42.002262189609255,41.43687970711291,41.69221496582031,892800
2012-02-01,41.91105872675582,41.929297203183,41.218014015691516,41.66484451293945,1354300
2012-02-02,41.719559322479604,42.056962434786065,41.46422761355944,41.53717803955078,1948300
2012-02-03,41.993132949601964,41.993132949601964,41.418633078807986,41.555419921875,1886000
2012-02-06,41.46422617694035,41.58277104989825,41.0447481971477,41.445987701416016,876600
2012-02-07,41.418635309426286,41.56454313849379,41.22713650172635,41.309207916259766,590900
2012-02-08,41.45511384340606,41.45511384340606,41.02652175443848,41.25449752807617,843100
2012-02-09,41.491585559957606,41.673966851552315,40.999157116242046,41.464229583740234,1179300
2012-02-10,41.18154065924995,41.44599337258833,41.026518814031306,41.20889663696289,460300
2012-02-13,41.62837202418916,41.7104434307375,41.382157804544164,41.47334671020508,717800
2012-02-14,41.263611447655364,41.4186332905321,41.12682460388912,41.39127731323242,529400
2012-02-15,41.56453946804901,41.71956130479254,41.31832524619123,41.464229583740234,726300
2012-02-16,41.45511339041148,42.54028028739482,41.035638806374095,42.184635162353516,1332900
2012-02-17,42.33966428566194,42.41261473006921,42.157282956692,42.19375991821289,512600
2012-02-21,42.33052651816701,43.11476348667428,42.166387213687784,42.87767028808594,1634300
2012-02-22,42.81384721042353,42.91415709856229,42.40349015832585,42.631465911865234,1163700
2012-02-23,42.82296371459961,43.032700985544686,42.36701221811886,42.82296371459961,1960500
2012-02-24,40.88060821638024,43.08741153978495,40.88060821638024,42.713531494140625,1252700
2012-02-27,42.4308463318804,42.959751752282884,42.139037644290745,42.77737045288086,1635100
2012-02-28,42.613227234087155,43.57072469873057,42.59498875645356,43.40658187866211,1941600
2012-02-29,43.43393357978637,43.49776650079035,42.677052546977336,42.79560089111328,1967500
2012-03-01,42.941521518274,43.08742589007915,42.64059179469391,42.90504455566406,949300
2012-03-02,42.78649116874842,43.20596923249564,41.9384244982522,42.95063400268555,994900
2012-03-05,43.57984567686433,43.64367860926496,43.0600612395255,43.40658187866211,1770700
2012-03-06,43.05094601440217,43.47042062012866,42.95975709268229,43.33363723754883,1299300
2012-03-07,43.96283696406201,44.30024353392606,43.52512399955468,43.826053619384766,2223500
2012-03-08,43.41569926693732,45.11183928164225,43.406578289557736,44.80179214477539,5334700
2012-03-09,44.65588313694448,45.531309027472346,44.65588313694448,45.294212341308594,2070400
2012-03-12,45.37628874926482,45.604264484191795,45.01152966056187,45.24862289428711,1031700
2012-03-13,45.41276368027503,45.658977880472506,44.92033527988008,45.64986038208008,2353300
2012-03-14,45.786639852418,45.95078263864955,45.22126107686111,45.33980941772461,1455200
2012-03-15,45.41276908173001,45.76841069810457,45.14831637465983,45.27598571777344,920300
2012-03-16,45.859600095337164,45.99638345037349,45.50395850215555,45.54043197631836,1503500
2012-03-19,45.321583360246485,46.02374914290753,45.321583360246485,45.75929641723633,1053200
2012-03-20,45.321580357632804,46.89005117160798,45.321580357632804,45.731937408447266,1353500
2012-03-21,45.868719370390615,46.20612250023922,45.67722057874415,45.941673278808594,1491400
2012-03-22,46.17877798500497,46.60737360674914,46.00551762746153,46.242610931396484,2539800
2012-03-23,46.14228458223263,46.415858230596015,45.44923992034119,45.97814178466797,1232100
2012-03-26,46.39761711319479,46.39761711319479,46.03285458857186,46.251712799072266,604800
2012-03-27,46.379386700322065,46.46145810869543,45.859602273502034,46.233482360839844,1101900
2012-03-28,46.26084699838043,46.26084699838043,45.66811203016431,46.0419921875,2016800
2012-03-29,45.759295159658016,46.197008204618434,45.38541504967304,46.12405776977539,1075100
2012-03-30,46.48881931105746,46.972126837676804,46.27908201688993,46.333797454833984,1081500
2012-04-02,46.388499398123535,46.671190548512264,46.242595073743374,46.42497634887695,1190000
2012-04-03,45.823127926721256,45.823127926721256,45.24862803541348,45.66810607910156,3719300
2012-04-04,45.303344353015504,45.59515305427212,45.221272938372444,45.312461853027344,1735900
2012-04-05,45.77753605215728,46.197010640869884,45.45836788181437,46.02375030517578,3264300
2012-04-09,46.023748260196626,46.74414902927713,45.64074716852992,46.41586685180664,2137000
2012-04-10,46.507054031473686,46.652958375564324,45.59515101124872,45.7045783996582,1903500
2012-04-11,46.18788768965468,47.39159935437731,46.06933932731014,47.01771926879883,3669400
2012-04-12,46.97212014965081,47.519264015284755,46.97212014965081,47.37335968017578,1049100
2012-04-13,47.59220623049813,47.75634901399869,47.04506593791836,47.54661178588867,1207900
2012-04-16,47.86578473447008,48.1028779577865,47.29128493365828,47.656044006347656,1618100
2012-04-17,48.01168908391975,48.30349773367445,47.85666378200622,47.96609115600586,1334700
2012-04-18,47.80196121187363,47.8293206717069,47.30041517763314,47.455440521240234,1888000
2012-04-19,47.346002237047074,47.583098965817136,46.73502889489708,47.291290283203125,1613800
2012-04-20,47.32777206488574,47.53750935948989,47.07243683258284,47.40072250366211,944900
2012-04-23,47.22745155023868,47.22745155023868,46.570880355688374,47.0541877746582,804000
2012-04-24,47.18187402361837,47.23658599036485,46.370277237653596,46.99037170410156,1426900
2012-04-25,47.56486544347095,48.12112688972643,47.33688966901439,47.86579513549805,2336800
2012-04-26,47.79283683305891,48.859765168517505,47.7563598776203,48.6500244140625,2346500
2012-04-27,48.9692017884008,49.05127321429369,48.42205778957006,48.89624786376953,1064100
2012-04-30,49.133333308820646,49.488974912791825,48.622666390078,49.05126190185547,3111000
2012-05-01,49.04214786659337,50.565027860611366,48.7138621922597,49.543697357177734,4051900
2012-05-02,49.24275914058289,49.92668635086877,49.11509328457758,49.72606658935547,1991900
2012-05-03,49.69872349549356,50.929791401634525,49.32484332944349,49.51634216308594,1566600
2012-05-04,49.43426253659161,49.73519220693698,48.969193520807124,49.07862091064453,1055200
2012-05-07,49.06037387429547,49.808133951904765,48.87799260395904,49.58015823364258,1179500
2012-05-08,49.324824643850285,49.5072059071669,48.376444857510506,48.87799072265625,1727500
2012-05-09,48.60444039880382,48.841537181446704,47.956989954555745,48.54060745239258,1883000
2012-05-10,48.90536308108864,48.93271906028468,48.2761477305062,48.358219146728516,1552400
2012-05-11,48.24878753638375,48.659144581647254,48.130239172500104,48.3764533996582,1044700
2012-05-14,48.07553008513102,48.093768563633866,47.25481594567338,47.33688735961914,1762500
2012-05-15,47.21833416557098,48.18495255568248,47.2092166665679,47.53750228881836,1489100
2012-05-16,47.592223132689675,47.68341553292836,47.008605685699635,47.18186950683594,983400
2012-05-17,47.081548553938525,47.15449897837066,45.750167652058,45.914310455322266,1406000
2012-05-18,45.97814655326689,46.041982962170295,45.02064912058901,45.485721588134766,1831600
2012-05-21,45.513084542669446,46.23348884174994,45.40365714237695,45.96903610229492,1618500
2012-05-22,46.09668673391757,46.73501940196371,46.04197479118685,46.27906799316406,1146500
2012-05-23,46.05109475568321,46.990353594963175,45.75928611671014,46.79885482788086,1751100
2012-05-24,47.25481810580874,48.613555247992295,46.87182047564345,47.71076965332031,2406700
2012-05-25,47.78372859513481,48.05729885668087,47.41896592731699,47.66518020629883,891600
2012-05-29,47.847554859989046,48.08464812592471,47.34600539210453,47.783721923828125,900300
2012-05-30,47.37336390559069,47.400719883790565,46.86269694784405,47.355125427246094,1402400
2012-05-31,47.09066850899989,47.719883780547235,46.53440714432391,47.37335968017578,1144700
2012-06-01,46.92652063697533,47.1362578786634,46.47969018078916,46.80797576904297,1470900
2012-06-04,46.95388593157715,47.06331331506827,46.20612228825867,46.72591018676758,831500
2012-06-05,46.69855477256213,47.26393717322651,46.607365858201604,46.86269760131836,886900
2012-06-06,47.19098236126194,47.87490964185994,47.03596051407072,47.829315185546875,864400
2012-06-07,48.28526670594554,48.38557659701469,47.72900529447772,47.829315185546875,925300
2012-06-08,47.6378119741311,48.257902784155654,47.02683518443823,48.01169204711914,1167100
2012-06-11,48.42204766872515,48.768571781026395,47.53750412857709,47.61045455932617,1105400
2012-06-12,47.71076702135102,48.61355256622074,47.610457129850595,48.276145935058594,1530600
2012-06-13,48.294384159187516,48.9053610048223,48.1028853556769,48.44940948486328,858700
2012-06-14,48.47675928369815,49.16068647645835,48.24878355277808,48.85063934326172,674200
2012-06-15,48.805049275668516,49.06950198215664,48.52235809163288,48.987430572509766,1364800
2012-06-18,48.960079414346396,50.036125421574624,48.80505754687115,49.87198257446289,1591300
2012-06-19,50.01788061882192,50.35528725003465,49.54369409669549,50.29145431518555,2440300
2012-06-20,50.291445248769186,50.291445248769186,49.25187304299381,49.88108825683594,939600
2012-06-21,50.01787195226158,50.01787195226158,49.01478016818011,49.24275588989258,927200
2012-06-22,49.607520699743965,50.172899541372516,49.43425691701083,49.92668533325195,1610300
2012-06-25,49.53456959470538,51.066566879377405,49.29747635050715,50.73828125,2505600
2012-06-26,50.993617257027466,52.17909401355426,50.67445257866047,52.11526107788086,5007900
2012-06-27,52.43443036809737,52.78095453411286,52.215572084657474,52.38883590698242,5283600
2012-06-28,52.37970872742384,52.44354166115578,51.41309374312083,51.86904525756836,2510000
2012-06-29,52.61680528325972,52.735353650628696,51.55899791249974,52.02406692504883,1442400
2012-07-02,52.188223603710135,52.872151054625036,52.00584225440584,52.698890686035156,1616300
2012-07-03,52.59856775880538,53.291612540362976,52.59856775880538,53.063636779785156,828300
2012-07-05,52.89948892241475,53.01803728065718,52.58944177837327,52.80830001831055,493400
2012-07-06,52.40707413723732,52.899499185018605,52.34324119625393,52.853904724121094,669100
2012-07-09,52.74446689565511,53.48310953926291,52.69887244377076,53.28248977661133,1386600
2012-07-10,53.537830869521,53.537830869521,52.26116859992845,52.59857177734375,1338100
2012-07-11,52.680640864582855,52.80830673802736,51.10304896812655,51.76873779296875,2195600
2012-07-12,51.52251697335787,52.169967236735054,51.06656549571753,51.87815856933594,1333800
2012-07-13,52.05143725139885,52.58945680947744,51.52253171624846,51.89641189575195,2089400
2012-07-16,51.96023399153491,52.11525931480726,51.66842530157588,52.02406692504883,1022800
2012-07-17,52.370598626832596,52.58945343665294,51.932885528557435,52.34324264526367,1413000
2012-07-18,52.334108420199165,52.42530080007279,51.13951781224026,51.63194274902344,1681700
2012-07-19,51.768732378981746,51.768732378981746,51.148638076843035,51.522518157958984,1176100
2012-07-20,51.43133788542648,51.43133788542648,51.08481372226506,51.33102798461914,812700
2012-07-23,51.06656348689624,51.54075342242488,50.7929933068003,51.34013366699219,1052000
2012-07-24,51.45867793644842,51.45867793644842,50.665323433545716,51.203346252441406,1463500
2012-07-25,51.17600524920657,51.56812389307086,50.92979097431728,51.376625061035156,1046600
2012-07-26,51.951116648871846,53.7384457499307,51.88728371516503,52.79006576538086,2538700
2012-07-27,53.546937442540866,54.37676891204223,53.35543519678411,53.647247314453125,2049300
2012-07-30,53.60166279601887,54.44061545207518,53.53782985767737,54.17616271972656,1045900
2012-07-31,54.176151625862595,54.94215020773822,53.455747493660866,53.85698699951172,2110600
2012-08-01,53.81139250640012,54.06672770241436,53.127465281730586,53.24601364135742,1124200
2012-08-02,53.401037351769006,53.638130585273,52.78094307505561,53.309844970703125,1017900
2012-08-03,53.574307858643905,56.392088615375826,53.53783089927217,53.97554397583008,2229300
2012-08-06,54.212641597928204,54.87833046322727,53.939071355544726,54.71418762207031,1993200
2012-08-07,54.64122828975904,54.91480198367846,53.838756122073086,54.77801513671875,1787800
2012-08-08,54.62299750490923,54.90568524177479,54.395021728141884,54.75978088378906,1825300
2012-08-09,54.723291075722116,55.04245917543698,54.40412645464072,54.9786262512207,1293900
2012-08-10,54.7597728447474,55.13365292461278,54.36765428798203,55.08805847167969,1345200
2012-08-13,55.078948974609375,55.206614852823286,54.540926003111984,55.078948974609375,773800
2012-08-14,55.14277291805644,55.58048591994153,54.72329491411206,55.27955627441406,1175100
2012-08-15,55.21573148184756,56.063801635037464,54.89656679134996,56.02732467651367,1504900
2012-08-16,54.71418696844433,55.626090084585066,54.157925511016984,55.19749450683594,2439700
2012-08-17,55.21572958178028,55.434587846757516,54.759778051825634,55.17925262451172,652000
2012-08-20,54.91480631951913,55.370757873872805,53.893472333150214,55.224853515625,1501000
2012-08-21,55.54400603231182,55.67167188295429,54.23086709603184,54.477081298828125,1927600
2012-08-22,54.258221670435624,54.54091281716106,53.957292048569826,54.37677001953125,631700
2012-08-23,54.221748106342034,54.24910756007791,53.8387505403763,54.084964752197266,981700
2012-08-24,53.866117079642784,54.64123334104571,53.592546839067296,54.42237854003906,855200
2012-08-27,54.686826441045966,54.686826441045966,54.267348398737724,54.61387252807617,689200
2012-08-28,54.44061477480389,54.71418500409754,54.322066399944106,54.6685905456543,2134500
2012-08-29,54.705068923690845,54.978639160084796,54.604759025331724,54.75978088378906,946100
2012-08-30,54.70505667611367,54.91479392634673,54.30381717250823,54.79624557495117,1196700
2012-08-31,54.88743750578262,54.93303543635373,54.14879833994914,54.51355743408203,1389900
2012-09-04,54.33117939023329,54.878319768371846,54.13055962822009,54.68682098388672,912500
2012-09-05,54.71417177125326,54.94214748696682,54.495313553569574,54.89655303955078,1895900
2012-09-06,55.07894256527638,55.598726996738634,55.07894256527638,55.33427429199219,864000
2012-09-07,55.48930691893139,55.59873780476842,54.62300168384617,54.750667572021484,1135100
2012-09-10,54.67770321093841,54.805369074744135,54.25822866453848,54.55915832519531,948100
2012-09-11,54.60476320287333,54.86009497922396,54.4953323170363,54.750667572021484,1037000
2012-09-12,54.8874374993052,54.8874374993052,53.802274237334885,54.20351028442383,1426700
2012-09-13,54.27646575180417,55.115414823115366,54.148799891268446,54.76889419555664,999000
2012-09-14,54.750659775442216,55.36163314717325,54.01201705508163,54.294708251953125,1012800
2012-09-17,54.577390978311385,55.443699489431225,54.258226332514795,54.6412239074707,1046800
2012-09-18,54.59562966200536,55.26131841050044,54.039368295536306,55.09717559814453,1179000
2012-09-19,54.93302691746497,55.79021430831199,54.82359607542506,55.644309997558594,1456600
2012-09-20,55.59873626055376,55.89054499074528,55.2248561075812,55.57137680053711,760700
2012-09-21,55.61696227755004,56.36472241592601,55.5896028236645,56.08203125,1893100
2012-09-24,55.89053165178631,56.246173239414375,55.52576908678472,56.118507385253906,932000
2012-09-25,56.19146122645838,56.355604042822534,55.73550973180993,55.82670211791992,785700
2012-09-26,55.589610015761906,56.20970437834449,55.34339577073934,56.091156005859375,789300
2012-09-27,56.12763067632333,56.88451185928944,55.96348785299656,56.65653610229492,2445300
2012-09-28,56.629167087042845,57.650500810594735,56.58357263906703,57.35869216918945,1894700
2012-10-01,57.45900746090305,58.252365588795264,57.28574714031196,57.60491180419922,1964100
2012-10-02,57.130718833073736,57.422527486647674,56.76595627678954,56.94833755493164,3282200
2012-10-03,57.29487165768338,58.699203222802694,57.09425186877087,58.079105377197266,2665100
2012-10-04,58.68095599672964,59.456072146534154,57.85112441523402,58.28883743286133,2660700
2012-10-05,58.699205733781895,59.00012847275495,58.32532211894796,58.7539176940918,2433000
2012-10-08,58.680961423523456,58.899816213259804,58.50770457039683,58.83598327636719,1668700
2012-10-09,58.78128027575014,59.57463857568579,58.772159295584615,59.41961669921875,3091000
2012-10-10,59.364877007267474,60.04880417775965,59.34664201058514,59.629329681396484,2726800
2012-10-11,60.541252632017006,60.57772959473303,58.53506838352063,58.67184829711914,2928800
2012-10-12,58.59888958537463,59.60198150859696,58.59888958537463,59.47431564331055,1396900
2012-10-15,59.54726611934253,60.8330456762093,59.40135830613547,60.39533615112305,1787400
2012-10-16,60.67803600988896,60.67803600988896,60.176486498002475,60.5047721862793,1119600
2012-10-17,60.50475731750382,60.997185728906956,60.349735490932595,60.805686950683594,1181900
2012-10-18,60.732739922188664,61.29812230089608,60.59595307732597,60.82392883300781,615600
2012-10-19,60.60507627568559,60.778340082676564,59.93026996218273,60.276790618896484,814500
2012-10-22,60.35886678250294,60.3953437403884,59.51079664415413,59.91202926635742,957300
2012-10-23,59.77523465879184,59.948491469519766,58.92716472917282,59.428707122802734,1615700
2012-10-24,59.428729444449544,60.13089879944206,59.310184533923845,59.7752571105957,701300
2012-10-25,60.176465035058264,60.30413087304633,59.018351516947575,59.98496627807617,948100
2012-10-26,60.0579290102508,60.386214629743236,59.69316643778506,60.249427795410156,922600
2012-10-31,60.41358703350151,60.96984854239151,59.62022874444462,60.51389694213867,1191700
2012-11-01,60.65979593827675,60.99720261652269,60.26767729603869,60.75099182128906,830400
2012-11-02,60.7783402454063,61.53522145376703,60.431812630496545,60.73274230957031,783400
2012-11-05,60.988069163941994,61.0792650283036,60.00321922715256,60.322383880615234,1116700
2012-11-06,60.14911071181422,61.580797897566875,59.33751773782322,60.550350189208984,1567200
2012-11-07,60.450042751547144,62.629490078218986,60.28589995485247,61.07925796508789,2537400
2012-11-08,60.76009793870915,61.82702979862814,60.64155304639289,61.535221099853516,1820400
2012-11-09,61.11576040647465,61.580833070244715,60.8421935715815,61.30726623535156,1180600
2012-11-12,61.67199849132335,62.401523687312746,60.915124275274124,61.15221405029297,723600
2012-11-13,61.24341719757469,61.526104939920636,60.59595985660704,60.86041259765625,987600
2012-11-14,60.93335276662379,61.47137910658917,60.03057082488808,60.18559265136719,948200
2012-11-15,60.09441823104868,60.23120509330577,58.22501401382902,59.1277961730957,1944400
2012-11-16,59.66579768936199,60.45003461723352,59.12777144476831,60.158226013183594,1393600
2012-11-19,60.3132626894008,61.179567739630784,60.3132626894008,61.10662078857422,1050300
2012-11-20,61.188687115889856,61.827023361116794,60.84216649632148,61.17045211791992,962300
2012-11-21,61.06102868980688,61.553457182136164,60.99719575324207,61.32548141479492,549200
2012-11-23,61.35281860745405,61.972912783039874,61.18867582693821,61.78141403198242,475400
2012-11-26,61.58993413978296,62.45623927277237,61.09750564745367,61.32548141479492,923100
2012-11-27,61.325473547926265,62.24649747787051,60.85128707388345,61.49873733520508,1179500
2012-11-28,61.17956156336314,61.93644263196495,60.532111346200224,61.82701873779297,694100
2012-11-29,62.05499571047622,62.31032741171054,61.91820888273867,62.08235168457031,1162700
2012-11-30,62.19177407781134,63.13103989503195,62.08235018407966,62.75715637207031,1766300
2012-12-03,63.04896236870837,63.17662821087654,62.10058257169722,62.392391204833984,713700
2012-12-04,63.0307480708661,63.49581366693903,62.46536561470019,62.48360061645508,1319900
2012-12-05,62.5656631996761,62.5656631996761,61.40754253408683,61.90909194946289,1486800
2012-12-06,61.909108907586365,62.46537042709534,61.69937506353707,62.30122756958008,967000
2012-12-07,62.39239202401158,63.0672051497794,62.26472618016722,62.9942512512207,1703900
2012-12-10,62.93042997643676,63.24959464511851,62.54742541675067,62.83012008666992,952700
2012-12-11,62.83010901444729,63.18575057648667,62.08234894076619,62.50182342529297,1426300
2012-12-12,62.74803800081928,63.87880263629289,62.44711532329426,63.12192153930664,1604700
2012-12-13,63.23134871720021,63.47756641562518,62.83923711835219,62.976016998291016,870000
2012-12-14,62.80275948517777,63.887919278802,62.80275948517777,63.48668670654297,1169600
2012-12-17,63.68729972296481,64.14325120537069,63.15840129089728,63.9426383972168,1961500
2012-12-18,64.04293947766146,64.15236336574812,63.38636832007544,63.659934997558594,1274700
2012-12-19,63.43197900055493,63.842339580207934,63.10369331974001,63.650840759277344,1765700
2012-12-20,63.70556911302576,64.07944587182888,63.048997582447086,63.90618896484375,1486100
2012-12-21,63.93352638595529,64.69040762264281,63.23135710850401,64.6539306640625,7185700
2012-12-24,64.25269435721776,64.72688788570225,64.0064835708165,64.50802612304688,776300
2012-12-26,64.33476890111437,64.50802576567068,63.53228969036141,64.21621704101562,1197100
2012-12-27,64.1615124888731,64.69953206069768,63.322563178263785,64.37124633789062,1481000
2012-12-28,64.14327020401223,64.53538887331389,63.74203751159554,64.07943725585938,1128500
2012-12-31,64.38034772695808,64.90013213701715,63.77849538980583,64.72687530517578,1527600
2013-01-02,65.77559360557862,66.35921125931891,65.1281429883752,66.195068359375,1721400
2013-01-03,65.30137577257946,65.8849931483851,64.79982632902714,65.16458892822266,2750900
2013-01-04,65.07340329033265,65.37433297159802,64.11590228894947,64.41683197021484,2143600
2013-01-07,64.47156736483126,64.6539522185367,63.24049917072038,63.64173889160156,3813100
2013-01-08,63.39549084454696,63.778495376034755,62.75716155417977,63.48668670654297,5460000
2013-01-09,63.46844842663489,64.11589873214842,63.29519158479778,63.632591247558594,1600100
2013-01-10,63.851427612273696,64.46240774342937,63.69640581422987,64.39857482910156,1722100
2013-01-11,64.55362626488098,64.74512509578494,64.29829449034233,64.57186126708984,828300
2013-01-14,64.6630636418874,64.69953364996663,64.07943915357357,64.31653594970703,1134200
2013-01-15,64.54449855135704,64.54449855135704,63.769382328868325,63.915283203125,2754500
2013-01-16,64.14327023779774,64.71777372874554,63.577894684508856,64.54450988769531,2086000
2013-01-17,64.58098211327103,65.27403046934911,64.54450515165966,65.19195556640625,1023700
2013-01-18,64.98220743362283,65.39256098622684,64.69951278266223,65.01868438720703,1160100
2013-01-22,65.28313823746231,65.40169009065889,64.79071669605692,65.2922592163086,1107600
2013-01-23,65.18284863942215,65.41082445635774,65.0278197963809,65.05517578125,1081800
2013-01-24,65.35609032599592,65.89411674658669,64.65392803437237,65.52023315429688,2177000
2013-01-25,65.47465352825203,65.5931984414191,64.56275031452859,65.06429290771484,1488100
2013-01-28,65.2284150417975,65.38343686913632,64.86365248073713,65.12810516357422,726800
2013-01-29,65.01868240579748,65.03691740340011,64.58096593339386,64.78158569335938,1249000
2013-01-30,64.69952040440111,64.83630725713873,63.60523949703685,63.915283203125,2008900
2013-01-31,63.84232368501727,63.87880063572246,62.820989937072774,63.5140380859375,1894700
2013-02-01,63.614358586009466,64.55361761242675,63.614358586009466,64.1614990234375,1595500
2013-02-04,64.07943274982009,64.46243736907401,63.28608144388988,63.49581527709961,1210500
2013-02-05,63.77851275000058,64.33477426482406,63.55965097031079,64.1706314086914,1231700
2013-02-06,64.02470652866057,64.19797031885274,63.47756613948283,63.77849578857422,1046000
2013-02-07,64.07030836435031,64.07030836435031,62.86659665189899,63.14928436279297,2576700
2013-02-08,63.23134290559035,63.9426330022351,62.90306426664181,63.36812973022461,942200
2013-02-11,63.34991100580525,63.486697865574754,63.08545826552252,63.1766471862793,690500
2013-02-12,63.19490053705863,63.25873348882253,62.182687332466834,62.25563430786133,2293400
2013-02-13,62.20089497315724,62.264727896839325,61.015425396594665,61.50784683227539,5176100
2013-02-14,61.170455521821175,62.4653561250338,60.805692926717775,62.10971450805664,4317300
2013-02-15,62.0823570900018,63.112804961779254,62.03675915769678,62.63861846923828,2429400
2013-02-19,62.91217990987219,62.91217990987219,61.599044448389016,61.918209075927734,2041600
2013-02-20,61.89998639541998,62.15532513422283,61.46227675772503,61.763206481933594,1942100
2013-02-21,61.526082363905815,62.21000945651079,61.343697631518125,61.78141403198242,1599200
2013-02-22,62.09145336914808,64.63566281346472,62.09145336914808,63.83319091796875,4846500
2013-02-25,64.11588687014569,65.20105348311301,63.88791115866627,63.951744079589844,3676000
2013-02-26,63.99733632920962,64.61743048773144,63.76023966226322,64.20707702636719,1446600
2013-02-27,64.161521360706,64.90016086052128,64.14327939732236,64.48980712890625,2604400
2013-02-28,64.48066201380763,65.35608808226927,64.40770810211883,64.85454559326172,2895800
2013-03-01,64.32563213347642,65.34696589772452,64.26179920804012,65.3196029663086,2168800
2013-03-04,65.31049484867054,66.15856491026159,64.99132323537775,66.03089904785156,2452200
2013-03-05,66.1494523834628,66.86985667468169,66.04002150573015,66.59628295898438,2755500
2013-03-06,67.471702210398,67.51730014410828,66.22239953104442,66.55979919433594,2018000
2013-03-07,66.64186703064452,66.86072178330234,66.18591557086825,66.69657897949219,1471700
2013-03-08,66.90631569958732,67.06133751686995,66.09472270644092,66.8607177734375,1794400
2013-03-11,66.6965958895783,67.11607050405296,66.27712127510365,66.62364196777344,1355200
2013-03-12,66.25889405415337,66.77867863283146,65.74822349881948,66.00355529785156,1718900
2013-03-13,65.89411252649738,66.12208827580011,65.65701579918756,65.83939361572266,1409100
2013-03-14,66.04914620969627,66.18593307525902,65.42905178211163,65.53848266601562,1377300
2013-03-15,65.39256263414774,65.57494740666488,64.76334734418208,64.94573211669922,3440500
2013-03-18,64.47154531236443,64.7907169578587,64.0976686653765,64.51714324951172,1902300
2013-03-19,64.63568289306832,64.7542347371094,64.08854247810808,64.42594909667969,1123600
2013-03-20,64.52627062694016,65.06429016083361,64.35300679732134,64.8636703491211,1523700
2013-03-21,64.68127809730329,65.16458555941297,64.58096821377855,64.82717895507812,1542000
2013-03-22,65.15548864081441,66.27713277200876,65.00958772916455,65.56584930419922,2233100
2013-03-25,65.83026542769012,65.84850042251219,64.90012067464095,65.49285888671875,1081900
2013-03-26,65.84850042251219,65.9761662580654,65.10074040401493,65.49285888671875,1382100
2013-03-27,65.1737028955535,66.0217728906152,65.1737028955535,65.92146301269531,1768600
2013-03-28,65.88498867882622,66.14944137137111,65.07339560323938,65.65701293945312,1481400
2013-04-01,65.79378975733535,66.21326421904419,65.5202161288326,65.7481918334961,1066000
2013-04-02,65.97619517676931,66.43214677710256,65.93060419109756,66.1859359741211,1173900
2013-04-03,66.34095703980746,66.34095703980746,65.20107805286919,65.73909759521484,1203800
2013-04-04,65.80292859404838,66.58715883026458,65.58406684893532,66.10385131835938,1846000
2013-04-05,65.64792404286496,66.60542539905356,65.4837811520118,66.51423645019531,1423100
2013-04-08,66.55979453900778,67.82733908609798,66.4503706373851,67.2254867553711,1934800
2013-04-09,67.4534661843621,67.79086584251705,66.82425088653272,67.37139129638672,1272100
2013-04-10,67.6449666590153,68.5112717496817,67.480823836258,68.40184783935547,1665500
2013-04-11,68.3744658915834,68.91248513238317,68.31974699993582,68.51124572753906,1118200
2013-04-12,68.56600991130685,68.90340967255813,68.33803409110143,68.8395767211914,1006000
2013-04-15,68.57509078020935,69.17694999405443,67.62671794907145,67.86380767822266,2086600
2013-04-16,68.09180693196993,69.4140706814282,67.81824015975951,69.06754302978516,1907500
2013-04-17,68.48390516596855,68.73012284060663,67.96412080061435,68.35623931884766,1231100
2013-04-18,68.56599126483187,69.4322963631134,67.97325290203861,69.14048767089844,1727100
2013-04-19,69.11312987955701,69.91560202277437,69.11312987955701,69.36846160888672,2141500
2013-04-22,69.45964765020817,69.97943206552877,69.17695995544693,69.8061752319336,901700
2013-04-23,69.9429532184375,70.38066969398514,69.65114455382819,70.17092895507812,1212900
2013-04-24,70.1709380329465,70.35332282021415,68.86691637237284,69.65115356445312,1518400
2013-04-25,70.0615098425467,71.9217928155487,69.90648800078016,71.21050262451172,3959100
2013-04-26,71.1375547790284,71.82148202711512,70.91869305040788,71.26522064208984,1220500
2013-04-29,71.26521176021853,71.58437637809425,70.69982946764809,71.00988006591797,1313600
2013-04-30,72.13152173380315,72.9431148002493,70.9734080520289,72.03121185302734,1961800
2013-05-01,75.05872799265545,75.05872799265545,71.56614505592029,71.79412078857422,2272800
2013-05-02,71.83062033923359,72.70605363523056,71.7120754140926,71.9674072265625,1463900
2013-05-03,72.43245714636755,72.90664365550079,72.0494595477675,72.27743530273438,1010600
2013-05-06,72.22272252920023,72.38686536501848,71.39289432836851,71.7120590209961,1004400
2013-05-07,71.71205519158215,72.50541334854992,71.63910127794342,72.32302856445312,1384800
2013-05-08,72.39597478200456,73.29875675619164,72.29566490073185,72.96135711669922,2248800
2013-05-09,73.3808389992029,73.3808389992029,72.4506939990721,72.65131378173828,1801500
2013-05-10,72.8610450208233,73.24404257916848,72.69690221620863,72.89752197265625,1194300
2013-05-13,72.94312286376953,73.29876449591922,72.68779112348443,72.94312286376953,530500
2013-05-14,73.03430017321348,73.82765820356379,72.9522322514188,73.72734832763672,981900
2013-05-15,73.53586791050753,73.92798653503895,73.31701310715263,73.6179428100586,739000
2013-05-16,73.42642946455376,73.59969326787771,72.96136392500219,72.99784088134766,883100
2013-05-17,73.7000053998376,73.71824039993086,72.751625377818,73.66352844238281,1161900
2013-05-20,73.35347656641795,73.70911816538897,73.14373582374064,73.5267333984375,948000
2013-05-21,73.40819524025642,73.73648089356449,73.28052937033308,73.58145904541016,1085000
2013-05-22,73.48113230292059,73.55408619965206,70.55392502991843,71.60260772705078,2329600
2013-05-23,70.83661861607466,71.89442237821117,70.64511983906547,71.67556762695312,1205300
2013-05-24,71.48407548738257,71.73940721376954,70.91869312376302,71.24697875976562,868400
2013-05-28,71.85796066833355,72.10417142222533,70.51746211746031,70.57217407226562,937100
2013-05-29,70.55395398858938,70.57218899162349,68.22859801601987,68.74838256835938,2971300
2013-05-30,68.90340018355134,69.95209020353026,68.64806841324737,69.06754302978516,1623700
2013-05-31,69.0037091819674,69.56909163541543,68.301546822843,68.63894653320312,1305900
2013-06-03,68.53863286873178,68.76660861889557,67.63584388885036,68.62982177734375,1470500
2013-06-04,68.30154655113064,69.64204527957703,68.30154655113064,68.81221008300781,1321700
2013-06-05,68.48393437526045,69.34112567776138,68.00974773474557,68.2559585571289,1384400
2013-06-06,68.31976270792713,69.46876229498835,68.06443101241727,69.42316436767578,1223700
2013-06-07,68.392727037831,69.53260582179485,68.392727037831,69.4687728881836,1125900
2013-06-10,69.49611792333204,70.14356813580714,68.20121749838182,68.35623931884766,1923600
2013-06-11,67.72703142792685,68.52951050492753,67.57200959069449,67.90941619873047,1806400
2013-06-12,68.10090705004318,68.40183666883219,67.4169798931228,67.46257781982422,2125600
2013-06-13,67.25284147796197,69.08576832593855,66.82424598521084,68.96721649169922,2183200
2013-06-14,68.70276917895924,70.2347665083648,68.70276917895924,69.52348327636719,1459700
2013-06-17,69.96121828865455,70.41716991258241,68.59336341687096,68.94900512695312,946900
2013-06-18,69.11312702517375,69.77881229810934,68.78484139894584,69.18608093261719,988100
2013-06-19,69.28638608572251,69.28638608572251,67.31667246283114,67.3531494140625,2576600
2013-06-20,66.61450773999773,66.65097773256919,65.06426867957256,65.58405303955078,3222600
2013-06-21,65.75731696410735,66.11295852926966,64.84541408784156,65.42903137207031,2243400
2013-06-24,64.77246953660973,65.36520788318582,64.33475998889693,65.20106506347656,1519900
2013-06-25,65.36520402238048,65.88498842788067,65.08251633296013,65.2101821899414,1764800
2013-06-26,65.44726096376421,66.340928769903,65.14633832696947,65.49285888671875,2341700
2013-06-27,65.97619867004038,68.52040956948177,65.666154904887,67.882080078125,3421500
2013-06-28,67.74526993725613,68.13738847795125,67.45346127608306,67.59024810791016,2281500
2013-07-01,68.02796447379748,68.41096207568059,67.2984462260108,67.6267318725586,1372600
2013-07-02,67.88206360714733,68.21034925369513,66.94280460179534,67.6267318725586,788100
2013-07-03,67.43521488944327,67.9732412039994,67.09781527801331,67.46257781982422,366700
2013-07-05,68.00972302411473,68.00972302411473,66.07648628416375,67.261962890625,1199200
2013-07-08,67.50818450627035,67.73616027832031,66.92456708640394,67.73616027832031,1115900
2013-07-09,67.79999074842434,68.24682129734339,67.41699313506516,67.84558868408203,1059700
2013-07-10,67.60848044447876,69.45052819841369,67.58112447064347,69.24990844726562,2137300
2013-07-11,70.1344510584711,71.47494239479762,70.00677825964962,71.11930084228516,1890100
2013-07-12,71.12845785494135,72.17714804810284,70.79105112716606,71.9674072265625,1358400
2013-07-15,72.3138943673213,72.3138943673213,70.80925336534746,71.90353393554688,1510200
2013-07-16,71.73941492505112,72.43246322636003,71.43848523349045,71.73030090332031,1127000
2013-07-17,71.49319072925589,71.59350060761224,70.034147440346,71.50231170654297,1653600
2013-07-18,71.62085330680564,72.52363521345916,71.54789940637971,71.76675415039062,1081200
2013-07-19,71.8032530445495,72.7698751274373,71.73942010148542,72.42334747314453,1391400
2013-07-22,72.86104779579163,72.92488072461362,71.73029007497321,71.85795593261719,562600
2013-07-23,72.35036830673928,72.67865388717544,71.65732715449992,71.75763702392578,1028200
2013-07-24,71.68470748949568,71.91268327798605,71.13756698857256,71.23787689208984,950500
2013-07-25,71.34731031599054,71.60264211992767,69.42319384840313,70.07976531982422,2257900
2013-07-26,69.96119788801612,70.25300656394795,69.54172335119333,69.76969909667969,1232900
2013-07-29,69.7696910274365,70.13445356948142,69.28638361606535,69.4778823852539,860600
2013-07-30,69.60556589559717,69.76058775419536,68.84868464629739,68.90339660644531,1180900
2013-07-31,69.07665920031502,69.13137115949431,67.24373203785565,67.56289672851562,3086600
2013-08-01,67.76351928710938,68.54775653460132,67.69057232431638,67.76351928710938,2275700
2013-08-02,68.3927366664161,68.803090303507,66.71483819968911,66.91545104980469,4347300
2013-08-05,66.79689615146306,68.77572403323651,66.62363235150214,68.73013305664062,3376700
2013-08-06,68.75749461780914,69.21344616440301,67.93678044248648,68.02796936035156,2005800
2013-08-07,68.06444678514798,68.26506658018636,67.0887107470447,67.09783172607422,1469900
2013-08-08,67.04310024384962,67.33490890268645,66.66010268361389,66.81512451171875,1964100
2013-08-09,66.95192710844705,67.52643054135328,66.68747436202922,66.97016906738281,2302200
2013-08-12,67.1981403132829,67.79999272939386,66.86985464730661,66.97927856445312,1531200
2013-08-13,66.79690929341666,67.11607402145353,66.14945885732206,66.8060302734375,1858300
2013-08-14,66.6418720386231,67.14341450770645,66.24975347545805,66.3409423828125,1494500
2013-08-15,65.7026052341321,66.19502666654174,65.59317438400392,65.89410400390625,1875400
2013-08-16,65.89412545477091,66.12210124880197,65.13724414884324,65.32874298095703,1270000
2013-08-19,65.29224151859262,65.94881267219147,64.83629010162302,65.40167236328125,1174000
2013-08-20,65.59317291079549,66.96102719897506,65.17369843062575,66.56890869140625,1355100
2013-08-21,66.67836184510976,66.67836184510976,65.75733770158897,65.96707153320312,822600
2013-08-22,65.85763450932832,66.25887404795405,65.53846985690677,66.04913330078125,693700
2013-08-23,66.11298087407293,67.08871700316504,65.83940713582427,66.99752807617188,907600
2013-08-26,67.05220794677734,67.89115680518728,66.55066560974059,67.05220794677734,851000
2013-08-27,66.76041666036593,67.96412832161509,66.31358614599591,67.75439453125,1646100
2013-08-28,67.73614921771019,68.44743239719794,67.28931872549022,68.03707885742188,1254400
2013-08-29,67.74528173290406,68.9125165808325,67.60849487725996,68.4930419921875,1011000
2013-08-30,68.65718343985267,68.87603823009879,68.16475494384765,68.39273071289062,914600
2013-09-03,68.83044623864156,69.14048994049264,68.27418481377393,68.584228515625,1679000
2013-09-04,68.41097859293802,69.00371709549817,68.15564679670156,68.94900512695312,1109300
2013-09-05,69.18608539247137,69.40494017164188,67.95501073612574,68.69365692138672,1207000
2013-09-06,69.26815353891323,70.81839286908546,69.05841973743236,69.14048767089844,1690700
2013-09-09,69.4231860901213,70.53570907489319,69.29552020241985,70.23477935791016,1600500
2013-09-10,70.38065242285137,71.36550903320312,70.31681951054703,71.36550903320312,1089700
2013-09-11,71.20138573921491,71.84883601460567,70.86397913488415,71.6482162475586,835500
2013-09-12,71.81236215306578,71.81236215306578,70.33507676987199,70.43538665771484,993300
2013-09-13,70.67248500250524,70.67248500250524,69.66939305843941,69.76058197021484,959700
2013-09-16,70.57217653720461,70.66336545082113,70.02503609823736,70.4627456665039,761600
2013-09-17,70.4627494433323,70.85486805444235,70.25301562649932,70.47187042236328,863000
2013-09-18,70.53568564290346,70.86397123287031,69.46876095414461,70.58128356933594,1934800
2013-09-19,70.74545612115739,71.25611971711507,70.40804941253124,70.61779022216797,536600
2013-09-20,70.61777218259652,71.09195869238599,70.32596349412579,70.41715240478516,982500
2013-09-23,70.38979642731414,71.01900478095133,70.18005567125647,70.41715240478516,901700
2013-09-24,69.71498600162627,71.11931754582719,69.71498600162627,70.59953308105469,1037900
2013-09-25,70.59951649959258,71.23785266463369,69.90647534751353,71.11930084228516,1054100
2013-09-26,71.41111751581643,72.68778303240077,71.20138373418608,72.66954803466797,1771700
2013-09-27,72.50542483801519,72.99785339720631,72.27744903971943,72.79723358154297,1076200
2013-09-30,72.09504618846996,73.54497552063718,71.85795642679633,73.37171173095703,1471500
2013-10-01,73.46291652148486,73.61794534658537,72.00387285339922,72.42334747314453,2438100
2013-10-02,71.84885186474361,72.4689463009264,71.6117550916319,71.78501892089844,1498100
2013-10-03,71.63908165672613,71.71203555038352,70.54480108093021,70.80013275146484,1413900
2013-10-04,70.97340349471565,71.48406688604389,70.453619126466,70.68159484863281,976700
2013-10-07,70.52655416639944,71.40198691415729,70.40800931549707,71.17401123046875,914400
2013-10-08,71.17403217472634,71.43847792322917,70.13446330777573,70.31684112548828,1311500
2013-10-09,70.6177746548413,70.6177746548413,70.0067943217712,70.30772399902344,1427000
2013-10-10,71.01900032460121,71.67557157177835,70.74543360978906,71.52967071533203,1228300
2013-10-11,71.57527881195077,72.37775806481692,71.25611408968317,72.36863708496094,966200
2013-10-14,72.2135993333999,72.87928461384429,71.93090467818475,72.87017059326172,893600
2013-10-15,72.72425819076655,73.4173063610582,72.63306928981777,72.89752197265625,846500
2013-10-16,73.32613161421523,74.40217059329213,73.08903486016798,74.3292236328125,1728900
2013-10-17,74.49337440881165,76.87344231018798,74.39306450053377,76.75489044189453,1779100
2013-10-18,76.98285492268519,77.65766819866079,76.73664415682855,77.21083068847656,1466300
2013-10-21,77.03757669026523,79.36292541308832,76.6910490607781,78.47837829589844,2138300
2013-10-22,78.73370237116706,79.51793951462784,78.39630271085873,79.09846496582031,1591700
2013-10-23,78.6333823687413,79.07109182147909,77.8673803905507,77.94945526123047,1578000
2013-10-24,77.96770266490529,79.7641525997039,77.96770266490529,79.74591064453125,1587200
2013-10-25,80.72163505343597,80.73075602972573,79.16228205667642,79.5999984741211,1402100
2013-10-28,79.73680664454454,80.03772937003542,78.88873651139399,79.65473175048828,1277500
2013-10-29,80.01034915304065,81.15022764490689,79.74589650805574,80.81282806396484,1188000
2013-10-30,82.18981611174101,82.18981611174101,80.08332237663562,81.09553527832031,1243000
2013-10-31,80.6669438820056,80.90404062572675,78.98904559048536,79.69120788574219,1466000
2013-11-01,80.11067239685363,80.36600410851413,78.6789850502423,79.78238677978516,1481000
2013-11-04,79.6547084441517,80.27480262843217,79.37202080156976,80.00123596191406,1390300
2013-11-05,82.07126740298376,84.01361822690474,80.2656964589204,82.94669342041016,3721600
2013-11-06,83.43913682412813,83.77654348858016,82.98318525678316,83.74006652832031,1726800
2013-11-07,83.74917722799427,84.08658387906094,82.80080412793647,83.40265655517578,1635100
2013-11-08,83.30232823087907,83.75827967927718,81.85240596446127,83.53030395507812,1891800
2013-11-11,83.81300582974022,83.81300582974022,83.18379055022916,83.2385025024414,705200
2013-11-12,82.9467097031249,83.31147235464023,82.49075812804794,82.75521087646484,1723700
2013-11-13,82.3083711101837,82.75520165593827,81.77946567228018,82.20806121826172,1401200
2013-11-14,82.83725964684612,82.83725964684612,81.2414295034502,81.52412414550781,2464500
2013-11-15,81.8432904349433,82.5728155838442,81.35998298063511,82.0712661743164,1710100
2013-11-18,82.07126855782296,82.70959786369897,81.67914999642267,81.9800796508789,1164300
2013-11-19,81.64268308001239,81.96184777219112,80.44809225045694,80.78549194335938,940100
2013-11-20,80.59398635768413,81.46029840055795,78.51484858641561,78.90696716308594,1509600
2013-11-21,78.91607001352054,80.69427771014216,77.59380676463984,77.94945526123047,1703500
2013-11-22,78.07715652710388,78.35072331988475,76.5725148163659,77.28379821777344,2243500
2013-11-25,77.56645135568581,77.92209289758775,76.94635716209105,77.44790649414062,1456900
2013-11-26,77.21082638567154,78.40542406278817,76.66368596971694,78.16832733154297,971700
2013-11-27,77.85827537543338,78.22303796566906,77.33849094545953,78.04977416992188,647600
2013-11-29,78.22302459530866,78.41452335706502,77.53909746449317,77.66676330566406,344700
2013-12-02,77.48440663257217,78.77018637106383,77.22907488066,78.35983276367188,1336400
2013-12-03,78.25039411545906,78.3963019347831,77.38408904934279,77.8947525024414,875800
2013-12-04,77.51174290485415,78.42364576255831,77.11050342113897,78.40541076660156,1356700
2013-12-05,78.15919736607978,79.06197929645992,77.74884384061619,78.68810272216797,1629000
2013-12-06,79.84623619579855,80.35690668183943,78.78843217801797,79.43588256835938,1215900
2013-12-09,79.60004727090461,79.809781153276,78.94347572087634,79.62740325927734,808600
2013-12-10,79.28996811477218,79.97389540831169,79.0528783289116,79.24437713623047,754700
2013-12-11,79.30821329263452,79.7550438611906,78.74283086906567,79.11671447753906,1119100
2013-12-12,78.91607821993775,79.61824039546894,78.38717286538504,78.86136627197266,921900
2013-12-13,79.25347614937705,80.0377061612626,78.94342557779164,79.82797241210938,822100
2013-12-16,79.16231569631415,79.4723664065225,77.50265212690067,77.92212677001953,1823300
2013-12-17,77.55733578116526,78.1227110634816,77.23816423593559,77.50261688232422,1111900
2013-12-18,77.54824112623032,78.62428707178121,77.24731143089616,78.30512237548828,1159400
2013-12-19,79.22613179634914,79.74591623895563,78.70634735374263,79.52706146240234,1303700
2013-12-20,79.64560577820777,79.90094446583184,78.69723276753268,79.39027404785156,1953700
2013-12-23,79.38116775756541,80.23835194191491,79.23525992185657,79.85535430908203,851800
2013-12-24,79.76414878929623,80.65780974657764,79.70031586377613,80.3751220703125,403000
2013-12-26,80.54840630598899,80.89492699577697,79.05288570777098,80.48457336425781,630400
2013-12-27,80.56662931631438,80.89491495557601,79.9009440169495,80.33865356445312,675200
2013-12-30,80.3477769210339,81.56060962658258,80.20186909603494,81.46941375732422,706400
2013-12-31,81.733862839452,82.07126945181473,81.5150080689488,81.92536163330078,495000
2014-01-02,81.34174588263907,81.78858336772527,79.93742136663859,80.63046264648438,1314100
2014-01-03,80.61223758173664,81.15025708559908,80.04685514003873,80.07421112060547,524500
2014-01-06,80.46631820523403,80.47543918320477,79.6000131442426,80.08332061767578,761500
2014-01-07,80.24746944623827,81.09553957208583,79.93742574468473,80.75813293457031,658300
2014-01-08,80.7398950430016,81.46941329202576,80.25658755067194,81.19584655761719,1932900
2014-01-09,81.47852256557601,81.51499951637734,79.94652541825558,80.10154724121094,906700
2014-01-10,80.50281441849435,80.67607825504953,79.7185770998237,80.53929138183594,1850600
2014-01-13,80.38425934082969,81.2779204792504,79.87358887589221,81.26880645751953,1573300
2014-01-14,81.37820909414299,82.73694936169912,81.12287740708368,82.5910415649414,1402800
2014-01-15,82.90111272600876,83.32970133148712,82.29925335093415,82.6822509765625,1952800
2014-01-16,82.65487508058915,82.85549482393914,82.05302280780593,82.72782897949219,927500
2014-01-17,82.49987314344388,82.82815881034811,81.98920964260101,82.08039855957031,934900
2014-01-21,82.56368396647032,82.81901564850149,81.78856794394243,82.66399383544922,803700
2014-01-22,82.72785395618214,84.39663837176799,82.70049797515104,83.41178131103516,1691700
2014-01-23,83.32057423062903,84.60635375976562,82.52721616727764,84.60635375976562,2028300
2014-01-24,84.51516332850831,84.55164028036363,81.98007431133436,82.02566528320312,1806700
2014-01-27,82.0256464926291,82.79164839157951,80.98607795333363,81.70648193359375,1562900
2014-01-28,81.7065241968804,82.49076149459995,81.65181223196434,82.00745391845703,1190500
2014-01-29,81.5514728634761,82.99228104875843,81.19583130546253,82.5910415649414,1245100
2014-01-30,82.99231845671751,84.42400631070483,82.60019977277094,84.15955352783203,1098500
2014-01-31,83.05612605577335,85.52738232549213,82.23541197275826,84.5790023803711,856900
2014-02-03,84.67932933572162,85.06232699924475,83.26587663242128,83.88597106933594,1632100
2014-02-04,84.07746726264315,84.56989579626376,82.12599508714788,83.54856872558594,1592300
2014-02-05,83.66709596567073,83.88595072642889,82.81902594080701,83.63973999023438,847500
2014-02-06,84.13215435447826,85.25379090345497,83.05610877118433,83.89505767822266,753900
2014-02-07,83.24761413273126,84.92551208000035,81.90711579590932,84.72489929199219,1604800
2014-02-10,84.47869052524007,84.98935396175794,83.76740732229945,84.96199798583984,881300
2014-02-11,85.20820412556367,86.7857921525004,84.84344159584306,86.38455963134766,989400
2014-02-12,86.4028067616999,86.5578285974912,85.29028402057642,85.8739013671875,986600
2014-02-13,85.20821351420489,87.23263916781171,85.20821351420489,86.7584457397461,858900
2014-02-14,86.42104982770277,87.91657724493271,86.42104982770277,87.87097930908203,747000
2014-02-18,88.35427354403265,88.3725154985398,87.73417927886594,88.0898208618164,505400
2014-02-19,88.09893687031166,89.19321753193944,87.54267556275862,89.08379364013672,746600
2014-02-20,89.70390680520042,90.7617107404216,89.16588038029127,90.46990203857422,1664800
2014-02-21,90.69788025217687,90.86202308622539,88.52755340844064,88.67345428466797,1220700
2014-02-24,88.60960596856052,89.63093975397224,87.42413633485461,87.45149230957031,1885900
2014-02-25,87.8709944809137,87.88922948404151,86.56697260328923,86.94084930419922,1817100
2014-02-26,85.71886483095822,86.90434127642058,83.89505919625698,84.61546325683594,2724300
2014-02-27,85.42707758096647,87.56092736795367,85.03495899310967,86.53047943115234,1273400
2014-02-28,86.82227406992688,87.9256757414597,85.83741727049913,86.78579711914062,1090800
2014-03-03,85.77358808031954,87.29647127356345,85.76447406017641,86.794921875,1096600
2014-03-04,87.67948120226441,87.92569196892825,86.38458051806859,87.36943054199219,1359300
2014-03-05,87.55180140854591,87.55180140854591,86.15659105233483,86.8496322631836,1155600
2014-03-06,86.81316031475019,87.33294473147697,86.54871457476833,87.11408996582031,632900
2014-03-07,87.71594819660434,87.74330417231884,86.42104070222176,86.7037353515625,758500
2014-03-10,86.60342150088059,87.12320588744194,85.69151858008752,86.22953796386719,737400
2014-03-11,86.8587779884694,87.76156018960553,86.22044854469014,86.6216812133789,1032500
2014-03-12,86.11100150091725,87.08673744319427,85.93773770271503,86.81316375732422,730400
2014-03-13,87.24175575283134,87.60651833346674,86.08364203837661,86.51223754882812,724000
2014-03-14,86.12924206208928,87.65212547445324,85.74624444295173,86.59431457519531,606900
2014-03-17,86.61254784403124,86.90435651847277,86.12923342196372,86.18395233154297,494200
2014-03-18,86.08363385955282,87.2599894177707,85.91037008482763,86.37544250488281,505300
2014-03-19,86.6034324305829,86.67638634319755,84.84345929304588,85.4817886352539,779400
2014-03-20,84.99846767048058,86.03803641007025,84.95287670027183,85.27204132080078,658000
2014-03-21,85.60946996704287,85.94687665587918,83.69447463725167,83.79478454589844,1041100
2014-03-24,84.10483901043173,84.34192884394727,82.24455556321593,83.33883666992188,793100
2014-03-25,83.63063810289759,83.84949291361339,82.02568659068743,82.56371307373047,946100
2014-03-26,82.80992406732565,83.06525583999262,82.21719257674978,82.40869140625,788200
2014-03-27,82.51809982739857,85.33588369146013,82.21717712745497,85.04407501220703,6283100
2014-03-28,85.34500122491552,85.62769589511372,83.86772276919719,84.12305450439453,786100
2014-03-31,84.50604666619475,84.83433229238808,82.72783865537045,82.94669342041016,1755700
2014-04-01,82.91934104636331,83.58503330541328,82.76431920427902,83.11083984375,1917300
2014-04-02,83.32968275955405,83.33880373639859,81.597072851501,82.05302429199219,2146300
2014-04-03,82.2171821967823,82.58193785038792,82.04391839123194,82.20806121826172,1503700
2014-04-04,82.60016740089961,82.7825452003093,79.3629092818744,80.3751220703125,2976700
2014-04-07,80.09243592055724,80.67605323851214,79.54529555463293,79.7003173828125,1249400
2014-04-08,79.67298899921683,80.73079314535714,79.56355810522868,80.11981964111328,1122900
2014-04-09,80.62135025184159,82.44515631252143,80.26570166932247,82.28101348876953,1167900
2014-04-10,82.436034401003,83.08348471034303,81.04082389353965,81.2323226928711,1283900
2014-04-11,80.94962443461395,81.60619569306216,80.11067536316018,80.44808197021484,1031200
2014-04-14,80.69430137799417,81.32351672777986,80.04685102785697,80.256591796875,1073900
2014-04-15,80.36601193089155,80.77637247080301,79.43587389684134,80.24746704101562,991300
2014-04-16,80.76724701244684,82.08038953569766,80.58486919855875,81.9800796508789,1580500
2014-04-17,82.39043863474257,83.62150635270083,81.87065417794827,83.13819885253906,1553900
2014-04-21,83.0105351223948,83.90420318975396,83.0105351223948,83.82212829589844,1049000
2014-04-22,83.60325945763854,84.50604139472105,83.53030555475364,84.09568786621094,894600
2014-04-23,84.12303662134438,84.28717941011571,82.88284820779798,82.99227905273438,678400
2014-04-24,83.56678730500468,83.95890585894446,82.22628883090199,82.6548843383789,978100
2014-04-25,82.545473459516,82.96495504810301,81.81595508398168,82.00745391845703,755400
2014-04-28,82.50897980695676,82.83725845963603,80.22922249192142,81.25054931640625,1075300
2014-04-29,81.341751959073,82.25365503914003,81.24144206368415,81.78858947753906,875300
2014-04-30,81.4146928929603,82.06214314169428,80.92226447337379,81.85240936279297,1299800
2014-05-01,82.00744326844733,83.03789123173776,81.47853781871528,82.58193969726562,1438300
2014-05-02,85.49091051586093,89.50328530752562,83.89508018623152,86.53047943115234,3527000
2014-05-05,86.2477816209878,88.64608384540277,85.93773100401846,88.0168685913086,2290600
2014-05-06,88.08069766538208,88.55489106888024,87.57003426832283,88.02598571777344,1004500
2014-05-07,88.18102300960834,88.80111736792917,87.42414875827191,87.87097930908203,1336900
2014-05-08,87.73419796996107,89.23883950306302,87.58829708915671,88.27222442626953,989500
2014-05-09,88.2539881152618,89.06558138398817,87.82539251008222,88.6369857788086,601800
2014-05-12,88.83760435519861,89.64919761264089,88.40900875597805,89.4668197631836,1154600
2014-05-13,89.54887573614702,91.19942496932443,89.35737693263832,90.42430877685547,1222600
2014-05-14,90.44252839825467,92.15690331716684,90.0139329292099,91.95628356933594,1869800
2014-05-15,91.77391852818533,91.94718232671003,90.00482445940685,90.84378051757812,2086300
2014-05-16,91.31795797923284,91.71919749091641,90.48812993865755,91.36355590820312,1212800
2014-05-19,91.31796346514462,91.59153714086688,90.6796341648161,91.28148651123047,1164000
2014-05-20,91.2267873388069,91.64626193168166,90.7617148078348,91.39093017578125,1099500
2014-05-21,91.7739057752716,92.50343086606271,91.09909958851328,91.95628356933594,1245300
2014-05-22,92.0110070996299,92.85907710347662,91.74655441485325,92.54902648925781,804700
2014-05-23,92.8590935101372,92.92292644827411,91.58242779013052,91.7374496459961,975400
2014-05-27,92.29369672510481,92.53079344011522,91.27236291659393,91.54593658447266,1288900
2014-05-28,91.45473850369657,91.6827142182963,90.95318914867052,91.60063934326172,1803400
2014-05-29,92.05660042743864,92.19338726199814,91.0352735715649,91.8377456665039,874300
2014-05-30,91.96539776343532,92.67668084800015,91.04437396962545,92.55813598632812,1709400
2014-06-02,92.3757677227847,92.3757677227847,90.87112652727602,91.5550537109375,873900
2014-06-03,91.5277114749434,91.75568723704941,90.64316440480911,90.98968505859375,887100
2014-06-04,91.19942871036565,91.82863710277091,90.81642413036916,91.65538024902344,671300
2014-06-05,91.76481006750913,91.97455084997928,90.44255330326787,91.26326751708984,778700
2014-06-06,91.62804881568736,92.1022354817211,91.21768814660469,91.58245086669922,793500
2014-06-09,91.4729858783638,92.18426909100756,91.25413111076594,91.41827392578125,737700
2014-06-10,91.48210685621677,91.95629334555673,90.93496645858832,91.41827392578125,749200
2014-06-11,91.07176171693355,91.63713716526951,90.91673290817111,91.38180541992188,991200
2014-06-12,91.40914273139468,91.64623942819887,90.68873862141542,91.04438018798828,689200
2014-06-13,90.72523114643668,90.93497190601364,89.30266463593085,89.51240539550781,861900
2014-06-16,89.54889509845832,89.67656099506812,88.12632827493803,89.15677642822266,965500
2014-06-17,89.20236611236643,89.7312716106387,88.71905855463345,89.03822326660156,465700
2014-06-18,89.12938690185547,89.33000665167641,88.13541608699144,89.12938690185547,814900
2014-06-19,88.8466931281394,90.22366835137952,88.78286020824173,89.84978485107422,671700
2014-06-20,89.98659130193604,90.19633206008814,88.76463762364104,89.99571228027344,1236000
2014-06-23,89.75860307857275,90.26926647825722,89.17498577685703,89.57622528076172,679200
2014-06-24,89.12938592241143,90.3786953779433,89.0199620289966,89.95922088623047,725100
2014-06-25,90.05954875697097,92.40313935858066,89.74949809671438,91.38180541992188,827000
2014-06-26,90.99879833377624,91.49122677311179,89.84067766424606,91.00791931152344,725900
2014-06-27,90.3331324009616,92.76791933046971,90.09604256865425,92.68584442138672,1287500
2014-06-30,92.3575290512846,93.53388468386736,91.60976891552664,93.28767395019531,1032200
2014-07-01,93.26031907227834,93.4335828729207,92.35753702782151,92.95939636230469,757900
2014-07-02,92.78612838526692,93.0049831528336,92.2663439640038,92.65846252441406,760900
2014-07-03,92.94114011752012,92.96849609083327,92.10219113533832,92.76788330078125,390800
2014-07-07,92.6949297784826,92.99585940068825,92.06571456064663,92.4395980834961,656500
2014-07-08,92.53992104862097,92.94115364438818,90.91672783737353,91.75568389892578,1044600
2014-07-09,92.07484611859427,94.5005044569847,91.76479548386106,94.3272476196289,1094400
2014-07-10,93.3241480182053,96.57964834919481,93.3241480182053,94.965576171875,1544100
2014-07-11,95.0294204095907,95.09325334775819,94.04456340020496,94.50963592529297,673000
2014-07-14,94.77406829333272,95.48535143930339,94.59169049697454,94.88349914550781,376500
2014-07-15,94.8470355633234,95.3576990309171,94.0445564487985,94.628173828125,495500
2014-07-16,95.02030834121419,95.66776571983104,94.33638095788318,95.23004913330078,479200
2014-07-17,94.6737471144264,95.62212684824291,93.85303321427114,94.08100891113281,653500
2014-07-18,94.45492735266116,95.24827861872068,93.8439539286853,94.82880401611328,1004800
2014-07-21,95.10238461487016,95.4215493402348,94.26343534897764,95.33036041259766,931200
2014-07-22,95.58566569022128,96.69818838782962,95.07500227122753,95.14794921875,870100
2014-07-23,95.24825205420912,95.45799277565098,94.73758867298268,95.28472900390625,1056500
2014-07-24,95.14796930528388,95.6951167494472,94.09928627093127,94.36373901367188,1083600
2014-07-25,93.84393736850936,97.30916445748848,93.52476576528251,94.12662506103516,2480700
2014-07-28,94.23605859829311,98.07517659177546,94.23605859829311,97.27269744873047,1850700
2014-07-29,97.60099937786093,98.31228276794924,96.47936232649685,97.09945678710938,1142300
2014-07-30,97.46418681024011,99.87161009152567,97.39123986025231,99.36094665527344,1466200
2014-07-31,98.83206055201131,98.83206055201131,97.37301690848996,97.50980377197266,1319000
2014-08-01,97.77421207767408,98.02954372957464,95.9595275882959,96.81671142578125,984400
2014-08-04,97.13591890626816,97.27270576801033,95.70423126220703,95.70423126220703,1191200
2014-08-05,95.36680203239513,96.19663001081089,95.18441728744295,95.53094482421875,965900
2014-08-06,95.91395624619476,98.74997508629187,95.79541136275418,97.29093170166016,1840700
2014-08-07,97.30915410353639,97.8836504051353,96.47020513563317,97.64656066894531,1005400
2014-08-08,97.72863934786749,101.35801621936746,97.43683067658614,100.75615692138672,1627700
2014-08-11,100.69233126870564,101.88692897328826,99.8077842132289,99.8442611694336,1175000
2014-08-12,99.60716435511631,100.25461462816952,98.47639966443667,99.98104095458984,861900
2014-08-13,100.05399561025028,100.99325456208929,98.97794982059825,99.34271240234375,932700
2014-08-14,99.58893439267456,99.99929495246178,98.88677208325446,99.50686645507812,928100
2014-08-15,100.44611075158991,100.44611075158991,98.43992009886091,99.00530242919922,961600
2014-08-18,99.71660008085402,100.18167259817015,99.03267277308785,99.6618881225586,1206900
2014-08-19,99.62539735253927,100.0995838256512,98.16635402304023,98.50375366210938,1393100
2014-08-20,98.69527764363272,99.67101370280113,97.86544246574391,99.63453674316406,1005500
2014-08-21,99.38831669146802,100.1999098920125,98.51289055236168,99.70748138427734,1608000
2014-08-22,99.91722771716886,99.91722771716886,98.33051818658681,99.0235595703125,970700
2014-08-25,99.30623349186031,100.5737780465697,99.30623349186031,100.3458023071289,936200
2014-08-26,100.17254834026691,100.61026486410691,99.26976627160282,100.4096450805664,687600
2014-08-27,100.6193904681823,101.6772014641595,99.99018202414517,100.86560821533203,1070100
2014-08-28,100.53732095533506,101.19389232779821,100.19991428968905,100.92031860351562,638900
2014-08-29,101.33977137642954,101.33977137642954,100.24549062962123,100.57377624511719,526700
2014-09-02,100.66497638464949,101.03885997185903,100.03576105850081,100.73793029785156,690200
2014-09-03,101.17563924782591,102.12401924188656,100.79264164174413,101.22123718261719,1216900
2014-09-04,101.04795834986864,102.27903283345016,100.99324640207107,101.68629455566406,907900
2014-09-05,101.46744191223276,103.41892069759716,101.4309719152885,103.00856018066406,1124500
2014-09-08,102.67116275262187,103.7654506050229,102.67116275262187,103.55570983886719,855200
2014-09-09,103.17270101818795,103.56481957186448,101.87780047619296,102.7714614868164,1147100
2014-09-10,102.7714551880759,103.13621774357895,102.03281605720088,102.89000701904297,976800
2014-09-11,102.4796585086007,103.83839901266981,102.30640166637585,103.63777923583984,1140500
2014-09-12,103.5466151292569,104.2943755037535,102.22435126399067,102.34290313720703,1574800
2014-09-15,102.79881278861728,103.2821201927573,101.11178692655866,101.5403823852539,738700
2014-09-16,101.60422471938406,103.31860671297541,101.16651520074564,103.1909408569336,857600
2014-09-17,103.63776903757835,103.85662379200785,102.92648586773205,103.26388549804688,927400
2014-09-18,103.30038277417754,103.78369030738013,102.61645544441495,102.90826416015625,921000
2014-09-19,103.16357374779224,103.40979142966707,101.75924243091976,102.25167083740234,1200700
2014-09-22,102.0510723013929,102.13314023530761,99.452143077805,99.9992904663086,1394400
2014-09-23,99.90809762393799,101.17564232832646,99.616288921286,100.02664947509766,957800
2014-09-24,100.02663767302138,101.71365675359257,99.42477838135123,100.96589660644531,601400
2014-09-25,100.71968825663129,101.26683564792084,99.24240978050014,99.65276336669922,1186700
2014-09-26,99.33359597274472,101.77749633789062,98.99618935165945,101.77749633789062,1484000
2014-09-29,101.21212189039225,101.65895941319278,100.67410240742257,100.98414611816406,949500
2014-09-30,100.92942325872843,101.56775256912012,100.56466067110418,101.13004302978516,781300
2014-10-01,100.58289280739476,101.60421960431256,99.46124917747451,99.80776977539062,1202700
2014-10-02,100.07225084314925,100.07225084314925,98.85942492771873,99.74396514892578,1364900
2014-10-03,100.24550215309446,101.83221150554296,99.86250454341175,101.64983367919922,1421600
2014-10-06,102.19697892521901,102.78971732463452,101.55864954570596,102.0693130493164,700300
2014-10-07,101.2394689264327,101.6498294545534,100.62849558057879,100.7470474243164,789700
2014-10-08,100.83823319691483,101.62247031628668,100.16341998249038,101.4765625,922200
2014-10-09,100.82910150195693,101.58598256464306,99.7348208251884,100.2090072631836,1021800
2014-10-10,99.990164765364,100.80175787410661,98.18459377456891,98.32138061523438,1089500
2014-10-13,98.1572303500272,98.56758388361953,96.80761791627725,96.90792083740234,912900
2014-10-14,97.67395117025335,98.25756865487011,96.88059289088248,97.01737976074219,1691400
2014-10-15,96.17839751865748,97.99308229525475,94.68287735745167,97.43682098388672,1238700
2014-10-16,96.19663427763358,97.57360959471525,95.72244783425859,97.20884704589844,894400
2014-10-17,97.80160089419601,99.17857643057826,97.78336589462114,98.75910186767578,1080700
2014-10-20,99.03267165401884,100.45524516903988,98.5858410993626,99.38831329345703,1451200
2014-10-21,100.24550146225491,101.40361526181958,99.33359842228434,101.0479736328125,1028300
2014-10-22,101.23036626860879,101.89605164336099,100.18167629983176,100.29110717773438,512800
2014-10-23,101.23945812418829,101.54950873172605,100.05398851417634,100.85646057128906,666200
2014-10-24,101.23947834785402,102.4887880901792,101.1938873675542,101.74102783203125,498900
2014-10-27,101.56774724580316,102.43405921566453,100.26372575954785,102.41581726074219,1110900
2014-10-28,102.67116639396141,103.86576418246524,102.21521484527392,103.09976196289062,859600
2014-10-29,103.0450254359511,103.57393077607436,102.1878345024594,102.55259704589844,818300
2014-10-30,102.19695798818819,104.49495024091527,102.16960201428039,104.32169342041016,865800
2014-10-31,105.8263470824733,105.8263470824733,101.55864071782352,102.43406677246094,2242400
2014-11-03,102.13313710944774,103.00856316408516,101.52216376255515,102.43406677246094,2139200
2014-11-04,101.85043282978432,103.85661634222735,100.19076990010386,100.93852996826172,1590800
2014-11-05,101.37625354216648,102.0875367598959,99.15121498159944,100.68321228027344,1867500
2014-11-06,100.49171646439771,101.92340401930362,100.07224188317409,101.81398010253906,1072300
2014-11-07,102.24258105086899,104.57705082845315,101.8048644889376,104.5223388671875,1201300
2014-11-10,103.86574394814654,103.86574394814654,102.53436652021989,103.30036163330078,946100
2014-11-11,103.17271513737244,103.5374777651491,102.37935694375332,102.51614379882812,735600
2014-11-12,102.33377107343219,103.26390921130249,101.71367666242907,103.22743225097656,844100
2014-11-13,102.88089637629562,104.60439249297399,102.53437574025662,102.6073226928711,765900
2014-11-14,103.29125388289077,103.29125388289077,102.14226106613673,103.0815200805664,734200
2014-11-17,103.05417366381666,103.42805032568891,102.54350318505661,103.3186264038086,614300
2014-11-18,103.31863198609709,105.19715029073807,103.31863198609709,104.7685546875,869300
2014-11-19,104.00253664239536,104.78677375416449,103.90222675898762,104.1484375,679600
2014-11-20,104.32169240268124,105.97223441350897,103.68335620290271,105.90840148925781,947500
2014-11-21,106.96621163174316,107.23977832400408,105.67130424221394,107.03004455566406,740200
2014-11-24,106.92063556203617,107.558964931738,106.35525315082288,107.22156524658203,484800
2014-11-25,107.53158588223343,109.40098956813841,107.07563444247776,109.3918685913086,2441500
2014-11-26,109.09095139906525,110.24907208404824,108.55293197834997,109.81135559082031,704200
2014-11-28,109.77489233866001,111.97258214244775,109.77489233866001,110.95124816894531,462800
2014-12-01,110.31291941357169,110.86005988357327,108.9177087800237,109.38277435302734,830300
2014-12-02,108.88120686995518,109.09094063938028,104.45847922815284,105.90840148925781,2067600
2014-12-03,106.14550107156182,107.03916203534195,105.18800022453028,106.09078216552734,1396500
2014-12-04,106.09993835842995,106.3826330878473,105.07861120369203,105.46160888671875,775900
2014-12-05,105.48893234063024,106.15462454779525,103.85662524372853,104.60438537597656,1628200
2014-12-08,104.78677191917232,105.19712546609617,102.75322526792424,103.13622283935547,1826300
2014-12-09,102.15137727575264,103.56482979551292,101.98723444737576,103.14535522460938,825500
2014-12-10,102.7532101114571,102.97206484038345,100.46433208353922,100.94763946533203,1857900
2014-12-11,101.04796997886831,101.4218535512251,100.08135501777856,100.28197479248047,988400
2014-12-12,99.11474062130816,101.33066521922173,98.94147682266626,100.41876220703125,1176900
2014-12-15,100.7743983915559,101.24858487112947,99.57068675865806,100.48258972167969,1585300
2014-12-16,100.20902718407308,101.18476318462938,99.37007803462187,99.56157684326172,1194600
2014-12-17,99.53422112541135,101.75925987729858,99.16945850726431,101.69542694091797,1390100
2014-12-18,102.39759438256885,104.34906635419179,102.12402068449275,103.628662109375,1142700
2014-12-19,103.56482131288878,104.20315061692217,102.45229856248692,103.18182373046875,1045000
2014-12-22,103.40068570714126,104.00254505627858,102.94473418468019,103.51011657714844,1323400
2014-12-23,103.88399467432494,104.86885164648851,103.37333118828526,103.5921859741211,1310000
2014-12-24,103.40067536589879,103.84750586518744,103.17269962746842,103.29124450683594,451300
2014-12-26,103.21830044679278,104.03900756229702,102.53437321236085,102.73499298095703,572100
2014-12-29,102.73499486562673,103.19094636361244,102.251680433657,102.48877716064453,734800
2014-12-30,101.93250753514928,102.52524582606061,101.1847474172008,102.37022399902344,622200
2014-12-31,102.6255898883859,102.6255898883859,100.85649540362874,101.00240325927734,434100
2015-01-02,101.50392951063499,101.83221517570003,100.54643545191894,101.19388580322266,1012900
2015-01-05,101.047975499363,101.19388332794217,99.16033645004634,99.59805297851562,863800
2015-01-06,99.8169015326838,100.50082878259853,99.07826232910156,99.07826232910156,1704400
2015-01-07,100.22728550517337,100.4643753313782,99.01445256183797,100.43701934814453,688600
2015-01-08,100.72880314777615,102.48877619165178,100.69232619341004,101.4400863647461,1068900
2015-01-09,101.5221662848942,102.40671333964241,101.02973781243844,101.0844497680664,825900
2015-01-12,100.94765949465979,101.58599577014328,100.50082897190879,100.7652816772461,716000
2015-01-13,101.45831603046666,102.08752428457716,99.85336501911108,100.84733581542969,725700
2015-01-14,100.30020986533509,101.69542035390383,99.31535990457752,100.26373291015625,798900
2015-01-15,100.1816698644541,100.92943008891648,98.66790745841642,98.84117126464844,994800
2015-01-16,98.55849203042358,100.02665662735198,98.05694252565844,99.87162780761719,975100
2015-01-20,100.4187612876536,100.85647083342761,99.5433352388378,100.5920181274414,820600
2015-01-21,100.12694384020027,101.67717602812581,99.64362944636574,101.57686614990234,890400
2015-01-22,102.1604840932665,106.49202300900816,101.99634128764244,106.20933532714844,1657900
2015-01-23,106.61059622040909,109.23687467975655,106.16375868605678,107.95108795166016,957900
2015-01-26,108.01490398722332,108.89945098107017,107.43128664314719,108.64411926269531,893600
2015-01-27,107.45865744137225,110.6138482744082,107.27627960516753,109.41925048828125,975600
2015-01-28,109.40099931736847,110.89651961645848,107.54983742015753,107.6136703491211,792800
2015-01-29,107.93283018863296,108.51644750096433,106.46466593056796,108.43437957763672,1027500
2015-01-30,107.94196601532009,108.20641873342369,106.19110688019515,106.41908264160156,873100
2015-02-02,106.34612205619402,108.00578510824008,105.18800144060367,107.60454559326172,1070800
2015-02-03,108.64411984306611,108.64411984306611,106.80207889547344,107.54071807861328,993400
2015-02-04,107.23979354985894,108.91769872114179,106.78384204075473,108.27024841308594,713200
2015-02-05,108.51645601631348,109.42835900804721,108.361434177463,108.99976348876953,515400
2015-02-06,108.689714782343,108.84473661402112,106.90238583611101,107.4951171875,726900
2015-02-09,106.93886225274777,107.55895657396064,105.61660567942378,105.99960327148438,734800
2015-02-10,106.72003141632243,108.05140926634328,106.07258097292477,107.96022033691406,1432300
2015-02-11,107.61368925817126,108.90859002025793,107.376592498674,108.84475708007812,583700
2015-02-12,109.02712078429987,109.20038458115098,107.99667289579142,109.11831665039062,802900
2015-02-13,109.46484862509428,110.97860414869893,109.32806176905765,110.95124816894531,851400
2015-02-17,110.74149170668427,111.82665143952417,110.49527402471469,111.41629791259766,942400
2015-02-18,111.25216657447112,111.82666296282125,110.63207225297845,111.40718841552734,823100
2015-02-19,111.58045896708136,111.68988983888703,109.86608371906846,110.35850524902344,792700
2015-02-20,110.63208550316061,111.02420412043935,109.71106141006055,110.56825256347656,970400
2015-02-23,110.29467970299163,110.92389508281303,107.87814199813579,108.84475708007812,962700
2015-02-24,108.34318497419112,109.08183107902744,107.3127371670778,107.43128204345703,773200
2015-02-25,107.56807130027275,109.53778501456537,107.34009556244818,109.20037841796875,1349800
2015-02-26,108.94506769997533,109.51956416539032,107.39482820965543,109.42837524414062,1009900
2015-02-27,110.32203238961606,113.98787953423926,108.81739098831049,113.72342681884766,1775200
2015-03-02,113.98786967664505,115.49251094783025,112.65649219369394,114.27967834472656,1216600
2015-03-03,114.85417362772908,114.89977155807972,113.47720518416239,113.86932373046875,701600
2015-03-04,113.75078569327049,114.41647798789926,113.13981231315374,114.38912200927734,1261900
2015-03-05,114.58062038343539,114.6718092975862,113.44074156337986,113.61399841308594,746500
2015-03-06,113.07599070878702,113.38603444059623,110.86918675340846,111.16099548339844,919000
2015-03-09,110.96949004233548,111.9634610780578,110.96949004233548,111.57134246826172,837200
2015-03-10,111.02419129366032,111.60780866256508,109.82047960063578,109.83871459960938,742600
2015-03-11,109.8296088404359,110.29467440055835,109.05448565902844,109.35541534423828,1076800
2015-03-12,110.1214056405989,110.53175919805003,108.61676433449871,110.29466247558594,1493800
2015-03-13,109.51957257599109,110.44971773306766,107.92374198112823,108.92683410644531,1254800
2015-03-16,108.74442716613873,109.40099840558764,108.31583166498362,108.40702056884766,915400
2015-03-17,108.21551875479044,108.64411424394991,107.49511460707281,108.3796615600586,869700
2015-03-18,108.04227641860491,110.69591067616355,107.23979728200227,110.1031723022461,1138000
2015-03-19,109.73840663117967,110.69590758983226,109.40100696475898,109.47396087646484,622700
2015-03-20,110.46793201441002,112.1458372000499,110.22172125858492,111.76283264160156,1078900
2015-03-23,111.73546762533431,111.73546762533431,110.65942186339531,111.04241943359375,748400
2015-03-24,111.42543667283549,111.7628363510064,110.63207850925778,110.6867904663086,460300
2015-03-25,110.80535921023063,111.31602277327843,108.46176827657308,108.49824523925781,471000
2015-03-26,107.99666353776271,109.42835084975634,107.6136659795327,108.72618865966797,684800
2015-03-27,108.73531772732956,110.4132229570066,108.16082131048115,110.1031723022461,1318200
2015-03-30,111.3980657995925,111.47101274681732,109.24597431794689,109.60161590576172,953200
2015-03-31,109.83871776956782,110.43145613369978,106.77472301575669,106.78384399414062,1409200
2015-04-01,107.54071030619978,108.98151857175577,106.58320946911417,108.95416259765625,1160000
2015-04-02,109.355410492199,109.90255092276979,108.1699407188403,109.5560302734375,693500
2015-04-06,109.42835783841703,110.45880570344578,109.2186170913623,109.96637725830078,1101500
2015-04-07,110.52263815486361,110.92387769152438,108.9268079433034,109.07271575927734,1244500
2015-04-08,109.16390950665716,109.72017090450777,107.175960648093,107.65015411376953,739200
2015-04-09,107.78694649008506,108.42528285134217,107.42219080624523,108.05139923095703,836200
2015-04-10,108.47083863292545,108.56203448155982,107.29449010692629,107.30360412597656,573000
2015-04-13,107.32186851275021,108.85386586267992,107.1577256910696,108.25200653076172,554400
2015-04-14,108.20641889391976,108.99064911363433,107.77782334867712,108.58941650390625,458900
2015-04-15,108.78089644844874,109.22772691596144,108.45261085187336,109.04534912109375,547300
2015-04-16,108.92680858376323,109.84783254502828,108.39791014091686,109.81135559082031,643800
2015-04-17,108.69882901184775,109.2915673216451,107.72309313224929,109.20037841796875,1324400
2015-04-20,109.98461026770383,111.2430337758673,109.15477528210734,111.10624694824219,719400
2015-04-21,110.65028620710308,112.14581325107494,109.82045824842378,111.19743347167969,986600
2015-04-22,111.51663389593091,111.98170643731916,110.88741851389203,111.89051055908203,896200
2015-04-23,111.87225313402318,113.96963268223973,111.71723130372271,113.4224853515625,952500
2015-04-24,112.4832377014178,113.52280660220056,110.22172207620439,110.50440979003906,973300
2015-04-27,110.34936933383109,110.34936933383109,108.19727798284863,108.77177429199219,1161300
2015-04-28,108.51648615582256,108.52560713630814,107.43131906793806,107.64105987548828,831400
2015-04-29,107.69574274038322,107.90548349125353,106.07255651608061,106.50115203857422,739200
2015-04-30,106.43731408809376,106.67441080457861,105.29743539362268,105.6166000366211,831900
2015-05-01,105.95399475097656,106.18197046430097,105.04209189767894,105.95399475097656,846300
2015-05-04,105.8719319271278,106.52850316939808,105.5710022815427,106.08167266845703,1083600
2015-05-05,106.00873124582392,106.44644777797245,103.70161760585192,104.1758041381836,913100
2015-05-06,103.78367908106503,105.14241957178466,103.08151682632675,104.44937133789062,899300
2015-05-07,104.78677334094208,105.43422361303222,103.79279548853079,103.85662841796875,694200
2015-05-08,105.0147559293046,105.89929602139368,104.79589419359063,105.73515319824219,761000
2015-05-11,105.45245714188555,105.98136252544079,104.66822004413602,105.0147476196289,478400
2015-05-12,104.21227733964035,105.54365493092406,103.054163550689,105.27008819580078,690800
2015-05-13,105.32479013717524,106.30964698742287,105.19712428146914,105.36126708984375,659500
2015-05-14,105.96312852638118,106.35524710469767,104.85061268204106,106.06343841552734,667200
2015-05-15,106.38260331515905,107.76869276178768,105.18800569918261,107.75045776367188,600600
2015-05-18,107.30360046511989,108.41612299074558,106.78381614906301,107.9145736694336,542800
2015-05-19,107.38569566263787,107.86900312342836,105.94488730073103,106.16374206542969,856100
2015-05-20,106.03608435148986,106.59234576233204,104.09373338139265,104.59527587890625,1617700
2015-05-21,104.26698998978014,104.83237237776332,103.40068488688357,103.54659271240234,1181300
2015-05-22,103.25476821612497,103.58304685876509,102.71674188845117,103.4097900390625,995800
2015-05-26,103.32771413571608,103.36419108615144,102.79881574757056,102.98119354248047,858300
2015-05-27,103.22741214822578,103.23653312584823,102.4340610267596,102.80793762207031,899800
2015-05-28,102.43407339500104,103.7836860408464,102.37024045847144,102.62557220458984,842100
2015-05-29,102.81703732678456,102.81703732678456,101.75011275553206,101.95984649658203,1794200
2015-06-01,102.46142407942158,105.29744303361811,101.76837583486325,104.99651336669922,1873600
2015-06-02,104.5132014717107,105.31567359239156,104.00253802739266,104.86884307861328,921500
2015-06-03,105.02386351743047,105.02386351743047,103.5465851568211,104.1484375,755100
2015-06-04,105.4159897809298,109.41012953924779,105.40686880251653,107.69574737548828,2546800
2015-06-05,106.79296440388396,107.37658178652438,105.65308561634123,106.64705657958984,985800
2015-06-08,106.76561746248606,107.15773607687929,106.0269712146992,106.14552307128906,651900
2015-06-09,106.30052708725412,106.5741007564068,105.41598010856352,105.77162170410156,602000
2015-06-10,105.88106293068404,107.35834836567732,105.6622081482929,106.59234619140625,853500
2015-06-11,106.81121508746747,107.20333372625167,106.20936261704813,106.33702850341797,819200
2015-06-12,106.13639605038553,106.92975421311756,106.00873017922426,106.69265747070312,532100
2015-06-15,106.09080397236822,107.85077724457236,106.0725689714533,107.38571166992188,932000
2015-06-16,107.0665512084961,107.65016866261355,106.27319297058541,107.0665512084961,517600
2015-06-17,107.42217196792231,107.73221563626842,106.45555009490812,107.28538513183594,591000
2015-06-18,107.84164796046655,110.5044029823873,107.82340600486475,109.84783172607422,1103600
2015-06-19,110.28554515633927,110.28554515633927,108.81738084816764,109.20037841796875,689100
2015-06-22,109.8478448556989,110.03934366880128,109.0453726449934,109.1639175415039,423100
2015-06-23,109.60162813368146,110.14876856388035,108.86298194350833,109.57427215576172,522400
2015-06-24,108.97238430305923,110.0119529356452,107.85074080091847,108.55290985107422,626300
2015-06-25,108.9541602236599,109.36451374074566,108.24287012623529,109.04534912109375,487000
2015-06-26,109.59251380321545,109.65634674132299,106.88416050858282,106.97534942626953,2541600
2015-06-29,106.52851551152679,106.93886910685454,105.41599266181552,105.43423461914062,797100
2015-06-30,106.22758896366187,106.34614081796636,104.6408795357304,104.84149932861328,935700
2015-07-01,105.5892390080473,106.51937691702543,104.47671634232152,105.990478515625,648600
2015-07-02,105.98137369228971,106.88415576467568,105.03299368444996,105.93577575683594,470500
2015-07-06,105.11504939864818,105.50716794325044,104.85971768723599,105.36126708984375,749100
2015-07-07,105.36126832222236,106.49202603910278,104.73205305654875,105.6166000366211,926900
2015-07-08,105.2518422328735,105.7533916640776,104.02077457850713,104.81413269042969,706100
2015-07-09,105.7169223422656,106.30053974584065,105.04211602386975,105.43423461914062,526500
2015-07-10,106.42821742835798,106.74738214428257,105.70781309397451,106.33702850341797,436600
2015-07-13,106.61968890646727,107.59542476328218,105.07857768570015,105.57099914550781,572700
2015-07-14,105.8172312473723,106.64705940893943,105.66220939789808,106.22758483886719,485900
2015-07-15,106.02695056686214,106.8932625243708,105.4250982510854,106.20933532714844,640100
2015-07-16,106.7747187637864,107.60455383197916,106.31876726449835,106.50115203857422,642500
2015-07-17,106.88414925681184,106.88414925681184,104.89620044853332,104.96915435791016,747300
2015-07-20,104.88708547553945,105.69868558860394,103.88399351461601,105.64396667480469,766900
2015-07-21,105.68044376057529,106.1911072415375,104.58616288500824,106.10903930664062,629200
2015-07-22,106.1455100409229,106.92974717343682,105.37950790711658,105.58924865722656,505800
2015-07-23,106.04519998227735,109.17302752925497,105.82634521180361,108.82649993896484,1541400
2015-07-24,108.54382498892808,108.65325586565473,106.61970888941278,107.2489242553711,993300
2015-07-27,107.01182098777475,107.24891772761723,105.6074894629664,105.81723022460938,693600
2015-07-28,105.85371426417515,107.24892490385056,105.30657379177069,106.76561737060547,964300
2015-07-29,106.38260640848942,107.86900578114437,104.37641565130862,106.5193862915039,1203300
2015-07-30,106.0543274478861,108.50734192028678,104.32171026224967,107.79605865478516,1537700
2015-07-31,108.69883397459522,110.55000289435219,104.46760464397185,110.08493041992188,1328300
2015-08-03,110.2764248585088,110.89651914750445,109.46483178343227,110.55911254882812,1278000
2015-08-04,110.62294547752177,111.02418500489172,109.91166228428771,110.55911254882812,846700
2015-08-05,111.25217666499856,112.55619835829707,109.94815497170005,110.09406280517578,1095500
2015-08-06,110.92387784865913,113.12156736832375,109.87518803098047,110.7779769897461,1292100
2015-08-07,111.07889638655561,112.11846519553275,110.37673417452514,111.04241943359375,617200
2015-08-10,111.98170469406894,112.95744074350574,111.67165401888052,112.58355712890625,896200
2015-08-11,111.94522065642262,113.44074110572058,111.543981087056,113.3404312133789,886500
2015-08-12,113.28571460270283,114.75387205601157,112.6838552733777,114.60797119140625,1053700
2015-08-13,114.36173738560117,115.0821344997622,113.81459012113822,114.78121185302734,624300
2015-08-14,113.86021800150925,116.63240417221823,113.86021800150925,116.17645263671875,600000
2015-08-17,116.16732113305926,116.86949033018124,115.54722682267062,116.73269653320312,414600
2015-08-18,116.73268893359527,117.15217040333594,115.21893368921428,115.35572052001953,512000
2015-08-19,114.87242702612154,116.37706843310569,114.48942941918538,115.72049713134766,428600
2015-08-20,114.72650178845304,115.00007544175514,112.35555563648043,112.40115356445312,1043000
2015-08-21,112.02728004388109,112.93918302666769,109.82047649528172,109.82959747314453,1236400
2015-08-24,105.20626177086857,108.29761268271558,101.99635900492561,104.39466857910156,2202500
2015-08-25,107.08476983174138,107.41305546913046,103.59217966340462,103.71073150634766,1428000
2015-08-26,105.87193115432073,106.67441020335671,101.56774811509375,104.8597183227539,2117600
2015-08-27,105.51628605871268,108.73530225377182,105.2609543542261,108.43437957763672,1455100
2015-08-28,107.53159109861645,109.58337267704938,107.29450134767434,108.72618865966797,1091900
2015-08-31,108.58030739996566,109.37366564221648,107.64104827202173,107.78694915771484,644100
2015-09-01,105.44334227680517,107.1486034058379,103.81103505813346,104.44937133789062,997300
2015-09-02,105.15153819422014,105.71692058835828,103.43716296931947,105.64396667480469,922500
2015-09-03,106.03610172997328,107.57722034609046,104.97829764825174,106.38262939453125,798500
2015-09-04,104.78676860564609,105.78073945587249,104.30345421057946,105.27919006347656,654200
2015-09-08,106.51027940591774,107.61368126551339,106.2458266855946,107.4677734375,597800
2015-09-09,108.68973612756719,109.26423259398645,104.80502685157417,104.950927734375,831600
2015-09-10,104.74119041841924,105.5710186200221,100.98414714912582,101.87781524658203,2247000
2015-09-11,101.33064810732992,102.12399914130957,100.16340660473531,101.26681518554688,1696100
2015-09-14,101.18474926481282,102.46141477071797,101.01148548009742,102.12400817871094,966900
2015-09-15,102.28816211206674,103.81103851592164,102.04195135298218,102.92649841308594,980900
2015-09-16,103.18180713121262,103.30947297148121,102.10576150804422,103.0632553100586,929900
2015-09-17,102.78059109601035,103.61042620426049,100.6832182724027,102.57997131347656,1484900
2015-09-18,101.52215961301515,102.72587125860048,100.6102566403818,101.5130386352539,1560500
2015-09-21,101.97808844805265,103.07236898924506,100.89292192532953,101.95984649658203,879600
2015-09-22,100.7835238723712,102.33376326015117,98.257555438763,99.38831329345703,1428800
2015-09-23,98.74086295096012,100.08136157219711,98.70438599341924,99.38831329345703,732000
2015-09-24,98.88676795112654,98.88676795112654,96.61612437075047,96.88057708740234,1195100
2015-09-25,97.31827957414592,98.33960637970621,96.33342276255529,96.37902069091797,1440700
2015-09-28,95.79542063016693,96.37903804047976,95.23915919888933,95.97779846191406,1358400
2015-09-29,96.26046178754177,96.85320002637111,93.60682813476001,94.48225402832031,1419800
2015-09-30,95.6403840640069,96.48845413166468,94.29989249911222,95.5127182006836,1705200
2015-10-01,94.95645947365465,95.15707925228588,93.67067982638682,94.628173828125,1007700
2015-10-02,93.67979520779329,96.20576337453356,93.13264785975441,96.10545349121094,812700
2015-10-05,97.63745742580568,100.19990272118078,96.67084243753966,99.86250305175781,1661400
2015-10-06,99.37919703886722,99.93545149637819,98.47640801387081,98.72262573242188,1256600
2015-10-07,98.79558726730787,100.32758488932596,98.79558726730787,100.27287292480469,1991900
2015-10-08,99.85337793662148,100.92942374884107,98.94147494176649,100.78351593017578,1405100
2015-10-09,100.61025105125775,101.49479799873636,100.19077654202127,100.49169921875,564700
2015-10-12,100.345816447769,101.95076782763529,99.2150585688322,99.47039031982422,609000
2015-10-13,98.7226095541251,99.78041329661843,98.36696798095977,99.5342025756836,844800
2015-10-14,99.73483178237892,99.87161166405191,98.46728719224652,99.30623626708984,715900
2015-10-15,99.34271343827719,101.21211038365684,99.34271343827719,100.99325561523438,991500
2015-10-16,101.25770493172158,101.77748933764562,97.5918511575058,100.65584564208984,765800
2015-10-19,101.48570160839319,102.27905984733438,100.76529729062864,101.0571060180664,642200
2015-10-20,100.93853903556811,103.0085556559766,100.92941805809886,102.27903747558594,1212200
2015-10-21,102.21520491676026,102.67115642115961,101.12092408910891,101.3488998413086,784400
2015-10-22,102.07840582959282,106.3461113862763,101.2668128610097,105.56187438964844,1142300
2015-10-23,106.45554340184013,106.77470802779682,105.12416599265858,105.85369110107422,776700
2015-10-26,105.67132057693256,107.38570272541865,105.45246579783978,107.26715087890625,582100
2015-10-27,107.48601000021687,107.59543390846706,106.20022342013446,106.91150665283203,930100
2015-10-28,107.16683977567826,108.23377159586988,105.74427329177996,107.0118179321289,891500
2015-10-29,106.91151089932931,108.38879633479478,106.43732437778564,108.297607421875,724900
2015-10-30,108.27026794452773,109.11833818274013,106.91152719305389,108.53471374511719,927600
2015-11-02,108.29760685220668,110.72326531800002,107.89636728874858,110.48617553710938,923900
2015-11-03,110.48616832456977,110.53175929917961,109.3554036208711,109.53778839111328,853300
2015-11-04,109.43748454224198,110.75062017406665,106.87503229784485,107.26715087890625,1440700
2015-11-05,92.56728066987272,100.81088508710536,92.2116390365072,100.08135986328125,6749300
2015-11-06,98.84116207172364,99.57980124893089,97.02647711478274,98.8958740234375,2365700
2015-11-09,98.24843476478176,98.66790934190044,97.11767690658064,97.39125061035156,1164500
2015-11-10,97.79245362582553,98.05690627080956,96.17838874254548,96.40636444091797,1152300
2015-11-11,96.99000106259082,97.81071513226367,96.1875289485038,97.48242950439453,784200
2015-11-12,97.35477462286093,98.48553249233032,96.35168262781865,96.71643829345703,642700
2015-11-13,96.31519819607858,96.5249319918192,94.97469966134359,95.95955657958984,914300
2015-11-16,95.96867277025426,98.12076447407215,95.65862908005629,97.86543273925781,919800
2015-11-17,98.31225867593827,98.31225867593827,96.21488598289132,96.65259552001953,806300
2015-11-18,96.7620235122675,96.92616632313783,95.51271395412857,96.47021484375,1129500
2015-11-19,96.55228796889253,96.60700688030697,95.64038496102032,95.95955657958984,931900
2015-11-20,96.78026328299863,96.78026328299863,93.39710397397128,93.94424438476562,1937500
2015-11-23,93.97160017237539,94.3637187124562,93.38798285094357,93.47917175292969,1108400
2015-11-24,93.01411170417099,96.47022512099227,92.86820387573454,96.20577239990234,1162700
2015-11-25,96.09633832392538,96.7529096154575,95.4853649665761,96.33343505859375,698100
2015-11-27,95.97781068143925,97.45509635283936,95.97781068143925,97.01737976074219,347100
2015-11-30,96.79850344448319,96.79850344448319,95.35769505553229,95.89572143554688,1204800
2015-12-01,96.19663512071622,99.88072367724675,96.19663512071622,99.80776977539062,1507400
2015-12-02,99.0600470818624,101.3671681377317,98.42171759274102,98.60409545898438,1262600
2015-12-03,99.1876836164879,99.29711447820014,96.74378336305519,97.48242950439453,1090300
2015-12-04,97.35475362470191,99.18767340818334,97.16325485436505,98.96881866455078,1056300
2015-12-07,98.55847674248345,99.51597070678287,98.08428329202954,99.4247817993164,630000
2015-12-08,98.54024902610735,99.32448626672634,97.97487354375552,98.39434814453125,783200
2015-12-09,98.39434875928363,98.5584916003752,95.56745045805644,95.75894927978516,811300
2015-12-10,95.84101002639258,96.1054627481456,94.90175098959944,95.43065643310547,1121400
2015-12-11,93.76187265047739,94.34549005416058,91.29973716351817,92.17516326904297,2060200
2015-12-14,92.34841246593933,94.74672177527445,91.80127206499351,92.79524993896484,1330900
2015-12-15,93.49742732045137,94.29990653192111,93.15090663376048,93.55213928222656,886100
2015-12-16,94.308991520421,95.23913632786112,93.6433063328622,94.73758697509766,1077100
2015-12-17,95.27564857359866,95.60392732207315,92.09310142387595,92.11134338378906,1806600
2015-12-18,91.54593198990575,92.3848809919693,91.36355419198482,91.57328796386719,1927100
2015-12-21,92.70405000980178,92.70405000980178,91.5003315306602,92.45783233642578,811000
2015-12-22,92.92291744237751,93.04146232820881,92.01101443893371,92.72229766845703,714600
2015-12-23,92.93203803662968,94.29077155811429,92.93203803662968,94.27252960205078,1115700
2015-12-24,94.43667314403982,95.33034115177067,94.12662946126181,94.8743896484375,268000
2015-12-28,94.3181422956923,95.77718593206258,93.57038199722322,95.68599700927734,483700
2015-12-29,96.10545413810415,96.85321430055396,95.78628948777818,96.8440933227539,534800
2015-12-30,96.42463613010642,97.19063838591948,95.73159475254796,95.84101867675781,476500
2015-12-31,95.44888183113642,96.83497823624738,94.37283605240586,95.81364440917969,689400
2016-01-04,95.40330214554595,96.4611060940394,94.32725623949479,96.44287109375,1191200
2016-01-05,96.64347110407442,97.97484848530543,94.8743772755299,97.71039581298828,906900
2016-01-06,96.69816657518905,97.82892401529114,96.16014034531368,96.81671142578125,504000
2016-01-07,95.24827966994552,95.63128427417826,93.31504947635486,93.55213928222656,725100
2016-01-08,93.9169123994749,95.39419814754244,91.67363127207057,92.68584442138672,1005000
2016-01-11,93.98072181325901,95.2117964403331,92.6767002330412,94.71936798095703,832500
2016-01-12,95.33036474707264,95.64040850658985,91.72834280484034,91.94720458984375,1013000
2016-01-13,92.62198535827343,93.26943563890748,88.92877550804252,89.11116027832031,1345900
2016-01-14,89.28443035840411,91.39092416326712,87.37854937907294,90.71611785888672,1494800
2016-01-15,88.41812776821429,89.70391453726555,81.61533116724677,83.85861206054688,3163800
2016-01-19,85.18998503467887,86.22955400114431,82.31748890849029,82.81903839111328,2898100
2016-01-20,81.2596824015166,81.66092197507362,76.77312100676674,80.75813293457031,2814500
2016-01-21,81.26879303408612,82.36307378613614,78.21391259985074,79.78238677978516,2436700
2016-01-22,81.06816799724663,86.0289149686169,81.06816799724663,85.73710632324219,2725600
2016-01-25,85.58209549037844,87.84361800034496,84.52429162405619,85.45442962646484,2158700
2016-01-26,87.5335575206342,90.7981715760209,87.33293776924764,88.49105834960938,1733500
2016-01-27,87.92572042901861,88.60964795001085,85.60037103200727,86.85879516601562,1061300
2016-01-28,87.58828622931978,87.88920893281465,85.9833349958534,86.69461822509766,1498000
2016-01-29,87.34206166366023,90.59755485074079,86.98642007696576,90.53372192382812,1597300
2016-02-01,89.8954030758727,90.00482698768387,88.0351200451342,89.4941635131836,1786400
2016-02-02,88.3360547865027,88.3360547865027,87.05026809078943,87.91658020019531,1397800
2016-02-03,88.27221652448405,88.29045152397653,84.65196036427508,87.34207153320312,2097100
2016-02-04,87.54268121104504,89.36648706960847,86.42103754683095,87.45149230957031,1023700
2016-02-05,87.80714452847111,87.80714452847111,83.77653476270078,85.17174530029297,1835400
2016-02-08,83.77652525141264,83.80388122633525,76.85517834803242,79.19876861572266,3507100
2016-02-09,77.83091237494135,78.9160790697145,76.43570202867134,78.18655395507812,2300100
2016-02-10,78.69724124064214,79.93743002784379,77.39321951397874,78.73371124267578,1967200
2016-02-11,77.06494235820698,78.61517503497609,75.5055887012867,77.47529602050781,2354000
2016-02-12,78.30511738418699,81.71563284210967,77.63942509669243,80.9678726196289,1415600
2016-02-16,82.16246969808753,84.62461229577572,81.67916215778263,82.5545883178711,1108500
2016-02-17,83.44825038195334,83.87684593030302,82.51810537122252,83.58503723144531,1092900
2016-02-18,83.56679313890749,84.25984138996054,82.86463086678451,83.50296020507812,948800
2016-02-19,82.75518607756347,82.75518607756347,81.1137581162588,81.74297332763672,1247700
2016-02-22,82.95580620992979,85.8283016769555,82.6548765894115,84.82520294189453,1441100
2016-02-23,84.18689516931478,85.13527524233163,83.74006459168572,84.588134765625,1080800
2016-02-24,83.5212044654536,87.47886767351014,83.23851672104554,87.26912689208984,1362700
2016-02-25,87.87096610860085,88.90141390570511,86.59430062652032,88.0898208618164,1340400
2016-02-26,85.81006934445982,87.20527979586605,81.25967540543623,86.32073974609375,2953600
2016-02-29,85.71888627723655,88.78288106670647,84.81610421022414,86.53047943115234,1560700
2016-03-01,87.30558631367498,88.60049378765763,86.99554265077163,87.84361267089844,1376400
2016-03-02,87.9712896447842,88.28133334687057,86.36633830506617,87.54269409179688,1067900
2016-03-03,87.27823813034176,88.70992560855909,86.19307129876468,88.29045104980469,1636100
2016-03-04,86.59430885976724,89.02908822292825,85.91950258145394,88.07159423828125,1412000
2016-03-07,87.08674730813904,87.98041542024798,85.72801361754465,87.96217346191406,1500000
2016-03-08,87.65211550024961,88.03511307580469,85.10790539303235,85.290283203125,1134400
2016-03-09,85.58208993978023,86.58518178715848,83.03787989005315,83.67621612548828,2141300
2016-03-10,84.0956920491982,85.04407196207373,83.20202408757422,83.77652740478516,1299600
2016-03-11,84.72490815482641,86.27514041858902,84.15952580966,86.22042846679688,1205400
2016-03-14,85.63681512256541,86.22043249316074,84.46045940322762,86.05628967285156,1023800
2016-03-15,85.35411969739835,87.12321374971093,85.2629307885433,86.69461822509766,1022200
2016-03-16,86.21133734880986,87.38769342065052,85.60947784156909,87.15059661865234,702500
2016-03-17,87.13233080462668,91.70095963515146,87.13233080462668,90.56108093261719,1700500
2016-03-18,90.94409635414696,91.87423442559513,89.56712076856694,90.43342590332031,1176400
2016-03-21,89.9409914055874,90.88937137121704,88.93789948566284,89.75861358642578,609600
2016-03-22,89.19321982613786,89.72212517434455,88.60048851091574,89.12938690185547,780200
2016-03-23,89.33913386541875,89.64917753150114,88.35427700150863,88.40898895263672,640400
2016-03-24,88.2539765526835,89.46680928561835,87.94393285346187,89.28443145751953,859300
2016-03-28,89.48504067566294,89.62182751985313,88.21749603688528,89.12028503417969,399900
2016-03-29,88.76462701677455,91.46386578612402,88.34515250786316,91.36355590820312,658300
2016-03-30,91.86508401889395,92.46694319259025,91.00790013747721,91.15380096435547,857900
2016-03-31,90.86202935746994,92.2207631036532,90.86202935746994,91.3453369140625,906700
2016-04-01,90.40606279625332,93.74363111326228,90.3695858414083,93.05058288574219,1237800
2016-04-04,93.07793910948351,93.29679388186653,91.81951547169638,92.8773193359375,1082600
2016-04-05,91.8195167592976,92.43049010928806,91.27236938476562,91.27236938476562,1140200
2016-04-06,91.22678238464582,91.75568782587027,90.75258890035211,91.72832489013672,1001900
2016-04-07,91.49123150165504,91.55506443464942,89.73125839793236,90.34223175048828,718600
2016-04-08,90.78906068740137,93.91688826374435,89.9592325730443,91.01703643798828,441600
2016-04-11,91.7283123455108,92.5034354014553,90.05041429459845,90.06864929199219,639200
2016-04-12,90.11426417698372,92.43961986781413,89.93188633966189,91.56419372558594,1172200
2016-04-13,92.3575475276114,93.16002673148655,92.02926184552953,92.52169036865234,633300
2016-04-14,92.71316456149393,93.00497320613033,91.71919375726166,91.97452545166016,405500
2016-04-15,92.08399655785126,92.87734796123029,91.74658983859989,92.64025115966797,427300
2016-04-18,92.640225944638,93.31503919946852,92.27547029661592,93.21472930908203,658500
2016-04-19,93.4609635313887,93.49744049680235,92.36668239805786,92.88646697998047,575800
2016-04-20,93.20560395215622,94.65553332682198,92.26634498381392,94.30900573730469,971600
2016-04-21,95.05677563867032,95.13885053410534,93.79835188590347,93.92601776123047,778500
2016-04-22,93.91688757260827,94.71024568342875,93.37886814467102,94.60081481933594,563500
2016-04-25,94.68289917805298,94.91998897140239,93.62508825781062,94.37284851074219,429600
2016-04-26,94.82879669474735,95.30299017918418,93.96249157583095,95.13884735107422,740000
2016-04-27,94.8835082349545,95.6677453575019,94.22693697354109,95.5856704711914,637000
2016-04-28,94.85613621451381,96.23311153599909,94.23604196672223,94.88349914550781,590500
2016-04-29,94.29990053961802,95.05677480606475,93.12354473532153,93.96249389648438,731500
2016-05-02,94.40931809884016,96.09633728637051,93.33327226206241,95.92308044433594,1331200
2016-05-03,91.19031036836502,92.73142883991632,89.01086250714258,90.3057632446289,5441700
2016-05-04,89.71301560172031,91.03527914032362,89.22058714154403,90.9988021850586,1927600
2016-05-05,91.60063137808189,92.72227485757678,90.97142319144112,91.15380096435547,875500
2016-05-06,90.61581682285784,93.3880031818063,89.99572241418161,92.03838348388672,998300
2016-05-09,92.293708486031,92.68582708274863,90.71612007773246,91.38180541992188,2314400
2016-05-10,91.40915236337973,93.18736734088532,90.85289099145551,93.14176940917969,1115700
2016-05-11,92.58549943501009,93.74362000296158,92.44871260986986,92.71316528320312,678000
2016-05-12,93.18737381018673,93.36975163513519,91.45475664410412,92.26634979248047,755500
2016-05-13,92.01101407913666,92.71317632784485,90.8620143512555,91.19029998779297,1082600
2016-05-16,91.31797975195796,91.60066749862622,90.69788533935717,91.09000396728516,802700
2016-05-17,91.13559821664829,91.28149909515093,89.81333454472896,90.46078491210938,1132800
2016-05-18,90.50635764169324,90.50635764169324,88.53664415101075,89.7768325805664,755000
2016-05-19,89.72213236729316,89.72213236729316,88.16277912858232,88.85582733154297,1641800
2016-05-20,89.12940492575899,89.18412384139994,88.16278988907871,88.7281723022461,2250900
2016-05-23,88.94700770289022,90.71610151547719,88.40898138619684,89.0290756225586,1077700
2016-05-24,89.28443002281482,89.9957132811461,88.77375958926133,89.80421447753906,970400
2016-05-25,90.26927077958979,90.3969366355942,89.19322502379029,89.85891723632812,803100
2016-05-26,89.67653614637844,90.28751643344965,89.27530356418457,90.00482177734375,694700
2016-05-27,90.01393571125584,90.59755301901974,89.53974925767284,90.1416015625,922700
2016-05-31,90.5884314242389,90.75257422575761,89.40296181973015,90.64315032958984,3815100
2016-06-01,91.01703499187114,91.6188943033465,89.59446855713692,89.69477844238281,1195300
2016-06-02,89.31175513801689,92.85905618268622,89.31175513801689,92.78610229492188,1107900
2016-06-03,92.72230567188372,93.12354525435812,91.34533006979343,93.01411437988281,900100
2016-06-06,93.44268754430524,93.57947436529574,92.96849415917377,93.15087890625,601300
2016-06-07,93.67067680923732,95.42152889082156,93.48829203577998,95.22090911865234,861100
2016-06-08,95.68597730759164,95.74068925854387,94.02631420845617,94.93821716308594,723300
2016-06-09,94.55522908106077,94.91087071247571,93.71627299108395,94.69200897216797,472100
2016-06-10,93.47004937657906,94.51873912689167,92.03836206929678,92.12042999267578,712300
2016-06-13,91.60977287968359,93.2512010327499,91.60977287968359,91.88334655761719,1030800
2016-06-14,91.79216135533451,91.87422928766615,91.0535151780101,91.4091567993164,730500
2016-06-15,91.8377360344801,92.40311831130342,91.01702207046777,91.60063934326172,600000
2016-06-16,91.30884207802367,91.78303551951419,90.56108191930484,91.60977172851562,1131500
2016-06-17,91.57329642348864,91.57329642348864,90.80730125273698,90.9167251586914,1048200
2016-06-20,92.3484204359615,93.7253960137064,92.02014173287643,93.08706665039062,655800
2016-06-21,93.00497133050612,93.76185237882832,92.3848771035008,93.61595153808594,1261300
2016-06-22,93.48829600275916,94.45491794993039,93.1052983981486,93.83482360839844,662000
2016-06-23,95.04765724364034,97.92014626359479,94.75584854813867,97.81072235107422,1456600
2016-06-24,93.55212320049576,96.51580787984997,93.32414745593005,94.20869445800781,2778200
2016-06-27,93.19650038871576,93.81659481726781,91.48212494849257,92.083984375,1199400
2016-06-28,92.9958902826259,94.49141095612026,92.22076700610044,94.41845703125,1040000
2016-06-29,95.40329494759621,98.28490482742559,95.31209908122473,97.97486114501953,1185800
2016-06-30,98.26668144109398,98.75910995716751,97.0720836316815,98.43082427978516,1463600
2016-07-01,98.64965416801833,100.60112578119124,98.64965416801833,100.2090072631836,1299700
2016-07-05,99.85337584242689,100.43699319031262,98.36697649660343,99.34271240234375,798700
2016-07-06,98.85027941382258,99.99015808105469,98.10251928640899,99.99015808105469,741500
2016-07-07,100.51905327264019,102.09664129225446,99.58890847830665,100.87469482421875,1529400
2016-07-08,101.7409953419929,104.467582771969,100.81997156392801,104.33080291748047,1527400
2016-07-11,104.40378638697773,104.40378638697773,103.01769670410032,103.3186264038086,1439200
2016-07-12,103.82928601960144,104.14845070852766,102.64380922385439,102.84442901611328,1675500
2016-07-13,103.09976473170384,103.09976473170384,101.75926602939965,102.21521759033203,943800
2016-07-14,103.0085755323607,103.5830719929649,102.36112515246013,103.47364807128906,786300
2016-07-15,104.34907661238103,105.13331386954208,102.9538659210246,103.98431396484375,1275500
2016-07-18,103.92046833800855,104.08461116150038,103.56482671332091,103.73809051513672,598100
2016-07-19,103.73809932642376,103.82928824560506,102.86267317919989,102.90826416015625,656900
2016-07-20,102.78971338906976,102.82619034611226,101.47657076461313,102.69852447509766,745800
2016-07-21,102.4887906763746,102.68941047510793,101.58600853934331,102.09667205810547,759600
2016-07-22,102.53437270789635,103.29124688942053,102.11489817438068,103.20005798339844,864100
2016-07-25,102.84443122100248,103.42804865248506,102.58909946438742,102.90826416015625,482700
2016-07-26,103.07241374233705,103.09065570172815,101.84134585966076,102.47967529296875,655100
2016-07-27,102.71673724829671,103.38242939505479,102.5799504283035,102.81704711914062,676500
2016-07-28,102.57083892822266,103.35506900376086,101.79571591497877,102.57083892822266,972200
2016-07-29,104.82324514654161,105.05122089236468,101.95987033558524,104.86884307861328,1624700
2016-08-01,104.5040846191334,106.00872599241481,104.5040846191334,105.78987121582031,1384000
2016-08-02,105.36126417991439,105.45245308043347,102.43405664246876,103.30036163330078,672200
2016-08-03,103.34598025433506,103.45540417396019,101.00238955969368,103.2365493774414,557300
2016-08-04,103.02680677397748,103.66513610824985,101.1665237690392,103.58306121826172,570200
2016-08-05,103.99339693392355,104.44022736127074,103.44625664123589,103.82925415039062,413200
2016-08-08,103.71985546716289,105.28832989449975,103.25478990068181,104.84149932861328,940000
2016-08-09,105.02385273223491,106.20932925589508,104.85059591645086,106.15461730957031,904000
2016-08-10,106.60145724224523,107.30361945910666,105.71691025931968,105.92665100097656,885900
2016-08-11,105.90843578277261,106.54676523197745,105.33393927848826,105.91755676269531,559500
2016-08-12,104.92354073280013,106.81117937268598,104.92354073280013,106.07254028320312,616000
2016-08-15,106.48291358097755,106.6926543387388,105.56189653138891,105.58013153076172,625100
2016-08-16,105.65307172227335,106.43730878155189,104.24874040582728,104.26697540283203,549000
2016-08-17,103.81104427717186,104.46761561419282,103.09064695950167,104.37642669677734,578200
2016-08-18,105.0056248957619,105.0056248957619,103.99341207613419,104.60438537597656,378900
2016-08-19,103.99343062210167,104.25788335664329,102.72588586647473,103.2365493774414,545400
2016-08-22,103.35510760506774,103.64692331441748,102.47968134882683,103.48278045654297,605600
2016-08-23,104.14843891003216,104.29434672687974,102.80794041113246,103.00856018066406,930800
2016-08-24,103.30949401855469,104.60439463781056,103.07239728520977,103.30949401855469,643200
2016-08-25,103.34597150769723,104.09373171001289,103.10887477312846,104.06637573242188,493600
2016-08-26,104.44937523724464,106.15463642993899,103.236542521969,103.82015991210938,425900
2016-08-29,103.64690255874976,104.49496570445933,103.40068484260927,104.16668701171875,459800
2016-08-30,104.24875298346451,104.81413536056425,103.37332691900772,103.9295883178711,410900
2016-08-31,103.62866223681688,104.50408833156159,103.20006668936237,104.09373474121094,481700
2016-09-01,104.440258435925,104.69559018466502,103.5648323157014,104.12109375,652600
2016-09-02,104.64086708425644,106.0816754641804,104.64086708425644,105.66220092773438,426700
2016-09-06,105.98136061778791,107.25802612304688,105.93576268795938,107.25802612304688,631300
2016-09-07,106.89327096716944,108.12433862795022,106.83855901339582,108.03314971923828,566600
2016-09-08,107.46776564776653,108.03314800443478,106.48290875186736,107.00269317626953,463800
2016-09-09,105.41600580031556,106.14553112434271,100.46437127417612,100.60115814208984,1649800
2016-09-12,99.79865582671061,102.25166990228436,99.4338932744371,101.68629455566406,1215100
2016-09-13,101.58600302373392,101.58600302373392,98.87764980242133,99.38831329345703,1244700
2016-09-14,99.66189338215459,99.96282308319749,98.41258359608689,99.15122985839844,915500
2016-09-15,98.90499672813536,99.68011287244208,98.4490452365117,99.30623626708984,858600
2016-09-16,99.21505188736525,99.2241659083809,97.90190930524521,98.79557037353516,1188100
2016-09-19,99.05090976646721,100.66497507070362,99.05090976646721,100.61937713623047,586800
2016-09-20,101.34891301900421,101.34891301900421,99.2880100031192,99.57981872558594,731400
2016-09-21,99.70745495197075,101.02971826774848,98.95058086888878,100.80174255371094,708600
2016-09-22,101.68630168820222,103.03591418183242,101.22122922750043,102.7714614868164,696500
2016-09-23,101.9325270168628,102.75324119519273,101.59512732379888,102.0328369140625,548100
2016-09-26,101.71364912430907,102.24255446993509,101.42184047797522,101.58598327636719,540900
2016-09-27,101.19388773500013,102.60733336025919,99.79867711047353,102.0328369140625,552000
2016-09-28,102.19697821307437,103.27302412908985,101.55864883800943,103.17271423339844,511100
2016-09-29,103.19093723139898,103.75631258621519,101.42184334945043,101.76836395263672,456000
2016-09-30,102.1604856402878,102.65291406461684,101.10268184367779,102.27903747558594,721600
2016-10-03,101.91429826231011,102.71677053182145,101.15741697605834,101.93253326416016,482600
2016-10-04,102.61645460608952,104.1940500283852,101.19388799813095,101.85957336425781,1120300
2016-10-05,102.3246413580781,102.4796632082767,99.25152554635663,99.44303131103516,961700
2016-10-06,99.470386743874,100.32757088320743,98.62231662584234,99.90809631347656,802700
2016-10-07,100.19079218398424,100.76528860990378,98.886770523683,99.56157684326172,596300
2016-10-10,99.91723061901298,100.52820407659516,99.64365688357097,100.15432739257812,294700
2016-10-11,100.05399071881634,100.37315535326499,98.86851412541591,98.92323303222656,956700
2016-10-12,99.20592837937532,100.9932574276471,98.70437894558599,100.7652816772461,716300
2016-10-13,100.39138671983434,101.64069619494072,99.67098955267652,101.39448547363281,511900
2016-10-14,101.73190722246345,104.41290455258499,101.73190722246345,102.0328369140625,673700
2016-10-17,102.2334580097832,104.1849301046142,100.9385572659736,101.06622314453125,499900
2016-10-18,102.00545479333458,103.27299921609426,101.50390543586849,101.5403823852539,378200
2016-10-19,102.04195460355463,102.43407320071223,101.11180957900947,102.17874145507812,809700
2016-10-20,102.37023634208202,102.37023634208202,100.71968712286947,101.70454406738281,724200
2016-10-21,101.53127797665526,103.94782234895831,101.5221639557717,103.50099182128906,907100
2016-10-24,104.01164425248284,105.50716447641388,104.01164425248284,105.04209899902344,864300
2016-10-25,105.21537964999511,105.93578395082457,104.74119308803162,104.9874038696289,648200
2016-10-26,104.87795079667197,105.48892404848769,104.48583228514146,105.10592651367188,779700
2016-10-27,105.78073096863365,105.91751778806365,103.74718454484966,104.55878448486328,798700
2016-10-28,104.540552003211,106.02695128394424,103.19093955430081,103.6924819946289,707800
2016-10-31,104.15755260416789,104.39464931133124,103.10886285503057,103.30036163330078,985400
2016-11-01,103.59215881909022,103.8657324476232,100.41874090589275,101.12090301513672,1315700
2016-11-02,99.41569748417888,100.15434390877294,95.79544712607391,97.96577453613281,3455800
2016-11-03,97.70129900620911,99.54334719121773,97.56451214775502,98.43082427978516,1819800
2016-11-04,97.92926109163417,98.76821016885295,96.64348149939394,96.65259552001953,1704100
2016-11-07,98.43081254761547,98.64054634261366,97.57362149692428,98.11164093017578,1608700
2016-11-08,98.12986023594084,100.06309666417197,96.88055090332833,99.351806640625,1058600
2016-11-09,97.16326325807476,97.16326325807476,93.8165741043491,94.4366683959961,2987000
2016-11-10,94.53698232760071,95.3303404421109,90.61580360248627,91.19029998779297,4107400
2016-11-11,91.19030655419871,92.2207545136446,90.05042772227124,90.29663848876953,1969900
2016-11-14,89.3482640631608,89.87716254560168,87.23264926159284,88.37252807617188,3357800
2016-11-15,89.0199859739995,89.67655038289473,88.44548254997164,88.50931549072266,2253300
2016-11-16,87.8436118518033,90.54284371846653,87.8436118518033,90.49724578857422,1514400
2016-11-17,90.60668721802942,92.10220765706768,90.05042580332113,91.76480102539062,1354900
2016-11-18,91.18116604297875,93.04144873305295,91.18116604297875,91.87421417236328,940400
2016-11-21,92.41225619926237,93.19649341662267,92.00190258990177,92.66759490966797,1142100
2016-11-22,93.15091726664637,93.38801405685072,92.25724903111893,92.99589538574219,1060100
2016-11-23,92.58551069440543,93.29679392291405,91.57329780544539,91.63713073730469,1001700
2016-11-25,91.93806652465034,92.49432794960904,91.53682695064256,92.17516326904297,282300
2016-11-28,92.2207490558214,92.23899101212287,90.75258465060648,90.84378051757812,773200
2016-11-29,90.96232448417311,91.51858587218658,90.03218648297639,91.01703643798828,1078100
2016-11-30,92.44871625590014,93.3515051630701,90.21455686714333,90.24191284179688,2430400
2016-12-01,90.36958973094785,91.86511015762309,87.32383692160886,87.63388061523438,2002200
2016-12-02,87.55180368005819,89.35736761472909,87.33294196406926,88.15365600585938,1134300
2016-12-05,88.54579270047243,89.80422347492525,88.37253583638466,89.42121887207031,800600
2016-12-06,88.87408022282501,90.2328139691871,88.60051345200569,89.19324493408203,1001500
2016-12-07,89.72214193752833,91.66449295981951,89.11116855420784,91.53682708740234,967900
2016-12-08,91.23590257235931,92.74053703305752,90.35135550421622,90.54285430908203,933600
2016-12-09,90.62491618253017,90.75258204390208,89.41209049949708,89.8680419921875,889400
2016-12-12,89.82243220967457,91.48209514581647,89.20233798313438,90.96231079101562,1131300
2016-12-13,91.6553882028522,94.31814374994245,91.6462672232524,94.09928894042969,1373400
2016-12-14,93.84395651069326,94.18135622355807,92.04750619194019,92.43050384521484,968800
2016-12-15,92.64932976819593,93.55211165724837,91.47297423651341,92.97761535644531,614400
2016-12-16,93.16001177694825,93.59772131128149,92.45784258627342,92.81348419189453,1061300
2016-12-19,92.76789957607346,96.09634011543244,91.8012776200671,95.50360870361328,960200
2016-12-20,95.88660885304994,96.26048549260999,94.3546114227337,94.77408599853516,658400
2016-12-21,94.81057129531199,95.95045022892444,94.05369001364879,95.35771179199219,552300
2016-12-22,95.18442356371969,95.74068489728596,94.29988358212672,95.41239929199219,579000
2016-12-23,95.08412030576683,96.19664305034517,95.08412030576683,95.6039047241211,408700
2016-12-27,95.97778919446546,96.56140654842521,95.05676523135774,96.05074310302734,417400
2016-12-28,96.29693904540099,96.29693904540099,94.80141893610693,94.92908477783203,586100
2016-12-29,95.21180944438464,95.3850663086907,94.46404219643799,94.79232788085938,463200
2016-12-30,95.02026984640104,95.02026984640104,93.73449050441633,94.1630859375,609900
2017-01-03,95.97776922154871,96.34253173118361,95.0111544846925,96.23310089111328,1269300
2017-01-04,96.46110010416884,96.75290879155732,95.46712915431263,96.36991119384766,704600
2017-01-05,95.74979470577958,96.04160332563988,94.06277590479768,95.09322357177734,691400
2017-01-06,95.20267132586739,95.90483355058441,94.33635933122245,94.40019226074219,623600
2017-01-09,94.41842712461495,94.5460929740657,93.22383655163999,93.91687774658203,823200
2017-01-10,93.67068728500415,93.79835316206808,93.06882790118685,93.5612564086914,910600
2017-01-11,93.2876990124887,95.69512287473506,93.2876990124887,95.48538208007812,1244300
2017-01-12,95.02940267234135,96.00513852064809,93.99895487503687,95.85923767089844,526200
2017-01-13,95.74068691467517,97.72863558539092,95.57654410856956,96.26959228515625,759100
2017-01-17,96.26959228515625,96.26959228515625,96.26959228515625,96.26959228515625,0
2017-01-18,96.27874405816566,98.47642721019132,96.27874405816566,97.62835693359375,782500
2017-01-19,97.5918639582271,97.5918639582271,95.78629976703833,96.44287109375,507700
2017-01-20,96.98086090509503,97.72862091907679,95.03851045539353,96.23310089111328,846600
2017-01-23,95.92307633173469,96.269596958215,95.3576939816449,95.6039047241211,585800
2017-01-24,95.43975510199904,95.56742094372416,93.87128109535733,94.92908477783203,1025800
2017-01-25,94.3546172860641,94.57347208763257,93.27857132222175,94.38197326660156,1100000
2017-01-26,94.30900701224606,96.30607681750772,94.30900701224606,95.6677474975586,1641200
2017-01-27,95.96868980623401,96.4155273787479,93.80748369771547,94.86528778076172,450400
2017-01-30,94.89263421877133,95.37594174789072,94.33637277201582,95.11149597167969,458000
2017-01-31,95.25737523331385,96.72553944555077,95.25737523331385,95.98690032958984,1092700
2017-02-01,96.46110303196514,97.20886325092347,94.1995873753796,94.71025085449219,1082800
2017-02-02,94.75585577067054,95.57656300620357,94.45492607376517,95.19356536865234,746000
2017-02-03,96.07809106116521,97.62832322375756,95.50359473303754,96.37902069091797,1028200
2017-02-06,96.16926670160903,96.16926670160903,94.68286766929647,95.20265197753906,1306100
2017-02-07,95.21179084421624,95.75893122560862,94.94733815246865,95.55831146240234,666300
2017-02-08,95.54920845557987,97.73777735003976,94.39109454643737,97.44596862792969,1117200
2017-02-09,97.41859126948196,98.38520614486687,96.99911675832877,98.14810943603516,1171700
2017-02-10,98.19373418004348,98.19373418004348,96.56142666162609,97.53716278076172,768500
2017-02-13,97.7012842607081,100.01751865387698,96.42461870326424,99.96280670166016,1067100
2017-02-14,99.80779426439834,100.10872396544123,98.61320339678215,99.15122985839844,608700
2017-02-15,98.77733686725065,98.95971469207153,98.32138534793039,98.75910186767578,502500
2017-02-16,99.17857343373858,99.56157102865038,97.84719587242529,99.3335952758789,689300
2017-02-17,99.56157385654494,99.87161754963189,98.54936092890779,98.91412353515625,1008900
2017-02-21,99.20591990678044,101.10267965786998,98.86851332038646,100.95677185058594,900600
2017-02-22,101.22123788049605,102.2060948377263,101.0388600546096,101.8230972290039,772100
2017-02-23,102.16048056860583,102.85352871924832,100.45522660168241,101.39448547363281,578500
2017-02-24,101.44008867675997,101.7592533381532,100.76528239877601,101.36714172363281,724000
2017-02-27,101.19389037134219,102.99945465343876,101.1574134116585,102.85355377197266,958000
2017-02-28,102.5890796255883,106.41906914870336,101.9233874254869,105.57099914550781,2793700
2017-03-01,105.9266688271796,106.00873676776892,103.04505165383131,105.1971435546875,1334100
2017-03-02,105.4250980318924,106.0451923010421,103.81102595373383,105.1241683959961,1000600
2017-03-03,105.2791897261931,105.57099838339754,104.65909545997528,104.85060119628906,1256500
2017-03-06,104.08462091031058,105.24274176154968,102.79884113691874,105.02388000488281,1089000
2017-03-07,104.63174888590322,106.0634363260131,104.63174888590322,105.24272918701172,905000
2017-03-08,104.94180885202239,105.58925920849028,104.23963957942833,104.54969024658203,1070700
2017-03-09,104.28522400970346,106.38260361966695,104.12108119712137,106.31876373291016,1369900
2017-03-10,106.9480018935178,107.95109398183334,106.4555733503951,107.42219543457031,1357700
2017-03-13,107.50423610900224,107.78692379162854,106.31875951436187,107.27626037597656,1623500
2017-03-14,107.23066638099469,107.44040712427174,105.72603205363072,105.89017486572266,1342600
2017-03-15,106.30054226978706,107.17596839593531,105.04211851793679,106.40997314453125,1437300
2017-03-16,106.92973523454329,107.27625582944,105.48892699314065,105.90840148925781,1012300
2017-03-17,105.57103282057241,106.01787040803971,105.29746602866881,105.46160888671875,4900100
2017-03-20,105.46158818758232,107.28539427138914,105.46158818758232,106.74736785888672,1077700
2017-03-21,106.88416226982473,108.04228311106162,106.66530747231664,106.76561737060547,1057800
2017-03-22,106.69265230149817,107.58632031359747,106.14551188627739,106.58322143554688,1171300
2017-03-23,106.80207417106706,107.81428698473314,106.32788074915592,107.72309112548828,1885900
2017-03-24,107.53158148088443,108.54379419229272,107.03915311123174,107.86898803710938,1090900
2017-03-27,106.48292933213486,108.04228986399121,105.89019784172272,107.42219543457031,768100
2017-03-28,107.32186486363383,108.25200285001915,105.2336061866389,108.1061019897461,1006200
2017-03-29,108.10610821263107,109.46484179467014,107.91460245176835,109.22774505615234,824600
2017-03-30,109.15480292735947,109.43749763131967,108.13347586459382,108.44351959228516,815100
2017-03-31,108.27935604448301,109.89342818753576,107.79604858651533,109.76576232910156,1366300
2017-04-03,109.38276865664808,109.79312920573012,108.24288983797827,109.01801300048828,1122600
2017-04-04,108.96329269899685,109.5833870467493,108.74443791663366,108.9177017211914,1226400
2017-04-05,109.28245781037663,109.39188868063053,108.47998563365235,108.58941650390625,1005200
2017-04-06,108.97239550090022,109.63808767268895,108.14256053040106,109.49217987060547,947400
2017-04-07,109.49218556373896,110.85091899427182,108.99975714200343,110.49527740478516,1287300
2017-04-10,110.75060595510473,111.58956192224049,110.30377547595445,111.24303436279297,789100
2017-04-11,112.30086410227149,113.49545489381954,111.64429278081145,113.11245727539062,1798800
2017-04-12,112.50144837252095,113.05770962440435,111.40716086314075,112.22787475585938,909600
2017-04-13,112.30086208943598,113.21276514017072,111.79931262862462,112.89360046386719,997200
2017-04-17,112.78415463955463,113.99698720597148,112.43763403083577,113.96051025390625,855600
2017-04-18,113.84196963959211,114.39823103818924,113.51369095318736,114.12466430664062,1083900
2017-04-19,114.55325382414411,115.07303823978853,113.87844061576762,114.05170440673828,924600
2017-04-20,114.0881799551533,114.27967874200368,112.86622637019265,113.331298828125,873900
2017-04-21,113.13069796940763,113.54105854460776,112.33734671377093,112.8753662109375,656500
2017-04-24,113.0759856431924,113.54105817734073,112.08201459275325,112.58355712890625,807800
2017-04-25,113.31308478270296,113.4772276242501,112.16408489187292,113.09422302246094,966400
2017-04-26,113.05774272429403,113.97875979168406,112.26438456951705,112.7568130493164,752700
2017-04-27,113.05772036440581,114.79033024363271,111.64426813949255,114.28878784179688,1087300
2017-04-28,114.02433934331422,115.85726611862,113.32217021490705,115.34659576416016,885200
2017-05-01,115.57459271017761,116.57768469196077,114.9544983466132,116.03966522216797,1317400
2017-05-02,117.64460451280542,119.25867676678578,116.36794584072463,117.61724853515625,1472000
2017-05-03,117.89081739723842,118.17350509772453,116.32234314176517,116.57767486572266,1041200
2017-05-04,116.71446580722443,117.63548980723861,115.61106398576513,116.8968505859375,945600
2017-05-05,117.20690329785388,118.27382824571538,116.97892752486116,118.20087432861328,1049600
2017-05-08,118.52004373954632,120.38031988965787,117.83611643347733,119.84230041503906,1251000
2017-05-09,119.62344996065893,119.99733359609446,118.06410334775538,118.3194351196289,1048600
2017-05-10,118.365015368839,118.7297710128426,117.59902016770987,117.80875396728516,811700
2017-05-11,117.29808148803046,117.80874491621638,115.99405302755909,116.46824645996094,1513200
2017-05-12,116.29499053955078,116.93331986796566,115.64754023293914,116.29499053955078,1174700
2017-05-15,116.75095368906716,119.2860432136469,116.09438233879096,118.9212875366211,1395500
2017-05-16,119.2039748158188,120.93658514684489,118.78449326576626,119.24957275390625,1024000
2017-05-17,118.58388577008549,124.32887870158316,118.58388577008549,122.26798248291016,2640800
2017-05-18,121.3742840794042,121.4563520026224,115.65664888145473,120.37118530273438,2084900
2017-05-19,120.17966960134368,121.67518970783945,119.3224926168122,121.10070037841797,855200
2017-05-22,120.87277354659855,122.57802810057083,120.20708809783731,122.04000854492188,595300
2017-05-23,122.46860051595894,122.82424220149126,121.96705098135226,122.47771453857422,583700
2017-05-24,122.66919603729895,123.00659569624624,122.20411659979257,122.25884246826172,578000
2017-05-25,122.87896459747135,124.95810292239527,122.35917305897061,123.60848999023438,1098000
2017-05-26,123.56284728972527,124.14646460964148,123.12513777842173,124.03704071044922,665200
2017-05-30,124.03705678107951,126.07059668690297,124.03705678107951,125.82437896728516,1858200
2017-05-31,126.07970592515102,128.01294978006942,125.35019464431393,126.00675201416016,1692600
2017-06-01,126.11615456155693,126.58121996018598,125.404871521521,126.070556640625,750600
2017-06-02,127.00073769759334,127.43844725183371,126.11619065359484,126.47183227539062,826700
2017-06-05,125.9520724375766,127.11930748441559,125.63291464879963,125.77880859375,705600
2017-06-06,125.76052641273877,126.54476342674158,124.76655563758793,124.92157745361328,1197900
2017-06-07,125.4869648338346,125.50520678880662,122.84245185881544,123.92760467529297,1064900
2017-06-08,123.97319809886864,124.3106116381793,121.29220131136317,122.44120788574219,1311500
2017-06-09,123.37134189444514,123.69051348735552,121.54753602532192,122.46856689453125,924800
2017-06-12,120.62653792217783,121.26486729322225,118.00025260755315,120.75420379638672,1170900
2017-06-13,121.70258810241941,121.72081614509213,119.98820590270915,120.41680145263672,1119800
2017-06-14,121.3378067960029,123.00659089856583,120.84538531527147,121.2010269165039,966500
2017-06-15,120.74509456735868,121.25575808446303,120.11587919287753,120.57183074951172,692300
2017-06-16,120.42590065071018,122.076442754291,120.42590065071018,121.32868957519531,964700
2017-06-19,121.2830901731728,121.88494944885878,120.93656260574126,121.24662017822266,677600
2017-06-20,121.24660485056573,122.01259987849411,119.69635892774,119.96993255615234,894100
2017-06-21,119.9699743185827,120.48976578496267,119.22222098279211,119.53226470947266,742700
2017-06-22,119.75108499885802,120.66298781883884,119.40455747461482,119.67813110351562,580300
2017-06-23,119.76021814534923,121.16454259001719,119.75110412492556,120.28912353515625,2864600
2017-06-26,120.99126257533467,121.87580944653683,120.5626810403355,121.10070037841797,723300
2017-06-27,123.1525152923823,126.3441761126945,123.08867539699834,123.78173065185547,1640600
2017-06-28,123.7543563632082,123.83642428981426,122.17675422981712,122.51416778564453,979800
2017-06-29,121.94880108000514,123.06132400630514,121.24664569182005,122.6692123413086,860000
2017-06-30,122.75124795020135,123.8820125372367,122.20410065319274,123.01569366455078,1076500
2017-07-03,123.15251718773624,123.72700668234889,121.92144242942587,122.45034790039062,648200
2017-07-05,122.24059255705507,123.42606916843192,121.89406498531275,122.56887817382812,580300
2017-07-06,122.24059721472099,123.1707421501079,121.92142560600401,122.52328491210938,925400
2017-07-07,122.57800489684932,124.94895836530581,122.57800489684932,124.63890075683594,1045200
2017-07-10,125.08573140674586,125.31370715413321,122.404734391145,122.64183807373047,924000
2017-07-11,122.43209904176965,123.55374981684787,121.52932392345834,121.83025360107422,794700
2017-07-12,122.78777530789375,125.02194955234134,122.78777530789375,124.246826171875,692500
2017-07-13,124.39268854947726,124.71184624300743,123.48989959216243,123.93673706054688,297600
2017-07-14,124.98539166316118,125.48694097050374,123.92758110849908,124.46561431884766,704800
2017-07-17,124.04617006509386,124.49300756625769,123.11602506337186,124.01881408691406,1130900
2017-07-18,124.01883792822741,125.8152883849097,123.8273321296176,125.37757873535156,1028500
2017-07-19,126.718059393707,126.718059393707,124.3744617755578,126.2621078491211,1064700
2017-07-20,125.98851273969349,126.74539384489051,123.60844552463979,123.84553527832031,1095900
2017-07-21,124.01881634249747,125.14045321187778,123.44431296120041,124.56596374511719,993200
2017-07-24,124.33798864691141,124.65714637137162,123.12515589907493,124.18295288085938,666600
2017-07-25,124.35624518080402,125.1313685305052,122.86072436612456,123.51729583740234,830200
2017-07-26,123.92764005617178,124.47478754526313,123.23459862925624,123.62672424316406,642100
2017-07-27,123.84555028208449,124.77569528380648,123.19810691244749,124.01881408691406,1024600
2017-07-28,123.67226501729917,125.9429082139681,123.67226501729917,125.51431274414062,1021000
2017-07-31,126.14354182243417,126.62684929223185,124.37444780187576,125.43225860595703,853300
2017-08-01,123.1981308264574,126.60863997055888,122.650983327582,125.3228530883789,1089400
2017-08-02,125.66934942496279,126.43534460072777,124.91246826990856,125.84261322021484,832400
2017-08-03,126.161776787976,126.50829044184546,125.249873851784,126.17089080810547,1347500
2017-08-04,126.57214064534014,129.1163439223406,126.0067513169234,127.62995147705078,1037900
2017-08-07,127.09190494435457,127.93085395729142,125.7605344791957,127.22869873046875,535500
2017-08-08,126.59949717424145,127.2469405224039,125.62375426973803,126.0432357788086,493900
2017-08-09,126.18001627836121,127.0189653860436,125.55080096896546,126.78187561035156,576600
2017-08-10,126.20736916410844,127.37460388659807,125.70583364760489,126.77275848388672,454000
2017-08-11,126.82744520632214,127.05542091011957,125.08570748982204,126.08880615234375,733500
2017-08-14,127.36551397227853,128.76072470798994,126.83660846439855,128.11328125,673700
2017-08-15,127.59346758595619,129.55406740766043,126.4991867560357,128.85189819335938,586200
2017-08-16,129.1163577472443,131.40524345407152,129.09812970354756,131.0587158203125,1123900
2017-08-17,130.8672103482687,132.0526871745512,129.66350547824726,129.68174743652344,788400
2017-08-18,129.50847836092882,130.79425111918226,129.49023640339328,130.31094360351562,573600
2017-08-21,130.22881976781224,131.8702473780375,129.76375440930286,131.3686981201172,493000
2017-08-22,131.66058202492516,132.9098848951295,131.37789427308664,132.76397705078125,759900
2017-08-23,132.1803602829957,133.57557100488498,132.1803602829957,133.34759521484375,558600
2017-08-24,133.89472810741998,135.27169672020477,133.44789059832672,135.03460693359375,992300
2017-08-25,138.4451077491382,139.10166504900837,137.53320483074694,138.700439453125,4331700
2017-08-28,138.49070828382042,140.25068836181927,138.0985966611141,138.9375457763672,2211700
2017-08-29,138.72780476971283,139.63970774951343,138.31743729717442,138.6092529296875,1792100
2017-08-30,137.79765122541468,139.66705500012296,137.46936561661454,139.5576171875,2149100
2017-08-31,139.58499554468196,141.0805158722696,138.72780451889358,140.022705078125,23507200
2017-09-01,140.8160421962933,140.88899609702608,137.53320015051975,137.60614013671875,2486900
2017-09-05,138.58190092724305,138.88283058895053,137.03166860003677,137.84326171875,1809600
2017-09-06,138.46334065708558,138.5818924932954,137.12284220675892,137.24139404296875,1351000
2017-09-07,137.15929555650212,137.89793455546646,136.6577462625968,137.37814331054688,1169000
2017-09-08,136.82193979645163,137.1502254805377,135.96476254062347,136.28392028808594,857500
2017-09-11,136.64870568229185,137.51501097486386,136.12891415802517,136.90403747558594,1253800
2017-09-12,136.45714399155054,136.9313373768275,135.26255346621824,136.54833984375,1373200
2017-09-13,136.0923967792458,136.6851281113851,134.97987410377124,136.01031494140625,1279200
2017-09-14,134.9798759015311,136.5483500578596,134.66981832958004,135.66380310058594,1288300
2017-09-15,135.80970779683076,137.26875817001286,135.2352183658139,136.77633666992188,1898800
2017-09-18,137.08639047906013,138.44513106552924,136.7581048165693,137.26876831054688,974200
2017-09-19,137.32343772944594,137.68820719396035,131.8885048962381,132.60890197753906,2382500
2017-09-20,133.3202393563562,134.40540634428095,132.57248599989,133.2108154296875,2256200
2017-09-21,132.47215006729851,133.41140902542614,131.94324466808973,132.23504638671875,949000
2017-09-22,131.9979299208366,132.19854964942292,129.9826186162313,130.05557250976562,1529400
2017-09-25,129.59053411043692,130.63921698024964,128.23179364982678,128.997802734375,1740100
2017-09-26,129.07988328090894,130.3838980015226,128.66040174325968,129.86412048339844,1466600
2017-09-27,131.2046323331649,131.83384774574034,129.645271792672,130.3839111328125,988300
2017-09-28,129.63614771846218,131.31404607886998,129.57230782264054,131.09518432617188,1007900
2017-09-29,130.94015288275517,132.2259394959632,130.5480412583996,131.35963439941406,992600
2017-10-02,131.14990362580974,132.0891626562655,130.12856274562125,130.28358459472656,1052500
2017-10-03,129.77293957302223,131.80647977232462,129.77293957302223,131.1043243408203,894700
2017-10-04,131.31401189213224,134.77011761050966,130.95837033317238,134.24122619628906,1022000
2017-10-05,134.51480019731122,135.26256730113622,133.82175895912343,133.93118286132812,1245400
2017-10-06,133.50262008096382,134.57867306968765,132.37186904226556,134.34158325195312,575500
2017-10-09,134.3780391539958,135.49967605240715,133.93120163313975,134.71543884277344,635400
2017-10-10,135.39933169582253,136.3112345486774,135.02546210119732,135.34461975097656,760600
2017-10-11,135.80057871871534,138.21712976169724,135.38111117524676,138.01651000976562,1047300
2017-10-12,138.0712514637164,139.02875249991249,137.87974569066236,138.8098907470703,1147300
2017-10-13,139.06522101082854,139.1108189481657,136.8037052471818,137.6426544189453,838700
2017-10-16,137.049915972946,137.5058675402337,135.25347959920694,135.973876953125,1040900
2017-10-17,136.07416001073946,137.15019881828695,134.82485741547694,135.38111877441406,1051400
2017-10-18,135.11664357768132,135.52699707716206,133.78527320918525,134.4144744873047,1360200
2017-10-19,134.2686588788638,135.35381221445277,133.79446522449143,134.96170043945312,1625200
2017-10-20,135.29908357443406,135.91918503294013,134.50573218302418,134.8613739013672,834200
2017-10-23,135.33555810146547,135.52704998252653,134.17743713412108,134.9525604248047,595000
2017-10-24,134.4692313808551,135.5543843342935,134.4692313808551,135.17138671875,737500
2017-10-25,135.10758139312483,135.80973683835373,133.30200303943704,133.57557678222656,772400
2017-10-26,134.26858901133716,134.26858901133716,132.9645606190081,133.63937377929688,1522100
2017-10-27,133.37490638225682,134.58773884750664,133.1287026302046,133.7943878173828,1079000
2017-10-30,134.03151752521913,140.11390970416153,133.4934980205214,136.94049072265625,2414500
2017-10-31,136.95869361667118,145.12022148123498,135.2899097028075,143.3328857421875,2151700
2017-11-01,143.39676961298898,143.7524112831106,138.08948662782583,139.13818359375,1937400
2017-11-02,139.80380603883575,142.7583759086706,138.66392762039305,142.3480224609375,1195100
2017-11-03,141.42704533439965,142.42101635208758,140.25069648362336,140.9163818359375,715000
2017-11-06,144.55488170557564,152.689055597658,144.27219397403536,149.9351043701172,2398600
2017-11-07,149.54295350296422,151.26644933429162,148.23892519084106,151.05670166015625,1369500
2017-11-08,150.46403192840847,155.50685564290654,150.46403192840847,154.56759643554688,878000
2017-11-09,154.21190455124085,155.77126467890395,153.30911564422172,154.57666015625,886200
2017-11-10,153.02644065499976,154.786420685749,151.99598580930925,154.06600952148438,698800
2017-11-13,154.76823017825663,155.20593986898274,150.40933348956298,150.64642333984375,1945500
2017-11-14,150.43661750316528,152.0050915519575,148.7860755356014,150.94728088378906,1488000
2017-11-15,150.10836400486835,151.2482428355005,147.79213634341988,150.73757934570312,1360900
2017-11-16,151.49445522843868,153.31826129327692,149.98980687622554,150.16307067871094,903100
2017-11-17,149.78003896758932,151.3029150152023,148.85902212380887,150.6554718017578,1063500
2017-11-20,150.281625961532,151.64948054143454,150.12660411222075,151.08409118652344,692900
2017-11-21,151.56738425824054,153.28175221585937,150.91081306952395,153.04466247558594,1047700
2017-11-22,152.97177697366612,153.53715256109484,151.37594621537153,152.2696075439453,481500
2017-11-24,153.017321184708,156.19985364545016,152.78021750715007,154.76817321777344,568200
2017-11-27,155.93545944136986,157.69542607655364,155.63452969200142,157.16653442382812,1134600
2017-11-28,157.39446175476104,158.6437643993221,156.75611852966657,156.92938232421875,1005100
2017-11-29,156.53725026950607,156.90200585231204,152.96259268277993,154.80462646484375,1285200
2017-11-30,155.49768609544935,155.9353955905111,152.8258033681946,154.79551696777344,1372100
2017-12-01,154.8410940262415,155.60708901799293,152.95344860242687,154.25747680664062,807400
2017-12-04,154.24838268457947,154.30310855129935,147.83770588228106,147.91065979003906,914600
2017-12-05,147.4820609486178,151.2573386240095,147.02610947132638,149.43353271484375,1246700
2017-12-06,149.47003193688133,152.04159129667752,148.4942889965458,151.74066162109375,623800
2017-12-07,151.45795229760378,152.26043131802305,150.591647308488,151.9959716796875,1232900
2017-12-08,152.28781037165345,153.02644962078296,150.29986838829436,150.63726806640625,564900
2017-12-11,150.91994653699854,152.1054232201963,149.8165377843324,151.93215942382812,1090600
2017-12-12,152.78022056645824,153.07203620174673,150.40015320996093,151.07496643066406,878600
2017-12-13,151.7406566599416,152.82582347790586,150.5095959341152,150.85610961914062,954400
2017-12-14,150.57341072104552,152.87141005217893,150.04450534005653,151.19351196289062,1046100
2017-12-15,152.05075053087998,152.05075053087998,147.93805803254014,149.26031494140625,1995900
2017-12-18,149.37880610643188,150.26335299874586,146.26009997751873,147.53675842285156,1217400
2017-12-19,147.52767005806095,148.3666191701038,143.97125383151672,144.07156372070312,1747100
2017-12-20,144.5639731099337,145.23878630011046,142.38452562265462,144.0624237060547,1205800
2017-12-21,144.7464078387344,146.03219483944798,143.77067853705444,143.934814453125,764600
2017-12-22,143.39671951275494,146.2965638229719,142.27508293187222,146.10507202148438,602900
2017-12-26,145.46676750915847,147.4455953093265,145.32997371320837,145.74034118652344,364000
2017-12-27,146.55193129887778,147.5641441443391,145.74033821842932,147.053466796875,569000
2017-12-28,146.88936063959093,148.95938468007142,146.26925926385562,148.6402130126953,508700
2017-12-29,149.1508684372231,150.2269213280953,148.20249533798764,148.96849060058594,592400
2018-01-02,148.7131792785102,150.0810341130279,146.27839934281334,146.47901916503906,931600
2018-01-03,145.69480768074666,148.64025171748162,145.3118099288883,148.3119659423828,773300
2018-01-04,148.48517741231677,149.37883851795215,146.8802330307317,147.5003204345703,1055800
2018-01-05,148.2115628289134,149.22377550618444,147.79209532779285,148.5216064453125,826800
2018-01-08,148.85905810624078,149.49738745496737,148.24808473570704,148.53988647460938,827900
2018-01-09,148.56722034717203,149.77093886669795,148.33013059993243,149.1417236328125,684200
2018-01-10,148.66752073960657,149.20554008240487,143.8526747977326,146.71604919433594,915000
2018-01-11,147.17198061843268,147.17198061843268,142.503043106797,143.6246795654297,959800
2018-01-12,143.1779080867095,143.84360740241914,141.2993898304061,142.20217895507812,877600
2018-01-16,143.60643552458416,148.44863671027127,143.16872611787213,145.7676544189453,1412800
2018-01-17,145.64916468734268,148.6219637931345,145.6309227292169,147.2449951171875,751100
2018-01-18,146.7160773615099,148.1933558116324,145.78593237850805,147.40911865234375,1441200
2018-01-19,147.54588837208019,151.35763572130395,146.95314315294613,151.1843719482422,1618000
2018-01-22,150.96553583937038,153.09938539841497,150.2998505833337,152.88052368164062,1027700
2018-01-23,153.34559016213385,154.24836509933013,151.9047819558783,153.4276580810547,834700
2018-01-24,153.42768020250884,154.73169481737776,153.07203858804135,154.06600952148438,627500
2018-01-25,154.01130516624872,155.67097539200537,153.83804136086354,155.2879638671875,1038100
2018-01-26,156.07222136093463,157.42184806565146,154.8229184756397,157.10267639160156,802500
2018-01-29,156.69230933740275,157.75923428100384,154.37606770090517,154.5858154296875,789700
2018-01-30,154.13894724962617,155.17851600697477,152.26042948762208,154.75904846191406,1159800
2018-01-31,155.26971447138104,160.49491431993195,154.7955210557298,159.12705993652344,1399200
2018-02-01,159.04502075745856,162.01781981211258,155.0326388255757,159.33682250976562,1340900
2018-02-02,158.00541079724204,159.50093091543374,156.32749897732947,157.95069885253906,777700
2018-02-05,157.9871959293937,158.86262893832455,153.3547269850675,153.4459228515625,1336000
2018-02-06,152.14189546054556,153.6921278008706,148.30279156515172,151.3759002685547,2522700
2018-02-07,150.6007690530393,153.74684541285404,150.6007690530393,151.84095764160156,1075500
2018-02-08,151.9138698068585,153.64649331241768,145.6764585817202,145.7676544189453,1271700
2018-02-09,146.45161390030532,148.448669598476,140.76133469426586,145.6582489013672,1305800
2018-02-12,146.1324836696646,147.47298244893938,143.40588816949605,145.56710815429688,1271700
2018-02-13,145.08376374642776,147.82858659466635,144.74635019575206,147.19937133789062,1249100
2018-02-14,145.52145557629814,148.98668912023308,143.56998407272138,148.23892211914062,1392100
2018-02-15,148.53992464978646,152.8714652276626,145.97747866056923,152.37904357910156,1146400
2018-02-16,152.05984809510542,155.1785551539082,150.54608554819285,154.22105407714844,1438200
2018-02-20,153.26353888273542,155.6891902084563,153.26353888273542,154.76817321777344,819000
2018-02-21,154.5037565309016,157.33066209052362,154.0751748170874,154.56759643554688,1210200
2018-02-22,155.4156150524928,158.25163381939439,155.02350345801693,156.04483032226562,1011600
2018-02-23,156.92026436128424,158.26987685749407,156.21809518004193,157.69537353515625,887500
2018-02-26,157.68624900814703,158.87172557014972,156.67403622479918,157.5129852294922,1298300
2018-02-27,147.56413895921656,155.02349825510322,146.3695344315124,148.8225555419922,2728600
2018-02-28,149.44270466543333,150.5005018292587,143.29647193204664,143.41502380371094,1996500
2018-03-01,143.6885541892369,143.6885541892369,140.3236300849342,141.30848693847656,1396000
2018-03-02,139.9862050303743,141.45436921254202,138.5909947477934,139.43907165527344,1627000
2018-03-05,138.73690487554,143.1596394498049,138.08944770242337,142.87693786621094,1335900
2018-03-06,143.46964944424195,144.21740240175217,141.755267963587,142.7127685546875,1078400
2018-03-07,142.2659758381381,145.3482122968409,142.2659758381381,144.7828369140625,1347200
2018-03-08,144.83754892706037,149.89861314217856,142.50307957384348,149.74359130859375,1129000
2018-03-09,149.97156155925393,151.9139053326892,149.1690825305088,151.82272338867188,1120900
2018-03-12,152.2148490134639,154.3486987209362,151.52180773394022,154.029541015625,784400
2018-03-13,154.82286324664452,155.552388302421,153.79240858356525,155.33352661132812,1039500
2018-03-14,155.25144202417437,155.57061355009543,153.83798998935927,155.2332000732422,999400
2018-03-15,155.70743051791905,156.2819338357315,153.16322738031445,154.84112548828125,909000
2018-03-16,154.71348082189814,155.6344979289989,152.55226104742727,153.8289337158203,1168700
2018-03-19,153.838015360927,154.75904618872585,152.70726467821234,154.0751190185547,1176900
2018-03-20,154.13896293825513,156.03572284752462,154.09336500535943,154.41253662109375,1368700
2018-03-21,154.95968981549126,155.97190283078433,152.04160262733828,152.36988830566406,1103100
2018-03-22,151.54006215084976,156.7196793933504,150.9108606515989,154.4855194091797,1316900
2018-03-23,154.46722010194202,157.36707834224623,153.18143376978324,153.99302673339844,1312800
2018-03-26,155.4338995150873,158.28816101785833,153.69216104277797,158.1513671875,802400
2018-03-27,158.03278703009616,159.58301929173746,154.5584389506988,155.1147003173828,1296400
2018-03-28,155.52507636229637,156.9567569925808,153.71951212182503,155.44300842285156,868000
2018-03-29,155.78041984734412,157.44007637741817,154.33049714982346,155.86248779296875,1144400
2018-04-02,156.07221633209974,157.54950887592878,153.02646319400165,154.22105407714844,972400
2018-04-03,154.9961609399109,155.48858245948975,151.61299453654053,153.81068420410156,1047600
2018-04-04,152.69812795716706,156.16336153620554,152.43368225564632,155.33352661132812,672600
2018-04-05,155.83509582290233,157.88687747691276,155.18763860079704,156.5646209716797,690400
2018-04-06,156.0813265470439,157.7501107680258,153.80156896338596,154.7772979736328,849600
2018-04-09,155.114697223646,157.60418837887482,155.01438734265332,156.4643096923828,810900
2018-04-10,157.61335586213914,158.53438705854393,142.63990602707744,148.70407104492188,5422600
2018-04-11,147.6462146115743,152.1692455935038,145.90447658287775,149.90773010253906,1557300
2018-04-12,150.78318452510885,152.2695771297712,147.19939807388562,149.96246337890625,1461000
2018-04-13,150.60077126089368,150.6098991959768,148.86816116839262,150.0445098876953,1067600
2018-04-16,150.56429187924797,152.92611710572004,148.76784201128143,151.51266479492188,692500
2018-04-17,151.8500961900498,154.63140320966514,150.87435327065364,152.98997497558594,880500
2018-04-18,152.52489705868572,153.65566183453487,151.86832575845537,153.05380249023438,640600
2018-04-19,152.2878391201591,152.2878391201591,148.97762594890676,151.02029418945312,1031300
2018-04-20,151.430646198065,154.04780398182112,150.48227297347086,151.09324645996094,765100
2018-04-23,150.98381619717904,152.2422331237397,150.44578274591,151.2117919921875,780800
2018-04-24,152.15102782516263,154.12072781697276,149.8894982669712,150.40016174316406,1112000
2018-04-25,149.50652688211972,150.70111784799352,149.02321929920188,149.99896240234375,1138600
2018-04-26,150.92905755882094,151.95951238124988,150.00804055612846,150.66461181640625,1031100
2018-04-27,147.64623019079178,148.5490053296041,142.78578513201987,144.94699096679688,1825500
2018-04-30,144.67338853539727,147.67355684813495,143.90739344409425,146.11419677734375,1846000
2018-05-01,147.58233406285623,147.58233406285623,140.21415835572407,143.6246795654297,1880000
2018-05-02,142.07451924526552,143.0684903791009,137.91624294098605,142.1201171875,1592700
2018-05-03,142.1383113429115,143.24172005793304,140.6245629892314,142.40277099609375,992400
2018-05-04,142.47575615079037,145.53975135557744,142.03803261115073,145.12026977539062,696900
2018-05-07,144.98345642131918,146.14156316046996,143.2964303818128,143.71591186523438,653300
2018-05-08,142.89517906522155,143.83443792208803,141.79178436829704,143.53350830078125,877000
2018-05-09,143.46054248192675,145.18403806485466,142.74013154152883,144.9378204345703,481700
2018-05-10,145.5123286201156,148.51248254777084,145.12931722000224,147.68264770507812,791500
2018-05-11,147.8559578354377,148.75874685113484,145.53973024427907,145.9956817626953,760300
2018-05-14,146.15981552253842,146.825500833756,143.61561220886227,144.07156372070312,648200
2018-05-15,143.08671331826466,144.24482019275,142.07450035918214,143.77975463867188,874900
2018-05-16,143.86185145000712,144.14455314520777,142.8314102412616,143.8527374267578,514600
2018-05-17,144.1718222297746,144.55481969348355,142.24770697894314,143.6337890625,526300
2018-05-18,143.66121033468488,145.4029486204289,142.3480815398557,143.79800415039062,961200
2018-05-21,143.97126686933956,146.18718473857905,143.2417416014223,145.69476318359375,593700
2018-05-22,145.71296970926875,145.71296970926875,142.69457309960458,143.43321228027344,891600
2018-05-23,142.87692894651525,144.1080033347334,142.26595571921376,144.03504943847656,589400
2018-05-24,144.28128971398152,144.33600166611657,142.1018421618791,142.98638916015625,602900
2018-05-25,143.6976970061075,145.8862589539825,143.10495162242728,143.99862670898438,571400
2018-05-29,143.45144960758,145.57618513259717,143.26907180205146,144.718994140625,663400
2018-05-30,144.92869554168402,146.49716936496756,144.04416268676385,144.96517944335938,532500
2018-05-31,144.682504798084,145.2387660750091,141.88295646098467,144.1444854736328,983100
2018-06-01,144.54571229492672,145.39378916074608,143.39671974057745,144.5183563232422,425400
2018-06-04,144.91960202542143,146.451606078295,144.45453657225397,145.81326293945312,434500
2018-06-05,145.90449108397226,146.30573066077903,144.1901088610839,145.6035614013672,795700
2018-06-06,145.58535721035554,145.58535721035554,142.38458161611766,143.934814453125,762400
2018-06-07,144.22656012531064,145.8406181740627,142.9407737492267,143.67941284179688,945100
2018-06-08,143.60649572701857,144.61870872061826,142.0927471620214,143.46060180664062,680200
2018-06-11,143.8162061018167,145.658239859641,143.09579505063454,144.1627197265625,459200
2018-06-12,143.9621093068185,146.69781806262017,143.38761992998346,146.58839416503906,821400
2018-06-13,146.36040134802724,146.36040134802724,142.14741480860366,142.59423828125,744300
2018-06-14,143.1687774658203,144.73725180981896,142.8860897493792,143.1687774658203,904300
2018-06-15,143.10493705148934,144.6460554117888,142.0927380374258,142.41189575195312,1081600
2018-06-18,142.42101828240888,144.2265964237052,141.9012407553353,143.94390869140625,679900
2018-06-19,143.36027701526064,145.48499876436526,143.18701321861727,144.49102783203125,1087400
2018-06-20,144.94697580395808,145.84976476286673,143.28731961687973,144.81019592285156,596400
2018-06-21,144.8102135227681,146.46986991155742,143.76151662019936,146.42428588867188,712200
2018-06-22,146.74345100089198,147.8833299210902,145.60357208069377,147.78302001953125,686700
2018-06-25,147.57325362068056,148.51251253043978,146.9257964145236,148.2024688720703,819400
2018-06-26,148.86816600212856,149.82566694308917,147.5823794218253,149.72535705566406,1455000
2018-06-27,150.10834543364155,150.7193187415271,149.52472810114378,149.78005981445312,1228400
2018-06-28,150.09924598468595,150.53695554791753,148.96848120559025,150.40016174316406,735300
2018-06-29,149.94420996995888,151.54004028763592,148.69490725962896,150.57342529296875,836400
2018-07-02,150.17214648075833,151.16613110817192,148.42129477385242,150.1812744140625,867100
2018-07-03,150.80141006765376,151.46710934414673,148.29367656139,148.38487243652344,618900
2018-07-05,149.305849426189,151.5126526488891,148.14774282754385,151.40322875976562,585400
2018-07-06,151.93216682222769,152.66169204083815,150.5643122552841,150.88348388671875,785500
2018-07-09,151.03851799020632,151.03851799020632,147.5185713957394,148.68580627441406,906900
2018-07-10,147.0352697449276,151.04763806175356,146.52459228983417,150.91085815429688,783400
2018-07-11,150.14483160260855,151.09321856665994,148.86817289854275,150.22691345214844,618700
2018-07-12,150.19040906408583,152.03245686987572,148.64929089348942,150.75579833984375,623600
2018-07-13,150.74666665146435,152.1236489401396,149.6614999706923,150.10833740234375,530500
2018-07-16,150.09924183131443,150.09924183131443,147.98362015758659,148.7587432861328,607400
2018-07-17,148.9958507186539,149.3879762971251,148.09306161760037,149.26942443847656,925300
2018-07-18,149.4973864186564,149.4973864186564,147.6188683849102,148.12953186035156,755000
2018-07-19,148.3392654092527,149.31500833815028,147.03525074487868,148.30279541015625,484900
2018-07-20,148.1477848193544,148.8499401929636,147.00790593611424,147.96539306640625,569900
2018-07-23,147.54590802611668,147.57326400292476,146.62487709179268,147.2814483642578,572300
2018-07-24,147.2722971329239,147.61882463765164,145.46673354711555,146.19625854492188,1676800
2018-07-25,146.4151427435727,147.67357333012077,145.68561756420374,146.52456665039062,1703000
2018-07-26,147.12641291212955,148.25717753554312,146.98963304074388,147.20848083496094,1521200
2018-07-27,147.50032856393324,148.41223167715694,145.6400523353533,145.9683380126953,609300
2018-07-30,145.87708433706936,146.60660932150805,143.55172953677874,144.2721405029297,1338600
2018-07-31,144.30868530273438,146.70699523624745,142.6125447482818,144.30868530273438,2149200
2018-08-01,143.18702000350288,147.47296153154286,141.9285893489136,147.336181640625,3144200
2018-08-02,147.5276522684888,148.33013128521353,142.84958586845332,143.35113525390625,1437200
2018-08-03,143.734116174095,144.94694857873023,142.93165116477087,144.52748107910156,1750300
2018-08-06,144.70077488377132,145.73122982272199,143.55178200562708,144.87403869628906,943300
2018-08-07,145.0381956020282,145.1658614836402,144.0259825711982,144.13540649414062,537500
2018-08-08,144.23568979641752,144.88314702168307,143.1049251145666,143.369384765625,885000
2018-08-09,143.29646329117085,143.8344828209077,142.84051170708102,143.12319946289062,429700
2018-08-10,142.8769138023072,143.28728116457177,141.90118511167663,142.3480224609375,574900
2018-08-13,141.85562938874537,142.62162457430608,140.97108235975188,141.52734375,871300
2018-08-14,141.97416013684912,142.31155974628905,140.62454778455592,141.16256713867188,797000
2018-08-15,141.18995942735498,142.56692810677362,140.5060320985543,141.3905792236328,657900
2018-08-16,141.60940806357453,142.61250691037625,141.4999841582999,141.98329162597656,941000
2018-08-17,142.11095651197283,144.15362418847496,141.27200744337424,143.91653442382812,729600
2018-08-20,144.22657510981915,144.9287303686881,142.83136469788957,143.98947143554688,814500
2018-08-21,144.1535932940415,144.5365907923278,142.59423341609605,142.81309509277344,471000
2018-08-22,142.43923400833924,142.53042986659295,139.75823718427839,140.5242462158203,852400
2018-08-23,140.43304420902294,141.57292281461568,139.8311849657819,140.60630798339844,472800
2018-08-24,140.97111313974878,142.48487579973443,140.70666733266148,142.2842559814453,683000
2018-08-27,142.66721304026586,143.01374061220625,142.05623973652632,142.99549865722656,574600
2018-08-28,143.08671760901865,143.35116338349425,142.06537668335255,142.8404998779297,601300
2018-08-29,142.77669555853436,143.9712865648339,142.77669555853436,143.65211486816406,445200
2018-08-30,143.60643277693754,143.87089235111176,140.02266185796398,140.67010498046875,1054800
2018-08-31,140.72485124191513,142.594240909628,140.72485124191513,141.55467224121094,1081900
2018-09-04,141.13526159218347,142.32073853032117,140.9163998158302,142.18394470214844,800000
2018-09-05,142.18395275853163,143.64300352114856,140.72491591045403,142.92259216308594,778500
2018-09-06,142.1292223911502,144.39986619396817,142.1292223911502,144.13540649414062,914700
2018-09-07,143.80711767374882,144.6369528433935,143.25998415643443,144.2448272705078,829900
2018-09-10,144.81021230304867,145.84065332452485,144.13539901267623,145.0837860107422,568800
2018-09-11,144.6278524615156,145.0655620995554,144.20837086892936,144.3177947998047,426200
2018-09-12,144.84668005633017,144.84668005633017,143.54266534739523,144.53663635253906,549400
2018-09-13,144.928717870836,147.40909481471343,144.582204238722,146.84371948242188,513400
2018-09-14,146.84377008509432,147.2814797217514,145.13851556649445,145.59446716308594,659700
2018-09-17,145.8315280596986,146.57016727334818,145.18408471309482,145.521484375,403400
2018-09-18,145.53972188709093,147.1081961335407,145.53972188709093,146.63400268554688,721200
2018-09-19,147.04441186164362,147.29974368070526,146.1325085322691,146.36959838867188,467900
2018-09-20,146.58839705393993,146.9531526627549,145.8953558313777,146.65223693847656,405400
2018-09-21,146.71611837946838,147.54595370498444,145.54888329250636,146.38783264160156,1152600
2018-09-24,145.83153892816583,146.6157761337856,144.418086370829,145.39382934570312,598200
2018-09-25,144.9925706988779,145.19319046332214,144.14450762471026,144.7828369140625,669000
2018-09-26,144.77373689244618,145.75859394927696,144.42722316257917,144.54576110839844,502100
2018-09-27,144.25394862763912,145.2570336542345,144.13539677608628,144.53663635253906,464500
2018-09-28,144.5731308538948,146.56108711562078,144.3177990646146,146.47901916503906,740500
2018-10-01,144.44541573585926,147.31791825819258,143.49704282950592,143.52439880371094,469600
2018-10-02,143.7524155617803,144.85582452294403,142.5760665916074,142.639892578125,587200
2018-10-03,142.77670114919033,143.64300646966555,140.85258469983143,140.98936462402344,1077200
2018-10-04,140.7887036363094,140.92548352051745,139.11991947629383,139.74002075195312,577000
2018-10-05,140.09571037979654,140.8069938505243,139.29323101198457,139.35707092285156,669000
2018-10-08,138.87370153791082,142.2751097412404,138.87370153791082,141.25376892089844,543500
2018-10-09,141.41790545046558,142.55778409197902,140.55160046582222,142.11094665527344,441700
2018-10-10,141.5182338074714,143.5700156301248,139.5029219837138,139.5211639404297,974100
2018-10-11,139.56674745512856,139.91326110971315,133.33844871833918,133.73056030273438,1149600
2018-10-12,134.82491038833152,136.73989899684292,133.4023295318855,134.60604858398438,1287300
2018-10-15,134.22306217976754,137.69741186880614,133.25644681284294,135.99215698242188,610400
2018-10-16,137.02256270114162,139.895065980569,135.9921216005841,139.41175842285156,531000
2018-10-17,139.11993131370326,139.5120568726906,137.82503061305673,138.9193115234375,422800
2018-10-18,138.9740435242706,141.66416912319653,138.12598021864432,139.8038787841797,1036500
2018-10-19,140.0956595555982,143.48793976127524,140.0956595555982,140.7795867919922,704600
2018-10-22,140.8160331278846,142.54865685100853,140.00444016698185,140.04092407226562,1291000
2018-10-23,139.3205490693935,141.01668932580188,138.56366785617797,140.4057159423828,711200
2018-10-24,140.32364887091956,142.0197891377816,140.13214310381434,140.85255432128906,686800
2018-10-25,141.41792626339713,143.07758257413985,139.43909832024346,142.37542724609375,820500
2018-10-26,140.9528495332351,140.9528495332351,137.25963970135516,137.88885498046875,889600
2018-10-29,138.66399338179278,141.4361868022958,137.9527100245209,141.12612915039062,1062200
2018-10-30,141.82824660088792,148.22068045538327,140.86163182356827,147.9288787841797,1283700
2018-10-31,149.0779221919991,150.15397513825067,146.71609638683375,147.88333129882812,1348600
2018-11-01,148.621956303666,150.10836273892636,147.62798531122618,149.39707946777344,650500
2018-11-02,149.66153166237726,150.39105692208224,147.96539134724134,150.345458984375,738000
2018-11-05,150.46400566760272,152.22397190340382,150.06276609282995,151.9412841796875,898400
2018-11-06,154.2118955813313,155.0234885826237,150.24511251355074,151.5673828125,1069800
2018-11-07,155.0234963528176,155.83508939478924,153.13585063001565,155.5797576904297,1043400
2018-11-08,155.02351047329202,156.83820245806513,154.3304692004089,156.40960693359375,1083900
2018-11-09,156.16337716576547,157.3670957154504,154.87759069165688,156.4004669189453,911300
2018-11-12,156.84729937177104,158.18779775282042,156.16337219427785,156.756103515625,770700
2018-11-13,157.27584838867188,158.12391115926104,156.4642556010471,157.27584838867188,1228100
2018-11-14,157.9781145459508,158.84441979848458,155.0873830869065,156.88381958007812,824200
2018-11-15,156.1542860505395,156.1542860505395,154.1025041517837,155.1785430908203,1008800
2018-11-16,155.16938451941033,158.1421826522011,154.95052283714628,156.8655242919922,679600
2018-11-19,156.2455036962188,158.45230795052223,155.8169080440876,157.88693237304688,825100
2018-11-20,155.81687409663047,157.74099014299358,153.52800238579172,153.90188598632812,1341500
2018-11-21,153.84715399427176,154.79552694713428,151.67682050401132,152.84405517578125,1309300
2018-11-23,152.73460262407394,152.73460262407394,150.93815302263602,151.04757690429688,291500
2018-11-26,151.3758803438957,153.24528405876023,150.673711219725,151.42147827148438,680000
2018-11-27,151.37594876741403,151.6677645042582,149.9533818366491,150.64642333984375,846500
2018-11-28,150.67372386976922,153.54622657461442,150.13570445684073,153.52798461914062,639700
2018-11-29,153.59182559873375,154.81378627324193,151.80450339464832,153.70126342773438,626100
2018-11-30,154.12073294497955,155.94453908608614,153.82893119796154,155.7621612548828,934700
2018-12-03,156.67404212201978,157.61330103841755,151.54915204444734,154.98703002929688,1047800
2018-12-04,155.28798267524616,156.6558374124384,154.0113238196819,154.86851501464844,686000
2018-12-06,154.39428325067158,156.57373070241826,150.69195957163646,156.4004669189453,1083100
2018-12-07,156.74704802592618,156.74704802592618,152.9900111139855,153.35476684570312,599400
2018-12-10,152.95345806186288,155.1511472257031,151.31203018192966,153.99302673339844,798600
2018-12-11,155.70743811878873,156.81996089815902,154.70433924737762,156.19985961914062,779100
2018-12-12,156.16338140344013,156.61021886165187,154.01128986810184,154.08424377441406,739300
2018-12-13,154.6496336604608,158.36108572295015,154.6496336604608,157.04794311523438,817900
2018-12-14,156.09954978650353,158.28812534820045,155.20588873727516,157.3032684326172,866900
2018-12-17,156.9384951542694,157.2576528215627,150.0171415462405,150.10833740234375,1246300
2018-12-18,151.13879277113762,152.69813894951173,150.74666728568477,150.86521911621094,948000
2018-12-19,150.30898856751907,153.2453176416772,150.19043671271527,150.55520629882812,1170300
2018-12-20,149.9623987049845,151.7223781805628,147.89237564578102,149.00489807128906,1042900
2018-12-21,149.35145013364144,152.83492575731643,147.30878270657544,147.53675842285156,1977000
2018-12-24,146.97139761125067,148.53075778694688,143.98947105185118,144.19921875,830500
2018-12-26,144.08067363460222,149.80742334691598,141.51822843742642,149.79830932617188,1044500
2018-12-27,148.32099544682637,150.45485872626517,144.11712268201714,148.8134307861328,687800
2018-12-28,150.0444997098728,150.5186931223687,147.29056292140027,148.17510986328125,575700
2018-12-31,148.6402190728172,149.11441262482575,146.12337129284256,147.6280059814453,814900
2019-01-02,145.99566283376242,146.79812794024758,144.14450102216603,146.58839416503906,805800
2019-01-03,146.04128564472202,150.10837986452117,146.04128564472202,148.22073364257812,804200
2019-01-04,148.61285097525888,150.50048317772212,147.71918982337658,148.5854949951172,743900
2019-01-07,149.28765319278068,152.04159036234566,148.6766659095846,150.09011840820312,593900
2019-01-08,151.020282953662,152.96264113800777,149.232946636843,152.52491760253906,763300
2019-01-09,152.51574930607387,152.51574930607387,149.78004079834162,150.4092559814453,523000
2019-01-10,150.0262987888479,153.3912233842131,149.37884147891302,153.2453155517578,486100
2019-01-11,153.04469376778707,155.41563339889538,152.02336678297343,154.83201599121094,451200
2019-01-14,154.39425665712048,155.58884706641825,153.51883778498518,154.25747680664062,647200
2019-01-15,154.69522453248337,156.65581041881188,154.40342280772293,155.47946166992188,525800
2019-01-16,155.54330516181668,158.0419105371198,154.32134453712993,157.3671112060547,695100
2019-01-17,156.7652432889073,158.96293279137691,156.41871570682335,158.17869567871094,634500
2019-01-18,158.9902861979096,159.18177802683542,156.3548872074491,157.8048095703125,1068100
2019-01-22,157.68625912865105,158.67111600116107,156.08131491856153,157.90512084960938,638700
2019-01-23,157.76831250451903,160.13015154243163,157.13911120455043,160.03895568847656,834500
2019-01-24,159.63775752964403,162.2366869804385,158.13312295152346,160.97825622558594,569400
2019-01-25,160.80495346601165,163.8051217883202,159.52829497643395,161.6530303955078,957400
2019-01-28,160.85059205349793,162.3187566449013,159.7380691251283,161.97222900390625,542300
2019-01-29,162.16374700945883,163.08476422815676,161.40686568705738,163.01181030273438,666700
2019-01-30,162.92966144305262,164.14249376114265,161.753313026825,163.0573272705078,712900
2019-01-31,162.89324495450882,166.6958789724583,161.83543408558972,166.4496612548828,878400
2019-02-01,166.82351105707366,167.20650858766263,162.40990456415312,165.1820831298828,590700
2019-02-04,165.0909191868965,166.42230373920603,164.04223626339538,166.38583374023438,572300
2019-02-05,165.82958050367267,168.43762386653555,165.5560067970295,168.32818603515625,754700
2019-02-06,167.81750632804116,168.3372977119113,165.31888712335714,165.43743896484375,542700
2019-02-07,165.2003482537709,167.67159755325017,164.53464905564425,167.47097778320312,370000
2019-02-08,167.40712774738242,168.46493839839707,166.4131569751773,167.07884216308594,515300
2019-02-11,167.6989774857073,168.68383452084407,166.83267230831598,167.7628173828125,505200
2019-02-12,167.90868164536352,167.97250761136732,166.09398990603037,167.06973266601562,403800
2019-02-13,167.20654337712818,168.2369982736455,166.5590860908874,168.10020446777344,423600
2019-02-14,167.8084180788658,168.81150317433998,167.4162924969385,167.96343994140625,432600
2019-02-15,168.756765218542,169.5501163677335,167.79926429547976,169.1580047607422,1332700
2019-02-19,168.20962629369117,169.9331223332485,166.8873558687293,167.37979125976562,873800
2019-02-20,166.92389837190146,167.83580165291207,165.96639714393234,166.8691864013672,652800
2019-02-21,167.3706719722957,167.3706719722957,164.45258512949172,166.56820678710938,776000
2019-02-22,165.50128055370325,168.36465541841025,163.54980868940655,166.4678955078125,992300
2019-02-25,165.89340158882325,166.54085887829038,164.03312548470495,165.1365203857422,656800
2019-02-26,164.7444194246245,166.07579017496292,164.10609002963096,165.04534912109375,556100
2019-02-27,164.83554557161045,165.51947267348936,162.83849012233134,164.51638793945312,347500
2019-02-28,164.3067011138553,166.89651660693949,163.93283140144104,164.65322875976562,999000
2019-03-01,165.24597365035962,166.36761061328912,163.0938816895179,166.06668090820312,684400
2019-03-04,166.37669675799972,166.76882227693758,164.21549113714076,166.404052734375,839100
2019-03-05,166.40408515090112,167.5439641037108,165.3554020801314,166.0575714111328,734900
2019-03-06,165.96632503329437,166.94206779900477,165.6745094311827,166.23989868164062,399500
2019-03-07,166.2399506460781,168.24613483683464,165.5104253272926,167.2248077392578,707900
2019-03-08,167.2247863127651,169.33128013888157,166.0666655393782,167.30685424804688,511700
2019-03-11,167.12445245225874,169.61394353386356,167.12445245225874,169.53187561035156,568100
2019-03-12,169.39511093864814,171.19156111736515,168.45585188048076,170.6352996826172,579500
2019-03-13,170.97265792274692,172.38609610583632,170.66260040124877,172.3131561279297,710300
2019-03-14,172.54115124198273,172.8055969566191,171.10945703149258,172.75088500976562,490200
2019-03-15,172.85121006518918,174.41968428057052,172.43172857824695,174.12786865234375,1102900
2019-03-18,174.22819154914603,175.24951849515736,173.516908295383,174.68414306640625,733700
2019-03-19,174.76621516156746,176.1523117031144,174.6294352689468,174.98507690429688,667900
2019-03-20,174.71150233009294,176.6629743040867,173.72664536454428,175.6416473388672,632600
2019-03-21,175.176603073108,178.979237590794,174.71152355495246,178.79685974121094,810500
2019-03-22,177.91231436649545,180.684493886098,177.91231436649545,179.7543487548828,999200
2019-03-25,179.9367224723703,180.337948139466,178.19498424961887,178.35000610351562,759800
2019-03-26,179.54460227357177,179.54460227357177,177.27395852673322,177.82110595703125,655200
2019-03-27,178.23143036587706,178.23143036587706,175.6142733289554,176.6811981201172,824500
2019-03-28,176.80882938004774,177.96694980620865,175.47744519943768,177.7572021484375,1077200
2019-03-29,177.76638825793876,182.41708560718135,177.03686301260558,182.07057189941406,1491800
2019-04-01,182.58124064862227,182.58124064862227,178.92451420976255,180.47474670410156,1041500
2019-04-02,180.60238475601273,182.83654423432316,179.69048179225052,182.05230712890625,758300
2019-04-03,182.17086305619293,183.81229121071846,180.56590489864118,182.49002075195312,571200
2019-04-04,182.8456583379756,183.2560258034834,180.57502886247627,180.6753387451172,922200
2019-04-05,180.2558527401037,183.44751303470818,180.0734749347475,183.30160522460938,699200
2019-04-08,183.31073859814782,184.36853546641234,182.25292781534824,183.7393341064453,530800
2019-04-09,183.66637904228458,184.9247956688267,182.28939666341475,183.46575927734375,612200
2019-04-10,183.95818843956224,185.09806719046463,183.5295929160601,184.68771362304688,443500
2019-04-11,185.0524560693765,185.6999132761423,183.99465923897213,185.40811157226562,505200
2019-04-12,184.87011819441042,186.33828279462472,183.000713989486,186.24710083007812,419800
2019-04-15,185.800231116826,186.08291881269042,184.14968895875185,185.21661376953125,424600
2019-04-16,185.91875178036764,185.97346372335605,180.40173692500332,181.35923767089844,483700
2019-04-17,182.38057677603058,183.35631954075856,179.67222409774382,179.91844177246094,667100
2019-04-18,180.1282006156123,181.4231012212432,176.8271161690678,180.72093200683594,630300
2019-04-22,180.0825952458806,182.05230900741995,179.0795103241128,181.80609130859375,472600
2019-04-23,181.705809625699,183.17397419694598,180.69359661180158,182.3623809814453,454000
2019-04-24,182.58120057981927,184.2043866360235,181.51427585172104,183.14657592773438,387300
2019-04-25,182.77271827249635,183.14660185561172,180.85773025142257,181.95201110839844,435400
2019-04-26,182.08881030996451,183.52961892503419,181.7787665852696,183.3563690185547,390600
2019-04-29,182.97333160722647,183.73021276789333,181.67843101539228,182.20733642578125,639500
2019-04-30,182.0249617048261,186.13763930056584,180.42913142573474,185.78199768066406,892400
2019-05-01,185.06159878636376,188.9371865728039,184.82449509883168,185.85494995117188,768100
2019-05-02,185.23483173144044,187.0768654834838,185.23483173144044,186.20144653320312,853200
2019-05-03,186.9127708245401,189.01926466121512,186.36562342417986,188.69097900390625,529000
2019-05-06,188.32621222979517,189.22898729820142,186.94011576803055,187.88848876953125,390100
2019-05-07,187.49637435008427,187.95232584513195,184.67859745017816,186.34738159179688,665300
2019-05-08,186.03730807023697,190.131757154401,186.03730807023697,189.62109375,729800
2019-05-09,188.76392788659842,189.7670267890083,187.1407416005432,189.04661560058594,551700
2019-05-10,188.94634269032179,192.16535991461282,188.18034733194662,191.85531616210938,591500
2019-05-13,189.8126129865598,191.6273050528153,189.46609929182705,190.83395385742188,433200
2019-05-14,191.37195323867394,194.19885794350665,190.605958101783,191.0163116455078,479900
2019-05-15,189.07394397591491,192.47535181190835,189.01923202823187,191.86436462402344,572300
2019-05-16,192.448019332349,194.84632887856583,191.95559779294848,193.60614013671875,424800
2019-05-17,192.23828074130307,196.00444480998956,191.2990217080941,191.4813995361328,525700
2019-05-20,189.18340965907436,189.18340965907436,181.66932364558883,185.3260498046875,1491200
2019-05-21,186.33824636231557,188.21676422205104,186.01908867699694,187.39605712890625,701500
2019-05-22,187.4690187142339,188.8915851550422,187.4690187142339,188.61801147460938,468500
2019-05-23,187.89762262466564,191.76408257706245,187.3048773048344,191.52699279785156,440000
2019-05-24,192.7397821513711,193.4875352342646,190.3141172910555,190.35060119628906,492100
2019-05-28,190.48737973476477,191.76403811843647,185.84579771505426,185.87315368652344,1318100
2019-05-29,186.32916020861188,187.12251144493777,185.20752330302406,185.81849670410156,912200
2019-05-30,185.48109604971032,194.10770601322236,185.48109604971032,193.87973022460938,1054400
2019-05-31,193.57879114605296,198.840475988683,193.2049075313319,197.34495544433594,994300
2019-06-03,198.38446673950887,198.70362438658216,194.84627924777934,198.2659149169922,762500
2019-06-04,198.7128133402054,199.14140892218734,195.82208210323486,198.30245971679688,492200
2019-06-05,198.7948305390918,201.4484712954091,197.35402229938552,201.27520751953125,608900
2019-06-06,201.53058264972032,202.70693151202155,199.25993894909428,201.96829223632812,465400
2019-06-07,202.4333406227341,203.63704527964788,200.98340435902844,201.07460021972656,462700
2019-06-10,200.7646085790933,202.2145313039708,198.76753837731871,202.0230255126953,460900
2019-06-11,202.74342528350434,203.90154615879257,200.51837941206713,203.60061645507812,410800
2019-06-12,203.5094085486463,207.00199901229865,203.5094085486463,206.86521911621094,791600
2019-06-13,206.54603505293883,207.4305820998825,203.69177413355138,204.72222900390625,855100
2019-06-14,205.24202111601485,207.89564835147883,203.93799255089218,206.54603576660156,788600
2019-06-17,206.81957760839043,208.57954350178272,205.79823691280134,207.68588256835938,926300
2019-06-18,208.59780637710355,210.6039901473315,208.37894465298342,209.32733154296875,782500
2019-06-19,209.54616307972415,213.68621007364584,209.38202723528184,212.9110870361328,596100
2019-06-20,214.20605941124015,215.7198220860292,212.3184269937458,213.09353637695312,524100
2019-06-21,211.78950539969395,212.74700648473143,210.21191685511232,211.47946166992188,837600
2019-06-24,212.2271668736769,214.29719043909444,210.4672008822388,212.03567504882812,441200
2019-06-25,212.6466467763356,213.23937811586725,207.98682224080764,208.2147979736328,437800
2019-06-26,207.80445753668812,207.80445753668812,202.88017304853474,203.81031799316406,607800
2019-06-27,203.4091056981659,205.9624371916829,203.4091056981659,205.02317810058594,364400
2019-06-28,205.1873094533491,205.1873094533491,202.98963357955122,205.03228759765625,832700
2019-07-01,207.43969701837892,207.43969701837892,201.62176515867824,205.1690673828125,616100
2019-07-02,206.32714706511078,210.41248211359857,205.87119561086712,210.12066650390625,639300
2019-07-03,210.2119154585259,214.13310173839056,210.0112956548209,213.6497802734375,313500
2019-07-05,212.09039609904315,213.403538612488,208.85313774719634,212.1177520751953,381100
2019-07-08,210.64961101592797,213.99629364241065,210.64961101592797,212.85641479492188,360200
2019-07-09,212.67401864994773,214.5981345354144,212.67401864994773,214.06922912597656,564700
2019-07-10,214.48869097088385,215.6467976556103,213.1755485456645,215.18173217773438,509100
2019-07-11,214.88994502770694,216.0298238235563,212.96582906373177,214.4613494873047,429600
2019-07-12,215.49179030083948,215.59210018490592,211.3699849481119,213.35794067382812,374900
2019-07-15,213.0843306569084,214.78047046169263,212.41864549319905,214.5433807373047,538900
2019-07-16,214.49783368461863,214.90818726875995,211.41559696391369,211.8441925048828,465500
2019-07-17,212.95671884354255,213.97804581020114,209.79241413662396,211.4247283935547,432500
2019-07-18,209.21791538665957,212.31839418398533,207.95037067160595,211.37913513183594,845300
2019-07-19,211.41560479876387,212.9384812587248,208.0780362169269,208.27865600585938,445200
2019-07-22,208.6981639470036,211.59800940287417,207.5582849631793,210.0113067626953,578600
2019-07-23,210.51279516591202,212.70135661348462,209.4276284621158,212.62840270996094,393700
2019-07-24,212.20894931893318,213.96891539733377,207.813570261428,213.458251953125,602400
2019-07-25,213.43089029569038,213.80477384829663,211.17848887423202,213.19378662109375,340300
2019-07-26,213.14821570654445,216.2030824576604,212.45516050993515,215.95687866210938,412800
2019-07-29,216.11192639845936,217.79893882939035,214.6619898560331,216.10279846191406,901500
2019-07-30,226.93619292874678,227.10945673407568,217.19706114711894,226.5440673828125,1014600
2019-07-31,226.75380006389452,226.75380006389452,221.73833363590356,223.7901153564453,814500
2019-08-01,223.41622279081585,226.0972196906312,218.51018046626845,225.04852294921875,723800
2019-08-02,225.76894269184132,227.9392762487522,223.35239143291514,226.71731567382812,708900
2019-08-05,224.3737378926165,227.20975680396808,219.77773894033456,223.3979949951172,530600
2019-08-06,223.92692418351993,226.77205741778252,223.17004293680785,226.13372802734375,569200
2019-08-07,225.55924798629653,227.7113399603526,222.4496549291853,225.90576171875,532800
2019-08-08,226.9270739999373,230.47437622096786,225.59568945715245,230.3102264404297,468200
2019-08-09,230.23729026073556,232.24347429319957,228.65970179744568,231.88783264160156,315100
2019-08-12,231.62334812708602,233.44715401785047,231.06708677382147,232.38934326171875,385500
2019-08-13,233.09150422140468,237.55070891078782,231.65069594867,236.885009765625,623100
2019-08-14,236.00963632815078,236.85769952226786,232.2434721164866,232.30731201171875,676700
2019-08-15,233.00033808890305,237.67841899803972,231.64161148007267,236.9580078125,457900
2019-08-16,237.88809857609183,238.67234951979745,235.07032203150428,237.3592071533203,1251800
2019-08-19,238.00670189845687,239.86699195830946,235.5536804073538,237.8607940673828,642700
2019-08-20,238.20733501737828,239.78493743939123,236.0005172138678,237.14039611816406,342600
2019-08-21,237.6875183474525,238.7818131111393,236.6206073904762,237.47779846191406,384700
2019-08-22,237.74218454029202,238.14342402113874,234.81498418012694,237.5780487060547,414700
2019-08-23,238.63588677392235,240.6603124493369,235.97311789770143,237.82427978515625,713500
2019-08-26,238.32590474839708,241.65434583273063,237.0948298736225,241.6452178955078,480400
2019-08-27,243.17928613151875,243.43497485246624,241.316423108036,241.84605407714844,464600
2019-08-28,241.0882195584013,243.02415315701361,238.65002115804157,240.30287170410156,409300
2019-08-29,241.99218489802962,241.99218489802962,238.64994986811024,239.7274932861328,421100
2019-08-30,241.59036777483863,241.71822607058263,238.91476294171264,239.64529418945312,497800
2019-09-03,240.047102285385,243.2249718357571,238.99695313323895,242.78663635253906,552100
2019-09-04,243.72717535717922,246.2384145762112,242.5309145404604,245.90054321289062,610700
2019-09-05,246.5580956336444,246.9416427109879,240.02887756360968,240.34849548339844,632200
2019-09-06,240.80511817738093,241.73654996959507,239.34402738858296,239.59971618652344,413200
2019-09-09,239.03350725914868,239.59967321963123,229.76474122697346,230.12088012695312,869100
2019-09-10,228.61413411185532,228.75110524798808,217.9208128413624,220.15809631347656,1373200
2019-09-11,218.86140791144044,223.27206009584236,216.94374213604368,221.20828247070312,1059800
2019-09-12,222.19448897601973,226.77863273725097,221.9935886910584,224.55047607421875,858200
2019-09-13,223.77429761765188,224.70574318710467,220.1855004161088,222.37713623046875,742500
2019-09-16,222.41367421074605,225.30844735520236,221.454834339606,224.90664672851562,512900
2019-09-17,226.53209827506555,231.70067573852705,225.1988521162272,231.02493286132812,654800
2019-09-18,230.76008741944867,232.84213223140227,227.40872569201463,231.3901824951172,647600
2019-09-19,229.1985748022806,230.57746870782097,227.45440129878813,229.39947509765625,737500
2019-09-20,230.5226964431028,235.15251639264295,228.97029636124654,234.47674560546875,941900
2019-09-23,234.58630678420352,237.1066590816115,233.2804550152975,233.3809051513672,517400
2019-09-24,234.21196204404302,236.5131611470522,232.25774725870343,232.65042114257812,781500
2019-09-25,233.51790544612282,233.69141151500693,223.7469025378406,224.65093994140625,1238500
2019-09-26,225.05274725988295,226.65080898673096,224.2582867459847,224.6144256591797,1075900
2019-09-27,223.60993655095209,225.00709805209019,214.44163375170658,216.2679901123047,1157300
2019-09-30,221.36353461211678,221.36353461211678,217.38207703430285,220.21292114257812,806900
2019-10-01,219.92980617263305,220.86125171884066,216.3866846855935,216.4962615966797,704400
2019-10-02,215.60138350530775,216.90722167273975,212.21348617516944,213.48280334472656,622900
2019-10-03,213.15401108079112,217.71990116632085,213.08095516734375,216.6788787841797,818500
2019-10-04,216.87981033514964,219.14448824260504,215.87530879789503,216.03968811035156,449100
2019-10-07,215.4369770477373,216.49626699462084,212.5695983528919,215.82965087890625,414700
2019-10-08,215.75660793183025,219.4458415701308,214.304644066471,216.5693359375,740500
2019-10-09,217.32723151519795,218.16735358100328,215.89353540462392,217.92079162597656,375900
2019-10-10,216.56930869663577,222.04837697170268,214.7429526049468,221.73789978027344,599200
2019-10-11,221.64659963005383,223.50947690784494,220.24029748904164,220.505126953125,504500
2019-10-14,220.95262179439663,222.78810511293915,218.35918490069156,219.9481201171875,298400
2019-10-15,219.32708357143645,219.85672847921626,215.69263906245408,218.2586669921875,352900
2019-10-16,218.03952797193938,218.231287560347,209.3825899829066,212.7156982421875,839700
2019-10-17,212.88922927817225,220.4138084121947,212.88922927817225,219.19927978515625,803300
2019-10-18,218.6787349759404,224.91574233671568,218.6787349759404,222.90675354003906,931500
2019-10-21,223.24464950183315,224.71486678886623,221.06215441700687,224.486572265625,506600
2019-10-22,225.83806422197227,229.07072236360273,223.5825132947303,223.71035766601562,788300
2019-10-23,224.32216848145328,226.84254866072527,223.20809021490356,226.4498748779297,762900
2019-10-24,226.2124882206217,227.1895815772519,223.938669653223,225.1531982421875,728200
2019-10-25,225.0253566435455,225.0253566435455,219.19014885890036,222.9524383544922,462100
2019-10-28,222.56886646483903,225.41799125420602,220.86122809113442,221.4547882080078,723400
2019-10-29,210.30495779548954,221.4092088726299,210.30495779548954,217.95738220214844,986300
2019-10-30,218.53262518403687,221.09865313733988,217.50987028182112,220.8886260986328,448000
2019-10-31,221.16260394212605,221.5461370680128,217.59207426452483,219.7563018798828,524700
2019-11-01,219.75628218107587,221.1717108811079,213.9941311766395,219.32708740234375,539000
2019-11-04,219.13537567700496,219.13537567700496,213.74762982368452,214.2316131591797,435200
2019-11-05,213.59233995834168,213.66539587429645,207.1270516372436,208.8986053466797,924000
2019-11-06,209.8117914369217,212.54219892267017,208.74337475136582,211.40072631835938,424000
2019-11-07,210.122280424685,211.80252473687642,205.65684019968123,207.04486083984375,619200
2019-11-08,207.05398179544056,211.10848035330235,205.4650470817717,208.62464904785156,377300
2019-11-11,207.55622352910856,210.7340930328169,207.55622352910856,208.770751953125,415100
2019-11-12,208.77074270954583,209.93960939456235,206.11340541091656,206.73435974121094,637400
2019-11-13,207.27315521390005,211.84818627972166,206.5152157408439,211.23635864257812,707900
2019-11-14,211.73862847230114,214.70645767412256,210.35060761654017,214.57861328125,519200
2019-11-15,214.797752094183,216.86152956758792,212.66091870127815,216.66062927246094,643700
2019-11-18,216.61498297915597,219.09881458898457,215.37306020724566,215.65614318847656,406700
2019-11-19,215.93920448374587,219.92066115261628,214.28635452010303,219.15359497070312,485800
2019-11-20,219.29992123010837,223.71738318057956,218.330460131238,220.18707275390625,505700
2019-11-21,219.7938291506888,221.34862620216583,216.64764370694274,217.40675354003906,452600
2019-11-22,217.37017969050638,217.7634598803747,212.10215658867065,212.50457763671875,416800
2019-11-25,213.2911073928448,214.71786266587574,211.48021281814465,211.76373291015625,738100
2019-11-26,212.10213146162494,217.7542792700491,211.54423215756142,216.83969116210938,1335100
2019-11-27,217.16895689399976,217.49820919147734,215.12028833681296,217.2512664794922,503400
2019-11-29,217.1506714247294,218.87010172072397,216.1080414263198,216.27267456054688,239500
2019-12-02,215.9525415362266,216.27265295910664,211.2607139897602,212.31248474121094,458500
2019-12-03,212.2759237233494,215.92512165689598,212.2759237233494,214.90078735351562,341000
2019-12-04,213.85814283375962,217.031764742323,212.4954015042257,215.25746154785156,348300
2019-12-05,214.95560917238365,215.90678847493766,213.4373897949833,215.7878875732422,277400
2019-12-06,216.72081213275462,217.1415148627264,213.55633102299697,216.29095458984375,399700
2019-12-09,216.6476416466082,217.65368022069876,215.21173157759176,217.44332885742188,324600
2019-12-10,217.38849116656814,218.1201645838931,213.6020962340844,215.4770050048828,540000
2019-12-11,215.66903893504218,217.15982215108562,213.5563424482004,215.63246154785156,554500
2019-12-12,216.15375247860894,216.1903438184163,208.2974438935906,208.5718231201172,676800
2019-12-13,208.28828501019558,215.486088410823,208.1876797676929,215.3671875,749300
2019-12-16,214.41600586565343,217.0225732061937,213.37337613833637,214.635498046875,994800
2019-12-17,214.52578860345199,216.1446134940274,207.9773342719161,208.16026306152344,1537400
2019-12-18,208.0962428069536,215.6507359801634,208.0962428069536,213.9221649169922,1750600
2019-12-19,213.66603029288316,219.69317542975514,213.62031206024054,217.80911254882812,882100
2019-12-20,221.36692896841626,223.11379583640425,217.11409928266366,220.61697387695312,1202000
2019-12-23,220.78155469033115,222.39123862632775,219.67491093983992,220.0590362548828,377800
2019-12-24,220.27854374061317,220.50719075966904,218.4950858275723,219.63832092285156,203000
2019-12-26,219.7023835848342,221.51326435503472,218.92497801471072,220.65354919433594,257300
2019-12-27,220.77238426513472,221.19310086174278,219.40964319828967,220.79067993164062,312700
2019-12-30,220.2877018913441,220.67182723885338,217.82745754027763,218.12013244628906,805300
2019-12-31,218.61392638332376,222.07106724048145,217.790802924192,220.40652465820312,787000
2020-01-02,220.5529110842511,221.57725922905027,216.92199527087578,218.4676513671875,555800
2020-01-03,217.4067509291191,221.14741303848973,217.4067509291191,220.44317626953125,787400
2020-01-06,220.44319865383943,221.33035034812175,217.6719974498057,220.6444091796875,810600
2020-01-07,220.4888891466646,220.87301445366242,215.38548614425466,217.16893005371094,539300
2020-01-08,217.50734783349847,220.47060433497776,217.17809556050003,219.52857971191406,547800
2020-01-09,220.36086018804014,221.9522345587568,219.59260952938334,220.59864807128906,358900
2020-01-10,221.440084779736,224.49481989476058,220.25113131495385,223.9186248779297,387000
2020-01-13,225.31790178854666,228.8939442424733,225.31790178854666,228.69273376464844,669000
2020-01-14,228.02514036001344,229.00374249275933,225.4094175080681,227.4215087890625,526300
2020-01-15,227.75988549577306,229.826849687321,227.39405581859018,228.1897430419922,352200
2020-01-16,228.1165737681029,229.47016031704098,226.02217305356703,229.31468200683594,698000
2020-01-17,229.2872269388616,233.00045227958904,228.65615893608157,230.5127716064453,533200
2020-01-21,229.8634699085061,233.05538797166554,229.4427531669298,232.7078399658203,650200
2020-01-22,234.079698939306,234.56442955395238,229.9640521659259,231.03411865234375,586000
2020-01-23,230.3664292579885,233.53089591400726,229.81767087732942,233.2290802001953,387300
2020-01-24,233.22910376567097,233.93334050238832,231.1164075110257,231.52796936035156,316600
2020-01-27,230.22013131181095,231.90297016636436,228.66533424063644,231.15301513671875,482300
2020-01-28,231.83896230652564,231.83896230652564,229.63480144783082,230.24757385253906,574100
2020-01-29,230.25669754761364,230.3664576105575,226.3605572230301,228.04339599609375,449300
2020-01-30,226.64405177964716,232.30535377580455,226.00384296585432,232.06756591796875,557100
2020-01-31,230.2749850371682,232.89984835383862,228.00681051250356,228.24459838867188,537800
2020-02-03,229.47926681226164,232.43338199517228,227.48545781633257,228.2628631591797,518500
2020-02-04,228.85736675160226,232.70778863144477,228.33605881334222,232.46084594726562,411700
2020-02-05,232.9455776326707,232.9455776326707,229.93658903577818,232.82669067382812,357600
2020-02-06,232.9730481483073,236.02778334078718,232.07675562035038,234.5918731689453,508600
2020-02-07,234.77479216347078,237.2350365501794,233.98823183104687,236.71371459960938,363800
2020-02-10,236.99721082829808,242.60364015803708,236.26552362635897,242.12803649902344,717900
2020-02-11,248.90519576826344,262.91669496989965,248.7588582935835,259.7430725097656,1776900
2020-02-12,259.80707571979485,268.1481156074412,257.1639024342007,267.8005676269531,1099000
2020-02-13,267.7914349620831,267.9012090000139,263.9776174968048,265.0293884277344,611800
2020-02-14,265.7519218427643,269.59317585227114,264.8098970356808,269.44683837890625,425200
2020-02-18,269.44679507938554,269.5656960018261,265.06593804078824,266.80364990234375,581200
2020-02-19,268.8249530957493,268.8249530957493,264.61784100841027,265.09344482421875,576300
2020-02-20,264.8555578542324,267.41642121629644,261.5904717208827,267.1786193847656,606300
2020-02-21,267.4529746050693,283.3851105883756,262.8343161542372,270.39794921875,1696000
2020-02-24,270.5352300639693,273.498515377406,269.1542205977076,270.27001953125,825400
2020-02-25,270.60833233750895,276.5623098185976,262.9349247572969,266.2274475097656,881600
2020-02-26,267.52612669393267,268.23034935827695,260.85877281038086,263.65740966796875,844400
2020-02-27,258.82845000478153,263.76722050040814,247.4692527449262,248.66738891601562,1324900
2020-02-28,244.24076619863922,245.51205718639582,235.25037652674834,242.44818115234375,1941700
2020-03-02,244.14937274692474,260.84061024039136,243.23478439111835,260.7033996582031,1231500
2020-03-03,260.6575922668079,270.1693023322364,257.8589550879821,262.1758117675781,1193900
2020-03-04,263.9684464279462,278.59270306980574,262.94411209182084,277.3397216796875,1180800
2020-03-05,272.0807980130944,277.75125525318833,270.6083246068551,274.6690979003906,1020600
2020-03-06,267.64503770811456,270.51682942845173,253.14881275970615,261.17889404296875,1049600
2020-03-09,247.74464646537353,252.88384120376992,241.9275336012761,242.49549865722656,1079100
2020-03-10,247.60723270195624,259.0124101626805,243.04514494374334,258.2337646484375,1176900
2020-03-11,250.0073043011954,256.80459974818035,248.44995769075302,251.6470947265625,1096000
2020-03-12,235.56993931611441,258.3803231014147,224.92509541341025,241.80844116210938,1721500
2020-03-13,253.1769859389633,258.97578709706016,243.44822231787646,258.2337646484375,1530100
2020-03-16,237.77762635820307,253.25022471710136,225.8869166831225,235.1667938232422,1664800
2020-03-17,242.42223838351865,257.1802727605385,233.50877052545607,251.4272918701172,1576700
2020-03-18,246.00405287798978,256.37405393670576,233.05984211702162,238.4097442626953,1528900
2020-03-19,239.92128674982513,239.92128674982513,213.17176019702106,224.5677947998047,1396200
2020-03-20,226.47322986748847,228.32371481883328,208.98527133883783,210.08456420898438,1384300
2020-03-23,212.08162456551085,212.08162456551085,187.97956782093075,197.37855529785156,1736200
2020-03-24,203.30562781233053,224.32050526145434,202.03227717069788,221.91122436523438,1703100
2020-03-25,218.01782117650734,230.13755215729182,218.01782117650734,222.73562622070312,1178900
2020-03-26,224.55868150500578,244.84067696021057,222.94637185489327,242.29397583007812,1038400
2020-03-27,230.16506796635105,247.37821659851127,230.16506796635105,239.44496154785156,849700
2020-03-30,246.81031580545175,256.86885753199937,238.29075399926012,255.27488708496094,824700
2020-03-31,250.81348782421728,251.27152770879374,240.41597685302406,247.31405639648438,1856000
2020-04-01,236.6233619523345,245.50934572267093,230.9986474496671,238.61126708984375,834500
2020-04-02,237.76852162494592,255.25651113248495,234.8553943166843,251.86700439453125,1091700
2020-04-03,250.00733283262252,253.05786615910083,238.5380242019385,242.57791137695312,668600
2020-04-06,249.97984317841212,255.87939892293318,245.91244690842473,254.17547607421875,1380500
2020-04-07,265.20510355360017,265.66314345611073,253.28689634418419,253.44264221191406,734100
2020-04-08,255.65039411085846,278.2409251229181,254.23045366018155,276.7110595703125,864100
2020-04-09,279.31275675598187,288.41859322580143,272.7811025763557,280.1463928222656,1386200
2020-04-13,277.46229478243777,278.5340926491665,261.0186487904792,264.7471008300781,601700
2020-04-14,269.1534726993473,282.85802218760574,265.6723797508723,277.2149658203125,805800
2020-04-15,277.1873513836746,278.09428919260733,270.24348035872055,276.49114990234375,661200
2020-04-16,275.3002995284073,283.77403792762544,274.9430429332993,282.7938537597656,584900
2020-04-17,287.255060577946,289.3345510151783,282.46395464431106,288.4093017578125,762700
2020-04-20,285.58789590300967,285.58789590300967,274.4941822351059,275.0712890625,585500
2020-04-21,273.3215942613719,277.34319856976424,268.64043924222415,269.35498046875,555800
2020-04-22,273.4498634593212,283.98478282207566,271.7001474103744,280.8334655761719,608200
2020-04-23,280.4761642023211,287.15436580455344,278.33251287211925,280.9342041015625,637200
2020-04-24,282.45481279465656,282.5647658309317,272.2039077170814,280.12799072265625,731700
2020-04-27,280.8884503195274,283.6366903703321,278.02111539347425,282.885498046875,653000
2020-04-28,290.4980545275792,290.4980545275792,279.43182274660273,279.6883239746094,662500
2020-04-29,280.33874683461124,283.700772199403,266.6250303030515,267.0097961425781,1031500
2020-04-30,263.9042324696268,267.92583584482577,261.88887386693284,265.58984375,1679300
2020-05-01,263.79431676697897,267.78843901111907,261.2384743952693,262.6950378417969,584100
2020-05-04,266.36849238255434,268.7411355227232,254.7800894174305,264.28900146484375,797600
2020-05-05,261.11937115227363,272.94596368934293,261.11937115227363,269.7946472167969,730900
2020-05-06,271.1139172441491,274.84234201058996,261.2843676898779,264.1517028808594,818900
2020-05-07,266.20365903076754,268.3656221666403,260.6430472395354,262.1179504394531,874600
2020-05-08,266.6890534909084,269.7212743303023,264.8294132665382,267.366943359375,708500
2020-05-11,265.47992921055265,275.51101474549785,264.7104254917339,271.6726379394531,1005600
2020-05-12,271.6725852333194,273.75207602395994,264.56379803403905,264.90277099609375,666000
2020-05-13,264.49970779541246,269.55645778881455,259.51623187878386,260.24908447265625,789400
2020-05-14,255.45801074425208,261.2110189773005,255.45801074425208,259.18646240234375,682000
2020-05-15,258.60013778050387,261.48578314867484,253.16776409236363,260.25823974609375,596300
2020-05-18,267.59610918172575,268.1182814791994,260.58810293538187,265.0494079589844,847300
2020-05-19,261.2110601087827,268.7137294592138,260.212508324267,260.4415283203125,473500
2020-05-20,262.81415668236264,265.9837850763967,255.5862733815735,259.9376525878906,505400
2020-05-21,257.152709663205,260.4689135094842,256.0350913765526,257.6840515136719,495500
2020-05-22,258.56346840242327,266.2035689501239,256.06256101747476,265.6264343261719,858600
2020-05-26,268.9793853916525,271.7093136557103,261.84311488741616,268.86029052734375,771600
2020-05-27,268.8557523099757,278.01274999748114,266.0389447375577,277.9118347167969,639400
2020-05-28,278.9302398953313,287.61010070445207,278.7559062553242,285.06854248046875,564500
2020-05-29,285.1786048447312,289.03225701467534,280.7836112320253,288.2248229980469,727300
2020-06-01,288.7294852035949,294.31726182891913,285.9860685224322,291.4820861816406,715700
2020-06-02,288.42675226785343,293.5924719817797,288.243234309629,292.0143127441406,609600
2020-06-03,286.573302469836,296.3817404512963,286.573302469836,288.9772644042969,606200
2020-06-04,286.44481750460784,289.01390039035016,274.20492261163673,275.8014221191406,864100
2020-06-05,286.8944734489005,286.8944734489005,270.4981482609441,272.6726989746094,1385200
2020-06-08,271.13113686673233,274.11312060553735,269.0116368186074,270.3420715332031,1122800
2020-06-09,274.92057732948905,284.14177814773785,269.82824941419386,282.8297119140625,875200
2020-06-10,282.2884063911306,285.64658291347524,275.98495468970117,280.8753967285156,583500
2020-06-11,280.84782755146256,280.84782755146256,265.6534749289268,266.084716796875,1060400
2020-06-12,270.6265387777351,274.3150136638826,268.34186113848546,272.8469543457031,597700
2020-06-15,269.54384344365616,275.04904520402613,265.7727936782367,274.6820373535156,582700
2020-06-16,280.2606595048852,280.2606595048852,270.58066287257725,277.1318664550781,690400
2020-06-17,280.4441696651021,281.4809872257306,272.81946686197324,273.3241271972656,773500
2020-06-18,273.5901787303177,274.99400410347124,264.80021862930556,265.4333190917969,792100
2020-06-19,267.9290208852637,282.16913362633267,265.04795166781975,277.37042236328125,2357800
2020-06-22,276.03996380490184,277.9484211972056,267.1307212075012,272.6175537109375,844800
2020-06-23,273.37910536076936,274.75540554952795,267.92895437321357,269.552978515625,661600
2020-06-24,267.69036720038406,270.8375000157209,258.7352323313541,264.03857421875,1086500
2020-06-25,261.1208997097409,265.64433391202397,257.96458169413074,265.4333190917969,1002800
2020-06-26,267.3050084658728,271.534852243464,262.3687020108954,269.9291687011719,4149300
2020-06-29,273.71866919799015,273.71866919799015,263.46064881140484,265.3323974609375,632900
2020-06-30,265.79109792653367,274.9848015297957,265.6809983865258,273.3515930175781,772000
2020-07-01,273.16815771759025,278.28798388239244,267.0390387960253,276.4988098144531,623300
2020-07-02,279.04946652074443,282.3250678205315,275.3426233579526,275.7922058105469,594400
2020-07-06,279.38892395341634,284.4261734249986,276.37023118769133,277.45294189453125,728600
2020-07-07,275.47112502937375,285.22448375525363,274.25997394739176,280.2973327636719,549200
2020-07-08,282.35258956966834,282.90308726024153,277.07677202811004,278.17779541015625,489700
2020-07-09,277.3336330848197,282.74707412771204,275.3792826131948,282.3984069824219,380600
2020-07-10,283.44445238020387,284.2793831986071,276.8290158890137,279.3155517578125,521500
2020-07-13,276.168367790828,279.13201073904054,265.1946762193268,267.6720275878906,741300
2020-07-14,272.52579475918526,273.66355535929205,267.3967857664118,272.6175537109375,712600
2020-07-15,273.3424906588642,273.6544487826986,265.13973645863285,268.75482177734375,745400
2020-07-16,268.4612024620956,269.05759381254256,265.20396877825647,267.5161437988281,393300
2020-07-17,271.7642612127359,275.4711045513156,267.03896908608806,273.0946960449219,397500
2020-07-20,272.3056043456523,279.82939061447655,272.3056043456523,275.9757385253906,472800
2020-07-21,276.8749356631022,278.4530945042704,271.2045569890464,272.3698425292969,480500
2020-07-22,272.6634012307858,274.87463199018583,270.8650156824354,273.60845947265625,319200
2020-07-23,274.04888916015625,277.39788071399863,269.92917285426324,274.04888916015625,537500
2020-07-24,273.8745555613818,276.43448177416013,270.87423120508834,274.04888916015625,520200
2020-07-27,274.27836670754874,282.793079083681,273.48930109553834,279.3798522949219,671300
2020-07-28,280.6000522346468,287.1512257095388,279.8660087634813,286.4906005859375,774900
2020-07-29,286.4539833863809,294.70260097943105,286.4539833863809,291.3811340332031,665600
2020-07-30,284.43533955300927,289.02300631999327,283.55451537399915,285.72906494140625,707900
2020-07-31,287.84860494136484,288.41747121976107,282.554446833339,285.848388671875,530800
2020-08-03,285.0043107265799,287.02289604790946,278.9944762486085,280.20562744140625,441400
2020-08-04,285.8667656306247,293.53736107246243,281.8112828068666,284.7198486328125,896500
2020-08-05,289.2157697201867,289.2157697201867,278.22373467552313,281.2057189941406,412300
2020-08-06,279.25133320872425,282.65537473738175,275.8839728603227,281.9855651855469,514500
2020-08-07,281.8021043695272,287.18802222308716,281.61858644570043,285.60986328125,324200
2020-08-10,284.96759009426734,285.4538818111163,274.14070417152726,276.0216369628906,808100
2020-08-11,280.72863207339935,280.72863207339935,270.27793670899143,271.25970458984375,663500
2020-08-12,272.2689904955071,280.21483713689713,271.5257903039591,279.28814697265625,484000
2020-08-13,277.755747368627,283.44446637402586,277.755747368627,279.50823974609375,316700
2020-08-14,278.0218619198658,282.1048695926751,276.29689429142917,278.1686706542969,271200
2020-08-17,278.0402103996905,282.6921125507394,277.37040078001456,282.3617858886719,357700
2020-08-18,283.5270537089814,285.09602825285964,281.2332198140533,282.1140441894531,359000
2020-08-19,282.8480627236749,282.8480627236749,271.9202345765434,273.6268615722656,587800
2020-08-20,272.9387593474455,278.7651041238264,272.6635104292478,275.0857849121094,249300
2020-08-21,283.30687025967535,283.30687025967535,275.1133010449373,280.2514953613281,423600
2020-08-24,279.0522962791863,279.2360659870536,272.463536695132,277.0765686035156,406700
2020-08-25,275.8451857782514,280.36634658549656,273.9154216770663,279.78741455078125,359700
2020-08-26,276.24954841832334,279.1625774653442,274.9079145060391,278.85931396484375,373400
2020-08-27,281.8182583252775,282.5350246704159,278.60199405080544,281.1290588378906,419600
2020-08-28,281.15661635888944,281.404746114012,277.563586452066,281.36798095703125,313000
2020-08-31,280.8901534985582,282.4063867517254,279.44742251769304,281.2577209472656,483100
2020-09-01,280.84422033348335,284.78644965182554,278.6387873597513,281.7631530761719,308400
2020-09-02,284.80469653547385,289.80369076349524,280.1640993849138,288.70098876953125,548400
2020-09-03,287.4605611641586,289.42706274569474,278.4458327670403,281.9010009765625,509300
2020-09-04,280.715551685892,283.1874827197348,272.1418944892792,275.9462890625,480400
2020-09-08,275.48677142316683,283.2609322217174,270.48777657210064,281.0003662109375,729800
2020-09-09,282.46155662766733,293.4336160400014,282.46155662766733,287.9567565917969,908800
2020-09-10,287.23992938992836,287.23992938992836,278.6754991805224,278.7857666015625,562400
2020-09-11,279.51173555476555,282.3512338653604,278.3355029726072,279.8793029785156,344900
2020-09-14,281.1382313942439,286.32099648213097,281.1382313942439,284.584228515625,389400
2020-09-15,287.3134202683732,298.322241003418,287.00098660377296,297.1368103027344,558900
2020-09-16,294.8303037696329,301.74986446289205,294.8303037696329,296.0249328613281,577900
2020-09-17,295.39088699912486,296.4935892612793,283.39880008756944,287.0285949707031,483800
2020-09-18,284.29939752232514,288.30593055320054,281.6436686115551,283.6745300292969,703700
2020-09-21,281.6528857548554,284.73131605290286,277.85768903894746,280.3296203613281,655000
2020-09-22,278.76743032563564,288.93085251380177,278.4458262925413,287.80975341796875,506700
2020-09-23,287.66268144524656,287.66268144524656,279.6771545610626,280.3939208984375,537000
2020-09-24,280.2560948537956,286.1372583133813,279.9620296699165,281.4414978027344,633200
2020-09-25,279.3004032714179,289.76703199896536,279.3004032714179,288.563232421875,650800
2020-09-28,291.24650808019067,292.0643435328407,284.2166791156448,285.3102111816406,649200
2020-09-29,286.7069849639646,289.3535154659924,284.51992078399445,288.4253845214844,403600
2020-09-30,289.39025394337506,293.3416527313285,287.6718265006885,292.6616516113281,627900
2020-10-01,294.4719428103458,295.97897758892555,287.9199493320851,289.629150390625,873800
2020-10-02,288.59071831021026,294.60054425224513,285.91664961832635,292.3307800292969,661300
2020-10-05,291.9540433376595,295.9054700033445,287.50641330211994,295.8319396972656,573800
2020-10-06,296.42007978801644,296.42007978801644,288.2507559464547,289.5005187988281,469100
2020-10-07,290.3643597257857,290.3643597257857,284.6026338464282,287.9107971191406,360600
2020-10-08,294.59144059830163,294.59144059830163,287.75460692541304,289.75787353515625,499800
2020-10-09,289.90487764496606,290.6492108354674,286.9183465826638,289.123779296875,420600
2020-10-12,288.4437011282366,290.18966705912754,285.87987190997364,288.4804382324219,556600
2020-10-13,288.51728761679203,291.0719192830731,281.726361816474,283.7847900390625,730300
2020-10-14,284.9426185925215,286.8907793317268,281.3863537886507,281.7447509765625,323100
2020-10-15,279.9160644515655,286.5231925287123,279.9160644515655,285.3653564453125,402700
2020-10-16,286.45884615083816,288.43454547112356,283.5825828602425,285.09881591796875,300700
2020-10-19,286.642635679531,288.5172660127961,280.6144401407934,282.8290710449219,364800
2020-10-20,283.95933613104256,285.04366973275495,280.91767184953096,281.7538757324219,318000
2020-10-21,279.67711485692496,284.20744539800376,279.65871825883556,282.3603820800781,324000
2020-10-22,283.20581015744335,283.20581015744335,269.8720905737021,270.17535400390625,951500
2020-10-23,270.2488543402782,277.9770799956362,268.9715527537111,277.6186828613281,632200
2020-10-26,276.4792105644204,280.6603701714582,274.8618804268766,278.7397766113281,435600
2020-10-27,278.84091577499044,281.37717877394493,275.4684207286474,277.3614196777344,448500
2020-10-28,274.50350470938224,277.8484042705911,270.8002080289762,271.4710388183594,648600
2020-10-29,271.62725284247693,275.62461480460263,269.8445215586194,271.10345458984375,591000
2020-10-30,269.0909798168649,271.3975092645082,263.2649513879857,266.8304138183594,518300
2020-11-02,271.63646251277555,272.87702704172625,264.99257019984054,269.7250671386719,548700
2020-11-03,272.9230074279957,273.87870527254415,264.72611553912236,267.4186096191406,1102300
2020-11-04,269.4034205087204,282.3511744894281,268.8428571694156,277.53594970703125,545100
2020-11-05,278.6847198414062,282.10315072991267,277.6095842482123,281.02801513671875,437100
2020-11-06,283.28858479426697,283.65615228262203,277.5360568510844,281.7631530761719,503900
2020-11-09,284.4923478373385,286.82644455564156,272.41758773477494,273.3548889160156,940400
2020-11-10,273.4191808158007,273.4191808158007,263.2006560181244,267.07855224609375,793100
2020-11-11,269.5045341773717,280.50415780160597,267.381802253712,274.3840637207031,767300
2020-11-12,274.7333121890392,280.2285398657049,269.9181137843493,272.89544677734375,547400
2020-11-13,274.5494418728508,280.109000100117,273.1710431783607,279.35546875,408500
2020-11-16,278.97874550498983,282.1766410582704,270.8921498181897,271.4618835449219,571000
2020-11-17,270.62565483636405,276.72738085455234,270.33158966940607,274.5586853027344,418500
2020-11-18,273.2562974863422,278.64043706526223,271.92178540810653,274.7472839355469,503500
2020-11-19,273.88216454022194,276.4592030181056,270.10869105844284,274.0478515625,460000
2020-11-20,275.0234468409244,275.0234468409244,266.0682862302877,266.99786376953125,662500
2020-11-23,267.07143840773074,267.89057652325107,262.78253527023776,263.4728088378906,608100
2020-11-24,263.47285677222817,266.9058280513542,256.7818138838891,257.6009521484375,1184100
2020-11-25,258.77900947565354,262.5432985197639,257.7297800151079,260.10430908203125,986600
2020-11-27,266.8966577307053,266.8966577307053,261.30085046206904,262.9759216308594,400800
2020-11-30,262.847017416502,264.5220883327854,260.1411422709084,264.3103942871094,1164000
2020-12-01,266.11445771230325,266.5746403992894,263.0496252880746,265.7831115722656,913000
2020-12-02,264.77980317257453,266.4088390746932,258.82504063231903,261.825439453125,571300
2020-12-03,261.9727060029179,264.97307679118893,260.5185135800133,263.592529296875,526300
2020-12-04,263.8870076821345,266.2707492439502,261.576882949002,263.6385192871094,447500
2020-12-07,261.1167237298113,266.6113034286719,259.4784752948186,261.19036865234375,560300
2020-12-08,260.27000728745395,261.7241715232895,256.18358473763624,258.4844970703125,484000
2020-12-09,256.7081955382172,257.72057447916137,252.70460252353718,253.9102783203125,648300
2020-12-10,254.1035883036718,256.64380487979207,252.25364552868746,253.65261840820312,594100
2020-12-11,254.0391609247476,254.56377576471965,250.6706213395304,253.6710205078125,653300
2020-12-14,255.56693344372732,257.23279176190493,251.83025398101097,252.3364715576172,588200
2020-12-15,254.12192589526666,255.0883258425982,252.14314708021578,254.28761291503906,495900
2020-12-16,255.8246826658955,257.205230355475,253.06358728673652,253.79989624023438,586600
2020-12-17,254.75701091866875,260.6105466978301,254.72021654295463,259.5797424316406,694400
2020-12-18,260.6197284880677,260.68413268159935,253.4316531263538,254.8766326904297,1621300
2020-12-21,251.76584024398235,256.32165833257386,251.76584024398235,253.02676391601562,566600
2020-12-22,250.45893701088352,254.23243920468556,250.348497702619,253.94712829589844,510300
2020-12-23,254.03908447528332,257.19595711658627,250.76258800214345,251.24119567871094,527800
2020-12-24,250.8362569274859,253.55131652162646,250.8362569274859,253.11874389648438,182800
2020-12-28,253.79977796683215,254.52684585498943,251.25956241383273,254.25074768066406,450700
2020-12-29,256.5057333969221,257.4168857471255,253.8090426356589,254.02073669433594,443500
2020-12-30,254.9319303715991,256.1468190936897,251.30568948395327,252.69544982910156,365200
2020-12-31,253.43170825333766,259.87426364317906,252.08798313647537,259.66259765625,709500
2021-01-04,260.5553025424304,261.7978007450162,252.81503054906773,253.68017578125,868000
2021-01-05,253.71702993731725,255.64977395245336,250.48653982447513,250.87307739257812,780700
2021-01-06,249.45569810550973,250.0355324579936,241.6325968398329,243.56536865234375,852600
2021-01-07,242.31374106216654,245.12084359838212,240.9884129691339,244.12686157226562,840200
2021-01-08,245.39692040347026,248.56297819832545,244.8999154472065,246.49215698242188,552500
2021-01-11,246.72223944781527,247.37569069935282,238.83470506744672,239.62620544433594,957600
2021-01-12,239.26729518240757,241.8811284666493,235.85274882537314,240.40853881835938,691900
2021-01-13,239.66302935564408,244.96434049967027,239.32249881528162,244.2832794189453,729700
2021-01-14,244.5593969165682,246.70383507823936,242.71866685640657,243.08680725097656,531800
2021-01-15,245.7926291574966,248.8942541394249,243.86907003401924,247.67018127441406,538800
2021-01-19,248.32364472869799,249.42809381385175,245.74663431308184,247.70701599121094,424100
2021-01-20,249.29002355483487,253.50531052949358,246.37248254812036,250.8362579345703,766300
2021-01-21,248.99552530240652,251.9867111960761,246.4737064034514,250.97430419921875,435900
2021-01-22,251.71984834986745,252.73225555118694,248.98636294996138,250.9927520751953,641500
2021-01-25,252.8978757677163,256.99351096423044,249.92508691562495,254.50851440429688,782700
2021-01-26,253.41330936484786,256.34006348137217,250.0263727235627,255.38290405273438,642600
2021-01-27,254.94112556281175,257.3064705445482,248.62743463547693,250.06320190429688,564700
2021-01-28,249.5293128603629,252.90706420775072,247.55053405649107,248.36964416503906,483500
2021-01-29,246.75904486110477,248.92190821272854,244.5409899441808,247.27447509765625,806100
2021-02-01,248.27766789359015,256.61617242924615,247.15482148590107,256.1099548339844,816800
2021-02-02,257.99667212982934,262.47884429269493,256.9658680292079,259.4508361816406,1106100
2021-02-03,254.85826302962946,257.77580420774393,248.8851034603192,250.44970703125,1308200
2021-02-04,250.03556229356195,254.53613236509565,248.406498330327,252.40087890625,962200
2021-02-05,252.77821307566487,256.73579898095477,251.75662152298534,252.05111694335938,526200
2021-02-08,251.04791024902028,251.04791024902028,243.19719919494668,245.7466278076172,824900
2021-02-09,245.76506057944243,247.59657790985253,243.29848916302183,245.42453002929688,477800
2021-02-10,246.93394152810174,248.67344502388517,243.7218763634406,244.83551025390625,568100
2021-02-11,243.16965239861693,245.28650895656142,241.9547918270037,243.91514587402344,572000
2021-02-12,243.16963101897537,243.9151244288376,240.4913654738992,242.921142578125,564400
2021-02-16,243.57459091545874,244.76186962641043,236.37732989569275,238.834716796875,960700
2021-02-17,238.6874721758372,242.05601167841743,236.85595468757938,238.88995361328125,772700
2021-02-18,238.27333021966479,241.98240038688704,237.7302901029477,241.87193298339844,609400
2021-02-19,243.6390229101552,243.6390229101552,240.55579455551674,240.92393493652344,873300
2021-02-22,240.0035373764806,243.20641724002186,236.0275824788342,239.01876831054688,861800
2021-02-23,236.0000035217014,237.64743663392196,227.4866133051252,228.97760009765625,1395600
2021-02-24,227.735125090564,231.0116223477948,223.980034085887,230.56063842773438,1345300
2021-02-25,230.43180137177703,237.27010719855159,229.79674721742538,236.092041015625,1350500
2021-02-26,237.0584217473541,239.22128513266597,234.38015620477356,234.81272888183594,1676800
2021-03-01,237.54617711630345,239.58017560215765,227.80871516582775,228.1952667236328,795600
2021-03-02,228.92237125038133,229.17087372037372,223.53824469157743,226.7135009765625,924600
2021-03-03,225.47101907654465,225.47101907654465,216.72755137067765,220.114501953125,1062400
2021-03-04,220.66667451029411,222.95838807501565,216.50663544071696,217.13247680664062,1376900
2021-03-05,218.21852889506894,224.5782398408216,214.334587795906,222.90318298339844,1214700
2021-03-08,227.0172768960461,229.56667831329887,220.26179989809108,223.4830780029297,1061100
2021-03-09,225.15289576111695,231.5370695243487,225.15289576111695,228.7693634033203,763600
2021-03-10,229.1106996104384,231.90608154802587,226.22306925242825,230.4945526123047,541000
2021-03-11,232.05368475421957,241.27937098967467,231.1218955122594,238.6039276123047,1081000
2021-03-12,238.70538267821303,242.59862316793394,236.93406679121262,240.808837890625,956000
2021-03-15,240.16308053967063,245.83687217275212,239.3696568510005,244.9235382080078,664300
2021-03-16,247.25756930182806,250.60649714472055,244.48062937009175,249.0288848876953,706800
2021-03-17,249.72090798142875,250.4774211301512,244.1393781830799,246.9901123046875,698600
2021-03-18,244.6190484154235,247.29449161247481,240.9841260312747,246.94393920898438,707900
2021-03-19,247.2853418584589,250.32980754827497,245.172651484496,245.46788024902344,1261100
2021-03-22,244.24084053932813,253.7801979839824,244.24084053932813,252.8760986328125,649700
2021-03-23,252.80226249204856,257.7749212491522,252.14724660492357,252.91299438476562,764300
2021-03-24,251.82433670394076,253.16207253951782,246.36274593489904,251.36305236816406,816200
2021-03-25,251.81507687136929,252.33171296573994,248.0878923437905,251.27073669433594,472000
2021-03-26,253.44804692339238,260.87471289172134,251.9073449733546,260.6902160644531,521600
2021-03-29,259.26019826233295,261.4467093290822,256.9076597717722,259.61077880859375,598800
2021-03-30,257.2490565995873,257.99633500488363,252.59930240197247,254.85037231445312,453900
2021-03-31,251.24311974041214,257.62730748305785,251.06785759096462,256.0589294433594,734000
2021-04-01,259.79529755796,259.79529755796,254.95181288957573,259.4078063964844,798900
2021-04-05,259.2417951157315,263.40258880836535,258.5498686163123,263.0335388183594,469500
2021-04-06,262.01870726783136,263.6424087978302,259.4078224612055,263.3564147949219,466200
2021-04-07,264.00221455258287,264.94322431978514,261.22527426120587,262.18475341796875,382600
2021-04-08,261.9079145828442,264.7955295618757,257.6087431498408,257.98699951171875,638000
2021-04-09,259.4908772861656,259.7861060149422,253.3373600804745,254.34295654296875,815800
2021-04-12,256.01279950726223,259.23255507538966,253.641791327704,258.7712707519531,777700
2021-04-13,260.37650319836143,263.70696178124643,258.6236006236275,260.28424072265625,627400
2021-04-14,260.1643323211483,263.0058310804802,258.5959545169636,259.2694396972656,378800
2021-04-15,260.29351160477637,266.58540789703255,260.28427690955556,266.1056823730469,872600
2021-04-16,267.6463825272149,267.9047287824098,263.7808457138432,266.00421142578125,495300
2021-04-19,267.79403010086605,267.79403010086605,264.19601748351914,265.7828369140625,675900
2021-04-20,264.18670609894326,274.5287194099754,264.18670609894326,269.408447265625,608800
2021-04-21,271.770253398254,273.01572667398733,266.8252990781895,268.7903747558594,857000
2021-04-22,267.76630943960095,274.08591016896963,263.8269515357667,271.76104736328125,458900
2021-04-23,272.1577608255114,278.2098091189612,271.6595658546213,273.5323791503906,667400
2021-04-26,273.00647036329997,275.2944221192521,271.89014225831494,273.79986572265625,560400
2021-04-27,274.62104055542795,277.0289313766326,270.8938550801983,271.9548034667969,1037300
2021-04-28,272.69286376152326,276.85365791014885,270.32188342780506,274.8147888183594,474400
2021-04-29,274.24278263644794,275.5712838258474,270.5986249848409,274.999267578125,513300
2021-04-30,277.5178644842185,278.2651428144694,274.62101365617815,276.51226806640625,549700
2021-05-03,276.8905398661786,277.36105889807635,274.8424362893834,275.53436279296875,498700
2021-05-04,275.0177688866588,276.9090236921732,271.83489521882,273.9106750488281,583200
2021-05-05,272.25002420326723,273.91063657217865,268.9195366145853,271.4289245605469,581700
2021-05-06,271.2352193068307,271.2352193068307,266.65928607527246,268.97491455078125,533500
2021-05-07,269.39002630883544,271.6503305996201,266.83452146887566,268.3844299316406,790200
2021-05-10,270.15574119639393,270.9676060404132,267.3142423968848,269.44537353515625,614000
2021-05-11,267.56333490072115,269.35312023484073,264.3896966683375,268.88262939453125,527700
2021-05-12,269.12252849303087,269.2978188120084,261.8250061307781,262.24017333984375,456100
2021-05-13,260.69022759864765,262.9136214016142,259.65695522563897,261.2437744140625,604300
2021-05-14,263.06117785359925,268.22753858134354,261.58506272229187,266.2716979980469,461200
2021-05-17,265.54296880279645,266.6039454603803,263.57792088282866,266.1611022949219,434000
2021-05-18,265.8750305203817,271.1982408750649,261.5666230388213,268.7718811035156,657400
2021-05-19,268.0970643536305,270.5375174393084,263.73385313043303,266.5903015136719,488400
2021-05-20,266.44242928443117,273.86543278981,266.2760142161249,270.9535217285156,408400
2021-05-21,268.91984594907007,271.02749750032007,267.92146835542604,268.9383239746094,613300
2021-05-24,270.3156767123701,275.33521052433935,267.3298256575022,274.1242370605469,945200
2021-05-25,273.4586398355536,277.9327753997449,270.3248802120258,276.15789794921875,525500
2021-05-26,275.6864393100004,278.838676620162,273.3199551012621,275.91754150390625,618600
2021-05-27,275.030115196879,276.9343952007994,273.0333886643692,274.6788635253906,1307800
2021-05-28,276.4167402031407,278.6168379074601,275.03937996418483,275.58477783203125,582000
2021-06-01,275.34446478412156,280.1329250805304,274.20745971288596,279.4211120605469,560200
2021-06-02,282.7212262520824,286.520561657368,280.8261992132068,286.20623779296875,755000
2021-06-03,286.381852202336,289.6357894291555,283.839727849243,286.0398254394531,606500
2021-06-04,287.2416056680305,289.57110608627227,284.7826744545252,289.0904235839844,414300
2021-06-07,292.54773813681965,293.2225669106104,288.8685798996445,291.3737487792969,540300
2021-06-08,292.825075840308,294.42431382321627,289.0812300728442,293.42596435546875,727200
2021-06-09,295.0712978087105,295.8108135583193,292.5014424943513,292.7695007324219,397700
2021-06-10,292.78804740004335,296.55962338108804,291.45689629832845,294.5628967285156,955800
2021-06-11,295.5057865907136,295.5057865907136,291.88209152157737,293.3518981933594,478000
2021-06-14,293.1023647118764,295.85708544234495,293.1023647118764,295.82012939453125,769200
2021-06-15,296.014200083789,297.946211175477,294.94188244334,295.5612487792969,549100
2021-06-16,296.8831832381648,298.6303014927451,291.003927617461,293.30572509765625,642300
2021-06-17,291.946850926137,297.8168535931307,290.78208658353867,297.54876708984375,723900
2021-06-18,295.90335793731754,297.56728302956947,293.2503083395464,294.36883544921875,982300
2021-06-21,295.91255978010975,297.15129270042263,292.36283250545597,296.8462219238281,520100
2021-06-22,296.18993237723384,297.81690147153677,294.341114119427,296.7630615234375,391400
2021-06-23,296.75380167549594,296.75380167549594,292.85279411155403,293.2410583496094,508700
2021-06-24,295.2100342082133,295.4781207303075,291.47541376683694,291.8636779785156,570200
2021-06-25,291.43841014778707,295.31168604651475,291.1703518542234,294.9789123535156,2049600
2021-06-28,295.9402701954552,299.12946388143456,294.25783927572627,298.4361572265625,607700
2021-06-29,297.05889290916747,298.86147386718835,295.820188004622,297.66900634765625,396500
2021-06-30,297.881548945144,299.49003979822373,294.00827295471765,294.6091613769531,614400
2021-07-01,294.47048125361715,297.73364395711036,292.4460232483429,295.8478698730469,612600
2021-07-02,296.64280175576926,299.1941792731287,296.5873394802371,298.4361572265625,389400
2021-07-06,297.82600355488466,302.3093916232445,296.6704926202928,301.5421447753906,436600
2021-07-07,302.1800801613555,307.45844780275263,299.6101959858352,305.79449462890625,722800
2021-07-08,304.9717110474705,307.51383525125635,302.7900916066482,304.04730224609375,669800
2021-07-09,304.0473719226105,305.1196897632296,301.46826287673133,304.43560791015625,421100
2021-07-12,304.4725555178029,306.46928213127677,302.7808996399724,305.6095886230469,401100
2021-07-13,305.50799207069844,307.02403672262676,303.75162020645564,304.269287109375,424300
2021-07-14,304.50028076024114,307.5415938877305,302.80862491516706,306.70037841796875,356800
2021-07-15,307.4491346758961,308.1979035842256,304.9624726235409,307.1995544433594,374000
2021-07-16,306.61728516745234,310.4998150330233,306.61728516745234,308.8543395996094,247000
2021-07-19,308.0315801305326,311.2208025892936,305.4617241386631,309.2425537109375,550400
2021-07-20,310.16693940370374,312.43175265593527,308.1424815101953,309.9543151855469,545000
2021-07-21,309.9542824910765,309.9542824910765,305.748233421419,306.86676025390625,349500
2021-07-22,305.77598729443895,309.2147896712295,302.79938938651424,308.84503173828125,508600
2021-07-23,309.5013327142089,311.8493391521625,307.07013286291743,311.5627746582031,290500
2021-07-26,311.12834692890533,312.98638985369814,307.9576307986173,312.6258850097656,464900
2021-07-27,312.5981879552441,315.40839954803965,310.37961173386964,315.0293884277344,389200
2021-07-28,314.31760050398316,316.9429192005554,313.27304182335456,314.5949401855469,449200
2021-07-29,314.1234304873381,317.49751780748477,311.6830053156958,312.85699462890625,425800
2021-07-30,313.28213087477684,320.31689638204165,313.28213087477684,315.2141418457031,851900
2021-08-02,315.21418564309954,318.8008967327311,313.7906162313881,316.4806213378906,493300
2021-08-03,323.5431410281343,324.1255231957006,307.36598397672753,319.8639831542969,540700
2021-08-04,318.69001784002313,323.60788072345844,315.99073101949296,322.6834716796875,583700
2021-08-05,324.38435808623245,324.38435808623245,317.34959108906753,320.7052001953125,511500
2021-08-06,320.04891424677476,322.1750438560553,318.89340289157303,320.7792053222656,364800
2021-08-09,319.8454712887427,321.8421978473924,319.1521646313249,320.390869140625,290000
2021-08-10,320.30770075747614,321.435480803435,315.27891381917345,315.5007629394531,282900
2021-08-11,315.9260555472535,322.9700482083999,315.5285382035332,320.2984924316406,406300
2021-08-12,320.132078422061,324.09780092968765,319.3463251301889,323.74652099609375,369000
2021-08-13,324.4490293530986,327.50882039940035,323.27501205503205,327.0650939941406,507700
2021-08-16,327.11137534326696,328.65515088105536,325.04996120118267,325.8079833984375,672400
2021-08-17,326.2147552557164,332.7503064413727,325.2533618502285,332.5099792480469,482900
2021-08-18,331.45605694991997,332.2140790276929,324.892748038119,326.9172058105469,664300
2021-08-19,327.9896124487377,333.767169710117,325.281100375178,332.6578674316406,504300
2021-08-20,332.94440118606536,336.6882463432675,331.4468349124607,334.7839660644531,489500
2021-08-23,333.6654615444895,333.6654615444895,330.7720566725121,331.0216369628906,293600
2021-08-24,331.80743975830796,331.80743975830796,325.21639766342065,325.9836730957031,540900
2021-08-25,326.54837946244777,326.54837946244777,322.5575874185419,323.6872253417969,547700
2021-08-26,324.6409772965088,325.96508141916627,322.30763902790653,324.5206298828125,632200
2021-08-27,324.316849153384,327.73353941718534,323.0668356958871,326.69647216796875,806300
2021-08-30,327.2057318238305,332.5853924633303,326.5761050819676,332.0761413574219,405300
2021-08-31,330.44658062436736,332.88178603980145,328.1039740502697,332.38177490234375,646700
2021-09-01,333.168809171291,340.1873602479702,330.95581845895305,339.242919921875,469800
2021-09-02,339.5855681420145,341.5855846949422,335.1318373889217,339.54852294921875,528000
2021-09-03,339.6133395876194,340.9096387428889,336.0577640800793,339.3355712890625,749500
2021-09-07,338.650309295413,339.61328634143405,332.42804606847324,338.11328125,443900
2021-09-08,338.9651385049842,342.1873916989504,336.3818088416519,341.27996826171875,402400
2021-09-09,341.55777547613883,341.55777547613883,332.92808309123234,333.01141357421875,692600
2021-09-10,334.28921028070147,334.38180912700375,325.4650799406221,326.68731689453125,749200
2021-09-13,330.4095426936986,331.4095649905791,325.1873013625659,326.5391540527344,498900
2021-09-14,328.75211131929206,333.18733305291096,326.62247924227876,330.1595458984375,542100
2021-09-15,329.2520895238571,330.68730078627647,326.39096361663445,329.1317138671875,385500
2021-09-16,329.7150918427338,330.53918480959294,326.39099966256623,329.1039733886719,325600
2021-09-17,326.3446889145718,329.326190575175,324.1039214244599,326.576171875,825800
2021-09-20,325.2891042650554,330.2428451358512,323.77983088267945,327.2520751953125,521500
2021-09-21,327.872490414397,332.42805952409543,326.70580718174784,328.1039733886719,358000
2021-09-22,329.4187743317529,334.0762105515981,326.5854250433412,331.9280700683594,355400
2021-09-23,331.19661419839014,331.8817948254473,324.71509029902285,327.4558410644531,402500
2021-09-24,325.85396654275553,327.39098862976743,318.1779831830003,319.3816833496094,683700
2021-09-27,319.09465738222934,319.09465738222934,310.9742445239681,311.1131286621094,584000
2021-09-28,308.53909851311147,310.4650248667974,305.1594519664633,307.0390930175781,623700
2021-09-29,308.85384807967233,310.6872034485518,307.1038514496871,308.1316223144531,442300
2021-09-30,309.50198739778267,310.59458019261086,306.0575198058111,306.0852966308594,472200
2021-10-01,306.65010742978234,311.29830346396864,304.42787661130336,308.86309814453125,429300
2021-10-04,307.73351961134205,310.42798524268585,305.2705369903488,309.4094543457031,457900
2021-10-05,309.4094239665535,310.24275707055426,304.7890325759133,306.2612609863281,490200
2021-10-06,305.19635657629004,312.10382791277084,302.89079551559814,311.8723449707031,687300
2021-10-07,312.37239483165024,318.1131843300775,312.37239483165024,312.8724060058594,434400
2021-10-08,312.5575739889647,312.5575739889647,305.0112345567639,305.4278869628906,395200
2021-10-11,305.47416909570194,308.3167865552317,303.8908336008628,305.3908386230469,318000
2021-10-12,306.20560228344823,311.45561881763064,305.4648400228607,309.1871032714844,362700
2021-10-13,306.7334712384014,308.1501460116326,299.90011708688684,302.5019836425781,899700
2021-10-14,304.1408288525022,307.05750846097993,301.8445077451194,302.6593322753906,614000
2021-10-15,304.1593927916814,306.4742227852427,298.779730147221,302.6871643066406,486800
2021-10-18,300.48332798624614,302.9370694571567,299.0944305154023,299.4462890625,393800
2021-10-19,305.18718823159696,310.8446191024992,302.83531307518246,307.5760803222656,549900
2021-10-20,307.594610187874,312.14091127134236,307.594610187874,311.4001770019531,280000
2021-10-21,311.56678366667325,315.17794030781016,309.05751639000107,314.9649658203125,307100
2021-10-22,315.78902329989876,322.88166414878094,314.474215992024,320.0205383300781,746500
2021-10-25,320.77055465536915,324.05762958128804,316.9372116019487,323.3539123535156,459000
2021-10-26,323.4094630847004,329.04838444495135,323.23353377934444,327.9002380371094,379700
2021-10-27,329.58546018818623,330.8354456060129,321.1779829907079,323.47430419921875,656300
2021-10-28,321.95577094454586,327.21508557783613,321.6965111445188,326.8724670410156,393400
2021-10-29,325.1039608587945,328.46509843554975,317.4280051623957,319.7520751953125,705900
2021-11-01,319.7520155671075,324.65020269355915,317.73349102795135,321.668701171875,631700
2021-11-02,321.3076945794139,334.44667282849656,318.6687825455036,331.7984924316406,722800
2021-11-03,334.0299752192064,335.0207292593815,322.13174314623626,325.9280700683594,449500
2021-11-04,326.1687706445014,328.68730646949774,319.4927814945953,320.8076171875,517300
2021-11-05,322.5390685417325,324.6872370243367,318.09460736003666,318.7149658203125,432700
2021-11-08,319.68722062184673,322.7520526030839,313.4186442843493,322.2149963378906,426500
2021-11-09,323.1779974375359,324.31690380311466,317.32610127395395,323.5761413574219,399600
2021-11-10,321.7520286101817,324.8724142208007,316.92793189711534,317.150146484375,403100
2021-11-11,317.68723652800696,318.2150244860671,310.84458630999654,317.5298156738281,343000
2021-11-12,320.03913367499104,321.381718052003,316.8446571354923,318.3076171875,472500
2021-11-15,317.88164854423366,322.7242821000907,316.63163494491494,322.2890930175781,434400
2021-11-16,324.0761751700877,326.5113806646607,320.9372523671272,321.6502380371094,452400
2021-11-17,322.1510672521489,326.30619000151114,319.58195650636816,324.88714599609375,430600
2021-11-18,326.1021289503547,326.1021289503547,318.44113144477444,320.2033386230469,402100
2021-11-19,322.5777145873834,324.85933705324317,319.3779237656121,319.97149658203125,417000
2021-11-22,317.56006221615104,323.1713079235202,316.12245045741196,318.8863525390625,660500
2021-11-23,318.8863383415541,324.200783259023,318.4689608130443,323.6443176269531,488900
2021-11-24,324.3955587427667,329.74711054333983,321.7336944826046,328.75469970703125,428300
2021-11-26,325.25810062580456,333.71671726409505,324.90565354846655,325.59197998046875,247200
2021-11-29,326.0557510820925,333.06750123922154,323.9874877287031,329.78424072265625,540400
2021-11-30,327.1779812308611,331.0363029294749,316.05747245452187,318.86773681640625,1397000
2021-12-01,320.62070520302035,327.83650166077183,314.4807894174229,314.694091796875,581100
2021-12-02,314.9445029123894,323.8853985883671,314.75899552433634,322.8002624511719,694800
2021-12-03,323.2176298085377,328.4579166192018,320.2033185619757,323.40313720703125,740200
2021-12-06,323.82981775070795,330.92503806460843,321.64097731063794,322.91162109375,867300
2021-12-07,326.2413013843642,334.2454634992815,324.46052617657597,333.95794677734375,487200
2021-12-08,334.18974152926427,335.1914078983365,328.5321054790226,332.9561767578125,318100
2021-12-09,332.59446951286293,332.59446951286293,325.0540495041821,327.40057373046875,394200
2021-12-10,328.48572550998745,333.21585261537473,325.0540369193596,332.9005126953125,429100
2021-12-13,332.3626406342112,341.16442146347845,328.91241206488826,338.5489196777344,569100
2021-12-14,338.5489816103576,338.7437729289117,329.4133197182054,337.13922119140625,725000
2021-12-15,334.39376025520266,344.0210104409433,334.39376025520266,343.33465576171875,665600
2021-12-16,344.0210544797548,346.52523466485195,342.26810287617593,343.6315002441406,594200
2021-12-17,347.77735777230896,353.481357080713,344.790869485475,348.6213684082031,1383600
2021-12-20,346.6829360077471,349.8363639739737,342.9080836669211,347.2115783691406,644300
2021-12-21,349.71582939165853,349.7436526772112,342.52785481112994,345.7091064453125,620500
2021-12-22,347.1280643184188,351.181177269355,345.8574207533062,350.2073059082031,421600
2021-12-23,349.96619425623663,351.9602999158019,344.6053582570314,347.13739013671875,399900
2021-12-27,347.96283006095416,355.83712950762896,346.7849118518498,355.5588684082031,464500
2021-12-28,356.4307212261935,358.48972893202904,355.4754175066298,356.8295593261719,330900
2021-12-29,359.14819268733004,359.14819268733004,355.68868111426934,357.0335388183594,365400
2021-12-30,358.19293478734613,360.96609207161407,356.7553232128253,360.38177490234375,260700
2021-12-31,360.4096313542815,362.7839790859672,358.95348022770133,360.8084411621094,313800
2022-01-03,359.9366598245038,360.8084938553567,344.9393143300662,352.3220520019531,492100
2022-01-04,352.3220377495236,353.58342603642814,341.8136954004946,342.6669616699219,628200
2022-01-05,341.6930425122286,341.7023263732455,324.09873896691096,325.332275390625,1224600
2022-01-06,323.09704250993525,326.5101917237936,318.63586427187425,323.84832763671875,813400
2022-01-07,322.8466577009875,326.37110029821673,317.2910590133644,322.6797180175781,851700
2022-01-10,315.0095608867431,319.68404327043913,312.5053516562549,317.736328125,808100
2022-01-11,317.3467446222291,317.4765771793706,312.40325749883897,316.91082763671875,1044400
2022-01-12,316.28938253485904,319.3500850960651,312.90408444979937,313.96142578125,966400
2022-01-13,314.62922819696763,316.10391883289344,309.0736006138091,309.9454345703125,725500
2022-01-14,306.6714082476306,307.7287495575134,297.2853105269736,302.6090393066406,1058000
2022-01-18,299.87294331989625,303.9816743370893,297.51713538605685,302.39569091796875,725500
2022-01-19,305.6419622871119,308.99943750225293,297.70273068202187,297.9346008300781,786000
2022-01-20,298.0087516994126,305.1317950150904,293.4362797117369,293.8258056640625,1037100
2022-01-21,294.1504181889372,301.85777844134583,289.6521323588146,289.6892395019531,1204800
2022-01-24,288.11253342457366,304.0558959243357,284.7272072225155,302.8594665527344,1542100
2022-01-25,300.2533301081056,305.1133198038756,296.6361328199783,301.93206787109375,1024000
2022-01-26,301.1807373586373,308.7675206627027,289.82835737946294,292.8612365722656,1096100
2022-01-27,293.64953471322843,294.4657219351706,282.2879006313383,283.9759216308594,761500
2022-01-28,284.94987787186085,294.98519655616025,282.51985489900477,294.71624755859375,741400
2022-01-31,294.8460826521618,301.8671177199412,293.91860203463096,301.83929443359375,655400
2022-02-01,300.7076962063114,303.0820437642663,296.8493743485208,298.9918518066406,548700
2022-02-02,301.1436319820277,302.40499181797094,299.724588014363,300.1048583984375,546500
2022-02-03,299.35364106648586,300.77268522174654,298.1015366225591,298.3705139160156,433800
2022-02-04,301.4404567798789,305.13181118259456,294.94809305550996,298.2313537597656,758400
2022-02-07,298.2962776698657,302.1082372915988,297.83253741397584,298.2406311035156,637300
2022-02-08,297.59130544187553,298.8990560173335,294.43787818904883,295.2447814941406,468300
2022-02-09,301.22711118841283,303.49016583919183,299.1588195144957,302.6368713378906,558500
2022-02-10,296.39493509239685,301.6630172711961,293.2044000704295,295.0129699707031,628800
2022-02-11,294.6512918459507,296.3578526246497,286.786246761788,289.3832092285156,762800
2022-02-14,289.46667863133484,290.384875297204,285.0704016788237,286.9161071777344,632700
2022-02-15,290.2178999843444,291.4700042051843,285.7196143117857,286.6470947265625,619000
2022-02-16,287.0737530067144,287.0737530067144,280.8874739472879,281.79638671875,639600
2022-02-17,282.96505118258074,283.0949120519537,273.1986816545668,274.5157165527344,832000
2022-02-18,275.3597024090592,276.9364022945807,269.47019550519684,269.7298889160156,725200
2022-02-22,271.39939377326,277.9845123038952,270.47191308738076,275.53594970703125,837600
2022-02-23,275.6935645567483,280.9338234534536,270.0081048531559,270.221435546875,702400
2022-02-24,268.46853259549374,281.15648900056215,265.63972802358603,280.37738037109375,901000
2022-02-25,280.9523751651331,285.4135536238743,277.36300224211647,284.61590576171875,632100
2022-02-28,281.81493874331653,283.6884390517423,277.44651377464237,281.3883056640625,969100
2022-03-01,295.4582000075641,304.57534961099043,288.4093422080903,293.72381591796875,1258500
2022-03-02,292.7592174865106,302.4421162807544,291.2381641675672,297.8511047363281,837400
2022-03-03,299.43706311131115,303.45304092763155,296.56186811141936,302.3864440917969,861900
2022-03-04,300.5500427503121,307.0702294907671,300.5500427503121,306.9032897949219,911800
2022-03-07,305.3729623033885,310.1031186332167,302.91514457748013,307.8307800292969,901800
2022-03-08,308.85097587213914,314.1747043567736,301.2363696475061,301.33837890625,1011500
2022-03-09,306.3391722407438,307.6962513556136,302.6768939396133,303.1974182128906,548200
2022-03-10,300.13926507001884,306.33911940897286,295.81704216183783,305.60479736328125,578100
2022-03-11,305.8465063301788,308.1237927416574,298.1222671650159,298.2616882324219,670400
2022-03-14,298.43833618614417,302.8627927054764,294.0417355174418,298.09442138671875,635000
2022-03-15,301.2640307711591,302.9092846745514,293.5862832322997,299.5258483886719,527700
2022-03-16,301.44061959918054,304.8240556530714,296.0122749158174,302.8906555175781,573800
2022-03-17,301.22682456252477,308.63503299037217,301.22682456252477,306.80389404296875,541100
2022-03-18,308.56063970975003,311.1075205923972,306.2833534799812,307.32440185546875,885800
2022-03-21,307.3244761238884,310.91237788263925,302.5374962584668,304.508056640625,688400
2022-03-22,304.3686196314014,304.3686196314014,297.44374607159364,299.9813232421875,888400
2022-03-23,302.0075912850819,302.0819397254279,294.3855854765775,297.8898620605469,566900
2022-03-24,298.54984139579307,302.90925319063297,296.0401486592549,302.4723815917969,496100
2022-03-25,304.210591744382,306.1997604224894,301.65443453826686,305.800048828125,287200
2022-03-28,307.15718297712425,310.65212802545113,305.24239095514366,310.3547058105469,460500
2022-03-29,311.126218796379,317.0100165380093,309.955024745842,316.740478515625,522800
2022-03-30,316.3500606875648,318.82256562084336,313.84039570400574,318.8039855957031,458400
2022-03-31,319.6218076209906,323.7953335039972,318.74809291673455,319.84490966796875,991300
2022-04-01,321.10910651058424,326.3887545673584,319.20361885690494,325.8868103027344,585100
2022-04-04,325.26401539404753,331.2686812710499,325.2082469625598,330.0509948730469,742100
2022-04-05,329.88370872138904,338.2121259153754,329.35388022506487,335.154052734375,729900
2022-04-06,333.9456670554312,347.1447448901564,333.07192376506913,344.00299072265625,861300
2022-04-07,343.8914911649409,345.75051481567084,340.7776208766782,343.2594299316406,867700
2022-04-08,342.831787196148,349.44993431573107,341.10290905323734,346.4476013183594,629900
2022-04-11,341.1958504597919,347.6373594295096,335.3492141995093,335.8325500488281,581000
2022-04-12,336.34381332043546,337.06883130962666,328.0711648882677,329.4933166503906,771600
2022-04-13,330.6272978629383,331.3802000132974,324.65982072206,329.6141052246094,554500
2022-04-14,330.5902182618733,332.57935905255346,328.24785839720107,330.3299560546875,400100
2022-04-18,331.8356575738353,335.0052956902086,328.9169773899257,330.86895751953125,566800
2022-04-19,331.3894923839468,338.5095552232516,329.6699184771861,335.4700622558594,493400
2022-04-20,335.804730501448,346.9031040834045,335.5073082726766,345.8434753417969,578100
2022-04-21,344.6722311307948,350.5188676650954,342.78532351487354,344.06805419921875,434900
2022-04-22,344.20747118898686,344.20747118898686,338.50028417065846,340.535888671875,546100
2022-04-25,341.7349471785201,342.77599567183256,329.98593485428006,334.56842041015625,965100
2022-04-26,353.20517337127154,353.20517337127154,325.28265983171013,326.4445495605469,832000
2022-04-27,326.5653691682565,333.0533717631613,323.6746010776939,324.2787780761719,957200
2022-04-28,325.1431629063855,334.21520566206084,320.69082253928286,333.9177551269531,723900
2022-04-29,332.8116519894219,332.8116519894219,322.02933899008417,322.6427917480469,690300
2022-05-02,323.47003789497717,327.3646937814764,310.1780333165596,314.0633850097656,827900
2022-05-03,316.6474431628066,327.6156693232864,313.143194442387,324.3066101074219,1000400
2022-05-04,326.221393197237,327.25316585542737,317.8186284993983,326.9464111328125,692400
2022-05-05,326.27714699412275,329.13075437361056,315.34611002228417,318.23687744140625,584900
2022-05-06,318.35775725371235,320.8488418017944,313.8217356190281,317.9766540527344,625400
2022-05-09,317.19585694368396,319.9565077343791,299.25629308436277,300.3252258300781,513500
2022-05-10,304.08049976419153,304.08049976419153,288.96662902289637,293.11224365234375,714700
2022-05-11,295.71489831553106,299.0239580614622,291.80163320511747,292.8426818847656,573800
2022-05-12,295.4917208167343,301.02232597462165,292.2663145517829,300.6040344238281,783700
2022-05-13,303.0393863479049,310.77293029890353,301.71949565341066,310.61492919921875,526300
2022-05-16,307.38024667383786,310.02005667247334,303.91315759158834,305.279541015625,436500
2022-05-17,307.4360195874513,307.4360195874513,298.64284613837947,302.43524169921875,523300
2022-05-18,300.9167848009312,302.08121529476335,291.37777929257174,292.5887756347656,680500
2022-05-19,291.7038436262877,300.5069216490896,291.0796963343143,297.26513671875,652500
2022-05-20,300.6186749563862,304.773383305052,297.8333663939289,304.2610168457031,821400
2022-05-23,305.68630310231583,312.4213796554392,304.44736150239663,311.22900390625,599000
2022-05-24,311.2289945178118,324.44761203162244,310.2415597128862,323.3111267089844,745100
2022-05-25,322.7521733824245,324.03770913916196,317.3585236142128,322.6496887207031,732100
2022-05-26,323.85144241368386,325.90085170200075,312.22578515190713,315.28125,641400
2022-05-27,317.3492518186421,323.767578125,315.2439523207276,323.767578125,658100
2022-05-31,318.37400401828216,320.535194423838,311.7321145599407,313.5672302246094,1335300
2022-06-01,312.4400200350519,314.1633830480691,306.9532377054738,308.4157409667969,669400
2022-06-02,300.28334741816815,313.08275856428156,293.65075574170487,312.9709777832031,1228700
2022-06-03,311.1264905359095,311.1264905359095,306.30109759198746,306.999755859375,795100
2022-06-06,308.5554898765958,312.6170101838897,304.83860805157457,310.8284606933594,446100
2022-06-07,310.44652098866277,315.0110832327168,304.1492712374443,314.7129821777344,591200
2022-06-08,314.2006440876243,322.0721778481662,312.98961921243847,314.7129821777344,660200
2022-06-09,315.0204137563822,320.6003561732244,310.0738863435632,310.809814453125,590300
2022-06-10,309.859575480012,309.859575480012,299.7336938005521,303.24560546875,853700
2022-06-13,298.5879694271897,299.11895663632856,286.1238989685749,287.56781005859375,639600
2022-06-14,290.30654422663554,290.30654422663554,274.3957481041349,276.724609375,986600
2022-06-15,279.40739759673215,285.1736590463319,275.49490019362116,280.7581481933594,864900
2022-06-16,277.7120411143942,277.7120411143942,269.49581182158926,270.9583435058594,809600
2022-06-17,268.5736073968799,274.535486841409,267.0551852292181,272.04827880859375,1292600
2022-06-21,274.8056195056482,283.1336293676572,273.8740750327477,282.4815368652344,623400
2022-06-22,280.1899095303671,296.01683900044935,280.0501835630268,290.3996276855469,700600
2022-06-23,292.8682280620025,305.40680646305805,290.59525768067317,303.5343933105469,869100
2022-06-24,305.2392145818619,306.59926166210096,298.73702340192517,305.29510498046875,933600
2022-06-27,306.7762321460653,307.5121318099691,301.49436248466486,302.211669921875,501600
2022-06-28,302.7891896653543,303.9908614328824,292.4117717488322,293.44580078125,540800
2022-06-29,289.2166054253768,296.42675034375884,284.06516577366705,295.51385498046875,862800
2022-06-30,294.98285681509304,299.73373900037444,294.0699330573907,298.1407775878906,790200
2022-07-01,297.0788090055002,308.88145987830654,295.57900783466266,307.838134765625,614700
2022-07-05,306.09617790817003,306.40360348707196,296.29634083276005,302.4817810058594,514300
2022-07-06,304.6336908530086,307.47491880948166,302.6867661399316,304.7361755371094,323200
2022-07-07,306.4781728654925,308.4716919516886,303.3202230313272,303.9909362792969,350100
2022-07-08,303.543737618213,305.0062690969754,300.4416789567116,302.0159912109375,252200
2022-07-11,301.7086650629647,304.5964589652686,297.5353350834202,302.1092224121094,311600
2022-07-12,300.4603147937529,301.89487258693504,294.8151584538663,296.63165283203125,576800
2022-07-13,292.9800556133939,300.8143478906725,292.07645635498415,298.1501159667969,430800
2022-07-14,292.43040463363013,297.45141372172674,292.43040463363013,296.24041748046875,453100
2022-07-15,301.3545936114697,303.05930724299844,297.5539052175737,298.7928466796875,461100
2022-07-18,298.68105276615285,299.7988888664797,291.1075930761282,292.0484619140625,631500
2022-07-19,295.6442867410125,301.5316550691895,293.04526950890084,300.67462158203125,496200
2022-07-20,300.2089020232929,302.8917553238346,292.9894305552816,293.30615234375,563400
2022-07-21,292.8962420939403,299.77101680933407,291.61070610072983,298.5972900390625,595900
2022-07-22,300.8608941860641,303.45058646526707,295.4113537933175,298.8487548828125,447500
2022-07-25,298.9884822084783,301.0658364515656,295.9330177182728,298.50408935546875,519000
2022-07-26,299.3238694893929,303.2363391222073,297.8427172253474,301.6899719238281,603000
2022-07-27,302.2954768871446,303.86978916901944,295.0201175286839,298.522705078125,669600
2022-07-28,300.25540013409926,312.60765964148794,300.25540013409926,311.7599792480469,474100
2022-07-29,309.524289796819,314.4614928477231,308.54617941472065,312.8033447265625,608600
2022-08-01,310.8936043720265,313.07341475433424,307.0742952540084,310.0645446777344,530600
2022-08-02,321.38282155605623,321.5132514191693,312.8126016098363,315.0203857421875,988700
2022-08-03,315.4487959399127,321.15916605332944,315.4208507529168,320.330078125,589600
2022-08-04,319.1192037217604,323.37636887669777,317.0884435502893,322.5752258300781,397200
2022-08-05,319.4266014107274,321.7927323862314,317.7125629526281,321.7554626464844,439400
2022-08-08,323.91665009167474,326.58085367828807,318.30876251531527,321.3642272949219,368500
2022-08-09,321.13135488603444,324.2054404523922,319.640877957792,321.9138488769531,580000
2022-08-10,326.9720870763155,327.29813330468005,322.13736932646435,326.3758850097656,395700
2022-08-11,325.96604875043323,325.96604875043323,318.83041480171283,319.9761962890625,413100
2022-08-12,321.0381910988007,326.3945720658201,319.34277325683877,326.0778503417969,524000
2022-08-15,325.60271214303,332.1794133155459,324.1122354212335,330.8193664550781,496600
2022-08-16,328.00607179074746,328.360063197007,322.97573791960946,324.20538330078125,726600
2022-08-17,320.95426023352223,326.5435256704564,320.95426023352223,323.0315856933594,332800
2022-08-18,323.57203374659167,324.88551508968084,318.3460535760673,320.7960205078125,540900
2022-08-19,322.1094150557014,323.90728888892585,319.52904735353695,320.90771484375,407700
2022-08-22,320.7121378346026,321.4480659461625,314.4987235399037,315.77496337890625,377900
2022-08-23,315.84948376307216,316.725137889162,307.90341011728634,310.9029846191406,462200
2022-08-24,310.1934777167693,314.7677709427392,309.9694395390507,310.8376159667969,424900
2022-08-25,311.9391725550845,316.62551332237956,308.7651749428319,316.4201354980469,588700
2022-08-26,315.22521927127804,315.98137660791866,307.9716699092333,308.326416015625,586500
2022-08-29,307.42089157316786,313.2461121115091,304.44292733907804,309.3906555175781,516600
2022-08-30,309.0732625720003,312.0792318940128,302.04377911099243,303.04266357421875,341200
2022-08-31,304.1814862031756,307.2248038642658,301.95967970133046,303.6307067871094,692200
2022-09-01,302.68785579832866,304.9936767822654,299.4858537020242,304.70428466796875,579700
2022-09-02,307.7289904904749,308.05570335593734,296.39591717931296,297.0587158203125,441000
2022-09-06,296.99342727164026,300.79287501497436,295.03300738964685,298.328369140625,559300
2022-09-07,299.2805465124263,306.627427159443,297.9549491255947,305.4138488769531,384400
2022-09-08,303.6213980663822,307.79427981751707,302.3424660613577,307.3275146484375,369400
2022-09-09,308.00899584669605,310.4548407251493,306.13259078828804,308.7838134765625,470600
2022-09-12,309.9506904948144,312.2845160230272,307.58886019982634,311.2203063964844,308900
2022-09-13,305.5911639808556,306.16994823621275,295.7517461725287,296.42388916015625,333500
2022-09-14,294.31409305435625,298.2255873652992,292.82978326765556,295.2009582519531,470100
2022-09-15,294.56620056221516,295.63975486145995,285.83768532306436,287.06060791015625,671700
2022-09-16,290.5893767266904,292.1670455715911,285.6509923397204,291.02813720703125,782500
2022-09-19,290.7760893436279,291.1868450412684,284.9415237397457,290.9067687988281,417700
2022-09-20,289.9451867251096,289.9451867251096,281.4500548792885,282.32757568359375,576000
2022-09-21,284.0079353027217,289.0956583779077,280.30181884765625,280.30181884765625,387100
2022-09-22,278.23869466694583,279.64833453720036,274.9993433846643,275.66217041015625,453500
2022-09-23,274.7287423696485,276.03567957899526,272.3855713267198,275.17681884765625,684100
2022-09-26,274.6820132119859,274.6820132119859,263.1809387683746,267.4378356933594,584400
2022-09-27,268.52069544484345,272.9736251555477,264.5905119850858,265.31866455078125,537200
2022-09-28,267.63383004759913,272.8989266379766,266.59759649936984,272.1334533691406,705600
2022-09-29,270.01436903010585,270.01436903010585,262.2474164521798,263.5076599121094,603900
2022-09-30,266.485619125795,269.37956948842964,262.44344443562244,265.7294616699219,1038600
2022-10-03,267.96987295168816,272.9176008517611,263.69431652569165,269.72491455078125,571100
2022-10-04,271.5079795080244,277.5572667870813,271.0785634987692,273.91650390625,534100
2022-10-05,270.406382390276,270.61176018997105,260.91236697535487,264.30108642578125,676100
2022-10-06,264.1144289909618,265.4306817630747,249.2152635380802,250.20480346679688,794700
2022-10-07,247.54424065386598,249.84071720070702,243.64206237231724,244.95834350585938,855600
2022-10-10,246.0412881056407,247.62830129841586,238.9464650886846,239.40390014648438,650600
2022-10-11,238.16226470225362,243.73544218034493,233.9893827866065,238.26495361328125,776300
2022-10-12,235.8844639690644,235.9311433398203,226.51182464976844,228.3228759765625,1066500
2022-10-13,221.23737300922247,234.6335256047178,220.49987602166112,233.1492156982422,1444000
2022-10-14,237.61148121740703,237.83553363167854,224.91546263287793,226.00770568847656,990600
2022-10-17,226.1664175027418,239.35719257294954,226.1664175027418,236.3138885498047,868600
2022-10-18,240.3654295448442,243.0166525933748,238.20896224869438,241.0935821533203,979100
2022-10-19,235.83781650391163,240.11337369008754,234.21346829395543,235.70712280273438,635300
2022-10-20,234.34414144678885,235.6790973616937,227.87478243895848,231.47821044921875,1619500
2022-10-21,233.0185212590585,233.0185212590585,224.60741757170055,231.70223999023438,909800
2022-10-24,232.83181351123136,237.16339386775329,228.79895546660248,230.89939880371094,1065300
2022-10-25,231.44089271494087,240.03871536543744,231.44089271494087,239.5439453125,802700
2022-10-26,239.56255054538624,243.99681964655642,237.77951842739958,241.5789794921875,931900
2022-10-27,244.13684273700693,247.72159580154332,240.9441849480208,242.94192504882812,811300
2022-10-28,240.8508368513899,253.37882702436164,240.21604303350333,252.0625457763672,1000800
2022-10-31,248.44979912679813,254.14431188545458,247.44157032144676,251.95985412597656,1142800
2022-11-01,260.33365569288907,266.09355162805883,255.12456784367566,257.4303894042969,1092100
2022-11-02,255.16181030523455,260.0348393423102,249.2805811349043,250.51284790039062,925400
2022-11-03,248.25372872434932,254.72308746228083,245.60250584666355,252.333251953125,597000
2022-11-04,253.56548707947525,254.4523522305603,248.86048654729254,254.20962524414062,543200
2022-11-07,256.34748298196735,261.25783407739266,255.27392859647594,258.7186584472656,858100
2022-11-08,258.7186119221787,264.2357511573415,255.12451441786476,260.2309265136719,884800
2022-11-09,259.96023646581665,263.059564527327,256.0860906334735,256.4688415527344,505200
2022-11-10,270.73314157268754,277.42653812081994,268.361966544819,277.13714599609375,1265800
2022-11-11,277.13716731301594,281.7861589950277,276.9317894839531,278.17340087890625,775500
2022-11-14,279.3776306753808,279.3776306753808,269.99566161403317,270.17303466796875,945600
2022-11-15,273.7110766078053,276.6236863860528,271.64795427397837,275.5594482421875,543600
2022-11-16,276.6076001296912,279.5272333123889,275.60630725192067,277.0099792480469,439700
2022-11-17,271.86311302057084,276.93505911309194,267.09065228962737,269.3739318847656,582400
2022-11-18,272.71471433359375,274.02480233120514,267.5585792260901,272.01287841796875,622300
2022-11-21,271.06779919343444,277.25330027705246,270.3004516241496,276.63568115234375,739100
2022-11-22,276.52336961970195,277.1409886945169,271.3297949129001,275.17584228515625,886900
2022-11-23,274.98862356815783,279.6488237816926,274.8108514302208,278.497802734375,588000
2022-11-25,278.6194411231828,280.0324796493741,276.16769933760133,277.49652099609375,313900
2022-11-28,276.9538077894622,278.2545574207728,272.09710086932347,274.4272155761719,605700
2022-11-29,273.9967516309631,279.6769509429524,272.44337981279966,275.6343688964844,449100
2022-11-30,274.37107243767304,280.82795731616017,271.95674083338884,280.0793151855469,1987700
2022-12-01,282.839889219395,287.6872293503304,279.9015223201019,281.8666687011719,586700
2022-12-02,279.14355025164764,280.4630053110364,272.77088188590085,276.2894287109375,757300
2022-12-05,274.7266462992579,278.1422707016351,271.0396944542618,274.6705017089844,510100
2022-12-06,272.99544603795465,276.18646319652953,268.2697340807704,270.14129638671875,602700
2022-12-07,270.86189084866334,276.5514282120974,267.24976041878637,269.2242736816406,573700
2022-12-08,269.86995693366237,272.5930551246663,268.6253519316663,270.69342041015625,474000
2022-12-09,269.52367441572517,274.38038083052885,268.83120550867636,269.6827697753906,490300
2022-12-12,271.03969760558005,272.0316234556482,268.3165707145439,271.8725280761719,572000
2022-12-13,282.0257704072729,289.540093041189,280.50044233177044,282.1193542480469,894800
2022-12-14,281.3519565145167,283.9814991915662,274.60498259836214,275.484619140625,481400
2022-12-15,271.0302653911954,275.84016505493025,269.7388829952964,270.1131896972656,556200
2022-12-16,267.23108549109503,267.23108549109503,257.1246298324851,262.2901611328125,1252700
2022-12-19,261.51340811716165,264.28334105153465,256.9561582082266,259.641845703125,766900
2022-12-20,256.24498166347,262.34629403668487,255.1501335311949,260.48406982421875,634200
2022-12-21,260.63382956518825,268.1013755417066,259.5764205542068,262.6551208496094,807500
2022-12-22,258.5937866288186,263.6095889678214,257.74222226625983,262.10296630859375,489200
2022-12-23,260.46539370881476,264.9664999972429,260.2127430094243,264.36761474609375,350300
2022-12-27,264.49851574689416,265.2284238447658,261.0735535775666,264.358154296875,525100
2022-12-28,265.5373590827884,267.5960611822505,260.5777001567986,260.80230712890625,291300
2022-12-29,262.514765677652,267.2872567233327,262.514765677652,266.59478759765625,375900
2022-12-30,263.60952618805936,266.54786375676895,259.6417952224375,262.30877685546875,429200
2023-01-03,264.47980097537436,267.13741571280303,260.4746592502676,263.6469421386719,482500
2023-01-04,266.2016687621631,277.54333189620104,266.2016687621631,273.837646484375,777900
2023-01-05,270.99287331120337,271.5730530838828,262.89837167172817,263.3007507324219,624800
2023-01-06,265.05998240461963,274.9137557185158,260.18457113044053,272.7333984375,608400
2023-01-09,273.21068072768315,277.72115312357255,271.7415258961214,272.67730712890625,500200
2023-01-10,272.5930763030636,275.39108175840255,268.88739041872094,274.9606018066406,626400
2023-01-11,276.81345815793,286.6859392390238,275.3723469905221,286.43328857421875,760600
2023-01-12,284.87047478064636,292.28184457354075,281.3238566675409,286.7607421875,740800
2023-01-13,282.6620300776509,287.94918745570396,282.6620300776509,286.8636779785156,458600
2023-01-17,283.1206422861307,286.7608455259395,281.6795595368349,283.3733215332031,928200
2023-01-18,282.66213052339,283.9535134389076,272.8551310622004,273.6973571777344,826100
2023-01-19,273.0141509521961,278.3948925733619,271.0958110147163,275.540771484375,680600
2023-01-20,274.5862616218591,278.0018571778514,268.70955702165037,277.74920654296875,640400
2023-01-23,275.2413017182747,276.3268112299077,266.95026625578106,267.88604736328125,1075900
2023-01-24,267.87667738902456,273.14512897234766,266.7069511425592,268.95281982421875,797400
2023-01-25,270.5717715108509,273.60369325457293,267.78313344332855,272.9205627441406,659800
2023-01-26,273.65048683309004,275.64370533918475,270.4126919083738,272.3871765136719,430300
2023-01-27,270.6185089040842,273.21997893436617,268.4662240333203,270.4687805175781,974600
2023-01-30,270.365891504233,276.0741334424764,268.6627630261509,271.5636901855469,851300
2023-01-31,273.2013272084001,278.61014129211736,271.08645260091123,278.4229736328125,603200
2023-02-01,276.41107266821837,283.3264813175694,274.82960005694144,281.8292541503906,527700
2023-02-02,285.5068330849184,289.6429697539554,278.4978128887506,288.3048095703125,825300
2023-02-03,283.3544996637902,285.731391603694,272.3216612897371,278.64752197265625,639900
2023-02-06,274.6798601836296,277.44976459683045,270.90866301182103,276.7760009765625,503400
2023-02-07,276.6356279929998,276.6356279929998,270.4033219043235,274.3055419921875,660100
2023-02-08,273.92185029684674,275.0915766956004,271.97543813474095,273.9686279296875,619700
2023-02-09,273.2855780774377,275.531447479548,269.58923052975086,270.8712463378906,547900
2023-02-10,269.66408250506305,272.02224086169264,267.39947942274557,270.8992919921875,847100
2023-02-13,272.2000669631572,275.3817176464698,270.62796124544207,272.8083190917969,718000
2023-02-14,271.44206766058153,272.77086101199023,266.5759938518573,268.77508544921875,611300
2023-02-15,266.856723959066,270.3378309904409,265.30332381819596,270.14129638671875,1295700
2023-02-16,265.5466686557421,269.4582564799459,264.3863088973038,265.37823486328125,678600
2023-02-17,261.6911885714015,265.02256712585455,261.3636594627466,263.1790771484375,724700
2023-02-21,261.1484325489516,261.1484325489516,254.26106895803557,255.271728515625,952400
2023-02-22,249.96584767948937,252.05264985349936,239.58803850744624,242.3673095703125,2677400
2023-02-23,244.79103140951474,249.6945163745575,240.30863090266487,248.47801208496094,1464600
2023-02-24,247.63577476166026,247.63577476166026,240.5986821097194,241.2631072998047,749900
2023-02-27,245.65192211688972,247.77613507505683,240.42090884522352,243.2095184326172,991400
2023-02-28,242.71359059905862,246.7842449553386,240.97305109318626,242.69488525390625,874400
2023-03-01,240.42089191126564,242.45152089859718,237.1362911236116,238.5399627685547,1016000
2023-03-02,237.56678932693117,242.22699038885148,235.33027263566166,240.83265686035156,629600
2023-03-03,240.12146618540237,244.56642696970002,240.12146618540237,243.63064575195312,729900
2023-03-06,245.17469320108611,245.31505468029448,237.89431604910544,239.71910095214844,866500
2023-03-07,239.61612991290394,239.81263596718946,230.07116460335007,230.26768493652344,1192600
2023-03-08,230.4642049297635,237.1831217245984,230.30512383085295,234.7032928466797,948200
2023-03-09,234.8159700752557,237.56712597512555,227.6610735129153,228.89111328125,1083500
2023-03-10,228.46857672724917,230.42160795145142,224.5437023446532,225.46388244628906,929000
2023-03-13,226.35592223326216,237.6047001768849,224.61883414691533,233.84884643554688,1299100
2023-03-14,237.40749803761412,238.52486675445022,232.20564720603795,235.4826202392578,1194100
2023-03-15,230.102372590601,242.384030127054,230.102372590601,240.70327758789062,1365700
2023-03-16,239.30421966011633,244.58120386432262,238.80657018983183,242.66571044921875,1042800
2023-03-17,244.1304871480853,246.872272919592,240.15867592655286,240.35585021972656,1256800
2023-03-20,240.0272231128837,243.38869954095892,239.21971400035716,241.51077270507812,687300
2023-03-21,241.28539677479537,243.06942128740448,234.5060807029725,239.285400390625,979900
2023-03-22,235.81124159616766,238.28071964955322,231.0037541051883,231.18215942382812,762500
2023-03-23,230.9004982491769,234.70330296893323,228.82538278511825,231.83006286621094,630600
2023-03-24,229.95212037097173,240.89103774774313,228.45917207210582,240.7595977783203,617900
2023-03-27,240.55300081334516,242.00838241008785,235.39808733788894,235.86756896972656,613900
2023-03-28,234.2431960864338,236.87229642188964,232.82536653729582,235.42628479003906,916100
2023-03-29,238.81593308408216,240.6093565067777,236.72204884206835,238.65631103515625,797100
2023-03-30,243.00370700746737,243.03187476217636,240.30888673905298,241.5013885498047,505200
2023-03-31,242.44972743270927,245.726729129186,241.82063801197626,245.1351776123047,554800
2023-04-03,243.59526993196806,243.59526993196806,238.6469430901744,239.46383666992188,814000
2023-04-04,239.57652478077662,241.84882899715313,238.5248902741496,241.06947326660156,608600
2023-04-05,241.3135694552374,246.308861116464,241.0694298263028,242.44970703125,512900
2023-04-06,242.81594919166298,244.08355555555636,240.66571490949656,243.83001708984375,336400
2023-04-10,241.48258123601204,245.85815377253545,239.64222114093468,245.76425170898438,387500
2023-04-11,245.99901167914328,249.09760808808002,244.5623988251918,247.88633728027344,677400
2023-04-12,250.45906967242672,250.618706046803,244.3839757763337,245.69854736328125,609800
2023-04-13,246.5717814514528,251.09759167581805,245.54831483849583,249.1539306640625,543400
2023-04-14,248.5623839041238,249.50134727205193,240.6844674928608,242.7501983642578,548400
2023-04-17,243.55769807968701,248.63746418996234,243.55769807968701,247.11634826660156,537700
2023-04-18,246.80656348084264,248.08354009567765,244.6938955906498,246.9943389892578,710500
2023-04-19,244.5623412193181,250.48719657770442,244.5623412193181,249.12571716308594,545400
2023-04-20,247.94266517374498,247.94266517374498,241.55772572011387,242.84410095214844,715000
2023-04-21,243.72672620610473,244.68445851744193,239.03190940661074,241.20091247558594,463400
2023-04-24,240.92860260277664,243.19150771547234,238.16804806064243,240.01780700683594,404500
2023-04-25,238.900463145327,240.24318832594545,235.7549441916806,236.26197814941406,586900
2023-04-26,235.12582325729,237.13520431596422,233.7549304193888,234.9286346435547,613500
2023-04-27,236.01783074661128,241.38868798465202,235.77370543088702,241.17274475097656,501300
2023-04-28,240.02721469003149,245.6328272446233,239.44504764867497,244.96617126464844,873400
2023-05-01,242.4966777289655,247.02245918232234,242.4966777289655,245.10699462890625,941600
2023-05-02,240.75961503541444,241.59527758240185,231.34181303697378,231.91458129882812,970800
2023-05-03,233.06009276400238,233.2760503166621,225.67984047028492,226.2150421142578,801900
2023-05-04,226.37467586847873,228.41222466598967,222.3840815383322,223.75497436523438,1218900
2023-05-05,223.7549910228751,227.15403409705087,222.07423843886076,224.96624755859375,722900
2023-05-08,224.797200910993,225.48264008946347,218.0460526772188,218.9005126953125,707300
2023-05-09,217.2197915127953,222.05546166368245,215.47331899965442,219.83010864257812,770900
2023-05-10,222.825378351792,222.8535461045866,219.10709170847528,222.5812530517578,1069900
2023-05-11,220.70333561282692,221.24793606853137,216.12118993548168,218.82540893554688,984600
2023-05-12,219.801930172436,222.29957615622018,218.1681430906302,222.26202392578125,579900
2023-05-15,222.32771058020487,223.80188971605773,216.82538552566152,220.9192657470703,788900
2023-05-16,220.93807391724314,221.67046416679935,215.99911764299506,217.64230346679688,1109000
2023-05-17,218.72210942832828,222.10236865056868,216.0272893909749,220.29017639160156,818600
2023-05-18,219.70802439287826,220.9662317572105,216.53432390222753,220.57186889648438,956300
2023-05-19,221.4920619936897,222.7127172027997,218.75029075654126,219.13526916503906,554400
2023-05-22,219.6798592141535,223.18218829938604,219.6798592141535,222.0272674560547,424400
2023-05-23,220.94747183130292,222.61882551040242,216.04608181542196,216.36532592773438,697300
2023-05-24,215.3512496447969,215.82073131890596,210.2432867380995,210.5531463623047,615200
2023-05-25,210.57197853985545,210.74162812241963,207.20711799941395,208.96023559570312,965700
2023-05-26,210.00645930915783,212.17429514503812,208.47012091390215,210.9395751953125,651900
2023-05-30,211.87273391773599,214.63437282533573,207.83867960207112,209.09225463867188,916100
2023-05-31,208.9979799292943,209.8085616278998,206.04783705263236,209.03567504882812,1142100
2023-06-01,210.4871908454175,211.03384918466347,207.23542945358608,208.00831604003906,922700
2023-06-02,208.26279091885573,216.76445650975754,208.00830213521104,212.6832733154297,1528100
2023-06-05,213.01313635636564,214.93590347152085,210.39288742253865,211.38255310058594,576600
2023-06-06,212.2591340945656,212.2591340945656,208.1308356152718,211.0244140625,498100
2023-06-07,212.28738794770052,215.79362316186194,209.75196370274392,214.63430786132812,499000
2023-06-08,213.45615421171394,216.1612282480947,212.07062497796778,215.82191467285156,500300
2023-06-09,216.41572427912553,216.76445804966264,207.97059411331003,211.24119567871094,876100
2023-06-12,211.57108921264143,213.7200704685601,210.03475069701284,213.45616149902344,521100
2023-06-13,214.163045508009,216.528805849988,211.128078232855,216.34030151367188,588100
2023-06-14,216.78328178020175,218.77203333181149,214.0687734756839,216.61363220214844,506800
2023-06-15,215.66168217269174,221.51483766636002,214.2101829105714,220.50631713867188,788900
2023-06-16,221.84471843921207,224.1445088366043,216.51939519856376,217.320556640625,1018500
2023-06-20,216.64191779993007,217.61272878515132,210.77934239253955,211.693603515625,995600
2023-06-21,209.99703685315268,210.59082479067987,206.46252663137147,208.47955322265625,1270000
2023-06-22,208.12139517649032,210.4965901895518,202.74894225096048,209.78968811035156,920000
2023-06-23,209.94991717038522,213.94627542893417,209.29014477396336,210.26095581054688,1659900
2023-06-26,209.81796938920598,213.05086142585785,207.23541520424266,211.4391326904297,790300
2023-06-27,212.09889226920384,213.6163759285413,210.73221783386543,212.54188537597656,930400
2023-06-28,213.02256326390662,215.36948315942908,211.27888023511696,214.30441284179688,881800
2023-06-29,213.18282805459347,216.58538426785114,211.1092513178127,216.48170471191406,748600
2023-06-30,221.43000700772933,222.08979380694973,215.1715676546482,218.44216918945312,1228400
2023-07-03,218.4421801747607,222.4385387605062,217.6315984836601,220.5817413330078,320800
2023-07-05,220.91161536728146,227.66016290221023,220.0821789983796,227.1229248046875,1194100
2023-07-06,224.88911474560462,227.30200481256165,222.17460622929835,225.2472686767578,805800
2023-07-07,223.72037047593818,227.57533969402564,221.2980457825542,227.00982666015625,769100
2023-07-10,224.72887362200376,227.70729112584903,222.60816741396775,224.16336059570312,727200
2023-07-11,225.7468170437885,228.1408668013395,224.28589758846516,227.92408752441406,596000
2023-07-12,230.60089060524763,231.61883134083456,228.1314361907468,229.30018615722656,806400
2023-07-13,228.8100423953745,230.1484418375799,225.81278471113114,229.83741760253906,867100
2023-07-14,228.01837185641074,230.6103465891785,227.245499596533,229.76206970214844,780800
2023-07-17,227.1229334290601,228.7158217971143,212.5418982811242,213.154541015625,2253100
2023-07-18,213.03200111047056,218.03686521283254,211.58048754596123,214.96420288085938,1307100
2023-07-19,220.6759831424833,225.7468176140068,219.79941708511555,220.8079376220703,1038800
2023-07-20,211.72189711588302,212.21200555224914,202.18342162703652,210.05360412597656,2850600
2023-07-21,211.16577919829237,214.92650337352208,209.69542519954373,213.6163787841797,1539900
2023-07-24,214.70973907786734,215.2752521419347,212.26857388703644,214.53065490722656,1084500
2023-07-25,214.0970498912884,215.8690222003645,207.4521824961695,207.58413696289062,1689200
2023-07-26,207.35795677799607,215.38836894925652,207.35795677799607,213.3901824951172,1461000
2023-07-27,215.0867536195366,216.83987149140762,208.9602684432722,209.6200408935547,1016200
2023-07-28,213.06970945501354,213.06970945501354,205.93471862347644,206.30230712890625,1001100
2023-07-31,206.46254550012466,208.8377406131808,205.27494075261646,206.3682861328125,1048500
2023-08-01,212.87180153426772,218.48930910072679,211.6936313118774,214.9925079345703,1908900
2023-08-02,212.54186753800744,215.88787320712598,210.20438229003656,215.426025390625,1123800
2023-08-03,215.06787167874208,215.06787167874208,207.35793359653837,209.78025817871094,1162600
2023-08-04,210.03473923290167,216.2743379399894,209.06392820896053,210.07244873046875,928400
2023-08-07,210.41176677769639,211.07153917957058,206.33058368772922,207.4616241455078,766200
2023-08-08,206.58506131892335,210.53428999037772,206.34942728728012,210.22325134277344,722700
2023-08-09,209.80854824865435,214.96422202927587,208.3287596215107,214.62490844726562,730900
2023-08-10,212.0329526295844,219.26220365149385,211.75018888952548,215.1998748779297,1121700
2023-08-11,214.41753355344105,218.36674756558938,214.34212894277553,216.83984375,749800
2023-08-14,216.54769543875028,217.90494988973046,215.3506704185162,217.74472045898438,838000
2023-08-15,215.9350233774057,218.62124259733605,214.7756936348861,216.71731567382812,781400
2023-08-16,216.849296267166,217.77297765585828,207.23541614982318,207.81036376953125,748500
2023-08-17,207.9517126390375,210.17609807116608,207.46158991481735,208.243896484375,769100
2023-08-18,207.0940094969108,210.13839672682914,206.6510164297203,209.7236785888672,595700
2023-08-21,209.0545179102359,209.0545179102359,203.1448123086153,205.68023681640625,630400
2023-08-22,205.69907237445278,207.42391506881063,203.6820458062127,205.5765380859375,604900
2023-08-23,206.7120201603368,209.1248788615597,205.76579653217826,208.4246826171875,624100
2023-08-24,209.0870229428223,210.3549590585668,206.8255491931904,207.9231719970703,456100
2023-08-25,207.67718837307456,211.5188545576183,207.43117539137594,210.37393188476562,490000
2023-08-28,210.79024237852352,212.5786044640761,210.3076590861157,210.64830017089844,542200
2023-08-29,210.6672210868673,215.5875809042834,210.00486745652353,215.3037109375,622200
2023-08-30,215.28480915856343,217.65982532525672,214.2723429214547,214.90631103515625,956200
2023-08-31,216.23103451964255,216.84607412248053,211.6323869610268,212.45559692382812,735400
2023-09-01,213.6100226373002,214.17776269202662,208.6801902913881,209.7683563232422,495100
2023-09-05,209.2384675269446,212.4461655396282,208.5855708135103,209.9102783203125,743100
2023-09-06,209.25735929740546,209.25735929740546,203.901744286685,206.26730346679688,682900
2023-09-07,205.45356442307718,210.63886645378355,205.32109367756297,209.34254455566406,764700
2023-09-08,210.02378119803126,210.04269527312047,204.56406738394202,205.2548065185547,670700
2023-09-11,206.03073540669706,206.37137648608714,202.43508277718553,203.6273193359375,734000
2023-09-12,203.05013167149008,203.18260240632006,199.58694961178554,202.83250427246094,564800
2023-09-13,201.4037377970959,202.6054316048488,199.71946062000103,200.9116973876953,720300
2023-09-14,202.5391823271497,207.35545741066497,201.85790012001746,207.05267333984375,585500
2023-09-15,207.6393378704474,208.06513566181263,205.0372226098253,206.418701171875,1003500
2023-09-18,206.5416836649088,207.10942359308535,203.3056007260451,203.53269958496094,603100
2023-09-19,202.8798123800728,203.9111926736654,201.12929288577382,201.99981689453125,545800
2023-09-20,204.63979211468455,205.61440131572823,202.78518741433112,203.40969848632812,463400
2023-09-21,201.3185546194067,201.55511055075795,193.5311374020274,193.67306518554688,646500
2023-09-22,193.6825419663898,194.73285090787647,190.06796030602413,190.29505920410156,1015700
2023-09-25,189.5948384979987,190.73031849067252,188.46882998280816,190.5032196044922,621000
2023-09-26,187.85377742886223,189.6610680400362,187.36173709510123,189.33935546875,714700
2023-09-27,188.998727554729,189.96386533585508,182.50763237737613,185.51661682128906,1185600
2023-09-28,185.5450221651457,188.87573399620592,185.4409369692304,187.78758239746094,1139100
2023-09-29,191.61976927371995,191.96988188443913,188.42154276899763,189.40560913085938,918500
2023-10-02,188.15660381974362,190.06796545363684,186.23577070761442,187.57940673828125,1030500
2023-10-03,186.64264673011084,186.64264673011084,179.43242591012404,179.7635955810547,975000
2023-10-04,180.5394744873047,182.78201990738228,177.133063587492,180.5394744873047,884200
2023-10-05,179.89604464887205,181.28699463848523,177.24662984792107,180.99366760253906,898600
2023-10-06,178.4578064647951,182.3846292836788,175.26902258357782,181.6087188720703,734900
2023-10-09,180.9084958818758,184.46629148870556,180.55839776335864,184.34329223632812,960600
2023-10-10,184.797484236688,185.45983791301762,182.78202321464545,184.5230712890625,605500
2023-10-11,185.54496616786878,191.45886315499976,184.62712820040804,190.7586669921875,1080100
2023-10-12,189.10279687144768,190.61674600562876,186.7466948519226,189.17848205566406,867400
2023-10-13,190.07743471231737,192.56599339861378,189.3488383698776,190.73033142089844,744900
2023-10-16,191.93204418616688,193.65417854072095,188.44047583467037,191.9888153076172,766800
2023-10-17,189.1217063414116,191.44942275059603,187.83484166768085,189.63267517089844,812700
2023-10-18,188.8662790321949,189.7368032084067,184.2487022000692,184.2865447998047,521300
2023-10-19,181.96823550838633,183.34025666960434,177.99409977173863,179.25257873535156,1805300
2023-10-20,180.23667957393147,183.20782130297647,178.93090073489665,181.5614013671875,1147500
2023-10-23,179.6973550337618,186.28306421925774,178.8457449995871,182.8104248046875,1105200
2023-10-24,184.51361874783936,187.52260313860873,183.7377083950633,186.4817657470703,1085200
2023-10-25,185.5923093095905,187.3806714611664,184.27705899111115,185.18544006347656,1069400
2023-10-26,186.8507691620112,196.59687480182944,186.80345509595742,195.224853515625,1401500
2023-10-27,194.54356892738923,194.54356892738923,191.0330731811152,193.0390625,850200
2023-10-30,194.71391129042723,196.00077609638407,190.32343391214405,193.8907012939453,939400
2023-10-31,194.95047233693782,198.42311166495145,193.79607824075333,197.41065979003906,784600
2023-11-01,197.82696124127563,198.47038631423464,194.81796289440314,196.49278259277344,792300
2023-11-02,200.2871574429777,208.3963010206295,196.51171989717182,205.70901489257812,1467300
2023-11-03,211.2633477750023,222.03136255356662,210.93216373883342,214.87791442871094,1538800
2023-11-06,212.82464494048656,213.72355461881727,208.53825249146774,208.96405029296875,1028800
2023-11-07,209.2762920299026,210.30767238803634,206.58902021232882,207.87588500976562,640600
2023-11-08,208.39628410315626,209.18165139827278,206.94856319716612,208.19757080078125,472100
2023-11-09,208.74640357501488,211.47153235386583,206.06858886711876,206.65524291992188,782600
2023-11-10,207.57308667908026,208.38683963167165,204.10044746227396,207.21353149414062,620600
2023-11-13,205.34944356239572,208.14080021112088,203.88279413869154,207.1472625732422,450000
2023-11-14,215.17127609232952,223.16687837194235,214.47107975415892,221.08517456054688,1063800
2023-11-15,218.17914198494594,223.95318895564597,218.17914198494594,222.0823211669922,951500
2023-11-16,222.90854230689865,225.43469063583584,221.27509410104034,224.1336212158203,688200
2023-11-17,226.1564401889257,226.1564401889257,221.66446488620147,221.94937133789062,615000
2023-11-20,220.50585384327178,224.13361818801206,218.1221515274765,223.3358917236328,523000
2023-11-21,222.9560326812178,224.77941372101387,221.27509762463063,221.80691528320312,564100
2023-11-22,224.63694978714219,224.63694978714219,221.3890510015015,221.4745330810547,400300
2023-11-24,220.56283471295706,223.83922268563884,218.7679429024657,223.25991821289062,184900
2023-11-27,225.02631937761967,227.66642446829877,223.9721756550144,225.52964782714844,906800
2023-11-28,225.79555687938694,230.56294704773012,224.86487599887093,229.983642578125,983500
2023-11-29,231.45565535279474,234.79852787719335,231.45565535279474,232.86117553710938,931200
2023-11-30,230.6769161693391,236.59342402499482,230.6769161693391,234.53262329101562,1178200
2023-12-01,234.19074290724757,238.5592556673034,232.39585097618163,237.96096801757812,801700
2023-12-04,235.62469943341998,237.41959096145087,233.4499423562275,236.37493896484375,590100
2023-12-05,236.60288000722022,238.54021760004704,235.2828275884806,237.78997802734375,716000
2023-12-06,240.15469297926956,243.4975507163236,238.48324961979927,238.8346405029297,1044700
2023-12-07,237.93244583757854,241.30380742243716,237.5810694284643,238.48326110839844,727800
2023-12-08,236.58390062817398,238.44527684330265,228.02730265592794,231.89248657226562,1105800
2023-12-11,232.86116117314276,233.5734200355143,229.36635131075943,230.16407775878906,710400
2023-12-12,230.49645498197918,230.69587933463507,226.51730009592396,227.51446533203125,713400
2023-12-13,227.63792736632732,239.0815558785645,226.35587012073032,235.57723999023438,1101100
2023-12-14,241.79765421370607,245.73882885847658,236.60291142849928,238.20787048339844,1303000
2023-12-15,238.66369674306023,238.7491643285243,233.68739077679285,235.98561096191406,1385300
2023-12-18,236.1850376456389,237.73301822197064,233.98179108337564,234.12423706054688,673800
2023-12-19,235.9096404366526,237.41013421048777,234.0197749987137,236.26101684570312,478000
2023-12-20,237.78998891701244,239.42343702678207,233.82983147943682,233.9058074951172,664700
2023-12-21,236.06161568505553,239.2715194873473,235.45380747199468,239.13856506347656,776700
2023-12-22,240.16417050997205,241.75963776067414,236.650363320646,238.7776336669922,500800
2023-12-26,238.22687156530574,240.85747073190495,237.41963899634027,239.87930297851562,273600
2023-12-27,240.42063548495634,243.76349369053835,239.28102407437405,241.4178009033203,505200
2023-12-28,241.56972155630618,243.3931170747457,240.00275778780156,241.4557647705078,339000
2023-12-29,239.7653412217374,241.4557678570956,239.07207994769476,240.9239501953125,568300
2024-01-02,239.21449920370043,243.02270449206713,239.08154480310998,242.1490020751953,599100
2024-01-03,238.57821923183675,241.39876536235457,235.56774031120838,235.8146514892578,530100
2024-01-04,236.04261969655943,238.9296362739413,234.78903698482492,237.315185546875,698100
2024-01-05,234.00077214879042,237.7709968812896,232.98462370842634,234.18121337890625,889600
2024-01-08,234.0482757737866,236.89731142408453,231.81653987562,235.9191436767578,679100
2024-01-09,234.6940504598206,235.34933093811617,231.6170869277585,233.2220458984375,582000
2024-01-10,233.3645343206489,234.60861105339492,230.17361342623275,230.64845275878906,635100
2024-01-11,229.60376209406758,229.67023205003977,226.21340308402156,227.3055419921875,699600
2024-01-12,230.8763244885643,231.10425252928525,227.78037801288838,227.82785034179688,626900
2024-01-16,226.42236119050492,229.4043512978832,225.46319105887366,226.03298950195312,799500
2024-01-17,222.31974069531284,227.18208993553912,219.5751704340368,221.1896209716797,796900
2024-01-18,221.43654221780182,223.41187530907595,219.18580872745446,220.88572692871094,1001400
2024-01-19,220.6388260858547,221.75943985386732,216.4887353310743,219.2617950439453,1094500
2024-01-22,220.60081184336704,224.703429908873,219.63215020924247,222.02532958984375,774000
2024-01-23,223.05098779853742,224.02915550803488,219.43271498114186,221.48402404785156,655600
2024-01-24,223.63025512577215,225.9664702566309,215.57698672751204,215.8428955078125,1112300
2024-01-25,218.56849550644296,222.82306551340324,218.56849550644296,220.8477325439453,1097500
2024-01-26,221.27508306937926,221.9493611577517,216.01387073207093,216.44122314453125,1003600
2024-01-29,215.7954454589238,216.98254360571556,213.71564718719364,216.11834716796875,771200
2024-01-30,215.76694884997875,215.76694884997875,211.17050846133898,211.87327575683594,1199400
2024-01-31,213.22182303244261,217.16298305089734,211.3224660132463,212.59503173828125,691200
2024-02-01,212.27212899187313,219.44220411292673,211.96822493538383,219.29974365234375,991000
2024-02-02,215.5675333310121,215.64350935182833,208.81531844725313,213.4022674560547,1222900
2024-02-05,210.21134943649926,211.1420303429712,205.86182000898526,206.65005493164062,773800
2024-02-06,206.08025515542536,208.69187129218764,205.87132470520874,207.59974670410156,1232900
2024-02-07,208.98624455093616,209.4800814193253,205.67187592104798,206.08023071289062,1305200
2024-02-08,203.1457079500841,206.4885654505141,203.06024037278192,205.32046508789062,1317600
2024-02-09,206.08026165262407,207.2008754746203,203.23122577724217,206.5076141357422,1035300
2024-02-12,206.3936241069047,207.8656286370374,204.09540394304085,204.79815673828125,1011700
2024-02-13,199.69840957308273,200.0497860086975,196.34604536292127,198.37835693359375,1656600
2024-02-14,200.0687781309297,201.3318523397101,197.9035121990046,198.54930114746094,809400
2024-02-15,200.30617944338704,202.09157958884623,198.17889447200895,201.3033447265625,610000
2024-02-16,198.32135503041766,199.08110069848232,195.58627642176222,196.3935089111328,849900
2024-02-20,196.2320875016748,197.8560297409944,195.24441367422008,196.62144470214844,1271000
2024-02-21,196.73540179672685,198.22638950839814,195.13044281106374,197.03929138183594,916400
2024-02-22,197.03927758301188,200.7430321730753,195.9566447470426,200.57208251953125,1330400
2024-02-23,200.71456252376882,204.60823579079346,200.06877358996996,202.24354553222656,1046000
2024-02-26,201.2273517017268,202.54740407254027,196.716379389034,197.3241729736328,1477400
2024-02-27,193.19309125012848,196.57395889915998,187.00119783313525,189.88821411132812,3033400
2024-02-28,189.00504851218633,196.1181323088574,189.00504851218633,194.83607482910156,2199500
2024-02-29,196.86833008403022,200.76200272792113,196.1370736776369,198.70120239257812,1769100
2024-03-01,198.16943047646515,199.41350711608777,195.3868791516231,197.8085479736328,1373000
2024-03-04,197.64708936919808,202.45246037215327,195.54830795042554,201.37933349609375,1014300
2024-03-05,202.3290346050366,209.85048760030867,202.3290346050366,205.6054229736328,1555000
2024-03-06,206.00427098642857,206.49810789387087,203.79151820819172,206.0517578125,1410900
2024-03-07,209.96440620158864,209.96440620158864,205.70035921155343,207.1533660888672,933900
2024-03-08,208.80582919775182,212.87995850771253,208.0555894795779,212.44309997558594,1186200
2024-03-11,210.13537138271974,214.00055544599059,210.13537138271974,212.49057006835938,951800
2024-03-12,211.29398326283393,213.8486063591897,206.80199334192514,209.28065490722656,1085600
2024-03-13,210.539824177903,211.7131424522818,208.2694884689312,209.6717529296875,836900
2024-03-14,206.79091049963446,207.09617208425658,202.59366560079496,206.17086791992188,1057200
2024-03-15,204.9784681271847,206.86722688512808,203.75745089420377,205.55081176757812,1200700
2024-03-18,204.53012291131245,205.92283886045809,203.29955716464463,203.43310546875,816000
2024-03-19,204.18672859126949,205.9419391845763,202.53644985711009,205.1692657470703,467900
2024-03-20,203.2614048168012,205.80837109244638,201.5825097874452,205.77975463867188,956500
2024-03-21,206.8481273334014,209.01353104455853,204.82582043729323,205.11199951171875,656200
2024-03-22,205.4458771411339,206.24718151593635,203.84329750287577,205.54127502441406,879500
2024-03-25,206.1231943620925,208.74647638584472,205.49360318302988,208.3172149658203,885500
2024-03-26,208.41258629628012,208.41258629628012,204.1581082104634,204.33935546875,893700
2024-03-27,206.30441190506565,208.61289800666404,205.56988896866108,208.031005859375,772600
2024-03-28,209.80530772051333,209.80530772051333,206.0850084941234,206.714599609375,888800
2024-04-01,206.41889890756082,206.52383076638966,202.11672180692742,204.06271362304688,1045600
2024-04-02,202.23116847215272,204.87353262636324,199.41710559558527,203.13739013671875,933200
2024-04-03,202.5268750314185,205.19785555363552,200.13253962724042,204.74951171875,1232800
2024-04-04,206.8863005889737,208.64151096739997,202.9752203784818,203.9386749267578,1240700
2024-04-05,202.23116737176002,205.0356962670497,201.23909635141365,203.566650390625,630400
2024-04-08,202.90847655057246,203.86239724140069,199.6079045558099,203.19464111328125,651200
2024-04-09,205.13108419124555,208.53658779918723,204.5491920294827,208.5270538330078,753800
2024-04-10,200.07532615391563,201.5252750892449,194.38995256792433,194.96231079101562,1115400
2024-04-11,196.39320817683355,197.6428420273014,193.84624152738203,195.59190368652344,786800
2024-04-12,194.695222535029,194.97185313615037,191.38511651024538,192.5393524169922,872500
2024-04-15,192.7682786494963,193.42648619942017,188.72365002234017,190.65057373046875,917900
2024-04-16,189.86836224584914,189.86836224584914,185.73789858651446,186.07176208496094,817000
2024-04-17,188.05591947484535,188.9144422518014,186.19577708765772,187.17831420898438,761700
2024-04-18,188.03681589796602,188.77133880385037,185.0033555076222,186.9207305908203,627300
2024-04-19,187.3309421370942,187.71250457529771,185.9191290932584,187.0256805419922,698300
2024-04-22,187.121074021453,188.49472205570567,186.06222154135605,187.73158264160156,1068400
2024-04-23,187.02567291558876,190.94628721430493,186.59641155119542,189.16246032714844,773100
2024-04-24,187.0638513024171,190.75551967880918,186.195779989642,189.83021545410156,808800
2024-04-25,187.9700386123695,189.65848198352313,186.31976021263085,188.80947875976562,789800
2024-04-26,188.30392105124807,190.5837907082699,186.8158072407298,187.18783569335938,644200
2024-04-29,189.40094470999097,192.59657009910583,188.90490190493665,192.5870361328125,780500
2024-04-30,183.26720914232195,189.29599393050657,177.3242882648868,177.54368591308594,2540000
2024-05-01,180.00481164358177,185.566170405917,175.17797580795917,180.40545654296875,1685800
2024-05-02,181.626463797416,185.31814616075724,178.89825048875898,184.9365692138672,1094200
2024-05-03,187.41679186545105,191.46142067434505,183.92543878199587,184.19253540039062,1072800
2024-05-06,184.92705948405367,185.1655396487367,181.15907579319625,183.715576171875,881400
2024-05-07,185.2990837097168,188.590106995743,184.73627402733212,186.96844482421875,962900
2024-05-08,186.22437625275163,188.6091776958453,185.87143029698908,188.13221740722656,769700
2024-05-09,188.83810878245427,191.9574183406406,187.40722803095426,189.33413696289062,827500
2024-05-10,189.534493170428,189.534493170428,186.84442999480186,188.4088592529297,714200
2024-05-13,190.5838023489305,190.78413209212385,187.28324501491429,188.9049072265625,719000
2024-05-14,190.97490207589115,191.03213498324328,188.6568819940905,189.92559814453125,1017800
2024-05-15,195.00042853216777,198.63486333936444,192.33899671888634,193.0353546142578,1247800
2024-05-16,192.7492228898311,196.77476958740934,191.68083631610713,193.5218963623047,825600
2024-05-17,193.4074111694823,193.54095947782858,189.21016614516384,190.1927032470703,853300
2024-05-20,190.43117934845228,190.97490653667109,187.15922403022142,189.26739501953125,858900
2024-05-21,189.26741302674782,190.41211497645682,187.89376486482698,189.229248046875,599100
2024-05-22,188.7403495309839,189.2580177504141,184.5989452637767,185.75892639160156,1016000
2024-05-23,185.05909345272624,185.51925922700477,180.78349251929546,180.98480224609375,730900
2024-05-24,180.79303371525688,181.8571430618189,179.95900720479457,180.31370544433594,500600
2024-05-28,181.1189950371283,184.07165929362066,178.53062499093804,179.5467987060547,790300
2024-05-29,178.32930625389605,179.7672911653954,177.77328366609694,178.67442321777344,781200
2024-05-30,180.2466289124432,185.50006330186142,179.73854205399627,185.21246337890625,1065300
2024-05-31,186.8134177783715,189.76608203269632,185.9314554106547,188.548583984375,1592600
2024-06-03,188.94161781943225,192.11476869121418,188.2322213272141,188.62525939941406,681600
2024-06-04,188.62525581187055,191.96139110791754,187.8104065284776,190.41795349121094,741900
2024-06-05,190.58094617124686,190.64804453064977,188.0692557850948,188.74990844726562,504300
2024-06-06,187.73374364602128,189.1429701677312,186.65045689217808,187.29275512695312,438200
2024-06-07,183.21843778954286,185.70136940697765,181.0710564485462,185.39459228515625,786000
2024-06-10,184.70435580745644,186.28614789235567,183.1705141036022,185.17410278320312,988200
2024-06-11,185.0015572713199,187.6953801326408,184.29216070817444,184.39761352539062,903000
2024-06-12,191.65465710237478,194.4731103084002,187.10103750666548,188.1747283935547,1198700
2024-06-13,188.4719215693096,190.09203917789023,187.12979335202928,188.86495971679688,952700
2024-06-14,187.68580211239774,189.9194739139684,186.89011531912183,187.85836791992188,596300
2024-06-17,186.93806331579333,186.93806331579333,182.46113811891672,183.28558349609375,619500
2024-06-18,183.29516479738456,185.48090098284163,182.62410800850577,183.28558349609375,530600
2024-06-20,182.30775114999955,183.46773224589018,181.4929016948162,182.8925323486328,540900
2024-06-21,183.3718379626348,187.11059294697873,182.7007812510781,186.58334350585938,1192900
2024-06-24,186.83258986153535,191.280756035474,186.52582734674957,189.01832580566406,721400
2024-06-25,188.20348179308954,188.28975738145414,183.54440985818405,184.70437622070312,552300
2024-06-26,183.38144879350432,185.78768667034743,182.58577653963184,185.56719970703125,746700
2024-06-27,185.21245648986766,188.8074188232422,184.30173562433393,188.8074188232422,879800
2024-06-28,189.44014883478374,190.57135670601252,186.9955713530667,188.18431091308594,1463500
2024-07-01,186.77507203197433,187.71455142879154,181.63667193608998,181.93385314941406,956900
2024-07-02,183.38139791079925,183.38139791079925,179.32628495717745,181.1860809326172,1232300
2024-07-03,182.10641493738737,185.48087565144874,181.3970037843489,184.234619140625,474500
2024-07-05,184.3592526511399,184.36884857924176,181.25321455749182,182.94044494628906,666400
2024-07-08,183.66902902892056,186.60251611676716,183.01714951070576,185.94105529785156,655000
2024-07-09,185.02073628320463,188.1076119137088,184.15795113616872,187.44613647460938,714100
2024-07-10,189.04707266213248,189.05666858971225,183.8607371081739,187.12017822265625,572400
2024-07-11,191.49168050265445,201.2220403941662,191.0219334421212,201.18370056152344,1495400
2024-07-12,202.1327629536679,206.5617520494097,201.60549886418917,204.03089904785156,1345200
2024-07-15,201.3274745132881,203.3119007677986,199.4389197733881,201.567138671875,888700
2024-07-16,203.90625632916226,204.7019430642114,201.2220149178514,204.25137329101562,776800
2024-07-17,204.1075807701664,205.90984523605505,202.44909431555328,205.36341857910156,651700
2024-07-18,201.7588877651697,206.26457115643873,201.41377078131416,202.51622009277344,802700
2024-07-19,202.89009061425537,203.30232057580056,199.54437367608503,200.35923767089844,768500
2024-07-22,201.2124616434985,202.29574843563276,199.05548398846784,200.18670654296875,477800
2024-07-23,200.01410804159218,201.28912304691377,198.34604032820653,198.75827026367188,533700
2024-07-24,200.02370731373907,200.6660201519168,196.1124009928785,196.9560089111328,678100
2024-07-25,198.46111120273034,203.76248150530546,198.2597868624059,202.3436737060547,1341400
2024-07-26,205.60307755549906,206.77263975147213,202.5353794299708,205.83316040039062,911900
2024-07-29,205.96737914340602,209.1309342637886,204.19385855827355,208.81459045410156,1996100
2024-07-30,202.89010164050634,211.84395163002432,202.89010164050634,208.9296417236328,1939800
2024-07-31,210.37721012538236,213.62705575690995,208.87212671122316,210.46348571777344,1191500
2024-08-01,210.48265149312235,217.96017628016963,210.27174586012805,217.76844787597656,1170800
2024-08-02,222.56173631085915,227.43171395622218,218.84214374542233,220.23219299316406,1866500
2024-08-05,219.63783570379573,220.82657527017793,211.14413681152658,211.9685821533203,1930100
2024-08-06,210.1758917260443,213.7037412188311,209.47606183105688,211.21124267578125,1049800
2024-08-07,210.38678741162497,211.73848212313098,205.75647420037666,206.0919952392578,1018300
2024-08-08,204.78820838181866,208.3831704592709,203.95418186078996,207.9230194091797,454200
2024-08-09,208.01889503598275,208.01889503598275,204.03088018169998,204.10757446289062,735400
2024-08-12,205.0183251561874,207.4245482389242,203.79124573420825,207.24240112304688,811800
2024-08-13,208.40237551262018,210.2909303463751,207.395783070943,209.5240020751953,470700
2024-08-14,208.56532185435154,210.49223092955992,207.46287264566274,208.8625030517578,465200
2024-08-15,207.6450601798392,207.82719267686733,205.0662711535694,205.89071655273438,977400
2024-08-16,207.45328962974818,209.4856516396839,206.93562148397265,209.15011596679688,656400
2024-08-19,208.92002283286385,210.27173213026452,208.41193601235528,209.28431701660156,333300
2024-08-20,209.39939987338576,210.6744151853477,208.94884463063664,210.41558837890625,310500
2024-08-21,210.50182111926367,210.50182111926367,208.4215380216257,210.2333984375,372500
2024-08-22,210.07932657481786,211.40820118991044,209.45339384968457,210.2815399169922,510500
2024-08-23,210.917107256443,219.58374641951372,210.917107256443,218.8615264892578,991700
2024-08-26,219.61262067678635,221.38446327139147,218.3222580063849,219.11187744140625,509600
2024-08-27,217.20523073202367,220.41188893330516,217.18596741998903,220.04595947265625,408400
2024-08-28,220.34450382822249,220.8548714285882,218.12005399083634,219.23709106445312,592700
2024-08-29,218.678556656474,219.19856322254913,214.78820518806828,218.14892578125,793200
2024-08-30,218.5533714811831,220.52742739585986,216.36744853287928,218.2644805908203,1081900
2024-09-03,217.46522157613626,224.99555985468132,217.46522157613626,222.26075744628906,709200
2024-09-04,223.175569347451,226.69038161297996,221.69261764495684,224.5814971923828,737100
2024-09-05,226.5555848152041,228.2118770554507,223.8978060283142,224.7259521484375,960300
2024-09-06,225.47703178447134,229.97406699065067,224.8896257174458,229.675537109375,1312800
2024-09-09,228.6836938201769,232.8725749124335,227.27778071212623,230.9466552734375,1052900
2024-09-10,231.53407872960565,234.72147362040803,231.01407215962956,233.54666137695312,847300
2024-09-11,230.84074713242006,233.3636973545754,228.03853031238532,232.88221740722656,751500
2024-09-12,232.95923099293714,233.2577461773216,229.01110466400684,230.96591186523438,763400
2024-09-13,232.56444619686846,234.46147842460516,230.14742207481726,233.95111083984375,450300
2024-09-16,235.8770117705808,238.2844113899858,235.44368277780814,236.01182556152344,1059600
2024-09-17,235.27998954125357,237.523687827724,234.53850631850716,235.9251708984375,651300
2024-09-18,236.8881500440572,237.764447133693,230.88891361040228,231.0237274169922,609000
2024-09-19,230.80222831074508,231.90001673367027,223.58002885635773,229.46371459960938,776200
2024-09-20,227.81703753367702,230.72518032413322,226.75777584700728,230.59999084472656,1177100
2024-09-23,231.60149474322736,233.61409222722895,229.41558621291819,231.62075805664062,639300
2024-09-24,230.79259382569256,233.53703537480027,229.60815728160264,233.01702880859375,660300
2024-09-25,233.28662926591096,234.75995654278853,229.54071633750988,230.4651641845703,484300
2024-09-26,230.763689492073,230.763689492073,225.75630139250634,227.50888061523438,790800
2024-09-27,229.69482455531633,230.39778117050653,227.88445523518604,229.80075073242188,709300
2024-09-30,230.42666213603695,231.93851619345367,229.19407467092344,231.78443908691406,828500
2024-10-01,232.2370356721794,234.51924591703576,229.34815599267432,233.652587890625,816800
2024-10-02,230.93705779645856,234.11481381513028,229.93557123940607,233.00741577148438,739100
2024-10-03,232.0155749998185,232.63186878617276,228.81854088125388,231.0237274169922,880600
2024-10-04,225.52519420610918,228.26963565939408,221.82743190406728,226.65185546875,1139100
2024-10-07,224.79335438479347,229.18444904064643,224.08075879135708,228.9051971435547,901600
2024-10-08,229.13631274978584,230.98519405493738,227.5859466724074,229.781494140625,627500
2024-10-09,228.78963923241164,229.85852530970644,225.22669053929636,226.7481689453125,627300
2024-10-10,225.9874143556048,228.56815443779314,222.59780620584314,224.59112548828125,656500
2024-10-11,225.57335917371083,226.36299335373675,223.1948470178211,224.8607635498047,533700
2024-10-14,224.94743069122637,231.38961985546854,224.56223792846654,230.93704223632812,546200
2024-10-15,233.0362964676677,240.47034809245503,232.3814907867206,240.07553100585938,3295400
2024-10-16,240.9999732733587,243.28218348692616,238.83331354343468,239.53627014160156,893800
2024-10-17,237.66813213735023,239.0162848224133,235.08740664123863,238.04368591308594,677500
2024-10-18,238.52514180304334,239.6710663269815,236.56071025743555,238.3036651611328,512100
2024-10-21,237.87997808504315,239.41108076844898,232.43926063810216,234.45184326171875,569300
2024-10-22,231.30295754812013,235.61701364615584,231.30295754812013,232.51629638671875,754700
2024-10-23,232.74738569760535,235.36663758509508,232.3140567170605,234.66368103027344,496000
2024-10-24,233.85483413344113,237.196306398278,233.85483413344113,236.95556640625,787500
2024-10-25,237.87999127053067,237.88961558017172,232.6992621247468,232.83407592773438,599100
2024-10-28,234.46145308804952,236.08885753641277,230.45555140007937,231.05258178710938,1324200
2024-10-29,232.0733335756304,232.6511153872843,222.6844746446661,223.16595458984375,1363500
2024-10-30,223.9266800376442,228.0866736980048,221.6733574850829,223.2911376953125,821900
2024-10-31,220.7585456067362,224.57187307782115,220.0748376480695,220.97039794921875,803500
2024-11-01,220.20003379145817,222.80002252631837,216.8682008381756,217.23411560058594,720200
2024-11-04,219.9688929362734,221.56740967896152,217.60002013341753,220.2963104248047,785400
2024-11-05,218.87114564621908,220.78744110575025,216.85856301441507,219.90151977539062,682200
2024-11-06,208.55785499565408,213.09338785470916,204.52305070062087,210.64747619628906,2237300
2024-11-07,211.85117178588087,214.12375767096435,209.68451207443434,213.37265014648438,1860200
2024-11-08,214.990419509352,216.5022735878766,213.7963586510032,215.6259765625,1332300
2024-11-11,214.39338262926518,216.01116283463685,211.38895256820527,212.0341339111328,1077500
2024-11-12,211.51413965888398,211.96673199486418,207.47934995371926,211.46600341796875,1153600
2024-11-13,215.78002908254743,215.78002908254743,209.7230038430706,210.4163360595703,735500
2024-11-14,208.53978417770054,213.279553504047,208.07548524394883,211.3256072998047,1275600
2024-11-15,211.74155431332716,214.70149898321026,210.41636060111477,213.8599395751953,888400
2024-11-18,211.02575483958256,214.5467192965042,211.02575483958256,214.36293029785156,857400
2024-11-19,214.5176962184883,215.6881186128015,212.0027153430993,212.29290771484375,615300
2024-11-20,211.12248776516847,212.81525951852558,210.74524207909798,211.78025817871094,566100
2024-11-21,210.7355611094369,212.73786046764081,210.14550868797636,212.25421142578125,688600
2024-11-22,213.61810681577026,215.13677190292847,212.89263324771832,213.44400024414062,579300
2024-11-25,216.38458830418284,220.36018420106893,214.61443095858266,218.59002685546875,1012700
2024-11-26,218.63839962617638,220.26346819299252,217.40992684314372,219.18008422851562,644400
2024-11-27,221.02759429636052,222.1689988583529,220.35048864434842,221.03726196289062,396100
2024-11-29,221.2694261245306,221.39517959256693,218.61902418769793,218.85118103027344,351600
2024-12-02,218.65774231454273,218.67709240962748,214.90462089719452,215.64944458007812,644300
2024-12-03,215.64945158691864,217.87424028041553,215.22383804001333,215.79454040527344,644100
2024-12-04,215.22384763351596,216.1427779635869,211.13218041574387,213.589111328125,872400
2024-12-05,212.58311607040105,214.72083669139636,211.32562553815768,214.33392333984375,622600
2024-12-06,215.52368400060092,215.63008738036422,209.02343968731063,213.17315673828125,1072300
2024-12-09,213.17316061682732,217.70010865319927,213.17316061682732,215.95896911621094,866900
2024-12-10,215.09804772251124,215.09804772251124,209.3232775841321,210.271240234375,933100
2024-12-11,210.79359783428782,211.1031403075449,207.4951078076549,209.1395263671875,899300
2024-12-12,209.04279199388478,211.10314166028704,208.0851615658814,208.98475646972656,730800
2024-12-13,207.97876755169128,208.96541578620923,206.11188922813494,207.27264404296875,609600
2024-12-16,205.34771088053887,207.40806059405733,204.7383231031445,205.33804321289062,813600
2024-12-17,205.4154295935095,206.7503057238039,201.04323795325948,202.1556396484375,779300
2024-12-18,200.13397223076564,202.17497182485104,194.32051592713742,194.48495483398438,1356900
2024-12-19,193.498311718397,194.82352019512876,190.71250313652044,191.75718688964844,1819600
2024-12-20,193.45961117035966,197.88983803733655,193.2371367502569,196.91287231445312,2458100
2024-12-23,195.9842819951013,196.77745881609138,194.04001799505366,196.6323699951172,1109000
2024-12-24,195.58766992599462,196.6033358676764,194.34952955740263,195.93589782714844,438300
2024-12-26,195.63603997698016,197.43521502649287,194.36888183239282,197.3288116455078,591600
2024-12-27,195.28781922598446,198.79911616732508,195.28781922598446,196.5549774169922,653500
2024-12-30,196.69038635977086,196.9322108776991,194.32050903603346,196.67105102539062,658800
2024-12-31,198.65399572175076,199.1183094126091,195.02662803577755,197.13534545898438,696400
2025-01-02,198.35415525655043,198.58631212488302,193.53701462708668,193.84654235839844,513700
2025-01-03,194.8235142183997,196.33249689558207,192.79218230077873,195.2007598876953,525900
2025-01-06,194.3301693746484,196.1486944040238,192.00865999400477,192.42459106445312,811200
2025-01-07,192.01832488155972,193.64339323232636,189.2131665239008,189.4840087890625,761100
2025-01-08,189.24218241498053,193.41123448376047,187.08511198167372,193.17909240722656,1131100
2025-01-10,188.7005137828812,189.4840228767651,186.25325078799543,186.4563751220703,1108900
2025-01-13,186.76590189451534,188.87460447559351,186.31127064817346,188.5844268798828,846100
2025-01-14,188.32327641628294,190.92531076309479,187.86864511168318,188.64248657226562,853500
2025-01-15,193.8465303013749,194.3301793438033,190.41263390797138,190.7801971435547,1021000
2025-01-16,191.4089483467726,198.2961059371623,191.4089483467726,197.50291442871094,1188300
2025-01-17,198.80877920199364,198.80877920199364,196.6903939812897,196.95156860351562,697700
2025-01-21,198.12199607337627,200.6272945107177,196.67104898089013,197.67703247070312,670900
2025-01-22,195.88753740070067,197.03862452761294,191.68946709297194,191.9119415283203,996500
2025-01-23,191.87326420027318,192.24084222534339,188.70052740646335,192.19247436523438,576700
2025-01-24,191.89259498298415,192.59871843815145,189.8128952859995,190.39328002929688,673500
2025-01-27,198.68303850991379,201.63330088476638,196.7194244026739,201.13998413085938,1022700
2025-01-28,200.56925757482318,200.56925757482318,194.46559445055848,195.0749969482422,815100
2025-01-29,195.39420637430695,195.87785539998592,190.32555927166436,191.6217498779297,738000
2025-01-30,194.28183285772653,195.53930860298723,191.00269282888314,192.62774658203125,709100
2025-01-31,191.6217602522415,194.96860342565026,190.65446214851448,191.0994110107422,769300
2025-02-03,190.51904604793623,192.7244846020339,189.58076568169838,191.26385498046875,812800
2025-02-04,190.48999521485294,191.8345536547924,188.82625617133385,191.08004760742188,676200
2025-02-05,193.30484130625126,197.12566570192985,191.02201728790348,196.8258056640625,822500
2025-02-06,197.64800889070327,198.43151793601106,196.94188545922543,198.2960968017578,620400
2025-02-07,197.6867155855396,200.0275753064957,197.0192775092731,199.0893096923828,779000
2025-02-10,200.22103330372755,200.72401767428164,197.04829680729088,199.56326293945312,556300
2025-02-11,199.65999047495328,202.54253447969944,198.87648143002198,202.39744567871094,526300
2025-02-12,198.87649155686904,202.10726360829614,197.45456219558992,201.80740356445312,588600
2025-02-13,202.82305429827204,202.82305429827204,200.6853338072898,201.31407165527344,441000
2025-02-14,203.0358661897262,204.21597105776226,198.58630376580126,198.6540069580078,486800
2025-02-18,197.69639797999247,199.901836551756,196.91288885052361,199.65032958984375,537500
2025-02-19,199.4665422689622,201.73001621903452,198.00591273142712,200.97552490234375,696800
2025-02-20,200.695007958483,203.42279571649067,199.5439208447052,203.16162109375,485400
2025-02-21,202.93914908158567,207.97876403504708,202.66830678803063,206.0345001220703,1132700
2025-02-24,206.13125246183822,208.54949796345622,203.9064636483898,205.87974548339844,1171700
2025-02-25,213.28923961910465,218.00965925988737,210.23257395794866,212.0027313232422,1779000
2025-02-26,210.783929050374,213.02805293041044,207.6885781331872,208.4430694580078,761700
2025-02-27,206.1602293769886,211.21919383120974,206.06349367217211,211.06442260742188,666300
2025-02-28,212.76689266346116,213.06675270738745,209.16854261675064,210.7742462158203,1094000
2025-03-03,209.7682594661461,215.1561020259402,209.7682594661461,214.2661895751953,629600
2025-03-04,215.86225285544518,220.50528680177138,211.5094112982265,212.17684936523438,958000
2025-03-05,208.6075085953798,214.0340514437124,208.6075085953798,213.17315673828125,792200
2025-03-06,213.57942371930068,213.57942371930068,207.7079171596985,211.5867919921875,826800
2025-03-07,212.7959042020353,218.58034243191446,212.7959042020353,216.41358947753906,1520800
2025-03-10,217.3228663315851,220.14737506408164,215.70748024620852,217.55502319335938,1453500
2025-03-11,217.07136236238074,219.09301177637658,212.81524201945587,213.2118377685547,1536400
2025-03-12,211.40301002176668,212.50572930353025,206.71160817051927,209.40069580078125,755400
2025-03-13,210.3729592822878,210.9660527631753,206.13380296869883,208.61312866210938,939300
2025-03-14,209.41042788993568,213.4259487123923,208.52564633202172,212.18142700195312,1282800
2025-03-17,213.143990878863,217.4511996792568,212.84258536643966,214.7774200439453,927000
2025-03-18,214.26211042639832,217.5678832322223,212.88146963490559,216.96505737304688,750900
2025-03-19,215.05937158014223,216.99420608681788,211.69526442640924,213.6981658935547,794500
2025-03-20,213.9606927467218,215.46773505515102,212.4050481346884,214.84547424316406,632800
2025-03-21,215.27329667014726,216.97479282181925,213.0175917935707,215.49691772460938,1208600
2025-03-24,214.5440616211756,216.10943851062004,211.58831173553097,212.628662109375,747300
2025-03-25,211.22858723234285,211.22858723234285,207.54363934994976,208.3700714111328,809400
2025-03-26,209.31317849678112,210.37296388942056,207.49501320520076,208.74925231933594,394500
2025-03-27,209.20623614129047,211.64666235302548,208.564525479189,210.38270568847656,558100
2025-03-28,212.21058152152602,212.21058152152602,209.63403630043726,210.82994079589844,533800
2025-03-31,212.68700703779675,216.61502569142135,211.82167535116912,213.91207885742188,1209500
2025-04-01,213.76623836734893,216.13861234196267,211.5688831271232,214.3107147216797,670900
2025-04-02,213.28981795170697,214.58295673429,211.3160837140455,213.26065063476562,708000
2025-04-03,218.51098203561813,228.34076804501564,218.20956171207007,224.4710693359375,1610200
2025-04-04,225.18086144511477,227.92269316284808,213.66901368778431,213.8148651123047,2220100
2025-04-07,197.81108610180294,213.8148799290467,197.3735614696599,208.48675537109375,1982300
2025-04-08,211.1896978513497,211.1896978513497,200.68903346759978,202.78916931152344,1736700
2025-04-09,201.3210064800847,209.8187690767801,195.83732847825442,206.2602081298828,1931100
2025-04-10,207.37832786678757,212.4244812813995,200.8348644861339,206.31854248046875,1530500
2025-04-11,206.47412162227175,213.9120843537305,204.5781717922792,213.10508728027344,1118100
2025-04-14,212.35644248318442,219.21104411527352,211.70501431944706,218.5012664794922,860600
2025-04-15,219.6193753310666,221.0486330911513,217.50952216995756,218.63735961914062,747400
2025-04-16,215.73025911900567,222.40984174998644,215.73025911900567,219.4152069091797,1622500
2025-04-17,220.07637793638122,224.87944600303436,220.07637793638122,222.7112579345703,1308100
2025-04-21,223.1001701117404,223.7321484288076,216.1580667742527,219.2985382080078,982300
2025-04-22,220.39722996582944,225.49200115435204,219.2985596328852,225.005859375,1111100
2025-04-23,222.7987321658078,224.1307704942027,213.90234511033827,217.69424438476562,1823500
2025-04-24,220.4750000336267,220.4750000336267,215.72053433546904,216.6636505126953,883200
2025-04-25,215.6427449742904,217.5970442502064,213.29955307934438,215.93443298339844,856200
2025-04-28,215.44828453077056,218.10262901145586,215.0496447586118,217.09144592285156,882200
2025-04-29,227.5921265714796,232.43409431362585,223.4404718156834,231.88961791992188,1703100
2025-04-30,230.1686642971621,237.42190559301756,230.1686642971621,236.65379333496094,1201100
2025-05-01,234.57311213914713,236.05098721489185,232.60911014871155,234.06753540039062,740400
2025-05-02,235.36067492340098,235.9343186301254,231.65626231120575,235.25372314453125,758600
2025-05-05,235.97320065646548,237.91776764141514,233.73694565659966,235.24398803710938,700900
2025-05-06,235.4967678993119,238.3650009506596,234.35918327030132,236.09957885742188,739700
2025-05-07,236.2648741287994,237.4218937873665,233.62026200517963,233.64942932128906,860600
2025-05-08,233.435531321157,234.2328108760571,229.789468362239,230.06170654296875,925100
2025-05-09,228.86579392226284,234.02861651508314,227.25179988246663,233.04661560058594,670600
2025-05-12,227.9032486517102,228.90469947944663,221.65147280795992,223.30435180664062,1065200
2025-05-13,223.4307342970842,223.4307342970842,217.50953179242197,219.56105041503906,1067300
2025-05-14,218.40403383858262,218.8707257356625,214.6996363065337,216.5566864013672,1526100
2025-05-15,218.7540791246092,223.2946414785769,217.9665169946501,222.7404327392578,929800
2025-05-16,223.08071612211853,226.80456349890235,222.81819543777536,226.6198272705078,1084700
2025-05-19,227.84489780668315,229.06998443624127,225.65726006632127,228.9824676513672,544500
2025-05-20,225.5892015735857,229.54638734870937,225.5892015735857,227.3004150390625,648200
2025-05-21,227.1934801017421,228.98247815307766,225.09334421406888,225.4725341796875,594100
2025-05-22,225.74609512208002,225.74609512208002,220.19695602635764,223.01060485839844,705300
2025-05-23,224.20250392279263,225.785173986509,222.31696380704057,224.2318115234375,400800
2025-05-27,224.92544205986513,227.09429392628752,223.26461344422157,225.68746948242188,573200
2025-05-28,225.34551601334977,225.34551601334977,221.14458654498472,223.75306701660156,673700
2025-05-29,222.63934987795366,225.06220580826297,221.40838599799812,224.93521118164062,512400
2025-05-30,225.26738054946665,227.24084341503388,222.88359637848458,226.5471954345703,1256500
2025-06-02,224.69097370669263,226.49834026315995,222.58073711180808,225.73631286621094,522800
2025-06-03,224.39788661185094,225.06221208416127,221.02737846707274,224.19271850585938,627200
2025-06-04,224.60303469221202,227.11382833956048,223.00082134037405,225.43345642089844,427900
2025-06-05,225.10129409857336,225.95124429008303,223.29391264215744,224.35879516601562,674700
2025-06-06,223.09853028128768,224.48581134472738,220.32396815440828,220.4802703857422,482400
2025-06-09,220.29464745105665,221.2325204121661,217.34422499198834,219.80616760253906,610900
2025-06-10,220.87106018180103,222.40487922444063,219.44469239980955,220.94921875,546900
2025-06-11,220.61705512461876,222.86405059556841,217.92063670792308,219.5717010498047,745500
2025-06-12,221.0371421741489,222.8542878950518,219.80617826278475,222.81521606445312,643700
2025-06-13,222.70775905402672,223.70424730110648,220.86130565744295,222.58074951171875,592600
2025-06-16,222.29740481757196,226.742574458787,221.55492080803438,224.81796264648438,1147400
2025-06-17,224.09502298276922,225.3943811855454,221.97502220157295,223.2548370361328,821700
2025-06-18,222.94220294002412,223.5381489596789,220.84174552547583,223.0594482421875,595900
2025-06-20,224.515106437274,225.2478262128139,221.51584790781948,224.02662658691406,937500
2025-06-23,224.94497030232372,230.22054670483146,223.97777483540114,228.72579956054688,573900
2025-06-24,228.33501773153105,231.9497655681345,226.47880030136815,231.14866638183594,598800
2025-06-25,230.2107923728638,230.2107923728638,225.89263211401513,227.31898498535156,493900
2025-06-26,227.78792517784913,228.50110157840277,223.4599859940792,225.3845977783203,700700
2025-06-27,225.05245038492362,227.6706953801492,223.99733205771807,225.48231506347656,780100
2025-06-30,225.04267492487145,229.50737304312358,223.14737070430783,229.42921447753906,621400
2025-07-01,228.98959893816271,233.80601833591402,228.44250385440208,233.2393798828125,846700
2025-07-02,232.65317552722212,234.86109901776157,230.63087675938522,232.1158447265625,728200
2025-07-03,230.4257163719974,230.4257163719974,225.413908320378,228.54017639160156,524800
2025-07-07,228.5304062953979,230.43547468777504,226.04893527021315,228.2080078125,695000
2025-07-08,226.33226957407254,230.1912577088001,226.33226957407254,228.8430633544922,650100
2025-07-09,227.51437163218435,229.13611334714258,224.82773255252894,228.87234497070312,725200
2025-07-10,227.73908691080192,229.8102368013236,224.7007415054609,227.42645263671875,583300
2025-07-11,226.46904012450963,226.46904012450963,222.31696113453475,223.5283966064453,678900
2025-07-14,224.40764335720138,228.06147805469618,223.76284636813367,226.98681640625,461200
2025-07-15,226.4201776327355,227.0063594232029,223.8898555547548,224.73004150390625,610600
2025-07-16,225.64839322844108,228.62812342861267,224.60303914706014,228.50111389160156,1058400
2025-07-17,227.54370875913634,228.92122564375148,226.6546717705785,227.49485778808594,445900
2025-07-18,227.76839547334964,229.91770394147704,226.625354354944,228.51087951660156,395600
2025-07-21,229.48783446104716,231.27567255462142,228.57926906821993,228.9700469970703,403300
2025-07-22,231.18774452386316,234.61686772965896,229.12635894530789,233.83531188964844,960700
2025-07-23,237.55753652701753,237.55753652701753,230.0935646289302,231.4515380859375,980500
2025-07-24,231.71530876870736,234.60711621807667,229.03844856638273,229.70277404785156,894000
2025-07-25,230.02515791195927,230.26939783645852,226.86958226145097,228.53041076660156,500400
2025-07-28,226.85981058316406,228.03215920082738,221.23251336682566,221.52560424804688,634500
2025-07-29,222.14111838863408,223.89963405768793,217.93042414394122,223.6456298828125,977100
2025-07-30,222.71751595608507,226.42018685865065,220.55842834401696,221.7503204345703,778500
2025-07-31,219.33722081615645,222.24857150759715,218.3211892691026,219.54238891601562,859200
2025-08-01,229.23383356871082,229.23383356871082,221.8480202946123,223.30369567871094,1083100
2025-08-04,222.8933627619171,226.00986677421338,222.50258482171654,225.09152221679688,944600
2025-08-05,218.10625043950128,218.10625043950128,210.54457708453978,214.11048889160156,2174000
2025-08-06,214.7455079858149,218.13555931709092,214.4426528657841,214.70643615722656,987900
2025-08-07,214.61849229299762,218.321177775554,212.9674429793576,217.998779296875,754400
2025-08-08,217.99879742433149,219.0636799711946,214.55989493968536,215.76156616210938,569100
2025-08-11,215.2339941939954,216.28911248372668,212.99676298745104,214.0616455078125,602800
2025-08-12,214.41336456517126,214.79437828389263,211.9318783706489,212.96746826171875,621900
2025-08-13,213.27030731496419,215.5661536852611,213.09444681570508,214.33518981933594,929500
2025-08-14,213.99325234133676,213.99325234133676,209.7043997301144,211.91233825683594,921900
2025-08-15,212.88930099216168,215.91786724852898,212.79159905505648,214.87252807617188,791300
2025-08-18,215.0581410774357,215.74200987818816,210.0560973335995,210.19287109375,850200
2025-08-19,211.3750130670552,215.35123151587254,211.14053735938924,215.18515014648438,743200
2025-08-20,216.85574879443928,220.03086786325963,216.3965765365244,218.5556640625,941700
2025-08-21,215.68870172905812,218.6047420093972,214.96215612515286,216.87672424316406,526100
2025-08-22,218.64403254751886,221.23606679309574,217.6818419893466,218.8207550048828,513500
2025-08-25,217.0240186210291,218.70295700405734,217.0240186210291,217.54440307617188,530100
2025-08-26,215.00142368451435,215.00142368451435,210.19045608772817,214.8639678955078,1325300
2025-08-27,213.0770522258931,214.6774272024306,204.16202141639297,204.34857177734375,1234200
2025-08-28,204.4172833519374,206.7245930089138,199.87141440494693,202.29652404785156,1811700
2025-08-29,203.5336578281373,204.9082158334133,200.90234181317643,201.128173828125,1350800
2025-09-02,198.96812520682636,202.45362963791737,197.9372142324902,198.32994079589844,1276500
2025-09-03,198.26122116703309,200.86308354649597,194.99173556195393,195.68882751464844,1438300
2025-09-04,197.04373670288373,197.68192108994478,189.44435663451603,191.6240234375,2126000
2025-09-05,194.67753651110905,196.01282786730656,192.93969066937905,194.14735412597656,1863200
2025-09-08,190.31819419118003,190.37710167788643,183.41592067632828,187.87344360351562,2436400
2025-09-09,187.87342649239568,188.69816119428643,185.36975366449602,187.99124145507812,2326300
2025-09-10,187.70652436018278,190.80911525412597,187.07815284838304,190.05311584472656,1517500
2025-09-11,191.45711831988066,196.2091785841438,189.77818007503623,195.8164520263672,1602900
2025-09-12,194.53025636381489,197.10264978862642,194.2749706164893,196.33682250976562,1334400
2025-09-15,196.40554077180343,198.10411982956674,191.79093632655662,194.4517059326172,1480200
2025-09-16,194.55971523677871,196.20918480964576,193.60733757331678,195.56117248535156,1746400
2025-09-17,194.5008100828788,199.98924411912972,194.5008100828788,195.75755310058594,1458500
2025-09-18,193.50915398453338,196.41538162485963,193.46005941645743,195.20773315429688,1119800
2025-09-19,195.72807806729227,196.87681890470665,194.79532633551585,195.4826202392578,1832400
2025-09-22,194.12769157580814,196.6215365596781,193.2145806493936,194.40260314941406,1733700
2025-09-23,195.63972640131243,195.6790080483967,193.3913390063981,195.20773315429688,899800
2025-09-24,194.79534132323124,195.27644409655568,191.6633117810385,191.6829376220703,1408500
2025-09-25,192.59605068599615,194.23570732336927,191.33930769469748,191.87930297851562,966200
2025-09-26,191.78113291306764,193.04768885196935,190.4262007604521,190.69129943847656,1248200
2025-09-29,191.9480502831941,193.38153080558376,190.0236540311799,192.5371551513672,925800
2025-09-30,191.9480285739855,192.56658711745274,189.34618149386648,189.83709716796875,1307000
2025-10-01,190.59308866672401,190.84837439493592,186.18467568311382,188.305419921875,1237500
2025-10-02,187.07814354298011,189.1792620855705,185.50722233239878,188.21707153320312,841900
2025-10-03,187.28432520627447,189.12034498955882,186.79340954387268,188.5999755859375,1144100
2025-10-06,187.40215406246116,187.7065193986624,184.3781115601203,185.23231506347656,1072100
2025-10-07,186.22394715467172,186.46940498795118,183.74972800037878,185.1046600341797,895900
2025-10-08,183.73992355168136,185.4875822066818,183.12136498920037,184.20138549804688,958600
2025-10-09,185.38940993193523,185.75268275151154,183.5730158709376,184.0835723876953,819300
2025-10-10,185.6741348199562,186.22395800147805,182.32608618344014,185.66432189941406,844000
2025-10-13,184.27992238573884,185.4973836312894,182.08061484109342,184.7021026611328,997900
2025-10-14,184.87886396412802,188.97309928920762,184.87886396412802,187.59854125976562,1267800
2025-10-15,187.41198392224072,192.8709641527714,187.22543355770213,190.9171142578125,1164900
2025-10-16,190.8778531698205,195.86555866513945,190.49493950883928,193.83316040039062,908700
2025-10-17,193.66624762528966,194.13752251212696,189.1890987464388,192.69422912597656,713400
2025-10-20,192.9102339050863,194.40262186372505,191.17240307211762,194.16697692871094,627100
2025-10-21,193.41095990639047,194.66770281557024,192.18367073871045,194.07859802246094,570100
2025-10-22,193.94115299301157,196.30737023512833,192.98877534753817,193.79388427734375,610900
2025-10-23,194.4026289313168,194.85427799445736,190.84840384293406,192.5371551513672,1018700
2025-10-24,193.49933024515366,196.23863320455774,192.3702151687698,195.07025146484375,878300
2025-10-27,193.61714290176175,195.18807908422724,192.57640404804042,193.71533203125,1133200
2025-10-28,191.71240708122772,192.98879098615868,184.03449279056056,189.88619995117188,3275700
2025-10-29,190.48509816118707,190.48509816118707,186.37123731703952,186.9603271484375,1342900
2025-10-30,186.60687188622308,190.6618403275379,186.34177321566082,187.66725158691406,1320100
2025-10-31,185.41886177785833,189.0614478015469,185.21267059653732,188.00106811523438,1330800
2025-11-03,185.85085553283145,190.35747295797472,185.40903440765683,190.00401306152344,1854000
2025-11-04,192.27202689266235,196.36626165028395,191.8203778989817,192.6352996826172,1447200
2025-11-05,192.80222156142156,195.3058945542019,191.91857931999687,192.23275756835938,978600
2025-11-06,191.46694069888457,195.82627462072534,191.06440120082306,191.211669921875,998900
2025-11-07,192.22294504956784,193.99024451766695,191.32947490436803,193.81350708007812,798300
2025-11-10,191.9480217555963,196.91608580398616,191.55529522288793,195.7967987060547,717600
2025-11-11,197.09284138574873,203.52382509518247,195.85572422880375,199.15467834472656,967700
2025-11-12,198.3299323506602,199.56703445612044,196.99464111774986,197.96665954589844,781300
2025-11-13,197.7000975240795,197.9765309122124,191.25324910710515,191.48031616210938,1169600
2025-11-14,192.64529091266976,195.03447371182247,190.53254149097347,194.6988067626953,821900
2025-11-17,195.82431520278362,195.82431520278362,192.60581678955575,193.2870330810547,725200
2025-11-18,194.96537159002372,196.01187160200914,192.49720549968444,195.1825714111328,778500
2025-11-19,196.03161254994063,196.5548625329812,192.3293635768294,193.5930633544922,630700
2025-11-20,193.6424299158113,194.44211328462978,191.87522969893377,192.76376342773438,731400
2025-11-21,193.95837878430234,195.86379585478687,192.2602792379632,192.53671264648438,1111500
2025-11-24,192.358987614887,192.85262082991053,189.52553778128888,190.6312713623047,1372200
2025-11-25,191.8653582676573,192.87237426466288,190.7398751172948,190.83860778808594,772000
2025-11-26,190.0586498942866,193.45484873228253,190.0586498942866,192.3096160888672,756200
2025-11-28,191.61853360259084,192.91185018735553,191.20388351877628,191.79624938964844,313100
2025-12-01,190.6806382662325,190.6806382662325,185.60608940321362,186.16883850097656,941800
2025-12-02,186.48475259056906,186.72170195346652,183.92773619032187,184.58920288085938,590300
2025-12-03,184.5990665270465,185.55671613643474,182.7726327329323,184.95448303222656,837600
2025-12-04,183.87836325796027,188.02487904067814,183.87836325796027,187.5806121826172,760600
2025-12-05,186.98825405936762,188.17298581582872,186.41565279209885,187.1659698486328,716000
2025-12-08,186.830292386411,189.59462615756823,185.22104339038867,188.54812622070312,852300
2025-12-09,189.7921019199663,190.6707684307976,186.34653669247578,186.87965393066406,636800
2025-12-10,187.6102302378165,189.40706229235835,186.61309661058067,186.810546875,824000
2025-12-11,188.30132247836627,191.57905426566893,186.68220613142492,190.3745880126953,693800
2025-12-12,188.94306427068062,191.68766388729543,187.6990988612642,189.21949768066406,1008700
2025-12-15,190.25612626145073,190.97682655967245,187.84719368713087,190.6707763671875,911900
2025-12-16,191.0854156046039,191.13478193772704,187.39303382854345,187.5608673095703,698400
2025-12-17,187.0869908412903,190.06853971549904,186.95864138313692,188.51852416992188,755000
2025-12-18,188.8936847829109,189.73285219604827,186.81055204696165,187.93603515625,956100
2025-12-19,186.8105507857854,188.9529170817881,185.98125061916951,187.59048461914062,1526800
2025-12-22,186.2280733219762,189.08127272983432,183.75002491731183,188.20260620117188,673100
2025-12-23,188.77520988647774,189.52552690704673,186.37614476557764,189.46629333496094,700000
2025-12-24,189.54528884293444,190.57203931001425,188.9233061663966,190.14752197265625,242400
2025-12-26,189.8414567227236,191.223638774531,189.19973956386002,190.14752197265625,348100
2025-12-29,190.71025006272137,191.98383216406782,190.24623364619853,191.2236328125,563400
2025-12-30,191.29273237858567,193.03033088511083,190.2561147094307,192.27999877929688,477300
2025-12-31,191.9048493439595,192.77363353976338,190.95706696323091,190.96693420410156,366300
2026-01-02,189.74273684039574,191.40133720527027,188.66662005143618,190.02903747558594,380800
2026-01-05,188.01502813814977,188.50866137099956,184.45099559439458,187.63986206054688,1037600
2026-01-06,187.1264648049515,188.59749714826722,185.25066469102316,185.72454833984375,714900
2026-01-07,186.75131041865848,187.71882724451729,179.07037925477158,179.10986328125,1174900
2026-01-08,178.57676024309785,181.42007737439184,177.8165608587684,179.05064392089844,785700
2026-01-09,179.06050315894376,180.22548535105986,177.59935309674628,178.89266967773438,938900
2026-01-12,179.55413840413092,185.6060863597973,179.55413840413092,182.644287109375,945300
2026-01-13,183.17740282611786,185.70481748634467,180.28471947983,185.64556884765625,704200
2026-01-14,185.90226369079303,192.24051208779187,185.67519663983302,189.6143798828125,762000
2026-01-15,189.43668817561843,190.30547239368076,187.63985603479202,189.5452880859375,650700
2026-01-16,188.19272508606286,191.98383968711488,186.7513245112459,191.63829040527344,670900
2026-01-20,191.6382747496865,191.6382747496865,183.3551105483187,183.51307678222656,885600
2026-01-21,184.52008724849918,186.28730257044018,182.87135414041094,183.75990295410156,678700
2026-01-22,184.14493630783775,186.3366689586291,182.36785374442718,182.9305877685547,879300
2026-01-23,182.5159307299769,185.22104603261474,181.22261418334543,184.7767791748047,681100
2026-01-26,185.33952227163826,188.03477046594776,185.1618215455907,185.28028869628906,475700
2026-01-27,184.96436560143178,185.47773328171033,183.38473333960164,184.41148376464844,596400
2026-01-28,183.97710304869165,185.96150312596367,180.90670388565482,181.8149871826172,745300
2026-01-29,182.81211443843833,185.76404634853725,181.76561448216947,185.37901306152344,760400
2026-01-30,186.9783906017409,188.30132401680225,179.79109211859844,181.765625,1238400
2026-02-02,181.77548471196368,183.19715073800518,178.7248351520353,178.83343505859375,1289700
2026-02-03,178.69522723068386,179.86019440929863,175.46686172508876,177.36241149902344,1014100
2026-02-04,177.9449119737579,184.21404494902234,177.40191240846966,182.5159454345703,1329600
2026-02-05,179.98853887019757,180.3242058379868,176.27642254905143,178.21145629882812,1083100
2026-02-06,179.09012198373918,180.4426872186236,175.22992174302016,178.43853759765625,663100
2026-02-09,178.3397935248488,182.70350900034325,175.73341095373254,182.27899169921875,520800
2026-02-10,182.39746744292702,187.14621641772627,182.39746744292702,186.67233276367188,722600
2026-02-11,186.26754813550824,188.54813108782784,182.86148210031052,188.5283966064453,793000
2026-02-12,191.31248675391853,199.21061815897903,191.01630381333075,196.7523193359375,1221800
2026-02-13,197.17685295155218,199.42781921075195,196.85105322134032,198.21348571777344,1015100
2026-02-17,199.40807094034506,202.10331916266895,198.29247010919602,200.53355407714844,1293300
2026-02-18,200.2274992161343,200.9580817864518,193.05995046643986,194.9456329345703,1020300
2026-02-19,194.94562732190735,196.87079376283498,194.56059403372183,195.76504516601562,728800
2026-02-20,197.1274797012832,197.1274797012832,193.8300135504456,196.99913024902344,676600
2026-02-23,197.37430326883523,199.77336853202237,195.9230204087012,197.09786987304688,1009900
2026-02-24,196.27843150285398,199.9313141872486,195.70581518040447,199.0329132080078,687900
2026-02-25,199.17113175897956,199.17113175897956,194.1656838096625,194.65931701660156,805000
2026-02-26,194.1953077579872,194.58034107101835,188.97267486436004,189.72299194335938,2027100
2026-02-27,190.90769712354663,198.74659467497688,190.0487801843889,198.5985107421875,2197700
2026-03-02,196.76218996589668,203.75203765234704,193.59305829929198,196.38702392578125,1428600
2026-03-03,193.3660042455787,196.0118710560981,191.97395495902666,194.8666534423828,1219500
2026-03-04,194.2051899202847,195.2911739761006,192.17140838002996,193.92874145507812,931400
2026-03-05,192.19114993880734,195.2220650439182,189.64400079708753,193.1981658935547,1055300
2026-03-06,192.44784455775286,196.6832261235735,191.39147727502106,194.07684326171875,1101200
2026-03-09,193.95835413720428,194.1558043947013,190.21660622710866,193.43508911132812,1188200
2026-03-10,192.43795614874313,194.56058785112646,190.20673960919677,191.23348999023438,1216700
2026-03-11,190.30546669129774,190.39433211670712,185.60608402951155,186.15895080566406,913200
2026-03-12,185.49748147331954,187.3337975618812,181.92358196102336,182.37771606445312,745000
2026-03-13,185.0614976272391,187.39738583251523,184.5148139413033,186.9103240966797,675200
2026-03-16,188.7790301166943,189.49470584035487,186.20459350450645,186.48291015625,719900
2026-03-17,187.9738969946525,188.8983026150791,185.68771151877533,186.02566528320312,561300
2026-03-18,184.3259451427953,185.35969052073315,181.37378662859155,181.930419921875,620400
2026-03-19,181.76145394524394,182.31808727192032,179.3162259263491,181.1849365234375,713200
2026-03-20,180.71776065222946,182.40754474401427,172.72606821595065,173.10377502441406,1510200
2026-03-23,173.5411286192061,174.4257812441542,169.75402002064038,170.94680786132812,996300
2026-03-24,169.94287803597646,172.88508698050657,165.57925210437244,165.75816345214844,1052200
2026-03-25,167.1696326382173,167.30880613305976,161.43430747619536,164.1578369140625,1231300
2026-03-26,163.5813284919179,165.90726695325768,162.07045587153394,165.1717071533203,662900
2026-03-27,164.62501450086998,167.59705720212432,164.01867853730707,166.05636596679688,836700
2026-03-30,167.45789269546492,171.10584280595776,166.76210108273543,168.80972290039062,811100
2026-03-31,168.80973306110175,171.89110043640645,167.98471753952182,171.07603454589844,1248900
2026-04-01,169.60492177508075,172.77575984021829,169.31665549618472,170.52932739257812,976900
2026-04-02,170.41005200733557,203.5696376234038,169.39617555701776,202.81419372558594,6566500
2026-04-06,203.22173936916508,212.58514578306708,202.27744964014127,211.14385986328125,3397500
2026-04-07,209.881488871238,209.881488871238,201.34309780844296,204.62327575683594,2121300
2026-04-08,203.53983096176447,222.51514251425596,202.9732480052877,217.39608764648438,3486700
2026-04-09,217.2867413349682,218.95664126083673,214.49360999393122,217.1475830078125,1714500
2026-04-10,216.84937854190696,222.85308576829564,215.8454365437382,222.40579223632812,1556400
2026-04-13,221.18318676979936,221.69011741913977,215.8355029572442,218.91688537597656,1315500
2026-04-14,218.5391722226506,218.83737297955687,213.90716394445198,216.76986694335938,1200800
2026-04-15,217.1972669115763,217.1972669115763,211.44205777332755,212.9131622314453,1758200
2026-04-16,213.70836645562665,220.82535569490898,213.12191457848522,220.42774963378906,1055400
2026-04-17,220.3283492951046,222.9226699512324,218.91688196948496,221.79945373535156,944700
2026-04-20,217.36624349116786,223.11153332501053,217.36624349116786,219.0858612060547,661600
2026-04-21,219.39399538853647,219.72201468810246,211.80982881180458,211.8197784423828,1195100
2026-04-22,215.70628938809747,217.406023098129,209.2652227597393,210.5872344970703,1157200
2026-04-23,212.7541208663155,218.71807510495825,212.6746148235325,218.28073120117188,1034400
2026-04-24,217.09787504147974,218.6683847907231,215.51743082879705,218.15150451660156,720400
2026-04-27,217.75391497589908,218.29066418019383,212.98274858400853,213.70835876464844,1040900
2026-04-28,216.3523931458992,216.58100715503824,211.94899885124747,216.28280639648438,1167500
2026-04-29,216.2827938970915,218.18132294414013,213.71829178912878,214.6725311279297,1109200
2026-04-30,213.7083593538689,221.24282333160852,212.22730526376498,219.87110900878906,1554000
2026-05-01,220.66631315533365,221.04403512142042,216.7797992249664,217.26686096191406,613200
2026-05-04,216.22316914154374,219.60273729069652,215.716238469307,216.60089111328125,618700
2026-05-05,217.1475797413565,218.03223234363614,214.47373784033167,216.07406616210938,787900
2026-05-06,217.54517579076963,220.20906812442993,216.45177809135964,217.12770080566406,847300
2026-05-07,216.9785908006915,218.52923165990418,215.04030868557578,217.30661010742188,553500
2026-05-08,215.9547772662748,217.39607833927542,215.32857238559777,216.85931396484375,459800
2026-05-11,216.69034806067077,219.05605487921545,214.74211623943623,215.9547882080078,457800
2026-05-12,217.30661774954464,218.27079160917233,211.4718871045339,212.32672119140625,1132300
2026-05-13,211.53151499389503,212.06827937022805,198.70901941737014,206.41246032714844,1417300
2026-05-14,207.73448048647631,208.15195548115486,199.30541387820685,200.001220703125,1022000
2026-05-15,199.49427473708346,201.81027888501674,195.59782628877525,198.42076110839844,1063600
2026-05-18,199.4743848152882,202.27745062505207,197.95357767752108,202.118408203125,606400
2026-05-19,202.11840507352696,206.98897679156624,201.31327367977806,206.2633514404297,684300
2026-05-20,204.71273422461698,207.6847769967568,203.0328846215432,206.4919891357422,561400
2026-05-21,206.48203837895872,208.1022508552167,204.6332118959734,206.82000732421875,441700
2026-05-22,206.1199951171875,207.25,202.5800018310547,205.57000732421875,632100
2026-05-26,205.47000122070312,206.57000732421875,201.57000732421875,201.72999572753906,651600
2026-05-27,202.08999633789062,205.1300048828125,199.67999267578125,200.1999969482422,707000
2026-05-28,201.86000061035156,205.89999389648438,199.52000427246094,204.6199951171875,997800
2026-05-29,205.07000732421875,205.07000732421875,202.61000061035156,203.16000366210938,1415000
2026-06-01,201.0,205.13999938964844,200.97000122070312,204.0500030517578,950100
2026-06-02,204.0,204.3000030517578,193.8300018310547,196.2100067138672,890500
2026-06-03,196.83999633789062,201.83999633789062,195.6199951171875,196.5800018310547,1473600
2026-06-04,199.74000549316406,208.50999450683594,196.08999633789062,207.85000610351562,791700
2026-06-05,208.08999633789062,210.8800048828125,206.2100067138672,208.02000427246094,682600
2026-06-08,206.0,207.99000549316406,199.5399932861328,200.10000610351562,935300
2026-06-09,202.24000549316406,206.25999450683594,199.16000366210938,204.77999877929688,816200
2026-06-10,206.16000366210938,207.85000610351562,204.4600067138672,207.3300018310547,823200
2026-06-11,206.0,207.27999877929688,201.05999755859375,203.64999389648438,723200
2026-06-12,205.19000244140625,207.1699981689453,203.5500030517578,204.7899932861328,550000
2026-06-15,202.91000366210938,204.9199981689453,189.3300018310547,195.82000732421875,2653700
2026-06-16,197.4499969482422,198.8800048828125,194.58999633789062,195.72999572753906,706400
2026-06-17,194.08999633789062,196.7100067138672,190.9499969482422,191.57000732421875,917900
2026-06-18,191.9499969482422,192.3000030517578,186.35000610351562,186.8699951171875,1819300
2026-06-22,185.0,188.72999572753906,184.50999450683594,187.58999633789062,873800
2026-06-23,189.07000732421875,190.49000549316406,187.50999450683594,189.58999633789062,690800
2026-06-24,189.67999267578125,189.67999267578125,184.91000366210938,185.4600067138672,1044900
2026-06-25,185.4600067138672,185.74000549316406,178.27000427246094,180.9499969482422,1066300
