Date,Open,High,Low,Close,Volume
2004-01-02,16.386008742312523,16.70432453565107,16.28472700892031,16.559635162353516,333600
2004-01-05,16.559634798043707,16.617510270117453,15.915769998740789,16.009817123413086,497600
2004-01-06,15.988117485669244,16.24132323781299,15.915772787933841,16.111103057861328,462600
2004-01-07,16.06045904057308,16.067692267056863,15.901300460728473,15.988114356994629,404200
2004-01-08,15.951942658121993,16.14727290614639,15.951942658121993,16.089397430419922,376900
2004-01-09,15.98810726192843,16.219609042757526,15.944701022987838,16.168968200683594,268900
2004-01-12,16.24132236325507,16.24132236325507,16.00981906699563,16.183446884155273,360200
2004-01-13,16.32813345721339,16.386008931227636,16.2123825091849,16.263023376464844,485300
2004-01-14,16.335370583648608,16.49452781677246,16.24132344131641,16.49452781677246,372600
2004-01-15,16.465582606817918,16.501754248286254,16.306425452553707,16.422176361083984,277700
2004-01-16,16.494523512011185,16.682619127446504,16.451117256098417,16.675384521484375,454700
2004-01-20,16.68261630004895,17.073276676634073,16.675381695312954,17.0371036529541,426200
2004-01-21,17.217969069986758,17.724380493164062,17.217969069986758,17.724380493164062,742300
2004-01-22,17.68820721681184,18.86018578139437,17.29031216944074,18.563573837280273,1781900
2004-01-23,18.158440002887314,18.447817252443933,18.086095345533266,18.27419090270996,767600
2004-01-26,18.158442935432493,18.628681214386802,18.10056747617442,18.62144660949707,511000
2004-01-27,18.62867690386256,18.69378695294443,18.462285169479767,18.534629821777344,475800
2004-01-28,18.59251028699777,18.78060450194733,18.491227194494336,18.578041076660156,608500
2004-01-29,18.49846385789302,18.49846385789302,18.122272626417324,18.281431198120117,509100
2004-01-30,18.28143628880556,18.375483432933038,18.049934352620635,18.303138732910156,518700
2004-02-02,18.32483395262109,18.505694927826532,18.30313013884693,18.4044132232666,284000
2004-02-03,18.40441371724218,18.990402906275076,18.37547529809993,18.95423126220703,679200
2004-02-04,18.881884847315558,19.03380739417765,18.715493092220992,18.91805648803711,683500
2004-02-05,18.918059995952216,18.918059995952216,18.672088929829037,18.795074462890625,333100
2004-02-06,18.867426726093143,18.918067604805124,18.693800264854733,18.809551239013672,322800
2004-02-09,18.809544761895285,18.86742022904518,18.708263039347965,18.860185623168945,202800
2004-02-10,18.852957509358163,18.874661334460633,18.643159386142752,18.809551239013672,222600
2004-02-11,18.809540569607,18.86741602385756,18.606975789800217,18.751665115356445,307500
2004-02-12,18.80231663064618,19.127867107880984,18.773379577036675,18.809551239013672,328200
2004-02-13,18.845707653341623,19.12785163195543,18.824005225658567,19.091678619384766,239500
2004-02-17,19.01933913942071,19.01933913942071,18.70102346474055,18.816774368286133,336400
2004-02-18,18.664855137863512,18.92529542625322,18.664855137863512,18.729965209960938,162700
2004-02-19,18.809545620560815,18.845717271733264,18.527402877807617,18.527402877807617,202400
2004-02-20,18.483989703982626,18.483989703982626,18.071626932749282,18.209081649780273,500300
2004-02-23,18.353762219312816,18.353762219312816,18.10055671810408,18.12225914001465,325000
2004-02-24,18.12227308452845,18.252493235628016,18.057163008978673,18.107805252075195,310200
2004-02-25,18.107808267307586,18.194620795922912,18.05716601577834,18.16568374633789,151300
2004-02-26,18.165679996648073,18.259727113211873,18.1078045295642,18.15121078491211,135400
2004-02-27,18.20907777681007,18.375469494748778,18.172906144165772,18.223546981811523,191300
2004-03-01,18.223552153125027,18.259723796033786,17.869064809152242,17.95587730407715,487300
2004-03-02,17.90523910522461,18.035459246767466,17.803957386184578,17.90523910522461,589500
2004-03-03,17.90523862838745,18.32483608448456,17.85459777021606,18.08609962463379,626600
2004-03-04,18.086096049532934,18.31036325418645,18.04268980537475,18.230785369873047,436800
2004-03-05,18.158443730141016,18.38271097209868,18.10780287355637,18.288663864135742,257900
2004-03-08,18.339310832471412,18.65039206071631,18.201856047462208,18.389951705932617,418600
2004-03-09,18.339308255633615,18.361010695575995,17.61586415387182,17.724380493164062,508400
2004-03-10,17.796722812637757,18.05716171633299,17.767784390082767,17.89800453186035,338200
2004-03-11,17.941410243893248,18.129505845239244,17.90523859665205,18.093334197998047,326300
2004-03-12,18.122272626417324,18.361009104111517,18.122272626417324,18.281431198120117,242700
2004-03-15,18.209084586725663,18.433351828683328,18.129505309315586,18.288663864135742,394200
2004-03-16,18.230786694395803,18.274192941707586,17.90523638990813,17.970346450805664,425800
2004-03-17,17.94863286543525,18.180134564874447,17.94863286543525,18.12225914001465,157900
2004-03-18,18.12950587737214,18.165678904537344,17.90523862838745,18.08609962463379,201900
2004-03-19,18.122271239819028,18.122271239819028,17.948644849313467,18.093334197998047,129700
2004-03-22,18.013752823277404,18.209083007327166,17.941408157348633,17.941408157348633,391200
2004-03-23,18.10057214295577,18.346543253185043,18.013758241755966,18.266963958740234,507700
2004-03-24,18.30311960529668,18.411637231855217,18.17290093717253,18.317588806152344,559100
2004-03-25,18.32483810862292,18.578043807308553,18.32483810862292,18.5129337310791,385600
2004-03-26,18.44782339317699,18.483995043964697,18.252493167259296,18.382713317871094,162800
2004-03-29,18.4478130627461,18.780596479192607,18.389937625978916,18.73719024658203,164900
2004-03-30,18.701023254348648,18.701023254348648,18.570803144359978,18.66485023498535,94900
2004-03-31,18.701023254348648,18.715492462093966,18.52739690098362,18.66485023498535,222800
2004-04-01,18.701026112028273,19.033809661865234,18.686556902071935,19.033809661865234,177100
2004-04-02,19.142327425949734,19.164031242527287,18.946998596191406,18.946998596191406,323300
2004-04-05,18.918062229894904,19.359363555908203,18.910827623582875,19.359363555908203,153100
2004-04-06,19.38106346130371,19.3882966862951,19.243608728850976,19.38106346130371,235300
2004-04-07,19.31594929258507,19.532981872558594,19.20743162273882,19.532981872558594,192000
2004-04-08,19.54022040230099,19.561924216603323,19.178498443087406,19.236373901367188,133900
2004-04-12,19.24361084705231,19.344892566397554,19.084452282527003,19.33042335510254,160400
2004-04-13,19.279775210380425,19.28700981329427,19.077211848230466,19.1712589263916,184900
2004-04-14,19.135092163116408,19.323186367323927,19.113388348849494,19.243608474731445,90200
2004-04-15,19.243603575670623,19.279775210380425,18.961459581468382,19.1712589263916,242800
2004-04-16,19.171257042743118,19.475103435973416,18.99039612724554,19.460634231567383,213800
2004-04-19,19.460637219280922,19.532981872558594,19.200198399284595,19.532981872558594,137800
2004-04-20,19.57639041539945,19.800659004927436,19.518514961941186,19.64150047302246,427800
2004-04-21,19.713842676271437,19.938109857971117,19.663201833293396,19.85129737854004,320500
2004-04-22,19.713842676271437,20.039392923786686,19.634263420243382,19.85129737854004,341900
2004-04-23,17.7243855836744,17.73162019235304,16.827314805430877,16.914127349853516,2861300
2004-04-26,16.67538274173721,16.71879037287712,16.074924309566946,16.37877082824707,1874000
2004-04-27,16.386000319856965,16.704315949580284,16.386000319856965,16.646440505981445,798100
2004-04-28,16.617501560026927,16.617501560026927,16.053216348043957,16.067684173583984,547800
2004-04-29,16.06045083366557,16.33535883495332,15.98810618705531,16.096622467041016,576500
2004-04-30,16.082150228532193,16.248541918451505,15.951930165166084,16.031509399414062,522200
2004-05-03,16.060460215244422,16.197913606250825,16.00258474012063,16.12557029724121,567300
2004-05-04,16.089396954422106,16.32813345721339,16.02428687367356,16.263023376464844,377300
2004-05-05,16.30642765470926,16.63921121671074,16.241317587385517,16.545164108276367,531300
2004-05-06,16.45834997778124,16.494521623590668,16.27025438388056,16.4077091217041,385400
2004-05-07,16.33536454523964,16.646445668505553,16.291958294043884,16.386005401611328,375300
2004-05-10,16.393241946441798,16.40047655247373,16.11833381652832,16.11833381652832,464200
2004-05-11,16.12556425333605,16.27748680114746,16.09662583669027,16.27748680114746,339600
2004-05-12,16.27749258993344,16.342602670681988,16.06769313421921,16.263023376464844,473500
2004-05-13,16.24131731455471,16.27748896030033,15.807250666308066,15.95193862915039,791800
2004-05-14,15.951931612969721,16.082151688154656,15.756602880051553,15.930229187011719,398400
2004-05-17,15.894060815807455,15.915764627958684,15.749372874378155,15.857889175415039,368600
2004-05-18,15.930233836059504,15.98810928860315,15.821717535022621,15.857889175415039,610200
2004-05-19,15.95193477758346,16.01704482809274,15.662557541908608,15.677026748657227,244300
2004-05-20,15.669801595207087,15.756615508193812,15.604691505432127,15.604691505432129,374000
2004-05-21,15.662566987469832,15.698740026156107,15.561285238868933,15.604691505432129,314300
2004-05-24,15.677027549563151,15.836184692350445,15.604682891983629,15.611917495727539,523500
2004-05-25,15.61915423282322,15.763843567744747,15.503403316829901,15.756608963012695,743000
2004-05-26,15.698728980473636,16.205138747026723,15.662555967238823,16.096622467041016,688700
2004-05-27,16.08939464593824,16.92135498297208,16.060457603013035,16.885183334350586,734700
2004-05-28,16.856241123663942,16.870710331805025,16.52345761557684,16.603036880493164,317300
2004-06-01,16.71155096030322,16.85623888290124,16.639206309074485,16.75495719909668,362200
2004-06-02,16.820073512049404,16.820073512049404,16.50899236180165,16.56686782836914,383500
2004-06-03,16.530695269223344,16.791134164510325,16.50175684760263,16.6536808013916,273300
2004-06-04,16.653681718150363,16.747728833875048,16.559633222565708,16.56686782836914,347800
2004-06-07,16.56686698019257,16.820072650909424,16.55963237475953,16.639211654663086,353600
2004-06-08,16.588568091907195,16.76219445441261,16.545161846245758,16.70431900024414,339900
2004-06-09,16.639210495757585,16.79113305969049,16.58856964111328,16.58856964111328,214000
2004-06-10,16.675383237747248,16.718790870178317,16.559632310984167,16.6536808013916,252900
2004-06-14,16.639211654663086,16.70432172370056,16.56686698019257,16.639211654663086,354800
2004-06-15,16.60303361345347,16.668143657416767,16.096622467041016,16.096622467041016,639900
2004-06-16,16.024279160478947,16.328125597764043,15.915762871418446,15.92299747467041,982900
2004-06-17,16.00257612283602,16.06045156679426,15.828948411101884,16.045982360839844,711000
2004-06-18,16.045987268666856,16.40770924900701,15.879595488876747,16.37877082824707,532900
2004-06-21,16.378773288404865,16.740495323077127,16.241319908728645,16.63197898864746,483500
2004-06-22,16.697091987916952,16.827312163970163,16.57410641940673,16.71156120300293,830000
2004-06-23,16.69708667656123,16.820072205949664,16.54516410606603,16.812837600708008,643300
2004-06-24,16.812835097426305,16.870710550882553,16.451113168359836,16.55239486694336,329700
2004-06-25,16.559626692420068,16.75495683250609,16.06045150756836,16.06045150756836,1855800
2004-06-28,16.226846726088652,16.270252973268665,16.00257950582225,16.21961212158203,649000
2004-06-29,16.24131827952788,16.34983460307205,16.09662892822905,16.313661575317383,377700
2004-06-30,16.357059618484925,16.43663747316889,16.205135750708063,16.320886611938477,390200
2004-07-01,16.36430381417392,16.494522574510967,16.197910646222283,16.313661575317383,410500
2004-07-02,16.27749100965086,16.371538128345993,16.103864604464448,16.11833381652832,278200
2004-07-06,16.118334313918613,16.140036752824116,15.92300408460877,15.93747329711914,331000
2004-07-07,15.937475170726348,16.082163173259396,15.915771349409294,15.944709777832031,296800
2004-07-08,15.930233487743953,16.19790693245826,15.92299888385173,16.017045974731445,310800
2004-07-09,16.082161282642687,16.27749151195253,15.930238690863955,15.93747329711914,236500
2004-07-12,15.944707903374326,16.082161282642687,15.879597826937712,15.93747329711914,391300
2004-07-13,15.915771349409294,15.98088143350024,15.89406752809224,15.944709777832031,260800
2004-07-14,15.879600016935822,15.973647151503416,15.75661445335651,15.966412544250488,801600
2004-07-15,15.937463788950797,16.09662089203281,15.908525381194487,15.930229187011719,421200
2004-07-16,15.930232107837252,15.966403744305518,15.771073595714121,15.915762901306152,494200
2004-07-19,15.915766983404767,16.00258086499803,15.807250666308066,15.95193862915039,369500
2004-07-20,15.988116927142046,16.32813520080184,15.95194388960784,16.299198150634766,435800
2004-07-21,16.20514359709391,16.299192079793,15.77107696737912,15.814484596252441,480400
2004-07-22,15.82172287406849,16.140037280544036,15.82172287406849,16.009817123413086,514900
2004-07-23,15.937466017128209,16.074919333609994,15.80724592373753,16.06045150756836,512200
2004-07-26,16.03874545637942,16.161730929625275,15.930229187011719,15.930229187011719,493100
2004-07-27,15.192324746112375,16.00258267304343,15.091043022693489,15.619156837463379,1052900
2004-07-28,15.698742506154723,15.698742506154723,14.577402967223355,14.92465591430664,1947400
2004-07-29,14.939111709594727,15.02592555829544,14.714844555251913,14.939111709594727,1159700
2004-07-30,14.86677643279556,15.062106680549823,14.693150005856275,14.874011039733887,549300
2004-08-02,14.874008679047515,15.264669112553472,14.859540847327265,15.047635078430176,356800
2004-08-03,14.975292603567835,14.975292603567835,14.649742224414606,14.722086906433105,360000
2004-08-04,14.635273206631828,14.924650558693395,14.591866948787608,14.772727966308594,501400
2004-08-05,14.794427762193914,14.794427762193914,14.61356679385345,14.620800018310547,291400
2004-08-06,14.541224680313249,14.722085680367245,14.439941581978264,14.591865539550781,790800
2004-08-09,14.685908292650655,14.902942256200765,14.64250205188444,14.794425964355469,496200
2004-08-10,14.830606067192459,15.134452685714717,14.779965194082132,14.982528686523438,414900
2004-08-11,14.9825287792426,15.539581146624098,14.758261462711722,15.481705665588379,509300
2004-08-12,15.337016385971731,15.582987505019481,15.257437088673871,15.460001945495605,559100
2004-08-13,15.539572285099306,15.626386147076968,15.402118958435665,15.4382905960083,340100
2004-08-16,15.438283027688929,15.82894176542672,15.438283027688929,15.7421293258667,249300
2004-08-17,15.771072432102708,15.937465535214676,15.69872916450376,15.865120887756348,239700
2004-08-18,15.734900798303235,16.045981816472477,15.734900798303235,15.865120887756348,295400
2004-08-19,15.865123779465447,15.937468440109914,15.778309910720163,15.857889175415039,160900
2004-08-20,15.872362083928438,16.21238027441025,15.828954449506115,16.14727020263672,262700
2004-08-23,16.0966221684929,16.263013886708833,15.922995847764186,15.95916748046875,156800
2004-08-24,16.03152061519767,16.10386529877612,15.865128808869281,15.988114356994629,248000
2004-08-25,15.988111744928396,16.480053857058476,15.959173324280817,16.393239974975586,345600
2004-08-26,16.284724532973566,16.42217927872147,16.205145251773214,16.313661575317383,154100
2004-08-27,16.313660204299836,16.63921052743266,16.241316914590147,16.581335067749023,243900
2004-08-30,16.537930547429415,16.62474305610351,16.284724867386736,16.429412841796875,404500
2004-08-31,16.494519413487108,16.624739528728583,16.371533902410125,16.55239486694336,284300
2004-09-01,16.422182485036377,16.422182485036377,15.91577103647712,16.082162857055664,563600
2004-09-02,16.060447392385193,16.61749787824816,16.060447392385193,16.530685424804688,313600
2004-09-03,16.530696179211947,16.61027408332977,16.234084240571054,16.56686782836914,273300
2004-09-07,16.56686916893685,16.82007487310616,16.56686916893685,16.76219940185547,240100
2004-09-08,16.762192480173102,16.97922506277801,16.689847826018298,16.718786239624023,272800
2004-09-09,16.783899038916513,17.022635470821303,16.783899038916513,16.92135238647461,276800
2004-09-10,16.986462260319296,16.99369686482558,16.83453970526644,16.964759826660156,181400
2004-09-13,16.928586804128724,17.000931469331867,16.827305100760157,16.964759826660156,172900
2004-09-14,16.971992307725397,17.087744594894886,16.783898118241662,17.015399932861328,165800
2004-09-15,16.8924156978135,17.087745886106063,16.8924156978135,17.0371036529541,167300
2004-09-16,17.037108661428924,17.326487416499617,17.00817161383796,17.261377334594727,317800
2004-09-17,17.384366698085714,17.384366698085714,16.979236904222123,17.26861572265625,313000
2004-09-20,17.217969409207704,17.326487130498037,17.11668767452088,17.138391494750977,242100
2004-09-21,17.15285430648523,17.39159211953987,17.094978849342827,17.369888305664062,259100
2004-09-22,17.290316007839102,17.290316007839102,16.603044849578687,16.71156120300293,328800
2004-09-23,16.762199009457213,17.02263931391854,16.537931736093316,16.660917282104492,323100
2004-09-24,16.68985237726592,17.058808972194672,16.67538316651737,16.935823440551758,230500
2004-09-27,16.877948702942792,16.877948702942792,16.422179583650543,16.436647415161133,226900
2004-09-28,16.13279695363381,16.291955480296746,15.691497152996536,15.720434188842773,1065400
2004-09-29,15.626384632959239,16.0676843639957,15.611915427388366,15.836182594299316,759500
2004-09-30,15.74214483041018,16.082163083314395,15.648096318422493,15.87236499786377,464100
2004-10-01,15.901300460728473,16.212381634213763,15.879598021556985,15.988114356994629,316400
2004-10-04,16.06046038248678,16.263023857599325,16.024287347745123,16.089397430419922,259600
2004-10-05,16.02428213398653,16.04598594776984,15.850655763299269,15.901296615600586,209900
2004-10-06,15.843424795661786,16.176209784100042,15.843424795661786,15.93747329711914,274600
2004-10-07,15.951935872146814,15.951935872146814,15.604683165509783,15.648089408874512,169800
2004-10-08,15.604687287449526,15.792782898194476,15.35871621031074,15.409357070922852,175100
2004-10-11,15.517878703648398,15.546815754236103,15.373189311128943,15.481705665588379,86800
2004-10-12,15.373182908284523,15.756608672864184,15.28636903295828,15.626388549804688,233300
2004-10-13,15.554043832257742,15.7638432253511,15.496168375518149,15.53957462310791,203200
2004-10-14,15.539575570645399,15.691499516262843,15.271902084350586,15.271902084350586,172400
2004-10-15,15.279135808219186,15.756608672864184,15.170618119096446,15.626388549804688,239100
2004-10-18,15.568515107404906,15.62639057182478,14.931883618926388,14.97529125213623,745200
2004-10-19,14.975289163792317,14.982522388458683,14.389298615916639,14.447174072265625,861100
2004-10-20,14.454403135978152,14.895704183887352,14.454403135978152,14.808890342712402,344200
2004-10-21,14.808899747523052,14.89571364383162,14.562928651152188,14.837838172912598,307400
2004-10-22,14.801660249753281,14.845067873492924,14.483345954820248,14.490580558776855,406600
2004-10-25,14.432703542668424,14.533985227364095,14.324185874940818,14.51228141784668,683000
2004-10-26,14.468882751751966,14.61357213121356,14.324193372290372,14.519523620605469,590900
2004-10-27,14.360364876200647,14.794431588451605,14.345895663824939,14.722086906433105,530200
2004-10-28,14.67868025733694,14.960822991831595,14.60633557724959,14.881243705749512,381000
2004-10-29,14.779955727936276,15.163380024405011,14.664204840716346,14.996988296508789,643300
2004-11-01,14.975287344365192,14.989755171799874,14.823363427494819,14.895708084106445,526300
2004-11-02,14.902941853184991,15.076568191414045,14.649736259153649,14.866768836975098,626500
2004-11-03,14.866770213868083,15.069334983825684,14.823363970255599,15.069334983825684,384100
2004-11-04,15.069337080900002,15.228494249534094,14.888476097509528,15.221261024475098,225600
2004-11-05,15.177848235650696,15.235723675468018,14.960815681300572,15.00422191619873,382500
2004-11-08,15.011463429339607,15.083808107380706,14.888477890627728,15.047635078430176,333800
2004-11-09,15.105503297638387,15.35147425705127,15.105503297638387,15.26466178894043,318300
2004-11-10,15.337017652929234,15.554050361848107,15.293610007257211,15.481705665588379,392000
2004-11-11,15.554039578449625,15.771072136902855,15.517867945327206,15.727665901184082,302500
2004-11-12,15.698731053865158,15.71319888121054,15.250195289529206,15.582980155944824,301400
2004-11-15,15.62639190254423,15.75661205354327,15.452765494498854,15.70596981048584,253300
2004-11-16,15.915762901306152,16.060452206898184,15.763840372308053,15.915762901306152,350200
2004-11-17,16.09661644376429,16.1400226635443,15.655315506447831,15.7421293258667,325300
2004-11-18,15.73490496168933,16.017047643585194,15.626388651718594,15.973641395568848,431500
2004-11-19,15.980875895989021,15.988110500587853,15.611919340607024,15.626388549804688,328400
2004-11-22,15.626387036815132,15.814482598593619,15.539573169894444,15.734903335571289,195500
2004-11-23,15.662557607548711,15.959169447840942,15.49616586882078,15.763840675354004,240000
2004-11-24,15.807247981295337,16.082156029901867,15.807247981295337,16.017045974731445,227000
2004-11-26,15.966409198790231,16.241318697358466,15.966409198790231,16.14727020263672,99900
2004-11-29,16.255788582316747,16.624745242351405,16.19067850231886,16.559635162353516,421900
2004-11-30,16.443878564195348,16.639208737057558,16.3860031107391,16.55239486694336,396100
2004-12-01,16.603038484618537,16.892415776100606,16.566865460770924,16.747726440429688,253700
2004-12-02,16.675384521484375,16.834543092931185,16.523461935859693,16.675384521484375,261700
2004-12-03,16.603040857386304,16.820073512049404,16.501757755998216,16.56686782836914,169700
2004-12-06,16.516221629365493,16.545160043225984,16.299189044849907,16.400470733642578,150700
2004-12-07,16.451112351436496,16.51622240582402,16.183438909940747,16.34259605407715,231700
2004-12-08,16.34983443129759,16.631977145520164,16.306428178307943,16.617507934570312,269700
2004-12-09,16.566867108132495,16.668150205117346,16.234083534802014,16.610273361206055,168900
2004-12-10,16.50175684760263,16.66815001220196,16.40047513164991,16.6536808013916,154400
2004-12-13,16.675384521484375,16.675384521484375,16.494523512011185,16.675384521484375,287200
2004-12-14,17.00092500532452,17.61585235595703,16.979221200057776,17.61585235595703,668000
2004-12-15,17.543516159057617,17.644797872647537,17.26860805937361,17.543516159057617,337300
2004-12-16,17.449475171895177,17.608632403348043,17.319254991679042,17.38436508178711,206200
2004-12-17,17.268607027801668,17.369888735341338,17.080511442471007,17.19626235961914,315900
2004-12-20,17.181783205315046,17.275830253616714,16.92857770315966,17.080501556396484,177200
2004-12-21,17.03710951627974,17.290315249741315,17.02264168168841,17.18903350830078,248300
2004-12-22,17.12391752992627,17.210731406898443,17.029870428077867,17.0371036529541,170500
2004-12-23,17.044341901534207,17.355423072387996,17.044341901534207,17.33371925354004,100500
2004-12-27,16.92858907069259,16.964762098067215,16.27748975640824,16.617507934570312,652000
2004-12-28,16.55962733630216,16.97199006150012,16.53792490646615,16.892412185668945,330200
2004-12-29,16.820073881006927,16.820073881006927,16.603041221583094,16.675384521484375,388500
2004-12-30,16.711552638867513,17.123915398473116,16.711552638867513,17.087743759155273,241200
2004-12-31,17.087742405197066,17.26136874391258,16.935818496408817,17.160085678100586,292900
2005-01-03,17.138382884707365,17.26136837783838,16.639206309074485,16.75495719909668,237900
2005-01-04,16.754961986424863,16.92858837106773,16.284723688867953,16.386005401611328,413200
2005-01-05,16.436643953120317,16.603037089114274,16.176205102606524,16.27748680114746,325500
2005-01-06,16.284725394936295,16.79836999750091,16.284725394936295,16.68985366821289,282500
2005-01-07,16.74772797643891,16.7983688346103,16.55239776932649,16.639211654663086,254500
2005-01-10,16.639211590581244,16.82007258613104,16.49452224219745,16.6536808013916,203300
2005-01-11,16.62472949243308,16.62472949243308,16.3570561992388,16.44386863708496,208200
2005-01-12,16.443881542751814,16.66815017289479,16.371536867862464,16.617507934570312,287500
2005-01-13,16.61750884514558,16.73325977936728,16.18344353174418,16.27025604248047,218400
2005-01-14,16.371535663983472,16.61750671260387,16.255784744616204,16.581335067749023,165200
2005-01-18,16.45834467926519,16.85623817451246,16.42217304510067,16.798362731933594,322400
2005-01-19,16.7260223899731,16.89964874808719,16.487285975083772,16.603036880493164,328900
2005-01-20,16.610264919841928,16.849002640069376,16.545156263249865,16.68260955810547,273300
2005-01-21,16.68261498218483,16.91411679600983,16.53069243430955,16.55239486694336,244500
2005-01-24,16.60304101326285,16.704322735741847,16.05322338577977,16.27025604248047,364100
2005-01-25,16.24131827952788,16.74772824935397,16.226849068426016,16.313661575317383,405300
2005-01-26,16.63920168153856,17.07326808833312,16.1906660725504,16.530685424804688,706900
2005-01-27,16.566863890793197,16.783897873732105,16.537926854317124,16.595802307128906,602100
2005-01-28,16.675373307163493,16.81282796828457,16.422169168070816,16.530685424804688,483000
2005-01-31,16.58133121571554,17.304774983626587,16.58133121571554,17.160085678100586,626000
2005-02-01,17.203505871866763,17.43500782602758,17.152863612016155,17.217973709106445,497200
2005-02-02,17.21796782309574,17.543518197256883,17.15285774826351,17.51457977294922,409500
2005-02-03,17.492871528800883,17.62309163524608,17.42052687190249,17.536277770996094,297700
2005-02-04,17.45670876046213,18.071636635375796,17.45670876046213,17.912479400634766,545200
2005-02-07,17.91247138872296,17.91970599341079,17.637561930024393,17.803955078125,310200
2005-02-08,17.72437468290616,18.086096615210366,17.688203041619605,18.020986557006836,423400
2005-02-09,18.013748464110144,18.035452272594565,17.56521412764061,17.57244873046875,614700
2005-02-10,17.579683213885215,17.71713791775647,17.44946449322031,17.60138702392578,327500
2005-02-11,17.57968665840907,17.85459612001672,17.456701137134022,17.760547637939453,207500
2005-02-14,17.652023984875747,17.775009455002248,17.557976921771573,17.61585235595703,533800
2005-02-15,17.485643994777075,17.847366045657974,17.340954622480666,17.724380493164062,565000
2005-02-16,17.57968285302773,17.854592255127187,17.348181070118375,17.767778396606445,413200
2005-02-17,17.688200793948432,17.840123323878494,17.521807677539023,17.623090744018555,466600
2005-02-18,17.688211150654137,17.9052438575899,17.442240013534786,17.818429946899414,393900
2005-02-22,17.86906986546047,17.963116991551054,17.709911279962398,17.724380493164062,503200
2005-02-23,17.71713820011159,17.818419888862678,17.65202814881174,17.738842010498047,244700
2005-02-24,17.775028120794314,17.79673194885254,17.5290569222437,17.79673194885254,237500
2005-02-25,17.72436755003729,18.143964767456055,17.615851289988477,18.143964767456055,301300
2005-02-28,18.086100106287482,18.086100106287482,17.56522091997598,17.90523910522461,343000
2005-03-01,17.992053595396452,18.19461704026002,17.832895026020815,18.15121078491211,463200
2005-03-02,18.06439910918079,18.447824988034693,18.04269666877595,18.266963958740234,263500
2005-03-03,18.266957010028264,18.353770878204255,17.95587593719876,18.230785369873047,230900
2005-03-04,18.339301413349705,18.45505231605681,18.0933304001322,18.36823844909668,185100
2005-03-07,18.361009104111517,18.382712922032805,18.143976444338612,18.281431198120117,185800
2005-03-08,18.339302637697344,18.411647301683978,18.064393190520068,18.12950325012207,251500
2005-03-09,18.100568147610797,18.100568147610797,17.72437695854871,17.854597091674805,314100
2005-03-10,17.85460744381382,17.85460744381382,17.50011986469338,17.79673194885254,353900
2005-03-11,17.79672044213904,17.984816024112597,17.69543735654728,17.811189651489258,219200
2005-03-14,17.79671749146347,18.057156317288136,17.7243728365668,18.013750076293945,184400
2005-03-15,18.115029194171882,18.151200823801354,17.883526073021898,18.04268455505371,253600
2005-03-16,17.99205302530413,18.078865533249232,17.847363672249056,17.89800453186035,248500
2005-03-17,17.847369447139833,17.91247953909636,17.767790139223994,17.883541107177734,405100
2005-03-18,17.90523995877651,17.919709170717677,17.65203426924605,17.832895278930664,478900
2005-03-21,17.79672082222058,17.919706344604492,17.702672339295347,17.919706344604492,155400
2005-03-22,17.86906711926406,18.02822430044204,17.55798598253718,17.789487838745117,300000
2005-03-23,17.688200145350198,17.79671643130105,17.485635399678355,17.652027130126953,200600
2005-03-24,17.65203087349328,18.151207550556098,17.543514564529993,17.941408157348633,252300
2005-03-28,17.97758658784113,18.36101108683489,17.97758658784113,18.266963958740234,379200
2005-03-29,18.27420168081723,18.332077164863463,18.04269974463231,18.303138732910156,654300
2005-03-30,18.274200743775488,18.411655528784696,18.17291899685308,18.389951705932617,322600
2005-03-31,18.35377785994004,18.389949513854873,18.02099284851096,18.266963958740234,391600
2005-04-01,18.25248972303965,18.33206899558814,17.49287416095596,17.760547637939453,434400
2005-04-04,17.760546645512417,17.926939786076044,17.59415488480848,17.869064331054688,189000
2005-04-05,17.869068768346008,18.172915327624978,17.869068768346008,18.107805252075195,219300
2005-04-06,18.064386980887708,18.433343398517064,18.04268455505371,18.04268455505371,261100
2005-04-07,18.013747648868453,18.332063259603753,17.890762166074765,18.223546981811523,211600
2005-04-08,18.12227058322525,18.165678214173848,17.782252419953657,17.854597091674805,229900
2005-04-11,17.854600652258807,17.854600652258807,17.673739626818357,17.724380493164062,199500
2005-04-12,17.673734152910228,18.013752278678233,17.39882470666402,17.869064331054688,322100
2005-04-13,17.883528908117952,17.9052327172519,17.56521465331005,17.652027130126953,172400
2005-04-14,17.695437591063115,17.840126926763325,17.4422333233774,17.485639572143555,210300
2005-04-15,17.485639572143555,17.666500551838933,17.2903093829062,17.485639572143555,269100
2005-04-18,17.442226774544558,17.71713475332669,17.32647590138795,17.56521224975586,218400
2005-04-19,17.565216959505086,17.565216959505086,17.34094837525434,17.478403091430664,233500
2005-04-20,17.47117312064273,17.514579376261104,17.333718368014573,17.413297653198242,409500
2005-04-21,17.507349183293083,17.7099126645122,17.38436362118424,17.471176147460938,237600
2005-04-22,17.456699991603003,17.579685504807586,17.340949082688063,17.43499755859375,486500
2005-04-25,17.507338510740656,17.70266726572005,17.32647758141424,17.695432662963867,211700
2005-04-26,17.615857532924412,17.832890129936864,17.3409481048584,17.3409481048584,198800
2005-04-27,17.348184778946177,17.71714134178362,17.051572883699173,17.50010871887207,191400
2005-04-28,17.42776079607023,17.42776079607023,16.870708753489474,17.290306091308594,445400
2005-04-29,17.312012168286802,17.362653018814125,16.820070111976182,17.13115119934082,310600
2005-05-02,17.17455592578531,17.543512435370054,17.17455592578531,17.521808624267578,263400
2005-05-03,17.471163802904083,17.796713996069077,17.36264753180217,17.56521224975586,259900
2005-05-04,17.550751708724565,17.948645359118917,17.43500077843312,17.90523910522461,291200
2005-05-05,17.87630068272178,18.01375542989035,17.644798822138892,17.90523910522461,169800
2005-05-06,18.013764709992188,18.04993775675589,17.608636245263206,17.79673194885254,159500
2005-05-09,17.746079808270444,17.840126910487946,17.64479672142879,17.760547637939453,236200
2005-05-10,17.68821057034413,17.68821057034413,17.44947404860308,17.579692840576172,181900
2005-05-11,17.601391621088982,17.637563267411135,17.203497992105845,17.543516159057617,288300
2005-05-12,17.514580138200472,17.811193474099582,17.261375819528137,17.36265754699707,256500
2005-05-13,17.348188334541497,17.623097851757244,17.15285810597137,17.36265754699707,214600
2005-05-16,17.32647812690725,17.73160623499252,17.32647812690725,17.688199996948242,317200
2005-05-17,17.283074297836404,17.36265356824598,15.640857696533201,15.640857696533203,2282400
2005-05-18,16.38600592083955,17.304780109398887,16.07492478771632,16.6536808013916,1154700
2005-05-19,16.653681298935158,17.0588095547095,16.51622655184996,16.733259201049805,492100
2005-05-20,16.740486502680145,17.18178759401834,16.646439430356256,16.86347198486328,544300
2005-05-23,16.885187506204456,17.44223986371103,16.820077418710948,17.420536041259766,564600
2005-05-24,17.32649105786861,17.362662719924266,17.073285283897622,17.123926162719727,492000
2005-05-25,17.066041810701496,17.398825344305394,17.04433799682569,17.369888305664062,530000
2005-05-26,17.48582649230957,17.652497258173558,17.35539048473537,17.48582649230957,370300
2005-05-27,17.493074488863652,17.522061191955395,17.3119117410265,17.39887046813965,196500
2005-05-31,17.4133692960356,17.782941583710045,17.391629261879746,17.53656005859375,886300
2005-06-01,17.427861822988696,17.985843611231925,17.427861822988696,17.623517990112305,572700
2005-06-02,17.62350892665385,17.804671644044884,17.55829023782013,17.75394630432129,554900
2005-06-03,17.768448200425595,17.935117648877984,17.572792039809745,17.609024047851562,619800
2005-06-06,17.57279065452737,18.188744417819574,17.54380394464896,18.065553665161133,700700
2005-06-07,18.123529054762773,18.311938557332205,17.935119552193346,17.956859588623047,583800
2005-06-08,17.94961491680435,18.261215229657573,17.898889541625977,17.898889541625977,512300
2005-06-09,17.935115490836054,18.340919737158604,17.81917142045818,18.167003631591797,492700
2005-06-10,18.152515135154662,18.167008493371135,17.862654881638786,17.927873611450195,588800
2005-06-13,17.91338073856453,18.101790253995144,17.8191766719306,18.00033950805664,307900
2005-06-14,18.0220766942174,18.340922240189006,18.007583337901636,18.217731475830078,426700
2005-06-15,18.29019710399694,18.464113235473633,18.15975965984879,18.464113235473633,416400
2005-06-16,18.47859979970997,19.00759467794356,18.420627777193438,18.746721267700195,456200
2005-06-17,18.840931775623435,19.04383461540096,18.55831824128109,18.717741012573242,521600
2005-06-20,18.572810644876242,18.7829601675955,18.406141191648068,18.464113235473633,429200
2005-06-21,18.456868873099165,18.61629305024511,18.311939436431523,18.558320999145508,241400
2005-06-22,18.5583115971708,18.811938328387985,18.333668803575545,18.442367553710938,235300
2005-06-23,18.449616734582904,18.89165435726733,18.4061380546645,18.420631408691406,269500
2005-06-24,18.34816382270087,18.36990385113688,17.99308498455223,18.17424774169922,584900
2005-06-27,18.13077592393109,18.44237620521505,18.04381715946195,18.239473342895508,223600
2005-06-28,18.311930472071463,18.768459978222584,18.29743712085091,18.761213302612305,187800
2005-06-29,18.768462763156098,19.03658427187304,18.768462763156098,18.985858917236328,217500
2005-06-30,19.00759608708421,19.080061466142652,18.674257278442383,18.674257278442383,199200
2005-07-01,18.68151751697204,18.942391135944447,18.500354628886377,18.89891242980957,167900
2005-07-05,18.898901823109913,19.2032553595669,18.898901823109913,19.196008682250977,210000
2005-07-06,19.18151081546142,19.21049751790644,18.667009286520727,18.688749313354492,291700
2005-07-07,18.543824885119296,18.840931775623435,18.232224638453367,18.717741012573242,275400
2005-07-08,18.73948393258325,19.232247060666566,18.652525164383896,19.225000381469727,174300
2005-07-11,19.20324533498135,19.645282745361328,19.1887519879154,19.645282745361328,256300
2005-07-12,19.601811561907116,19.869933075140427,19.601811561907116,19.652538299560547,511100
2005-07-13,19.638046323385794,19.638046323385794,19.18876200493505,19.196008682250977,224400
2005-07-14,19.21774903612947,19.35543176095135,18.985860886784828,19.00035285949707,229900
2005-07-15,18.964122508080525,19.188763999575826,18.81919171102145,19.138038635253906,242200
2005-07-18,19.05833150768208,19.13804360498029,18.80470462021118,18.877168655395508,245100
2005-07-19,19.022093310819876,19.391665575289583,18.94962791701284,19.13079071044922,239300
2005-07-20,19.022093072300347,19.311953261731492,18.848176958641663,19.268474578857422,359500
2005-07-21,19.239487529393422,19.261227561528106,19.022092736696134,19.08006477355957,243800
2005-07-22,19.26123334257237,19.565586972994353,19.20326128830927,19.406164169311523,334500
2005-07-25,19.435138568389597,19.811957400129305,19.39890657317548,19.514850616455078,262200
2005-07-26,19.601818569503006,19.90617219341778,19.456889128025303,19.674283981323242,192800
2005-07-27,19.746739024911918,19.811957723090096,19.507604258979285,19.761232376098633,171800
2005-07-28,19.71050929005001,20.03660143618406,19.71050929005001,19.985876083374023,200300
2005-07-29,20.00037436106136,20.007621039270372,19.529351334776162,19.68877410888672,400100
2005-08-01,19.732250811533138,19.927906957011867,19.645293446095305,19.710512161254883,245600
2005-08-02,19.753990503896734,19.985878650622066,19.753990503896734,19.9786319732666,152300
2005-08-03,19.978632066025646,19.978632066025646,19.71775720866724,19.884428024291992,289700
2005-08-04,19.884425903736968,19.884425903736968,19.348184273591286,19.616304397583008,382900
2005-08-05,19.638041335209905,19.674273330424022,19.333687876060452,19.514850616455078,253800
2005-08-08,19.565581615277825,19.66703233691692,19.48586954418287,19.57282829284668,229900
2005-08-09,19.580070703519212,19.681521403050134,19.35542789432629,19.478618621826172,227300
2005-08-10,19.50765050176119,19.50765050176119,18.60048666662266,18.803691864013672,595500
2005-08-11,18.83272935776314,18.970617319611183,18.593238064178504,18.825471878051758,380000
2005-08-12,18.839979788405618,18.8472372659348,18.520659082455296,18.644033432006836,318700
2005-08-15,18.622260970115182,18.86900966882997,18.4553431398735,18.810951232910156,239400
2005-08-16,18.723869443778028,18.723869443778028,18.361003746152697,18.411806106567383,258300
2005-08-17,18.484371788519688,18.52065917634958,18.310196479603142,18.44808578491211,139500
2005-08-18,17.794926459532515,17.802183936457823,17.083710331518564,17.359487533569336,1031500
2005-08-19,17.315948562747238,17.330462136152853,17.0111413736686,17.141773223876953,511000
2005-08-22,17.2724080111963,17.475613316162253,17.054689129193626,17.41755485534668,354500
2005-08-23,17.403027221272957,17.42479964730779,17.054676710046955,17.163536071777344,288200
2005-08-24,17.1127370011917,17.403029125646032,17.105479525052587,17.17805290222168,316600
2005-08-25,17.272398455777694,17.751380838579752,17.14902412176976,17.628007888793945,394600
2005-08-26,17.700588333071874,17.70784581314992,17.265150602171552,17.526412963867188,347900
2005-08-29,17.41754781143472,17.765898435450055,17.388517900655607,17.69332504272461,294500
2005-08-30,17.69332825831387,17.744130611410142,17.35223505000296,17.584468841552734,288100
2005-08-31,17.598974815427315,18.099729537963867,17.47560050362039,18.099729537963867,492900
2005-09-01,18.14327745894031,18.49162805393863,18.106991457711317,18.208593368530273,282100
2005-09-02,18.230351124213005,18.28840950997523,18.12149043971537,18.15052032470703,136400
2005-09-06,18.23037504319581,18.578725814819336,18.128771696638424,18.578725814819336,509000
2005-09-07,18.578715709126076,18.62225918583828,18.4480838947673,18.600486755371094,187400
2005-09-08,18.46985947122448,18.60048992361151,18.266654238251768,18.506145477294922,224600
2005-09-09,18.556946971256984,18.796438217163086,18.448087565703744,18.796438217163086,173100
2005-09-12,18.79643181925104,18.83997528980656,18.556940654862718,18.70208740234375,280900
2005-09-13,18.687573774894283,18.825463056349466,18.527913448729695,18.731117248535156,219800
2005-09-14,18.687571169583148,18.803688005918534,18.46259497221107,18.469852447509766,344800
2005-09-15,18.578717518466473,18.752892826500002,18.535174037513666,18.644033432006836,543100
2005-09-16,18.72385847971316,19.035923018412046,18.70208743650662,19.02866554260254,544500
2005-09-19,19.02865840998304,19.02865840998304,18.542418786781887,18.832712173461914,525500
2005-09-20,18.970612346325087,19.086729222820818,18.375513008228875,18.55694580078125,307700
2005-09-21,18.469855087174395,18.469855087174395,18.04167367290985,18.20133399963379,230700
2005-09-22,18.106983246069834,18.281158464579335,17.816689830999078,18.070695877075195,318500
2005-09-23,18.07070536563287,18.208594671772175,18.034419361806783,18.092477798461914,377300
2005-09-26,18.237621846023295,18.448084528435373,18.143277412535884,18.230365753173828,348200
2005-09-27,18.28842233144271,18.353738234243885,17.947327864765015,18.20133399963379,363500
2005-09-28,17.744127540221573,17.751383633756845,17.054682379693944,17.170799255371094,778200
2005-09-29,17.170795426082567,17.30868470428164,16.924046774240878,17.17805290222168,523800
2005-09-30,17.13451441542186,17.315947219027017,17.025653625880818,17.265146255493164,391100
2005-10-03,17.243375134280875,17.59172581152553,17.09097084784725,17.29417610168457,310400
2005-10-04,17.27965550565553,17.46108826387936,17.054679273040165,17.090965270996094,333000
2005-10-05,17.069199426210428,17.185316316112065,16.800678253173828,16.800678253173828,464500
2005-10-06,16.829703655470624,17.112738325692305,16.626498460513794,16.880504608154297,489000
2005-10-07,16.895025204572217,17.134516478802247,16.895025204572217,17.054685592651367,352100
2005-10-10,17.047429548716583,17.149031496573116,16.75713728039598,16.764394760131836,334600
2005-10-11,16.836971534087237,16.938573502224486,16.517649283083454,16.619251251220703,379100
2005-10-12,16.546675981762203,16.815197218807842,16.169296691734953,16.466846466064453,294500
2005-10-13,16.41604494424118,16.48135949702351,16.125751275674908,16.34347152709961,315100
2005-10-14,16.416037897218448,16.539412238130545,16.227347647339823,16.45958137512207,315500
2005-10-17,16.474101373270962,16.59747575195832,16.372498048090257,16.52490234375,447500
2005-10-18,16.524894771834575,16.590210670871233,16.321689598806973,16.495864868164062,309300
2005-10-19,16.401521722052568,16.691813860167585,16.263632437364645,16.546667098999023,403900
2005-10-20,16.47410351130361,16.53216196856065,15.922547475250308,16.169296264648438,507600
2005-10-21,16.169294234397942,16.47410144278088,16.14752179657679,16.35798454284668,819300
2005-10-24,16.365239912886,16.655533534083574,16.365239912886,16.58296012878418,431300
2005-10-25,16.51038491798063,16.58295831534371,16.19832027827508,16.394268035888672,252500
2005-10-26,16.394264317192615,16.619240552186827,16.103972177809414,16.183801651000977,191500
2005-10-27,16.118477977283252,16.118477977283252,15.741099070097986,15.864473342895508,416700
2005-10-28,16.038660020883764,16.241863873819916,15.929800616207624,16.198320388793945,312900
2005-10-31,16.198314652273645,16.7280979158416,16.18379970099788,16.553922653198242,387900
2005-11-01,16.474100023371307,16.90953766849591,16.401526621109703,16.655532836914062,297700
2005-11-02,16.662789488942977,16.974854160155044,16.65553339427426,16.924053192138672,414200
2005-11-03,17.06919488470833,17.265142603366105,16.967591594910516,17.025650024414062,366900
2005-11-04,17.02564615564188,17.112734472219017,16.633752191599342,16.87324333190918,219200
2005-11-07,16.960339266663002,17.112742158851418,16.836964903557995,16.895023345947266,206600
2005-11-08,16.757135426005096,16.89502475728169,16.53941659491369,16.74262046813965,201600
2005-11-09,17.998129489417998,18.310194062447408,17.432060156222445,17.961843490600586,1379200
2005-11-10,17.961844684350908,18.324710233529714,17.831212865170983,18.208593368530273,569800
2005-11-11,18.230362661706906,18.32470707919559,18.0634434858085,18.128759384155273,261800
2005-11-14,18.172381838247738,18.172381838247738,17.852547529690618,17.983388900756836,228900
2005-11-15,17.917957749487268,18.041529929267533,17.685351619651918,17.758041381835938,287800
2005-11-16,17.758043162453486,17.830732931926185,17.365519239166126,17.71442985534668,291900
2005-11-17,17.830738130183114,18.295950572126134,17.830738130183114,18.27414321899414,374800
2005-11-18,18.45587147859258,18.543099525833803,18.31049324844758,18.41225814819336,311600
2005-11-21,18.397711953148814,18.434057534799486,18.14329842736281,18.375905990600586,315600
2005-11-22,18.37591055425306,18.470406317128454,18.208723610023487,18.397716522216797,174100
2005-11-23,18.19418624183823,18.637591343925845,18.186917123909915,18.463136672973633,285500
2005-11-25,18.44132997294133,18.63759060343842,18.390446149464754,18.535825729370117,85900
2005-11-28,18.499480423648055,18.550362857645766,17.990653310786254,18.31775665283203,353500
2005-11-29,19.00830714890026,19.00830714890026,18.21599135559306,18.332294464111328,310400
2005-11-30,18.3759085120713,18.72481782514068,18.186915620881464,18.259605407714844,258500
2005-12-01,18.368630389561762,18.564892301862187,18.25959645598653,18.49947166442871,263500
2005-12-02,18.463134628916244,18.855658634934173,18.20872107536118,18.819313049316406,340200
2005-12-05,18.819310123786277,18.819310123786277,18.528552416255113,18.644855499267578,251700
2005-12-06,18.717549981205707,19.059190200189985,18.717549981205707,18.870197296142578,492000
2005-12-07,18.87019600285743,19.03011381109876,18.652128028909534,18.75389289855957,222000
2005-12-08,18.7393588059063,19.349950886476517,18.7393588059063,19.044654846191406,518800
2005-12-09,19.037380078183954,19.28452448442553,19.001034497005982,19.233640670776367,260200
2005-12-12,19.30633799871227,19.393566041218065,19.110077329348954,19.190034866333008,207600
2005-12-13,19.160955048763054,19.46625104254179,19.102803496921503,19.364484786987305,266700
2005-12-14,19.36447921541657,19.698851582131248,19.32086591069447,19.473514556884766,351200
2005-12-15,19.517121861903213,19.517121861903213,18.761150751420605,18.862916946411133,300900
2005-12-16,18.862932101328873,19.153689921100103,18.78297318097579,19.008310317993164,633000
2005-12-19,18.877468099030295,18.877468099030295,18.5285587310791,18.5285587310791,265700
2005-12-20,18.4994767398374,18.652124011433806,18.434056084455495,18.455862045288086,333800
2005-12-21,18.51401364222097,18.695737377412765,18.49220768132088,18.615779876708984,186800
2005-12-22,18.659386577949864,18.717538097162997,18.39770404826997,18.57942771911621,186200
2005-12-23,18.644854366761265,18.819308980683424,18.630316135657246,18.73208236694336,83500
2005-12-27,18.724817511256067,18.812044144840044,18.252335984422874,18.31775665283203,278500
2005-12-28,18.281421685976873,18.535835390189675,18.17965675886901,18.484952926635742,198200
2005-12-29,18.48493859307551,18.608510788647685,18.383173744877976,18.404979705810547,171400
2005-12-30,18.295946505159257,18.295946505159257,18.019727025766436,18.186912536621094,257700
2006-01-03,18.295950393035966,18.68120530927548,17.896158627959856,18.535825729370117,463400
2006-01-04,18.586701013611663,19.022838199044955,18.586701013611663,18.681198120117188,379600
2006-01-05,18.652119787231477,18.659388901343437,18.106948706810194,18.20871353149414,440100
2006-01-06,18.354097197557152,18.535820932186432,18.056070383680503,18.455862045288086,200200
2006-01-09,18.45586653275081,18.790239006719755,18.45586653275081,18.688472747802734,151600
2006-01-10,18.644861124130358,18.892005596701996,18.543096242404108,18.855661392211914,177200
2006-01-11,18.862930409246722,19.044654203607703,18.80477885050891,18.906543731689453,182800
2006-01-12,18.812038580570963,18.913804804908075,18.68119866889513,18.71027374267578,118800
2006-01-13,18.73935187755204,18.986496265762483,18.73935187755204,18.9283447265625,141100
2006-01-17,18.826583833653363,18.826583833653363,18.404984708248268,18.57217025756836,244900
2006-01-18,18.499482262615228,18.52855734788602,18.19418624183823,18.463136672973633,260900
2006-01-19,18.50673734360659,19.07371567646855,18.412241648017034,18.862916946411133,294000
2006-01-20,18.950156148401295,18.950156148401295,18.397715673574943,18.42679214477539,288000
2006-01-23,18.463137188461786,18.60124766007091,18.092420482422046,18.303220748901367,283700
2006-01-24,18.332283415849993,18.68119391757038,18.25959505666476,18.57942771911621,226800
2006-01-25,18.579438662572077,18.804777145385742,18.42679135464256,18.804777145385742,385900
2006-01-26,18.942885367854362,19.328140258789062,18.90654116848644,19.328140258789062,456100
2006-01-27,19.328135488283582,19.59708582468638,19.21910153064888,19.5534725189209,448700
2006-01-30,19.531667696149604,19.597086965384726,19.153681993668492,19.22637176513672,390100
2006-01-31,19.39356674619517,20.542061260021402,19.39356674619517,19.62617301940918,1026700
2006-02-01,19.46625217485868,19.46625217485868,18.85566015178417,19.088266372680664,710000
2006-02-02,19.059183951083032,19.110067759154045,18.703005613237952,18.790233612060547,413000
2006-02-03,18.652121999988488,19.051913618482537,18.630314655065536,18.71754264831543,196500
2006-02-06,18.673865648581973,18.812190970177205,18.33897437257168,18.601062774658203,240400
2006-02-07,18.564660472403467,19.081558195499632,18.43361558806945,18.484577178955078,251100
2006-02-08,18.455453523825597,18.819466408364175,18.324408663215877,18.659299850463867,242800
2006-02-09,18.65929692175894,18.892266297720607,18.564654197617276,18.622896194458008,278400
2006-02-10,18.55737913854633,18.7393856048584,18.360811821665507,18.7393856048584,249500
2006-02-13,18.673863697136152,18.70298539910213,18.40449489694675,18.520978927612305,191100
2006-02-14,18.571944303822317,18.899555186136404,18.571944303822317,18.819473266601562,278600
2006-02-15,18.87770944870705,19.110677485400853,18.746664580917027,18.91411018371582,222700
2006-02-16,19.0378850660708,19.059726352211992,18.7830756154894,18.885000228881836,207000
2006-02-17,18.426342199468532,18.928680651726115,18.426342199468532,18.826757431030273,190400
2006-02-21,18.783067687227355,18.790348112868045,18.28073081541257,18.484577178955078,280400
2006-02-22,18.5864965008562,18.63745807735126,18.440890806357054,18.571935653686523,204000
2006-02-23,18.5501073553209,18.630190682158872,18.368100804216258,18.3972225189209,180600
2006-02-24,18.346257728021488,18.60106574453882,18.21521281175569,18.55010414123535,223200
2006-02-27,18.55010557909842,18.819475859924264,18.55010557909842,18.593788146972656,225400
2006-02-28,18.528264912877425,18.53554395195396,18.018646084345,18.033206939697266,380100
2006-03-01,18.08417161548079,18.491865914372514,17.902165058472008,18.47002601623535,375300
2006-03-02,18.433613059350755,18.768505649885995,18.33897031620326,18.63018035888672,329000
2006-03-03,18.637469483233005,18.921399233808852,18.45546294802292,18.579227447509766,367600
2006-03-06,18.55738343115625,18.55738343115625,17.77111537035612,18.018644332885742,404400
2006-03-07,17.909433760049602,17.909433760049602,17.65462446936984,17.785669326782227,329700
2006-03-08,17.691036193637554,17.938565213971888,17.654635438894182,17.902164459228516,266800
2006-03-09,17.894877177168365,17.982240899133544,17.54542506650615,17.661909103393555,211200
2006-03-10,17.982246870324573,18.025928051512324,17.691035292806994,17.93856430053711,301300
2006-03-13,17.960395265351913,18.062318425757987,17.749267131826286,17.792949676513672,260100
2006-03-14,17.792958380783315,18.069607689478325,17.61095185467882,18.033206939697266,267500
2006-03-15,17.974955948347485,18.21520438752399,17.78566908890556,18.20064353942871,329700
2006-03-16,18.200642577091404,18.368088155536924,18.09143899934862,18.24432373046875,243000
2006-03-17,18.331693572919423,18.41177687146428,18.01864219344331,18.338973999023438,819800
2006-03-20,18.309849496659126,18.43361394431619,18.091442301310938,18.3753719329834,270600
2006-03-21,18.331690034618095,18.404492893006854,17.887593848185794,17.923995971679688,212700
2006-03-22,17.851194157834712,18.33169110727765,17.741990558161156,18.258888244628906,253500
2006-03-23,18.22248687589639,18.48457522830745,18.0331999950112,18.40449333190918,274700
2006-03-24,18.42633550821988,18.448176785551826,18.21520871507465,18.368093490600586,166000
2006-03-27,18.273442269491305,18.346245104947165,18.01863303969509,18.229761123657227,185900
2006-03-28,18.16425542369001,18.200656180611286,17.90216553033725,17.931285858154297,166300
2006-03-29,17.99680199684052,18.20064977420742,17.89487880245676,18.069604873657227,238300
2006-03-30,18.098734982056573,18.273461134372642,17.93856830098349,18.047773361206055,174200
2006-03-31,18.03320433579009,18.164249237839012,17.8366369827167,17.967681884765625,236300
2006-04-03,18.025926970190945,18.14969146663174,17.80751830015444,17.909442901611328,585300
2006-04-04,17.87303467416472,18.222488149467907,17.87303467416472,18.113283157348633,336300
2006-04-05,18.055040469565025,18.120562906953374,17.800232533720454,17.960397720336914,258800
2006-04-06,17.909438183488803,17.974960628378337,17.530864366037992,17.647348403930664,617100
2006-04-07,17.734714859775398,17.945841690268235,17.217815646942146,17.407102584838867,576500
2006-04-10,17.407102643286915,17.41438307037656,17.18869538499553,17.319740295410156,248100
2006-04-11,17.392544255514483,17.458066720013424,17.07221374974153,17.268779754638672,351200
2006-04-12,17.210540478776252,17.559994141688385,17.210540478776252,17.523591995239258,446100
2006-04-13,17.47263029951631,17.72015933984745,17.3707070671211,17.530872344970703,211500
2006-04-17,17.58182111252903,17.640063115420684,17.36341394883506,17.392534255981445,306100
2006-04-18,17.465348103856588,17.82936119828111,17.421666921333575,17.807519912719727,614300
2006-04-19,17.756561692313028,18.004090754875655,17.53815434939307,17.640077590942383,413100
2006-04-20,17.603668494015693,17.880317756617547,17.428942424698835,17.494464874267578,482700
2006-04-21,17.763841700988905,17.836644609769184,17.363427785597345,17.472631454467773,389700
2006-04-24,17.37070535720157,17.37798578574169,17.10861548415619,17.225099563598633,277700
2006-04-25,17.232376759665225,17.348860817257425,16.890205014063074,17.006689071655273,472000
2006-04-26,17.035806701553703,17.283335631998614,16.89748138428172,16.948444366455078,614800
2006-04-27,16.824681102463554,17.174133245006438,16.74459779907271,16.882923126220703,441000
2006-04-28,16.780993250234577,17.13772709540253,16.715470820599563,16.759153366088867,448500
2006-05-01,16.78099371603647,17.36341517467008,16.78099371603647,16.933879852294922,563700
2006-05-02,16.912042541373214,17.086768603321275,16.875641799192106,16.919322967529297,335100
2006-05-03,16.963001176066395,17.115887321469078,16.81739684414853,16.97028160095215,404200
2006-05-04,16.861076057726248,17.043082493054555,16.722750778069045,16.89019775390625,467200
2006-05-05,16.970287177500154,17.217816150559145,16.897484293318183,17.19597625732422,513900
2006-05-08,17.130446920189748,17.239650508302685,16.91931877971897,16.955720901489258,408600
2006-05-09,16.890210079932462,16.984852884387468,16.671801364990284,16.730043411254883,429200
2006-05-10,16.38058316576612,16.708195384521137,15.79816298642302,16.562589645385742,1066900
2006-05-11,16.555309844293813,16.708196015015155,16.23497803926757,16.635393142700195,1164000
2006-05-12,16.635392566501693,16.904761379557858,16.577150548386907,16.773717880249023,669200
2006-05-15,16.664320384073786,17.05813729125728,16.642441126058177,16.919572830200195,898000
2006-05-16,16.926871021564917,16.926871021564917,16.773720329719637,16.802892684936523,528100
2006-05-17,16.729962159620722,16.846648791287343,16.576810086174298,16.6132755279541,501900
2006-05-18,16.63516126568349,16.7883134115271,16.503888395250407,16.518474578857422,393000
2006-05-19,16.511178952067016,16.569522286522506,16.306977976980207,16.48200798034668,552700
2006-05-22,16.33614317054214,16.744546367276754,16.299679121035492,16.554931640625,673400
2006-05-23,16.627860806446588,16.627860806446588,16.255923026370205,16.2705078125,450000
2006-05-24,16.19028378042894,16.635150977181386,16.08088886204988,16.533050537109375,634700
2006-05-25,16.64244074848429,16.846642978955384,16.554926500435172,16.74454116821289,505200
2006-05-26,16.77372174370758,16.934165537882144,16.635155826775478,16.722671508789062,445700
2006-05-30,16.635151839237157,16.649738014578798,16.336142199804765,16.343435287475586,397100
2006-05-31,16.416362609105967,16.686199862284173,16.26321057023629,16.591392517089844,380700
2006-06-01,16.605988873720744,17.160251284397766,16.59140269135729,17.007099151611328,597300
2006-06-02,17.007093749966884,17.02897301656296,16.72996332815557,16.75913429260254,557000
2006-06-05,16.69350093880608,16.810187599977017,16.343440955293264,16.39449119567871,422400
2006-06-06,16.41636646625718,16.70808304810469,16.241336517148678,16.489295959472656,453100
2006-06-07,16.540350217649745,16.897703291362582,16.343440955293264,16.39449119567871,572100
2006-06-08,16.321566008878666,16.540354599800395,16.204879316793118,16.423667907714844,659800
2006-06-09,16.416363047328776,16.481999438451602,16.095474178618748,16.117353439331055,458700
2006-06-12,16.117356836204213,16.117356836204213,15.91315453289422,15.935033798217773,469600
2006-06-13,15.91315426123166,16.255922457043784,15.862104034029267,15.92044734954834,447900
2006-06-14,15.905859710177618,16.044425593422986,15.716243604424548,15.84022331237793,337100
2006-06-15,15.840223502926069,16.3361423407052,15.687072833560649,16.21945571899414,656300
2006-06-16,16.219451209143582,16.314259932305973,15.803755061006287,15.869391441345215,1165800
2006-06-19,15.927737243893796,15.993373634567558,15.614141464233398,15.614141464233398,612200
2006-06-20,15.592266398342472,15.687075161938754,15.519338292209286,15.555802345275879,578900
2006-06-21,15.60684633704623,15.978785371901404,15.60684633704623,15.789169311523438,352800
2006-06-22,15.723535811913667,15.832929338451542,15.643314634326776,15.73812198638916,338200
2006-06-23,15.716247414443599,15.840227152452831,15.606853855262411,15.760005950927734,262400
2006-06-26,15.847518127937951,15.964204760968121,15.774588634540496,15.935033798217773,274500
2006-06-27,15.935033213529712,16.044426754104833,15.847517546461013,15.956911087036133,597900
2006-06-28,15.986084596845396,16.080891967935752,15.898568923442083,15.993377685546875,468000
2006-06-29,16.09547804384552,16.635154085222013,16.073600168893474,16.598690032958984,501900
2006-06-30,16.657027521031655,16.737250077148786,16.562218792708872,16.671613693237305,499600
2006-07-03,16.678907950698324,16.824765509956556,16.678907950698324,16.788301467895508,206300
2006-07-05,16.686206061693998,16.795601011964617,16.54034844635746,16.722671508789062,331900
2006-07-06,16.69348955222783,16.897691765498628,16.67890477279074,16.795591354370117,180500
2006-07-07,16.72996332815557,16.89040711015007,16.686204794963412,16.75913429260254,403400
2006-07-10,16.78100838128049,16.890401898477673,16.72995816598941,16.788301467895508,220300
2006-07-11,16.722672092056992,16.846651834475338,16.591399259965257,16.8101863861084,348000
2006-07-12,16.759137717760787,16.810187959237258,16.482007239310775,16.547643661499023,364700
2006-07-13,16.53305153647296,16.53305153647296,16.168405495872335,16.21945571899414,983500
2006-07-14,16.175697359762307,16.255919927749414,16.000667440438377,16.12464714050293,367400
2006-07-17,16.08089450038818,16.21946042550906,15.927743786581939,16.000673294067383,223300
2006-07-18,16.07360513481473,16.285099207107102,15.920453007762102,16.131948471069336,224600
2006-07-19,16.16840388568417,16.613272456037674,16.146524624661925,16.496585845947266,252500
2006-07-20,16.496587346534312,16.700788237260294,16.30697124013573,16.343435287475586,277700
2006-07-21,16.3507252365959,16.387189276936418,16.131938212524837,16.328845977783203,295200
2006-07-24,16.34343247282041,16.74454248853689,16.34343247282041,16.686199188232422,251500
2006-07-25,16.71538016369181,17.050853965887097,16.591400412659915,16.875823974609375,291200
2006-07-26,16.77371529466547,16.93415902715374,16.452826438674897,16.788301467895508,269700
2006-07-27,16.78830547545403,16.985214688021845,16.511173681985028,16.6132755279541,321700
2006-07-28,16.700786848215177,17.058139768277975,16.700786848215177,17.028968811035156,340200
2006-07-31,17.02897216707813,17.06543621857146,16.72996249358674,16.8976993560791,267200
2006-08-01,16.802885198248262,16.839349235008008,16.59138989020299,16.70807647705078,260900
2006-08-02,16.883109851778695,17.25504894596996,16.883109851778695,17.028968811035156,478700
2006-08-03,16.91228284108561,17.138362984589847,16.664323435559346,17.065433502197266,348500
2006-08-04,17.152951547165816,17.298809141241907,16.56222390946238,16.6132755279541,603000
2006-08-07,16.53305822411838,16.598694649257663,16.40907846452361,16.48200798034668,571400
2006-08-08,16.48929106681145,16.6205638374455,16.31426116963738,16.37989616394043,679200
2006-08-09,16.56222279159041,16.773718166595202,16.460122343527008,16.525758743286133,418800
2006-08-10,16.46741215984416,16.76642174778132,16.38718960029526,16.686199188232422,282300
2006-08-11,16.657033351188485,16.72996284672897,16.467417219189,16.598690032958984,283700
2006-08-14,16.70827568480611,16.86169599386473,16.452573776245117,16.452573776245117,345600
2006-08-15,16.73019079179187,16.83247238344587,16.5402408569638,16.774024963378906,341900
2006-08-16,16.86900537366893,17.102789545859903,16.737501428445615,17.066261291503906,286000
2006-08-17,17.066252803950558,17.263507230221478,16.949360775988943,17.256202697753906,311900
2006-08-18,17.29273745318119,17.373101275249965,16.963977629684745,17.248903274536133,272400
2006-08-21,17.153923986857773,17.205064083430514,16.993197769991568,17.132007598876953,247700
2006-08-22,17.110096032449906,17.28543416730134,17.066261847102954,17.17584800720215,460800
2006-08-23,17.197758940099913,17.270815422063684,16.971279386930387,17.168535232543945,312300
2006-08-24,17.256205747699852,17.292733990345454,16.99319794156949,17.161230087280273,248200
2006-08-25,17.088174787304204,17.300042528318457,16.96397679271804,17.19045639038086,233300
2006-08-28,17.175843580042027,17.34387574178056,17.066257448189212,17.212371826171875,255900
2006-08-29,17.263509133411883,17.409624881203666,17.051642831923147,17.402318954467773,334800
2006-08-30,17.46807090162777,17.577657015740087,17.373096640987242,17.402318954467773,243400
2006-08-31,17.42424612405363,17.42424612405363,17.32196448809781,17.373106002807617,176400
2006-09-01,17.416938885269523,17.6141948182295,17.3511869076162,17.548442840576172,231700
2006-09-05,17.48268188445561,17.636102157879854,17.28542605279903,17.3438720703125,415700
2006-09-06,17.219675937726475,17.35117983946388,17.04433786656431,17.132007598876953,288300
2006-09-07,17.029730399549116,17.183152122255702,16.905532392963206,16.92745018005371,348000
2006-09-08,16.94936473633058,17.095479108691833,16.83977721523062,17.037033081054688,191200
2006-09-11,17.04433502615917,17.307342785804252,16.956665308456515,17.256202697753906,241800
2006-09-12,17.789525014775197,18.118283362731738,17.716467139630502,18.059837341308594,705100
2006-09-13,18.04523427468004,18.26440659645201,17.98678822930994,18.17673683166504,386800
2006-09-14,18.118285764881456,18.227873288859314,18.037923345684476,18.205955505371094,249700
2006-09-15,18.293630315868878,18.337464501530544,18.001398695554737,18.17673683166504,770100
2006-09-18,18.096369572318306,18.205955704028685,17.877195915434285,18.08906364440918,505400
2006-09-19,18.07445463313714,18.118288814027235,17.745696186266212,17.89911651611328,608500
2006-09-20,18.008700408764486,18.249790463649113,17.986784017797085,18.198650360107422,329500
2006-09-21,18.19134626041826,18.264404155733885,17.796835855255402,17.92103385925293,278900
2006-09-22,17.884500426631465,17.884500426631465,17.563047984873158,17.818748474121094,275700
2006-09-25,17.847975963937305,18.008702218860922,17.672637851257875,17.92103385925293,245800
2006-09-26,17.847973212245975,17.972171197095417,17.716469299645006,17.862585067749023,240700
2006-09-27,17.7749068571204,17.862576554894282,17.541122854340138,17.80413055419922,202300
2006-09-28,17.826054495676594,17.906418303272538,17.57765853898292,17.738386154174805,171300
2006-09-29,17.767607621718913,17.906417448175088,17.570351772564837,17.57765769958496,296800
2006-10-02,17.62879787489765,17.884499747904712,17.519211756026937,17.643409729003906,507300
2006-10-03,17.614193408124542,17.7530018889793,17.475383533806212,17.592275619506836,176200
2006-10-04,17.519213430743555,17.906419240794936,17.42423915690021,17.862585067749023,211200
2006-10-05,17.789527764090003,17.99408817395364,17.745693589613982,17.972171783447266,260700
2006-10-06,17.899114471035436,17.921032255707992,17.643412557042264,17.767610549926758,169500
2006-10-09,17.716469736696066,17.84797365254113,17.577659892919247,17.840667724609375,135500
2006-10-10,17.840668369300673,17.86258615388796,17.64341248840503,17.701858520507812,224700
2006-10-11,17.599574795947767,17.694549056588293,17.24889867340314,17.402318954467773,445300
2006-10-12,17.475380320292437,17.709164448703575,17.300042223984086,17.701858520507812,333900
2006-10-13,17.70186007125194,17.796835752653738,17.395018027466065,17.47538185119629,364200
2006-10-16,17.48998772248057,17.636102068794695,17.43154170526233,17.52651596069336,375000
2006-10-17,17.40231808782597,17.533821975597025,17.3438720703125,17.3438720703125,275700
2006-10-18,17.475384932798736,17.679946795882824,17.387715164773073,17.548442840576172,369800
2006-10-19,17.497295219713923,17.68724374762947,17.336567612836486,17.36579132080078,417000
2006-10-20,17.42424612405363,17.497304037318134,17.234296106951444,17.373106002807617,271900
2006-10-23,17.2635094747823,17.51190541486231,17.2196753069632,17.41693115234375,505900
2006-10-24,17.42423370375383,17.519207947873717,17.314647608703865,17.497291564941406,343900
2006-10-25,17.53382727059835,17.643413412346913,17.212373380467632,17.51190948486328,282500
2006-10-26,17.606880012814806,17.723772048950195,17.36579001410269,17.723772048950195,362000
2006-10-27,17.723778774475836,17.826058996540155,17.53382879531101,17.599580764770508,405600
2006-10-30,17.5849622334908,17.760300287693887,17.541128068305774,17.723772048950195,247100
2006-10-31,17.767600932850694,17.899104782780235,17.61418070357461,17.80413055419922,463400
2006-11-01,17.869881085701415,18.096360557674544,17.62879115865145,17.80413055419922,894700
2006-11-02,17.716475134801417,17.950259325997184,17.628805366371157,17.891813278198242,416800
2006-11-03,17.96487627345598,18.17674273417283,17.884512412426787,18.162132263183594,503000
2006-11-06,18.24249285474064,18.344774501931457,18.096378405625675,18.227882385253906,368700
2006-11-07,18.205957294568858,18.731971608811197,18.154817188200443,18.600467681884766,455200
2006-11-08,18.49088377373104,18.695445617372872,18.344769365527064,18.615081787109375,394300
2006-11-09,18.60045984480023,18.607765770269364,18.23517193212029,18.32284164428711,437700
2006-11-10,18.32285074566704,18.571246761150416,18.32285074566704,18.5566349029541,263100
2006-11-13,18.5419961887941,18.59323717097163,18.35167154341182,18.446834564208984,316600
2006-11-14,18.446836448703678,18.93728809369687,18.432195767668134,18.915327072143555,467400
2006-11-15,18.86408066786602,19.14224654660441,18.820158637371705,19.061725616455078,509100
2006-11-16,19.13492045472641,19.29596505902598,19.010477531500086,19.28132438659668,395800
2006-11-17,19.325247262287846,19.493610826233134,19.09100206093587,19.486291885375977,605100
2006-11-20,19.4863009771391,19.574142270524614,19.222774304558186,19.43505859375,493600
2006-11-21,19.391130447387695,19.47165276535861,19.23740754531047,19.391130447387695,229500
2006-11-22,19.39113989231245,19.39113989231245,19.061732914753467,19.142253875732422,353100
2006-11-24,19.010479268283177,19.12760186599508,18.90799734433814,19.09832191467285,75400
2006-11-27,19.003166035260115,19.010486374880074,18.424873167403653,18.520034790039062,525600
2006-11-28,18.505391711652557,18.58591263853363,18.315067109204293,18.57859230041504,535800
2006-11-29,18.666437288128773,18.84944157526729,18.541994317026106,18.739639282226562,239900
2006-11-30,18.746948123560557,18.951911905873672,18.52734227595373,18.84210968017578,424800
2006-12-01,18.783557744284952,18.834798715354,18.432189888772836,18.710355758666992,376300
2006-12-04,18.75427440661286,18.981199264526367,18.732313396023237,18.981199264526367,318800
2006-12-05,18.981195587044684,19.15687944908963,18.8933529579166,18.99583625793457,208400
2006-12-06,18.929959984698154,18.99584162610939,18.805517039389336,18.900678634643555,194300
2006-12-07,18.944595647471598,19.09831991349296,18.732311484941867,18.812833786010742,155500
2006-12-08,18.812833786010742,18.959236319704367,18.629829571735193,18.812833786010742,215000
2006-12-11,18.776239646292822,18.849441640644503,18.666437352871256,18.746959686279297,223400
2006-12-12,19.186166894798003,19.325250530199188,18.995843683674405,19.200807571411133,493400
2006-12-13,19.310604507779377,19.398447146928667,19.171522307092463,19.24472427368164,369300
2006-12-14,19.25205053851887,19.581458815393432,19.230090917535176,19.325252532958984,269500
2006-12-15,19.325248543559088,19.420411535549878,19.193485260009766,19.193485260009766,392900
2006-12-18,19.200811373158825,19.33989503609848,18.88604374471162,18.96656608581543,243600
2006-12-19,18.864082178515254,18.944603115112763,18.534673904487576,18.673757553100586,621200
2006-12-20,18.681077892102522,18.90068247731304,18.50539394469173,18.673757553100586,637600
2006-12-21,18.688398203009406,18.81284117343146,18.35898992947694,18.49807357788086,505500
2006-12-22,18.4834250379385,18.57858661191966,18.37362279220291,18.417543411254883,257100
2006-12-26,18.37363426330167,18.739642908402452,18.37363426330167,18.659120559692383,207400
2006-12-27,18.70303543624971,18.886039702343002,18.65911480332661,18.768917083740234,204200
2006-12-28,18.76159679576037,18.827478443427204,18.65179451505289,18.717676162719727,138500
2006-12-29,18.64447602792006,18.724998359998843,18.41023076683112,18.42487144470215,219000
2007-01-03,18.541992184723842,19.069043968436294,18.541992184723842,18.768917083740234,725300
2007-01-04,18.717676476692958,18.739637491687528,18.45414988160518,18.695716857910156,313200
2007-01-05,18.036890426843033,18.695706551371398,18.036890426843033,18.2930965423584,310100
2007-01-08,18.285787440935206,18.307748457313703,18.036901506826375,18.21258544921875,218400
2007-01-09,18.219911952017465,18.366315984980545,17.75142128047534,18.26383399963379,268200
2007-01-10,18.117429787840482,18.315074811526063,18.04422777208149,18.183311462402344,200000
2007-01-11,18.249184025561288,18.585911175235186,18.249184025561288,18.571271896362305,231900
2007-01-12,18.563955195801668,18.790880119223313,18.527353500919535,18.66643714904785,164800
2007-01-16,18.68106827274123,18.82747078875786,18.520023690048394,18.556625366210938,223800
2007-01-17,18.483430828386304,18.783557712318608,18.461469813874768,18.593233108520508,156800
2007-01-18,18.66644109080609,18.812845108826696,18.541998094352227,18.681081771850586,257200
2007-01-19,18.68107385315043,18.790876122015828,18.534669897188834,18.761594772338867,153200
2007-01-22,18.746957401574555,18.75427773973878,18.41022882707893,18.534671783447266,197500
2007-01-23,18.49074374532954,18.78355017357399,18.41754178921563,18.556625366210938,230800
2007-01-24,18.578590854767985,18.8421174216848,18.520029550587765,18.79819679260254,191600
2007-01-25,18.739642657035173,18.776242962569437,18.37363401684391,18.45415496826172,338300
2007-01-26,18.520034790039062,18.571277167378767,18.37363218627597,18.520034790039062,334200
2007-01-29,18.483428931465756,18.907998728300466,18.483428931465756,18.761594772338867,249800
2007-01-30,18.7981964813404,18.85675778455096,18.615192234280954,18.82015609741211,169700
2007-01-31,18.739643088353603,19.032449728003524,18.30043243077262,18.915327072143555,382200
2007-02-01,18.981197457019977,19.23740363798879,18.907995491570123,19.04707908630371,251700
2007-02-02,19.127609324012198,19.47165831062359,19.06172905879704,19.252052307128906,398100
2007-02-05,19.222768886999635,19.222768886999635,18.98120330395169,19.12028694152832,233100
2007-02-06,19.1788444104546,19.252044987576884,19.06904075234816,19.230085372924805,214600
2007-02-07,19.230090917535176,19.347213550154592,19.076366589589743,19.325252532958984,206600
2007-02-08,19.27400777133998,19.42041173147438,19.21544646652855,19.38381004333496,225900
2007-02-09,19.405813835048015,19.44248476979923,19.16379126110251,19.25913429260254,380900
2007-02-12,19.332473289163264,19.471818634033504,19.1344544531649,19.420480728149414,194000
2007-02-13,19.493824315500763,19.64050526910869,19.398482674852886,19.63317108154297,288300
2007-02-14,19.603837806140497,19.787188331223415,19.52316452632439,19.66250991821289,298000
2007-02-15,19.64050289170965,19.853188709957866,19.530491490393494,19.721176147460938,245500
2007-02-16,19.72117575749439,19.867856690446747,19.581830409928006,19.816518783569336,266900
2007-02-20,19.801843714024027,19.985194118783507,19.6624970147281,19.88985252380371,245800
2007-02-21,19.80185496578032,19.80185496578032,19.51582861946324,19.691844940185547,259200
2007-02-22,19.69183952168135,19.94119625713706,19.581829526357474,19.9118595123291,444300
2007-02-23,19.882522019955708,20.014534559634136,19.765177851097736,19.948528289794922,304300
2007-02-26,19.992528302836195,19.999862486888883,19.76517419261316,19.88985252380371,276500
2007-02-27,19.655175701632555,19.655175701632555,19.02445084745705,19.127126693725586,393700
2007-02-28,19.075785084964576,19.13445718561822,18.672413168974202,18.98044204711914,389000
2007-03-01,18.70174332544122,19.112447885223126,18.55506242609275,18.973102569580078,337300
2007-03-02,18.921766247444324,18.958437177467307,18.555065340332202,18.584402084350586,400500
2007-03-05,18.36438734433637,18.672414851381745,18.078359603881836,18.078359603881836,510700
2007-03-06,18.122355359383388,18.46705505410245,18.115022573364147,18.342376708984375,374900
2007-03-07,18.291036971436846,18.577063158371203,18.195693976557,18.511056900024414,357700
2007-03-08,18.591733313181088,18.767749552735665,18.511058678815466,18.569730758666992,256800
2007-03-09,18.74575658238662,18.84109963517446,18.555071875664385,18.738422393798828,286100
2007-03-12,18.687073994709387,18.797083964136856,18.584398209757435,18.7310791015625,204200
2007-03-13,18.61373904909771,18.66507835559692,18.33504695093879,18.364383697509766,226500
2007-03-14,18.34238578953663,18.672415879043182,18.23237575970111,18.60641098022461,325700
2007-03-15,18.621065831654942,18.841087146893443,18.599064679327853,18.811750411987305,269500
2007-03-16,18.819090075399334,18.90709890689138,18.503727077594473,18.848426818847656,847100
2007-03-19,18.921774785863576,19.024452037407915,18.848435690429366,18.995115280151367,240700
2007-03-20,18.95843741130551,19.11978530883789,18.892431135302957,19.11978530883789,211200
2007-03-21,19.207799721616574,19.43515396118164,19.06845294304614,19.43515396118164,353900
2007-03-22,19.501159083552825,19.56716537475586,19.317808585511788,19.56716537475586,254700
2007-03-23,19.552487706092762,19.58915722873101,19.46448029221992,19.530485153198242,179400
2007-03-26,19.530492995492065,19.662505568162413,19.325141348096576,19.647838592529297,244200
2007-03-27,19.603832717443613,19.603832717443613,19.47182014983473,19.515825271606445,194700
2007-03-28,19.420478847811495,19.442481404854203,19.222460030985793,19.339805603027344,800500
2007-03-29,19.435156302145625,19.530497962849275,19.259139960101827,19.42782211303711,211400
2007-03-30,19.457147708893896,19.603827210368586,19.281131467812628,19.479148864746094,385200
2007-04-02,19.537828042041845,19.63317108154297,19.36181173702428,19.63317108154297,215000
2007-04-03,19.699174741880643,19.95586427815883,19.691840555293687,19.926528930664062,233400
2007-04-04,19.93386885649435,20.051213077964604,19.809190446325523,20.014543533325195,201800
2007-04-05,20.021876323170307,20.09521681130258,19.875196745759222,20.014543533325195,178600
2007-04-09,19.992526619201723,20.124539123327768,19.735835794384688,19.853179931640625,207800
2007-04-10,19.838509634037816,20.14653831406966,19.838509634037816,19.999858856201172,158700
2007-04-11,19.9852095131251,19.9852095131251,19.442492064851297,19.545167922973633,361900
2007-04-12,19.47181376057285,19.65516417789972,19.369137974502653,19.6404972076416,279300
2007-04-13,19.618501843556693,19.69917650437817,19.55249555722152,19.647838592529297,664600
2007-04-16,19.691839808962392,20.007202825983804,19.647836089961473,19.963197708129883,221400
2007-04-17,19.948529286428197,20.0145355595651,19.779845811271166,19.87518882751465,156400
2007-04-18,19.765180494262054,19.765180494262054,19.398479567829387,19.420480728149414,299600
2007-04-19,19.27380833831886,19.501162605268743,18.965779390028825,19.42782211303711,362400
2007-04-20,19.47182482043273,19.618505797149062,19.43515527568038,19.501161575317383,398300
2007-04-23,19.44981575012207,19.493819465715653,19.31780320448843,19.44981575012207,281200
2007-04-24,19.44982157368964,19.52316205420678,19.24446850801232,19.47182273864746,299500
2007-04-25,19.589161965381262,19.765179633393185,19.523157088442993,19.603830337524414,263300
2007-04-26,19.545162811403753,19.669841206025787,19.442486980133822,19.56716537475586,135500
2007-04-27,19.537824912699627,19.537824912699627,19.332473289163264,19.420480728149414,149800
2007-04-30,19.486484462434763,19.486484462434763,18.723747362450162,18.74574851989746,364500
2007-05-01,18.826431116300725,19.046451176864686,18.665083165144043,18.885103225708008,461500
2007-05-02,19.244463307891156,19.457150504034487,18.936434492035495,19.38381004333496,350100
2007-05-03,19.383812055399133,19.41314740341223,19.215129957477863,19.237131118774414,342000
2007-05-04,19.251794746505805,19.398475646972656,19.14911895549065,19.398475646972656,203900
2007-05-07,19.420487281057582,19.69918086254157,19.354480980119455,19.66250991821289,370500
2007-05-08,18.51839352389188,19.809180725498756,18.503725153692844,19.728506088256836,726000
2007-05-09,19.69917362790444,20.351900809848612,19.691839441732228,20.227222442626953,472500
2007-05-10,20.22722305726985,20.53525189159794,20.036538407556936,20.249225616455078,716800
2007-05-11,20.35190627716226,20.49125305416231,20.117217852016925,20.432580947875977,435500
2007-05-14,20.461962390760792,20.498697848365325,20.101949581038447,20.182767868041992,307400
2007-05-15,20.20481346506068,20.454618543647246,20.006438596529918,20.153383255004883,428200
2007-05-16,20.190118823523733,20.41053581237793,20.021133446359872,20.41053581237793,321800
2007-05-17,20.278280522395523,20.410530400367335,20.21215558340962,20.270933151245117,308100
2007-05-18,20.270939040768276,20.572174338617145,20.05786941960445,20.56482696533203,475100
2007-05-21,20.49870325956272,20.954230621494446,20.46196779226085,20.88075828552246,655400
2007-05-22,20.902797883965263,21.321588326683038,20.82932555686065,21.196685791015625,605500
2007-05-23,21.255461344865264,21.431794072275085,21.159946908329974,21.277502059936523,1557700
2007-05-24,21.27749719111307,21.850579475085397,21.262803851550416,21.306886672973633,908900
2007-05-25,21.38036827823809,21.652214096882425,21.196688140798535,21.31424331665039,405000
2007-05-29,21.431794019976884,21.95344482878701,21.358321700060092,21.93140411376953,676100
2007-05-30,21.82119595839547,22.019569396972656,21.674251321095117,22.019569396972656,761400
2007-05-31,22.01957195382428,22.22529418965909,21.916711536590917,22.09304428100586,539700
2007-06-01,22.188559757107534,22.35754513651457,22.144475517930626,22.247337341308594,387300
2007-06-04,22.22529147106574,22.43101368173665,22.100388950545533,22.115083694458008,835400
2007-06-05,22.07100337682317,22.07100337682317,21.718336489613,21.799156188964844,564100
2007-06-06,21.674259139715822,21.92406427241863,21.519968476123843,21.843244552612305,524500
2007-06-07,21.740375764905178,21.865278283311206,21.512612843588737,21.564043045043945,616900
2007-06-08,21.505267759899958,21.872627982372997,21.226073206054348,21.81385040283203,716500
2007-06-11,21.747723875844297,21.850584282250473,21.60077923694867,21.674251556396484,487200
2007-06-12,21.56404449601197,21.96079279205356,21.453836713854198,21.615474700927734,552000
2007-06-13,21.659561311791965,22.041616331194376,21.45384045624315,21.953449249267578,378800
2007-06-14,21.953446616940298,22.210599056910688,21.946100645581424,22.012224197387695,315600
2007-06-15,22.673474905835228,22.776335326614397,22.19590546337623,22.254684448242188,753500
2007-06-18,22.298773705995227,22.51184198201042,22.129788279954123,22.364898681640625,387900
2007-06-19,22.320806360645708,22.724903443648426,22.078348671391286,22.58530616760254,359800
2007-06-20,22.629393626753195,22.879198739631562,22.43836750642815,22.563268661499023,521000
2007-06-21,22.489800396150468,22.717563413887873,22.284078101871486,22.555925369262695,229500
2007-06-22,22.55591780961556,22.754291261098622,22.416320535235027,22.423667907714844,865600
2007-06-25,22.431021278241037,22.651436906102607,22.14447928037893,22.19590950012207,502500
2007-06-26,22.328156556684508,22.423671010771724,22.15182379687142,22.31346321105957,565700
2007-06-27,22.151818900137286,22.937969472702488,22.04895849665934,22.930622100830078,373900
2007-06-28,22.937967220133707,23.29797999832021,22.84980156905868,22.90123176574707,569400
2007-06-29,22.99675210988102,23.055529696434412,22.45305908392006,22.48244857788086,393900
2007-07-02,22.629384946878435,22.761634826660156,22.577954749489493,22.761634826660156,705500
2007-07-03,22.84980709691562,22.886542560189348,22.57061253111013,22.607349395751953,256400
2007-07-05,22.563266883536652,22.666128711031245,22.313463191710873,22.48244857788086,635100
2007-07-06,22.504486083984375,22.66612547495487,22.28407051622025,22.504486083984375,581700
2007-07-09,22.5706151416264,22.73225456200945,22.33550478619825,22.717559814453125,542300
2007-07-10,22.570613981985222,22.570613981985222,22.078351175086087,22.100393295288086,387700
2007-07-11,22.026924391390796,22.239994049072266,21.997536294581728,22.239994049072266,412500
2007-07-12,22.3354980940371,22.453053236529307,22.195900836814666,22.394275665283203,547900
2007-07-13,22.335507966717667,22.504493383573713,22.188564674334852,22.47510528564453,345300
2007-07-16,22.386934547091013,22.761642193965656,22.328156959426455,22.379587173461914,376900
2007-07-17,22.43836212158203,22.710207890060968,22.35019505527904,22.43836212158203,445600
2007-07-18,22.364889420898077,22.57061023650564,22.107737000020666,22.526527404785156,712000
2007-07-19,22.563269978300934,22.60000685079074,22.30611887771427,22.320812225341797,460200
2007-07-20,22.2693762947551,22.328153874298238,21.872627983180944,21.98283576965332,822500
2007-07-23,22.041611376263546,22.22529147106574,22.00487591785027,22.115083694458008,787900
2007-07-24,21.82119597522868,21.916709008590047,21.28484902962618,21.38036346435547,570400
2007-07-25,21.38036882508065,22.02692230880267,21.343631955832183,21.51996612548828,773000
2007-07-26,20.983614614901523,21.101169768939336,20.594213692664255,20.88810157775879,1353100
2007-07-27,20.78524472025446,20.98361820073782,20.32971736948806,20.337064743041992,656700
2007-07-30,20.35910844884282,20.814635866431207,19.93297052978136,20.733816146850586,987700
2007-07-31,20.902797263616694,20.902797263616694,20.065215001670637,20.0946044921875,839800
2007-08-01,19.969699450954504,20.410531943738796,19.756629875584412,20.359100341796875,642100
2007-08-02,20.373793351625558,20.660335218306145,20.270932959229714,20.61625099182129,588300
2007-08-03,20.57217371962565,20.60890918357773,19.94766102286339,19.984397888183594,800100
2007-08-06,20.03582439494054,20.476656887724833,19.690504931598376,20.359100341796875,689400
2007-08-07,20.234202957302923,20.439923797526127,19.7860230101856,20.153383255004883,747900
2007-08-08,20.359102900902702,20.799935449098925,19.800716594737935,20.432575225830078,977700
2007-08-09,19.852143361949345,20.138683838011733,18.698632684975554,19.65376853942871,1056100
2007-08-10,19.359876006412488,21.461174657913645,19.183543340638316,21.10116195678711,1425300
2007-08-13,21.34412931113009,21.425118178676964,20.806661054849485,20.880287170410156,637200
2007-08-14,20.998105093311718,21.34414628606056,20.357559204101562,20.357559204101562,714200
2007-08-15,20.38699796566983,20.909740819104165,20.18820783648989,20.247108459472656,618100
2007-08-16,20.24710820504305,20.843477180787144,19.937879587193965,20.593149185180664,839500
2007-08-17,21.712266813451816,21.712266813451816,20.53425272549924,20.74776840209961,918800
2007-08-20,20.445894138067754,20.850835657390423,20.401717627220638,20.63732147216797,562700
2007-08-21,20.53424969105107,20.777214946687575,20.4238111938166,20.60787582397461,500200
2007-08-22,20.799310293695914,20.90974882855422,20.556344955286775,20.806673049926758,544800
2007-08-23,20.828754222745232,20.86556658705616,20.41644844009408,20.60787582397461,511400
2007-08-24,20.519530892160425,20.740407943725586,20.504805380908866,20.740407943725586,488900
2007-08-27,20.644697627174423,20.681510005812143,20.512170817195067,20.600521087646484,390600
2007-08-28,20.44590397342624,20.615243133562313,20.232388281192247,20.25447654724121,352100
2007-08-29,20.37227973842162,20.77722149058719,20.261841206403933,20.718320846557617,297300
2007-08-30,20.475348086147697,20.71095057679179,20.438535723597663,20.56369972229004,399300
2007-08-31,20.725683021528614,20.762496800703808,20.460630832977653,20.66678237915039,442900
2007-09-04,20.615244492607207,20.7772209080718,20.563706606064024,20.66678237915039,322600
2007-09-05,20.44590183248192,20.5710658517158,20.06304702020159,20.070409774780273,556600
2007-09-06,20.077773467501583,20.17348647289297,19.915795667805813,20.151399612426758,327100
2007-09-07,19.849532057582326,20.121948369492575,19.643380539241278,19.71700668334961,447600
2007-09-10,19.84216728848462,19.996780900602403,19.422498760661384,19.83480453491211,389000
2007-09-11,19.878979652045526,19.95260578346899,19.569751023508307,19.83480453491211,687800
2007-09-12,19.753819498837803,20.23975009489121,19.753819498837803,20.048322677612305,714200
2007-09-13,20.166123338831177,20.188211603184026,19.73173063667167,19.746456146240234,582300
2007-09-14,19.606565071022214,19.842168992672985,19.437225937215345,19.77590560913086,446400
2007-09-17,19.76118333468943,19.768546090099242,19.22371482849121,19.22371482849121,231100
2007-09-18,19.341515048553507,20.048322677612305,19.341515048553507,20.048322677612305,439700
2007-09-19,20.247112849898315,20.350188611393907,19.989422041857402,20.048322677612305,509000
2007-09-20,19.959970305774,20.06304605631981,19.739091891930695,19.864255905151367,339500
2007-09-21,20.055683266658807,20.055683266658807,19.474039726932872,19.90106964111328,775000
2007-09-24,19.95261349544483,19.98206311681593,19.5255834532974,19.584484100341797,373700
2007-09-25,19.459314382173865,19.77590579444137,19.437226119352253,19.70964241027832,280800
2007-09-26,19.88634361810005,20.225021877275072,19.79799197414471,20.063045501708984,239900
2007-09-27,20.173486524851953,20.45326559542784,20.077773519214045,20.364913940429688,341100
2007-09-28,20.335461990732952,20.46062600177044,20.092496722754504,20.121946334838867,361200
2007-10-01,20.17348898107427,20.607881745409003,20.17348898107427,20.54161834716797,464200
2007-10-02,20.57106025438396,20.68886148698575,20.423808011480986,20.65941047668457,257800
2007-10-03,20.53425276326511,20.836118689543515,20.431177004331573,20.710954666137695,313900
2007-10-04,20.710949593970454,21.167430451157664,20.710949593970454,21.04962921142578,335400
2007-10-05,21.25579202970055,21.690183426795745,21.06436457448287,21.542932510375977,310300
2007-10-08,21.55765404891869,21.594466420161314,21.35150111877492,21.447214126586914,170600
2007-10-09,21.476666427746906,21.557655334472656,21.218975600775728,21.557655334472656,167000
2007-10-10,21.447217754687543,21.48403153645969,21.277878571442226,21.388317108154297,178000
2007-10-11,21.42512003591854,21.65335975007042,20.8140256111044,21.034902572631836,347200
2007-10-12,21.005464785002108,21.373594197540722,20.94656413516802,21.027551651000977,191400
2007-10-15,20.990731037310823,21.093806783010784,20.48271225408641,20.850841522216797,338700
2007-10-16,20.8729347363855,21.020185635994928,20.629969417943006,20.740407943725586,182100
2007-10-17,21.079082962809277,21.123259489618857,20.48271389389822,20.82875633239746,250000
2007-10-18,20.791940895488004,20.968642775674386,20.69622790366686,20.850841522216797,232500
2007-10-19,20.79930780439769,20.946560102786787,20.210301419445276,20.25447654724121,363400
2007-10-22,20.121950138672332,20.806670951769192,20.063049499067333,20.62260627746582,566900
2007-10-23,20.65942019452889,20.733046350612888,20.173489530397507,20.379642486572266,390800
2007-10-24,20.21766222863322,20.431177915144715,19.694919251535897,20.291288375854492,551200
2007-10-25,20.379639835739106,20.60051687095891,20.151400045438386,20.23238754272461,475800
2007-10-26,20.504805223541485,20.93919797201426,20.46799144569513,20.895021438598633,529300
2007-10-29,21.123257306667412,21.535561684168385,21.10853179925267,21.299959182739258,569800
2007-10-30,21.498749319933214,21.64600018117558,21.17479517831732,21.299959182739258,558500
2007-10-31,21.314683736935834,21.439847735760285,21.02017921901834,21.38094711303711,508400
2007-11-01,21.1306197669768,21.167432130700835,20.17348286283368,20.210296630859375,651200
2007-11-02,20.24711282187802,20.512166384559222,19.827445617167403,20.335464477539062,417200
2007-11-05,20.283929033624073,20.283929033624073,19.842174884571925,20.085140228271484,438300
2007-11-06,20.09985778676508,20.49743807651425,19.599203154035305,20.467987060546875,534300
2007-11-07,20.42382184718032,20.42382184718032,19.68020018494184,19.687562942504883,807500
2007-11-08,19.849529080223647,20.151396366218968,19.525576341621793,20.077770233154297,604900
2007-11-09,19.930196521444827,20.269621626055585,19.70145345497243,19.9597110748291,510800
2007-11-12,19.90806200868971,20.520504196558566,19.849031487234832,20.254867553710938,703800
2007-11-13,20.43196024105548,20.520505324405082,20.299141208632353,20.505748748779297,452900
2007-11-14,20.586911525396985,20.631184059942345,20.181076909367775,20.284379959106445,513300
2007-11-15,20.217970102084248,20.44671316855665,19.88592398766918,19.9597110748291,551800
2007-11-16,19.9523383970904,20.217975072446556,19.85641290836274,20.151565551757812,835700
2007-11-19,19.974467128386294,20.181074611739746,19.922815609397517,20.011362075805664,408600
2007-11-20,19.937576358594352,20.28438046813313,19.826894315754192,20.17369842529297,519200
2007-11-21,19.99660570397548,20.254864727074118,19.863786697387695,19.863786697387695,482100
2007-11-23,19.94495505249924,20.20321267948618,19.856408575104776,20.136804580688477,78500
2007-11-26,20.063015167398934,20.129424670560855,19.745725631713867,19.745725631713867,626300
2007-11-27,19.797376439021868,20.136802932622526,19.75310390764731,20.055635452270508,509500
2007-11-28,20.166317800338785,20.94109344482422,20.063014756380305,20.94109344482422,603200
2007-11-29,20.845170378684998,21.00750394222723,20.586911349150796,20.66069984436035,362700
2007-11-30,20.830406359310476,20.874680288040036,20.50573932634882,20.63117790222168,441700
2007-12-03,20.52787910336312,20.64594012278302,20.19583301401903,20.343408584594727,336600
2007-12-04,20.14417970701241,20.210589205109677,19.96708818121914,20.018739700317383,237800
2007-12-05,20.29913562868505,20.29913562868505,19.937573588365264,20.011362075805664,318500
2007-12-06,19.974470566085284,20.712352752685547,19.878546501082628,20.712352752685547,339400
2007-12-07,20.800898422826442,20.87468692008747,20.53526039564615,20.78614044189453,303900
2007-12-10,20.88206407746047,21.302658081054688,20.704972532083243,21.302658081054688,294700
2007-12-11,21.339548458039797,21.553533515836733,20.800894911539004,20.823030471801758,374600
2007-12-12,21.25838435318533,21.509264396845154,20.874686704704292,21.04439926147461,356300
2007-12-13,20.86730563217818,21.206730711851034,20.86730563217818,21.191972732543945,270900
2007-12-14,21.140327114494248,21.14770610620792,20.682840887436722,20.69021987915039,323400
2007-12-17,20.54263907891148,20.830412665787662,20.490987553820734,20.579532623291016,308400
2007-12-18,20.77137759381638,20.88205961007366,20.313891551313414,20.830408096313477,357100
2007-12-19,20.911579472126235,21.177217486693895,20.859927948715512,21.0665340423584,296400
2007-12-20,21.258385861835425,21.804418522845932,21.214113323753114,21.797040939331055,385800
2007-12-21,22.188118400151932,22.343074400084387,21.31741714477539,21.31741714477539,1103800
2007-12-24,21.649464547003486,21.988889694213867,21.25100747081879,21.988889694213867,186900
2007-12-26,21.907725228133593,22.23977140879801,21.848694702188894,22.070058822631836,388400
2007-12-27,22.09957447314432,22.195498548657625,21.56829833984375,21.56829833984375,272600
2007-12-28,21.70111656188965,21.951996636036245,21.568297533529844,21.70111656188965,254000
2007-12-31,21.62732937473309,21.701117884697336,21.28052520751953,21.28052520751953,309700
2008-01-02,21.155080532422634,21.361688033620975,20.882063527531916,21.236248016357422,383100
2008-01-03,21.295279689308412,21.538780746971256,21.2288701820005,21.376445770263672,364500
2008-01-04,21.140327463504097,21.767527695533115,21.10343391172542,21.66422462463379,641900
2008-01-07,21.678976133264182,22.3799647123874,21.5830520766234,22.025781631469727,663000
2008-01-08,22.055302481842784,22.328319564293928,21.723256276449558,21.745391845703125,663500
2008-01-09,21.568294445049872,22.424237608136323,21.405960882188126,22.23976707458496,596600
2008-01-10,22.114327669248993,22.86696780480344,22.025782598829952,22.652982711791992,726600
2008-01-11,22.512783572599012,22.911239184180335,22.446374069435716,22.461132049560547,501100
2008-01-14,22.652979170467926,22.652979170467926,21.86344420616755,21.959369659423828,410700
2008-01-15,21.81180136826154,22.047923489625312,21.69374030757966,21.745391845703125,508600
2008-01-16,21.612569977566388,22.593953232014044,21.612569977566388,22.32093620300293,675600
2008-01-17,22.387349493586832,22.48327357504095,21.67160415649414,21.67160415649414,814400
2008-01-18,21.71587506817465,21.85607309120206,21.31741797348582,21.590435028076172,751800
2008-01-22,20.73448603677804,22.02577963363826,20.483606025367617,21.11818504333496,775800
2008-01-23,20.63855317017983,21.265752973479795,20.40243122244286,21.177207946777344,670200
2008-01-24,21.324797103057378,21.324797103057378,20.498369757267042,20.505748748779297,709100
2008-01-25,20.60905125228271,20.771384838922504,20.32127762815804,20.380308151245117,371100
2008-01-28,20.37292617040371,20.476229218797695,19.92281761828965,20.36554718017578,589200
2008-01-29,20.439337563304836,20.439337563304836,20.144183556514538,20.247488021850586,392900
2008-01-30,19.679311907153608,19.679311907153608,17.126239596605124,17.325468063354492,2412100
2008-01-31,17.045075500518788,18.646279592542637,15.281536458054886,18.284717559814453,1639800
2008-02-01,18.329001314900026,18.38803185828943,18.00433262255871,18.255212783813477,1312400
2008-02-04,18.292089589421696,18.395392585925805,17.945284259904575,18.09286117553711,1152800
2008-02-05,17.819861827640107,18.129772529312074,17.79034725992805,17.812482833862305,1008100
2008-02-06,18.004324924179866,18.01908290556672,17.49518582552199,17.546838760375977,757200
2008-02-07,17.47305081478366,17.7903403876671,17.347610783815757,17.44353485107422,805200
2008-02-08,17.413936670269322,17.539694411685666,17.014465923491315,17.162418365478516,824900
2008-02-11,17.16242887184265,17.450934758256047,16.910910413079204,17.428741455078125,999600
2008-02-12,17.59148355988795,17.939170059269653,17.428735547045054,17.806013107299805,714700
2008-02-13,17.99095868354824,18.057537180548234,17.81341649520821,17.931777954101562,614700
2008-02-14,17.96876101469817,17.96876101469817,17.532302746237992,17.569290161132812,753000
2008-02-15,17.421340254806687,17.502714272779272,17.214208443210488,17.465726852416992,821300
2008-02-19,17.61367320325729,17.828204134349935,17.56928802857508,17.584083557128906,480900
2008-02-20,17.458335138263738,17.84301065169368,17.391756629747782,17.79862403869629,840000
2008-02-21,17.924379048477082,18.286861169695413,17.569294694342368,17.613679885864258,477400
2008-02-22,17.702456248504543,17.761636989466915,17.43614220868378,17.59889030456543,616600
2008-02-25,17.55449668984234,18.109316444218997,17.46572631929065,18.04273796081543,697500
2008-02-26,18.05013840421793,18.575368583310787,18.05013840421793,18.26466941833496,689300
2008-02-27,18.153703380731315,18.51618545773389,17.990955346703483,18.353437423706055,551200
2008-02-28,18.331246458512204,18.56057157775078,18.168498416295403,18.235076904296875,439000
2008-02-29,18.079726034371106,18.323846659640925,17.8947861239855,18.21288299560547,722800
2008-03-03,18.138912310228154,18.175899739252955,17.7320435360555,18.013153076171875,638000
2008-03-04,17.81341326787759,18.323847848740034,17.75423254915293,18.227678298950195,487600
2008-03-05,18.272069931030273,18.316455129559035,18.087129957683732,18.272069931030273,547200
2008-03-06,18.13891292446396,18.464406261648257,18.13891292446396,18.272069931030273,899900
2008-03-07,18.235080977218512,18.730720159167152,18.138912812503108,18.397829055786133,802700
2008-03-10,18.390426218839583,18.434811404861005,18.183292999106897,18.205486297607422,597900
2008-03-11,18.6567397567028,18.83428192138672,18.346040615761023,18.83428192138672,730500
2008-03-12,19.041413610412622,19.17457057588775,18.76030555850481,18.87126922607422,446100
2008-03-13,18.641948149918363,19.18937025096941,18.545778582542702,19.09320068359375,478800
2008-03-14,19.648023492066,20.128867167951352,18.900865787883482,19.537059783935547,970900
2008-03-17,19.15977982547921,19.685010052487982,19.15977982547921,19.440889358520508,672500
2008-03-18,19.72199121038131,20.402570112184293,19.64061720127003,20.3803768157959,770000
2008-03-19,20.520934004695185,20.750259117693844,20.165849685668945,20.165849685668945,681700
2008-03-20,20.50613632519705,20.50613632519705,19.75158257900567,19.96611213684082,1505100
2008-03-24,19.9735164642334,20.32120309473208,19.758985424939763,19.9735164642334,624200
2008-03-25,19.899541017825612,20.047493562143437,19.78117954676337,19.89214324951172,553500
2008-03-26,19.78117593564796,19.86994772822909,19.485272312010473,19.640621185302734,460300
2008-03-27,19.71459220663202,19.929123158639847,19.618424083615015,19.699796676635742,449700
2008-03-28,19.79597412671219,20.106673325980452,19.566648963984175,19.625829696655273,383300
2008-03-31,19.655415825417347,19.96611496885289,19.381705515116813,19.847753524780273,581300
2008-04-01,19.95871533039349,20.29900550842285,19.781173180935394,20.29900550842285,562300
2008-04-02,20.372979394622433,20.56531564266685,20.254616564394414,20.387773513793945,433900
2008-04-03,20.232433537050703,20.35079500811295,19.81816838833284,19.89214324951172,541000
2008-04-04,19.899540903883057,20.17325268600978,19.86995124177694,20.017902374267578,407000
2008-04-07,20.091875547181314,20.17324957463766,19.914333368987318,20.00310516357422,279500
2008-04-08,19.899536480189578,19.929127546697586,19.67021135867135,19.847753524780273,402300
2008-04-09,19.951320536976947,20.31380265583199,19.89953757870905,19.929128646850586,361300
2008-04-10,19.88474465911673,20.0252994293098,19.803372032988086,19.9735164642334,355600
2008-04-11,19.80337845077734,19.825570351013376,19.292943580642003,19.3447265625,378700
2008-04-14,19.32991683915804,19.3964953129778,19.011821410994006,19.0636043548584,462600
2008-04-15,19.1745724816946,19.38910207218746,19.093198458931933,19.233753204345703,899800
2008-04-16,19.41129450985674,19.596234436297046,19.278137537062978,19.588836669921875,435900
2008-04-17,19.551846845591715,19.59623202740698,19.01182266540426,19.529653549194336,547300
2008-04-18,19.751585868096946,20.15845316576639,19.751585868096946,19.90693473815918,382400
2008-04-21,19.707203399568225,19.906938912369803,19.544456728570665,19.85515594482422,272400
2008-04-22,19.699796622165866,19.714592152121238,18.789892694601672,19.0636043548584,762700
2008-04-23,19.107992062707055,19.74418582519481,19.078402409859496,19.44828224182129,338900
2008-04-24,19.433485066695695,20.136255841412076,19.159773393356836,19.79596710205078,424300
2008-04-25,19.84035590126503,20.19544023604416,19.766379645441116,19.958717346191406,285400
2008-04-28,19.995696792926285,20.28420250312737,19.855142113940015,20.195430755615234,248500
2008-04-29,20.21023482407766,20.572716908582166,20.114066683690606,20.439559936523438,448200
2008-04-30,20.550519778988793,21.07574835594608,20.498735427856445,20.498735427856445,385200
2008-05-01,20.439561421917922,21.157129287719727,20.37298434202989,21.157129287719727,259000
2008-05-02,21.275486312234875,21.275486312234875,20.602305187628712,20.646690368652344,286000
2008-05-05,20.63929852330704,20.66888959313007,20.33599711252033,20.395177841186523,473300
2008-05-06,20.284207624696272,20.5579192885708,20.1214610259743,20.387773513793945,670300
2008-05-07,20.032692366493883,22.902959345403623,20.032692366493883,22.11881446838379,1989900
2008-05-08,22.118816234584102,22.385130195998652,21.852503684149298,22.00785255432129,1009400
2008-05-09,21.985660149694432,23.00652943605958,21.985660149694432,22.939950942993164,846500
2008-05-12,23.14006997819097,23.421724414493678,23.02147908302614,23.347604751586914,562200
2008-05-13,23.34760305526087,23.547725706454674,23.140068296943415,23.406898498535156,455800
2008-05-14,23.436558694123576,23.70338761597066,23.273495082961677,23.392086029052734,663100
2008-05-15,23.45878580634375,23.63667216628343,23.22901610146939,23.607025146484375,358200
2008-05-16,23.747855747932817,23.747855747932817,23.132663388657495,23.355022430419922,451400
2008-05-19,23.20678844820898,23.47361879468479,22.977018657474613,23.36985206604004,382100
2008-05-20,23.28831443202038,23.532908383871057,22.93254166818581,23.169723510742188,481500
2008-05-21,23.310540358134062,23.599605423046892,22.769467930813203,22.85841178894043,492100
2008-05-22,22.836178473278814,23.369838864773804,22.836178473278814,23.3624267578125,348800
2008-05-23,23.17713045032359,23.22901379009569,22.51746700742342,22.680530548095703,500700
2008-05-27,22.710177676494798,22.82876857190352,22.687942767177532,22.813945770263672,787400
2008-05-28,22.8658323376407,22.925127793714193,22.53229451365531,22.636062622070312,517700
2008-05-29,22.510054110037498,22.64346779337118,21.07213788388039,22.34699058532715,1117500
2008-05-30,22.369232527512388,22.606414353551944,22.08757804880402,22.42111587524414,452500
2008-06-02,22.391468999250435,22.465588678477552,21.939341642024086,22.369234085083008,440000
2008-06-03,22.406291492784735,22.88065655508787,22.332171819264072,22.636062622070312,479200
2008-06-04,22.606415023159887,23.718205925938243,22.539707455895968,23.46619987487793,636300
2008-06-05,23.532908079752666,24.526108092908743,23.421729269205553,24.51128387451172,1236000
2008-06-06,24.370449665618594,24.518688971213624,24.081384574794555,24.340801239013672,746700
2008-06-09,24.451981227742053,24.451981227742053,23.79972998484528,24.14067840576172,554600
2008-06-10,23.918323506119332,24.385276376978545,23.866440167960516,24.266685485839844,665600
2008-06-11,22.717595518063195,23.117840951375285,22.220995488054868,22.606416702270508,1350900
2008-06-12,22.687947124040583,22.977012310395384,22.60641533764707,22.717594146728516,481600
2008-06-13,22.96219028548809,22.977014505105657,22.43594321250293,22.910306930541992,526900
2008-06-16,22.76206107193524,22.917712506109982,22.235814148992286,22.880653381347656,460400
2008-06-17,22.90289137332306,22.96959893784571,22.480411073823067,22.502647399902344,549800
2008-06-18,22.472989514591468,22.769466669062083,22.235807791014974,22.287691116333008,458800
2008-06-19,22.272872701663694,22.576762040797156,21.954160561235025,22.561939239501953,447700
2008-06-20,22.47299739527149,22.48040950344681,21.768864083197357,21.887454986572266,1177700
2008-06-23,21.96157324089527,22.47299739527149,21.85039444569568,21.887454986572266,390900
2008-06-24,21.739213924730887,21.82815780205881,21.353792812501506,21.531679153442383,420300
2008-06-25,21.56873826891345,22.191341128003188,21.435323168577806,22.065338134765625,396300
2008-06-26,21.842991609228548,21.917111308728273,21.539102113623798,21.6280460357666,451500
2008-06-27,21.694738526715824,21.917096056762137,21.220373628254485,21.828153610229492,1289400
2008-06-30,21.62061786175404,21.62061786175404,21.18331351468117,21.316728591918945,713600
2008-07-01,20.938736406010673,21.45016080610409,20.909087959064614,21.390865325927734,522000
2008-07-02,21.42050670875076,21.53909763782097,21.027674786348964,21.250032424926758,913700
2008-07-03,21.257433963922,21.739209550409292,21.072135552679605,21.48720359802246,267800
2008-07-07,21.642861981017816,21.642861981017816,20.96096355110314,21.1759090423584,427300
2008-07-08,21.279671950108092,22.1246337890625,21.23520072080993,22.1246337890625,613100
2008-07-09,22.08757459336018,22.591586601702748,21.93192457451526,22.013456344604492,612500
2008-07-10,22.191345903368372,22.62865042025455,22.117226230152628,22.502647399902344,365900
2008-07-11,22.2358151779129,22.9399498906995,22.132048492804792,22.82876968383789,412800
2008-07-14,22.947363632144803,22.9844241772582,22.443352942039798,22.591590881347656,432900
2008-07-15,22.421114766433263,23.147484426186413,22.146872410065374,22.86583137512207,667200
2008-07-16,22.977007889576267,23.36984111404513,22.865829101885833,23.206777572631836,362700
2008-07-17,23.288311757695695,23.651496589118054,22.969598163216958,23.458786010742188,412400
2008-07-18,23.46619630839022,23.56996299115644,22.88065392371865,23.38466453552246,390900
2008-07-21,23.443964722357293,23.503260183594055,23.08819195493673,23.295726776123047,195000
2008-07-22,23.229012644012208,23.629256540874525,23.162305092249337,23.59219741821289,539700
2008-07-23,23.56254416607114,23.7033699258822,23.34018524781265,23.547719955444336,362500
2008-07-24,23.60702645483716,24.38528091313532,23.532906780658973,24.37045669555664,597100
2008-07-25,24.451984462169747,24.64469360417836,24.185154244442487,24.518692016601562,543600
2008-07-28,24.355627536064713,24.48904263977163,22.858415793576988,23.451370239257812,839000
2008-07-29,23.369839646457738,23.9257335500007,23.369839646457738,23.532901763916016,519300
2008-07-30,25.267296128495218,26.934982137138384,25.07458698934338,25.99366569519043,2226400
2008-07-31,26.045550402429413,26.46061995982324,25.23764902491127,25.32659149169922,1157400
2008-08-01,25.274706351260914,26.223436296706698,25.274706351260914,26.156728744506836,841400
2008-08-04,26.14189758457182,26.771910988856444,26.14189758457182,26.475435256958008,732000
2008-08-05,26.586627082729862,27.831833186510305,26.423566330936907,27.772539138793945,1152900
2008-08-06,27.728054292454715,27.8021725263735,26.949801526589894,27.03874397277832,678200
2008-08-07,26.771925354434757,26.934988932306275,26.601451080946624,26.846046447753906,616900
2008-08-08,26.779326217401433,27.21663056523914,26.556968697425997,27.16474723815918,657800
2008-08-11,27.27593988048664,28.143138370364493,27.27593988048664,27.802186965942383,534400
2008-08-12,28.054732482929307,28.054732482929307,27.20053643388315,27.453081130981445,383900
2008-08-13,27.46051147975674,27.980453962805264,27.46051147975674,27.913606643676758,371100
2008-08-14,27.668484771276134,27.854179299942416,27.49764614491999,27.80218505859375,611000
2008-08-15,28.07701615033986,28.21071645662271,27.66848869601961,28.069589614868164,633400
2008-08-18,28.121574437406835,28.359263161465815,27.631341089851045,27.76504135131836,549500
2008-08-19,27.601634627617326,28.077012167647226,27.51992858164838,27.80218505859375,343800
2008-08-20,27.854175129211676,28.225564130934497,27.519924460966493,27.839319229125977,382900
2008-08-21,27.6016271650657,27.609053697476064,26.918272844397155,27.14110565185547,437700
2008-08-22,27.185672808246387,28.19585130970658,27.09654024443317,28.114145278930664,367400
2008-08-25,27.86902726494167,27.906165593402918,26.873704761426865,27.01483154296875,492600
2008-08-26,26.98512865690126,27.252526382119633,26.539460114590355,26.73258399963379,513100
2008-08-27,26.435471638093183,26.754866435033616,26.286915457322884,26.73258399963379,623400
2008-08-28,26.910851711097,27.475364685058594,26.673162932631193,27.475364685058594,629900
2008-08-29,27.482785465557498,27.56449149732432,27.245096736857555,27.311946868896484,528100
2008-09-02,27.564490832841447,28.225562770694115,27.267378512392277,27.54963493347168,524200
2008-09-03,27.43821795061882,28.22556364064505,27.252523452982995,28.18099594116211,585600
2008-09-04,27.86902791066256,28.158710846234182,27.401077027484526,27.408506393432617,559900
2008-09-05,27.341658668352267,27.505067898412758,26.94055787611868,27.311946868896484,384000
2008-09-08,28.05472432981997,28.21813639029775,27.453073152720656,28.010156631469727,488500
2008-09-09,28.12158052975357,28.894070467036432,28.099298092506046,28.38155174255371,1080900
2008-09-10,28.715799213006907,28.916349625918524,27.973021165248348,28.09186553955078,458200
2008-09-11,28.025016690610084,28.12157863463153,27.371371185152906,27.80961036682129,719900
2008-09-12,27.616490195976446,27.720478677416306,27.2005334367434,27.430795669555664,540700
2008-09-15,26.777142208652112,27.371363950425724,25.848669851670607,26.895986557006836,460400
2008-09-16,26.584030663760753,27.519929885864258,26.361197785495516,27.519929885864258,594200
2008-09-17,27.475359932017348,27.475359932017348,25.945236206054688,25.945236206054688,647300
2008-09-18,26.361189979818803,27.34908315321509,25.50699422701418,27.096538543701172,1021100
2008-09-19,27.051981485482962,28.856932791641604,26.643454030073084,28.121583938598633,1381200
2008-09-22,27.802188019297127,28.50039850138549,27.482793169300315,27.60906410217285,499800
2008-09-23,27.70562311031466,28.448401224979794,27.623917064345715,27.80218505859375,649300
2008-09-24,27.891320453328305,27.973026507541725,27.18568060649978,27.505075454711914,414700
2008-09-25,27.609057349263153,28.07700829025143,27.44564811336549,27.638769149780273,384800
2008-09-26,27.363935849109797,28.58209105825864,27.31936815848023,28.507814407348633,527000
2008-09-29,28.225555236156985,28.448388000274285,27.155956268310547,27.155956268310547,892900
2008-09-30,27.631350128968972,28.05473348429364,26.509753439023683,27.913606643676758,811500
2008-10-01,27.757613447353798,27.90616961608605,26.509746163560063,26.821714401245117,458800
2008-10-02,26.688021881160154,27.155972956812985,26.286920959172008,26.46518898010254,467200
2008-10-03,26.650874439630314,26.843995465701123,25.31387465617822,25.32872772216797,579000
2008-10-06,25.254448926441825,25.254448926441825,23.271231851137085,24.623088836669922,935200
2008-10-07,24.623092305320885,24.84592514289711,23.390079498291016,23.390079498291016,654400
2008-10-08,22.936985434988074,23.954591981277815,22.134785202051958,23.293519973754883,1110000
2008-10-09,23.53120344316359,23.768892137864416,21.65940284729004,21.65940284729004,1112000
2008-10-10,20.9389128961279,22.37990124283582,20.188706921776255,21.852529525756836,1436700
2008-10-13,22.171925142817866,24.214563369750977,21.97880267922613,24.214563369750977,1318100
2008-10-14,24.771652241092237,25.35844770870743,23.724336492067174,24.14771842956543,1219300
2008-10-15,23.820888794724425,23.947162520504534,22.157066345214844,22.157066345214844,696500
2008-10-16,22.246204669137033,25.098472687430185,21.53313695619535,24.578527450561523,1685600
2008-10-17,24.214567836599503,24.845930997557808,23.42722476940354,23.924884796142578,1089800
2008-10-20,24.422540037086222,24.905344009399414,23.650050281217464,24.905344009399414,820000
2008-10-21,24.897924147471628,24.897924147471628,23.293523442669105,23.724334716796875,1174700
2008-10-22,23.055831261389415,23.71690326993466,22.870136749619476,23.115253448486328,717800
2008-10-23,23.18210216932575,23.761469556073173,22.038224713526,23.115253448486328,802200
2008-10-24,21.41428441524147,23.390073295842324,20.604656481077633,23.01868438720703,894700
2008-10-27,22.654728707889063,23.226668100531242,21.94166251711694,21.94908905029297,759000
2008-10-28,22.23877900091163,22.424473545035088,21.250884082844316,22.41704559326172,1358400
2008-10-29,22.261062578456794,24.296274716170778,22.24620809088698,23.73919105529785,1106500
2008-10-30,25.544135064953448,27.935881140869746,24.348262026995297,24.53395652770996,2431500
2008-10-31,24.489405107383824,25.759555509641327,24.088304085573636,25.284177780151367,1070300
2008-11-03,25.284158089447395,26.108641936588242,25.15788438456104,26.071500778198242,704300
2008-11-04,26.51718053118061,26.554318871999143,25.707552234052038,26.32405662536621,637600
2008-11-05,26.108652557147106,26.524606498981516,25.365874422758555,25.633272171020508,1071000
2008-11-06,25.610942696119785,26.109759090021825,24.665422129111604,24.7919864654541,897900
2008-11-07,24.464396478494002,25.529037190008996,23.615661140767077,24.7473087310791,574800
2008-11-10,25.275913639895137,25.59605061587471,24.31550271195642,24.665420532226562,586800
2008-11-11,24.903658201727048,24.933439041946123,23.675225523233873,23.891132354736328,800500
2008-11-12,23.578440954551766,24.315499719695318,23.22852459737108,23.2806396484375,754100
2008-11-13,22.89350006657262,23.64544934485375,21.91075492506582,23.079626083374023,1545000
2008-11-14,22.58079959183928,23.77945113211417,22.335113401226913,22.863710403442383,1019900
2008-11-17,22.714813788360154,23.548657347523477,22.558467233499233,23.288082122802734,1044200
2008-11-18,23.273198977096154,23.630560614127106,22.342568826476647,23.034957885742188,886900
2008-11-19,22.99027463339735,23.42208674142011,21.918190281082467,21.962860107421875,835300
2008-11-20,21.7916363796327,21.888421292402725,19.520897915096764,19.640018463134766,1330000
2008-11-21,20.183498316359806,20.570639210145103,19.394323272040953,20.3770694732666,1493000
2008-11-24,20.563194387852857,20.563194387852857,19.386878508897148,20.17605209350586,1474500
2008-11-25,20.40685059400377,20.64509160089021,19.967593205046242,20.280284881591797,1669200
2008-11-26,19.56555913838275,20.771654422924165,19.56555913838275,20.704648971557617,539200
2008-11-28,20.27284331668628,20.704655574293728,20.116498160324515,20.585535049438477,237800
2008-12-01,20.26539116564778,20.26539116564778,18.977400044258946,19.074186325073242,743100
2008-12-02,19.401774595424733,20.265399155341928,19.051858213053904,19.72935676574707,1425500
2008-12-03,19.506000174693863,21.054568025598826,18.746605956069658,20.615310668945312,1694300
2008-12-04,20.42174307893036,21.15880180109742,19.468777534901665,19.975040435791016,965000
2008-12-05,19.46877639413535,20.898223916406117,19.185865541407015,20.161165237426758,802400
2008-12-08,20.60042276427408,21.575722465935694,20.176055772712477,21.106685638427734,1160300
2008-12-09,20.898227123333754,21.121579176104852,19.759136908307312,19.945262908935547,839900
2008-12-10,20.16116213388377,20.272837415926965,19.170972171718468,19.498554229736328,1162600
2008-12-11,19.640008708460893,19.98992638705298,19.170971961023046,19.40176773071289,601700
2008-12-12,19.319875819649457,20.10904951709878,18.9922937222064,19.75168800354004,788100
2008-12-15,19.7591339204533,19.870809219937655,18.62004245764453,18.798723220825195,842100
2008-12-16,19.08163389108205,19.19331060952324,18.27756975447054,18.560482025146484,1648500
2008-12-17,18.52325439453125,18.873172098328954,18.352018856943797,18.52325439453125,1707200
2008-12-18,18.57537108096403,18.687046371184525,18.11377808268339,18.64982032775879,1691900
2008-12-19,18.917847507990793,19.13375436080735,18.389250322177165,18.47859001159668,1815600
2008-12-22,18.52326603059936,18.52326603059936,17.90532752936226,18.2701358795166,1395800
2008-12-23,18.337126880005226,18.54558844283329,16.90767961210991,17.22037124633789,1504700
2008-12-24,17.339498283026643,17.48839822621266,17.041695556597325,17.354387283325195,827400
2008-12-26,17.3543788335348,17.63729100188791,17.21292416938619,17.473499298095703,674800
2008-12-29,17.525619492571273,17.5553989050673,16.19295705770307,16.594989776611328,1297300
2008-12-30,16.669439130014513,17.272488212434105,16.609878884593495,17.250152587890625,668500
2008-12-31,17.250157217063144,17.890431092181217,17.250157217063144,17.78619956970215,841500
2009-01-02,18.002105566639614,18.002105566639614,17.317161882366168,17.793643951416016,712100
2009-01-05,17.741526458111274,17.86809216776743,17.443725205987494,17.704301834106445,1288200
2009-01-06,17.7638620845312,17.90531679177226,17.49584024760561,17.704301834106445,1216500
2009-01-07,17.52561460251589,17.92020058316613,17.346932497283195,17.711740493774414,1124600
2009-01-08,17.488401375360883,17.585187704887385,16.892798655308948,17.138484954833984,2470400
2009-01-09,17.131031602402853,17.257597297771557,16.75133451629674,16.967241287231445,1240800
2009-01-12,16.982136028660616,17.57029487672561,16.75878539422227,17.399059295654297,863800
2009-01-13,17.42883203893519,18.716823138704672,17.056580177496972,18.016990661621094,1916400
2009-01-14,17.6521914695739,17.949994244587934,17.473510656582803,17.52562713623047,1084100
2009-01-15,17.4139467701312,17.920209678510954,17.287381043036262,17.793643951416016,873100
2009-01-16,17.912762820493697,17.912762820493697,17.547956092440344,17.83831214904785,680900
2009-01-20,17.80108432174559,17.80108432174559,17.205481897357107,17.339492797851562,1473200
2009-01-21,17.495846290717516,17.711753160599805,17.32461068910466,17.52562713623047,1147900
2009-01-22,17.21292416938619,17.62240058881081,17.10869269787444,17.473499298095703,778700
2009-01-23,17.049136638715957,17.74152539596988,16.848120273056118,17.726634979248047,959400
2009-01-26,17.74897663866943,18.16589850842872,17.681971160668805,18.061668395996094,1464900
2009-01-27,20.525972933244866,20.525972933244866,18.672158335076688,19.30498695373535,2687600
2009-01-28,19.498564764533278,20.28773879338337,19.34221814917835,19.937822341918945,977800
2009-01-29,19.855922507460562,20.3472950529297,19.617681445418402,19.72935676574707,846000
2009-01-30,19.565563372293408,20.161165935517406,19.550672953205677,19.803804397583008,1012100
2009-02-02,19.625126550847337,20.473860684827347,19.61768134019486,20.384519577026367,965100
2009-02-03,20.473851653530218,20.496187275635098,19.811243818061328,20.332395553588867,874700
2009-02-04,20.49618893613787,20.83121477468459,20.13882605364852,20.17605209350586,468500
2009-02-05,20.15372173532196,20.719544908736847,20.101606685933373,20.578088760375977,596300
2009-02-06,20.57064201722858,21.024789848099694,20.488747554305622,20.913114547729492,494300
2009-02-09,20.95044069407162,20.980306582325873,20.539794699163203,20.84591293334961,391000
2009-02-10,20.778718496671218,20.957909574536867,19.942492042547418,20.099285125732422,741200
2009-02-11,20.166481703072392,20.517397381447132,20.166481703072392,20.40540313720703,293900
2009-02-12,20.173957571550257,20.65926713867078,20.0320973699325,20.539806365966797,506600
2009-02-13,20.494995244051204,20.83844438017157,20.397932541002373,20.420331954956055,311700
2009-02-17,19.830499185224472,20.248613153600562,19.830499185224472,19.942493438720703,413500
2009-02-18,20.002228261575507,20.06942368460267,19.509450908062494,19.77823829650879,430900
2009-02-19,19.93502837229896,20.061955572575176,19.77076880483315,19.785701751708984,471800
2009-02-20,19.561710879901664,20.129148551738403,19.26305767482883,19.7632999420166,709200
2009-02-23,19.890230280905005,19.942494172854936,19.20333036366825,19.233196258544922,605600
2009-02-24,19.43478695413401,19.524381791413465,18.927078129269567,19.42732048034668,586800
2009-02-25,19.277994774151455,19.330258669076443,18.516431500456225,18.82254981994629,844200
2009-02-26,18.934537830059003,18.96440229044137,17.687665635273564,17.72499656677246,651100
2009-02-27,17.44128271014344,17.53087754067568,17.21729278564453,17.21729278564453,975500
2009-03-02,16.955969888145383,17.01570166679117,15.485109017008474,15.500041961669922,1142100
2009-03-03,15.52244359402854,15.731499152789315,15.059532212044761,15.417914390563965,1248000
2009-03-04,15.544844150628212,15.903226388178942,15.134198014778555,15.634440422058105,1103100
2009-03-05,15.41045210634457,15.559778766695953,15.022205352783203,15.022205352783203,709000
2009-03-06,15.089394966426305,15.402979693008389,14.828075547677923,15.38804817199707,1018500
2009-03-09,15.231263586809456,15.231263586809456,14.335307742929382,14.372638702392578,867000
2009-03-10,14.589158510296341,14.999804655335266,14.551826136329968,14.992338180541992,666500
2009-03-11,15.029663325235067,15.305917089545737,14.574219931435394,14.790741920471191,458800
2009-03-12,14.626484324862911,15.597102921856031,14.417427376303861,15.470175743103027,623400
2009-03-13,15.470180975978263,15.948025388020502,15.305922804888876,15.78376579284668,358500
2009-03-16,15.940558594375496,16.06001933897471,15.679237681533063,15.731501579284668,403500
2009-03-17,15.731500641382773,16.157079696655273,15.470179744120124,16.157079696655273,542300
2009-03-18,15.970421063173433,16.896242429609725,15.970421063173433,16.567726135253906,679600
2009-03-19,16.739453009073006,16.739453009073006,16.194413178906792,16.284008026123047,612900
2009-03-20,15.918161344525736,16.61999438295219,15.843498012934054,16.209346771240234,685000
2009-03-23,16.46319375802343,16.537857055664062,16.00028387600263,16.537857055664062,502400
2009-03-24,16.321339761447756,16.612525139649218,16.254142916619056,16.336271286010742,409700
2009-03-25,16.42587471715513,17.023178682690414,16.343744887862158,16.776790618896484,764800
2009-03-26,16.83650678508498,17.836991149802046,16.76930996774698,17.822059631347656,989800
2009-03-27,17.88925879543897,17.963922099784163,17.44128181753597,17.55327606201172,537700
2009-03-30,17.097835707998676,17.299426255807777,16.649857187562162,17.000774383544922,515400
2009-03-31,17.20235688828066,17.799660353533273,17.067963252577876,17.381547927856445,460700
2009-04-01,17.02316873198911,17.112764986489417,16.590123254086635,17.08289909362793,525800
2009-04-02,17.33675623171439,18.03858916016179,17.23222843831657,17.91912841796875,609500
2009-04-03,18.00125406678192,18.098315363430057,17.620472504699457,17.95645523071289,549600
2009-04-06,17.836990785352903,18.046047704364483,17.493541658495044,17.72499656677246,664900
2009-04-07,17.67273793743512,18.150580838023153,17.583141681532776,17.83699607849121,530000
2009-04-08,17.97139510673765,18.54630090791285,17.904198250803685,18.411907196044922,596700
2009-04-09,18.703087977705493,18.927077916555312,18.54629630218644,18.830015182495117,467600
2009-04-13,18.63588922345391,18.852412666350578,18.471631091110435,18.673221588134766,624300
2009-04-14,18.53137118149453,18.613501002835378,18.22525275078664,18.32978057861328,545900
2009-04-15,18.2849691449256,18.73294744482971,18.247638213301823,18.591087341308594,656900
2009-04-16,18.770281981862105,19.083866709620175,18.64335479624374,18.89720916748047,625200
2009-04-17,18.94201028311258,19.345189882144112,18.844947552028774,19.285459518432617,523600
2009-04-20,18.927073815534115,19.277989459054712,18.38949921804085,18.479095458984375,473500
2009-04-21,18.374567247980035,18.80014617785094,17.963919837830783,18.068449020385742,730400
2009-04-22,17.926591389377627,18.202843767685632,17.777264778773663,17.881793975830078,541400
2009-04-23,17.866863529552816,17.866863529552816,17.02317048254951,17.13516616821289,853500
2009-04-24,17.150101360759493,17.20236668982208,16.836516506806966,17.075439453125,659900
2009-04-27,17.523412687719357,17.620475424535517,16.911176067497873,17.232227325439453,1076000
2009-04-28,17.142625984986406,17.620470205448356,17.120227993958597,17.17995834350586,728400
2009-04-29,17.441286374470284,18.06098954150406,16.88131358170177,17.986326217651367,1163400
2009-04-30,18.18791756850994,18.35217574897648,17.88179920886325,17.993793487548828,600300
2009-05-01,17.844456890253298,18.15804155029319,17.724996203007976,17.971384048461914,501100
2009-05-04,18.00872046416652,18.31483872227145,17.680202788120724,18.29990577697754,651300
2009-05-05,18.105783573088498,18.262575242119784,17.598074774938112,17.73993492126465,1174700
2009-05-06,17.934058918087885,18.075917640020315,17.12769830634133,17.471147537231445,1323800
2009-05-07,18.053520633331456,20.17395077006868,18.053520633331456,19.42732048034668,1757300
2009-05-08,19.561707525441356,20.017150879317928,19.367583545066186,19.628904342651367,857800
2009-05-11,19.412384033203125,19.80063205564735,19.31532273963407,19.412384033203125,565000
2009-05-12,19.47957618646222,19.770761421375948,19.345182562937833,19.636367797851562,575200
2009-05-13,19.40492701628319,19.733444843359198,19.009212328576073,19.061477661132812,549200
2009-05-14,19.165996203236887,19.352653742643522,19.009203129611624,19.04653549194336,548900
2009-05-15,18.986800398558817,19.061463680507696,18.635883400624177,18.77027702331543,532600
2009-05-18,18.777750246177934,18.777750246177934,18.031120006376952,18.202844619750977,879600
2009-05-19,18.22534342862971,18.300345130378744,17.812836214817743,18.037839889526367,1050700
2009-05-20,18.097837813227862,18.255341502526704,17.775332983784,17.797832489013672,688200
2009-05-21,17.595332020360477,17.707835292074027,16.96532142367263,17.12282371520996,809900
2009-05-22,17.24281886786481,17.625326116961286,17.130317072374773,17.1378173828125,587600
2009-05-26,17.11532887467707,17.700340638609724,16.957826532775382,17.48283576965332,922700
2009-05-27,17.385329241919298,17.44533032020434,16.92782012590925,17.032821655273438,821800
2009-05-28,17.137825999887347,17.22782690931758,16.665316218493302,16.935321807861328,911900
2009-05-29,17.04032454307202,17.722837448120117,16.7403191063265,17.722837448120117,649900
2009-06-01,17.932845992707758,18.51785779852482,17.835344740341124,18.480356216430664,631400
2009-06-02,18.34535091478608,19.260369367279566,18.27785093717254,19.057865142822266,731000
2009-06-03,18.885359878355963,19.530372619628906,18.75785739300058,19.530372619628906,639200
2009-06-04,19.545367931986107,19.55286824499091,18.750353350476658,19.230361938476562,864100
2009-06-05,19.44037006169043,19.44037006169043,18.757857186007495,18.915359497070312,349900
2009-06-08,18.75786108092698,19.065366883029142,18.562857157306755,18.810361862182617,399400
2009-06-09,18.79535982562268,19.087866404462854,18.60785623198567,19.057865142822266,473400
2009-06-10,19.110363764675157,19.14036502293187,18.622854762313402,18.870359420776367,502900
2009-06-11,18.877862798702846,19.320371416025342,18.877862798702846,19.13286781311035,492100
2009-06-12,19.01285936834427,19.07286044432111,18.74285381117924,18.885356903076172,346500
2009-06-15,18.705353824933507,18.750354274641868,18.067841493487983,18.39784812927246,643400
2009-06-16,18.5178561733003,18.5178561733003,18.135348652745297,18.14284896850586,388000
2009-06-17,18.172846868239514,19.027864177002122,18.00784423067281,18.817859649658203,320400
2009-06-18,18.78035468671935,19.50786788498666,18.667851421681206,19.40286636352539,420800
2009-06-19,19.582869584832608,19.845373388485775,19.25286296383349,19.40286636352539,534400
2009-06-22,19.297866955028432,19.357868039814992,18.97536058784866,19.06536293029785,400600
2009-06-23,19.18535715510679,19.312859586296092,18.88535185540787,18.900352478027344,268200
2009-06-24,19.110360225451725,19.192862239839652,18.67535207506365,18.802854537963867,446400
2009-06-25,18.82536176383354,18.94536395363091,18.67535831131736,18.922863006591797,580700
2009-06-26,18.892863517556208,19.057866173889735,18.442854582373258,18.855361938476562,797600
2009-06-29,18.937855647160458,19.56036728051885,18.84035444554264,19.5003662109375,478800
2009-06-30,19.455367965575242,19.657870704216275,19.297864246033882,19.56036949157715,413200
2009-07-01,19.725380105505597,19.725380105505597,19.335373666007502,19.642879486083984,484900
2009-07-02,19.312869979851964,19.507873887235522,18.96036374181565,19.290369033813477,547900
2009-07-06,19.15536863043729,19.42537284403573,19.005365176907862,19.38787269592285,245200
2009-07-07,19.50037119648244,19.50037119648244,18.922859860026556,18.9378604888916,282700
2009-07-08,19.050361378292493,19.09536183206703,18.60035254893122,18.862857818603516,542000
2009-07-09,18.900357630628353,18.900357630628353,18.600350818603697,18.65285301208496,331500
2009-07-10,18.600351356495523,18.95285894165689,18.510350454716246,18.750354766845703,173000
2009-07-13,18.757853663481463,19.245362564486168,18.570350129976696,19.230361938476562,262200
2009-07-14,19.17036368060229,19.23036476291487,18.65285488210828,18.780357360839844,558400
2009-07-15,19.057851904633633,19.800365447998047,18.94535011270652,19.800365447998047,479900
2009-07-16,19.642875797627298,20.11538419836044,19.627875167625913,20.085384368896484,297200
2009-07-17,20.032883850445902,20.445392626979952,19.90538277631634,20.29538917541504,641800
2009-07-20,20.400392163726053,20.400392163726053,19.875381513787783,20.29538917541504,276500
2009-07-21,20.33288528736634,20.550388660069927,20.190382189743513,20.482887268066406,238700
2009-07-22,20.497887782091794,21.27040291378866,20.467887958332884,20.992897033691406,613700
2009-07-23,20.89540018603428,21.81041717529297,20.865398925465712,21.81041717529297,675100
2009-07-24,21.630405109650255,21.960411689046012,21.577904355538298,21.952911376953125,561000
2009-07-27,21.870415353205754,21.937916749956404,21.765413816277476,21.8629150390625,400000
2009-07-28,21.757912818459356,22.192921011328846,21.71291236555247,22.12541961669922,469700
2009-07-29,22.12541994421281,22.395425526728104,21.900416245809147,22.057918548583984,310400
2009-07-30,22.087917770438253,22.672927904625833,21.847912035562445,22.417922973632812,464500
2009-07-31,22.28292663907891,22.28292663907891,21.06040382385254,21.06040382385254,839800
2009-08-03,21.17290687561035,21.300409385089075,20.857900759871093,21.17290687561035,499900
2009-08-04,21.030402602144218,21.397909453967006,21.015401972141948,21.307907104492188,187200
2009-08-05,21.247899375554923,21.510404596412748,20.692889113747782,20.850391387939453,302400
2009-08-06,20.947896392966243,21.195401016523306,20.265383599807716,20.70039176940918,268700
2009-08-07,20.910398992664856,21.450410228436144,20.835398703731123,21.307907104492188,462200
2009-08-10,21.232902151664838,21.915414976907947,21.232902151664838,21.705411911010742,303100
2009-08-11,21.69791220325163,22.05791869530761,21.547908782958984,21.547908782958984,314500
2009-08-12,21.660413579979547,22.32792731750983,21.622913435073514,22.04292106628418,329400
2009-08-13,22.080420190533754,22.0879205047901,21.45790841264369,21.795413970947266,190900
2009-08-14,21.840414364599397,21.922914954706375,21.127900294842608,21.34540367126465,268800
2009-08-17,20.96289399991752,21.472902370030535,20.92539243778826,21.240398406982422,294100
2009-08-18,21.19522852151644,21.51146289866523,20.931699634539637,21.315698623657227,243400
2009-08-19,21.180172085678745,21.827700043889266,21.172643959942555,21.78252410888672,223400
2009-08-20,21.699687364043534,22.06862705711461,21.65451145610648,21.955686569213867,261400
2009-08-21,22.061103556091204,22.407456108334213,21.83522251827978,22.151456832885742,269700
2009-08-24,22.256866900713725,22.256866900713725,21.790045724974437,21.85028076171875,276600
2009-08-25,21.97828187188959,22.317103437811223,21.91051727148193,22.136398315429688,367100
2009-08-26,22.046044990166905,22.12886726811749,21.722281129122514,21.85028076171875,290800
2009-08-27,21.89545626111894,21.993337655411068,21.413575976388724,21.872867584228516,172900
2009-08-28,21.83523082286019,22.00087688451419,21.564172325501676,21.75240707397461,208000
2009-08-31,21.564163260095846,21.94816215788455,21.35334134954903,21.85028076171875,372200
2009-09-01,21.72228672808597,22.106285724851194,21.25546399590562,21.29311180114746,308600
2009-09-02,21.48134609118848,21.66958080529807,21.27805225528207,21.315698623657227,144700
2009-09-03,21.45122943020069,21.45122943020069,20.98440810899373,21.383464813232422,159900
2009-09-04,21.413585768335988,21.85029033509698,21.067233078219516,21.707231521606445,204900
2009-09-08,21.857811262711092,21.880398504890678,21.11240211233575,21.240400314331055,366000
2009-09-09,21.458750106095845,21.526514695004405,21.082280805988898,21.15004539489746,570400
2009-09-10,21.195227921015473,21.488875043266344,21.08228738297292,21.33075714111328,485300
2009-09-11,21.285577670923466,21.436164551214976,21.097342993471614,21.240400314331055,299900
2009-09-14,21.165116189195718,21.466291508228245,20.93923362283342,21.345821380615234,496900
2009-09-15,21.33828853153729,21.744874790578265,21.30817028621434,21.594287872314453,268700
2009-09-16,21.609341209285926,21.948162761751078,21.526517492940034,21.835222244262695,464300
2009-09-17,21.677111099195034,22.264402507961048,21.677111099195034,22.023462295532227,339900
2009-09-18,22.076170178140153,22.588168903054797,22.053582928352043,22.414993286132812,537400
2009-09-21,22.377344111882415,22.57310840277332,22.286992246004775,22.520402908325195,366400
2009-09-22,22.550513907727467,22.731219017529956,22.234279606543975,22.61827850341797,319800
2009-09-23,22.723691658150287,23.002278190853286,22.58816245364972,22.67098617553711,291000
2009-09-24,22.648406112485937,22.77640580586441,22.294525283082976,22.445112228393555,289200
2009-09-25,22.369818037679646,22.821581745845858,22.309582972331967,22.445112228393555,320000
2009-09-28,22.573108147947078,23.22816563069163,22.354756611110226,23.002283096313477,278500
2009-09-29,23.092636734069302,23.167930913293436,22.83663738637745,22.934518814086914,178200
2009-09-30,22.934514818441485,23.107691831321247,22.42251764837482,22.926986694335938,346700
2009-10-01,22.798991302312885,22.836637674341155,22.174052048271175,22.309579849243164,245800
2009-10-02,21.993340843269188,22.430046709750602,21.94816491905677,22.008399963378906,163900
2009-10-05,22.520399044421833,22.738751982377078,22.264399741496188,22.49781036376953,622600
2009-10-06,22.595687230126504,22.972156524658203,22.324628878506438,22.972156524658203,565700
2009-10-07,22.964632637013402,23.107691406373057,22.79145706343509,22.949573516845703,150600
2009-10-08,23.198045020780064,23.815454633480176,23.00981031270726,23.597103118896484,457600
2009-10-09,23.60463402335006,24.206985985144662,23.60463402335006,24.14674949645996,394200
2009-10-12,24.29734360440074,24.688872256941863,24.267225352920374,24.560871124267578,463000
2009-10-13,24.583456956003072,24.60604420455168,24.003692205188123,24.334985733032227,389900
2009-10-14,24.53074031124796,24.711443961969458,24.31991555576256,24.673797607421875,296100
2009-10-15,24.636153069636993,24.69638666690843,24.365094701333142,24.50815200805664,308800
2009-10-16,24.478043922849437,24.771692525091996,24.342517554735984,24.658750534057617,281700
2009-10-19,24.749104497260646,24.877105622743812,24.237105739796753,24.66628074645996,466600
2009-10-20,24.598505813565264,24.598505813565264,23.845568553868045,24.267213821411133,485300
2009-10-21,24.191922227827263,24.342510548452587,23.438982060817295,23.461570739746094,561700
2009-10-22,23.499226407617442,24.229578184920392,23.190521520592338,24.154285430908203,482300
2009-10-23,24.28226679539957,24.28226679539957,23.506739617955507,23.68744468688965,380400
2009-10-26,23.64226877764087,24.131678518830416,23.33356410537748,23.566974639892578,383300
2009-10-27,23.679919865898672,23.98862458119999,23.378743272917106,23.484155654907227,413000
2009-10-28,23.423932134908497,23.43898982306433,22.640874906119844,22.663463592529297,490500
2009-10-29,22.791462796820767,22.87428510634428,22.14393482788598,22.271934509277344,722900
2009-10-30,22.1363958290603,22.47521879304185,22.023455319771948,22.03098487854004,550500
2009-11-02,22.06110107782053,22.48274774067317,21.84274962394725,22.430042266845703,415800
2009-11-03,23.69498064145387,24.078979555154643,22.979689729989648,23.83803939819336,1242600
2009-11-04,24.191921365582278,25.449327622685814,24.01874437220051,24.84697723388672,936700
2009-11-05,25.050290201635054,25.94628691123687,24.99005368053472,25.59993553161621,853800
2009-11-06,25.38910941773895,25.886049148908025,25.336403906269123,25.547225952148438,357800
2009-11-09,25.72038731607492,26.02156396181796,25.660153710266325,25.998973846435547,496100
2009-11-10,25.998969399761144,26.352851467148803,25.870971214163912,26.254968643188477,580200
2009-11-11,26.330270715362705,26.352857960213857,26.036625043363408,26.164623260498047,343900
2009-11-12,26.104399730564953,26.34534290820881,25.682755632216953,25.773107528686523,294900
2009-11-13,25.87098762040454,26.217338912849055,25.59240096102393,26.149574279785156,410900
2009-11-16,26.202274522842664,26.60133411393782,26.187215399383025,26.375450134277344,515800
2009-11-17,26.352853436842032,26.669086299412257,26.232383364591506,26.541088104248047,358900
2009-11-18,26.367914837418923,26.46579767716846,26.074269190403644,26.232385635375977,255800
2009-11-19,26.059215393884887,26.119449011410975,25.59992221228355,25.76556968688965,400600
2009-11-20,25.85383481079471,25.974195329105168,25.38843223593661,25.540891647338867,516100
2009-11-23,25.893953221319514,26.680320185794624,25.78161552081918,26.271089553833008,406500
2009-11-24,26.230966553779957,26.567982719221103,26.038388511504557,26.527862548828125,210000
2009-11-25,26.527863388241016,26.688344074890963,26.311210788096123,26.375402450561523,184500
2009-11-27,25.990248120927493,26.335287171072235,25.797670036784144,26.06246566772461,144500
2009-11-30,26.006296264767816,26.022344948275432,25.356339887576308,25.926055908203125,735200
2009-12-01,26.118631568450883,26.50379075402842,26.062462711864978,26.399478912353516,435500
2009-12-02,26.479712470758557,26.913017591277054,26.23096255468927,26.792654037475586,340900
2009-12-03,26.880918148693482,27.001281693151093,26.69636295857134,26.72846031188965,333100
2009-12-04,26.479715798502294,26.479715798502294,20.58196061001133,23.38239097595215,9046700
2009-12-07,23.09352006889836,24.26504603670307,22.684287954936302,24.23295021057129,2533900
2009-12-08,23.903957232598938,24.15270559608599,23.671256015105286,24.088512420654297,718000
2009-12-09,24.000246181944654,24.104561048363863,23.54286961660849,23.815690994262695,825300
2009-12-10,23.7755712782051,24.313189739950523,23.173759635825274,23.262025833129883,882500
2009-12-11,23.061425519389466,23.061425519389466,22.05840596027987,22.73243522644043,2762800
2009-12-14,22.748485690247676,23.077476008990473,22.419495371504883,22.740461349487305,903500
2009-12-15,22.724410399719584,22.852796778097613,22.291106755315337,22.491710662841797,1022100
2009-12-16,22.539852114572955,22.676262814406243,21.737436593315067,21.817678451538086,1012100
2009-12-17,21.665225450766485,22.202844069467933,21.609056592623833,22.042360305786133,1238900
2009-12-18,22.03433942793986,22.331233978271484,22.018292273438647,22.331233978271484,953900
2009-12-21,22.210860441503886,22.876865219995416,22.210860441503886,22.61206817626953,541900
2009-12-22,22.48368275543426,22.804648650452204,22.307150365309806,22.475658416748047,953500
2009-12-23,22.628118187594332,22.628118187594332,22.154692910209132,22.275054931640625,862100
2009-12-24,22.234926547098734,22.315168380737305,22.098517419544546,22.315168380737305,187500
2009-12-28,22.242971406987092,22.547890350063675,22.234947063170644,22.507768630981445,353600
2009-12-29,22.57997422345593,23.133641409352286,22.52380537700734,23.08549690246582,530900
2009-12-30,23.021307310263314,23.18178953509951,22.67626830766004,22.82872772216797,254900
2009-12-31,22.79662674881029,23.013279325040664,22.435539121759668,22.44356346130371,292200
2010-01-04,22.443564082588814,22.852796227745834,22.371346555179557,22.70033836364746,435300
2010-01-05,22.68429005645062,22.692314396348504,22.4435644509731,22.676265716552734,631500
2010-01-06,22.788605707827763,22.85279890298556,22.54788160860766,22.65219497680664,570000
2010-01-07,22.62811705672102,22.62811705672102,22.178763287787547,22.323198318481445,538300
2010-01-08,22.38739014194506,22.459607652926007,22.10654443596203,22.210859298706055,325200
2010-01-11,22.21889342848399,22.355304172621157,22.05840965991557,22.194820404052734,393100
2010-01-12,21.98618415773593,22.138643529634383,21.86582214012603,21.946063995361328,506100
2010-01-13,21.93804198812242,22.355298455298502,21.93804198812242,22.291105270385742,346100
2010-01-14,22.23493597214537,22.33122651942487,22.06642942751415,22.146671295166016,294700
2010-01-15,22.14668057695194,22.242969634100344,21.9460765889913,22.162729263305664,520500
2010-01-19,22.162724568631038,22.539859435134193,22.130627202722692,22.194820404052734,524600
2010-01-20,22.042351880710154,22.29912611055354,21.873845370689132,21.99420738220215,915000
2010-01-21,22.066432721588487,22.170746093767367,21.336234524876666,21.713369369506836,1271100
2010-01-22,21.641152156108703,21.801635917781155,21.43252387812915,21.520790100097656,531300
2010-01-25,21.665230306695445,21.833736918891567,21.368335736485736,21.633132934570312,342500
2010-01-26,21.520779884242994,21.57694871501919,21.304127367975507,21.464611053466797,516700
2010-01-27,21.464622182305447,21.464622182305447,20.943052229767318,21.21587371826172,946000
2010-01-28,21.280064790716594,21.304136282272434,20.5819624563539,20.95909881591797,771400
2010-01-29,20.999215662629222,21.400423450199145,20.870829293045745,20.926998138427734,692300
2010-02-01,20.95107115665698,21.031311489781967,20.646152381031538,20.926998138427734,1284700
2010-02-02,21.897926225963122,24.03235196673184,21.095510487915135,23.695337295532227,3792000
2010-02-03,23.57497157459932,24.273073876868747,23.181788082235688,24.056421279907227,1556100
2010-02-04,23.984198428297233,24.449599349763325,23.847787734221686,23.855812072753906,1214300
2010-02-05,23.96012781635628,24.096538515402994,23.454605183806535,23.82371711730957,559700
2010-02-08,23.75151254171357,24.39344469264354,23.663246297028085,24.28110694885254,586300
2010-02-09,24.43355835441778,24.457629845588436,23.9280356130235,24.305171966552734,587400
2010-02-10,24.18479784662246,24.39342601858395,23.74347002202156,24.248991012573242,400700
2010-02-11,24.216906403578292,24.40948599056564,24.008278135053704,24.36134147644043,316400
2010-02-12,24.048394382423623,24.56194139437134,24.00024987615818,24.5458927154541,459100
2010-02-16,24.706374130162892,24.810687472384558,24.297142039011213,24.74649429321289,340000
2010-02-17,24.834766356312045,24.834766356312045,24.569969238353515,24.738475799560547,516400
2010-02-18,24.674280399439247,25.203874588012695,24.61811155072484,25.203874588012695,551200
2010-02-19,25.252199393481412,25.622607186078458,25.058942953535254,25.453508377075195,669900
2010-02-22,25.53401777652189,25.53401777652189,25.107243930958205,25.15555763244629,344800
2010-02-23,25.042828086425754,25.20387428888905,24.962304217261575,25.002565383911133,523500
2010-02-24,25.68701080507787,25.68701080507787,25.10724182818289,25.46959686279297,419800
2010-02-25,25.2521865954942,25.477651559897975,24.86567237562438,25.284395217895508,222600
2010-02-26,25.24414684983378,25.566240916410706,25.24414684983378,25.453508377075195,325800
2010-03-01,25.389075972575494,26.057421378896095,25.389075972575494,25.9044246673584,312100
2010-03-02,25.88026635158689,26.419775689547432,25.88026635158689,26.12989044189453,584700
2010-03-03,25.864162395082666,26.121837499333513,25.590383748714718,25.67090606689453,595500
2010-03-04,25.75949320881561,25.75949320881561,25.36492784880472,25.445451736450195,220200
2010-03-05,25.56623464708724,25.968852515545304,25.35687317118521,25.9446964263916,378400
2010-03-08,25.872224736301337,26.017167412718862,25.493762962129956,25.622600555419922,208200
2010-03-09,25.50986860053581,25.904432394692776,25.44544980248861,25.76754379272461,282500
2010-03-10,25.68701856944462,26.041322708129883,25.62259977476232,26.041322708129883,295700
2010-03-11,25.976908560888802,26.08964416618151,25.590397236658582,26.06548500061035,301600
2010-03-12,26.19431638558459,26.19431638558459,25.6387048573992,26.041322708129883,245500
2010-03-15,26.00911994962609,26.16211674238102,25.904438418540817,26.089645385742188,210900
2010-03-16,26.170159049394606,26.58082788599301,26.02521638430569,26.564725875854492,482700
2010-03-17,26.64524869810419,26.64524869810419,26.411729614354666,26.460044860839844,747200
2010-03-18,26.48420038553718,26.943184466338675,26.411729053214295,26.83045196533203,333200
2010-03-19,27.007596969604492,27.257217986167596,26.572769101635405,27.007596969604492,744900
2010-03-22,26.854602414095826,27.426321947602222,26.637191534502673,27.21695899963379,696700
2010-03-23,27.233070090446763,27.482694253756883,26.91097459402921,27.41827392578125,320000
2010-03-24,27.28137252426896,27.37799989912296,27.023697476839054,27.03980255126953,244000
2010-03-25,27.216956155426846,27.84504186196676,27.023701377821723,27.563207626342773,482700
2010-03-26,27.60348111796432,27.748423801805615,27.192812228234448,27.394121170043945,311500
2010-03-29,27.402168363822387,27.73231485958903,27.297489940290944,27.5229549407959,238100
2010-03-30,27.49880209769726,27.88531488918102,27.321649249701558,27.506853103637695,219800
2010-03-31,27.37801111475405,27.55516393433257,27.088125799709246,27.104230880737305,327000
2010-04-01,27.192806752143678,27.611529635392646,27.120335424817316,27.474637985229492,257000
2010-04-05,27.57932014175677,27.820890214783798,27.096179995702723,27.611530303955078,255400
2010-04-06,27.450478059180814,27.579315615097485,27.32969150662722,27.345796585083008,251400
2010-04-07,29.028752478032153,30.72780065397288,28.489245919955618,28.811338424682617,3145000
2010-04-08,28.650276221770948,28.650276221770948,27.788671541377198,27.917509078979492,975000
2010-04-09,27.925562891302004,28.271814346313477,27.579311436290535,28.271814346313477,694300
2010-04-12,28.207405255215633,28.81938610016366,28.207405255215633,28.706653594970703,796000
2010-04-13,28.634172538175388,28.70664384858426,28.223500755281986,28.593908309936523,398900
2010-04-14,28.714708852816734,29.00459423580368,28.52145090691516,28.988489151000977,297200
2010-04-15,28.819380270176815,29.036794231237575,28.62612239199066,28.714698791503906,261600
2010-04-16,28.746917156511255,29.133429951495714,28.537554139396356,28.730812072753906,308100
2010-04-19,28.618068113603435,28.916004364640855,28.336233868153407,28.86768913269043,358600
2010-04-20,28.89184760975347,29.47161502097088,28.57780628873376,29.157573699951172,703200
2010-04-21,29.101221947980072,29.173693294411873,28.304040208961133,28.553661346435547,463000
2010-04-22,28.352356604743626,28.408722874595494,27.659853207441994,28.11078643798828,609100
2010-04-23,28.142986978441233,28.239614397718455,27.877257735766023,28.11882781982422,413200
2010-04-26,28.0463587764836,28.19129836548952,27.740368373626247,27.764524459838867,357100
2010-04-27,27.748423801805615,28.006099001583316,27.241127480091773,27.394121170043945,484500
2010-04-28,27.402162147252962,27.563209856104937,27.289429672575448,27.36995506286621,292200
2010-04-29,27.498800560028368,27.748421662721594,27.33775280464956,27.571271896362305,319900
2010-04-30,27.52295003615927,27.692048756404304,26.798236846923828,26.798236846923828,565000
2010-05-03,26.870714741442118,27.394119180832302,26.604988554849122,27.273332595825195,447500
2010-05-04,26.967332673573715,27.080065128800022,26.50029470566013,26.983434677124023,677100
2010-05-05,26.89485679109461,27.88529571415653,26.774070282931337,27.627620697021484,757900
2010-05-06,25.98495092390807,27.65983922915042,24.97840651132283,26.548616409301758,1112500
2010-05-07,26.26678112521686,26.500300157212397,25.44544208324644,25.81585121154785,1214900
2010-05-10,26.57277736424159,26.81434745320681,26.08963718631115,26.460044860839844,703200
2010-05-11,26.105730400470268,27.361898740248538,26.033262162756028,26.870704650878906,523800
2010-05-12,26.919019881084367,27.16058988865307,26.69355495025082,26.870704650878906,813000
2010-05-13,26.90292329765491,27.225018790585562,26.564725794634974,26.83045196533203,402700
2010-05-14,26.709656952575404,26.894863799146428,26.363408553856917,26.604978561401367,615800
2010-05-17,26.766022429409144,27.265267449838483,26.34729970940333,27.03980255126953,513700
2010-05-18,27.337750224261004,27.619581465774253,26.862661080188563,26.91902732849121,372400
2010-05-19,26.822396612394133,26.92707501965756,26.4036737681511,26.548616409301758,561400
2010-05-20,26.065479097224856,26.17016059970822,25.52597264544611,25.66286277770996,684200
2010-05-21,25.461544874818696,26.02520875214007,25.026717007069784,25.687009811401367,549000
2010-05-24,25.54206802743984,26.057419761973662,25.300498005779893,25.64674949645996,311200
2010-05-25,25.266981955998215,25.43666673375553,24.64480135517911,25.323543548583984,385700
2010-05-26,25.380107214454267,25.978048062260758,25.153859284441324,25.27506446838379,387300
2010-05-27,25.719473923629383,25.90532112121582,25.53362826723061,25.90532112121582,340900
2010-05-28,25.79220110182666,26.1638940234976,25.614435860011483,25.719478607177734,352900
2010-06-01,25.59019035171483,25.743715764463452,24.992251136131625,25.016490936279297,345000
2010-06-02,25.032646891578946,25.50130194328358,24.70135633129743,25.380098342895508,889700
2010-06-03,25.37202337843349,25.55786904192214,25.129616125290706,25.493227005004883,762900
2010-06-04,25.250823798942864,25.250823798942864,24.499359036096248,24.564001083374023,419100
2010-06-07,24.62863879042041,24.741763509111866,24.313509058124126,24.329669952392578,561500
2010-06-08,24.33775605650991,24.523601760231315,24.111508107726415,24.313514709472656,616400
2010-06-09,24.40239136230777,24.790243560568424,24.273107296220886,24.38623046875,853400
2010-06-10,24.693282406892987,24.806407132825417,24.345830863819856,24.588239669799805,482800
2010-06-11,24.33775196508214,25.42050575052687,24.26502947738385,25.388185501098633,422800
2010-06-14,25.525544963487075,26.188126127753595,25.525544963487075,25.97804069519043,498500
2010-06-15,26.050764694195625,26.260850139063052,25.72755299799555,26.220449447631836,377600
2010-06-16,26.042686670777066,26.228532345550764,25.881080798076916,26.091169357299805,297600
2010-06-17,26.147731148393007,26.373977522461086,25.759877359213174,26.341655731201172,283100
2010-06-18,26.26085751912645,26.527507705784235,25.929566824487896,26.333580017089844,505700
2010-06-21,26.600227121371585,26.76183301488757,26.18813502116306,26.333580017089844,338200
2010-06-22,26.309337310909516,26.745669168201935,26.026526257846534,26.066926956176758,283800
2010-06-23,25.986120385873527,25.99419929098084,25.582107318255854,25.69523048400879,256300
2010-06-24,25.53363408911552,25.824522539877158,25.40434999073523,25.598276138305664,412200
2010-06-25,25.67907242419228,25.95379990609778,25.170015070324826,25.60634994506836,539600
2010-06-28,25.735644843311743,26.075016041685526,25.39627364493796,25.897249221801758,188600
2010-06-29,25.670997767253674,25.670997767253674,25.29930484110223,25.44474983215332,364300
2010-06-30,25.533621065345617,25.79218913022005,25.040724728436718,25.113447189331055,319300
2010-07-01,25.202344504543234,25.202344504543234,24.200391927365477,24.806411743164062,382900
2010-07-02,24.976090876044136,24.976090876044136,24.677122031255646,24.741764068603516,193200
2010-07-06,25.048808493540793,25.30737659269058,24.450869378960054,24.572072982788086,309300
2010-07-07,24.677125927436116,25.25082390682904,24.475119336181486,25.234663009643555,520300
2010-07-08,25.436668580890444,25.574033119082813,25.089217011275174,25.307384490966797,335300
2010-07-09,25.218502017722297,25.444749953905237,25.12153971734959,25.299304962158203,373600
2010-07-12,25.186180067325946,25.372025748172522,24.77408646554362,25.089216232299805,286400
2010-07-13,25.32353544963427,25.848752051483615,25.32353544963427,25.776029586791992,436200
2010-07-14,25.654834885651482,25.840680563756944,25.49322901005413,25.687156677246094,222200
2010-07-15,25.73563442642942,25.792196013066192,25.097292997385516,25.20233726501465,374100
2010-07-16,25.056887048146457,25.121529068055118,24.321583493740196,24.345823287963867,398300
2010-07-19,24.458949115392876,24.48318891074306,24.168059241691505,24.224620819091797,355300
2010-07-20,23.174190755532766,24.628637242129443,23.174190755532766,24.612476348876953,354800
2010-07-21,24.757921957682377,24.757921957682377,24.087260281920752,24.095340728759766,362300
2010-07-22,24.402396455566667,25.178101013992734,24.394316007101235,24.75792694091797,506100
2010-07-23,24.636726171581095,25.04073939487601,24.467041357567542,24.943777084350586,299600
2010-07-26,24.846813338143484,25.646759338721623,24.846813338143484,25.45283317565918,314000
2010-07-27,25.646754122132823,26.107330399560876,25.590192528726174,25.78411865234375,341100
2010-07-28,25.784116763515062,26.002284214548304,24.976090537040285,25.00033187866211,312800
2010-07-29,25.161937677320804,25.46090807680135,24.69328250008294,25.323543548583984,356400
2010-07-30,25.032654268145873,25.76795807385692,24.99225356984046,25.687156677246094,358100
2010-08-02,26.08309001828158,26.163894504028846,25.501311591593076,25.953805923461914,354600
2010-08-03,25.824521167103832,26.608307705706537,25.687158168416204,25.84876251220703,287800
2010-08-04,25.84068085318187,26.21237221355587,25.80836060241311,26.13157081604004,293800
2010-08-05,25.945718471766792,26.188125684428396,25.759871298126257,26.042680740356445,200600
2010-08-06,25.78411595808059,26.32549511574252,25.703313029719663,25.90532112121582,399100
2010-08-09,26.075005254458162,26.293172693411513,25.662911716831037,26.26085090637207,317900
2010-08-10,26.050766472501657,26.22853014340874,25.670993165898338,26.02652359008789,269000
2010-08-11,25.646756016826295,25.646756016826295,24.91953261423868,24.968013763427734,444400
2010-08-12,24.73368795965716,24.959934359465198,24.458958867443393,24.814489364624023,313900
2010-08-13,24.693278738241673,24.693278738241673,24.273106311105664,24.378149032592773,307600
2010-08-16,24.273106311105664,24.555914230950794,23.901413480300164,24.378149032592773,220400
2010-08-17,24.563992180486036,24.98416610609918,24.450869024046888,24.895282745361328,291100
2010-08-18,24.89528731197784,25.33970265600012,24.6690409575985,25.016490936279297,225500
2010-08-19,24.887209066920285,25.000333795307085,23.998381382606432,24.200387954711914,433300
2010-08-20,23.9648846671288,24.094819531928856,23.412660717255672,23.891796112060547,416800
2010-08-23,23.99736879600848,24.224755595130315,23.461387064956728,23.583202362060547,226800
2010-08-24,23.307083059087105,23.33956599222717,22.795463308859215,23.022850036621094,274100
2010-08-25,22.844187420618294,23.445137919687095,22.827946729276256,23.331443786621094,288500
2010-08-26,23.45326036110922,23.68876822726119,23.445140788917165,23.493865966796875,367900
2010-08-27,23.623805564522577,24.01361016395095,23.331451340478402,23.94864273071289,231900
2010-08-30,23.891791558419882,23.948637857317102,23.526348852729935,23.542591094970703,366300
2010-08-31,23.47762617312449,23.73749588084673,23.331449075294323,23.363933563232422,578400
2010-09-01,23.631929267904873,23.940524222247824,23.534477332933122,23.729379653930664,399800
2010-09-02,23.713136300132753,24.338447262455425,23.61568437607378,24.281600952148438,232000
2010-09-03,24.565830318673356,24.841942254435246,24.49274177397488,24.80133819580078,237600
2010-09-07,24.679528213245828,24.858189827011465,24.45214295782903,24.557714462280273,343300
2010-09-08,24.58206574832122,25.012474226754666,24.51709834314569,24.825693130493164,307600
2010-09-09,25.020599132787734,25.199260685768987,24.833818008257655,24.866302490234375,179200
2010-09-10,24.939391230452753,25.142414610247172,24.874423810876355,25.00436019897461,183300
2010-09-13,25.247984671250997,25.710877675011297,25.183017259301224,25.645910263061523,309200
2010-09-14,25.678401223784256,26.149415466522946,25.59719155111641,25.946392059326172,323800
2010-09-15,25.970744410157646,26.37679107654139,25.881415196835896,26.279340744018555,292100
2010-09-16,26.165653165992705,26.206257220801056,25.670275642814744,25.881420135498047,353900
2010-09-17,26.295587768603255,26.555457434557727,25.962628016535525,26.44988441467285,381200
2010-09-20,26.441759370757744,27.05082935514466,26.214371136688,27.01834487915039,275700
2010-09-21,27.042710593237793,27.107679554610417,26.84780990490109,26.9208984375,227200
2010-09-22,26.945264602638122,27.294465081710126,26.709756726447036,26.79096794128418,314200
2010-09-23,26.587937749180128,27.002103996276855,26.352429933237726,26.393033981323242,283500
2010-09-24,26.717874572430755,27.075194559519673,26.547332601013053,27.050832748413086,284700
2010-09-27,27.02647261548661,27.091441587106086,26.636668079442984,26.888418197631836,228600
2010-09-28,27.034589038149715,27.11579713601567,26.644784592190494,27.026466369628906,306400
2010-09-29,27.010231863792477,27.23762017912347,26.6447922208761,26.92902374267578,302300
2010-09-30,27.197018348005468,27.32695321117817,26.782848841842068,26.977752685546875,406700
2010-10-01,27.221377273190363,27.221377273190363,26.522976296166163,27.14828872680664,321500
2010-10-04,27.156409312714246,27.383797630997645,26.563581346769595,26.652912139892578,272700
2010-10-05,26.9777441655769,27.52996793413335,26.888413394502987,27.473121643066406,420900
2010-10-06,27.400036391171575,27.668025638575152,27.400036391171575,27.603059768676758,204800
2010-10-07,27.71674919128418,27.895407636469344,27.586814368471995,27.71674919128418,254800
2010-10-08,27.62742560178392,27.93602204789467,27.546214380233014,27.757360458374023,262800
2010-10-11,27.692386937783528,27.903532981282876,27.497486233820414,27.741113662719727,135300
2010-10-12,27.635554377589543,27.830458276323064,27.302596003084574,27.700523376464844,336000
2010-10-13,27.765474539342875,28.065951352807406,27.60305832415102,27.911651611328125,400100
2010-10-14,27.952259674204285,28.1309212540089,27.806085679144626,28.049713134765625,291400
2010-10-15,28.301453502853605,28.317695742458138,27.741110177004156,27.797956466674805,309600
2010-10-18,27.732994731705304,28.147161060615733,27.716752489684573,27.854806900024414,232000
2010-10-19,27.51372652397771,27.72486945461032,26.985864550560265,27.083314895629883,301100
2010-10-20,27.188890251792593,27.578694763537293,27.18077067979184,27.37567138671875,205200
2010-10-21,27.456882596180698,27.797960382248228,27.115801712222282,27.37567138671875,305900
2010-10-22,27.383791957595506,27.62741937152512,27.302580754358537,27.562450408935547,127900
2010-10-25,27.732988282320484,28.18775856157917,27.732988282320484,27.8304386138916,125700
2010-10-26,27.659899759169594,28.057823753520946,27.538084521288056,27.8304386138916,163600
2010-10-27,27.6517830858521,27.82232197754597,27.335067116166094,27.554332733154297,222300
2010-10-28,27.741119500908205,28.01723147120677,27.351314913055784,27.64366912841797,160400
2010-10-29,27.529969135280567,27.936015859412194,27.448757931719847,27.789838790893555,203400
2010-11-01,27.927895440172243,28.017226222340803,27.732994731705304,27.854806900024414,377300
2010-11-02,28.212136298167255,28.75623758626604,28.11468282438619,28.62630271911621,372600
2010-11-03,27.97662070244742,28.54508675186616,27.619297592468968,28.1552791595459,804000
2010-11-04,28.520733888525545,29.105442426100243,27.944148023912742,28.350194931030273,622100
2010-11-05,28.309580697943534,28.431392867618097,28.090315075060193,28.236492156982422,282300
2010-11-08,28.114675521850586,28.171521817845093,27.822321372226952,28.114675521850586,218000
2010-11-09,28.212130028698652,28.26897632682575,27.757356545790945,27.854806900024414,240200
2010-11-10,27.919767969297975,28.21212204717911,27.619291223759014,28.122791290283203,279200
2010-11-11,27.854811627977305,28.17965032774677,27.676153131206387,28.009111404418945,213100
2010-11-12,27.773595129589033,28.187761403947203,27.773595129589033,28.098430633544922,393900
2010-11-15,28.212133851435215,28.463880892140914,28.179649362992116,28.187768936157227,215600
2010-11-16,27.976618004434243,28.025341625357402,27.59493311845379,27.797956466674805,443100
2010-11-17,27.81421067622709,27.936025976739543,27.35943706525796,27.424406051635742,287000
2010-11-18,27.65990396308706,28.049708446506543,27.546208278102053,27.789838790893555,169300
2010-11-19,27.643663215773813,28.05782953369077,27.643663215773813,27.838563919067383,238400
2010-11-22,27.724380911531632,28.124053955078125,27.626499131820573,28.124053955078125,212900
2010-11-23,27.79778000418849,28.034319768789715,27.63464687889051,28.00169563293457,275000
2010-11-24,28.213779030361906,28.53188705444336,28.10774198516577,28.53188705444336,192400
2010-11-26,28.376906346730703,28.548194768580675,28.238242068442894,28.442157745361328,58400
2010-11-29,28.23008792001183,28.327966577558033,27.805942921969724,28.2219295501709,206800
2010-11-30,27.993536281434455,28.205610270319593,27.78146540405477,28.066946029663086,343200
2010-12-01,28.376903683312722,29.045746791907966,28.376903683312722,28.858144760131836,293500
2010-12-02,28.923390728074907,29.355693957312674,28.8418257248631,29.32306671142578,210500
2010-12-03,29.25781951801451,29.543303323480615,29.045748589859468,29.502517700195312,170300
2010-12-06,29.39648422620506,29.46173562371447,29.13547241315492,29.42911148071289,199700
2010-12-07,29.567765969452612,29.681958222942026,28.80919958669518,29.225189208984375,518100
2010-12-08,29.24150528280992,29.66565024180445,29.151785003364466,29.372011184692383,241500
2010-12-09,29.56777134638281,29.70643250469119,29.314914802312924,29.559616088867188,255200
2010-12-10,29.64117325024222,30.334485080954213,29.575918761396,30.26923370361328,196200
2010-12-13,30.342662149988143,30.342662149988143,29.95929957048829,29.983768463134766,163900
2010-12-14,30.081641646990683,30.48947300241054,30.081641646990683,30.432376861572266,195700
2010-12-15,30.42421355361004,30.742321461361747,30.383431046989067,30.391586303710938,227200
2010-12-16,30.45684252131801,30.85651857635976,30.277395748257714,30.815732955932617,227800
2010-12-17,30.8646673251643,30.995173193096072,30.29370298614831,30.85651206970215,412100
2010-12-20,30.995187909931257,30.995187909931257,30.562887600553868,30.603670120239258,230800
2010-12-21,30.628139850316394,30.628139850316394,30.212153159698065,30.44869613647461,209000
2010-12-22,30.375273174985598,30.61997130514896,30.187668059971294,30.27739143371582,243300
2010-12-23,30.32633776444506,30.45684366479611,30.016385084296527,30.20398712158203,114100
2010-12-27,30.12241625669652,30.497620258475063,30.02453762829897,30.375272750854492,102000
2010-12-28,30.440538500406777,30.59551332780908,30.171371367391526,30.54657554626465,131800
2010-12-29,30.65260454337499,30.70970068118919,30.29371097825015,30.36712074279785,93400
2010-12-30,30.301861296123736,30.481304919501593,30.073473694043695,30.187665939331055,79000
2010-12-31,30.1795122188544,30.350800595497393,29.69011596801571,29.73905372619629,174500
2011-01-03,29.93482417763632,30.48947510823607,29.779846260508826,30.26108741760254,213900
2011-01-04,30.358952915977362,30.358952915977362,29.47803610612189,29.787988662719727,205600
2011-01-05,29.763539272109888,30.06533366052422,29.698284749476034,29.951141357421875,129500
2011-01-06,29.910349040998717,29.95113466428402,29.429111045896654,29.502517700195312,184400
2011-01-07,29.60856107068748,29.624874701199428,29.0131275587823,29.3964900970459,150600
2011-01-10,29.217041044619197,29.461739260622224,29.094690380864368,29.339391708374023,433300
2011-01-11,29.396479004783217,29.616708266334427,29.23334587272613,29.453575134277344,146000
2011-01-12,29.730909134283674,29.763536392443868,29.363860258748005,29.518835067749023,245100
2011-01-13,29.45358624808428,29.52699602963461,29.143633491371016,29.3964900970459,134900
2011-01-14,29.412815317696314,29.55147656442712,29.208899523204124,29.486225128173828,221500
2011-01-18,29.36384533186505,29.747207641601562,29.22518422243143,29.747207641601562,319900
2011-01-19,29.681966774550112,30.04086037349467,29.102846972715952,29.184412002563477,203500
2011-01-20,29.02943535354857,29.298602424118265,28.743954655746435,28.931556701660156,299100
2011-01-21,29.070222007126983,29.102849266239843,28.849992675375212,28.86630630493164,229300
2011-01-24,28.866295713439882,29.39647758921849,28.866295713439882,29.225189208984375,141200
2011-01-25,29.062058052902927,29.208877563476562,28.83367041895185,29.208877563476562,175700
2011-01-26,29.274125651320944,29.747211379073512,29.078368400289495,29.624860763549805,299000
2011-01-27,29.575926004281353,29.885878679195013,29.31491420798755,29.80431365966797,197800
2011-01-28,29.673806634954243,29.673806634954243,28.47478160209019,28.48293685913086,630600
2011-01-31,28.629757453334687,28.735794467882073,28.189301991957173,28.4013729095459,281600
2011-02-01,28.613452418263442,28.956029299551854,28.42584723678839,28.825523376464844,212900
2011-02-02,28.703163711875828,28.956020219853205,28.556344205502597,28.597129821777344,185100
2011-02-03,28.62976133714322,29.119160855017114,28.327966990266855,29.021282196044922,209800
2011-02-04,28.972337325057154,29.184408242239876,28.7439527817056,28.792890548706055,206800
2011-02-07,28.79289942580113,29.233358133638603,28.727648012514283,29.159948348999023,420700
2011-02-08,27.602019490523205,27.854875989018616,26.672164726032182,27.756994247436523,1356000
2011-02-09,27.186031087291255,27.642800070200582,27.120776597444017,27.504138946533203,885300
2011-02-10,27.438892360620304,27.814096450805664,27.283917569849717,27.814096450805664,771000
2011-02-11,27.62649766467647,28.009860169418875,27.62649766467647,27.928295135498047,228300
2011-02-14,27.854874677252518,28.31164367043618,27.765151307447038,28.295330047607422,274600
2011-02-15,27.96907844742847,28.05880185419556,27.59387430231761,27.887510299682617,350200
2011-02-16,27.920130385959258,28.376902561468903,27.822251745316436,28.189300537109375,277400
2011-02-17,28.066948773336463,28.368743051553523,27.77330975171737,28.28717803955078,349700
2011-02-18,28.49109745176876,28.907084046446453,28.32796429466736,28.678699493408203,320200
2011-02-22,28.458479783967128,28.743963682933163,28.270877679136014,28.303504943847656,302600
2011-02-23,28.23823946355543,28.376903729051904,27.414421573862302,27.43889045715332,277400
2011-02-24,27.406263330912836,27.797784134402644,27.202347671868825,27.5449275970459,356800
2011-02-25,27.55312374568311,28.003739165173187,27.528542563442354,27.970966339111328,227600
2011-02-28,28.036508015223237,28.22494705027228,27.65962681973687,27.73336410522461,256200
2011-03-01,27.83987981523995,27.987354415896476,27.33191348263908,27.471193313598633,367400
2011-03-02,27.381060935952696,27.79071178029948,27.282745608418086,27.626853942871094,176600
2011-03-03,27.880831371770423,28.691941299634863,27.872639731257124,28.511693954467773,324500
2011-03-04,28.552666632966048,28.552666632966048,27.95457669080523,28.29868507385254,128500
2011-03-07,28.43797049947607,28.58544510343754,27.528544816843336,27.95458221435547,241200
2011-03-08,28.03651113745455,28.610019949128784,27.807104487396238,28.519899368286133,229500
2011-03-09,28.454355240695616,28.716531604457703,28.39700435645946,28.536287307739258,209700
2011-03-10,28.020129995740138,28.07748088769574,27.47939078202363,27.544933319091797,422200
2011-03-11,27.446613614668404,27.446613614668404,26.94683895624956,27.29913902282715,245200
2011-03-14,27.069740196438392,27.41384555362034,26.619124698771397,26.725631713867188,387500
2011-03-15,26.127538578676162,26.955035295012657,26.102960520401044,26.75020980834961,468100
2011-03-16,26.594529906936135,26.684653585441573,26.266811133283586,26.356931686401367,416500
2011-03-17,26.758400151576677,26.89768310093745,26.332362784986,26.373327255249023,180900
2011-03-18,26.65188067033197,26.83212802666568,26.51260089526512,26.717426300048828,377800
2011-03-21,26.946831821158277,27.667818176433315,26.832130085739315,27.36467742919922,323000
2011-03-22,27.856264314111357,28.241337203283745,27.70878972359379,28.224950790405273,612400
2011-03-23,28.12663455308756,28.159404252424217,27.93000073012467,28.020124435424805,323800
2011-03-24,28.183974108233993,28.19216574842929,27.856252243450236,28.175779342651367,194600
2011-03-25,28.249531239036063,28.823043236789548,28.020127690090252,28.446165084838867,210300
2011-03-28,28.437967983204974,28.601828987039834,28.24952892268093,28.274106979370117,197300
2011-03-29,28.24133762203829,28.536286807446846,28.14301914330962,28.233142852783203,239800
2011-03-30,28.331462479482465,28.388813365036974,28.1102505814627,28.26591682434082,205600
2011-03-31,28.1512104990306,28.495315756689557,28.1512104990306,28.29868507385254,208500
2011-04-01,28.528089775941048,28.610018709662654,28.093860801517252,28.356037139892578,270800
2011-04-04,28.364226201923135,28.552665232645392,28.274102507797664,28.437963485717773,193900
2011-04-05,28.33965412368074,28.55267125211337,28.192179525000896,28.26591682434082,461400
2011-04-06,28.39700480914837,28.749304889580245,28.39700480914837,28.56905746459961,325200
2011-04-07,28.659181379024115,28.74930509214945,28.24133876635713,28.26591682434082,232100
2011-04-08,28.437962267157623,28.495313138163958,27.766135099322184,27.921804428100586,184400
2011-04-11,27.99554735472869,28.12663867283078,27.70879290985298,27.766143798828125,145300
2011-04-12,27.651440358088088,27.700599599420233,27.241789389820113,27.487579345703125,254500
2011-04-13,27.561315155711586,27.684211689706718,27.364684451785802,27.577701568603516,299200
2011-04-14,27.315526346644024,27.676018069060035,27.225402634692816,27.610475540161133,160300
2011-04-15,27.520345992210316,27.987347741116476,27.40564424691942,27.913610458374023,306000
2011-04-18,27.503963855653137,27.74975379452254,27.34829762362653,27.569509506225586,395900
2011-04-19,27.700593570257947,27.74974967550218,27.618661519203926,27.71697998046875,223800
2011-04-20,28.093857844052945,28.093857844052945,27.74155784043768,27.913610458374023,210700
2011-04-21,28.110246698219225,28.200367273506142,27.938190939935193,28.134824752807617,146800
2011-04-25,28.044697313802526,28.29868197045092,27.90541752251625,28.241331100463867,263800
2011-04-26,28.339656687009104,29.060643331836317,28.265919380999627,28.880395889282227,234200
2011-04-27,28.839436438423338,29.298243644295344,28.839436438423338,29.2818603515625,200400
2011-04-28,29.191718885808235,29.40473594125175,29.12617325312544,29.388349533081055,125600
2011-04-29,29.322817715016967,29.59318573492299,29.19172952725276,29.52764320373535,167000
2011-05-02,29.740650237692154,29.74884500467596,29.404736675276936,29.412931442260742,251000
2011-05-03,29.34740332121855,29.724281567294053,29.306438838017254,29.396562576293945,153000
2011-05-04,29.388351221778457,29.41293239814087,28.880385040849454,29.126174926757812,181000
2011-05-05,28.986898661881757,29.544024137888112,28.88038855239539,29.3555850982666,311200
2011-05-06,29.675117907517098,29.96187234255168,29.396555116888248,29.765241622924805,382000
2011-05-09,29.371970876075164,29.65053363771326,28.732916415712495,29.62595558166504,451800
2011-05-10,29.838965678502547,29.838965678502547,29.00328071543744,29.54401969909668,684900
2011-05-11,29.494868006676786,29.7078851226651,29.036057823655224,29.33100700378418,261100
2011-05-12,29.23268930423168,29.888130137768357,28.97870461387878,29.781620025634766,175000
2011-05-13,29.82258326667289,29.879934135904385,29.38835123842131,29.642335891723633,207800
2011-05-16,29.45390384121462,29.568605606806365,29.175341071039497,29.18353271484375,204900
2011-05-17,29.101602166921083,29.15895304654741,28.749302120423053,29.036056518554688,194000
2011-05-18,29.09339973803326,29.47847250732674,28.896769095483016,29.44569969177246,272800
2011-05-19,29.51944767094845,29.879942522023626,29.33920337079971,29.560415267944336,175100
2011-05-20,29.404754222778312,29.51126437941347,29.027875976702813,29.396562576293945,258300
2011-05-23,28.995090148905856,28.995090148905856,28.421578264877144,28.495315551757812,298600
2011-05-24,28.519892979363185,28.519892979363185,28.077469316277245,28.167593002319336,386800
2011-05-25,28.052889203564295,28.38880274705467,28.02011638825116,28.364221572875977,176400
2011-05-26,28.249528075026053,28.831231652065956,28.10205348853867,28.823040008544922,206700
2011-05-27,28.880389408264694,28.970513109317174,28.76568765252097,28.913162231445312,80400
2011-05-31,29.183532533405078,29.609569892517616,29.011479886087134,29.568605422973633,418000
2011-06-01,29.478486432934435,29.5931882161717,28.97052005343117,28.995098114013672,331500
2011-06-02,28.978708118663217,29.060640186132215,28.339653619349065,28.71653175354004,264500
2011-06-03,28.354481198071696,28.58487378361287,28.272200149620364,28.346254348754883,323600
2011-06-06,28.296892585527786,28.42031733518737,28.033589382487655,28.074729919433594,252700
2011-06-07,28.263976339637903,28.486138985603468,27.86902157086184,28.31334686279297,211000
2011-06-08,28.157019168080502,28.51083349897509,28.05827809516411,28.42032241821289,296500
2011-06-09,28.519056777837854,28.626024690679166,28.263980413007623,28.51082992553711,238200
2011-06-10,28.32157376002144,28.658934293898113,28.074727421487168,28.395627975463867,404000
2011-06-13,28.346254518577375,28.461449242627694,28.14877560676196,28.247516632080078,186700
2011-06-14,28.494360373359253,28.765890321686044,28.296881479177507,28.35447883605957,278300
2011-06-15,28.148776032528744,28.280427596123392,27.646853465442636,27.71268081665039,395500
2011-06-16,27.803195298154066,28.09941213762919,27.605716358896895,27.934846878051758,312200
2011-06-17,28.08295959171575,28.173470655263674,27.474068979825343,27.79496955871582,650400
2011-06-20,27.76204832865338,28.02535142737652,27.67976414853957,27.877243041992188,334100
2011-06-21,28.01712947238519,28.17346789001294,27.869021044538595,28.13232421875,255900
2011-06-22,27.95953388666772,28.091185482189964,27.803198597866814,27.860795974731445,369500
2011-06-23,27.61395320995328,28.181700200811207,27.26836576508434,28.066505432128906,335800
2011-06-24,28.214619407568534,28.214619407568534,27.86080504093843,27.97599983215332,458400
2011-06-27,28.04181379321218,28.527276426923958,27.96775958591661,28.370941162109375,188700
2011-06-28,28.49436860679542,28.69184441921718,28.370943869915735,28.64247703552246,149300
2011-06-29,28.66715142341144,28.81525980406973,28.510816194414545,28.6013240814209,145900
2011-06-30,28.634249726959972,28.938693463930345,28.57665234804184,28.782358169555664,243600
2011-07-01,28.856416322368975,29.531131257754485,28.831732624847266,29.457077026367188,277500
2011-07-05,29.457063842971195,29.489977517484533,29.19376072450604,29.358325958251953,210300
2011-07-06,29.366556344057987,29.76974105834961,29.22667791876202,29.76974105834961,249800
2011-07-07,29.96721574348014,30.082413613890346,29.654545225972644,29.909618377685547,307500
2011-07-08,29.62162832925879,29.81910723253495,29.51466045920001,29.695682525634766,95900
2011-07-11,29.317186762104438,29.56403305449098,29.119707844902656,29.20199203491211,208800
2011-07-12,29.09502950710097,29.860255351378278,29.086799517176303,29.506441116333008,202000
2011-07-13,29.629863651504284,30.016591580817924,29.399474147481644,29.465301513671875,359100
2011-07-14,29.53935011389994,29.99190218452305,29.473522760227713,29.629858016967773,311700
2011-07-15,29.728602637696405,29.81911369051593,29.35833157562624,29.646318435668945,267800
2011-07-18,29.555812218904293,29.6545532774937,28.872870493847874,29.127946853637695,193200
2011-07-19,29.374804411293425,30.156487492681354,29.374804411293425,30.090660095214844,217000
2011-07-20,30.033047984433914,30.05773167698453,29.465301084019,29.580495834350586,184200
2011-07-21,29.736835566899124,30.148247244667672,29.564043415553613,30.115333557128906,172800
2011-07-22,30.049498405316104,30.246974181171105,29.819108953878317,30.21406364440918,168000
2011-07-25,29.893177056694633,30.107109769832892,29.720381748934983,29.86849021911621,178300
2011-07-26,29.868471608003166,29.95898263214099,29.48997381508168,29.83555793762207,236100
2011-07-27,29.654555417917514,29.654555417917514,28.691850429526294,28.815275192260742,536800
2011-07-28,28.83995254701948,28.99629096394532,28.39562726547457,28.444997787475586,415100
2011-07-29,28.13232164278477,28.856406874975224,28.017126906967885,28.79058265686035,408000
2011-08-01,29.04565125055117,29.04565125055117,27.622167838272382,28.00066566467285,736400
2011-08-02,27.60571374953521,28.280428425087816,26.503130695052974,26.58541488647461,981100
2011-08-03,26.610105826817552,26.717073735408267,25.86133674432618,26.009445190429688,697400
2011-08-04,25.64740651413784,26.132872466007807,25.07965790494207,25.120800018310547,871300
2011-08-05,25.392318725585938,25.77081655887792,24.684690431018755,25.392318725585938,953900
2011-08-08,24.55304563073131,25.211303595599126,23.837188720703125,23.837188720703125,913600
2011-08-09,24.32264501382601,24.73405647277832,22.84156438936174,24.73405647277832,806800
2011-08-10,24.07580595479724,24.28974016565836,23.277668051108584,23.359949111938477,754700
2011-08-11,23.368182123858734,24.997371931239794,23.294127899031327,24.594188690185547,696700
2011-08-12,24.750519779948654,25.137246087503428,24.273282425544874,24.79166030883789,325700
2011-08-15,25.005588465506058,25.408771514892578,24.808111149647978,25.408771514892578,317700
2011-08-16,25.1043362179535,25.466378868238536,24.841033042986457,25.26889991760254,334800
2011-08-17,25.417006968216736,25.67208327837474,24.964454856947793,25.145475387573242,322500
2011-08-18,24.3802488191449,24.54481407404167,23.5327419938351,23.69730567932129,384200
2011-08-19,23.448994632141712,24.417414172646712,23.13446592388082,23.680753707885742,478700
2011-08-22,24.301537535555454,24.301537535555454,23.606261826644545,23.73869514465332,217100
2011-08-23,23.862856632622098,24.955432545076214,23.689038455063507,24.8643856048584,393100
2011-08-24,24.798157546329758,25.269952938996127,24.433966772006503,24.97197723388672,414000
2011-08-25,25.203739505852372,25.418942455070596,24.334644114671136,24.632619857788086,332700
2011-08-26,24.4836332046509,25.02992104173143,24.144272626426016,24.98025894165039,437800
2011-08-29,25.245126405330417,26.271485453345463,25.129247641778157,26.230100631713867,354800
2011-08-30,26.105940583211595,26.627394939201142,25.965230001028754,26.420469284057617,402500
2011-08-31,26.528070478352756,26.925370384410108,26.379084197628366,26.63567352294922,307500
2011-09-01,26.586010842560203,26.983310763440684,25.932121586785605,26.04800033569336,248100
2011-09-02,25.534825302076726,25.75002985121461,24.83127227195861,24.889211654663086,331600
2011-09-06,24.433967636629447,24.90576146726134,24.210485849889242,24.765050888061523,282800
2011-09-07,25.145796570928646,25.584482871685744,25.013363268573578,25.567928314208984,297800
2011-09-08,25.50171162075049,25.66725403778461,25.12924355051796,25.236845016479492,318700
2011-09-09,24.930594107766904,24.97197892350804,24.284980562590338,24.475353240966797,477600
2011-09-12,24.135993694454868,24.72366789031657,24.135993694454868,24.682281494140625,376500
2011-09-13,24.806428151086333,25.220282484076467,24.69054944304237,25.12095832824707,228900
2011-09-14,25.377557228140226,25.816243556360654,24.7153906749109,25.452051162719727,347100
2011-09-15,25.700362259556908,25.77485619133657,25.178906315828797,25.683809280395508,228200
2011-09-16,25.79969333986657,25.94868123409983,25.203743341663397,25.402393341064453,512800
2011-09-19,24.88920567414159,24.92231478700551,24.467073957502958,24.74849510192871,359800
2011-09-20,24.988531569138253,25.50998746972982,24.58295440673828,24.58295440673828,419800
2011-09-21,24.616059354057725,24.723662381409568,23.581423361139716,23.614532470703125,327100
2011-09-22,22.985480200239003,23.473828655474826,22.910986261051868,23.13446807861328,921100
2011-09-23,23.109636533476326,23.655924375316054,22.894431992944053,23.581430435180664,312400
2011-09-26,23.838012556018164,24.442241173452455,23.349664242892366,24.384300231933594,237600
2011-09-27,24.947145968545676,25.8824579181725,24.82298994815816,25.228567123413086,394900
2011-09-28,25.286508367854914,25.43549623485041,23.771801017949937,23.879404067993164,606200
2011-09-29,24.29325901963227,24.417415051606383,23.473827314127607,24.05322265625,328300
2011-09-30,23.680749737399214,25.15407041989351,23.655917904569915,24.22703742980957,567200
2011-10-03,24.003557064339805,24.467073586296625,22.977198262070733,22.985475540161133,522700
2011-10-04,22.753720965624154,24.44224813870528,22.753720965624154,24.400861740112305,521000
2011-10-05,24.51673599768764,25.120963058739406,24.218760316630092,24.284976959228516,601400
2011-10-06,24.17737686479788,24.35119655943606,23.755246703668323,24.1359920501709,458000
2011-10-07,24.210477929084163,24.210477929084163,23.448985910558683,23.639358520507812,389900
2011-10-10,24.069782537614067,24.235325002673882,23.755253748476356,24.18566131591797,282300
2011-10-11,24.00356209537484,24.41741661426061,23.94562271532758,24.29326057434082,367900
2011-10-12,24.53329109547365,24.73194104044448,24.342918428884456,24.45052146911621,313300
2011-10-13,24.334643395441983,24.334643395441983,23.81318743912897,24.210487365722656,205600
2011-10-14,24.525009099518154,25.32788758207267,24.29325166433056,24.930587768554688,442900
2011-10-17,24.91403808033066,24.922315358736522,24.003557979168054,24.069774627685547,360400
2011-10-18,24.27670062081221,24.53328992346721,23.58970233525058,24.409133911132812,549100
2011-10-19,24.53329333247061,24.632619103377465,23.75524803840677,23.879404067993164,367600
2011-10-20,23.97872954201648,23.987006821595333,23.300008403847105,23.763525009155273,332400
2011-10-21,24.160823572741467,24.756773420777826,24.02011299461392,24.59950828552246,410100
2011-10-24,24.74849510181186,25.882456957725505,24.731940545379977,25.460325241088867,480900
2011-10-25,25.26995695161859,25.650702343068666,24.914041820384153,25.02992057800293,415100
2011-10-26,25.418946249842183,25.468609933595665,24.624346254544683,25.319622039794922,320500
2011-10-27,26.006613122634686,26.80949016943217,25.874179827879008,26.701887130737305,666600
2011-10-28,26.677050831124244,27.049520374949363,26.56117211914712,26.834314346313477,336400
2011-10-31,26.528064086239837,26.68533076524614,25.625861446920375,25.64241600036621,353900
2011-11-01,24.83126936291485,25.063028445311375,24.359475497616202,24.682281494140625,536500
2011-11-02,24.839542056318987,24.839542056318987,23.283448579437565,23.631086349487305,1257000
2011-11-03,23.70558586418479,24.02011617635873,23.225514694993215,23.90423583984375,785900
2011-11-04,23.738696952962563,24.036672730545625,23.391059072025588,23.987009048461914,396300
2011-11-07,23.945623769571085,24.15255103812427,23.59798589525255,24.14427375793457,455000
2011-11-08,24.276703283696207,24.582956287860988,23.755247343202093,24.475353240966797,546700
2011-11-09,23.788355616304898,24.00356013802439,23.357946572865917,23.523488998413086,575900
2011-11-10,23.846297388320092,24.078056491633365,23.473829261498093,23.804912567138672,415500
2011-11-11,24.061496927417313,24.756772514025666,23.970448445278546,24.58295440673828,448000
2011-11-14,24.47535491096911,24.649174622146894,24.243597401038237,24.334644317626953,279600
2011-11-15,24.284981259741564,24.773329677407737,24.094608575900057,24.566402435302734,378600
2011-11-16,24.293257187466494,24.789882856637686,24.111160214157017,24.1359920501709,477500
2011-11-17,24.06149059868619,24.293249592840777,23.713852896818807,23.838008880615234,539300
2011-11-18,23.920792407178414,24.028395473065725,23.606263647331247,23.655925750732422,213800
2011-11-21,23.331179093323417,23.6142841726307,23.17297294002205,23.2895450592041,288400
2011-11-22,23.289545630896914,23.48938423504706,22.91484884368141,23.147993087768555,298200
2011-11-23,22.98978837802202,23.081380078420104,22.548477137282013,22.798274993896484,527500
2011-11-25,22.731667194605606,23.10636565124775,22.72334197394813,22.864892959594727,170400
2011-11-28,23.630948520830664,24.113892451221297,23.464417062041008,23.94736099243164,458000
2011-11-29,24.063922964983412,24.147189453146737,23.6559189199769,23.689226150512695,364800
2011-11-30,24.705078714542516,25.146390094679674,24.53021888913853,25.038143157958984,606400
2011-12-01,25.021481953141944,25.346221076678397,24.771684093353343,24.78833770751953,352400
2011-12-02,25.154706876347078,25.454465568936843,24.680090005197282,24.755029678344727,258400
2011-12-05,25.18802018598031,25.55439183337487,25.021487185843768,25.279613494873047,365200
2011-12-06,25.337895116466722,25.496101279981147,25.06311682624489,25.346221923828125,307100
2011-12-07,25.129737649885953,25.237983003488875,24.57185408552486,25.15471649169922,393600
2011-12-08,24.979857163119316,24.988183972754875,24.105562797680758,24.163848876953125,383300
2011-12-09,24.238787945941645,24.971529704897268,24.238787945941645,24.780017852783203,318700
2011-12-12,24.530212551060803,24.530212551060803,23.914043092901096,24.10555648803711,231200
2011-12-13,24.3137224012592,24.555193469658853,23.705878150095597,23.814125061035156,320000
2011-12-14,23.639269040689868,23.780821616485827,23.231264931201856,23.539350509643555,426900
2011-12-15,23.780824190657203,23.980662862557917,23.414454086260854,23.74751853942871,528100
2011-12-16,23.81412890046783,24.205479392847792,23.28955105279587,23.414451599121094,720400
2011-12-19,23.572657350385427,23.814130057626137,23.164653220246485,23.181306838989258,336400
2011-12-20,23.655919503304244,24.097230789728773,23.5976334366055,24.072250366210938,335300
2011-12-21,23.964009602865996,24.34703330733475,23.739190512933547,24.305400848388672,177300
2011-12-22,24.37200936649041,24.655114483466324,24.222130000070667,24.521888732910156,277800
2011-12-23,24.6384597013805,24.888257574805476,24.538539599104823,24.80499267578125,113600
2011-12-27,24.76335273873926,24.98817172416898,24.738372322077367,24.954864501953125,234300
2011-12-28,24.938220811275578,24.979853264779692,24.405316195000395,24.438623428344727,279000
2011-12-29,24.48858402730707,24.94654739356316,24.44695157152975,24.854955673217773,267800
2011-12-30,24.77168334647967,25.113074485713206,24.77168334647967,24.82996940612793,227500
2012-01-03,25.354555570337034,25.70427363296846,24.979857078883168,25.038143157958984,555500
2012-01-04,24.96319574813876,25.071442651420252,24.730051503857478,24.888256072998047,428500
2012-01-05,24.788340138135453,24.929892696075854,24.4885814064555,24.89658546447754,395700
2012-01-06,24.904917582664694,25.104756250336013,24.74671137519202,25.013164520263672,495100
2012-01-09,24.488579774392885,24.938217841946297,23.71420416127941,23.78081703186035,893900
2012-01-10,24.063928629352723,24.122214708334067,23.580984790137464,23.589311599731445,642300
2012-01-11,23.497717578472837,23.714209856901512,23.364491805313115,23.506044387817383,516500
2012-01-12,23.52269366426986,23.605960154168,23.064730352094376,23.397794723510742,773400
2012-01-13,23.089707900800057,23.664244902090665,23.073054286113116,23.456079483032227,452800
2012-01-17,23.68090000186051,24.06392363462379,23.547674252362306,24.02229118347168,468300
2012-01-18,24.022283630963937,24.230448997630564,23.94734397190989,24.222122192382812,453900
2012-01-19,24.238790331053007,24.347035687802126,24.088910923110646,24.338708877563477,431400
2012-01-20,24.288742177101376,24.68841941728005,24.272088561716554,24.638460159301758,303700
2012-01-23,24.696751901408888,25.01316431374176,24.446953965926337,24.48858642578125,402800
2012-01-24,24.36368374149628,24.45527704501689,24.272090437975674,24.438623428344727,465900
2012-01-25,24.38033724201211,24.85495419767348,24.38033724201211,24.613481521606445,512500
2012-01-26,24.74671326048094,24.74671326048094,24.297076621009754,24.663448333740234,496300
2012-01-27,24.530212620245372,25.04646356674122,24.488580171024022,25.029809951782227,404800
2012-01-30,24.780007757834642,25.171358112052662,24.621801619671672,25.046459197998047,474400
2012-01-31,25.237970972093514,25.42115752833775,24.988173143984284,25.046459197998047,508800
2012-02-01,25.19634125515646,25.27128092932924,24.971522232638122,25.079769134521484,631700
2012-02-02,25.054786004025136,25.25462458414769,25.01315356206555,25.046459197998047,379500
2012-02-03,25.24630754218542,25.33790085573145,25.07977612176483,25.14638900756836,622500
2012-02-06,25.10475602106201,25.512760162353516,25.079777180441564,25.512760162353516,430000
2012-02-07,24.96320418026279,25.779212487232385,24.43862786526136,25.471128463745117,1405500
2012-02-08,25.22133246786703,26.295465610326445,25.07977986588033,26.04566764831543,1254800
2012-02-09,26.037339297063838,26.203870732491104,25.712600059853926,25.779212951660156,481000
2012-02-10,25.46279860521054,26.178888284621046,25.46279860521054,26.10394859313965,480000
2012-02-13,26.387046788014533,26.66182505497968,26.312107116280767,26.636844635009766,411500
2012-02-14,26.520279579965038,26.603546080527572,26.03733578251403,26.253828048706055,322000
2012-02-15,26.387058937546282,26.453671833294333,25.929093889623807,26.04566764831543,351200
2012-02-16,26.07063946268888,26.53693119538474,26.01235339314597,26.503623962402344,407400
2012-02-17,26.6118656394585,26.67015170099879,26.520273937684927,26.603540420532227,694400
2012-02-21,26.728447718494525,26.728447718494525,26.17056572841969,26.33709716796875,449900
2012-02-22,26.387049877289158,26.47031636542802,26.237170516274443,26.428682327270508,509900
2012-02-23,26.43701062500155,26.919955965792518,26.262152419412757,26.8699951171875,429800
2012-02-24,26.87836545667875,27.003924261480073,26.602131934989313,26.89510726928711,211400
2012-02-27,26.660733236534423,27.037414533299263,26.34264510512854,26.911855697631836,290800
2012-02-28,26.844880262518956,27.01229518564378,26.593759474418757,26.7528018951416,277200
2012-02-29,26.819772136158537,26.85325576315685,26.267303466796875,26.267303466796875,358100
2012-03-01,26.417973110123327,26.585388029855515,26.292412718617687,26.35100746154785,282000
2012-03-02,26.342641814341466,26.43472019823328,25.748321764171124,25.94921875,359200
2012-03-05,25.865513182561173,26.00781542426672,25.672987089838205,25.991073608398438,274400
2012-03-06,25.589281966933086,25.898999202708797,25.388384947749213,25.564170837402344,473300
2012-03-07,25.56416546482585,25.790173566042505,25.42186323990346,25.689725875854492,432500
2012-03-08,25.89062129039219,25.90736310327562,25.572533231955614,25.815284729003906,285400
2012-03-09,25.8320325499853,26.660733321411207,25.8320325499853,26.250568389892578,302500
2012-03-12,26.300778753258296,26.34263167714652,25.84875951164928,25.940837860107422,194900
2012-03-13,26.25893739329995,26.69421342181946,25.932478376176054,26.685842514038086,389200
2012-03-14,26.719321862952416,26.78628751788364,26.543536020890986,26.6356143951416,190400
2012-03-15,26.669096854490093,26.928586959838867,26.451458086335567,26.928586959838867,196400
2012-03-16,26.987184744737288,27.10437423592507,26.819769817394388,26.87836456298828,446400
2012-03-19,26.9537060805867,27.03741196307442,26.761178399737787,26.786291122436523,229100
2012-03-20,26.677465012484536,26.794652895683186,26.526791911853426,26.710947036743164,254300
2012-03-21,26.727692981462706,26.819771356443916,26.484941482543945,26.484941482543945,363600
2012-03-22,26.35101182026057,26.526797674714754,26.11663280977135,26.2421932220459,391000
2012-03-23,26.30915084527087,26.3593746755218,26.00780467059173,26.11662483215332,553400
2012-03-26,26.392870802036683,26.97045071171402,26.32590513110218,26.803035736083984,488300
2012-03-27,26.794663929754282,26.96207890974983,26.61887963768777,26.702587127685547,361900
2012-03-28,26.761177038623178,26.836515202887572,26.10826224753795,26.367753982543945,440700
2012-03-29,26.25056102211592,26.543534750551707,26.13336993415453,26.451457977294922,321100
2012-03-30,26.61887028942178,26.72769046717866,26.43471515337007,26.468198776245117,190000
2012-04-02,26.434716714837727,26.54353530243538,26.292414502387185,26.384492874145508,323800
2012-04-03,26.41797963465516,26.493316207482057,25.907367036879684,26.091522216796875,344600
2012-04-04,25.832025199589374,25.915731066482653,25.346523827307838,25.790170669555664,574400
2012-04-05,25.71483228533186,25.94921284710931,25.522306250614818,25.6729793548584,389300
2012-04-09,25.254448164757456,25.43860332688352,25.07029300263139,25.41349220275879,287300
2012-04-10,25.37163270711631,25.396745422917785,25.078657409113465,25.237701416015625,513000
2012-04-11,25.46371673043877,25.622760772705078,25.371638348612912,25.622760772705078,295600
2012-04-12,25.622763106229318,26.15011753065187,25.56416834758097,25.982704162597656,368200
2012-04-13,25.932476238906503,25.96595986727238,25.37163823647624,25.38838005065918,339300
2012-04-16,25.4134885055572,25.614385452264383,25.128884098575273,25.3800048828125,267600
2012-04-17,25.513937157681465,26.08314599344335,25.472084224234823,25.790170669555664,502500
2012-04-18,25.73994507735695,25.80691072426383,25.405116842822544,25.555789947509766,195000
2012-04-19,25.647872695580425,25.739951080271457,25.36326823070572,25.446975708007812,263500
2012-04-20,25.631129999336252,25.75669040485636,25.44697324775872,25.513938903808594,394200
2012-04-23,25.16237324011693,25.380012059740093,24.96147623660035,25.329788208007812,259400
2012-04-24,25.363264566875134,25.77343098674637,25.237704167353396,25.681352615356445,196400
2012-04-25,25.949217747636716,26.31752967238954,25.806915521931348,26.0078125,349500
2012-04-26,25.974328919530578,26.242191540980368,25.865508731699624,26.133371353149414,204900
2012-04-27,26.18359591478953,26.643984580406926,26.09988844924443,26.384492874145508,562100
2012-04-30,26.426345013756702,26.476568852938257,26.08314585227314,26.29241371154785,393000
2012-05-01,26.25056514515756,26.602135271086897,26.141744946143515,26.225452423095703,371100
2012-05-02,25.991070800909537,26.25056412907584,25.723208162300562,26.2421932220459,328400
2012-05-03,26.183600626046942,26.284048325505093,25.60602076610669,25.78180503845215,412000
2012-05-04,25.580901198276084,25.681350467444457,25.061917831235903,25.095399856567383,814200
2012-05-07,25.028438502521404,25.840398910865122,24.852654247057654,25.806915283203125,727800
2012-05-08,25.430229851487862,26.0831461547684,24.810797172441386,26.066404342651367,1083100
2012-05-09,25.706461009793593,25.848763206576198,25.120512008666992,25.120512008666992,543900
2012-05-10,25.346520549529934,25.346520549529934,25.003321430570917,25.212589263916016,425700
2012-05-11,25.036810144124686,25.329785508415334,25.011697422641276,25.19585418701172,311800
2012-05-14,24.94472195658018,25.19584428294038,24.84427430330543,25.112136840820312,332700
2012-05-15,25.170739988223627,25.19585270823314,24.835911704366108,24.894506454467773,292000
2012-05-16,24.88614037850958,25.03681353463981,24.827545617033934,24.877769470214844,249100
2012-05-17,24.835911007174484,24.927989381370683,24.651755855369235,24.685237884521484,421800
2012-05-18,24.61826859096696,24.718717856751272,24.35040601099135,24.492708206176758,521400
2012-05-21,24.459226654457677,24.819167625468364,24.342037164951705,24.768943786621094,401900
2012-05-22,24.735461455751466,24.802427109910006,24.342038437143422,24.442487716674805,498900
2012-05-23,24.27507603472706,24.9698453884092,24.182997649204626,24.944732666015625,582000
2012-05-24,24.961469256166243,25.271186381176246,24.768943214542546,25.262815475463867,249800
2012-05-25,25.304668855468602,25.48045468536692,25.16236664901265,25.27118682861328,160300
2012-05-29,25.446976828024244,25.86551263636868,25.40512388582476,25.70646858215332,325400
2012-05-30,25.488819046370615,25.63112121628712,25.003317807229585,25.061912536621094,199600
2012-05-31,25.087033754948216,25.204224857516476,24.701981608675105,24.994956970214844,431700
2012-06-01,24.57402695129604,24.649794890139862,24.363560811336363,24.4224910736084,473000
2012-06-04,24.447742761263388,24.65820885966657,24.380392068274624,24.472997665405273,290900
2012-06-05,24.32146591015182,24.94444547356501,24.220443065127608,24.885515213012695,295300
2012-06-06,25.095978728663802,25.54216746387089,24.994955894178915,25.533748626708984,283900
2012-06-07,25.878913626857365,25.954681557650073,25.567424672024263,25.575841903686523,317400
2012-06-08,25.533751915980346,26.072544717917985,25.46640281573814,26.00519561767578,271000
2012-06-11,26.18198665162664,26.266173423995877,25.72737904427024,25.735797882080078,613000
2012-06-12,25.86207899924919,26.072545141642678,25.6684505336222,25.929428100585938,298100
2012-06-13,25.88732779328435,25.988352218022694,25.617931468287097,25.727373123168945,426400
2012-06-14,25.803147036303383,26.03045084048788,25.761054452889574,25.93784523010254,530900
2012-06-15,26.038864832477145,26.426121666148834,25.86207248243615,26.26616859436035,544400
2012-06-18,26.165153881544388,26.501899428426476,26.11464245094443,26.47664451599121,307300
2012-06-19,26.535566530052385,26.75445146885712,26.518728856514574,26.54398536682129,469300
2012-06-20,26.535564525319803,26.552402197585547,26.20723633905307,26.341936111450195,172100
2012-06-21,26.375617901093854,26.501897270174567,25.643194991258856,25.676870346069336,254500
2012-06-22,25.845232918722562,25.946255728738375,25.651602922356467,25.89574432373047,647400
2012-06-25,25.542165264648897,25.761050194825142,25.30644266159859,25.323280334472656,337900
2012-06-26,25.340123113671208,25.457983636082172,25.121238139387142,25.390634536743164,234000
2012-06-27,25.508493844336932,25.954682609789284,25.449563585937945,25.91259002685547,149200
2012-06-28,25.67686402331635,25.862073611979508,24.936024062934827,25.651607513427734,630200
2012-06-29,26.15673188707507,26.49347739333819,25.971522260062656,26.409292221069336,444900
2012-07-02,26.552402193818743,26.64500617980957,26.38402868264283,26.64500617980957,558100
2012-07-03,26.737616327148924,27.07436180114746,26.543987880315903,27.07436180114746,229500
2012-07-05,27.007009506625696,27.20905514934505,26.80496065244875,26.82179832458496,162700
2012-07-06,26.56082467337182,26.687105634574756,26.350358545672425,26.42612648010254,140200
2012-07-09,26.42611966037535,26.56923665450623,26.232491258236127,26.552400588989258,191700
2012-07-10,26.661852305598984,26.74603908787958,26.22408232232334,26.291431427001953,124000
2012-07-11,26.29142598060599,26.569241180570675,26.232495726936055,26.50189208984375,187200
2012-07-12,26.375620480323715,26.485062182701313,26.09780519888732,26.400876998901367,178400
2012-07-13,26.451378363225796,26.821799132739436,26.29984252089163,26.670263290405273,161400
2012-07-16,26.61133555464601,26.754452574172173,26.45979969800314,26.602916717529297,239000
2012-07-17,26.796553924125934,26.872321877245053,26.400878084515707,26.661855697631836,379200
2012-07-18,26.52714878920786,26.804963991143467,26.341939189827123,26.602916717529297,371400
2012-07-19,26.644998242310802,26.7376038064434,26.375601989265057,26.61974334716797,242200
2012-07-20,26.51872725930025,26.51872725930025,26.207236740527467,26.26616859436035,265200
2012-07-23,25.912585703881845,26.24933112836076,25.828398946329905,26.08937644958496,333900
2012-07-24,26.173566482654333,26.181985320035995,25.61793606129698,25.76105308532715,396000
2012-07-25,25.887330323877563,26.047285009629196,25.533747211322275,25.66002655029297,218400
2012-07-26,26.02202553123861,26.02202553123861,25.18016122649267,25.222253799438477,369500
2012-07-27,25.415887773961607,25.963099336248483,25.19700282790106,25.9041690826416,597600
2012-07-30,25.870492448609046,25.946260372545996,25.592677262749863,25.651607513427734,203000
2012-07-31,25.609511206266358,25.75262819666731,25.34853373167474,25.36536979675293,314800
2012-08-01,25.500067522229802,25.66002056494253,25.18015822534726,25.25592613220215,540500
2012-08-02,26.080955329918346,26.931238455867447,25.94625717191935,26.56081771850586,1225700
2012-08-03,26.93965563988127,27.63840449954015,26.64500283517435,27.242727279663086,916400
2012-08-06,27.25956757936693,28.598131976554463,27.25956757936693,28.261384963989258,974900
2012-08-07,28.44659783580531,29.120088689579003,28.28664155015688,28.83385467529297,1039100
2012-08-08,28.749664134777383,28.968547416935394,28.488685072838468,28.951709747314453,401100
2012-08-09,29.00223093860188,29.027485844429926,28.62339129389113,28.682321548461914,270500
2012-08-10,28.623394012451172,28.94330343297513,28.513950724371707,28.623394012451172,299500
2012-08-13,28.640236040257275,28.69074907584432,28.25297906846636,28.539213180541992,359700
2012-08-14,28.66548483573607,28.74125276722002,28.286645178316324,28.337158203125,210800
2012-08-15,28.337158862006167,28.690743620972007,28.210877902777327,28.564462661743164,247900
2012-08-16,28.522367785739146,28.61497338686635,28.33715658348474,28.45501708984375,282100
2012-08-17,28.61497124840784,28.934877395629883,28.572875460890156,28.934877395629883,300400
2012-08-20,28.968564551889912,29.103262777074555,28.91805151314854,29.04433250427246,280500
2012-08-21,29.069716169994276,29.24748593570346,28.85808457389043,29.03585433959961,306900
2012-08-22,28.917348346567024,29.061259546876126,28.714180542966727,28.781904220581055,179500
2012-08-23,28.798835588357058,29.01046724033272,28.688786225141747,28.968141555786133,294700
2012-08-24,28.815766730185963,29.162842512932198,28.781904890590535,29.061260223388672,252100
2012-08-27,29.196694820282513,29.298277076661083,28.934270492959357,29.01045799255371,319000
2012-08-28,28.951202009150386,29.23055402730986,28.908876337216135,29.095109939575195,200000
2012-08-29,29.061260223388672,29.255960957198244,29.035862229070723,29.061260223388672,168900
2012-08-30,28.985072475453315,29.11204952909307,28.81576650802424,28.968141555786133,118500
2012-08-31,29.196697060959597,29.205160904123318,28.798828618183677,28.985065460205078,138100
2012-09-04,28.959668770107513,29.492981332097965,28.934274010236287,29.416793823242188,312200
2012-09-05,29.34060927259386,29.408332944734696,29.188234239519396,29.306747436523438,255500
2012-09-06,29.41679832246848,29.730012249339932,29.41679832246848,29.69615364074707,297500
2012-09-07,29.71308009852498,29.730011016740754,29.47605370198906,29.662290573120117,131800
2012-09-10,29.696152562119146,29.780803924390465,29.44219201682024,29.492984771728516,190700
2012-09-11,29.374471633528277,29.62842895010929,29.357540715190545,29.44219207763672,193000
2012-09-12,29.535306067131312,29.64535540513665,29.272884945511965,29.425256729125977,161300
2012-09-13,29.476055786418254,29.848526325777545,29.35754257976951,29.823131561279297,233300
2012-09-14,29.87391465760887,30.051684410087166,29.763865331637792,29.992427825927734,202300
2012-09-17,29.87392565371732,29.992438865658976,29.611501234958766,29.738481521606445,177400
2012-09-18,29.73001263551342,30.068624559781107,29.636894194877677,30.017831802368164,313100
2012-09-19,30.043221188315094,30.085546859411593,29.873915274687384,30.00935935974121,233900
2012-09-20,30.16175668824618,30.16175668824618,29.78928275666929,30.060171127319336,263400
2012-09-21,30.14479153280176,30.491867065429688,29.96702184689877,30.491867065429688,898200
2012-09-24,30.483423491836458,30.754314992927814,30.364910276558135,30.508821487426758,274700
2012-09-25,30.66964812663809,30.711973796707714,30.127871799566982,30.161733627319336,299000
2012-09-26,30.280249931132527,30.49188153263954,30.077082172819328,30.26331901550293,228300
2012-09-27,30.347967957533484,30.60192844259405,30.051685030618437,30.57653045654297,251200
2012-09-28,30.415686446210383,30.627317994970966,30.009354260099002,30.02628517150879,405600
2012-10-01,30.085555510765577,30.474956963615767,29.8231311077182,30.347976684570312,435000
2012-10-02,30.449556202298545,30.711977324418015,30.407227298125207,30.686582565307617,232900
2012-10-03,30.686585763777053,30.88128647214849,30.432628458477023,30.669654846191406,232600
2012-10-04,30.762780559138058,31.00827407836914,30.55961272926745,31.00827407836914,180300
2012-10-05,31.10138340058361,31.47385387853209,30.822028120190637,30.881284713745117,170200
2012-10-08,30.805096907316848,30.9574719262036,30.57653437898672,30.838958740234375,131500
2012-10-09,30.762782085737914,30.822038699631797,29.85699872565338,29.899324417114258,314000
2012-10-10,29.950101947149303,29.97549670325747,29.68767762681231,29.8485164642334,264900
2012-10-11,30.01782553478744,30.127874871583053,29.72154258484768,29.882381439208984,265100
2012-10-12,29.95857702532055,30.026300705997404,29.636896000591168,29.738481521606445,269400
2012-10-15,29.856989961682903,29.89931564071986,29.569170823292367,29.74694061279297,253400
2012-10-16,29.97549374369614,30.695039749145508,29.704605607815814,30.695039749145508,348900
2012-10-17,30.644259912789206,31.13524360305352,30.466490122999144,30.906681060791016,478700
2012-10-18,30.82202272468641,30.923604977391452,30.534203650987468,30.855884552001953,243000
2012-10-19,30.686585760005425,30.83049371560223,30.10248363496291,30.28871726989746,209300
2012-10-22,30.297173165962597,30.474942891143055,30.18712385689039,30.381824493408203,173600
2012-10-23,30.204076030163034,30.390312956732842,29.97551341007556,30.3056583404541,248800
2012-10-24,30.38184325820306,30.441099869861986,29.950116054796155,30.07709312438965,201200
2012-10-25,30.297193211233076,30.58501243591309,30.161749060162673,30.585012435913086,167800
2012-10-26,30.669649441730602,30.779698772023767,30.25485333632384,30.644254684448242,175300
2012-10-31,30.78816066136152,30.923604740343848,29.8993086912124,30.14480209350586,284900
2012-11-01,29.611485915071935,30.49187393293384,29.611485915071935,30.02628517150879,438700
2012-11-02,30.043221715277895,30.15326781621068,29.154366460452188,29.213623046875,531600
2012-11-05,29.25595201386383,29.34060335773233,28.832688836037775,29.095109939575195,488800
2012-11-06,29.078181028563293,29.52684222385798,28.79882899115528,29.425256729125977,485600
2012-11-07,29.078185229003438,29.433728053440788,28.29938236567608,28.51947784423828,524600
2012-11-08,28.43481973003271,28.56179997201607,28.130069732666016,28.130069732666016,261700
2012-11-09,27.926915582157548,28.519481653291983,27.926915582157548,28.1893367767334,220500
2012-11-12,28.223190078990587,28.223190078990587,27.87611438694171,28.06235122680664,278800
2012-11-13,27.850724850446937,28.257057207867923,27.850724850446937,27.87611961364746,174800
2012-11-14,27.876113576653513,28.104676083687124,27.385126732823867,27.402057647705078,230100
2012-11-15,27.36820210397015,27.766067345770246,27.28354752010893,27.55443572998047,326600
2012-11-16,27.46131928689653,27.99463190141539,27.410529762151583,27.816862106323242,353900
2012-11-19,28.114871015048145,28.29367468226126,27.936067347835028,28.182985305786133,222600
2012-11-20,28.072301609886082,28.3192195892334,27.910524065321674,28.3192195892334,236400
2012-11-21,28.31921195835909,28.566133119194507,28.131895257055,28.47247314453125,203200
2012-11-23,28.600194516853264,29.008889968285164,28.455446384125015,28.957801818847656,139900
2012-11-26,28.864140117737158,28.89819563014713,28.412869662066743,28.693849563598633,258200
2012-11-27,28.736427514906197,29.00037809247949,28.6257381439209,28.6257381439209,160500
2012-11-28,28.5065349287193,28.8641454836936,28.182983140508792,28.753456115722656,173600
2012-11-29,29.025928266642556,29.375022608298487,29.000385808089888,29.128101348876953,242400
2012-11-30,29.230265430170448,29.230265430170448,28.753452499512548,29.094030380249023,302800
2012-12-03,29.264319184737197,29.264319184737197,28.642761422950425,28.693849563598633,204400
2012-12-04,28.693854681841486,29.247295021483446,28.515051029712055,29.00889015197754,253900
2012-12-05,29.11958243914234,29.11958243914234,28.67682817421701,28.779001235961914,197200
2012-12-06,28.710876838990625,29.025912229836916,28.591674434239163,28.642759323120117,135800
2012-12-07,28.753460949323088,28.753460949323088,28.44693849296652,28.523569107055664,166300
2012-12-10,28.557620044924036,29.000374221747172,28.52356128177862,28.940773010253906,365400
2012-12-11,29.008883327598138,29.409065619859117,28.821563403897766,29.349464416503906,235100
2012-12-12,29.502738112989103,29.6134242530787,29.119585037231445,29.119585037231445,142300
2012-12-13,29.09402671971678,29.315405399963463,28.761961947368707,28.838592529296875,120100
2012-12-14,28.71088910772319,28.932264632856647,28.515056037945012,28.523569107055664,154300
2012-12-17,28.65980499374396,28.97484056367211,28.65980499374396,28.923755645751953,210400
2012-12-18,28.906717318136963,29.145122189437984,28.7108842812793,28.753456115722656,268300
2012-12-19,28.83007948447884,29.042941851318734,28.574645293875356,28.991853713989258,380800
2012-12-20,28.983342960760712,29.511240763193634,28.96631358029227,29.383522033691406,326600
2012-12-21,28.387323076546906,29.647467796592537,28.387323076546906,29.621925354003906,961100
2012-12-24,29.63044471851767,29.69004592924394,29.27283745416004,29.596385955810547,110300
2012-12-26,29.613413797982084,29.698560700324308,29.340950206531403,29.383522033691406,362300
2012-12-27,29.38353223281412,29.800744079051103,28.761974246071,29.72411346435547,553500
2012-12-28,29.5708417845135,29.868851068800375,29.46866875036878,29.494211196899414,273200
2012-12-31,29.426113061291726,29.749661721526998,29.094044834170305,29.570858001708984,273400
2013-01-02,30.260523275699924,30.277552659551677,29.63044906527642,29.894399642944336,419100
2013-01-03,29.902913467045405,30.166864051388117,29.74113918839706,29.92845916748047,224800
2013-01-04,30.081716920370102,30.447837272278985,29.87736758049246,30.158344268798828,270300
2013-01-07,30.18389450832723,30.490416940257468,30.18389450832723,30.34566879272461,194900
2013-01-08,30.40526100435748,30.52446341521843,29.792219570212293,30.02210807800293,256900
2013-01-09,30.183901722249463,30.762887954711918,30.030640469655058,30.762887954711914,241400
2013-01-10,30.89910906395957,31.180085763906565,30.737331549180883,31.08642578125,218500
2013-01-11,31.163047850024213,31.163047850024213,30.45634651184082,30.45634651184082,241800
2013-01-14,30.36269014794232,30.38823259450724,29.792220521177825,30.098739624023438,556600
2013-01-15,29.96250690053193,30.473378552155417,29.919935074902163,30.328630447387695,185400
2013-01-16,30.286059374478416,30.354176895596694,30.09022637329664,30.209428787231445,118500
2013-01-17,30.37121333549847,30.61813456132121,30.234981495048558,30.388242721557617,255400
2013-01-18,30.320117996500752,30.924646377563477,30.320117996500752,30.924646377563477,180700
2013-01-22,30.907622131463484,31.094942096776617,30.754360932211412,31.08642578125,173200
2013-01-23,31.11196480776238,31.282255353525716,31.052363603948514,31.163049697875977,265400
2013-01-24,31.18008326593925,31.64837989368217,30.941678418656842,31.571752548217773,375900
2013-01-25,31.656901474369356,32.08262634277344,31.32483659669785,32.08262634277344,338900
2013-01-28,32.07410640183723,32.20182514713422,31.93787458926431,32.12519454956055,263900
2013-01-29,32.09964716168502,32.36359443092818,31.96341537006922,32.303993225097656,279000
2013-01-30,32.27845535866664,32.28696842584074,32.00599173677941,32.18479537963867,328700
2013-01-31,32.14222393213499,32.167766381985345,31.869760306989164,32.12519454956055,302500
2013-02-01,32.41468390794944,32.59348753281696,32.16776276045301,32.32954025268555,239300
2013-02-04,32.10816767072143,32.32103009746663,31.665413433328652,31.954906463623047,198100
2013-02-05,32.14222354772303,32.346572888149744,31.98896235440863,32.18479537963867,192200
2013-02-06,32.2699345812645,33.95580405689689,32.193304002916584,33.92174530029297,886500
2013-02-07,33.72592739339857,33.87918861858425,33.24911433192943,33.57266616821289,619700
2013-02-08,33.56413630723236,33.71739747057312,33.24910091504165,33.52156448364258,252300
2013-02-11,33.521576399931966,33.98987312193411,33.40237395229758,33.97284698486328,312400
2013-02-12,33.90471990947559,34.109069225110524,33.64076938678508,33.657798767089844,281800
2013-02-13,33.751475024420785,33.84513503728954,33.41089699801702,33.58118438720703,228300
2013-02-14,33.41939696845547,33.811063006904334,33.41088390154244,33.48751449584961,157700
2013-02-15,33.589694869967104,33.589694869967104,33.112881818209736,33.2406005859375,260700
2013-02-19,33.257630648897106,33.57266616821289,33.00219310823881,33.57266616821289,360500
2013-02-20,33.60671848162356,33.623747864263024,33.06179122925134,33.08733367919922,202800
2013-02-21,32.99368907878925,33.181009127120426,32.661624082583366,32.780826568603516,127800
2013-02-22,33.01921595339668,33.24910774563609,32.780811093899196,33.18950653076172,159000
2013-02-25,33.33495934516227,33.377739698701,32.855814163237646,33.02693557739258,348200
2013-02-26,33.138162858261104,33.3092875144036,32.967038202118616,33.14672088623047,205500
2013-02-27,33.13816047020409,33.45473893969853,33.13816047020409,33.20661163330078,208500
2013-02-28,33.26651289557161,33.69432297764042,33.24084207117379,33.36918640136719,178800
2013-03-01,33.10393488865574,33.38629104053294,32.67612491109474,33.20661163330078,306500
2013-03-04,33.13815837843366,33.189496747515555,32.72746121757114,33.180938720703125,169500
2013-03-05,33.275079718848055,34.164925795345006,33.22374457931409,34.01091384887695,202800
2013-03-06,34.01945142869417,34.22480167487324,33.63442502099699,33.78843688964844,137200
2013-03-07,33.85688744821989,33.85688744821989,33.33495865955933,33.66009521484375,139300
2013-03-08,33.925353107031626,34.11358739187796,33.70288995594085,34.01091384887695,194800
2013-03-11,33.959562608395096,34.028013787142676,33.87400189889248,33.95100784301758,169900
2013-03-12,33.92533732757026,33.93389209220254,33.66009392892768,33.86544418334961,172600
2013-03-13,33.788441377032065,34.079352360461115,33.6515422827085,33.8996696472168,142100
2013-03-14,33.99379958770754,34.019467156372116,33.74566887750685,33.96813201904297,161000
2013-03-15,33.719982491697984,34.036560962984645,33.59163819213065,33.93388748168945,474200
2013-03-18,33.72854183778061,33.916779299006414,33.694319515319926,33.86544418334961,157800
2013-03-19,33.83979637811692,34.01947593299,33.42909885386398,33.831241607666016,146000
2013-03-20,34.03657913208008,34.21626190017718,33.77133889181845,34.03657913208008,207000
2013-03-21,33.82267601487705,34.07936476611458,33.73711527375324,33.81412124633789,105700
2013-03-22,33.848343404348704,34.07080326699552,33.74566660872765,33.993797302246094,172100
2013-03-25,34.1135792757866,34.1135792757866,33.45475127573601,33.84833908081055,153100
2013-03-26,34.01088979392916,34.71249782541903,33.85687795638936,34.67827224731445,190700
2013-03-27,34.48149919747294,35.217333215266,34.284706910098706,35.19166564941406,203000
2013-03-28,35.28578118737638,35.73070085320151,35.10609845102252,35.602359771728516,293900
2013-04-01,35.57668929729189,35.89326785574118,34.789517020149304,35.21732711791992,247500
2013-04-02,35.40557478016892,35.679373060311065,35.04621249752425,35.14033126831055,194800
2013-04-03,35.26011028384016,35.354229035076614,34.17347215726599,34.34459686279297,275500
2013-04-04,34.46437037560461,34.618382226977566,34.0023380854168,34.567047119140625,113200
2013-04-05,34.070792536273586,34.40448385711286,34.04512497741878,34.38737106323242,137300
2013-04-08,34.395921697221674,34.635494232177734,34.30180298308008,34.635494232177734,101700
2013-04-09,34.798067583817286,35.12320413276097,34.438708711772925,34.73817443847656,171700
2013-04-10,34.78951847333569,35.320002102829015,34.755292880740726,35.260108947753906,178300
2013-04-11,35.33711070129544,35.55957376280331,35.33711070129544,35.3627815246582,76900
2013-04-12,35.277214232453126,35.311439817760416,35.046196427526105,35.22587585449219,126500
2013-04-15,35.14033025297386,35.14033025297386,33.976685964025336,34.03657913208008,295200
2013-04-16,34.37025530925952,34.37025530925952,33.8739973851932,34.30180740356445,236800
2013-04-17,34.12213085699556,34.344590649180674,33.240839925350805,33.66009521484375,237600
2013-04-18,33.74565032335816,33.74565032335816,33.24083441227251,33.38629150390625,233500
2013-04-19,33.386305115318436,34.15636144120502,33.249405995343096,34.087913513183594,221900
2013-04-22,34.190588573526135,34.28470733472572,33.54031854040671,34.113582611083984,117800
2013-04-23,34.336039782012904,34.67828590606695,34.14780229222735,34.66973114013672,223500
2013-04-24,34.661179851304624,34.81519177945795,34.567064352039985,34.75529861450195,124100
2013-04-25,34.74674103972497,35.17455119138091,34.60984192175236,34.91786575317383,153400
2013-04-26,34.8066297638854,34.88363571192668,34.37881966675202,34.507164001464844,226000
2013-04-29,34.60128685860804,35.02909704695651,34.4387201620514,34.9863166809082,243500
2013-04-30,34.986297198060655,35.58523178100586,34.79805977555279,35.58523178100586,210000
2013-05-01,35.44834546239495,35.47401302416498,34.524274071488804,34.652618408203125,349600
2013-05-02,34.84086535143463,35.38846191065096,34.60984744102782,35.15744400024414,223100
2013-05-03,35.57667911795645,35.764913287643466,35.2686554134654,35.2943229675293,205000
2013-05-06,35.30288198925859,35.670798873565474,35.08042221136515,35.47400665283203,169800
2013-05-07,36.44941206067841,39.136061703085666,36.44941206067841,38.47723388671875,1129300
2013-05-08,37.64728906342174,38.46868367782543,37.50183519509136,38.4259033203125,393000
2013-05-09,38.31467911917586,38.622702974565165,38.29756632010615,38.494361877441406,368400
2013-05-10,38.62269666664034,38.802376131627646,38.408791609103396,38.57136154174805,174400
2013-05-13,38.50290961516684,38.879381334166254,38.43445843138581,38.62269592285156,319300
2013-05-14,38.571358378940154,39.02483601927552,36.92001120904903,38.9820556640625,209500
2013-05-15,38.84514890706704,39.25584611118202,38.80236529636093,38.99916076660156,231700
2013-05-16,38.95638938532869,39.47831826605049,38.75959711724104,39.3585319519043,284600
2013-05-17,39.64944839477539,39.846240689783876,39.435543300557555,39.64944839477539,287900
2013-05-20,39.50398106916105,39.760669727323105,39.36708197464282,39.46120071411133,193200
2013-05-21,39.33287422887966,39.50399571250988,38.9478443628455,39.3499870300293,275000
2013-05-22,39.29863147857143,39.8633406143656,38.49434975908629,38.52857208251953,179600
2013-05-23,38.22911248064783,38.973501173528234,38.12643896602726,38.76815414428711,338600
2013-05-24,38.614139171906174,39.1446227632116,38.31467015415633,38.862266540527344,334100
2013-05-28,39.358524076467454,39.64088027239885,39.19595743464525,39.42697525024414,303400
2013-05-29,39.11896514892578,39.38420538005223,38.999178816941864,39.11896514892578,232300
2013-05-30,39.11895811767811,39.37564353492593,38.9563881844065,39.24729919433594,164000
2013-05-31,39.084036335897444,39.582358224436575,38.766137891003794,38.95515823364258,254800
2013-06-03,38.929407901276505,39.127018709606844,38.353756174828725,38.86067199707031,437200
2013-06-04,38.860673867156336,39.11842696531676,38.22488311019454,38.663063049316406,273000
2013-06-05,38.534191000025785,38.66306920839069,38.13896930138662,38.190521240234375,190200
2013-06-06,38.2334788835175,38.43108972938966,37.57191042863646,38.40531539916992,222300
2013-06-07,38.663067207284655,38.90363635443827,38.52559865498133,38.834903717041016,147000
2013-06-10,38.869277733398896,39.04970462188888,38.49983032696171,39.04111099243164,98400
2013-06-11,38.58574125850989,38.83490403582649,38.130377289800066,38.448272705078125,268300
2013-06-12,38.73179614111324,38.903629342389316,37.649228619027944,37.72655487060547,295200
2013-06-13,37.632057189941406,37.73515780058248,37.35712004322567,37.632057189941406,514800
2013-06-14,37.57190201962095,38.001491573850565,37.193864391801846,37.71796417236328,362200
2013-06-17,38.05304911184118,38.31080222688746,37.70937610677368,38.25065994262695,299000
2013-06-18,38.259227232297604,38.60290003021787,38.05302617555081,38.474021911621094,196100
2013-06-19,38.456846929921376,38.55995075989304,37.795282047227616,37.8210563659668,148200
2013-06-20,37.443027720937934,37.468802045802846,36.77286577687591,36.893150329589844,273600
2013-06-21,36.90174527776229,37.468803387655946,36.609624234634744,37.30555725097656,590600
2013-06-24,36.81583088582521,37.013445004695086,36.15426572355556,36.7642822265625,449500
2013-06-25,37.047807553412234,37.193869727106566,36.73850250559709,36.90174865722656,399800
2013-06-26,36.95328125471095,37.30554445552635,36.7127122231806,36.72130584716797,348400
2013-06-27,36.996240756398244,37.39146222258773,36.841588308322876,36.85877227783203,329300
2013-06-28,36.867376650756015,37.32274054472623,36.72990811988718,36.84160232543945,642300
2013-07-01,36.979061980637766,37.96711578488468,36.944694036792434,37.60626220703125,281600
2013-07-02,37.55471753254278,37.924164806347925,37.17667990987368,37.43443298339844,246900
2013-07-03,37.38288256574936,37.38288256574936,37.11653913261611,37.228233337402344,120500
2013-07-05,37.795286806387026,37.85542907602317,37.31414537178997,37.6148567199707,314000
2013-07-08,37.84684038401244,38.104593469983065,37.72655582906003,37.967124938964844,276900
2013-07-09,38.10459582321599,38.19910605866051,37.50317301131178,37.889801025390625,345500
2013-07-10,37.88121067558136,38.05304716934335,37.78670044013683,37.889801025390625,193200
2013-07-11,38.190517658366446,38.29361824888322,37.99290682758067,38.25065994262695,206900
2013-07-12,38.22488919946621,38.37094810993804,38.15615328100254,38.190521240234375,214500
2013-07-15,38.2248754214891,38.59431937878556,38.173323501222995,38.551361083984375,194400
2013-07-16,38.534189091225045,38.714619229500045,38.13037706153534,38.38813018798828,239900
2013-07-17,38.49120810130978,38.594308635635024,38.010070089454054,38.1131706237793,436900
2013-07-18,38.13037537410593,38.29361824888322,37.649233822513175,38.25065994262695,295900
2013-07-19,38.25924142432828,38.36234526845412,38.07022426511342,38.23346710205078,271400
2013-07-22,38.19050880575231,38.4568522093076,38.13895688368939,38.23346710205078,331700
2013-07-23,38.36234664916992,38.41389529558023,38.173326205644024,38.36234664916992,211300
2013-07-24,38.42249385320809,38.5170040871015,38.14755677870462,38.26784133911133,174900
2013-07-25,38.25065280134784,38.3795276960561,38.09600030569148,38.37093734741211,361200
2013-07-26,38.12177452441705,38.50840576249593,37.984306003934336,38.422489166259766,183500
2013-07-29,38.327979661674995,38.491222508584045,37.87261579358105,38.15614318847656,119800
2013-07-30,38.37953174936661,38.980957820713364,38.285024794269454,38.43108367919922,162500
2013-07-31,38.58573041265164,38.89503539030944,38.47403622016234,38.680240631103516,241100
2013-08-01,39.04109684059776,39.60815491137971,39.03250649176373,39.39336013793945,431500
2013-08-02,39.333223783148924,39.39336606656284,39.10983862725562,39.255897521972656,161900
2013-08-05,39.19575743777144,39.255899724559846,38.5513729843167,38.834903717041016,188800
2013-08-06,38.74037916071975,39.2730691944118,38.47403250511991,39.127010345458984,245600
2013-08-07,38.27642862635686,38.85208033332881,36.96188563921687,37.71796417236328,678800
2013-08-08,37.97571411335804,38.018672409731856,37.33132983522699,37.73514175415039,503400
2013-08-09,37.67499898960685,38.16473077236284,37.48598183253948,37.6148567199707,175300
2013-08-12,37.34850683834898,38.14754345629556,37.01342760066312,38.0186653137207,218100
2013-08-13,37.958535870547074,38.01867815005269,37.3828841241967,37.700782775878906,269600
2013-08-14,37.60626825027407,37.72655279555467,37.4172478062571,37.58049392700195,207100
2013-08-15,37.15950188981582,37.382887048668124,36.893155147234246,37.01344299316406,273000
2013-08-16,36.82441514287922,37.05639388305347,36.56666207963273,36.62680435180664,237300
2013-08-19,36.58384790532765,36.91892723225392,36.420601777588466,36.429195404052734,117600
2013-08-20,36.42060321425146,36.85019278418131,36.360460936661944,36.7900505065918,205800
2013-08-21,36.64399312672732,36.83301031653175,36.30032014570542,36.42060470581055,180000
2013-08-22,36.54948195612393,37.59767829410411,36.54948195612393,37.30555725097656,196800
2013-08-23,37.3313199680592,37.3313199680592,36.75566846077708,36.85877227783203,197400
2013-08-26,36.87605343143286,37.11780924595877,36.694739040761725,36.77244567871094,142800
2013-08-27,36.349379136537785,36.349379136537785,35.83133702709262,35.839969635009766,350200
2013-08-28,35.90039836449237,36.19395304066426,35.78815473948943,35.91766357421875,153500
2013-08-29,35.848602397883226,36.19396267606532,35.831333889929454,35.978111267089844,206100
2013-08-30,35.90042451323591,35.90042451323591,35.24423408225661,35.30467224121094,305900
2013-09-03,35.839963691618195,35.84859959173464,34.985194023418195,35.19240951538086,497600
2013-09-04,35.17513607758626,35.42552113069231,35.1665001794891,35.287376403808594,246200
2013-09-05,35.252845841299155,35.5550364290913,35.20967293421709,35.373722076416016,280600
2013-09-06,35.46006443025835,35.59820918166384,34.933386536265346,35.23558044433594,265700
2013-09-09,35.27012321026353,36.02128857651575,35.25285799383542,35.986751556396484,223400
2013-09-10,36.237124936595436,36.470244784971655,36.15078242221712,36.46160888671875,197300
2013-09-11,36.34073522806001,36.56521919404539,36.31483411873142,36.5393180847168,143500
2013-09-12,36.48752524737881,36.61703742627218,36.31484673369635,36.57386779785156,265600
2013-09-13,36.746532531573955,36.88467725451247,36.55658230242226,36.867408752441406,186400
2013-09-16,37.30775194760463,37.3595574648156,37.02282983702101,37.230045318603516,170800
2013-09-17,37.230039750918756,37.523597717285156,37.10053091770517,37.523597717285156,234600
2013-09-18,37.52359657306559,37.799886027852494,37.204137508523885,37.7221794128418,328900
2013-09-19,37.75672724504215,37.90350791265477,37.601313970455166,37.81716537475586,253900
2013-09-20,38.08481011971887,38.49061168396355,37.877591388674986,37.90349578857422,834500
2013-09-23,37.903508491492246,37.903508491492246,37.57541342972804,37.601314544677734,312900
2013-09-24,37.60131191425674,37.79989480011831,37.20414614253362,37.29048538208008,273600
2013-09-25,37.25595338052396,37.46316888244372,36.97966384887695,36.97966384887695,134200
2013-09-26,36.97102731834363,37.12644058895064,36.660200777129596,36.85015106201172,204700
2013-09-27,36.54796042118195,36.98829582548118,36.52205601366014,36.85015106201172,135700
2013-09-30,36.59114144213463,37.143720668167845,36.40119109807372,37.091915130615234,225600
2013-10-01,36.99690941863228,37.84304936536588,36.90193761863048,37.77397537231445,481300
2013-10-02,37.514972127497195,37.74809202322928,37.25595111900515,37.7308235168457,258600
2013-10-03,37.70491142525246,37.9380312734689,37.19550541210523,37.50632858276367,276700
2013-10-04,37.4545284155717,37.912132238776394,37.29911517493043,37.799888610839844,193600
2013-10-07,37.45453769425856,37.67038910488582,37.35956254660158,37.3768310546875,156900
2013-10-08,37.39410207597679,37.66175573521927,37.25595729563608,37.33366394042969,188400
2013-10-09,37.411367545661484,37.62721895325852,37.20414874517065,37.601314544677734,267600
2013-10-10,38.024388025389996,38.3524798217608,37.92077696941159,38.162532806396484,181100
2013-10-11,38.015753497057474,38.81008848676012,37.95531535903604,38.79281997680664,161500
2013-10-14,38.49924823885189,39.189971923828125,38.49924823885189,39.189971923828125,168200
2013-10-15,39.08636786397816,39.11226897533693,38.74964024179163,38.94822311401367,268900
2013-10-16,39.15543509683232,39.61304221631509,39.07772847606207,39.543968200683594,143000
2013-10-17,39.3885612545972,39.87206956040549,39.354027534892296,39.50080490112305,250400
2013-10-18,39.72528714465868,40.13108879934019,39.28495177179868,39.80299377441406,274400
2013-10-21,39.8807009168989,39.8807009168989,39.51807216913211,39.69075393676758,203300
2013-10-22,39.768474029133685,40.165639923594206,39.699399981245655,39.880714416503906,144300
2013-10-23,39.7857538130478,40.47647801946193,39.7857538130478,40.34696578979492,114200
2013-10-24,40.34694536913136,40.39011499262679,39.80299889092167,39.958412170410156,134400
2013-10-25,40.122454899297615,40.355574781045895,39.6044096197579,39.984310150146484,148900
2013-10-28,40.113810729270554,40.113810729270554,39.604401454248396,39.86342239379883,230000
2013-10-29,40.010203988943836,40.48507627198432,39.699377536443144,40.46780776977539,228400
2013-10-30,40.44190698669601,40.87360966448157,38.801435493658886,38.965484619140625,339100
2013-10-31,38.84461356352488,39.39719253761468,38.73236993015337,39.01729202270508,235900
2013-11-01,38.930960987296814,39.198617925171284,38.56832890070459,38.801448822021484,305100
2013-11-04,38.89641574859701,39.18134113452114,38.75827100519968,39.12090301513672,173200
2013-11-05,38.89642772736135,38.991402885251816,38.74965033326263,38.90506362915039,174900
2013-11-06,39.06910580321697,39.129543935444154,38.81871737334365,39.034568786621094,151400
2013-11-07,39.233148949130445,39.24178484949134,38.68920579710838,38.70647430419922,139600
2013-11-08,38.654668328913786,39.14680924751392,38.654668328913786,39.05183410644531,175300
2013-11-11,39.08637690704256,39.32812945200488,38.85325696998688,39.233154296875,256100
2013-11-12,39.09499002044812,39.45762195069858,38.87050609686813,39.4489860534668,107100
2013-11-13,39.22451657002218,39.31085581234644,38.83598339230107,39.302223205566406,158100
2013-11-14,39.24177932739258,39.483531805383,39.12090308839736,39.24177932739258,74700
2013-11-15,39.17272315724163,39.25906571988646,38.84463130008725,39.21589279174805,126000
2013-11-18,39.39803832762146,39.39803832762146,38.73013083139413,38.799522399902344,255800
2013-11-19,38.756148329696614,39.12046147254948,38.634710615412324,38.93830490112305,89600
2013-11-20,39.0944422344201,39.40671255083995,38.66073419693248,39.22455596923828,139800
2013-11-21,39.39804015161538,39.92716453532292,39.259253699243736,39.71898651123047,218400
2013-11-22,39.63223393177541,40.16135819561039,39.46742609096176,40.10063934326172,269800
2013-11-25,40.09196238735273,40.28279162781046,39.85775970644972,39.94449996948242,136300
2013-11-26,39.91848879667263,40.187388975368364,39.79705107369061,40.031253814697266,124400
2013-11-27,40.135349125963245,40.36955190377404,39.979213940756054,40.27413558959961,106600
2013-11-29,40.187401864624995,40.334861058703346,39.8577827187199,40.02259063720703,81100
2013-12-02,39.979197398267075,40.19605136477776,39.580186894030355,39.94449996948242,135800
2013-12-03,39.77102245720032,40.07462004393793,39.597541903555346,39.814395904541016,119600
2013-12-04,39.58886251889195,39.75367366331962,38.79084145151505,39.27659225463867,120600
2013-12-05,39.293935822754584,39.64090347290039,39.0944305820458,39.64090347290039,103500
2013-12-06,40.057275851217945,40.61242162701573,40.057275851217945,40.28280258178711,151200
2013-12-09,40.29148279117268,40.49966082430855,39.85777469505442,40.438941955566406,128500
2013-12-10,40.30882876175304,40.30882876175304,39.7450069516977,39.90114212036133,190300
2013-12-11,39.961858768024605,40.100645209256264,38.90361008555211,39.02505111694336,263300
2013-12-12,38.94697995636056,39.276595655901495,38.7648200804854,39.120460510253906,168700
2013-12-13,39.19852237170946,39.57151146430732,39.04238724881133,39.46742248535156,194000
2013-12-16,39.580193186404955,40.26544931473329,39.0510688945712,39.814395904541016,198200
2013-12-17,39.823068305034525,39.823068305034525,39.05974130088443,39.519474029541016,168100
2013-12-18,39.64091722825026,40.38689561866721,39.28527675246193,40.37821960449219,161700
2013-12-19,40.22207893508098,40.464957664800245,39.92715736315215,40.447608947753906,235600
2013-12-20,40.577729625275374,41.43647313715364,40.52568676990293,41.34105682373047,689000
2013-12-23,41.36706143457982,41.64463424682617,41.16755618258581,41.64463424682617,173200
2013-12-24,41.575249132674614,42.06967598781708,41.575249132674614,41.73138427734375,125600
2013-12-26,41.87884161160257,41.87884161160257,41.262977072356485,41.60126876831055,155400
2013-12-27,41.82680722565681,41.96559367535452,41.64464732192296,41.91354751586914,135600
2013-12-30,41.81811808171237,42.04364805974311,41.54922128112124,41.64463424682617,133200
2013-12-31,41.7921168501213,42.00897092123695,41.505867887962005,41.679351806640625,175400
2014-01-02,41.67933936484988,41.766082952760435,40.71650704708472,40.9333610534668,286800
2014-01-03,40.924691493966876,41.10684807918242,40.73385889482881,41.03745651245117,129000
2014-01-06,41.124203770885984,41.21094407123969,40.74254181682719,41.15890121459961,250200
2014-01-07,41.349727576111675,42.0523358708122,41.28033600258391,41.904876708984375,268100
2014-01-08,41.774747787568025,42.338569421520646,41.58391523904334,42.260501861572266,327900
2014-01-09,42.36459373605156,42.84167183106409,42.19978590219026,42.798301696777344,464800
2014-01-10,42.73758038952941,42.997804489215866,42.30387245374234,42.433982849121094,304200
2014-01-13,42.243153607446466,42.54674783892584,42.06099706855885,42.433982849121094,394600
2014-01-14,42.59879011838205,43.08454084468754,42.22580106272395,42.91106033325195,172500
2014-01-15,43.05853963294958,43.301415110060205,42.65952897514492,42.9631233215332,117800
2014-01-16,42.763611642986405,43.11925209977641,42.763611642986405,43.07588195800781,135200
2014-01-17,43.00648456261314,43.258032674340704,42.65951685764307,42.85034942626953,123800
2014-01-21,42.85034986847232,43.17129284807765,42.624819865235594,43.02383041381836,122900
2014-01-22,43.02383411087322,43.197317980056084,42.75493725712287,43.162620544433594,103500
2014-01-23,42.90240771255444,43.240699526789385,42.51206973115626,42.72892379760742,346200
2014-01-24,42.3559259432404,42.38194736504338,41.65331777419426,41.78342819213867,1101900
2014-01-27,41.783424678953246,41.835470827112644,40.63843589088046,40.655784606933594,274200
2014-01-28,40.66447034274449,40.87264836730123,40.464965023823424,40.725189208984375,273300
2014-01-29,40.43027235881126,40.551710105634555,40.100653253912,40.343528747558594,365600
2014-01-30,40.53435549178353,40.75988553932961,40.30015273883796,40.473636627197266,322400
2014-01-31,39.71899242225847,40.10933041168492,39.450092183113455,39.80573272705078,384000
2014-02-03,39.66692892697095,40.10931289139178,37.95811853576368,38.15762710571289,802100
2014-02-04,38.20100846476859,38.41786250467904,37.784649105212125,37.880062103271484,580900
2014-02-05,36.43147451291791,38.08823905483865,34.609902110843876,37.84536361694336,590100
2014-02-06,37.61983795511728,38.322446236350785,37.42033263527,38.07957077026367,421200
2014-02-07,38.0969010807417,38.41784731534572,37.71523931261242,37.80198287963867,275900
2014-02-10,37.81932993843972,38.30508400824876,37.48971429610787,38.22701644897461,262800
2014-02-11,38.27909166339486,39.016394376222934,38.27909166339486,38.903629302978516,348100
2014-02-12,38.90361418412457,38.99903049294796,38.47858211073142,38.764827728271484,210700
2014-02-13,38.59135031970781,39.432741829982746,38.487257987544204,39.30263137817383,174700
2014-02-14,39.311279595302786,39.40669585254689,38.868899040449946,39.25056076049805,165300
2014-02-18,39.311300131738925,39.77970565258304,39.233232544931575,39.44141387939453,236200
2014-02-19,39.328633297091024,39.51946583579475,38.62602529371447,38.65205001831055,211700
2014-02-20,38.695421085268606,39.35465566660597,38.60000481360412,39.31996154785156,181500
2014-02-21,39.493459991438144,39.536833450190464,39.12914676221703,39.20721435546875,220400
2014-02-24,39.346640361034524,39.83465856250493,39.242062182684,39.38149642944336,181600
2014-02-25,39.390209703562725,39.54707363382603,39.19848638337992,39.52092742919922,193500
2014-02-26,39.651661585081456,40.305260402417964,39.40765242374265,40.27040100097656,411200
2014-02-27,40.15710353306352,40.357540057871056,39.94795049774821,40.34882354736328,180900
2014-02-28,40.40111214208568,40.68869382219776,40.035095165863865,40.21810531616211,204500
2014-03-03,39.825940516206536,40.523111664921736,39.825940516206536,40.25295639038086,331600
2014-03-04,40.85426368086508,41.568864427181246,40.71482946998324,41.33356857299805,403100
2014-03-05,41.106991060744555,41.22028241016883,40.82812260398807,40.950130462646484,177600
2014-03-06,40.993707803400895,41.525301899786086,40.73226901033225,41.39458084106445,1033900
2014-03-07,41.717024491015906,41.717024491015906,41.15928747810747,41.290008544921875,141400
2014-03-10,41.16799984284663,41.420722115861295,40.79326970171775,41.30743408203125,516800
2014-03-11,41.429449264696466,41.429449264696466,40.383690540077694,40.67127227783203,213000
2014-03-12,40.56668826647593,40.618977354461975,40.30524947529488,40.59283447265625,216700
2014-03-13,40.749701150029324,40.96756739582036,39.930525262630084,40.313968658447266,257400
2014-03-14,40.12223884424716,40.5666844146168,39.965374919558045,40.087379455566406,129300
2014-03-17,40.38367066052308,40.71482814724906,40.29652552819326,40.54924774169922,121200
2014-03-18,40.63639759424471,41.18541793065384,40.30524009614362,41.15927505493164,167200
2014-03-19,41.02856888524182,41.48172770555588,40.78455645387107,40.98499298095703,129600
2014-03-20,40.950137560891825,41.60373624302898,40.950137560891825,41.45558547973633,196100
2014-03-21,41.8303116206817,42.3183331196978,41.44686829426693,41.621158599853516,508500
2014-03-24,41.83031803557502,41.84774773368151,41.220291899347885,41.5165901184082,265900
2014-03-25,41.80418030537891,42.10919174891523,41.39459066030836,41.629886627197266,155700
2014-03-26,41.969747938771526,42.083039302514344,41.29871959102503,41.385868072509766,184900
2014-03-27,41.56016033805333,41.812885959662985,41.211576368871725,41.45558547973633,191600
2014-03-28,41.44685676246536,41.86515936336247,41.15055867128321,41.2987060546875,215100
2014-03-31,41.394579622757995,41.73445037618177,41.15057053299211,41.61244583129883,295400
2014-04-01,41.87388255928122,42.60591311698649,41.61244378675241,42.536197662353516,239200
2014-04-02,42.701787163290575,45.115745734507755,42.64949806386653,44.61901092529297,700900
2014-04-03,44.84558820856595,44.90659049276069,44.18327626971939,44.71487045288086,361800
2014-04-04,45.08088668951618,45.202891264756694,43.85212110057543,43.94798278808594,360000
2014-04-07,43.73882348720164,44.13098336920731,43.27694813971434,43.555816650390625,303900
2014-04-08,43.5993784597084,44.08739989500324,43.285650631617,43.52094650268555,370200
2014-04-09,43.52966644438973,44.078690186848064,43.35537282344074,44.03511428833008,346800
2014-04-10,44.22684588043207,44.897874285818794,42.71921192717682,43.02422332763672,294700
2014-04-11,42.70176976969848,43.34665510241439,42.49261678157133,42.571048736572266,207700
2014-04-14,43.09394198364131,43.34666761430105,42.71921179318031,43.198516845703125,230000
2014-04-15,43.311795220465996,43.67780879002503,42.32703920216005,43.433799743652344,247800
2014-04-16,43.58195672187956,43.669105203576144,42.9545042755374,43.18108367919922,184800
2014-04-17,43.06778995437567,43.442520094193135,42.815067682245434,43.120079040527344,206600
2014-04-21,43.19851595084155,43.49481415752462,42.94579032541706,43.39895248413086,145700
2014-04-22,43.44252770092598,44.00026807774672,43.268237365318,43.62553787231445,147600
2014-04-23,43.54710297569583,43.63424813766472,43.03293854157978,43.42509841918945,251700
2014-04-24,43.573241194936166,43.60810058574199,43.20722756459845,43.44252014160156,177600
2014-04-25,43.22464904550376,43.53837687851433,42.6059098883852,42.675628662109375,277200
2014-04-28,42.998074215284184,43.12007875779698,41.90003000829452,42.64077377319336,250600
2014-04-29,42.97193621022155,42.98064939665774,42.266048431396484,42.266048431396484,281600
2014-04-30,42.12661555487933,42.266049813040134,41.62116429131208,41.8738899230957,389600
2014-05-01,41.952324607844,42.34448452309055,41.595024090480514,41.91746520996094,402100
2014-05-02,41.86516866388987,42.23989878376148,41.59501338638089,42.06560516357422,271600
2014-05-05,41.83031231156047,42.266044731472554,41.69959125583703,42.09175109863281,342800
2014-05-06,41.97846207153391,42.327049356585725,41.79545524285034,41.83031463623047,298400
2014-05-07,42.03075457723715,42.1963317226863,41.16800612940341,41.5165901184082,334100
2014-05-08,42.62334122771642,46.63207778917876,42.61462804285149,45.08087158203125,1175500
2014-05-09,45.019877361190176,46.98938660572064,44.9501618966879,46.86738204956055,923300
2014-05-12,47.05039395770835,48.24430000443712,47.05039395770835,47.93928527832031,653200
2014-05-13,47.93927386728705,48.08742460170788,46.867372636400745,46.945804595947266,578800
2014-05-14,46.971963656791615,47.18982990135118,46.074352468631176,46.23121643066406,392800
2014-05-15,45.96976836198443,46.135345477793095,45.394601724932684,45.82162094116211,534900
2014-05-16,45.708339187318515,46.27478943367702,45.194174712527655,46.222503662109375,250900
2014-05-19,46.178908490339815,46.73664527675812,46.16147880021756,46.37934494018555,304900
2014-05-20,46.23120526119145,46.23120526119145,45.42074276128785,45.891334533691406,388200
2014-05-21,46.030779884594274,46.5100849577503,45.98720730055738,46.23121643066406,279900
2014-05-22,46.17891954396641,46.67565419604455,45.87390488037724,46.396785736083984,283900
2014-05-23,46.36192727133011,46.597223162430645,46.1440610748712,46.51879119873047,145300
2014-05-27,46.62337466653248,47.11139623364873,46.100497028059664,46.971961975097656,230800
2014-05-28,46.823798791862494,47.059094664107924,46.562360041936714,46.84122848510742,152200
2014-05-29,46.91094180798282,47.006800123132024,46.5362117576881,46.75407791137695,152600
2014-05-30,46.876092557141604,46.876092557141604,46.27477971539602,46.64079666137695,192500
2014-06-02,46.57979284575992,46.57979284575992,45.81290291364085,45.873905181884766,256700
2014-06-03,45.53267871341446,45.91765787851486,44.82396365502406,45.637672424316406,592000
2014-06-04,45.462671070205616,46.04889278566808,45.138938583042595,45.961395263671875,195100
2014-06-05,46.11888741238431,46.76635572365277,45.59391563176926,46.26763153076172,277000
2014-06-06,46.530126440416716,46.89760609054126,46.22389339864627,46.293888092041016,166400
2014-06-09,46.311396555796414,46.81012094180602,46.075158161735466,46.58263397216797,152800
2014-06-10,46.36389691174553,46.45139113327083,45.85642108136504,46.346397399902344,168600
2014-06-11,46.04889798187168,46.521371303208845,45.71641403614663,46.118892669677734,163400
2014-06-12,45.92641080316401,45.96140648281573,45.48893309946254,45.620174407958984,106200
2014-06-13,45.76017061126521,45.95266188355815,45.313944788220056,45.45393753051758,136300
2014-06-16,45.44516936391438,45.90889786380294,45.278929086709965,45.47142028808594,219000
2014-06-17,45.576422126544514,46.040147371716884,45.322684286182806,45.462677001953125,366700
2014-06-18,45.5326727692941,45.8476571985698,45.27893494152319,45.707664489746094,198900
2014-06-19,45.81267133834933,46.188902477134185,45.690178100175736,46.031410217285156,121800
2014-06-20,46.21512589466843,46.60885633829018,45.760148864004265,46.56510925292969,414600
2014-06-23,46.757615854765774,46.757615854765774,45.95265848058775,46.13639831542969,186400
2014-06-24,45.92641141471235,46.84511393718073,45.830165784586036,46.39013671875,335200
2014-06-25,46.250138681784485,46.976349860726835,46.250138681784485,46.96760177612305,241700
2014-06-26,47.01136350226086,47.01136350226086,46.40764534606066,46.757625579833984,217300
2014-06-27,46.42513201514636,46.98510290442338,46.25014027782485,46.77511215209961,344100
2014-06-30,46.72261166938176,46.87135245974089,46.05764381049906,46.792606353759766,321600
2014-07-01,46.967596234787536,48.11378876865414,46.967596234787536,47.63256072998047,385600
2014-07-02,47.44007790132969,47.80755752885823,47.18634006078495,47.40507888793945,265300
2014-07-03,47.483826767082256,47.903804930332264,47.29133552395901,47.86005783081055,119000
2014-07-07,47.61506102624344,47.64131195222733,47.03759071993659,47.116336822509766,175200
2014-07-08,46.97635016165553,46.97635016165553,46.197640457033074,46.88010787963867,273200
2014-07-09,47.04634214116098,47.370074634988796,46.88884993601463,47.116336822509766,148100
2014-07-10,46.27639526131898,47.020109429296134,46.1626501132396,46.81886672973633,200900
2014-07-11,47.04634722468212,47.66756469116782,46.740110864834655,47.58007049560547,286600
2014-07-14,47.82504834778321,47.82504834778321,47.26507758602081,47.413818359375,133700
2014-07-15,47.38757954063926,47.52757225698144,46.503876144546034,46.801361083984375,201200
2014-07-16,47.116336871345844,47.116336871345844,45.95264817399086,46.38137435913086,352400
2014-07-17,46.12764125944982,46.512620362969116,45.79515733413944,46.11014175415039,270800
2014-07-18,46.0051518839714,46.915102871350776,45.935153856955495,46.801361083984375,190200
2014-07-21,46.48638534242088,46.521381024792184,45.84766824590356,46.355140686035156,211500
2014-07-22,46.530122876932936,47.54507088610126,46.530122876932936,47.19508743286133,226200
2014-07-23,47.19509785793017,47.33509060261166,46.77511962388572,46.950111389160156,143000
2014-07-24,46.941366950138686,46.96761454877765,46.48638966015017,46.608882904052734,241800
2014-07-25,46.20638736445255,46.346380069158606,45.7864092503344,46.11014175415039,174200
2014-07-28,46.153888848554274,46.22388686975198,45.550170935326186,46.11014175415039,191100
2014-07-29,46.11014116791173,46.28513288099181,45.62016503882537,45.85640335083008,227700
2014-07-30,46.215146545129684,46.51263153127132,45.655175591849,45.68142318725586,294600
2014-07-31,45.27018123693779,45.5151676125406,44.50896784813356,44.51771926879883,358200
2014-08-01,44.54397873565669,44.74521807467245,44.01900683715382,44.124000549316406,475000
2014-08-04,44.255246982365854,45.296442736165694,43.55527997247043,44.963958740234375,590300
2014-08-05,46.197628739305316,46.73135188580095,44.57021171480677,45.67265701293945,370100
2014-08-06,45.366434117846275,45.99640304561973,45.00770255346191,45.086448669433594,296900
2014-08-07,45.15644206025628,45.331433781955106,44.39523190920933,44.622718811035156,238600
2014-08-08,44.61397531129332,45.26144040911397,44.37773696337828,45.086448669433594,229500
2014-08-11,45.37518158392971,45.76016070750524,44.972702954143074,45.261436462402344,171400
2014-08-12,45.28768111774215,45.865151434523895,45.21768643512371,45.85640335083008,360200
2014-08-13,46.06640140593054,46.67011940756998,45.99640337448199,46.6351203918457,280300
2014-08-14,46.88885363895147,47.08134486881838,46.67886290294306,46.862606048583984,316100
2014-08-15,47.300105454327344,47.32635305677273,46.65263677991566,46.95886993408203,306100
2014-08-18,47.45757553897344,47.83380323618752,47.30008332260964,47.816307067871094,258600
2014-08-19,47.877540752597845,48.14002659648851,47.7025490774412,48.13127517700195,244400
2014-08-20,47.86006499026976,48.19254900421312,47.75507126817352,48.12255096435547,166700
2014-08-21,48.08754294519637,48.56001961274425,47.68506430440652,48.525020599365234,217000
2014-08-22,48.46352620940253,48.80617932205958,48.402024540545604,48.63045883178711,280900
2014-08-25,48.81496177164446,49.157614846268125,48.81496177164446,49.07854080200195,269900
2014-08-26,49.14004486179524,49.46512557004532,49.09611557985702,49.28062057495117,381200
2014-08-27,49.412408979028626,49.412408979028626,49.08732493756646,49.148826599121094,222800
2014-08-28,48.88525739641895,49.08733480379889,48.44595781039565,49.02583312988281,177600
2014-08-29,49.00824962215401,49.52662315008367,48.858889405565535,49.456336975097656,175700
2014-09-02,49.6408450469153,50.291009801875084,49.368478141855654,50.203147888183594,341700
2014-09-03,50.273429840433316,50.71272928789858,49.65840994366419,49.737483978271484,219200
2014-09-04,49.84292935895231,50.15044107229292,49.438774554482706,49.6232795715332,203400
2014-09-05,49.57055577452892,50.1416464859399,49.16640102420787,50.027427673339844,220700
2014-09-08,50.05378226468569,50.220714855314185,49.71991373183974,50.08013916015625,189600
2014-09-09,50.168005509471406,50.396443144347984,49.45634240845387,49.6144905090332,155200
2014-09-10,49.526628591161646,50.08893145918174,49.33333907502316,49.6144905090332,157500
2014-09-11,49.289410798125466,50.16800994498396,49.289410798125466,50.124080657958984,276800
2014-09-12,49.99229027992633,50.2295090882359,49.41241500625825,49.596920013427734,361900
2014-09-15,49.7199127493169,50.03620889506911,49.192754740789134,49.71112823486328,315300
2014-09-16,49.7111347495724,50.18557567878794,49.412410945168155,49.77263641357422,313000
2014-09-17,49.667214111574566,49.72871579042924,49.148840424377944,49.38606262207031,200700
2014-09-18,49.667190134181844,49.77262440553896,49.342109509802015,49.552974700927734,148100
2014-09-19,49.614476792096475,50.036203826516484,49.043386214384164,49.201534271240234,438300
2014-09-22,48.92038252403232,48.93795490260796,48.44593835725544,48.771018981933594,208500
2014-09-23,48.366884317150586,48.762254619518714,48.252665485002034,48.45474624633789,343100
2014-09-24,48.69194129955921,48.90280647505193,48.39322094095927,48.87644958496094,232500
2014-09-25,48.60409395663777,48.8413160768452,48.006646398690684,48.01543426513672,241900
2014-09-26,48.041801773589185,48.28780846299578,47.75186244542591,47.90122604370117,227800
2014-09-29,47.39162747177601,48.08572146592186,47.242267254893264,47.883644104003906,332100
2014-09-30,47.97148997555547,48.03299161937225,47.382830427141116,47.40918731689453,387000
2014-10-01,47.4443458332254,47.866072949552255,47.12804965808296,47.35648727416992,373100
2014-10-02,47.3916122710161,47.71669620041286,47.092888581476494,47.38282775878906,229300
2014-10-03,47.69913618786594,48.208721818817956,47.46191407719229,47.997859954833984,180000
2014-10-06,48.28780112294507,48.674386835065974,48.138440898963275,48.5513801574707,221200
2014-10-07,48.27021804546354,49.5529748720296,48.11206998947031,49.34210968017578,578500
2014-10-08,49.289394713225754,50.75665655248588,49.122462136371055,50.68636703491211,567000
2014-10-09,50.510655182452226,50.695160157834785,50.018638563176374,50.519439697265625,1096600
2014-10-10,50.387642812529165,51.09052457527404,49.51783182609478,49.535404205322266,648500
2014-10-13,50.60730586827181,50.80059873914781,48.63045793042385,49.693565368652344,3554900
2014-10-14,49.7726335663009,49.7726335663009,48.182368205651954,48.31415939331055,1551200
2014-10-15,47.35648443700583,48.49866239424428,45.941939600470405,48.26144027709961,1478900
2014-10-16,47.901216800130136,48.560166035244855,47.4443449282599,48.31415939331055,686400
2014-10-17,48.7007461221508,48.709530638043915,47.6024972980929,47.96272277832031,652000
2014-10-20,47.8924328894182,49.45634148235204,47.8924328894182,49.42998123168945,531200
2014-10-21,49.640851672214396,49.965932417286425,49.394844984223646,49.79899978637695,484300
2014-10-22,50.51944648068939,52.02185008469016,50.05379004650645,51.80220031738281,1054700
2014-10-23,52.364499686203715,53.708758451376085,51.93398804794015,53.0234489440918,833700
2014-10-24,53.25188498971118,53.26945737159284,52.25906719872693,52.364498138427734,432200
2014-10-27,52.2766548774113,52.549021848891265,51.8900724176634,52.4348030090332,380800
2014-10-28,52.505075393822935,53.067381575889065,52.223923978584494,53.0234489440918,517500
2014-10-29,53.01467093616022,53.67362027493338,52.443580168587616,53.084957122802734,371400
2014-10-30,52.82137940887917,53.893271433213165,52.645658910393145,53.45397186279297,342100
2014-10-31,54.24469908185308,54.43798856619299,53.453958709043256,54.29741287231445,368100
2014-11-03,54.29741520007073,54.473135662849344,53.032233900925,53.17280960083008,467300
2014-11-04,52.777439708276,55.00029402348682,52.777439708276,54.859718322753906,1028100
2014-11-05,55.474743806886295,57.021080020867394,54.94758571442285,55.053016662597656,944900
2014-11-06,55.29903796336681,55.606549725027676,55.08817601120136,55.33418273925781,505300
2014-11-07,55.24629438486558,55.360509817587555,54.385267948991746,54.84213638305664,377200
2014-11-10,54.98273807384068,55.94919582734959,54.69279873683408,55.9140510559082,422500
2014-11-11,55.85252973157833,56.82777501063058,55.83495735203997,56.66083908081055,509700
2014-11-12,56.555411189551926,57.0034917831177,56.212754817858894,56.616912841796875,382500
2014-11-13,56.81021317098895,57.135290503020784,56.40605174205611,57.04743194580078,369100
2014-11-14,56.898070192414075,57.05621827241263,55.19358607500492,55.88768005371094,355000
2014-11-17,56.0370312160369,56.22153951395903,55.44837162013765,55.58894729614258,365900
2014-11-18,55.71197030776276,56.20398702367778,54.82458666739765,55.27267074584961,862100
2014-11-19,55.28145261103512,55.61532120052156,54.36771211328781,54.64007568359375,415700
2014-11-20,54.24471598678254,54.675227717130916,53.822985422129086,54.5258674621582,550500
2014-11-21,54.99150815272941,55.13208384999651,54.350131324473914,54.56099319458008,373700
2014-11-24,54.552171382449856,55.84851405514598,54.41107311198313,55.82205581665039,336300
2014-11-25,55.76033694286045,55.927890122058194,54.5874579603786,55.12539291381836,505000
2014-11-26,55.2488600896892,55.892621328192796,54.92256752016281,55.74270248413086,315800
2014-11-28,56.11309494325508,56.84504145767869,55.786802331284235,56.21891784667969,295200
2014-12-01,56.21889575360309,56.368811194202934,55.6633198418693,55.82205581665039,550600
2014-12-02,56.00726405035644,56.527564714961194,55.71625024896011,56.307098388671875,402500
2014-12-03,56.22773033380794,56.63339093054859,55.777980508702015,56.280643463134766,408300
2014-12-04,56.1219042007716,56.457010575023844,55.425229843056904,55.998443603515625,262500
2014-12-05,55.954362302500165,57.62990460395077,55.77798854338703,57.497623443603516,554200
2014-12-08,57.43587784403453,58.150193228530995,57.13604690661682,57.471153259277344,392500
2014-12-09,58.07082774681367,59.905109156732046,57.47115908311336,59.711097717285156,1225200
2014-12-10,59.649368293502256,60.00211575876561,58.19428920435232,58.20310974121094,717500
2014-12-11,58.30009486655834,59.049678760374405,58.19426864593531,58.4676513671875,605500
2014-12-12,57.9473770146601,58.55586631872786,57.6828214206171,57.80628204345703,486200
2014-12-15,58.20309307391827,58.432379869894625,56.44818351510196,57.32122802734375,491400
2014-12-16,57.19777671115485,58.15900653791952,56.08662468886846,56.1395378112793,823200
2014-12-17,56.35119501282528,57.63871756623782,55.742705792065834,57.58580780029297,662600
2014-12-18,58.18545645691157,58.264821078511964,57.1536692794336,57.7004280090332,546100
2014-12-19,57.96500039815015,58.855679372757244,57.37414562279534,58.767494201660156,995400
2014-12-22,58.59994899480171,59.01442677998731,57.84154426618519,58.714595794677734,279700
2014-12-23,59.15550245303869,59.15550245303869,57.524053641370294,58.123722076416016,337400
2014-12-24,58.344196207906556,59.076139101991046,58.11490940604694,58.873313903808594,134100
2014-12-26,59.14669275136385,59.39361390605572,58.71458073065308,58.82040023803711,165200
2014-12-29,58.679320093555894,58.87333154340544,58.02674163068805,58.4941291809082,250800
2014-12-30,58.49410368513176,58.94384996491767,57.815063906630854,58.06198501586914,268600
2014-12-31,58.30892590334483,58.855677988142496,57.180132864326815,57.1889533996582,273900
2015-01-02,57.40943625352367,58.26484676890077,57.056688747540456,57.46235275268555,449400
2015-01-05,57.268324288228015,57.859172316703216,56.518733537488096,56.889122009277344,397800
2015-01-06,57.15366894305831,57.488781951655106,56.227711358641386,56.92438888549805,492500
2015-01-07,57.321223364683775,57.70042557298936,57.00375143549324,57.38295364379883,394900
2015-01-08,57.92089900221936,58.94385900133125,57.36532642126091,58.89094924926758,681000
2015-01-09,58.890942422556215,58.96149323586053,58.18545447380066,58.24718475341797,376300
2015-01-12,58.42356682975214,58.46766277897575,57.10958962567475,57.12722396850586,565300
2015-01-13,57.427061621412506,58.13254971230967,56.430553049024255,57.12722396850586,496200
2015-01-14,56.624558401582476,57.05667042539931,56.007252146367115,56.58928298950195,473100
2015-01-15,56.70393823756314,56.95085943094261,55.68979185495643,55.8044319152832,396500
2015-01-16,55.54868403687869,57.22422570566549,55.54868403687869,57.047855377197266,441600
2015-01-20,57.32122614984226,57.68279403658126,56.29826286388392,56.74801254272461,399800
2015-01-21,56.7744724300856,57.36532715746482,56.439366115887346,56.90675354003906,346500
2015-01-22,57.27714754449064,58.22956366661816,56.56283881694409,58.21192932128906,313400
2015-01-23,58.21191621515087,58.70575851035747,57.73570826130308,58.36183166503906,328200
2015-01-26,58.20312141290524,59.34072868425671,57.550542844567836,59.287818908691406,507400
2015-01-27,58.820405909784746,59.17315333397111,58.33538408861382,58.81159210205078,331600
2015-01-28,58.83805112653731,59.18197803912155,57.47997782100812,57.63871383666992,453400
2015-01-29,57.788618448260586,58.6704835409625,57.33886536711554,58.63520812988281,318400
2015-01-30,58.30010680640006,58.547027976993924,57.153679396531615,57.5152473449707,652400
2015-02-02,57.51525167569182,57.59461631731693,56.17481611544695,57.206600189208984,436200
2015-02-03,57.585800413898916,59.217249692887684,57.37414792107084,59.08496856689453,536400
2015-02-04,59.69345500441335,59.966831051805464,58.48529730963696,59.217247009277344,670400
2015-02-05,59.552340771841145,59.94918404802563,58.77630201482731,59.72871780395508,388700
2015-02-06,59.64937230345539,59.95802383327319,58.74987259825796,59.067344665527344,408400
2015-02-09,58.76748030778884,59.067317892347766,57.76215479314811,57.89443588256836,396700
2015-02-10,58.49411841823704,58.58230358973426,57.37414588312071,58.29128646850586,714100
2015-02-11,58.32656438577696,58.52057580825512,57.68280655093317,58.05318832397461,356200
2015-02-12,58.30009519256194,58.53819578017529,57.665151321465075,58.07080841064453,305500
2015-02-13,57.947363590332415,58.44120596728656,57.35651549960545,57.76217269897461,354100
2015-02-17,57.62108130787182,57.797458422592726,57.10960449542863,57.60344696044922,349300
2015-02-18,57.60343823979244,58.2207412276139,56.897943343912516,58.19428634643555,494400
2015-02-19,58.167840312088565,58.35303123660096,57.44471096147394,57.62990188598633,213200
2015-02-20,57.64752902356675,58.935051374189854,57.250685657189386,58.5382080078125,392300
2015-02-23,58.54705380925852,58.99836387850585,57.42318735880452,57.99839401245117,470100
2015-02-24,57.91875954571397,57.98955568065859,57.27276338094456,57.83911895751953,407100
2015-02-25,57.830271346972765,58.28158829593067,57.05153406865585,57.343563079833984,266500
2015-02-26,57.18426375527415,57.299302395183645,56.67985317799392,56.892234802246094,612300
2015-02-27,56.79489076069047,57.4762848869153,56.37012414434791,57.09576416015625,412800
2015-03-02,57.237361666355085,57.54708629763865,56.272786331542314,57.511688232421875,530700
2015-03-03,57.40549558573503,57.40549558573503,55.998451314720285,56.12234115600586,576900
2015-03-04,55.90996215804602,56.56480945719996,55.361305674154444,56.00730514526367,363400
2015-03-05,55.72413732915778,56.94534036191301,55.59139625458859,56.865699768066406,314900
2015-03-06,56.378981646126135,56.58251547373091,55.72413426613609,56.08695602416992,614100
2015-03-09,56.23740134705832,56.671019307459474,55.72414278501307,56.5294303894043,498000
2015-03-10,55.97191657386985,57.72408388944722,55.75953153158159,57.343563079833984,1247100
2015-03-11,57.51169670801934,57.52054791350061,56.37898546011522,56.88339614868164,662400
2015-03-12,57.13118079592238,57.83912876239781,56.82145609239895,57.69753646850586,407700
2015-03-13,57.644436266440806,58.44087595149353,57.122329932151004,58.316986083984375,456100
2015-03-16,58.37893042616172,60.49391610912497,58.37893042616172,60.13994216918945,791200
2015-03-17,60.069140459510464,60.069140459510464,59.51163611307703,59.67977523803711,442500
2015-03-18,59.58240829619089,59.8213367053442,58.954108070577945,59.361175537109375,574400
2015-03-19,59.16650588673903,60.37001296696296,58.998366783159405,60.32576370239258,451100
2015-03-20,60.989482332265844,61.51159547061062,60.53817209154331,61.46734619140625,984700
2015-03-23,61.12222593559272,61.40540378028341,60.8655949589211,61.17531967163086,538800
2015-03-24,60.971742092059465,61.70623638027796,60.84785230265962,61.210670471191406,546700
2015-03-25,61.51157447462565,62.02482948014771,60.31691861029719,60.43195724487305,609600
2015-03-26,60.29039095668165,60.54702194567031,59.83908067571204,60.538177490234375,303300
2015-03-27,60.44081693794606,61.299194719259425,60.29037346976553,61.272647857666016,595000
2015-03-30,61.57351884942378,62.520395029998,61.25494305488574,62.28145980834961,482000
2015-03-31,61.8743803872561,62.325697134993845,61.49385974729849,62.184104919433594,489700
2015-04-01,61.70626258881686,62.29031373669667,60.095687891071314,60.74168395996094,648800
2015-04-02,60.95406286269221,61.485027020793645,60.59124455624527,61.184146881103516,529900
2015-04-06,61.00717996376296,62.308030353123016,60.69744853658842,61.72397232055664,367500
2015-04-07,61.493880325236525,62.290319925557526,61.15760882798575,61.8744010925293,426600
2015-04-08,61.93634756673714,62.688537915804325,61.90094950011751,62.53810119628906,631700
2015-04-09,62.5203998949042,63.166395985797365,61.892099459978006,62.52925109863281,520600
2015-04-10,62.883215505550545,62.945160425986614,62.228368239299286,62.5203971862793,318800
2015-04-13,62.414204245902695,62.847818697606684,61.90979366900497,62.11333084106445,546900
2015-04-14,62.299155363088694,62.3964983313528,61.17528900276275,61.37882614135742,569100
2015-04-15,61.60006927113498,62.06023058348648,61.193001677115156,61.45847702026367,422000
2015-04-16,61.325742681850414,61.87439577487044,61.077956242997686,61.263797760009766,291600
2015-04-17,60.821328574656576,61.246091799350054,60.53815084103102,61.184146881103516,411700
2015-04-20,61.308067395605036,61.71513516941675,60.476229433058926,61.67973709106445,605100
2015-04-21,62.16642639144621,62.37880802179686,61.962889213387875,62.12217712402344,287700
2015-04-22,62.10446607324587,62.458439870412704,61.56465755165137,62.32569885253906,164700
2015-04-23,62.32570396519024,63.17523709718569,62.12216682088911,62.564632415771484,280800
2015-04-24,62.644276040901524,62.86550882530159,62.21066167389425,62.61772918701172,228800
2015-04-27,62.62658536704185,62.759326412841546,60.794777839178124,60.989463806152344,525300
2015-04-28,60.785943545170646,61.546985133344045,60.03374641043586,61.52043151855469,431800
2015-04-29,61.3434418058617,61.54697898998351,60.228426398195936,60.263824462890625,388800
2015-04-30,59.95409890942108,60.11338682233967,58.65324874583429,58.84793472290039,639800
2015-05-01,58.95413138306142,59.8302115650397,58.60900868253996,59.1311149597168,572600
2015-05-04,59.36120490252439,60.60895477022019,59.299259969397525,60.13994216918945,458600
2015-05-05,59.732867141268144,60.051442972807486,58.989528035336704,59.290401458740234,526300
2015-05-06,59.352346437797436,59.608977344074084,58.44086821120585,58.83908462524414,645100
2015-05-07,59.29041030311959,60.15764614089612,58.83024889530389,59.52933883666992,691000
2015-05-08,60.05143864577171,60.64434099727952,59.63551985392622,60.290367126464844,454900
2015-05-11,60.334622921369835,60.53816011334876,59.65322871629229,59.72401809692383,425000
2015-05-12,59.02492545802573,59.44969552787435,58.582459729700226,59.3258056640625,318900
2015-05-13,59.52048765643566,59.77711857176093,58.962976555336,59.72401809692383,351000
2015-05-14,60.122246352529125,61.166465759277344,59.77712361865814,61.166465759277344,376400
2015-05-15,61.20185675063182,61.60007316627999,60.90097657424985,61.58237075805664,323700
2015-05-18,61.42308427363043,62.63543582380628,61.23724276083227,62.5203971862793,587100
2015-05-19,62.27261966759273,62.414205168583194,61.87439652110851,62.30801773071289,759200
2015-05-20,62.378797033494095,62.90090994085104,61.93633144316986,62.148719787597656,929200
2015-05-21,62.007145851033,62.28147243748804,61.07796513663398,61.626625061035156,479500
2015-05-22,61.370005705760526,62.09564935474868,61.07797665456602,61.17531967163086,327400
2015-05-26,61.00716148973482,61.36997978524103,60.38770557445931,60.72398376464844,850100
2015-05-27,59.64436939441604,59.741712374963306,56.670999764857136,58.529354095458984,4040700
2015-05-28,58.34352964172856,59.72402051658896,57.59133927405439,58.53821563720703,1642100
2015-05-29,58.626710805770436,59.56473601818551,57.67098318284296,59.13997268676758,2238600
2015-06-01,59.211003984243284,60.40978569786157,58.580533701893025,59.90363311767578,913600
2015-06-02,59.557302723188755,60.05457339969344,58.900194075692575,59.397464752197266,766200
2015-06-03,59.61060012329835,59.77043814881471,59.228765216498545,59.290924072265625,679200
2015-06-04,58.67822516507227,58.99790125902548,56.95552696708088,57.2574462890625,1604600
2015-06-05,57.062078372044404,57.186396079460934,56.431604675655116,57.070953369140625,847000
2015-06-08,57.070952127233255,57.61262502982104,56.76015786545505,56.84008026123047,549900
2015-06-09,56.715751543352376,56.91998822897487,56.16520033048292,56.378318786621094,478000
2015-06-10,56.5292669375077,57.06206130805477,56.413827649112136,56.866703033447266,630600
2015-06-11,56.96438941711853,57.6925387674976,56.73351081095762,57.23078155517578,738900
2015-06-12,56.60919400898476,56.76903200423766,56.08528133285647,56.378318786621094,901800
2015-06-15,56.17406512496434,56.39606191051375,55.13512179454615,56.049747467041016,766600
2015-06-16,56.04977073864511,56.83120069669769,55.801135319566185,56.68024444580078,578700
2015-06-17,56.96439532321375,57.21303072110147,56.59143883897894,56.733516693115234,418500
2015-06-18,56.94663116742181,57.550462887849896,56.94663116742181,57.24855041503906,431800
2015-06-19,57.310718463773775,57.665914846010125,57.16863720095623,57.50607681274414,854300
2015-06-22,57.91454603373258,58.172063222597664,57.621508531768136,57.67478561401367,626500
2015-06-23,57.77247181920405,57.94119163327777,57.443920738923005,57.559356689453125,364200
2015-06-24,57.87013899766453,58.34965302127125,57.37286820643079,58.216453552246094,581800
2015-06-25,58.21646483747331,58.838060221817805,58.18094452052725,58.607181549072266,597800
2015-06-26,58.9002258933833,58.9002258933833,58.02111319063416,58.02999496459961,681000
2015-06-29,57.90567347555067,58.02999120377602,57.168642104780325,57.2574462890625,615500
2015-06-30,57.923415546564655,58.038851458600995,56.98214438566362,57.22190475463867,477500
2015-07-01,57.62150397606574,58.029977382202894,57.23078733767086,57.41727066040039,1115700
2015-07-02,57.603744557596734,57.76358255914794,57.20414616631563,57.310707092285156,718900
2015-07-06,56.955508613996095,57.639262673713795,56.79567061852496,57.470542907714844,472800
2015-07-07,57.75469425743349,57.90565047104904,56.96438610991044,57.399497985839844,455800
2015-07-08,56.9821460054751,57.7280588942834,56.9821460054751,57.47942352294922,859300
2015-07-09,58.0921499734405,58.24310624678184,57.7280785627462,57.79023742675781,462300
2015-07-10,58.50949839769586,59.148850509690064,58.11878171263112,59.09557342529297,521800
2015-07-13,59.45076569727822,59.930279802859886,59.16660994302326,59.87700271606445,455700
2015-07-14,60.001311677686274,60.3565080123645,59.88587574820865,60.320987701416016,366700
2015-07-15,60.26771384438462,60.35651123909975,59.88587894978331,60.10787582397461,544500
2015-07-16,60.36538591537021,60.76497753202182,59.95690575304286,60.61402130126953,433600
2015-07-17,60.605142350119756,60.605142350119756,60.294348103285564,60.56962203979492,265300
2015-07-20,60.516360488849465,61.084672050249814,60.454201623534054,61.031394958496094,342900
2015-07-21,61.004735009976436,61.27113395448378,60.560741285668584,61.14681625366211,489200
2015-07-22,61.20008678927297,61.69736431419851,61.20008678927297,61.62632369995117,445200
2015-07-23,61.644101838088474,61.812821661719525,60.907070453057074,61.031394958496094,442100
2015-07-24,60.59623645804129,60.8626352920322,60.134486157234655,60.18776321411133,483600
2015-07-27,60.07235229958324,60.5074642527906,59.6283585749371,60.320987701416016,614900
2015-07-28,60.57849567603161,60.75609042900022,59.96578226112046,60.59625244140625,462500
2015-07-29,60.48971935181164,61.07578766042211,60.17891826373999,60.92483139038086,399000
2015-07-30,60.66730325294597,61.18233760787915,60.64954648458576,60.9958610534668,420500
2015-07-31,61.27114927733749,61.66186602037801,61.03139558716791,61.3865852355957,426200
2015-08-03,61.359943428950075,61.50202470061802,60.40091516961521,60.92483139038086,382200
2015-08-04,60.48082125380922,61.05801440825195,59.8325874827076,60.20554733276367,462500
2015-08-05,60.5163518134812,61.77729248614959,60.5163518134812,61.37770080566406,399300
2015-08-06,61.59968414167118,61.94599866187598,59.93026360857548,60.46305465698242,524900
2015-08-07,59.81483028900337,59.99242505457685,59.077799139741934,59.74378967285156,385100
2015-08-10,60.16115448176403,60.6495503277012,59.87699874634798,60.365394592285156,436400
2015-08-11,60.027944161551176,60.4541810751274,59.40635571967533,60.04570770263672,306100
2015-08-12,59.61059350605697,60.71170279285226,58.9623664785596,60.49858093261719,441400
2015-08-13,60.44529061444185,60.75608479069729,59.99241522915254,60.1966552734375,280100
2015-08-14,60.30324534702638,61.05803350437295,59.89476506088719,61.031394958496094,378400
2015-08-17,60.720547574582554,61.42205810546875,60.312074374598765,61.42205810546875,302600
2015-08-18,61.4309906093813,61.54642657380362,60.969239976883365,61.1734733581543,336100
2015-08-19,60.827140276520346,60.827140276520346,60.001311677686274,60.320987701416016,405000
2015-08-20,59.717157198805594,59.96579260577578,58.207581213739886,58.225337982177734,890700
2015-08-21,56.718894896876016,58.05597056168428,56.15732073739901,57.33395004272461,889600
2015-08-24,54.35671635289614,55.613570441757226,54.15169798666974,55.23027420043945,680600
2015-08-25,56.6297568937529,56.6297568937529,55.14114376393171,55.23919677734375,657600
2015-08-26,56.25535501615129,56.25535501615129,54.454755399841915,56.06816482543945,567300
2015-08-27,56.068176183873376,58.029222503518966,55.83641393858383,57.984657287597656,711700
2015-08-28,57.81527982423259,58.047042021574654,57.30719022284689,57.66374588012695,359400
2015-08-31,57.61028339612953,58.100548490157955,57.004143953306496,57.093284606933594,421300
2015-09-01,56.05926514418177,56.79020139408521,55.372897514322645,55.54226303100586,634900
2015-09-02,56.22864014049975,56.870435858147715,55.5511847602896,56.85260772705078,410100
2015-09-03,56.718893307920446,57.66376371164057,56.53169965976032,57.253726959228516,616100
2015-09-04,56.79021381439896,57.28047894321311,56.43366137569689,56.603023529052734,462500
2015-09-08,57.50331697697962,58.100544008556795,57.030880050118164,58.00249099731445,372100
2015-09-09,58.581899291081754,58.831486326774446,56.78129884697567,56.91500473022461,354700
2015-09-10,56.861497351430195,58.11834771244386,56.72778812985848,57.66374588012695,437900
2015-09-11,57.556788027977355,58.43925817607155,57.30720106089898,57.63701629638672,271500
2015-09-14,57.672673812309604,57.81529884243118,57.057622071933615,57.11110305786133,209000
2015-09-15,57.387438752727675,57.44983551213762,56.264293682980295,57.13785171508789,534200
2015-09-16,56.888261405074644,57.12893266302985,56.4336559840426,56.843692779541016,581900
2015-09-17,56.96847631410211,57.717240653185165,56.74562982509368,56.89716720581055,468200
2015-09-18,56.353429417202285,57.26264023214929,56.17515152001673,56.629756927490234,837200
2015-09-21,57.325034594870665,57.966833637819626,56.45148007587356,56.78129196166992,362100
2015-09-22,56.15732192993164,56.54061820878442,55.91664728504492,56.15732192993164,333300
2015-09-23,56.353420575283174,56.60300755196162,55.827502731305366,56.12165832519531,344600
2015-09-24,55.782953563849915,60.70340270739688,55.453138200680016,60.61426544189453,3924800
2015-09-25,60.35575333256461,61.211483191158074,59.508939239371934,60.07942581176758,5465400
2015-09-28,59.027584214391915,59.64264275361631,57.1645838683761,57.69942092895508,1969500
2015-09-29,57.69942649543449,59.14346765624976,56.79912461072248,57.38743591308594,1102200
2015-09-30,57.966822498606746,58.3857749489534,57.21806162620938,57.9133415222168,842000
2015-10-01,57.886612379153995,58.63537339830019,56.326683388162294,58.20751190185547,1905700
2015-10-02,57.94009336602562,58.20751190185547,56.54952990110855,58.20751190185547,1673600
2015-10-05,58.697761485347414,59.054317213576354,57.95790953940096,58.991920471191406,804100
2015-10-06,59.000848848817924,59.19695488130752,57.8242194546167,58.10946273803711,686100
2015-10-07,58.36794601488412,59.419781546025,58.064871302148255,59.410865783691406,744200
2015-10-08,59.268270087175516,60.15074737461438,58.795836460969056,59.99920654296875,801200
2015-10-09,60.159642880729514,60.20421490372422,59.11672282971788,59.4019660949707,550900
2015-10-12,59.214776492167566,60.141818814637695,59.10780771624318,59.88331604003906,307200
2015-10-13,59.72287649956322,60.168569607768916,59.00085584050588,59.018680572509766,458500
2015-10-14,59.1167107912471,59.624800466534786,57.88660073548074,58.145103454589844,381000
2015-10-15,58.305560464558106,59.60698318481445,57.94900471089197,59.60698318481445,414700
2015-10-16,59.59807939413473,59.78526967225087,58.99193653134768,59.63373565673828,592500
2015-10-19,59.277161629619584,60.11506654167185,58.983002654018094,60.01701354980469,704500
2015-10-20,60.15072476900988,61.36300336141938,59.713940772442605,61.20256042480469,1424000
2015-10-21,61.31847680911312,61.59480444182903,60.87278356886727,61.327392578125,987700
2015-10-22,61.46105679146764,61.46997255492095,59.58914770963204,60.284427642822266,904400
2015-10-23,60.435964307676116,61.3273501717968,59.90112734861616,60.41813278198242,1608100
2015-10-26,60.41815054476993,60.84601887766324,58.84040009374472,60.30227279663086,9541400
2015-10-27,59.85658889797588,60.84602819359094,59.401979999811196,60.83711242675781,1441900
2015-10-28,61.105509114704994,63.61056238201884,60.917623805847306,63.556884765625,1639600
2015-10-29,63.440554198747435,64.09365434154918,62.51904561010015,62.626407623291016,1280200
2015-10-30,63.52107636866457,67.94071400728367,63.52107636866457,67.05499267578125,2679000
2015-11-02,67.72600416125951,67.72600416125951,65.3283064183572,66.62557220458984,1311500
2015-11-03,66.68818552702595,69.23797389111942,65.93666500481353,68.27173614501953,1134100
2015-11-04,68.20911527865434,69.30955393443878,66.65240334003991,67.55601501464844,2176300
2015-11-05,67.67233272193327,69.07695385597334,67.30552431150977,68.73698425292969,807100
2015-11-06,68.74590108848703,68.74590108848703,67.1712991357334,67.51126861572266,660600
2015-11-09,67.28760676209862,67.50232398158602,65.39986719202282,65.98139953613281,958000
2015-11-10,65.66828492549769,66.81345281099863,65.66828492549769,66.66136169433594,2116300
2015-11-11,66.70606022860345,66.84920956163658,65.5430026135207,65.86508178710938,428000
2015-11-12,65.89191572758686,65.98138064127542,64.61254766720798,65.52510070800781,716700
2015-11-13,65.44463367161958,66.51822709672686,65.21201926007481,66.24983215332031,1241000
2015-11-16,66.33031284279363,67.67230731383866,66.02613070571044,67.35917663574219,954100
2015-11-17,67.69020513816908,67.8154574107812,66.98342055657955,67.36812591552734,886000
2015-11-18,67.33235503881563,67.8065254475961,67.0997406932057,67.79757690429688,614300
2015-11-19,67.88703257737369,67.88703257737369,66.2587460322292,66.7060775756836,342100
2015-11-20,67.1086738052888,67.53810822456597,66.60765788181608,66.73291015625,832700
2015-11-23,66.42874286105176,66.80449976835116,65.91878510807727,66.45558166503906,958400
2015-11-24,65.93666881217544,67.20709562239983,65.578809026945,67.1355209350586,1128900
2015-11-25,66.97450170316061,68.29859969363042,66.97450170316061,68.03020477294922,594700
2015-11-27,68.298607606229,68.4417570411019,67.88706321958055,68.30755615234375,239900
2015-11-30,68.3612267364143,68.49542077221084,67.94073388894685,68.33438110351562,769400
2015-12-01,68.61171263988943,68.98746948901683,67.9943929407962,68.79959106445312,584100
2015-12-02,68.79065902300727,69.05906073718535,67.32341179050913,68.15544891357422,2246100
2015-12-03,68.16438352987328,68.81748376812841,65.73984735661797,65.78457641601562,744600
2015-12-04,65.76668432583185,66.99236836584896,65.48933413204445,66.41978454589844,715000
2015-12-07,66.64345058182057,68.65644250166633,66.22295784422367,68.41488647460938,1184900
2015-12-08,67.43971048754163,68.88906734876865,65.0688584354801,65.3998794555664,1588700
2015-12-09,65.28357730826463,65.85616123223888,64.11157065540152,64.4873275756836,1053700
2015-12-10,64.88096528837502,65.94561656620078,64.69308685565362,65.6593246459961,963200
2015-12-11,64.80941271305437,65.56092662118601,64.60363714731008,64.72888946533203,857200
2015-12-14,64.85414455548884,65.65039439369453,63.63740184920473,64.10263061523438,805300
2015-12-15,64.51414539345619,65.13146500862663,64.20995644332272,64.3888931274414,809600
2015-12-16,65.11360026531669,66.4913827014768,64.70205592605951,66.2945556640625,1107400
2015-12-17,66.53610684920258,66.82239880967337,65.82037353515625,65.82037353515625,669100
2015-12-18,65.56987653073952,65.7845938195706,63.485309325524966,63.547935485839844,2494100
2015-12-21,63.852090329818225,64.11154337649572,63.25266103024255,63.68210220336914,828000
2015-12-22,64.79150932311092,67.02816739274942,64.79150932311092,66.21402740478516,1263900
2015-12-23,66.88503146058719,68.80855895643553,66.5987394723032,68.73698425292969,925500
2015-12-24,68.73699581709216,69.21116636254786,68.36123879907903,68.54016876220703,258700
2015-12-28,68.5043853484729,68.7280512281304,67.47552093690015,68.34334564208984,700200
2015-12-29,68.94274574629166,69.64953051120327,68.08386987172203,69.54217529296875,510700
2015-12-30,69.79266972368703,70.47260875913005,68.79064460330163,68.84432220458984,405000
2015-12-31,68.72803536942948,68.72803536942948,67.38604040114403,67.4039306640625,588100
2016-01-04,66.30349556263975,67.08185506570834,65.65933691537458,66.5361099243164,870500
2016-01-05,66.53611327768643,67.10869725394903,65.69512757628974,66.46453857421875,739200
2016-01-06,65.64144876318753,67.18921244941798,65.53408670994604,66.5718994140625,696600
2016-01-07,65.31039912782866,66.4018890820829,64.70202801360846,64.86306762695312,500700
2016-01-08,64.98834281236665,65.19411837863855,63.02902796355195,63.118499755859375,598900
2016-01-11,63.36004238824979,64.01314947435809,61.67807816656594,62.29539108276367,659000
2016-01-12,62.73378483849378,63.10954173711229,61.642294663302366,62.28645324707031,924800
2016-01-13,62.28645236676067,62.79641010074654,59.91559360057651,59.94243240356445,696300
2016-01-14,60.0855715797683,61.12337713151603,59.235637617020416,60.76551055908203,783800
2016-01-15,59.280374102817646,60.31817966514979,58.84198430488979,60.23766326904297,714900
2016-01-19,60.7476195166912,61.15916368066181,59.52192874031518,60.01399612426758,700400
2016-01-20,59.20879306612404,61.34703692585987,58.31413013482917,60.72077560424805,1150300
2016-01-21,60.73867828091476,61.42757270130661,59.97821599894306,60.479225158691406,858900
2016-01-22,61.203908057865746,62.241713740269056,61.01602279373761,62.232765197753906,617400
2016-01-25,62.02700089832056,62.894825288900265,61.803335099748,62.098575592041016,570900
2016-01-26,62.25960478563315,62.51011619905421,61.48125222043791,62.04488754272461,661200
2016-01-27,61.73176534946412,63.082708792231784,61.44547337739472,61.651248931884766,783100
2016-01-28,61.95542738491927,62.23277079619663,59.6471946614988,60.729736328125,876400
2016-01-29,61.06075007506535,62.06277509766509,61.06075007506535,61.94646453857422,668000
2016-02-01,61.275474961447514,62.742721927012845,61.275474961447514,62.474327087402344,736700
2016-02-02,61.72282287678492,62.03595368551431,61.266549480810525,61.83018493652344,436200
2016-02-03,62.42064913059193,62.42064913059193,61.01602816454666,61.660186767578125,666700
2016-02-04,61.704913713553836,62.12540645322985,61.15022014674371,61.42757034301758,950900
2016-02-05,61.09655588700756,61.22180819948568,59.4682689990529,59.72772216796875,724400
2016-02-08,58.92251812973912,59.29827503066219,56.99899090967324,58.56465148925781,739900
2016-02-09,59.47721407688538,60.819208911577626,58.314149156523285,59.468265533447266,1532400
2016-02-10,59.960320057579004,60.26450907161074,57.338956809788996,57.43737030029297,1173600
2016-02-11,55.71962590414024,56.981100945286414,54.94126983522947,55.88961410522461,834900
2016-02-12,56.51588280190339,56.56956383212598,54.91443798159956,56.01487350463867,666800
2016-02-16,56.390614476829,57.48210455822383,56.22957484472587,57.276329040527344,515300
2016-02-17,57.54473364194832,58.29625423872926,57.3479066564643,57.85786437988281,570600
2016-02-18,57.911549010280005,58.41255819270368,56.89163014705519,56.99004364013672,575000
2016-02-19,56.84690481805113,57.06162209097626,56.07749386218546,56.91847610473633,552700
2016-02-22,57.383696251547704,57.79524049836023,56.72164740456567,57.68788528442383,688000
2016-02-23,57.222648763746975,57.464211613479634,56.05064233395054,56.15800094604492,727800
2016-02-24,55.81802166909167,56.7753107656761,55.14702444739969,56.712684631347656,447400
2016-02-25,56.82900391081198,58.421506644539285,56.685857942789546,58.385719299316406,516000
2016-02-26,58.547384210978514,58.68209428856542,57.88278251894065,57.96361541748047,510000
2016-02-29,58.00851434055804,58.34081517424857,56.867925663382955,57.766029357910156,835700
2016-03-01,58.03547080484689,58.8976496422277,57.792978938465474,58.3857307434082,590000
2016-03-02,58.17915383085698,58.978465537795046,58.17915383085698,58.64617156982422,594600
2016-03-03,58.59228491109936,59.33771264491751,58.43062596704227,59.29280471801758,557700
2016-03-04,59.27485399301053,60.26276685582965,59.247911973877336,60.154998779296875,633900
2016-03-07,59.867611821579935,61.071067810058594,59.616136963161644,61.071067810058594,627500
2016-03-08,60.57707867688179,61.46620608034134,60.42440272549475,60.47828674316406,1000400
2016-03-09,60.46033728556302,60.657921184363445,60.289695399874105,60.505245208740234,782800
2016-03-10,60.49626533226495,61.08003410334041,59.44548565552156,59.63408660888672,892400
2016-03-11,60.09212738905808,61.64584309600662,59.85861848700079,61.556034088134766,881400
2016-03-14,61.23270056344852,61.73563636086931,60.26274708100584,60.77466583251953,683800
2016-03-15,60.235811092130675,60.58607096491732,59.858609206358445,59.96637725830078,659700
2016-03-16,59.61613164532035,60.49627644130105,59.61613164532035,60.10110855102539,450400
2016-03-17,59.89453642035051,60.19090542629265,59.30178470449166,59.53529357910156,616400
2016-03-18,59.64307937944928,60.89144317048291,59.463454500027,60.62200927734375,1486900
2016-03-21,60.352562161406375,61.690741524960245,60.19090323133885,61.52009963989258,520900
2016-03-22,61.06206566825142,62.22960316214011,61.035123654882575,62.076927185058594,608000
2016-03-23,62.07693984171611,62.60681781797068,61.978147871229915,62.34636688232422,994700
2016-03-24,61.88833425532363,62.33738614159826,61.45724142962526,62.166744232177734,991600
2016-03-28,62.16674799773274,63.172619898643106,62.005089034802374,63.028926849365234,633400
2016-03-29,62.84031790709722,64.49282545038321,62.60680902311549,64.42098236083984,1134400
2016-03-30,64.66347871261674,65.36399863568522,64.26831081673656,64.42996978759766,664400
2016-03-31,64.54670927763277,64.91492819675459,63.531847807397575,63.810264587402344,699300
2016-04-01,63.63963673638895,64.90595954966612,63.30733585886812,64.88800048828125,634100
2016-04-04,64.87900213599325,65.12149394507047,63.163627823276194,63.33426284790039,686200
2016-04-05,62.71460985465473,62.71460985465473,61.51114681859041,62.148799896240234,797200
2016-04-06,61.978166290500575,63.091813463686584,61.672807331342305,63.046905517578125,834300
2016-04-07,62.51700317390944,62.849304031251826,62.26553521786132,62.61579513549805,442400
2016-04-08,62.99300503216091,63.226513957431244,62.633762112973194,63.01994705200195,311000
2016-04-11,63.15465516422997,63.65759106950987,62.84032022343003,62.99299621582031,514100
2016-04-12,62.921143419875904,63.78332215498841,62.445149552239705,63.720455169677734,548800
2016-04-13,64.14255772526849,64.66345945983844,63.558789012525374,64.50180053710938,544000
2016-04-14,64.45687273317589,64.55566464725754,63.93597801127262,64.25031280517578,1095800
2016-04-15,64.25034434721367,64.60060426836887,63.73842547383392,64.04377746582031,444400
2016-04-18,63.9270245634878,65.34603011885648,63.52288062080112,65.24723815917969,444300
2016-04-19,65.47176301902826,65.67832303896847,64.8879942265236,65.14844512939453,414600
2016-04-20,65.45381692685675,65.66038386133324,64.65450491655983,65.1574478149414,311100
2016-04-21,64.96881512560492,66.02857771277785,64.75327216692197,65.50768280029297,435500
2016-04-22,65.47175336203753,66.54947493386246,65.11251055410034,65.49869537353516,462000
2016-04-25,65.11250576784973,65.48073150321436,64.51077804867869,64.69937896728516,543700
2016-04-26,64.66346782023307,65.60647946673984,64.51976793612293,65.37297058105469,384900
2016-04-27,65.55260282677659,66.00165478420456,64.8161578906743,65.03170776367188,386400
2016-04-28,64.58266111243415,65.1125391767798,63.9719501260758,64.12462615966797,406500
2016-04-29,63.87312960738817,63.87312960738817,63.02891004253321,63.46897888183594,427000
2016-05-02,63.45101229764911,64.14254896308653,63.26241138889345,63.39712142944336,790200
2016-05-03,63.226523514113175,63.23550647274756,62.21166160011246,62.50803756713867,509200
2016-05-04,62.229599257173845,63.51388767906624,62.067940335117925,63.33426284790039,690800
2016-05-05,63.397148431790335,64.40302722556724,63.397148431790335,64.10665130615234,365800
2016-05-06,63.62166759879021,64.21441937427622,63.42409052561618,64.04377746582031,441300
2016-05-09,63.846199616525666,65.23826332937759,63.70250656308941,64.71736145019531,383900
2016-05-10,65.03168780016678,65.1394558515937,63.9629422769365,65.10353088378906,379500
2016-05-11,65.15746386589863,65.15746386589863,64.36712776745955,64.38509368896484,277100
2016-05-12,64.34912980034231,64.66346471676246,63.86415299272812,64.44792175292969,484400
2016-05-13,64.0347953994651,64.76225719074954,63.73841953931688,63.909061431884766,480800
2016-05-16,63.92702322236178,65.13946187697383,63.92702322236178,64.98678588867188,684900
2016-05-17,65.04065098260132,65.04065098260132,63.100751070426895,63.19954299926758,868500
2016-05-18,58.18813910348849,62.40024761714719,57.82889625581828,61.74462890625,2404200
2016-05-19,61.41231459021344,62.92112873758389,61.25963864036894,62.867244720458984,1031800
2016-05-20,63.100751902094984,63.33425387153632,62.4900412666605,62.750492095947266,752900
2016-05-23,62.89418643872482,63.01094427793774,61.58295616284572,61.690731048583984,549700
2016-05-24,62.23857339065554,63.20851993353384,61.4123129883719,62.750492095947266,734200
2016-05-25,62.80440175894307,63.13670264621377,62.15776589830199,62.34636688232422,538800
2016-05-26,62.46309913997669,62.597809179018995,61.29556188704815,61.43027877807617,765100
2016-05-27,61.36741262946357,62.53494304601222,61.14288675874432,62.31041717529297,580900
2016-05-31,62.310446373100625,62.472105349849066,61.8703773788367,62.35535430908203,598500
2016-06-01,62.355344223308805,62.912171020263855,61.95120027280117,62.61579513549805,663600
2016-06-02,62.46310815188431,63.10076088596329,62.23858225177256,62.70559310913086,505700
2016-06-03,63.39713310708906,64.44791958083198,62.912163167807165,63.316307067871094,929200
2016-06-06,63.37939925128642,63.55064840721456,62.7935530282857,63.33433151245117,631200
2016-06-07,63.415445972957784,64.11845862245166,63.04590980386078,63.83905792236328,609600
2016-06-08,63.766979054193975,64.64124120999777,63.62276774436609,64.48802185058594,483100
2016-06-09,64.25366182008365,64.91160680542569,64.09142758543999,64.59615325927734,369000
2016-06-10,64.1455052039928,64.19057294460356,63.55065091088706,63.7579460144043,529400
2016-06-13,63.5416365185815,63.649794971128266,61.585817583870714,61.63087844848633,1278400
2016-06-14,61.342465327056026,61.69397171693631,60.639452547295456,61.06306457519531,714000
2016-06-15,61.22531752947283,61.22531752947283,60.40513111823584,60.52230453491211,831000
2016-06-16,60.11671707940408,60.45020060942785,59.413704064671,60.026588439941406,1152200
2016-06-17,60.098668236420394,60.819710794543845,59.59394257155685,60.738590240478516,1384200
2016-06-20,61.55879558780452,61.99141575697501,60.9729491855281,60.981964111328125,1137200
2016-06-21,60.981956160020495,61.24332708677903,60.24288362100425,60.84675979614258,873200
2016-06-22,60.828743275567106,61.13518889259632,60.52230453491211,60.52230453491211,809300
2016-06-23,61.13514700189545,62.57722483290942,60.98192773655604,62.54117202758789,1406100
2016-06-24,60.666501917031724,60.666501917031724,58.485357527184846,58.981075286865234,9755200
2016-06-27,58.63856476461959,58.77376111445223,57.01622575755796,57.03425216674805,1711000
2016-06-28,57.367735984155274,58.62955713087404,57.16944891985163,58.60251235961914,1348100
2016-06-29,59.04415592509654,60.77465001098224,59.04415592509654,60.7115592956543,924200
2016-06-30,61.153191878676246,61.99140099273148,60.55833756864748,61.96436309814453,804700
2016-07-01,62.09956057811399,62.62231613755282,61.3695030291142,62.090545654296875,435700
2016-07-05,61.98237566629389,62.252768319526076,60.999962320533854,61.09910583496094,913400
2016-07-06,60.99997598921364,61.55878438880311,60.612416766802234,61.35148239135742,730100
2016-07-07,61.522727400333224,61.97337730858805,61.31542541693237,61.45963668823242,500400
2016-07-08,62.00944334254444,62.62232762345048,61.70299776390473,62.33391189575195,806500
2016-07-11,62.59528153468606,62.775545658451634,62.26180493937288,62.27081298828125,527500
2016-07-12,62.42401778128527,62.71243340391869,62.33388918853186,62.532169342041016,1152600
2016-07-13,62.982800822510065,63.00083066162751,62.16262192825646,62.216697692871094,372100
2016-07-14,62.676362321202014,62.70340020350933,62.000387758043715,62.216697692871094,686000
2016-07-15,62.47809512209172,62.79354864279272,61.73001471845004,62.009422302246094,463600
2016-07-18,61.91027645067769,62.14460941358013,61.66692168933262,62.027442932128906,537100
2016-07-19,61.856228343090784,61.874258197304705,61.50472182603991,61.721038818359375,472100
2016-07-20,61.79312509395561,62.55923558630616,61.55879204762019,62.27081298828125,753100
2016-07-21,62.0995269435809,62.29781390192796,61.36946978999687,61.53170394897461,484700
2016-07-22,61.84718418543618,62.57723469827438,61.52271576275907,62.55921173095703,529900
2016-07-25,62.36993513092838,62.685395520153925,61.39653670217262,61.50468826293945,675200
2016-07-26,61.396549697878065,62.243766900821015,61.34246702967621,62.20771408081055,456700
2016-07-27,61.919282921865445,63.63175362432422,61.919282921865445,63.34333801269531,811100
2016-07-28,63.343314242077646,63.59567694800337,62.64030188232226,63.38838195800781,348500
2016-07-29,63.3613880228384,64.5150508365381,63.3613880228384,63.947227478027344,964500
2016-08-01,63.94722764369216,64.99273886904905,63.730917584656275,64.36183166503906,627900
2016-08-02,64.14550744407909,64.62319525519912,63.68584948038169,63.775978088378906,438000
2016-08-03,63.784975015046484,63.91116329588854,63.22617361706549,63.667808532714844,587800
2016-08-04,63.803004859325696,63.97425399812417,63.32531713148873,63.667808532714844,384000
2016-08-05,63.902151786463534,65.31719207763672,63.80300826674551,65.31719207763672,634600
2016-08-08,65.4253364754387,65.79487262233152,65.27211718952383,65.41632843017578,866700
2016-08-09,66.11935012741561,67.10176355302868,65.3802846083948,65.47041320800781,651800
2016-08-10,65.17296986753672,65.20902267559033,64.03733735751292,64.35279083251953,619800
2016-08-11,64.2446798451512,64.80348846803864,64.08244552730486,64.50605773925781,460300
2016-08-12,64.26268330600479,64.60517478017519,63.6137463011579,64.19959259033203,301900
2016-08-15,64.35280376491679,64.76740082629613,64.33477391908167,64.61418151855469,257200
2016-08-16,64.46997189859086,64.79444036816894,64.04635990350994,64.08241271972656,500300
2016-08-17,64.0914111372684,64.0914111372684,63.36136070691503,63.442474365234375,345000
2016-08-18,63.35234575772053,64.00128252946396,63.154058757868945,63.99226760864258,276100
2016-08-19,63.63175597056263,63.83905792236328,63.37037823845347,63.83905792236328,320300
2016-08-22,63.67682497241875,63.70386286311113,63.09097879405688,63.41544723510742,358800
2016-08-23,63.54163628805391,63.784984209936475,63.154077096632186,63.17210006713867,373700
2016-08-24,62.9197266286527,63.15406646401448,62.15362329822954,62.37894821166992,533600
2016-08-25,61.97338016983638,62.8386272084686,61.603843927347796,62.73046875,384200
2016-08-26,62.83906718100801,63.74400763278913,62.486140957145196,63.4725227355957,504700
2016-08-29,63.671618561423145,64.3503239836349,63.51778032271748,63.852603912353516,249000
2016-08-30,63.94310058360748,64.32317394576332,63.84355657387882,64.23268127441406,318200
2016-08-31,64.10598379397284,64.42271850260752,63.74401310550175,63.96119689941406,321600
2016-09-01,63.93402681519102,64.23265873960767,63.09243214901873,63.44535827636719,310700
2016-09-02,63.76207919375033,64.25074768066406,63.54489550094816,64.25074768066406,474300
2016-09-06,64.25982410315018,64.90233100230617,63.87069942854608,64.46795654296875,508100
2016-09-07,64.25077265772042,65.04711777699896,64.25077265772042,64.6489486694336,478000
2016-09-08,64.64891566668783,64.70320985724186,64.16024723926868,64.38648223876953,384900
2016-09-09,63.72591910942877,64.16934500026214,63.45444105609432,63.78926467895508,716900
2016-09-12,63.427275066319325,64.67609735007359,63.363929508748306,64.57655334472656,497600
2016-09-13,64.16930609004554,64.49507817567925,63.00193252736237,63.3639030456543,432100
2016-09-14,63.42727033331758,63.91593898560677,62.79381480487646,63.345829010009766,658000
2016-09-15,63.128655246548114,63.90690467860351,63.128655246548114,63.798309326171875,480900
2016-09-16,63.68063845930418,64.87515913646268,63.41820499712187,64.49507904052734,843900
2016-09-19,64.95662098436354,65.54483362679606,64.77563566552922,64.92947387695312,389200
2016-09-20,65.44530344592461,66.33214826538239,65.1557227321698,65.89777374267578,563200
2016-09-21,66.33213052911377,66.82984357996938,65.42719017757959,66.66695404052734,604100
2016-09-22,66.96556892517732,67.53567871566966,66.72123813043638,66.87507629394531,406500
2016-09-23,66.97465468668746,67.02894891250662,66.06971410090816,66.16925811767578,338100
2016-09-26,65.99730928139083,66.36833128690294,65.8163239476017,66.07875061035156,484100
2016-09-27,66.13305966574676,66.35929481219159,65.78917782449543,66.16925811767578,368300
2016-09-28,66.26878225237654,66.66695129583896,65.59912144882547,66.20543670654297,420200
2016-09-29,66.12401380759391,66.45884433757914,65.18287469187675,65.72583770751953,529700
2016-09-30,65.65341011090482,66.69408575163584,65.62625610714319,66.151123046875,622000
2016-10-03,66.06064687080234,66.11494108356086,65.19190494593055,65.36384582519531,422200
2016-10-04,65.18286748898844,66.0335138254579,64.48606629500605,64.73944854736328,502800
2016-10-05,64.92947883667483,65.65343397560702,64.75753793774517,65.318603515625,513800
2016-10-06,64.96567452609834,65.390997634354,64.65799118866225,65.14665985107422,579900
2016-10-07,65.19188679628782,65.19188679628782,63.743983991269204,64.49507904052734,609200
2016-10-10,64.88422619499408,65.53578441051948,64.74849065354927,65.32765197753906,370000
2016-10-11,65.20094808025208,65.20094808025208,63.05623719219085,63.21007537841797,419800
2016-10-12,63.517773618830326,63.563016499713534,62.90241382480629,63.15579605102539,343700
2016-10-13,62.576624296709475,63.463461940981134,62.11510280191284,63.16483688354492,622500
2016-10-14,63.45443375557051,63.78925733990934,62.920515241720416,62.947662353515625,306200
2016-10-17,62.84810881400387,62.956704148871744,62.25085173259916,62.4499397277832,497800
2016-10-18,63.309616390392776,63.35486616264211,62.67616100377751,62.70330810546875,211300
2016-10-19,62.78475464544802,62.78475464544802,62.28704162993623,62.440879821777344,429500
2016-10-20,62.124159441579735,62.703320741525886,62.04271121594656,62.576629638671875,343200
2016-10-21,62.12415933540192,62.169402212545435,61.65358646490788,61.87077713012695,441000
2016-10-24,62.54950244993403,62.54950244993403,61.40927525700373,61.644561767578125,570000
2016-10-25,61.68980873400771,62.1603817862393,61.31878661989238,61.84364700317383,605500
2016-10-26,61.499737561444064,61.7078768533838,61.16490718889617,61.463539123535156,517400
2016-10-27,61.373072201487965,61.572160241349145,60.27809488640045,60.558624267578125,526100
2016-10-28,60.39573468079616,61.11968993408245,60.2690435470934,60.558624267578125,593500
2016-10-31,60.48620489860426,60.88438083045567,59.88894790497355,60.468109130859375,583800
2016-11-01,60.77580063284952,60.89344039946266,59.526978461067976,60.05184555053711,553300
2016-11-02,59.10165371197047,61.30065910050434,58.98401394865363,59.41838836669922,875400
2016-11-03,59.210259180966375,59.907060351557675,58.25102442805804,58.27817153930664,847000
2016-11-04,58.196723241862394,59.336950242175206,57.735205090737594,59.12881088256836,714200
2016-11-07,59.726068235386165,60.440972001852884,59.635575573434785,60.35952377319336,705500
2016-11-08,60.16949108066347,60.62196132441309,59.72607217495028,60.033748626708984,469100
2016-11-09,59.680819576156075,60.04279713492535,58.594893803995916,59.89801025390625,773400
2016-11-10,60.35047170447081,60.440964354973225,59.2102449765297,59.69891357421875,507100
2016-11-11,59.50889044534829,59.78941979682952,58.60394992661066,58.649192810058594,757100
2016-11-14,58.984021118948434,59.87991026639999,58.585845096015305,59.13785934448242,736800
2016-11-15,59.18310990682292,60.748653100897066,58.993073230879425,60.5495719909668,392600
2016-11-16,60.10615094075516,60.93869460730557,59.70798178518462,60.187599182128906,479600
2016-11-17,60.19664404508303,60.41383475419242,59.87991622448436,60.09710693359375,472500
2016-11-18,60.00658932358916,60.30522128077832,59.364082536517905,59.925148010253906,381600
2016-11-21,60.13416801271298,60.6612638041814,59.543457690099345,60.60673904418945,698900
2016-11-22,60.64309308921556,60.77940499345243,59.71613053962026,60.197784423828125,688100
2016-11-23,59.79792024572603,60.715786023344464,59.79792024572603,60.706703186035156,276200
2016-11-25,60.89755184804978,61.34285358455286,60.78849539007459,60.96116638183594,102700
2016-11-28,60.95205941208915,61.0338534658576,60.1977680575524,60.77030563354492,321300
2016-11-29,60.57039573423431,60.9520829768189,60.20688110314499,60.78850173950195,358600
2016-11-30,60.434068066152584,61.106565528827105,59.62525177001953,59.62525177001953,450300
2016-12-01,59.470777729828356,60.043308677729364,58.49837993569851,58.752838134765625,513600
2016-12-02,58.85278512325292,59.89788689072336,58.580147467925464,59.1163330078125,535100
2016-12-05,59.55255000933628,60.07055605181541,59.27082949270537,59.52528762817383,496000
2016-12-06,59.725211486944026,60.215955070084036,59.334434574450846,60.17051315307617,307300
2016-12-07,60.27959108341331,61.17928450651133,59.74340539211592,60.89756393432617,536900
2016-12-08,61.142910657138025,61.615481634386505,60.7248713670878,61.30649185180664,404300
2016-12-09,61.23380600591404,61.370124864784195,60.78850420483904,61.07022476196289,413400
2016-12-12,60.752135070936326,61.797236785621095,60.561291495231615,61.7790641784668,800000
2016-12-13,62.0153490411423,63.269473999600656,61.95173450944253,62.82416534423828,521700
2016-12-14,62.85145129779876,63.742054977382104,62.08806978183297,62.54246139526367,902500
2016-12-15,62.497008587889496,63.496675510296974,61.924477750618045,63.160423278808594,1055400
2016-12-16,63.651168954614214,63.78748780587585,62.4515755437485,62.59697723388672,2146200
2016-12-19,62.50610606840964,63.49668334092075,62.39705652412743,62.62425231933594,487300
2016-12-20,62.62422943545641,62.97865419179205,62.43337893577146,62.77872085571289,402500
2016-12-21,62.72420896451719,62.969584293854496,61.93357207401163,62.115325927734375,396200
2016-12-22,62.21527173900303,62.878686255938206,61.860846989813595,62.75145721435547,490500
2016-12-23,62.6878362981445,63.41485832823742,62.47881321774728,62.78779602050781,282200
2016-12-27,62.89686586428829,63.51483853511746,62.53335130495404,62.58788299560547,294400
2016-12-28,62.53334610412558,62.53334610412558,61.542776119124454,61.57912826538086,346700
2016-12-29,61.615473996933495,61.98807132371093,61.10655093578998,61.379188537597656,383700
2016-12-30,61.38828654961747,61.63365487742192,61.08838653405179,61.24287796020508,427000
2017-01-03,61.44283784447752,61.997196197509766,60.97026665822078,61.997196197509766,517800
2017-01-04,62.28801671847783,62.351631280824755,61.57007698143834,62.12443542480469,521800
2017-01-05,62.16985958603204,62.39705537706394,61.75181322908388,62.06989288330078,293900
2017-01-06,62.25163203771008,62.68785090417279,61.89720724209948,62.2425422668457,438700
2017-01-09,62.29706893749613,63.01500130825352,62.006258694447844,62.74237060546875,367000
2017-01-10,62.57880391183063,63.51484938188185,62.31525598464242,63.11498260498047,336900
2017-01-11,63.196763993161724,63.396697341449595,62.58788111134926,62.8514289855957,476800
2017-01-12,62.30615363122188,62.43338268300617,61.470075024221345,62.25162887573242,383700
2017-01-13,62.51520017279923,63.12408328211128,62.26074197389067,62.94232940673828,237000
2017-01-17,62.50610397492255,63.442149510476604,62.31526034535509,63.42397689819336,277300
2017-01-18,63.61480583919858,63.76929727506252,63.178586977005814,63.66933059692383,407200
2017-01-19,63.687518440440435,64.07829543315938,63.124070447798275,63.3785285949707,360700
2017-01-20,63.3785151618741,63.705677548457764,62.41520754219055,62.50608444213867,344300
2017-01-23,62.424303021558686,63.23311929195856,62.11531321331919,62.69693374633789,223600
2017-01-24,62.57881199436816,63.742053386361384,62.2789118729577,63.65117645263672,437800
2017-01-25,63.705687841203385,64.21461104337159,63.669335688658215,64.14190673828125,257200
2017-01-26,63.86926141293225,64.21460335402648,63.614803309050174,63.76929473876953,232400
2017-01-27,63.98743119217288,64.36002871479626,63.57847457450424,63.86019515991211,355900
2017-01-30,63.59664340543957,63.751134866019385,62.96049108519641,63.6420783996582,321700
2017-01-31,63.61479583318523,64.55993077472233,63.478477026850186,64.36908721923828,465900
2017-02-01,64.85985051058994,65.32332488640094,64.4963358941672,65.14157104492188,660700
2017-02-02,65.08704691653041,65.17792383815984,64.49633652574205,64.93254852294922,384600
2017-02-03,65.21427085676116,65.65957259109553,64.85075626541175,65.58686828613281,283700
2017-02-06,65.14156023608258,65.75044313081752,64.69625854492188,64.69625854492188,606800
2017-02-07,60.88847302246311,61.788166428738144,59.44351109521732,60.27050018310547,2666200
2017-02-08,59.93424467714264,60.60674918574075,59.31627187112535,60.515865325927734,2157600
2017-02-09,60.57947789413381,61.05204200174083,60.30684022171098,61.015689849853516,1226200
2017-02-10,61.14292022155014,61.40646812826802,60.74305347570727,61.033870697021484,662600
2017-02-13,61.30650139916921,61.733630525847175,60.88846204401703,61.715457916259766,752600
2017-02-14,61.51551074317832,63.06043874969576,61.4337166847241,62.6514892578125,1269600
2017-02-15,62.5061124547139,62.887799765629815,62.17894992150993,62.45158767700195,496500
2017-02-16,62.578792570968574,62.596965178686794,61.80632847387027,62.197105407714844,442000
2017-02-17,62.12440999504801,62.51518698478213,61.68819107932398,62.297080993652344,674900
2017-02-21,62.32433947059511,63.56028489865991,62.2425453956314,63.442138671875,788400
2017-02-22,63.3694521777374,63.70569750623097,62.760562197059066,63.05137252807617,357500
2017-02-23,63.27857410093694,63.369457971129094,62.62425599642798,63.07864761352539,318200
2017-02-24,62.21180084163615,64.1097277862623,62.21180084163615,64.10060119628906,415000
2017-02-27,64.0093435020675,64.5750666604771,63.92721813167275,64.19183349609375,502100
2017-02-28,63.9728579072578,64.47471594138061,63.55312526124077,63.99110412597656,458900
2017-03-01,64.44730607298239,65.04040884680695,64.17357115074856,64.92179107666016,667400
2017-03-02,64.84879982385367,64.88529921002142,64.4108141513867,64.47469329833984,251200
2017-03-03,64.43819822348263,64.69368698220458,63.70822437438,63.93634033203125,449800
2017-03-06,63.43449109300711,63.58048866736024,63.014758509063114,63.37974548339844,490100
2017-03-07,63.16075695751402,63.17900317378692,62.759270584034134,62.87789535522461,338600
2017-03-08,62.97824939786032,63.306736927921364,62.494644690144455,62.6497688293457,305900
2017-03-09,62.84139509031449,62.90526728870596,62.38516311279048,62.75926971435547,378300
2017-03-10,63.12425338165164,63.215498380066684,62.23003568947107,62.567649841308594,521300
2017-03-13,62.540298183556835,62.92353148340404,62.05669326305211,62.8687858581543,480600
2017-03-14,62.595045232636295,62.78666188691854,61.93806986849737,62.43080139160156,462100
2017-03-15,62.6406626651329,63.343256968112264,62.40342004683977,63.297637939453125,594900
2017-03-16,63.53485935529291,63.53485935529291,62.430778862912454,62.567649841308594,592600
2017-03-17,62.50381602945532,63.0056742712467,62.43994379518655,62.704559326171875,1186700
2017-03-20,62.70451846510405,62.85963565273958,62.147914945661874,62.59502029418945,319900
2017-03-21,63.08777675574049,63.27026681842368,62.28481073376494,62.43080139160156,344900
2017-03-22,62.43991545153645,62.63153206736133,61.992810014611756,62.36691665649414,300600
2017-03-23,62.36690558000363,62.777518508029736,62.2209149773955,62.330406188964844,183900
2017-03-24,62.43991217468169,62.90527076671902,62.17529677770156,62.62240219116211,256400
2017-03-27,62.284803875226096,62.47642050840833,61.737326785912735,62.35779571533203,305400
2017-03-28,62.00192496022753,62.44903732493299,61.73731653089276,61.974552154541016,407900
2017-03-29,61.874172126080886,62.99650573709164,61.63693653476706,62.82313537597656,690700
2017-03-30,62.66805125484988,63.744759456319144,62.5859258441058,63.39802551269531,918000
2017-03-31,63.023885097847064,63.671733670557195,62.95088631067049,63.37974548339844,437300
2017-04-03,63.6443523299068,64.10058424625022,63.37061039548212,63.78122329711914,623800
2017-04-04,63.66258756260064,63.981955418191944,63.10599112528939,63.41622543334961,321000
2017-04-05,63.70823196475163,63.87247575229085,63.224627190760444,63.31587219238281,306700
2017-04-06,63.3797523352307,63.91810974692401,63.060391308742254,63.89985656738281,243900
2017-04-07,63.708224519733015,64.04583864398391,63.671725131039956,63.78122329711914,303800
2017-04-10,63.835978539424154,64.01847551044881,63.44361875365567,63.61698913574219,208500
2017-04-11,63.45275435499269,64.09147644042969,63.334136528139716,64.09147644042969,309200
2017-04-12,64.3287099188693,64.36520931307422,63.32500094365036,63.61698913574219,341600
2017-04-13,63.48922739525482,63.79034209403787,63.069494918865914,63.16073989868164,250400
2017-04-17,63.39798840814818,63.8998393253451,63.20636488241246,63.89071273803711,339500
2017-04-18,63.744725890004474,63.93634246543974,63.26112115749449,63.79035186767578,185600
2017-04-19,64.0367029391118,64.57505318220633,63.89070540512615,64.35606384277344,218500
2017-04-20,64.78493719809049,65.00392658586492,64.30133244271285,64.73931121826172,369900
2017-04-21,64.6298166460461,64.77580724312556,64.13708532800274,64.27395629882812,250900
2017-04-24,64.90354420263118,65.60614519045114,64.59330986835448,65.51490020751953,291600
2017-04-25,65.68827130213533,66.31787359294246,65.24116596017285,65.9620132446289,512600
2017-04-26,66.13540458321064,66.9292439374566,66.13540458321064,66.59163665771484,327000
2017-04-27,66.70111587448552,67.48583545807752,66.47299987836105,67.40371704101562,379100
2017-04-28,67.54058762777585,68.32530728756566,66.78324773787969,67.33985137939453,608900
2017-05-01,67.67744445800781,68.17017578967955,67.0660953278315,67.67744445800781,378400
2017-05-02,67.56794710737053,67.88730804474342,67.21208678264841,67.87818145751953,505400
2017-05-03,68.40739705031781,69.19211630145728,67.9329120809315,68.67201232910156,1151500
2017-05-04,68.81802765814204,69.05527022823868,68.32529630250161,68.66291046142578,407300
2017-05-05,69.02790361815599,69.18302082879089,68.544298807619,69.08264923095703,584200
2017-05-08,69.10087864903878,69.10087864903878,68.41653087814919,68.7085189819336,651500
2017-05-09,68.50780264245418,70.71596397583113,68.50780264245418,69.2742691040039,930700
2017-05-10,69.23777580768223,69.82175229505006,68.79979692293078,69.69400787353516,667000
2017-05-11,69.383770269591,69.383770269591,68.25231674672551,68.6081771850586,606200
2017-05-12,68.32530100946781,68.74503360914066,68.1336844071094,68.43479919433594,379000
2017-05-15,67.88732864548705,68.9549099436162,67.88732864548705,68.54430389404297,304800
2017-05-16,68.76325729658515,68.92750102267352,68.25227990944123,68.67201232910156,354900
2017-05-17,68.67203810649201,68.67203810649201,67.65007598704597,67.6592025756836,487900
2017-05-18,67.59531955793807,68.33441300368555,67.38544982215187,68.08805084228516,415500
2017-05-19,68.5351530680927,69.19212808432377,68.3800359008009,68.9640121459961,397300
2017-05-22,69.02789057165502,69.61186686965239,69.02789057165502,69.21038055419922,309200
2017-05-23,69.36552530350369,69.79438459062567,69.23778087264387,69.60276794433594,416500
2017-05-24,69.40199182163612,70.13196561913206,69.40199182163612,69.9585952758789,360300
2017-05-25,70.08635128768856,70.70682703015854,69.82173591618181,70.59733581542969,430200
2017-05-26,70.29620655236504,70.60644087883674,70.10459000456562,70.3509521484375,377900
2017-05-30,70.214094964487,70.4969635099339,69.7761161869356,70.32359313964844,232000
2017-05-31,70.7889593553702,71.09007414854331,70.44221857721404,70.77070617675781,344400
2017-06-01,71.17218530360725,72.40401019539871,70.97144212864696,72.32189178466797,618300
2017-06-02,72.54088049650123,73.54458940036982,72.33101073512873,72.49525451660156,687600
2017-06-05,72.73333178407992,73.46588733196131,72.28464517874049,72.39452362060547,501800
2017-06-06,72.01910485105445,72.9622655458223,72.01910485105445,72.29380798339844,469700
2017-06-07,72.43117476058853,72.7058849235437,72.21141082192618,72.35791778564453,353000
2017-06-08,72.2755057792307,73.47505900045009,72.05574185014403,73.34686279296875,437300
2017-06-09,73.40180008823243,73.91458485579633,72.54104824024859,73.0538330078125,344100
2017-06-12,72.92563572337107,73.29191354593003,72.51357753934748,72.74250030517578,486200
2017-06-13,72.98973770839378,74.07941236738533,72.9622680928173,73.67650604248047,483300
2017-06-14,73.8138630996516,74.45484410097276,73.8138630996516,74.07941436767578,472100
2017-06-15,73.65818925630175,74.25338284145315,73.3285399240684,74.06108856201172,446500
2017-06-16,73.88711610857732,75.1232976798472,73.88711610857732,74.9767837524414,735800
2017-06-19,75.33387838092959,75.83751111097608,75.05001647099411,75.49870300292969,375200
2017-06-20,75.59945574071664,75.91079435065544,74.37243300773765,74.49147033691406,371100
2017-06-21,74.58305125118085,75.74598307795996,74.58305125118085,74.94017028808594,449700
2017-06-22,74.72038018243222,75.5445034353238,74.49145744474943,74.98593139648438,372000
2017-06-23,75.14160002600404,76.44188653475356,74.90352539984195,75.55366516113281,6035200
2017-06-26,75.70016687868468,76.49682049619878,75.45293340354849,76.10307312011719,585100
2017-06-27,75.98404427994825,76.36863283352261,74.50978117174515,74.60134887695312,604500
2017-06-28,75.04089144620124,76.24045167520131,74.7020901715407,75.37969970703125,689800
2017-06-29,75.29727634616168,75.5261991032827,74.25338214641513,74.74785614013672,496900
2017-06-30,75.26065140156406,75.37968872583748,74.62882232666016,74.62882232666016,421400
2017-07-03,74.62882232666016,75.59030074619494,74.57388309794449,74.62882232666016,245500
2017-07-05,74.72954114784675,75.77342830211846,74.23506718221788,75.44377899169922,608300
2017-07-06,74.81198210342733,75.22404741145844,74.01533508300781,74.01533508300781,599900
2017-07-07,74.07026003929747,75.23319176660613,73.93290496312022,75.1782455444336,367800
2017-07-10,74.93101936783964,75.37054727144357,74.60136994705165,75.1416244506836,410700
2017-07-11,75.13245678852822,75.50788650291817,74.72955047303486,75.01341247558594,302500
2017-07-12,75.47127749303938,76.30455995395329,75.45296674041475,75.96575164794922,408000
2017-07-13,75.92909737182599,76.06645242146283,75.02256522209171,75.28811645507812,500600
2017-07-14,75.26062893122537,75.95654890773986,74.98591889732951,75.57196044921875,312200
2017-07-17,75.81920036905,75.81920036905,75.08664494101261,75.49870300292969,477100
2017-07-18,75.48954930421294,75.49870118187208,74.87603117890924,75.00423431396484,460200
2017-07-19,75.11410920206265,75.3064034163519,74.68373344267756,75.06832885742188,464400
2017-07-20,75.19652967117078,75.4895504425031,74.93097850556241,75.26062774658203,404500
2017-07-21,75.26066565854879,75.43464224449508,74.81197191847787,75.22403717041016,251200
2017-07-24,75.21489546352493,75.85587668677847,74.94934410355664,75.79177856445312,332300
2017-07-25,75.69099963043891,76.26788227939886,75.5719553635509,76.12136840820312,412700
2017-07-26,75.98406767685347,76.3320278582544,75.5079042852835,75.5445327758789,240900
2017-07-27,75.64523842975194,75.64523842975194,74.70207776316671,75.0958251953125,317000
2017-07-28,75.01338593745933,75.45292057942403,74.66542596110496,74.96760559082031,460000
2017-07-31,75.10497610301178,75.1873919295028,74.72038754250234,74.94931030273438,275100
2017-08-01,75.52618449630933,76.38692914601967,75.39798134984173,75.72763061523438,445900
2017-08-02,75.75510914308917,75.75510914308917,74.77532018653902,75.3338851928711,341200
2017-08-03,75.12329179274752,75.64523539243308,75.00425447568522,75.28811645507812,409800
2017-08-04,75.51702521744092,75.54449482504516,75.05917979425882,75.52618408203125,230700
2017-08-07,75.48957319929143,75.62692126931546,75.03172766942899,75.27896118164062,667200
2017-08-08,79.39041137695312,80.11380814603636,77.65060396789816,79.39041137695312,1221000
2017-08-09,78.82268218555548,79.4178827269662,78.56628982585063,78.96003723144531,622700
2017-08-10,78.74943748538615,78.87763368518978,77.39421153381635,77.50409698486328,322200
2017-08-11,77.30266044839733,78.38317649789381,77.30266044839733,77.77882385253906,358700
2017-08-14,78.50220825208999,79.43621018554443,78.16339999910187,78.4564208984375,529500
2017-08-15,78.47473310275493,78.93257870308878,78.33738501159033,78.73113250732422,363300
2017-08-16,78.49304552812332,79.46367589958328,78.46557591174901,79.2805404663086,376400
2017-08-17,79.05160493331591,79.84825162437484,78.9508783654079,78.96003723144531,369700
2017-08-18,78.74943545794606,79.28968985947097,77.94362979618784,77.9527816772461,392100
2017-08-21,77.91616455579755,78.0809892590738,77.58652213541481,77.81544494628906,271000
2017-08-22,77.76961739193227,79.17978201636933,77.74214778661307,78.98748779296875,347600
2017-08-23,78.64870545388845,78.85015860710226,77.93446753698021,77.9436264038086,262200
2017-08-24,78.07185247743995,78.11763285676784,77.71473338229526,77.83377075195312,270100
2017-08-25,78.08189765305477,78.31165841839864,77.77861175998274,78.03594970703125,423600
2017-08-28,78.21055887201621,78.53222252367524,77.76022975969357,78.32084655761719,660400
2017-08-29,77.96241022627565,78.81712039647081,77.81535999789159,78.5414047241211,330700
2017-08-30,78.52302742998526,79.13878448867932,78.31164447833015,79.03768920898438,319700
2017-08-31,79.27663508956371,80.14053056663833,79.19391759020857,80.10377502441406,313600
2017-09-01,80.11295114411128,80.17728385317807,79.6350520212922,79.84642791748047,363500
2017-09-05,79.65344003627973,80.19567894965442,79.09282335155315,80.03943634033203,468000
2017-09-06,80.18649340161286,80.2048711745332,79.54316617328769,79.94754028320312,409600
2017-09-07,80.02104352067369,80.10376100555254,79.6442396790271,79.95671081542969,298300
2017-09-08,79.87400487030395,80.4346144696458,79.68099973189159,80.00267028808594,531600
2017-09-11,80.60924120775161,80.97685972125755,80.11295726627958,80.39786529541016,397300
2017-09-12,80.53573347410581,80.53573347410581,79.87402842115453,80.34273529052734,256600
2017-09-13,80.15891639521034,80.24162688390427,79.78210547096383,80.03943634033203,431600
2017-09-14,79.82805902600705,80.28758043094066,79.48801066212971,79.77291870117188,318100
2017-09-15,79.77290468155834,79.91994785919024,79.27662081004016,79.6258544921875,390900
2017-09-18,79.86485382199608,80.16813975450927,79.47885736883913,79.7086181640625,288200
2017-09-19,79.80048204757455,80.1313379918065,79.28581335002508,79.86481475830078,495500
2017-09-20,79.9842803535352,80.22323340476427,79.53395142031569,80.03023529052734,448500
2017-09-21,80.03943909236615,80.12215659564451,79.47882940010419,79.73616027832031,391700
2017-09-22,79.69021389746968,80.23245288777926,79.68102150461932,79.99349975585938,405700
2017-09-25,79.95671372606576,79.95671372606576,79.48799999266045,79.4971923828125,322900
2017-09-26,79.79131731194025,79.96593773517888,79.6166968887016,79.75455474853516,450600
2017-09-27,80.02107281681022,80.62764455552765,79.51559636787903,80.5173568725586,445800
2017-09-28,80.94929740774597,80.94929740774597,80.21406030945364,80.56330108642578,286400
2017-09-29,80.57248854892507,81.2709631091798,80.24163254731707,81.24339294433594,454700
2017-10-02,81.51909779625608,81.72128834465326,80.8573928356932,81.61100769042969,381300
2017-10-03,81.83156375233769,82.41055813550014,81.62018084383998,82.38298797607422,437800
2017-10-04,82.3554302478156,83.41233092635953,82.15323969918663,83.00794982910156,457300
2017-10-05,82.98956311534688,83.79831821098074,82.76898780693242,83.6512680053711,438800
2017-10-06,83.55021294765332,83.77078133195847,83.00797386371431,83.1825942993164,271600
2017-10-09,83.0538928415228,83.18255826093576,82.37379618263772,82.63113403320312,216700
2017-10-10,82.56680853109387,82.73223652907697,82.0061988280996,82.62195587158203,465500
2017-10-11,82.7781770088574,82.91603481837082,82.4932760111386,82.7138442993164,409400
2017-10-12,82.71387252157304,83.39396239901825,82.52087432709838,83.26529693603516,250200
2017-10-13,83.06307992004118,83.56855622932152,82.06132670386327,82.24513244628906,450500
2017-10-16,82.68627797727193,83.41232259678185,82.40137696633073,83.32960510253906,269900
2017-10-17,83.03552215150599,83.60533125684374,83.03552215150599,83.43990325927734,233400
2017-10-18,83.61449863465673,83.61449863465673,82.90683190776318,83.17335510253906,287300
2017-10-19,83.11825369765812,83.32044428570066,82.71387252157304,83.26529693603516,319500
2017-10-20,83.6329091315175,84.08323821739964,83.4674811186998,83.85347747802734,214700
2017-10-23,84.10162547459643,84.73576036591504,83.71562209218419,83.88105010986328,242800
2017-10-24,83.88104723479924,84.14757053257709,82.98958146025558,83.84429168701172,275600
2017-10-25,83.7799297022259,83.93616526685506,83.0263080126854,83.69721221923828,334000
2017-10-26,83.60531265047936,84.55192547687481,83.60531265047936,83.81668853759766,306100
2017-10-27,83.89022149694081,85.43421360475064,83.81669639377374,85.28717041015625,386200
2017-10-30,85.04819752593016,85.09414544590507,84.03725213388645,84.67138671875,338600
2017-10-31,84.68059835919047,85.82940179581043,84.27621730574354,85.77426147460938,522100
2017-11-01,84.19347680886003,84.31294979944992,80.10374083718499,82.0245361328125,1042300
2017-11-02,82.35544470789267,83.09986730242382,80.53573646246555,80.61845397949219,697800
2017-11-03,80.61844752299157,82.12567737812417,80.3335464563937,81.45477294921875,467200
2017-11-06,81.08715346946157,81.61100761173986,79.96592007433317,80.14053344726562,345000
2017-11-07,80.24160766601562,80.37946545922884,79.86480384375405,80.24160766601562,299300
2017-11-08,80.24163293059577,80.64601404821283,79.66263843088659,80.59087371826172,239800
2017-11-09,80.50814974222988,81.1882394666936,80.16810838586815,81.01362609863281,365200
2017-11-10,81.0136290604806,81.0136290604806,79.35015672515479,79.8188705444336,235400
2017-11-13,79.57072171532589,80.60004509148092,79.05605301550875,80.44380950927734,353400
2017-11-14,80.25080559397391,81.16065587319382,79.91075728214426,81.11470794677734,315900
2017-11-15,80.6827848911414,80.82982812335857,79.91997752702397,80.5173568725586,241100
2017-11-16,80.72869564073005,81.2893121669911,80.5081273881524,80.77465057373047,320800
2017-11-17,80.3703116766064,80.93092849636332,80.12217313901758,80.73793029785156,245500
2017-11-20,80.82981991358753,81.11472797938447,80.18649269096382,81.00444030761719,188300
2017-11-21,81.16123137632793,81.7330516759791,81.16123137632793,81.69615936279297,290400
2017-11-22,81.52091874525539,81.52091874525539,80.77386878922033,81.06900024414062,237400
2017-11-24,81.07823207240138,81.70538031125747,80.83843554569846,81.60393524169922,89200
2017-11-27,81.56700748348248,81.95436606380487,81.37332819332129,81.57622528076172,199500
2017-11-28,81.89905668560165,82.01895141601562,81.14278192005416,82.01895141601562,162700
2017-11-29,82.01897345147978,82.86747570195986,81.94518881148399,82.48934173583984,222600
2017-11-30,82.55389161046436,83.3286091277969,82.36021223113123,82.96891784667969,324000
2017-12-01,83.07034969200993,83.07034969200993,81.07821439303217,82.68299102783203,243100
2017-12-04,83.00577845405121,83.58681637009424,82.4062908690301,82.5169677734375,355900
2017-12-05,82.4524343259249,83.07958957813018,81.90828150115641,82.15730285644531,239200
2017-12-06,82.06505346034517,82.60919910187968,81.90825941221098,82.08349609375,333000
2017-12-07,82.24951254613708,82.24951254613708,81.53935501824238,81.84370422363281,280400
2017-12-08,81.9266985989942,82.30483234555085,81.45633058775331,81.57622528076172,317900
2017-12-11,81.42870667220069,81.84373293929585,80.92144609109307,81.00445556640625,416800
2017-12-12,81.08744288160925,81.41024181097693,80.85687121256248,81.06900024414062,402000
2017-12-13,81.1243242700385,82.00050071633665,81.03209702213553,81.0966567993164,444100
2017-12-14,81.17044151377723,81.93593400516869,80.71851603645777,80.76463317871094,369500
2017-12-15,80.85686372766625,82.79366416107226,80.80152878389383,82.25874328613281,1150400
2017-12-18,82.47085249345999,83.56837561828326,82.0742690393506,82.16649627685547,324500
2017-12-19,82.40629025686444,83.28246657815174,82.28639555534568,82.98733520507812,314100
2017-12-20,83.4669564936537,83.50384881051588,82.07430143718881,82.35099029541016,271000
2017-12-21,82.27717887493584,82.81210674054752,81.32722489360097,81.39178466796875,302500
2017-12-22,81.52090914869537,81.60391859875465,80.72774213762621,81.28111267089844,427500
2017-12-26,81.13354804748121,81.74225350489134,80.97676102444248,81.04132080078125,173000
2017-12-27,81.04133277457659,81.65926315890181,80.80153626853661,81.46558380126953,183900
2017-12-28,81.74226393300735,81.74226393300735,80.77386716438443,81.41024017333984,193700
2017-12-29,81.37335653108813,81.89905965502321,80.6355243755878,80.67241668701172,207600
2018-01-02,81.3733507148129,81.66848214862031,80.8937577370706,81.44712829589844,377800
2018-01-03,80.23894530142587,81.24423445699783,79.55645509321695,80.3680648803711,498400
2018-01-04,80.80154578719467,80.96755768993458,79.77780689304679,79.86080932617188,400600
2018-01-05,79.86080154425653,80.40495435329258,79.72246416919481,80.19282531738281,509000
2018-01-08,80.58940165245613,82.17573575150574,80.11904054643836,81.90827178955078,399700
2018-01-09,82.36021223113123,83.41161859693378,81.82528421021703,82.96891784667969,506900
2018-01-10,82.839779901158,83.1164686883071,82.17573244119069,83.06112670898438,311800
2018-01-11,82.98736331121385,83.61451857096091,82.8951290087448,83.40238952636719,268300
2018-01-12,83.69750332282734,84.67512480142338,83.43003938243095,84.54600524902344,263300
2018-01-16,84.55524115644654,86.42748194788825,84.1402149746007,84.5829086303711,401000
2018-01-17,85.09938210509505,85.6712023343912,84.70279858275012,84.75814056396484,193600
2018-01-18,84.74891989987131,84.91493177871145,83.9373101791466,84.32466888427734,309300
2018-01-19,84.78581671669878,85.0532807044063,84.11254432881582,84.81348419189453,269000
2018-01-22,84.39846961813673,85.41298372185075,84.31546014462454,84.71204376220703,311200
2018-01-23,84.76737333177502,85.29307646532936,84.38923241012746,84.49068450927734,188400
2018-01-24,84.84115632416642,85.17318011771911,84.25089336595931,84.57369232177734,326200
2018-01-25,85.20085465531078,85.7542323814185,84.33390982162284,84.71204376220703,866200
2018-01-26,85.0256364378597,85.23775849658756,84.33392122319827,84.942626953125,225800
2018-01-29,84.93336688361309,85.92022026888824,84.93336688361309,85.51441192626953,213800
2018-01-30,85.00717191596658,85.5789922600493,84.77660021800432,85.13629150390625,254000
2018-01-31,85.38529291731963,85.68964917623693,83.82662635179301,83.85429382324219,346000
2018-02-01,83.5776079701332,84.47221999452965,82.69221374477529,84.28776550292969,216900
2018-02-02,84.0295494433813,84.48146799727158,83.47617878034364,83.5591812133789,267000
2018-02-05,82.95964857284149,83.4761336775737,80.81994467176783,81.23497772216797,433400
2018-02-06,80.06370411294692,81.76071525620762,78.87395345621525,81.46558380126953,460300
2018-02-07,80.7923200766419,81.87139391455345,77.3983044634369,79.47344970703125,974500
2018-02-08,80.06371038613095,80.87532722816951,77.62887393299421,77.64732360839844,600900
2018-02-09,78.0531302387465,79.53801256655677,76.43912832038664,78.92008209228516,599000
2018-02-12,79.13219557152235,79.8423531796962,78.2652438887095,79.18753051757812,298700
2018-02-13,78.93851634983655,79.3627744297211,76.95560554704046,78.99385833740234,488300
2018-02-14,79.01229786494943,81.59470337302439,78.76328355841905,81.46558380126953,468800
2018-02-15,81.76993833114871,82.66455047717562,80.94909673341104,82.53543090820312,355900
2018-02-16,82.53541859475656,83.84507079914454,82.31407180046767,83.10723876953125,268300
2018-02-20,83.06110918342348,83.06110918342348,81.90825120769759,82.5538558959961,343500
2018-02-21,82.68299451214367,84.31543868653587,82.51698264385901,83.11647033691406,385100
2018-02-22,83.42083260411104,84.7673774331627,83.20871059489001,83.5960693359375,389200
2018-02-23,83.81740161064468,84.7581378599101,83.64217194577223,84.6474609375,228700
2018-02-26,85.26540120037005,85.65276695574133,84.01109074604635,85.35763549804688,232100
2018-02-27,85.32985408734318,85.77404253561609,84.95044944581511,85.16328430175781,250600
2018-02-28,85.1355299637984,85.84807422768758,84.40447402232768,84.48776245117188,258900
2018-03-01,84.30265672753026,84.60803577856024,82.38710813673164,83.39578247070312,406700
2018-03-02,82.72952064883614,83.7011718400326,82.28533220419217,83.06266021728516,280900
2018-03-05,82.70177157859172,84.29342999566036,82.47967379563042,84.13611602783203,332600
2018-03-06,84.31193367480186,86.27375487733529,83.70117541981213,86.19972229003906,507100
2018-03-07,85.58897841086409,86.55138102695514,85.56121795099928,85.83883666992188,518000
2018-03-08,86.40333803385565,86.88453589618494,85.64452140393807,86.47736358642578,284400
2018-03-09,87.06956174044161,88.29107798751598,86.81045480080812,88.09674072265625,412600
2018-03-12,88.32810158936545,89.15169466444924,88.115266737226,88.69825744628906,335500
2018-03-13,88.86481763049979,89.23497344744241,87.63405253972289,87.93017578125,360300
2018-03-14,88.15230635936322,88.44842971124712,87.43050613040484,87.82842254638672,222100
2018-03-15,88.01347822861138,88.31885735579615,87.77287585021098,87.9857177734375,183100
2018-03-16,88.16155104478545,88.57797912224561,87.9116998464192,88.17080688476562,397300
2018-03-19,87.93947346207634,88.00425023135364,86.99558238687318,87.63409423828125,270200
2018-03-20,87.56930403554331,88.25409498872612,87.18064347950154,87.57855987548828,175200
2018-03-21,87.58782169452255,88.0320032002812,86.81049346923828,86.81049346923828,276600
2018-03-22,86.46809283207655,86.80123244447118,85.06150178860219,85.19105529785156,568700
2018-03-23,85.34839187943568,85.67227571158612,82.97939786398238,82.99790954589844,410600
2018-03-26,84.19162631789037,84.83939373177867,83.1644472329137,84.7005844116211,474700
2018-03-27,84.64508988018838,84.7838992435943,83.2940266673215,83.67343139648438,472500
2018-03-28,83.94178063821676,84.77462962313444,83.46983170340734,84.39521789550781,295800
2018-03-29,84.78389566573117,86.7549659504766,84.58030954934543,86.3940658569336,533700
2018-04-02,86.94929077495873,87.18989317561316,83.78447150996372,84.22865295410156,406300
2018-04-03,84.6913302065749,86.01463257199649,84.14535581293674,85.56119537353516,407000
2018-04-04,84.69135649390635,86.12570817482951,84.30269591744609,85.94988250732422,261500
2018-04-05,86.58838073410531,87.74511340772548,85.94061326093241,87.17137145996094,461700
2018-04-06,86.43110883125637,86.93081843657141,84.37674947389651,85.36691284179688,293600
2018-04-09,85.58896389026636,87.09734784829698,85.58896389026636,86.15345001220703,215900
2018-04-10,86.91229502773604,87.79141640485466,86.85677409912546,87.2176742553711,315500
2018-04-11,86.61614975984767,86.9585452067703,86.13495202646405,86.75495910644531,228600
2018-04-12,87.16212407963536,87.83765201818643,86.86600079284528,87.34719848632812,428100
2018-04-13,87.67107945282365,87.96720273023975,87.01405615168593,87.36570739746094,209200
2018-04-16,88.25410035241353,89.03142151173913,87.72663040568897,88.73529815673828,229900
2018-04-17,88.97588045071406,90.19738989614082,88.52244321040233,89.7254409790039,201200
2018-04-18,90.17887849845374,90.17887849845374,89.4478296447262,89.63290405273438,285400
2018-04-19,89.66991222851344,89.66991222851344,88.58721221339705,89.0406494140625,466100
2018-04-20,88.9943744877801,89.67916524618238,88.6334744940897,88.87407684326172,228600
2018-04-23,89.25351286074735,89.87352709642421,88.44843123464474,89.2350082397461,190700
2018-04-24,89.6884412835888,89.84575526503556,87.41199176219268,88.16155242919922,305400
2018-04-25,87.84690510839467,88.22630974828652,87.01405618405958,88.00421905517578,578400
2018-04-26,88.11529249447244,89.42933946353536,87.63408762176857,88.7723159790039,324800
2018-04-27,89.21649344530452,89.31827943941127,87.98572801500336,88.29110717773438,310600
2018-04-30,88.4298858287063,88.83705793682664,87.45823474360328,87.46748352050781,281500
2018-05-01,87.15286551480473,88.28183771666609,87.07883293038921,88.00421905517578,248500
2018-05-02,87.98573027627481,88.20782100936113,87.43974869310524,87.81916046142578,358100
2018-05-03,87.36574081700769,88.10604576366488,86.52363573277408,87.39350128173828,317500
2018-05-04,87.2824226161451,89.66992061123787,86.8289853730904,89.35528564453125,378100
2018-05-07,89.25352543281106,90.15115147077084,89.06845095617838,89.79950714111328,455800
2018-05-08,89.79947318552779,91.20605703242977,89.4015568571055,90.78038024902344,826900
2018-05-09,90.22516438279503,94.3338818200862,89.71619909299105,93.4825210571289,796200
2018-05-10,93.6490805710922,95.61090185580169,93.47326199406916,95.0093994140625,764900
2018-05-11,94.99088846417179,96.32343970180919,94.49117910250678,95.96253967285156,404700
2018-05-14,96.24014478895614,96.52701219206466,94.75952858884534,94.9446029663086,560400
2018-05-15,94.50044055963725,94.66701035676302,93.27893106742711,93.68609619140625,557100
2018-05-16,93.81564244094182,95.54611702951757,93.72310524083386,95.24073791503906,585100
2018-05-17,95.33328205389805,95.93478448858336,94.81506804746704,95.56462860107422,388800
2018-05-18,95.44434753675212,96.0736105369108,95.41658707588502,95.74047088623047,361700
2018-05-21,96.37898788352084,97.24884623465047,95.79598997591104,96.85093688964844,474400
2018-05-22,97.00823334917706,97.17480314124438,96.04583089058103,96.31419372558594,240500
2018-05-23,95.80523496872561,97.05450496337045,95.80523496872561,96.86943054199219,229400
2018-05-24,96.9619816660163,97.51721206995921,96.35123033972039,96.69361877441406,295200
2018-05-25,96.43452121232107,97.52647750691598,95.48137429740503,95.95332336425781,249400
2018-05-29,95.2870237189989,96.38823562067599,94.87985150793102,96.21240997314453,398100
2018-05-30,96.55479721777958,97.60974403025676,96.55479721777958,96.76763916015625,308600
2018-05-31,96.73989200490665,97.100792124537,96.08286852916584,96.09211730957031,356700
2018-06-01,96.93420896632247,97.46167884249269,96.31420187786807,96.76763916015625,319800
2018-06-04,97.09152788055691,97.498700107519,96.5825696569914,97.28585815429688,335000
2018-06-05,97.35989181684134,97.95213848428013,96.77690098924487,97.73930358886719,305100
2018-06-06,97.81333098154008,98.53513824004372,97.44318210247643,98.36856842041016,273600
2018-06-07,98.2850260000054,98.52633210341678,96.55877287711233,97.17131042480469,300500
2018-06-08,97.18988989782808,99.05535861476329,97.18988989782808,98.9068603515625,352000
2018-06-11,98.86973009268904,99.45443311939042,98.22934376088716,99.13887786865234,180300
2018-06-12,99.1203188903849,99.88135474168169,98.35000012799803,98.43352508544922,372100
2018-06-13,98.4706403457297,99.25951777497879,97.6353554462012,97.79313659667969,393200
2018-06-14,98.33142866050763,99.00893951545662,97.97875594798352,98.96253204345703,257600
2018-06-15,98.92541523358923,98.93469814487376,97.90451449667776,98.44281005859375,539200
2018-06-18,98.23863434396517,99.97417065659532,97.78387079496099,99.80711364746094,250900
2018-06-19,98.89756604778282,99.66788476763242,98.61914245753367,99.07390594482422,555600
2018-06-20,99.84423629788314,99.84423629788314,98.65627851385355,99.2780990600586,319900
2018-06-21,99.23168573741536,99.74213963679172,98.5913064864,99.13887786865234,370900
2018-06-22,99.58433118373179,100.20615147870942,98.6933561248938,98.82329559326172,594500
2018-06-25,98.73054162729032,98.73054162729032,97.0599782924068,97.44977569580078,344300
2018-06-26,97.55183400356084,98.55417591902852,96.99497974411861,97.21772003173828,1171400
2018-06-27,97.27340478971215,97.71889245240692,95.75133315341648,95.7791748046875,630900
2018-06-28,95.69566144820594,96.5031048368501,95.40795490915681,96.02049255371094,519600
2018-06-29,96.19680827376274,98.40566631629703,96.12255915953,97.45901489257812,466300
2018-07-02,97.33839628067062,99.2781144321139,97.25487130516704,99.01824951171875,409700
2018-07-03,99.3244875633037,99.62147697374851,98.47064389337315,98.62841796875,165300
2018-07-05,99.13887201256048,99.13887201256048,98.2293379585211,98.9996566772461,405900
2018-07-06,99.25953530837045,100.88369792404318,99.14816868928519,100.80945587158203,337000
2018-07-09,100.95790705664604,101.52404408197657,100.84654048168545,101.17137145996094,331000
2018-07-10,101.86746200985851,102.42431624253831,101.21779283774396,101.793212890625,264400
2018-07-11,101.23638124571096,101.93245096206356,100.87442555967058,101.38487243652344,194400
2018-07-12,102.08091361260516,102.5542428700097,101.54262523052141,102.24797058105469,240400
2018-07-13,102.1551798345576,103.0461481218949,101.74681671423306,102.44288635253906,300200
2018-07-16,103.1946427295953,103.1946427295953,101.73753728813858,101.8303451538086,280300
2018-07-17,101.83034491400676,102.56353908840994,101.42198180907681,102.27582550048828,357600
2018-07-18,102.21086129394567,102.77699848934027,101.72825613564828,102.54497528076172,252400
2018-07-19,102.66565091397632,103.53805352503055,102.47075223233269,103.3060302734375,314300
2018-07-20,103.27818300574258,104.02066020282147,103.01831811100115,103.90928649902344,232700
2018-07-23,103.68653084793347,104.8466468714186,103.02758579628826,104.42900085449219,270000
2018-07-24,104.93020631516552,105.1158291884061,103.89074654817273,104.5960922241211,376700
2018-07-25,104.70745494295751,105.3942417997925,104.4104654577758,105.02301025390625,556800
2018-07-26,105.22716543176632,106.07173332924359,104.85593395410999,105.33853912353516,378900
2018-07-27,105.24573116314772,105.24573116314772,103.38954545332426,104.70743560791016,688900
2018-07-30,104.76310713781412,105.10650400461626,104.04847883540351,104.13200378417969,273100
2018-07-31,104.52182952478798,106.62859738451108,103.77935233995521,106.23880004882812,386200
2018-08-01,106.1366524358235,106.92552959687,105.65404039982519,106.73991394042969,320000
2018-08-02,106.27591153326523,108.68895146573844,106.23878697051501,108.0300064086914,458500
2018-08-03,107.38033522795428,108.40124298304387,106.81419804769048,108.3548355102539,538800
2018-08-06,108.58683728497023,109.03232486117184,107.61233719497068,107.8443603515625,720600
2018-08-07,108.15992297465503,108.35482158991911,106.59144406223446,107.21326446533203,764100
2018-08-08,104.64247890999576,105.63553807185248,98.3592928262457,105.23645782470703,717500
2018-08-09,107.79797885525122,108.92097028021297,106.41512258230308,106.48936462402344,530800
2018-08-10,105.71905518059278,107.33393468423687,105.57983984320586,106.5728988647461,472300
2018-08-13,106.35942836337016,107.42673644834456,105.81185703640631,106.06243896484375,393500
2018-08-14,106.16453374972616,106.90701081451677,106.02531841497967,106.30374908447266,690700
2018-08-15,105.96034802395471,106.26662033216088,104.52180850373753,104.87448120117188,442700
2018-08-16,105.22716721474076,105.80258734411652,104.45685551284375,105.19932556152344,514600
2018-08-17,105.27357490761534,106.0253278691792,104.6239127285832,105.90467834472656,403900
2018-08-20,106.25733408452405,106.67498005917422,105.92322013711814,106.08100128173828,164000
2018-08-21,106.72138984234061,107.01837925720454,106.12741101261275,106.75851440429688,339300
2018-08-22,106.35941370854901,107.30607215395605,106.1830809242358,107.1390151977539,162900
2018-08-23,107.10190169617269,107.64019717513149,106.8327539566933,107.08333587646484,150000
2018-08-24,106.91627304606854,107.4452855861937,105.91393834110542,106.68424987792969,305000
2018-08-27,107.14832299647124,107.5474032286536,106.65643488999258,106.814208984375,232000
2018-08-28,107.02830309613306,107.50302778791755,106.52564715621423,106.98175811767578,212200
2018-08-29,107.2423994698693,107.29824776599861,106.56288819440577,107.03761291503906,160000
2018-08-30,106.81420934687667,107.0096854790903,106.21847053391124,106.3394775390625,258900
2018-08-31,106.1998240356096,106.87003181366613,105.68786488975789,106.50700378417969,205700
2018-09-04,106.4791000376774,107.03760425910653,105.45517444809626,105.91128540039062,196600
2018-09-05,105.2969459633726,105.33418052966061,104.29163397889826,105.15731811523438,199500
2018-09-06,105.15730172797468,106.00436489828044,104.74772866439996,105.501708984375,215400
2018-09-07,105.2690115462328,106.5815033367829,105.15731495249554,105.48310852050781,198900
2018-09-10,105.79029493376224,105.81821908393259,104.92461076964341,105.25040435791016,184900
2018-09-11,105.07352440319504,106.23707781123711,105.05491067344359,105.96713256835938,250000
2018-09-12,106.13467973976411,106.25569383385415,104.76634695931817,105.51101684570312,241000
2018-09-13,105.82753660130014,106.35811679543664,105.02701110112676,105.27833557128906,262400
2018-09-14,105.30624327814478,107.62404696057285,105.30624327814478,107.27963256835938,477300
2018-09-17,107.24241475174144,107.24241475174144,105.17594227928306,105.27833557128906,360000
2018-09-18,105.02698588310481,107.06552661227745,104.53364037740657,106.62803649902344,417000
2018-09-19,106.7490430304432,106.89797417219005,105.34346853979461,105.73442077636719,215800
2018-09-20,106.19983698082969,106.54425132591474,106.02298170244849,106.35808563232422,277500
2018-09-21,106.31152736095014,106.65594166295699,105.92057519224944,106.08812713623047,546200
2018-09-24,106.01368878398925,106.31155820395475,105.4086395273123,106.21847534179688,286800
2018-09-25,106.19983105568839,107.04690124832699,106.06021034416827,106.5628662109375,271300
2018-09-26,106.74903274989836,106.93519843459467,105.7157968657729,105.74372100830078,252400
2018-09-27,105.87406614958859,106.17193558421128,104.8966853961864,105.62274169921875,336100
2018-09-28,105.59481790164686,107.04693051255592,105.59481790164686,106.4884262084961,274800
2018-10-01,107.06552521478703,107.41924998917352,105.94851680521117,106.26500701904297,303300
2018-10-02,106.08815615199573,106.24639772521199,104.71981608552876,104.98976135253906,276800
2018-10-03,105.20383740373711,105.65995543382849,103.35146244433086,103.56555938720703,221900
2018-10-04,103.22116061861303,103.37940219493332,101.28500583213959,101.75042724609375,337700
2018-10-05,101.90867853543948,102.28100999472952,100.87544240184472,101.45256042480469,318400
2018-10-08,101.2012157024692,101.88072687111416,98.83687448051745,100.26106262207031,378900
2018-10-09,100.27968345236428,100.68924939587427,98.90203318301445,100.26106262207031,351000
2018-10-10,100.20522248963434,100.38207778122423,97.54301168221626,97.71056365966797,402300
2018-10-11,97.42201570749613,99.46055671179367,97.09621502986093,97.51509857177734,670400
2018-10-12,99.09753994437573,99.26509196002061,97.55234433500006,98.76243591308594,469300
2018-10-15,98.38077114549642,99.91665598012389,97.88742563117208,99.07890319824219,307200
2018-10-16,99.8980405375839,102.79296196814923,99.69325400267321,102.60679626464844,338800
2018-10-17,102.504401322423,103.13737464645675,101.78764846194629,102.40200805664062,264100
2018-10-18,102.34614875685259,102.7464113891447,100.73579491425285,101.12674713134766,290200
2018-10-19,101.52702078422908,101.82489018698206,98.9020444531663,99.30230712890625,332600
2018-10-22,99.53500565345195,99.53500565345195,98.29698321451698,98.37145233154297,310600
2018-10-23,97.3568421844005,99.03236201590794,96.2119095510094,98.1201400756836,409000
2018-10-24,97.99911272664079,100.3169089288633,97.99911272664079,99.0323486328125,515300
2018-10-25,99.54431575234598,100.91265559084731,98.25974834390838,100.34484100341797,602200
2018-10-26,99.60018007159172,100.24246387919827,98.07359844050495,98.50178527832031,307200
2018-10-29,99.79563284907213,100.70786170864284,99.0509630409118,100.47515106201172,345300
2018-10-30,100.4844764359675,101.25707765683102,99.44193705530049,100.3727798461914,326900
2018-10-31,101.43394409345316,102.37409733813539,100.40070798633354,101.75042724609375,449900
2018-11-01,102.04828791968549,104.1985394970424,102.04828791968549,104.04029083251953,498300
2018-11-02,104.6825862074158,105.52034619395872,102.93260420356742,104.13339233398438,280100
2018-11-05,104.13336917266898,104.87803902703658,103.52832003353132,104.29161071777344,350500
2018-11-06,103.83550761453421,109.80220571991457,103.83550761453421,109.33678436279297,754100
2018-11-07,109.83944734903199,112.60405152452334,109.42057094137374,111.59873962402344,630000
2018-11-08,111.54289348395668,113.25564081260619,111.54289348395668,112.35272216796875,521400
2018-11-09,112.32480883016274,112.81815442118027,111.17987606266314,112.02693939208984,495900
2018-11-12,111.99899661023024,112.73436321665179,110.66789122676754,111.64527893066406,500000
2018-11-13,112.63197439705482,112.88329881845273,110.16523965312962,110.34210205078125,419700
2018-11-14,111.22638789498507,111.22638789498507,107.65195547529007,108.3593978881836,503700
2018-11-15,107.67989730694084,110.24902546921781,107.44718660279392,109.97908020019531,348700
2018-11-16,109.61603853327416,111.11469585105111,109.3833278578649,110.18385314941406,703600
2018-11-19,110.18386689143469,110.27694975285435,107.34479345664882,107.74505615234375,343500
2018-11-20,107.3354812619784,107.3354812619784,104.55226327156164,104.88736724853516,483300
2018-11-21,105.1293792612604,105.88335959327142,104.32885395245788,105.41793823242188,334100
2018-11-23,104.59878489760244,106.441849257671,104.59878489760244,105.52031707763672,111000
2018-11-26,106.80489979576267,107.0562313261925,105.46449100661545,106.15331268310547,427900
2018-11-27,105.96658802252149,107.42304281201615,105.4997748594267,107.18963623046875,279600
2018-11-28,107.73113300239358,111.39094621273728,107.73113300239358,111.10152435302734,645300
2018-11-29,110.42931885687045,112.94077591126303,110.24259644398771,111.6056900024414,579600
2018-11-30,111.75508285206499,112.81008529585414,110.66274161864136,111.17623901367188,516600
2018-12-03,111.71771834969893,112.47395331832257,110.68139266225022,112.32456970214844,479300
2018-12-04,112.46459448072834,113.04344520297008,109.85044578309173,111.27889251708984,387600
2018-12-06,110.41999126461607,113.2115393309674,107.96455639532455,110.27995300292969,647900
2018-12-07,109.47701932844633,110.4386532548926,105.49043113338848,106.37738037109375,536000
2018-12-10,106.48006970019722,107.82448656865925,104.94892332014146,107.46037292480469,340900
2018-12-11,108.73012937240047,109.19694257104018,106.60146232628406,106.95623779296875,429700
2018-12-12,108.49671789274349,110.86812968992422,108.2166342599607,109.24362182617188,469400
2018-12-13,109.81310080106648,110.36393676274075,105.91987467981959,106.84416961669922,317200
2018-12-14,106.24669014456423,107.79650630800356,105.11699590068429,105.63983154296875,577400
2018-12-17,104.87424070728542,105.40640739671521,102.78291273215507,103.21238708496094,438300
2018-12-18,104.23936968024879,104.50078388415616,100.9996855325334,101.83995056152344,570100
2018-12-19,102.3347730249461,103.63251293236705,99.96336151389555,100.96234130859375,386000
2018-12-20,100.7756094986872,101.06503132751612,97.15313545681781,98.05875396728516,593900
2018-12-21,98.05875829123293,99.6832658789096,95.82739225115328,95.99544525146484,1196500
2018-12-24,95.39794727143197,95.63135387494174,92.85848228556503,92.97052001953125,232700
2018-12-26,93.15723430843377,96.52762593828301,92.5597140255301,96.48094177246094,661800
2018-12-27,95.28590589965849,97.84404730502435,94.04418822987581,97.82537078857422,416500
2018-12-28,97.76002393696481,99.06710238103295,96.39693018570951,98.22683715820312,387200
2018-12-31,98.87101542291526,99.87933342250368,98.51623291028086,99.7579574584961,360100
2019-01-02,98.63760649361302,98.63760649361302,96.2195110042401,97.22782897949219,323100
2019-01-03,96.77969784932039,96.77969784932039,94.21222573198229,94.74439239501953,312600
2019-01-04,95.58465315040027,98.10544830552304,95.58465315040027,97.01310729980469,569100
2019-01-07,96.6769929570689,98.41353820678003,96.24751864971893,97.22782897949219,386800
2019-01-08,98.0120888444462,99.7579654085886,97.17182377782525,99.62725830078125,454900
2019-01-09,100.4021683958339,101.19574928860276,100.05672411693314,100.41150665283203,316400
2019-01-10,100.21543569484886,101.93331165490832,99.63659199336374,101.79326629638672,219800
2019-01-11,101.38248927685305,102.69890594482422,101.3264739711536,102.69890594482422,410300
2019-01-14,102.0360214297152,102.42814277483322,100.66358959879864,100.67292785644531,284600
2019-01-15,101.04638375114669,102.40013911958061,100.63558587470988,102.3814697265625,424900
2019-01-16,102.87627946812282,104.50078715975553,102.87627946812282,103.86592102050781,369500
2019-01-17,103.17502946872642,106.02258499762677,103.1096759221091,105.17298889160156,526100
2019-01-18,106.00393078283172,106.53609748803841,104.82755965232093,105.31304931640625,477100
2019-01-22,104.62218328430718,105.41577150751138,103.97798584311265,105.2197036743164,251500
2019-01-23,105.53712351646361,107.04960076857192,105.29437867088983,105.91990661621094,354100
2019-01-24,106.10662612261622,107.29232834147753,105.92923485343893,107.13361358642578,328200
2019-01-25,107.15228007705174,109.19692381526488,107.15228007705174,108.42201232910156,327400
2019-01-28,107.62842647984174,108.53404502749349,106.65745438354513,107.34834289550781,451000
2019-01-29,107.36702192637587,107.99254982286094,105.80786775227014,106.41472625732422,473800
2019-01-30,106.88153213354127,107.53506763426675,104.79954254179685,106.09728240966797,364000
2019-01-31,106.1439808428089,107.64711981960804,105.13566268638395,106.48941802978516,545800
2019-02-01,106.5641012580025,107.47905813131509,106.01326518100029,107.11494445800781,349600
2019-02-04,106.64812960299949,107.91785474901972,105.74251100140172,107.7964859008789,291500
2019-02-05,108.2539781818925,110.64406660845556,107.61911194525915,110.27061462402344,559400
2019-02-06,110.09319927031522,111.12018666082513,109.97183042917402,110.7187271118164,529400
2019-02-07,110.35461273593256,111.60567553366782,109.68240786289856,111.24156188964844,553100
2019-02-08,110.60669652707146,110.8401030759602,109.93448452659152,110.7187271118164,355900
2019-02-11,111.12953792038773,112.6700227479046,110.71874006691566,111.90444946289062,789400
2019-02-12,113.12747292621702,115.30282345063611,111.62433433406494,112.78203582763672,1029300
2019-02-13,112.53933038594411,113.15552012391466,111.66171926504204,112.21256256103516,578700
2019-02-14,111.53100269362655,113.34224008837256,110.89613649197358,113.00613403320312,419800
2019-02-15,113.73434353223797,114.28518669484426,113.2768686881431,114.16381072998047,311900
2019-02-19,113.90238871474878,115.33083556468782,113.59429038001623,114.3785400390625,373300
2019-02-20,114.0424407721553,115.16278935330276,113.68765826048998,114.69597625732422,277000
2019-02-21,114.40657052042924,115.2281591207129,113.75302782026861,114.25718688964844,317400
2019-02-22,114.18249469461958,115.2654974546047,113.60364384788417,114.26651763916016,362000
2019-02-25,114.83601568442383,115.53623529225568,113.36088466773752,113.86504364013672,479000
2019-02-26,113.76208663908864,113.80889417320482,112.6479630405374,112.8726577758789,300300
2019-02-27,112.779024141419,113.21905634645832,112.1517475330471,112.92882537841797,272600
2019-02-28,112.68540623213377,113.81825134415502,112.40453247351981,113.24714660644531,395100
2019-03-01,114.19273599271523,115.06343598664174,112.76029568013968,114.78256225585938,349600
2019-03-04,115.00725807701266,115.31621775530506,113.11606398575903,114.24890899658203,356200
2019-03-05,114.08976410675186,114.74512670563908,112.58242298639466,113.54674530029297,175400
2019-03-06,113.58419318190487,113.60291476593683,112.02068019878536,112.40453338623047,460700
2019-03-07,112.4045185698342,112.9756232369021,111.87086420881025,112.16110229492188,199900
2019-03-08,111.3465943285532,112.12367224781038,110.64441703491721,111.5712890625,344500
2019-03-11,111.8895855825283,113.32202576575379,111.47763938602395,113.26585388183594,219500
2019-03-12,113.3595068092287,114.56725264137427,112.81648797438801,114.4361801147461,260200
2019-03-13,114.86683559616363,115.75625723687725,114.54851153523748,114.97917938232422,578100
2019-03-14,114.90427601559715,115.82178352387746,114.02421167087002,115.67198944091797,381200
2019-03-15,116.0932940539263,116.33671747695898,114.94172033292784,115.51282501220703,650400
2019-03-18,115.68134326627074,115.68134326627074,113.7901492740366,115.37239074707031,539900
2019-03-19,115.62520624918639,115.79372910271567,114.74514166487597,115.44731903076172,168200
2019-03-20,114.50169386210892,116.55204634998623,114.50169386210892,115.36302947998047,262100
2019-03-21,115.04470433326199,117.48828144295449,115.04470433326199,117.17932891845703,496300
2019-03-22,116.59887980869678,116.91719674980548,115.1289889754643,115.17579650878906,272800
2019-03-25,114.76385450113504,115.0353639021599,113.55610874192095,114.63278198242188,331500
2019-03-26,115.66262574283122,115.84987013333485,114.53913797106259,115.38175201416016,336000
2019-03-27,115.49413303641124,117.79727392588765,114.47363155631248,117.28234100341797,399400
2019-03-28,117.15124336464932,119.15478843617339,116.59886738701309,118.59304809570312,219300
2019-03-29,119.33268619501116,120.43744539114324,118.40581419391656,119.86634063720703,352700
2019-04-01,120.16593111594162,121.27068305869483,118.03130641767905,119.3045883178711,296700
2019-04-02,119.54801405953748,119.86633096928138,117.79724962719794,118.48070526123047,259300
2019-04-03,119.09861864882164,119.13606895790333,117.58191327413567,117.94705200195312,372700
2019-04-04,118.18108163159145,118.89261589811578,116.99205782897161,117.78785705566406,323400
2019-04-05,117.99384870904532,119.02370711412964,117.02952655311414,117.46955871582031,477700
2019-04-08,117.58192873548828,117.91897441862696,116.12140220383198,117.5257568359375,694000
2019-04-09,117.5257323029554,118.97690131037274,116.74865452110184,117.68489074707031,291500
2019-04-10,118.00320348172913,119.01434022327834,117.57253571616147,118.35897064208984,511900
2019-04-11,118.63985890856539,120.17528578927659,118.37771390106577,119.93186950683594,436700
2019-04-12,120.29700304798847,120.98980874239578,119.77270588146762,120.45616149902344,377900
2019-04-15,120.74640821543676,121.58901525108638,120.08167409357226,120.47489166259766,388900
2019-04-16,121.429852859523,121.429852859523,117.0201804674393,117.21678924560547,443400
2019-04-17,117.9938717642974,118.19048055017288,111.99260018435943,112.80712127685547,897300
2019-04-18,113.39694628685501,115.44729898198976,112.52624621864722,114.99790954589844,641100
2019-04-22,114.44551270586604,117.48828039888073,114.44551270586604,115.39111328125,359400
2019-04-23,115.76563469623872,118.49007896258404,115.76563469623872,117.70364379882812,438300
2019-04-24,117.50701922543273,119.81952401379988,117.50701922543273,119.47311401367188,372500
2019-04-25,118.82712290043756,120.45617938930089,118.40581937502765,119.82889556884766,230400
2019-04-26,119.82886954688641,121.25194543167217,119.37948016976054,120.87745666503906,279000
2019-04-29,121.18643406719245,122.50653073445007,120.62468654917518,122.01968383789062,575300
2019-04-30,122.41290449975855,123.30232618771444,121.87924291548511,122.62823486328125,335500
2019-05-01,123.18998241048136,124.07004687781074,121.8324425407179,123.11508178710938,387800
2019-05-02,122.65630238007891,124.229186662681,122.16009832496678,123.54573822021484,352500
2019-05-03,124.51944897250269,126.38256466769849,124.47263429241376,124.73477935791016,476400
2019-05-06,123.17125816817718,125.51184916190456,123.1619009471024,125.46503448486328,629100
2019-05-07,124.45386557690288,125.01561298581446,121.62644266665006,122.61885070800781,493600
2019-05-08,122.67503202428539,123.39593792112575,121.33622107312726,121.9073257446289,845200
2019-05-09,121.15835427960846,122.30992103567382,119.80080723260376,121.62647247314453,410700
2019-05-10,121.40174571111167,121.75752003673537,118.9675330322985,120.98979949951172,866200
2019-05-13,118.65859820281162,119.229702972791,116.59888099964834,117.09508514404297,552600
2019-05-14,118.94881379815249,125.91441351325135,118.94881379815249,122.30989837646484,1053600
2019-05-15,122.45972962707671,124.39773163585653,121.74818078731447,123.04019165039062,502800
2019-05-16,123.77042132621139,127.30003575870485,123.620620107375,125.1935043334961,596400
2019-05-17,123.95768623687626,127.019183081928,123.95768623687626,124.84712219238281,419000
2019-05-20,124.50074388786983,126.48557527107933,124.06071152596753,126.16724395751953,554400
2019-05-21,126.20463301188082,128.5171373927453,126.20463301188082,127.140869140625,703500
2019-05-22,127.69325919905151,128.82611132631797,126.99108202456758,127.43111419677734,442300
2019-05-23,126.58851882723415,127.25323861286755,125.73654034935741,126.20465850830078,486500
2019-05-24,126.9536645541936,127.77754289129453,126.12977193125857,126.49490356445312,530400
2019-05-28,126.8506888766918,128.84486291280706,124.20113786010631,125.38079071044922,4043700
2019-05-29,124.21983458910583,125.38077282963482,123.3584988438746,124.9032974243164,527800
2019-05-30,124.83775068600934,126.24210520207289,124.07940153306828,124.84712219238281,502500
2019-05-31,123.36785882454087,125.42757578686236,121.98221884199549,125.15605926513672,668600
2019-06-03,125.3526873704706,126.31700969149341,124.62242414262485,125.5212173461914,514300
2019-06-04,126.39188403499777,127.47792143012,125.9424946695725,127.25321960449219,576400
2019-06-05,127.70261725354328,128.24563598632812,126.71958063150251,128.24563598632812,605800
2019-06-06,128.24560103827096,128.9009633696499,126.96296231215598,128.4796600341797,490500
2019-06-07,128.86357070812588,130.0151374191785,128.01159220059253,129.21934509277344,535400
2019-06-10,129.68747740652978,132.25275614356823,129.53767614552234,131.91571044921875,410000
2019-06-11,132.59141172266177,133.59561460274094,130.4610105781073,131.8124542236328,472600
2019-06-12,131.85000213658768,133.71760984101545,131.43705943197415,133.63314819335938,585500
2019-06-13,133.97107029704557,134.1869216019994,132.01898573293903,133.10765075683594,436700
2019-06-14,133.3516009787352,134.06487088947938,131.75615217480976,131.79368591308594,278800
2019-06-17,131.80308748269513,134.0273303503535,131.72800568154182,133.87716674804688,337400
2019-06-18,134.64668663381957,135.67904305575556,133.7832677720109,134.13050842285156,332200
2019-06-19,133.8490426873189,136.59885877577298,133.8490426873189,136.12960815429688,392200
2019-06-20,137.49977352660022,137.60300920729244,134.8813620914261,136.39234924316406,242100
2019-06-21,135.41630812442818,136.007568359375,133.87716699887483,136.007568359375,1515500
2019-06-24,136.00756181844608,136.8240530976185,135.21922442335628,136.36419677734375,425500
2019-06-25,136.68327492190684,137.9221030237418,136.33603416020512,137.0868377685547,465100
2019-06-26,137.19947025452532,137.92212006990997,135.98879588533904,136.4111328125,496200
2019-06-27,137.10563144236286,137.9221371918995,136.8616262953654,137.5279541015625,605000
2019-06-28,137.62176717546782,139.72401428222656,137.16189659325553,139.72401428222656,1001200
2019-07-01,140.7563671654014,142.27674842815966,139.6207890458542,140.67190551757812,608200
2019-07-02,140.5217546705781,142.23921326730522,140.28712941398243,141.6855010986328,490000
2019-07-03,142.22042764283046,144.61360792908502,142.07027837434563,143.6375732421875,534900
2019-07-05,143.0556894795051,143.4967860609824,141.9388854051051,143.38417053222656,272300
2019-07-08,142.97121939740677,142.97121939740677,142.04211269921453,142.71783447265625,332900
2019-07-09,142.464462014623,143.57188637797464,142.42691395326796,143.11203002929688,429600
2019-07-10,142.3893827284049,143.20587407243576,140.31528907376924,140.4936065673828,537900
2019-07-11,141.65733498547746,142.11719128366067,140.54051656922454,140.9816131591797,649400
2019-07-12,140.78451976145524,141.46024157864213,138.04409875636975,138.87936401367188,716800
2019-07-15,138.81367339275403,140.46542984327158,137.74378292541212,139.58323669433594,428100
2019-07-16,139.9116988843494,140.2870934705657,138.4757938275129,139.23597717285156,316800
2019-07-17,139.70526087946521,139.97741987131235,138.57906253188116,138.74798583984375,341000
2019-07-18,138.81364057633402,139.55504982090054,138.24115458228235,138.77609252929688,643600
2019-07-19,139.05770343792838,139.52695397837644,137.19008113160476,137.2557830810547,473000
2019-07-22,137.63120037639507,138.67293731999874,137.39657506765906,138.16615295410156,345700
2019-07-23,138.62601654374632,138.94510351022745,137.18071669727485,138.21307373046875,426500
2019-07-24,138.06285119044358,139.97738649276377,137.3777496264253,139.23597717285156,395300
2019-07-25,138.90751118312062,140.23080087119405,138.33502506901428,138.8042755126953,345400
2019-07-26,138.992015264899,140.90655116146257,138.60722638634394,140.24960327148438,339700
2019-07-29,140.54987557764323,141.5165302623741,139.9023220505056,141.09420776367188,257400
2019-07-30,140.08065708343406,140.5686816235206,139.4424832636501,140.32467651367188,408800
2019-07-31,140.2589733907003,141.31948411687083,139.04831338609324,139.70526123046875,493000
2019-08-01,139.87418414599708,141.7418063101231,139.301697957423,139.92111206054688,330000
2019-08-02,139.348618746574,139.5457102494496,138.06287701191002,138.79490661621094,277800
2019-08-05,136.52370975520284,137.48098456151325,134.44023687579013,135.7165985107422,363900
2019-08-06,141.43207252748016,144.21942114433153,139.41430146670402,142.95245361328125,660500
2019-08-07,142.32366801032293,143.6563520050023,139.5832468648305,143.5249481201172,783800
2019-08-08,143.6563276146863,145.18607421580376,143.39353420992228,145.11099243164062,674800
2019-08-09,144.72619276646077,145.37374619133757,143.12135034036396,144.47279357910156,262800
2019-08-12,143.9003608985841,145.93690636216897,143.53434607923728,144.73562622070312,191400
2019-08-13,144.26635821269915,146.51875462454535,144.26635821269915,145.84303283691406,334700
2019-08-14,143.85346532848894,144.69811069523496,142.19231416547024,142.3612518310547,239100
2019-08-15,142.5207724886114,143.86282213951537,141.91075252372593,142.62400817871094,372200
2019-08-16,143.53437706505073,144.8295133148171,141.9107739846686,143.3466796875,344700
2019-08-19,144.87641593836918,145.3456665068763,143.6000538192141,143.7877655029297,337700
2019-08-20,144.01292737692705,144.33201417321794,141.68544968576984,141.79806518554688,548600
2019-08-21,142.34241504413458,142.78351156708734,141.55407780666462,141.86378479003906,782400
2019-08-22,142.33306438686822,142.4081461849403,140.7751492977465,141.8919677734375,450200
2019-08-23,141.5259689002722,142.57708555090738,138.92631684069383,139.3298797607422,365900
2019-08-26,140.13694876025386,141.15051703989326,139.85539565129358,140.41848754882812,411900
2019-08-27,141.59165016639184,143.665743807425,140.8126925690984,143.60943603515625,726000
2019-08-28,143.1307637345689,144.36959176719455,142.37058031472446,143.5531005859375,466400
2019-08-29,144.73562559687187,146.143377099121,144.0692835848362,145.5990447998047,305700
2019-08-30,146.4906407646969,147.02559329288212,143.47806009882467,144.90457153320312,332600
2019-09-03,144.25699466064378,144.83886069670632,141.46964555178175,142.8492431640625,342500
2019-09-04,144.10684362768842,144.39777667108393,142.3049232734154,142.99940490722656,317200
2019-09-05,144.42590553185323,144.95146375406588,142.58643743372141,144.0598907470703,489400
2019-09-06,144.41652753238796,146.26537550808936,144.332051565286,144.989013671875,494700
2019-09-09,145.21477687979493,145.29003891659622,136.2870169366181,136.6727294921875,677700
2019-09-10,135.52505695845431,135.52505695845431,132.4205650166809,133.2296142578125,1094200
2019-09-11,133.22958559430492,135.95778098547876,131.82787122974025,135.9483642578125,867500
2019-09-12,137.2466069774761,139.4009274232765,137.20898313179393,139.17515563964844,488400
2019-09-13,139.17512264554185,139.4385325671733,135.15809980851634,135.58143615722656,636200
2019-09-16,134.7253823638901,136.3246612419854,133.78462839386154,135.77902221679688,501100
2019-09-17,135.5909016194571,138.0932967744198,135.5909016194571,136.87973022460938,564900
2019-09-18,137.57586736111932,139.03402454798288,134.8664913020784,135.88250732421875,983600
2019-09-19,135.929542949574,138.38491132507028,135.929542949574,137.1525115966797,428300
2019-09-20,137.5946828074301,139.27864060321411,137.5946828074301,137.9709930419922,1435800
2019-09-23,137.3971472870521,138.98702410667175,137.3971472870521,137.69818115234375,827100
2019-09-24,138.6200909431358,140.15351001717212,137.45355095594616,138.11207580566406,417100
2019-09-25,137.80165211719716,138.89293028324792,136.0612657010261,138.01803588867188,356900
2019-09-26,137.87688507438116,138.67653160685393,135.5061812994842,136.4845733642578,445700
2019-09-27,137.55706208689276,137.55706208689276,132.9097346565213,133.38011169433594,327100
2019-09-30,133.54944370727858,136.3905104422985,133.22017406647842,135.92955017089844,385400
2019-10-01,136.19297164774022,136.38111959205003,131.85609478172836,132.28883361816406,360000
2019-10-02,131.38572977549737,131.68676364300725,129.39132118982099,130.77423095703125,452700
2019-10-03,130.39792102750454,133.07907584445636,129.77701990182362,132.84388732910156,446000
2019-10-04,133.72821394699886,135.31809096253994,132.97562201364278,134.2080078125,347100
2019-10-07,133.32360436869388,134.0009481244599,132.85322755800973,133.50234985351562,256000
2019-10-08,132.505225510375,132.505225510375,129.74880843338818,129.8616943359375,253700
2019-10-09,130.93415145575636,132.28883968453766,130.73660112934084,131.1787567138672,305500
2019-10-10,130.60488840175822,131.9313550768791,130.5672502005357,131.42333984375,422200
2019-10-11,132.75919466058593,133.45535776089847,132.1759317970707,132.3452606201172,331600
2019-10-14,132.81567430385212,133.54005907484873,131.30107378550417,131.78085327148438,171500
2019-10-15,133.1073030463505,134.70658214863647,132.5052209953216,134.62191772460938,448300
2019-10-16,134.29263328884997,134.81945323125893,133.2201743047269,133.96336364746094,483300
2019-10-17,134.59366711525402,135.44033988178762,133.83164439965543,134.66891479492188,532100
2019-10-18,134.25498314321302,135.4309254109861,134.16090201988558,134.87586975097656,901200
2019-10-21,135.46857509185944,135.46857509185944,132.05363350122678,132.2229766845703,486500
2019-10-22,132.6933475837415,133.31424863619085,128.29061163109688,128.8080291748047,739200
2019-10-23,129.45713627435367,130.05921815672951,128.84565202130915,129.68292236328125,468600
2019-10-24,130.2191431410782,131.01878963673408,128.81741476973036,129.2501678466797,356500
2019-10-25,129.4006963216363,131.13167997899555,128.90209792418787,129.83343505859375,332700
2019-10-28,130.20977614215434,131.89371963551847,130.20977614215434,131.19757080078125,304100
2019-10-29,130.8588929861955,133.72818133052732,130.81185241314128,133.0696563720703,247400
2019-10-30,133.38010325048776,134.5372266709231,131.77142192167204,134.22677612304688,359500
2019-10-31,133.70939143641309,134.9323603430555,132.42996522297426,133.1825714111328,367400
2019-11-01,134.16095138010797,135.3462964544179,133.16375426691192,133.7187957763672,312600
2019-11-04,134.55604767105763,134.96998174073903,131.16932742345273,132.20416259765625,416000
2019-11-05,137.35006639797015,139.33505765777525,134.60306679258255,136.86087036132812,878500
2019-11-06,136.87973318462946,137.86752794454463,135.63793077678878,136.87033081054688,490100
2019-11-07,137.82045915722807,138.75181077249118,135.91072971114406,136.58807373046875,481600
2019-11-08,136.5410143550241,138.09325247858055,136.16471855378757,137.1995391845703,282700
2019-11-11,136.48461510542333,138.11211578109987,135.57208242284435,136.1177215576172,373400
2019-11-12,136.57868652564812,137.72640778676868,136.18357148809724,136.97381591796875,275400
2019-11-13,136.69156860965407,138.0650615068306,136.39993714606592,136.9832000732422,265000
2019-11-14,137.0960786470288,138.12151143345363,136.5410372230783,138.04624938964844,296100
2019-11-15,138.69533182918525,140.0123958188821,138.08384757470182,139.9371337890625,319200
2019-11-18,140.04065006047068,140.93436354724898,139.67375655096095,140.52984619140625,398000
2019-11-19,141.3106535754671,143.14512086066716,140.79323604508613,142.89111328125,385700
2019-11-20,142.9475917673002,144.41516596040665,142.3455096789804,142.87232971191406,635400
2019-11-21,143.3332887162311,143.52143665670053,141.25421593390917,141.89393615722656,329000
2019-11-22,142.80644887303285,143.05103972613762,141.38590125737187,142.89111328125,494000
2019-11-25,143.24949873126306,143.77761959101662,142.5327848634735,142.87228393554688,285600
2019-11-26,142.72138837843562,144.56977536273044,142.344173592982,143.09861755371094,445100
2019-11-27,143.57008552783597,144.41882564889826,142.843932248375,143.98501586914062,260200
2019-11-29,143.76815541425512,144.3434172332605,142.5327606201172,142.5327606201172,237200
2019-12-02,143.33437607370908,143.33437607370908,140.83528142845086,141.6840362548828,308100
2019-12-03,141.21252881525515,143.72103472731925,140.93903583739947,143.4192657470703,406900
2019-12-04,143.82475675602396,145.51282673725427,143.82475675602396,145.29592895507812,473400
2019-12-05,144.87155831728634,145.16390196274585,143.90021648051692,144.23971557617188,338700
2019-12-06,145.2299143460798,146.23898624248218,144.9187056599881,145.51283264160156,340800
2019-12-09,144.91869520318778,145.35250514366197,143.67387493846488,143.85304260253906,279300
2019-12-10,144.23025809177014,145.2487551517024,143.1363152063074,145.17330932617188,304100
2019-12-11,145.5317284536632,146.17299662853029,144.47550088649197,144.92816162109375,440000
2019-12-12,145.39964757258053,145.60712001696595,143.62672085213416,144.90927124023438,410400
2019-12-13,144.40001967594566,145.21104442134907,142.9005714667136,143.2777862548828,503200
2019-12-16,143.6173168861695,144.1454378514339,141.061655196491,142.16502380371094,1253500
2019-12-17,142.03294845432208,143.24947822773163,140.87299945318927,142.89112854003906,758900
2019-12-18,143.41928477630424,143.72105379659266,139.9394221737432,140.75987243652344,753900
2019-12-19,140.8070129760577,141.18424219873603,138.85490391180758,139.9394073486328,1200200
2019-12-20,140.93900380783796,143.2683415031114,140.06197306879693,141.30679321289062,14904400
2019-12-23,141.55199266729517,144.15480883189935,141.08046706132794,142.8533935546875,786300
2019-12-24,142.97597532547323,143.419210485843,142.3252677755764,143.37205505371094,137700
2019-12-26,143.5135242739462,144.13594151761652,142.02351604550293,142.73080444335938,649300
2019-12-27,143.30607814160885,143.7021579504992,141.91979161558226,143.16461181640625,433400
2019-12-30,143.45697378951888,144.23028284154088,142.7968406901235,143.2872314453125,600500
2019-12-31,143.25891721236562,143.87189476196872,142.64592527294258,143.7398681640625,330200
2020-01-02,143.8907569885712,144.484883862385,141.95749910807302,143.0608673095703,641200
2020-01-03,140.92013066307752,142.87225350922762,140.70323292122274,142.0518035888672,638000
2020-01-06,141.92924533903457,143.46642383017425,141.6746174145914,142.98545837402344,581900
2020-01-07,142.12728226477148,143.07033366105077,142.03297136921464,142.4384765625,429900
2020-01-08,142.96659922690583,143.35323936796988,141.85379108261662,142.35360717773438,839000
2020-01-09,142.91940902072727,144.43772199414153,142.68364622603448,143.1363067626953,644100
2020-01-10,143.7115715081682,143.8435981003143,141.9386306509326,142.41015625,432000
2020-01-13,142.2875854783925,143.17405600730964,141.76890438276854,142.9099884033203,522700
2020-01-14,142.44794850297475,143.81537045888095,141.7312200702159,143.73049926757812,519500
2020-01-15,143.6644202549019,145.01299099022137,143.48523821966606,143.88133239746094,550300
2020-01-16,144.33398106085613,145.39019374173876,143.98504235106427,145.35247802734375,399300
2020-01-17,145.44677450824054,145.60709147660177,144.29625095664258,145.35247802734375,628100
2020-01-21,145.19221709309105,145.93722145591528,144.18314506831584,145.05075073242188,521200
2020-01-22,145.6542748112364,146.17295591988412,144.0699554864448,144.08880615234375,369800
2020-01-23,143.74929900241293,143.74929900241293,142.70252590094438,143.16461181640625,399100
2020-01-24,143.2777771099568,143.2777771099568,141.54256617141607,142.67422485351562,486500
2020-01-27,140.99562574177054,142.75914184632344,140.4392288057621,141.56146240234375,831200
2020-01-28,141.5614056125386,143.1457246028482,141.5614056125386,142.4478759765625,452800
2020-01-29,142.6836561151444,144.03221248713965,141.88205680170415,142.89112854003906,514200
2020-01-30,141.92923623245355,144.65465421308517,141.56144676066666,144.57920837402344,568400
2020-01-31,144.10766252879884,144.7677955410371,141.8726356195706,142.1083984375,659300
2020-02-03,142.88172316451138,143.43813446856456,142.00469220375845,142.40077209472656,398800
2020-02-04,143.9850604562115,144.64520785459075,142.92884764251724,143.54183959960938,382400
2020-02-05,144.30570614449556,145.41849971115076,143.77759974745106,144.21139526367188,341500
2020-02-06,144.29626375836935,145.9748937993339,143.37207758060478,145.4656524658203,459500
2020-02-07,145.09785620211045,145.66369267021744,143.35320575029655,144.1642303466797,353500
2020-02-10,143.84358967866734,146.47471042571732,143.12687599038145,145.11671447753906,591400
2020-02-11,148.05907606421988,153.36846027559736,146.89912682229394,153.02896118164062,2184600
2020-02-12,153.7173834636478,158.54580219224115,153.7173834636478,158.27232360839844,1099400
2020-02-13,157.18784059124613,158.0177306399463,154.7736306930195,157.4896240234375,783700
2020-02-14,157.48954164863565,159.00785457185896,156.68794241725112,158.91354370117188,404500
2020-02-18,158.53634911804357,158.80040232169634,157.4801363034324,158.36659240722656,563600
2020-02-19,158.6212451451988,159.16821669274705,157.90453125004385,158.67782592773438,382000
2020-02-20,158.3288811033237,159.0361695735077,157.2255128166152,158.69667053222656,519000
2020-02-21,158.4891884821014,159.05502497985182,157.70645422913526,158.3854522705078,546600
2020-02-24,156.08877863459634,159.1037565535939,155.53115337765595,158.2720489501953,860100
2020-02-25,158.5367317533779,159.70868830951338,154.83180938642863,155.82418823242188,1276200
2020-02-26,156.71256399965662,158.77296227476896,156.15493876461267,156.3628692626953,1086800
2020-02-27,154.80337111976237,159.3022146907153,153.93385024660412,154.6427001953125,1159000
2020-02-28,151.29700051081178,153.92447097508148,146.64694455775327,149.91709899902344,1618500
2020-03-02,150.32350706535803,154.43482971191406,147.52590516892346,154.43482971191406,1089700
2020-03-03,154.51041356363984,156.77874251414858,149.49175721275748,152.19483947753906,897900
2020-03-04,154.54820274468992,156.72201223997465,151.07010466791644,155.4271697998047,851300
2020-03-05,152.6768575188711,153.90553393930253,147.4313781904322,149.46340942382812,931700
2020-03-06,146.03258128814034,148.7829234112641,143.90603077633006,148.41432189941406,788800
2020-03-09,141.84561934764417,142.74349317398833,136.92146809419611,137.51690673828125,1061100
2020-03-10,140.3428632380701,142.80020141601562,137.18610673335056,142.80020141601562,918600
2020-03-11,139.56786096741072,140.62640586304326,135.39981880846872,137.2806396484375,704700
2020-03-12,130.59854797039046,131.06166860504626,123.5384135681966,123.86920166015625,870900
2020-03-13,129.09576824743868,129.92749025823036,120.28712520675167,128.81222534179688,900300
2020-03-16,117.70692819724374,121.9505756379963,113.4632807564912,113.88858795166016,894500
2020-03-17,116.55384637703872,126.53445962280064,111.56354335955544,123.46277618408203,922200
2020-03-18,114.61632643909402,123.69906637460385,105.60920611841816,116.0434799194336,925400
2020-03-19,115.17395369202556,118.5575329062229,110.4955463685639,114.5690689086914,811700
2020-03-20,114.7486466330054,116.12854049656968,109.00223397675197,109.3519287109375,833000
2020-03-23,109.09675977184482,111.28946919493958,99.89116153644136,101.84758758544922,920000
2020-03-24,106.5921372587722,112.46141445289885,104.73967677197949,111.62969970703125,783000
2020-03-25,110.8641779102192,116.60113876762885,108.98335679089573,111.35564422607422,787300
2020-03-26,112.60320026287005,123.1225403263798,112.47088215484568,122.49874877929688,1020800
2020-03-27,118.71821437714055,126.20366964279339,117.00752512358501,122.62162017822266,1027700
2020-03-30,124.01096422224086,132.69672836667593,123.94479795949599,132.30923461914062,898700
2020-03-31,131.92175794666468,134.5492283668064,130.14490205158359,132.2903594970703,1276100
2020-04-01,127.79149399546597,132.3470295069096,126.44939186978662,130.14486694335938,1044200
2020-04-02,129.8140959615825,133.67022806844884,128.54760607246,131.8933868408203,732400
2020-04-03,130.87260340422247,133.20708370548138,130.02198924055907,131.10888671875,908300
2020-04-06,136.06141588607787,141.30689492222908,134.407432371935,140.49407958984375,978800
2020-04-07,141.7605775563985,145.90025244174205,139.65291948718536,140.59805297851562,1080600
2020-04-08,141.42977396724356,142.33710845737366,138.19741918259243,141.06117248535156,826600
2020-04-09,140.9666284297585,145.29534075122186,139.74741279660614,144.31240844726562,669500
2020-04-13,144.17065328714745,144.99292921340802,137.29008277360276,141.30690002441406,737400
2020-04-14,143.91545382084337,149.83198317717842,142.95141380211615,148.5371551513672,930300
2020-04-15,145.7112202898679,147.4786152026115,143.63192961224158,146.2593994140625,589300
2020-04-16,147.03442929757742,147.6582064632041,141.25966288724612,142.08192443847656,888400
2020-04-17,144.5675877806819,146.93042089775795,141.28797426045318,146.46730041503906,717300
2020-04-20,145.4560223738238,151.37256660150948,145.02126909224398,148.81124877929688,889200
2020-04-21,146.5146010410125,146.86429582547765,138.37700092734357,139.6718292236328,718800
2020-04-22,141.7227639604213,143.92492672301137,139.47335606059886,142.60174560546875,393900
2020-04-23,142.16694829521495,144.6715601762526,140.86265973511541,141.2501678466797,593600
2020-04-24,142.2425913535047,142.82856950696163,137.54527671787085,139.7096405029297,766900
2020-04-27,141.16514080388293,142.54504206590389,139.87975866094567,141.4581298828125,408200
2020-04-28,142.33710843979637,143.42400617761245,138.12180675622548,138.18797302246094,523700
2020-04-29,139.1709086190131,141.02337663441725,137.62089024759035,138.80230712890625,519300
2020-04-30,137.8571831876265,138.21633855937245,133.48121014074178,134.68153381347656,780100
2020-05-01,133.48119000973142,135.19187920710206,132.03513701849593,133.64186096191406,639500
2020-05-04,133.6323982680436,133.67019725498483,131.05218836700823,131.88389587402344,400100
2020-05-05,132.99914572229412,135.83454533646199,132.81956810594272,133.8875732421875,964200
2020-05-06,134.60592868807782,134.85165823797527,131.85558638741804,133.25439453125,582600
2020-05-07,135.52270500392217,137.44132503946165,134.8516538089727,135.9669189453125,664800
2020-05-08,138.46207452423457,140.61697801156677,137.2712113617387,140.11605834960938,644600
2020-05-11,138.93459174898803,145.16301658458096,138.93459174898803,144.3974609375,603100
2020-05-12,145.07798142610235,145.50328858505273,140.9571990966797,140.9571990966797,608200
2020-05-13,140.45627742708265,141.8078112886217,137.31842756586724,138.99131774902344,689900
2020-05-14,138.36752145706214,145.12523379624446,136.2031723562039,142.61117553710938,1131900
2020-05-15,142.0441381761572,145.07802371464976,141.65664431752765,143.01763916015625,1530100
2020-05-18,146.0987069753239,151.73169335685182,145.21027936750696,150.78656005859375,568000
2020-05-19,150.48415642848727,151.76009241707737,148.89632465553973,149.0002899169922,484600
2020-05-20,150.53142206842543,151.09849353613393,149.16098132780496,149.3594512939453,498100
2020-05-21,148.23474627759737,149.0381155840949,147.15729458015477,147.72438049316406,332400
2020-05-22,148.02678433136342,149.15149535319708,146.6090842712216,148.839599609375,443700
2020-05-26,150.8905661013394,152.26102129167697,149.37836106815732,149.97378540039062,376700
2020-05-27,150.20059925091985,151.24025176684847,148.3292391438396,151.2024383544922,434200
2020-05-28,152.2609816094954,155.54059534030378,151.2307753438945,153.8771514892578,430300
2020-05-29,154.55769219639672,157.26077479479386,152.29882353148955,156.7882080078125,737900
2020-06-01,156.41012994999488,157.49702758018591,155.31377175608273,156.56134033203125,554300
2020-06-02,156.8354553776783,157.8183878726803,152.8753437031978,155.41775512695312,574700
2020-06-03,155.94703385016086,156.44795347183089,154.00950721194627,154.21743774414062,565200
2020-06-04,153.6598104708952,155.0018983479509,151.21191809841173,151.81680297851562,544200
2020-06-05,153.7165159843819,156.16440835382934,153.16833680909374,154.91683959960938,555300
2020-06-08,153.7354297295815,156.7031485581203,153.7354297295815,156.3534393310547,550900
2020-06-09,155.4838802082598,156.50462594366513,152.46891697484162,152.69573974609375,486000
2020-06-10,153.16830924597417,153.16830924597417,150.2384044976226,150.88108825683594,456800
2020-06-11,148.88226552208775,148.88226552208775,141.0667993606209,141.4646759033203,556000
2020-06-12,145.03608159998382,146.3718045586147,141.47411516338417,143.82350158691406,522200
2020-06-15,141.2278331419092,146.17289252172773,140.28050398033622,145.74659729003906,396900
2020-06-16,148.80647240315932,149.0622553344704,146.04974096318577,146.7412872314453,424500
2020-06-17,147.96333619370805,148.56962624668273,146.2676089897774,146.7791748046875,309600
2020-06-18,146.01181120814132,146.72230789883673,144.63817270872312,145.28236389160156,332800
2020-06-19,147.6980858903347,147.91596753950776,144.06034555545858,144.2213897705078,860800
2020-06-22,143.99404352336273,146.24869172521483,142.4783109673938,145.1024169921875,575700
2020-06-23,146.60868227810258,147.93495201651908,144.96033849099283,146.6560516357422,689000
2020-06-24,145.3392480395114,145.3392480395114,140.4794444871352,141.18994140625,522100
2020-06-25,141.45523291278516,141.45523291278516,138.42376726942697,141.29417419433594,566400
2020-06-26,141.1520274499779,142.3835580972717,139.7689206865354,140.51731872558594,1432900
2020-06-29,142.29831661543736,143.06565090675434,140.38470770338444,141.7962188720703,544300
2020-06-30,141.57830663725184,146.1539071341349,141.57830663725184,145.358154296875,517900
2020-07-01,146.55179184642,147.0254563413697,144.43925224637042,146.15391540527344,678400
2020-07-02,147.4801854247488,148.85382416589698,145.48133492672747,145.8981475830078,585700
2020-07-06,147.31910006006746,147.98224180023627,145.16867403953486,145.55706787109375,646200
2020-07-07,143.95611021973508,145.9076054980664,142.88562390575842,143.78558349609375,482200
2020-07-08,144.37297294954521,144.50559846728896,141.47414773664786,142.87620544433594,510400
2020-07-09,142.8383085807767,143.8330072220552,139.5605573462067,142.51622009277344,881200
2020-07-10,142.6014549027694,142.86670590670568,141.06678631498164,142.58250427246094,296100
2020-07-13,143.6340538910513,145.77502721201196,141.93834092175393,142.25096130371094,402200
2020-07-14,142.25095830790718,145.44345313490257,141.92886984422447,145.24452209472656,458300
2020-07-15,147.6128494652998,150.066428733495,146.95918997533417,149.28961181640625,378700
2020-07-16,149.3274768970798,149.63061466449423,147.9822714336611,148.8253936767578,276600
2020-07-17,149.69695394573486,152.33999587188876,148.90118648653882,151.53477478027344,464500
2020-07-20,151.5158218774615,152.04632387223785,148.60751453846893,149.15696716308594,284500
2020-07-21,149.21380444365042,150.16113356337289,147.94438689244518,148.8822479248047,455000
2020-07-22,148.80649364959956,149.72540426079186,147.9917898434424,149.52645874023438,307300
2020-07-23,149.89585327676397,150.75792607648614,148.71169210849476,149.70639038085938,358100
2020-07-24,149.81059584084608,149.81059584084608,146.70335811869975,148.11488342285156,312400
2020-07-27,148.1149207667128,150.4548249612538,148.10543822379907,149.38433837890625,441700
2020-07-28,148.98643022945285,150.30321691133062,147.64122483505986,148.83485412597656,548100
2020-07-29,149.4885361366974,154.73673303489068,149.4885361366974,153.21153259277344,593500
2020-07-30,150.70110008708252,152.95574774815927,149.80114042193546,152.64312744140625,344600
2020-07-31,151.78105810878685,152.18840265261323,148.99590845206976,151.22213745117188,416500
2020-08-03,151.5158323636193,154.31991866010202,151.5158323636193,152.58631896972656,478400
2020-08-04,153.0694179912864,155.47562723503083,149.0148511220807,149.677978515625,612100
2020-08-05,151.28846400180186,151.4874094856977,148.84435303373087,149.36538696289062,355400
2020-08-06,149.3464423233545,149.3464423233545,146.50445472858013,147.764404296875,421000
2020-08-07,147.68861301359965,148.8633063977203,144.34454217290278,146.09710693359375,498700
2020-08-10,145.98340277522976,148.63591237650846,145.43395022779538,147.66964721679688,568500
2020-08-11,148.45592047340895,151.81892655404047,148.0106747274209,150.36004638671875,566600
2020-08-12,150.93791445844136,152.49153326683833,150.41688067557524,152.05575561523438,346500
2020-08-13,151.12739386345723,151.88525995272008,150.26532100623209,150.8147735595703,243800
2020-08-14,149.82007638562987,151.47790214467773,149.72535215816896,150.3411102294922,245200
2020-08-17,150.34113202858103,152.22632222605125,149.3559160805913,149.78221130371094,253200
2020-08-18,150.3506350881271,151.21269373959387,147.66969151431238,149.44119262695312,291700
2020-08-19,149.62117335094283,149.62117335094283,148.03913535126492,148.6927947998047,367200
2020-08-20,147.91598978782352,148.70227480669166,146.4476265466866,146.51394653320312,241800
2020-08-21,146.75079139881208,146.836047570113,144.3635174166962,145.37716674804688,362700
2020-08-24,145.7370859525461,146.71283363977113,143.87084671656973,145.0550079345703,302600
2020-08-25,146.1728974712323,147.034970506677,145.65186352370546,146.44761657714844,300600
2020-08-26,145.96322015223078,146.84652936206,144.1681237821988,146.5236053466797,325500
2020-08-27,146.52361172957933,149.7908805965926,146.07721078015624,149.05003356933594,332200
2020-08-28,149.82882707496157,150.61715164432442,147.81528424255046,149.72434997558594,251900
2020-08-31,149.9143131103008,152.3457644817204,149.68637360210104,151.62393188476562,395400
2020-09-01,150.8736073478462,152.18430300210593,149.78134406127074,150.79762268066406,371700
2020-09-02,152.20331699291677,155.91698642709773,151.20603807041925,155.33761596679688,396400
2020-09-03,155.33760481355006,155.33760481355006,150.51268703819082,152.4217529296875,371200
2020-09-04,153.57101050814316,154.00790426480606,149.08801622205104,149.9903106689453,317400
2020-09-08,149.21152144228697,151.57648144746176,148.15725744841234,151.0351104736328,611900
2020-09-09,152.09882325242376,155.51806075793897,152.09882325242376,154.83421325683594,581300
2020-09-10,155.38505336955254,157.0186870584507,153.15304963978187,153.95086669921875,604000
2020-09-11,154.72024126596506,156.1544283992066,153.5045154994018,154.13137817382812,552200
2020-09-14,155.45154996392307,159.4216649487092,155.36607265975806,158.7758026123047,446500
2020-09-15,158.7758366672177,162.1380896114394,158.5858822308005,161.12181091308594,636600
2020-09-16,162.0621083032369,163.0878796723011,160.85587514342134,161.61570739746094,584600
2020-09-17,160.6753760540522,163.2587964225238,159.58312740608,162.8978729248047,464700
2020-09-18,163.29681911921193,167.21944279768715,162.65097112462243,167.0769805908203,1054700
2020-09-21,165.21543225100717,165.21543225100717,160.0865886671471,163.4108428955078,744600
2020-09-22,163.163837979828,163.56276111592743,158.13947310884674,161.07431030273438,500600
2020-09-23,161.24528152390812,161.88163683199133,156.89525698457186,157.3511505126953,407100
2020-09-24,156.98073932156998,159.98206867055674,155.94547533171263,158.86131286621094,402700
2020-09-25,157.79755411091918,162.10008649399703,157.43663054478031,161.66319274902344,537800
2020-09-28,164.28463913591744,166.56412186951152,163.80974569203553,164.275146484375,449000
2020-09-29,164.75946051250958,165.95618625029806,163.53422784736742,164.14210510253906,420900
2020-09-30,164.3131040424402,168.82459100314304,164.3131040424402,167.34292602539062,537600
2020-10-01,168.21674139176494,169.7838838209129,164.52207130488353,165.7093048095703,476000
2020-10-02,163.40127885745756,165.43382158396858,162.7459382829704,163.99964904785156,491200
2020-10-05,164.7214834758089,166.23165518779442,164.4935439665231,165.94671630859375,426500
2020-10-06,167.34291887866917,175.70104463164475,167.1909495303654,171.92088317871094,693500
2020-10-07,173.50704826680058,176.67934724069696,172.27233700238097,175.98599243164062,473600
2020-10-08,177.6101426376077,177.6101426376077,176.58437109074944,177.37269592285156,306100
2020-10-09,178.1515022279214,179.84212143202194,177.23020794907393,178.9873046875,550400
2020-10-12,179.69967413890498,183.28037472130956,178.97784133008557,182.18812561035156,335000
2020-10-13,181.05784862870158,181.5897268776616,177.95204196965858,178.25596618652344,343600
2020-10-14,178.48393828333084,181.23832876935873,176.28993303801352,177.2112274169922,361200
2020-10-15,176.19493462680649,178.9588175452022,175.0741932191961,177.92355346679688,309100
2020-10-16,178.10399575962703,181.00084792590496,178.10399575962703,179.3957061767578,236000
2020-10-19,179.83262382786518,181.90316652577317,176.73632417027713,177.06874084472656,203900
2020-10-20,177.48666223320674,179.74715955105717,176.5273827417091,176.9832763671875,181600
2020-10-21,176.8787931506705,178.142011344099,176.3374222063992,176.61285400390625,181200
2020-10-22,177.22069197033008,180.0605593420731,176.7742910742763,178.7403564453125,216400
2020-10-23,179.76614261431058,179.76614261431058,176.52736631167133,178.1230010986328,176500
2020-10-26,176.47987936213318,177.2112192410295,174.5518133571669,177.0592498779297,238800
2020-10-27,177.44864899296576,178.56939033047493,175.55856826294539,176.04296875,268800
2020-10-28,173.80145622894815,173.80145622894815,169.2329704808439,169.65087890625,302500
2020-10-29,169.1189993383723,170.63866369236518,166.68754796605842,168.4256591796875,396400
2020-10-30,167.8557858683624,169.6888815873762,164.21810136221848,168.29269409179688,352600
2020-11-02,169.28996769266422,173.55450022347628,168.7580750263691,172.4527587890625,578900
2020-11-03,173.00363508246645,177.21119754091143,165.43383420958293,167.52337646484375,618400
2020-11-04,169.76485110029506,172.6427031523981,167.35238517677448,168.70108032226562,404700
2020-11-05,170.06878812493846,170.97108250622298,169.01452440778044,170.1637725830078,254600
2020-11-06,170.20181564140896,173.48808480915758,170.20181564140896,172.54779052734375,378500
2020-11-09,180.67789737728324,185.43633742681817,180.50694274902344,180.50694274902344,676700
2020-11-10,180.8868704114119,180.8868704114119,174.92221121699242,179.965576171875,388000
2020-11-11,180.77291225201262,181.09583626590543,177.87605979186714,179.68064880371094,239700
2020-11-12,179.56665635276948,180.5449354135658,176.36588007575207,179.52867126464844,279600
2020-11-13,180.25052219594315,183.5937755014767,180.25052219594315,183.109375,248600
2020-11-16,185.20842976701206,186.6806022354743,182.49203888405867,185.75930786132812,388100
2020-11-17,184.91397429145113,185.8637609881106,182.26406129191804,185.40786743164062,378600
2020-11-18,185.4078695802766,185.4078695802766,180.97235290199143,182.30206298828125,315700
2020-11-19,182.84342255338072,185.5693200905532,181.14331082867506,184.9519500732422,274500
2020-11-20,184.69553107710573,186.91802851320384,183.7077447771098,186.2056884765625,453700
2020-11-23,186.7767367938321,186.93852891233672,179.2771108171127,179.9623565673828,445800
2020-11-24,180.27641115568807,182.58911896774,179.19144124399904,181.42800903320312,420800
2020-11-25,181.91338295836832,181.91338295836832,179.34371894036892,180.15267944335938,235600
2020-11-27,180.66664333967464,182.6843033408563,179.39133049070983,182.43685913085938,174000
2020-11-30,182.43686870156486,184.46405538939507,181.18057990284564,184.45452880859375,564400
2020-12-01,185.58705150110987,185.58705150110987,182.63668743758726,184.56869506835938,466800
2020-12-02,183.24579691382826,184.987461791665,182.46538710427052,183.49325561523438,273200
2020-12-03,182.82706395177308,183.75975388336371,181.3709204026786,183.38858032226562,321900
2020-12-04,183.0174192395743,184.73053368537808,182.8936898700304,184.1499786376953,355800
2020-12-07,183.73118143300405,185.03504477130622,177.8780427121555,178.57281494140625,543200
2020-12-08,177.84000586647105,180.21932735429056,176.57420509228396,179.9623565673828,437200
2020-12-09,180.48577421705474,180.91404909503512,177.91611042694942,179.16287231445312,362100
2020-12-10,178.9249539506362,181.94193148469012,177.94467477959947,180.59999084472656,233600
2020-12-11,180.34303696877274,180.9331039860194,177.01198725062034,177.2308807373047,317900
2020-12-14,177.906569053897,180.2573391814944,176.96436730513855,177.33554077148438,409500
2020-12-15,178.44908181795853,181.47557127492385,177.55445476422207,179.1533660888672,433200
2020-12-16,179.21047256135623,179.3341873864851,172.5578853742382,172.9861602783203,707000
2020-12-17,173.59527987358865,174.87060715398036,171.87265353987885,173.82369995117188,712100
2020-12-18,174.02353212671096,176.06974224116547,172.95758651478866,175.9745635986328,965500
2020-12-21,173.8237149923581,175.6319935657999,169.49334685653815,175.23226928710938,326300
2020-12-22,174.53746286077666,175.63194466276028,172.90048892447646,173.7760772705078,372600
2020-12-23,174.29958791569436,176.1840066146954,173.547728656723,175.27035522460938,273300
2020-12-24,175.75568502412216,177.2213549187421,175.18465668725798,177.2023162841797,97200
2020-12-28,179.0676670762634,179.96229396804645,176.57414367150537,176.75497436523438,230200
2020-12-29,177.51641700183532,178.7346284100636,175.52729325298046,176.6313018798828,173700
2020-12-30,177.4402380603469,178.89638129181782,176.50754833220068,177.29747009277344,169100
2020-12-31,178.23019654723157,180.54288978337155,175.9650781173207,180.39060974121094,234800
2021-01-04,180.61900430423458,183.12205450080086,177.1642257618678,179.3912811279297,487600
2021-01-05,180.3906078611758,183.89297618324778,178.4110254226154,182.56056213378906,396100
2021-01-06,181.03776464883455,187.53807090530938,181.03776464883455,185.81544494628906,570900
2021-01-07,185.51090027030355,190.58361444745182,185.51090027030355,190.14581298828125,299000
2021-01-08,189.39396687591545,194.04791854639947,189.39396687591545,193.02005004882812,307800
2021-01-11,191.90654100014712,194.06696883838433,190.1458374034922,190.78350830078125,356200
2021-01-12,190.26004538145963,191.70666222615407,181.51365825961756,182.78897094726562,863800
2021-01-13,183.75974735405543,186.07244072436362,181.82773958900975,184.7305145263672,484000
2021-01-14,185.31105980165006,188.2328587005811,180.30495867369208,180.67613220214844,381600
2021-01-15,180.5999952751635,180.8093767073393,175.03239225291898,175.47970581054688,646200
2021-01-19,177.1262078732008,179.6768335151991,172.97667065379432,179.6007080078125,786000
2021-01-20,179.1819459771972,182.0656824474914,179.16290733914508,180.38111877441406,418800
2021-01-21,179.5340471561994,181.30426258436876,178.37293733115155,179.239013671875,594600
2021-01-22,178.5822776883105,180.39055544748632,178.03027359328783,179.64820861816406,402400
2021-01-25,179.59115067633414,181.8372303375126,179.219977171921,181.21861267089844,438800
2021-01-26,181.21861165275908,184.73049184059607,180.4952887604729,183.85488891601562,422400
2021-01-27,180.8474551827528,183.0649843493831,178.23020178537118,183.01739501953125,1113400
2021-01-28,184.40693872009007,185.58708747872566,180.457270615972,181.95147705078125,636400
2021-01-29,181.3137823074502,182.19889732007402,176.33624656573411,178.07791137695312,719100
2021-02-01,179.07722664789935,179.9718537045164,175.07997010675106,177.3260498046875,743700
2021-02-02,178.8202763324308,184.00719401544436,177.9066105364205,181.85629272460938,618700
2021-02-03,179.91475042081296,179.92427700009858,168.03718272975598,174.04258728027344,1321200
2021-02-04,177.10715520911356,180.85696786775532,175.86039318267902,176.65032958984375,578800
2021-02-05,176.90730996384823,178.72510048255714,174.13777635977246,174.33763122558594,441200
2021-02-08,174.26146923004129,177.08810363245712,173.61428639106686,174.9752655029297,531400
2021-02-09,175.1751722942748,177.00248955229344,173.24316430428615,173.94744873046875,262900
2021-02-10,175.41308385347145,175.97460020343908,173.8712882748399,174.45184326171875,417300
2021-02-11,175.13707358032633,175.51775915175227,173.18602735176515,173.5381622314453,544300
2021-02-12,172.82433466594208,175.118003303236,172.7577212379795,174.16627502441406,646900
2021-02-16,174.09015386521,175.24175159702563,172.86243064240233,173.6904296875,550500
2021-02-17,173.5381921009991,176.09834439783182,172.93861294891434,176.06979370117188,985200
2021-02-18,175.1750980579816,176.18392767186208,173.0337095115377,173.081298828125,807100
2021-02-19,173.2145730019058,173.75706517373277,169.6170407244133,170.1024169921875,442700
2021-02-22,168.45595290888377,169.31250279275076,164.75372943996737,167.14256286621094,651700
2021-02-23,167.69580869479614,168.08691162137015,164.5670143929542,165.28244018554688,605200
2021-02-24,164.76731947243553,166.98991060058165,164.5002283506765,165.1298065185547,597800
2021-02-25,165.27290843187376,166.85638783821503,163.9088367704648,165.01536560058594,412600
2021-02-26,165.43508873394802,168.0583172020992,164.25226048556914,166.741943359375,1100000
2021-03-01,167.9343161690205,171.2348063075431,167.7530726046076,169.5750274658203,546800
2021-03-02,169.9565821395691,170.53846247803156,167.67675875878228,169.5750274658203,612100
2021-03-03,168.50662718658066,169.43191243829332,163.42234702086185,163.73712158203125,668700
2021-03-04,163.44145271037385,168.93593376465822,162.50663346920217,163.3079071044922,1433800
2021-03-05,164.70058960135785,169.59409300576513,164.42395009408932,168.9835968017578,585700
2021-03-08,168.67833908476632,168.67833908476632,162.76415497160158,164.69102478027344,995100
2021-03-09,166.589291165527,171.42557683488948,166.31266624484178,170.77691650390625,868500
2021-03-10,172.29362055458984,172.37948271992641,169.8707180449965,171.6926727294922,560000
2021-03-11,172.59887533514248,173.91526357166623,171.40649890506702,173.18075561523438,638600
2021-03-12,172.1410044162046,176.75788239458285,170.99631141529164,175.5655059814453,506300
2021-03-15,175.4891861610579,178.54166676354046,174.7165286005487,178.43673706054688,565200
2021-03-16,177.56868321046522,179.50510127104837,176.96773541759927,178.2554931640625,501000
2021-03-17,178.3604374739311,179.19034139312978,177.2729907175733,178.38905334472656,449700
2021-03-18,177.3016188015494,178.95187842643963,176.8628323822093,178.37953186035156,489800
2021-03-19,178.8946028947761,180.00113164554196,177.6163789354649,178.6084442138672,1505900
2021-03-22,177.20622983556385,179.16173020483015,176.16646646643912,177.9502716064453,630400
2021-03-23,178.18872154067628,178.37949884226677,176.23322144977962,177.24435424804688,559000
2021-03-24,176.3763160969313,180.63072161302813,176.2904684870701,179.09494018554688,672700
2021-03-25,179.4764842085449,182.56712897917075,177.18712741536865,182.04248046875,629800
2021-03-26,182.42401982685823,184.84692179443917,181.25071119837045,184.75152587890625,581700
2021-03-29,184.76111697874597,186.6212213192958,182.28096815442848,183.88352966308594,445100
2021-03-30,182.805617876913,183.66412309949843,180.5544105551679,181.26983642578125,526500
2021-03-31,181.55598682815028,183.12991772319936,180.39222639403377,181.69906616210938,413100
2021-04-01,181.92805066378426,184.85651998237756,178.84695364930005,184.57989501953125,768500
2021-04-05,185.61960291985704,189.32074367338367,185.61960291985704,186.8501434326172,748500
2021-04-06,186.85967430594474,187.98528510291885,185.49560280413795,185.53375244140625,638600
2021-04-07,185.65777908936207,186.42088833878435,183.56873331393513,184.8564910888672,432300
2021-04-08,186.11562347206137,189.25395133712223,185.03771069140834,189.0250244140625,723700
2021-04-09,189.88355851865654,191.43842203391466,187.85174443360162,189.9694061279297,489700
2021-04-12,189.46385588293717,191.83907516348447,189.46385588293717,191.3716583251953,405700
2021-04-13,190.86611309645883,193.92814276162377,190.57040601384054,193.55612182617188,397200
2021-04-14,193.52747186406143,196.26516353363883,193.02190541404283,195.39710998535156,533500
2021-04-15,195.7500565138108,198.5735956963802,195.7214260890785,197.180908203125,861000
2021-04-16,198.35420559302705,199.03146725214214,196.207928025727,198.54498291015625,1025400
2021-04-19,198.3542112605359,199.55612149263024,197.14275270131768,199.0124053955078,437700
2021-04-20,199.2890005585333,201.5211254655599,198.35418162877744,199.73733520507812,819800
2021-04-21,200.77708670703643,202.84705021598873,199.34623514786782,202.72305297851562,475600
2021-04-22,202.4273923657922,203.65791858425342,200.4814256484485,202.5895538330078,447500
2021-04-23,203.12369926724332,205.53706784665715,201.03465356327732,204.9170379638672,617400
2021-04-26,205.05058141406798,206.74852416253927,204.13482997802572,206.490966796875,402800
2021-04-27,203.18092235407286,204.49731045239668,202.35103310358605,202.63719177246094,1398200
2021-04-28,202.30333925356965,202.59904625433595,200.92018562284423,201.15866088867188,616100
2021-04-29,201.82642823920943,203.40990780763795,200.5863537030259,203.1714324951172,939000
2021-04-30,203.13325866695172,203.31450222473825,199.40350146260184,201.292236328125,1020800
2021-05-03,203.02831009994836,204.93611233254788,201.53069291615324,203.6292724609375,640700
2021-05-04,202.99013733137798,203.77232858882704,201.43527403124708,202.2079315185547,605200
2021-05-05,202.80891045852724,202.80891045852724,199.10776958745828,199.77549743652344,734200
2021-05-06,199.4225680446961,200.6149444580078,198.48774901216504,200.6149444580078,517300
2021-05-07,200.77710831229385,204.07761266830227,200.77710831229385,201.75009155273438,545800
2021-05-10,202.16981689459584,202.16981689459584,198.02034097071373,198.0680389404297,611700
2021-05-11,197.22856728147937,197.3621128404571,193.86129788583682,195.21583557128906,628100
2021-05-12,193.96625791597998,193.99487378628123,188.40501241987062,188.62442016601562,536900
2021-05-13,189.54972704714797,190.83748502353686,188.57674367993235,189.8168182373047,440100
2021-05-14,190.7039304289704,191.32397495608524,188.5290368086847,188.66258239746094,602500
2021-05-17,188.3191997351888,189.76913383932626,187.21267069373178,187.50839233398438,652100
2021-05-18,187.4988114476422,188.01392622990727,185.648240850943,186.91693115234375,669900
2021-05-19,185.08543592818882,185.50515475615097,179.6195865040255,180.6688690185547,1251400
2021-05-20,181.19350092760263,183.25393068196942,180.29683161475552,180.57347106933594,842200
2021-05-21,181.87082273802523,185.57194983118694,181.35570789241473,181.74681091308594,899500
2021-05-24,182.99640089353105,182.99640089353105,180.56394994666334,181.24122619628906,401200
2021-05-25,181.1744422007188,183.2539543197612,180.9550490071616,182.5385284423828,755200
2021-05-26,182.71024438059632,186.39230389582784,182.2523758426702,185.21900939941406,1103500
2021-05-27,184.72193418760915,185.95500044842925,182.3896083381962,182.46607971191406,976800
2021-05-28,183.26902628023976,184.7984247424942,182.18890265474383,182.4374237060547,695700
2021-06-01,183.4983817819273,183.66087794647902,179.79916921229545,180.11459350585938,3682200
2021-06-02,179.92347152324828,183.89989567149917,179.79921829609447,182.7432861328125,955600
2021-06-03,182.38959887585406,184.61677829403718,181.29035392971304,181.57711791992188,941700
2021-06-04,182.72419097057806,185.16166343175541,182.22713427374615,185.06607055664062,834100
2021-06-07,185.82120574815048,186.7388477784898,183.86168303509277,185.2763671875,902200
2021-06-08,186.65282470735184,187.23590625855854,182.43743257086194,187.0734100341797,1045800
2021-06-09,187.2645706324261,187.8763270954306,186.05061115951463,186.910888671875,771100
2021-06-10,187.15943482796075,190.21821731493495,187.15943482796075,189.48219299316406,1007900
2021-06-11,190.0461467217998,191.28876648710443,188.92776559634754,189.76893615722656,558900
2021-06-14,189.9409584646643,190.67696795750626,188.7269993251389,189.61595153808594,1027900
2021-06-15,190.19902069302415,190.61960585361788,188.0387596054704,189.47256469726562,718800
2021-06-16,189.67336671394304,191.9579110953233,189.3388208071314,190.06527709960938,517500
2021-06-17,190.06527094514024,193.038028536835,189.7976283941872,191.4417266845703,535200
2021-06-18,190.79174456985467,191.54687579556006,188.8226392229295,190.33291625976562,849900
2021-06-21,191.24099368752846,192.65567776423367,188.9277745356588,192.47406005859375,654100
2021-06-22,193.07626496116268,196.2401936124022,192.47406194926737,195.47549438476562,539200
2021-06-23,195.2078586608195,197.32989216354937,194.09904547129085,196.50784301757812,524600
2021-06-24,198.12319662048398,198.12319662048398,195.08352216547996,195.12176513671875,616200
2021-06-25,195.5328259927833,198.0945659780388,195.5328259927833,197.67398071289062,514900
2021-06-28,197.86517586117395,198.64899660230435,196.58431300585966,198.08502197265625,414500
2021-06-29,198.82104831853636,198.9453161410715,196.6416649172633,197.34901428222656,421800
2021-06-30,197.39678479045782,197.97031284643145,195.5615154309362,197.19606018066406,534700
2021-07-01,196.93794089898648,199.82467305667438,196.93794089898648,199.7290802001953,412000
2021-07-02,200.4460079538286,200.732771973733,198.67765657102865,200.3791046142578,341500
2021-07-06,199.71958741944752,201.45926416955294,198.7541488661633,201.42103576660156,581800
2021-07-07,201.65996051773567,204.02096135085728,200.04453735976577,203.9349365234375,476200
2021-07-08,202.40554156171285,202.59671270985757,200.82836135773908,201.97540283203125,367900
2021-07-09,202.36732053922572,203.552590452161,201.00041833861343,201.91806030273438,439000
2021-07-12,201.44970111811162,202.54894632207098,200.7519197604355,201.49749755859375,489700
2021-07-13,201.32537913375566,201.71728942068958,199.03129646197712,199.5092315673828,300800
2021-07-14,199.72911889265436,200.32176846387583,197.86517451359677,198.821044921875,342800
2021-07-15,197.41587684633205,198.5342432618462,195.2556153837264,197.42543029785156,379400
2021-07-16,198.57249896081782,200.0063043934023,197.4063360421486,198.5342559814453,305600
2021-07-19,196.88057261333023,198.419524112069,194.0034087615233,195.28427124023438,404800
2021-07-20,195.75265316766536,200.83788966714692,195.75265316766536,199.1555633544922,402200
2021-07-21,200.27397751028607,200.68499479609625,197.70268370794233,200.58941650390625,315400
2021-07-22,201.1820150501241,202.88346294829842,200.47466580605396,202.80699157714844,295600
2021-07-23,203.84891169912106,204.45111470500336,202.38643118662787,203.09378051757812,354000
2021-07-26,202.27173418481408,204.09745013358722,200.6180824909795,202.34820556640625,255700
2021-07-27,202.3386207206925,205.4834422162147,201.98495337245248,205.3782958984375,315400
2021-07-28,205.47389774065635,205.99006131429815,204.1834669284157,204.8238983154297,433600
2021-07-29,205.7893417666859,207.7488790967849,204.93861765372128,207.20404052734375,423500
2021-07-30,207.20400451000236,209.85175468193165,206.56357317317705,208.33192443847656,349700
2021-08-02,209.36423557537682,210.27230929119727,208.2458692619448,208.69512939453125,376900
2021-08-03,208.79074083507007,209.66058630110211,206.8598933471554,209.2782440185547,363200
2021-08-04,208.65691261672941,209.8230755006454,206.50620453194674,206.917236328125,360700
2021-08-05,207.48120291173663,207.67237405274233,204.7282918079009,206.0187225341797,578600
2021-08-06,205.44519404725298,207.20400646250903,204.83343764620574,206.74517822265625,688800
2021-08-09,207.54813783914636,207.54813783914636,205.14889387885307,205.5216827392578,700300
2021-08-10,207.42385981882975,215.5296360633152,205.3974194040643,208.01649475097656,755800
2021-08-11,207.81577527592194,209.58412666350443,207.10842596963457,207.978271484375,429600
2021-08-12,207.31873859381975,208.96283691305752,206.64963220469397,208.54225158691406,489200
2021-08-13,208.80030465360315,210.61645233714083,208.29369457602402,209.1922149658203,294100
2021-08-16,209.4502952927027,212.45172744876422,208.57089636769228,212.16497802734375,409600
2021-08-17,211.98335203930014,216.02667916271943,211.80173435589396,215.85462951660156,540900
2021-08-18,215.35756446973323,215.71123178541848,206.62091120232364,206.73561096191406,695700
2021-08-19,205.89448635291654,206.611389180866,203.42835345994473,205.40699768066406,700400
2021-08-20,205.15842944902928,206.03782829887723,203.5525598992124,205.41650390625,621700
2021-08-23,206.45841686609484,206.8503125766843,203.52388824992894,203.82020568847656,455400
2021-08-24,203.5621581011209,206.24815147665066,203.17980120620837,204.21214294433594,299000
2021-08-25,204.2598951520278,206.9172130082417,203.51431760016467,206.4966278076172,449900
2021-08-26,206.58269758283865,206.58269758283865,203.04598016711927,203.24671936035156,305700
2021-08-27,203.6863845567693,206.46797043676597,202.86433557253937,204.18344116210938,368500
2021-08-30,204.42242382449697,206.27681454817545,203.8202208655601,205.1488800048828,276800
2021-08-31,205.1966903143766,206.06653585046243,203.92538097365681,205.5216827392578,487900
2021-09-01,205.97090901257553,207.97824229013875,204.4319573892229,207.60545349121094,344400
2021-09-02,208.92718925555093,209.89452818498705,208.10350945917455,208.8601531982422,350100
2021-09-03,208.98466890879658,209.41566095533025,206.13052853675475,208.6207275390625,470500
2021-09-07,207.51927786687918,207.8928062390226,204.1287906900663,205.3355712890625,447800
2021-09-08,205.5079829661624,207.7012620134437,205.3547368052597,207.6150665283203,251500
2021-09-09,207.94067989639944,208.20885334015364,203.5062164421638,204.1191864013672,404600
2021-09-10,204.62681356524638,204.90457404336186,200.72871138234518,200.8532257080078,472500
2021-09-13,202.45269714803706,202.75917484325768,199.54107866447367,201.32252502441406,423800
2021-09-14,202.70170003338055,207.22235905036857,202.41436716255325,206.82009887695312,553800
2021-09-15,206.4465636901663,209.01337079198296,204.8566678567003,205.88148498535156,527800
2021-09-16,205.85274116869172,207.1744635789356,204.00425888942053,206.32205200195312,484700
2021-09-17,204.58850635047983,206.7626404368288,203.04650167301145,206.00599670410156,1639900
2021-09-20,204.08085670828044,205.4696150003715,201.80136810643887,203.5445098876953,506800
2021-09-21,205.1631503869094,206.30288014580856,202.38561901209587,203.16140747070312,489700
2021-09-22,204.1766451710997,207.00206789527385,203.11353843942916,206.5998077392578,349700
2021-09-23,207.35644184234712,211.72385463015215,207.35644184234712,211.0534210205078,520100
2021-09-24,210.74694160893773,211.6568315072829,209.81792151661674,210.90977478027344,286300
2021-09-27,210.15311618907856,210.4308766482226,204.25327125182872,205.93894958496094,312100
2021-09-28,204.06174384323654,205.00035099339175,200.92027065081837,201.6385955810547,460400
2021-09-29,201.609828656591,202.93155097473394,198.66947877245693,200.27853393554688,385600
2021-09-30,200.901114181806,201.64817095108947,195.62382554456354,195.65255737304688,441000
2021-10-01,196.4953988460478,200.1444872478561,193.49758471629545,198.8323516845703,495300
2021-10-04,197.61596656029909,199.37825343837218,195.30774575442925,197.31906127929688,573700
2021-10-05,198.22892858399416,201.34166962906468,197.51060372743942,198.85147094726562,645800
2021-10-06,197.673401550175,203.88931058504562,196.6677439335616,203.23802185058594,604300
2021-10-07,204.9045698155573,208.72604884338332,204.31075925500144,208.15139770507812,630000
2021-10-08,208.4865540709794,210.26799991290247,208.3237355592452,210.22012329101562,614300
2021-10-11,210.70862454968008,212.6433169216561,209.65507558118904,212.18357849121094,820000
2021-10-12,212.88277733086994,214.44392688552267,208.24717607469788,208.99424743652344,630900
2021-10-13,208.70688072297742,211.68553482570275,207.88320103049006,210.75650024414062,486000
2021-10-14,212.50922625035307,215.8614088513453,212.50922625035307,214.72166442871094,473900
2021-10-15,215.62196752402824,216.12958257799144,213.342478675725,215.58364868164062,340500
2021-10-18,214.69296088572347,215.11438052080186,212.22192134632974,213.77349853515625,309700
2021-10-19,215.2484629412334,219.7308034476671,215.2484629412334,217.44174194335938,356900
2021-10-20,217.71949659351867,219.49135592151006,213.72559726648035,216.5605926513672,739900
2021-10-21,217.22144489815278,222.7094428454554,215.6219765985303,222.47000122070312,442900
2021-10-22,222.09648001664183,225.50612652452313,222.09648001664183,225.37203979492188,361300
2021-10-25,225.51571448948903,227.08645102042072,224.20356440035812,225.42950439453125,395300
2021-10-26,227.1822087107494,227.24925938000135,224.12693126658698,225.419921875,316900
2021-10-27,225.0368303986135,225.0368303986135,221.41645946872572,222.30718994140625,313000
2021-10-28,222.88186011966383,225.05597966425427,221.78041981934558,223.10214233398438,302400
2021-10-29,222.766891739671,224.4334105987152,220.05641097331085,223.8683319091797,475600
2021-11-01,224.93148867931433,226.42560221591745,224.37598230543603,225.82220458984375,397000
2021-11-02,225.83175283081033,226.99065670676097,224.83568211777273,226.7320556640625,558300
2021-11-03,226.0328727150354,226.0328727150354,212.91147582351675,213.31373596191406,857000
2021-11-04,214.51096639395445,216.80002776806788,211.53231196355642,212.85403442382812,584900
2021-11-05,212.03031966411734,216.76168778088717,212.03031966411734,215.0951690673828,340700
2021-11-08,215.49744807842146,220.57361311158436,215.44955683375505,220.2958526611328,312300
2021-11-09,219.63500388337076,222.4699843210422,218.2366584707239,219.31893920898438,416600
2021-11-10,219.62542331092675,222.41252720055903,218.20793305049418,222.16351318359375,381400
2021-11-11,221.96239341602245,222.1922626444828,219.04120257548593,221.7421112060547,234600
2021-11-12,222.60411102859504,222.60411102859504,218.77304463530155,221.77085876464844,525100
2021-11-15,221.9144766157222,223.61929967436268,220.28627662441292,222.56576538085938,356200
2021-11-16,223.1117069158961,227.32588835371232,222.15394040016838,226.3010711669922,517300
2021-11-17,226.6267278186815,226.72251032425723,220.7652009135372,221.77085876464844,636000
2021-11-18,222.21140992761246,224.18442127823383,219.35726972730654,224.11737060546875,312100
2021-11-19,225.34330734856067,225.34330734856067,222.3838122869835,223.67678833007812,1067700
2021-11-22,222.77482705173554,224.36765571886832,221.17240832322787,221.61380004882812,390500
2021-11-23,220.59667903028648,221.18199487379448,217.97715746764933,219.6179656982422,327600
2021-11-24,218.85992930525006,220.51032762000287,217.19035086778538,218.77357482910156,224900
2021-11-26,218.65845223716926,220.95173622958032,217.5741749271732,218.11151123046875,232800
2021-11-29,219.65632585931647,221.0188611686488,217.30547258165635,217.51657104492188,407400
2021-11-30,216.2116113326317,217.62212626631307,208.7944240150783,209.68678283691406,1245100
2021-12-01,211.0013794142413,212.60381300529514,206.88498775359412,206.9137725830078,592800
2021-12-02,206.85618210791483,212.91083464059213,206.77941769009755,211.7018280029297,397800
2021-12-03,212.7956777121559,212.7956777121559,208.00760186669277,210.68470764160156,271200
2021-12-06,211.64424131631657,216.94085394758756,211.23163443392048,216.36514282226562,525700
2021-12-07,218.50490166438217,221.58499503991123,217.33426998806405,219.08062744140625,375100
2021-12-08,219.11901870548974,222.43901027069654,218.75439137669915,221.25877380371094,299800
2021-12-09,220.68304156639607,223.71515529092048,220.06894091621606,222.9667205810547,448000
2021-12-10,223.39854926261924,225.91252181584468,219.7523198053113,220.49114990234375,265000
2021-12-13,220.51991880520507,221.56580644017723,218.3801493074779,220.71182250976562,413100
2021-12-14,218.85032587925107,220.5007240932182,215.71264833229668,217.65090942382812,406200
2021-12-15,218.89833624993122,220.11693299826894,215.86620751029102,219.7906951904297,375700
2021-12-16,220.76938855187308,223.42729947264192,220.0401486299256,221.5561981201172,543200
2021-12-17,222.12236929989507,226.40187962669617,220.52954050502458,223.12986755371094,873600
2021-12-20,221.17243144949614,221.3835299523368,213.54414444273348,217.60296630859375,552800
2021-12-21,218.22663440990684,221.96882277349894,216.72976492099602,221.8536834716797,296300
2021-12-22,222.42940732469404,225.63424496641775,221.88248096850333,225.3367919921875,294600
2021-12-23,225.60546247664038,232.53329400226957,225.38477391949218,231.314697265625,520700
2021-12-27,232.25502662522896,235.2679604515097,231.42022273971338,235.0664520263672,264900
2021-12-28,235.0664839084271,235.5078757064876,233.37771042636615,233.9246368408203,199000
2021-12-29,234.2412164762864,234.84572701654412,231.71765437087376,232.51406860351562,285600
2021-12-30,233.6079855398101,235.87248473168313,231.65052939292315,235.248779296875,308500
2021-12-31,234.9225177018624,235.14320624072633,233.08021569451753,233.5599822998047,212200
2022-01-03,233.27212404577747,233.89581478852367,229.97132739317226,232.7539825439453,351600
2022-01-04,233.05143170313585,238.25209996609365,232.7923536357859,235.23916625976562,478200
2022-01-05,234.9129097871096,235.67093452367445,229.20367590504583,229.2420654296875,554000
2022-01-06,229.48198837734603,231.72729279360416,226.3059354853942,228.81031799316406,459900
2022-01-07,227.63002110235595,228.41684523032322,223.37929672334644,225.30795288085938,416900
2022-01-10,223.78232650341874,224.31966273462712,218.2937956138232,222.151123046875,476800
2022-01-11,222.4006123626654,225.42313620081532,219.62756189510733,225.25042724609375,465900
2022-01-12,226.24834351621422,233.49282264018487,225.96049524798045,231.89999389648438,718000
2022-01-13,230.79654723417238,232.19747231715317,225.0969169967938,225.34640502929688,387000
2022-01-14,223.70559399343034,226.4402697673901,223.02431890515376,225.02975463867188,425000
2022-01-18,222.06479505233858,222.57336119530734,218.52412930724824,221.0572967529297,398600
2022-01-19,221.71933121339296,226.65133100128,221.71933121339296,222.47735595703125,470100
2022-01-20,223.4848579685465,228.2249538279909,217.3438373400866,217.6700897216797,660100
2022-01-21,217.20952083732993,220.99968860380758,215.30005918338682,218.4665069580078,511700
2022-01-24,215.40563297015186,215.85661478655786,208.33386268556268,215.21371459960938,554800
2022-01-25,212.0184599113601,214.2637640599984,208.35303610106953,212.16238403320312,379700
2022-01-26,213.23707839359403,215.6071267851581,207.6429975701953,209.29339599609375,438300
2022-01-27,210.7711014148327,212.00889300730756,203.41148229907824,206.4532012939453,604200
2022-01-28,206.64510486248605,211.126123893849,203.68974035862678,210.9534149169922,371800
2022-01-31,211.3467924967192,215.70308173583092,210.83824103560448,215.3192596435547,376200
2022-02-01,215.67428974864467,216.78733717600295,213.7072436848181,216.5090789794922,434100
2022-02-02,216.3747538673507,219.56041137340674,215.1945320367336,219.39727783203125,476700
2022-02-03,217.95800546879596,219.34934060875622,216.489920541366,219.0614776611328,404200
2022-02-04,217.5453707684283,220.00177344596895,215.99093165183479,216.79693603515625,456400
2022-02-07,215.75103881946552,219.15736985499515,215.75103881946552,217.6892852783203,493900
2022-02-08,216.60501962282595,222.16071014661662,215.48236758873293,221.35470581054688,678100
2022-02-09,226.34431416905275,234.8169951378639,224.6555407974735,227.7452392578125,849700
2022-02-10,224.94338326287826,228.93504528299792,222.75564852212955,223.77276611328125,588300
2022-02-11,223.64802264899586,225.14489224988785,219.4740469500103,220.49114990234375,476100
2022-02-14,221.17238558619312,222.32382240935524,215.4535617119383,217.38223266601562,459000
2022-02-15,219.57959207826684,223.48489955208774,218.55289908310039,222.9571533203125,528600
2022-02-16,221.55624023651546,224.47322976143388,217.92920541721145,223.56167602539062,538500
2022-02-17,221.52742042404262,221.59459477442581,216.43230158447167,217.5261688232422,625300
2022-02-18,216.96967052527816,218.72561826505594,215.16575783235638,216.88331604003906,432200
2022-02-22,216.41310569226138,221.65216326618588,215.79900504635395,220.08811950683594,623500
2022-02-23,220.6638611023351,221.66176923304963,215.33844867449722,215.8470001220703,338700
2022-02-24,212.8763409689325,220.87495350832643,211.0978136922413,220.35581970214844,470400
2022-02-25,220.63464437481016,228.5755635493358,219.78863320109588,228.15257263183594,380300
2022-02-28,225.91255617093702,231.29622448317434,224.4512682754721,230.72901916503906,826800
2022-03-01,228.22945523639672,232.3921931659736,226.48937618248914,228.09486389160156,544200
2022-03-02,230.0656642279763,233.661196620184,227.6718601118219,232.815185546875,359800
2022-03-03,234.1803261494783,236.6702731762513,232.5075502280171,234.63217163085938,368100
2022-03-04,231.82497613482772,236.06462528598757,227.73914984691694,235.7089080810547,441100
2022-03-07,234.96866798948045,235.67046464742327,228.24868003743848,229.4503936767578,657200
2022-03-08,228.61402603856516,229.04664005337796,216.27963438575608,216.4046173095703,780500
2022-03-09,219.79822699216672,222.1055112154675,217.28904843138338,219.81744384765625,726000
2022-03-10,216.36613962892443,217.91394741636248,212.37645612849627,213.42434692382812,833700
2022-03-11,215.27017141187125,217.28905618128206,210.13645429684536,210.3094940185547,501200
2022-03-14,212.9148296186416,215.44323996060112,208.5694287325527,209.0885772705078,679800
2022-03-15,212.06877398837844,214.1068899897375,209.54998727283575,213.65504455566406,480300
2022-03-16,215.31828224644644,218.62540111312575,213.8954571535816,218.26968383789062,518800
2022-03-17,216.65454269648848,223.2110844879668,216.65454269648848,223.0476531982422,357000
2022-03-18,222.4131948349453,226.08562456090866,220.83654692417818,225.64340209960938,741700
2022-03-21,224.9703950231903,227.37382223040535,223.09572473543363,224.90310668945312,351800
2022-03-22,225.17231224539518,227.46998830221116,223.8360071691609,226.28750610351562,327900
2022-03-23,225.72026918198702,225.72026918198702,220.95187769003704,221.17298889160156,395700
2022-03-24,222.21125576509004,223.4322008414757,220.8172709784877,223.39373779296875,216700
2022-03-25,224.78775040590818,229.19081620960264,223.85521946132354,229.0177764892578,311100
2022-03-28,229.36386351415524,234.2572377130464,229.36386351415524,234.08419799804688,446500
2022-03-29,236.49725739339527,237.7182026263827,233.8823271950092,237.6316680908203,399800
2022-03-30,237.5739922093681,238.50652323479613,235.08404488839744,236.39151000976562,316500
2022-03-31,234.9590597442917,237.45863013982205,232.28644961505196,232.4306640625,579200
2022-04-01,232.94015681260592,239.43901839181254,231.6038519355277,238.4199676513672,462500
2022-04-04,237.7662379041352,238.266140167886,231.7095988129138,236.73756408691406,470800
2022-04-05,235.77623303841494,239.83321975089157,235.11288471457365,236.20884704589844,361800
2022-04-06,235.22820757190175,239.99661334177435,234.75714525373135,239.2371368408203,386100
2022-04-07,238.9679547040865,240.66957051445326,237.5258984563728,238.8429718017578,628700
2022-04-08,238.6603009415222,241.19831926506268,236.4395367420935,239.49668884277344,480300
2022-04-11,238.54496060923506,239.46786843710927,234.90135676743432,237.67971801757812,417500
2022-04-12,237.670103269156,241.9674321523046,236.22804699076667,236.9971466064453,386100
2022-04-13,236.76641883374347,240.977227976662,236.11269367751515,239.71783447265625,285700
2022-04-14,240.75609409165875,241.46751379916643,234.56487816132662,235.0167236328125,533300
2022-04-18,235.1321308200346,235.68972778378642,231.68081230566386,232.55564880371094,320600
2022-04-19,234.05538767501048,238.90069100999176,233.2958963780864,237.7951202392578,343200
2022-04-20,239.19869776840576,246.04365406783091,239.19869776840576,243.14993286132812,389400
2022-04-21,244.438162046845,245.60142730127765,237.7662602604946,238.33346557617188,469900
2022-04-22,235.53589037829576,235.70893011360886,224.0859584723215,224.4320526123047,509700
2022-04-25,223.14378648602852,229.6811111385455,220.47117672165984,228.9600830078125,483500
2022-04-26,226.72973392113133,227.89299928976214,224.2878580270134,224.44168090820312,243200
2022-04-27,224.80699807066927,226.70090017277968,221.7690620960867,222.3843536376953,385800
2022-04-28,223.4898926420922,224.53778339468946,220.83651425870278,222.77847290039062,324600
2022-04-29,220.76924804403797,221.2114851829754,214.62608760158878,215.3951873779297,513300
2022-05-02,216.5968751408645,217.80819724108048,210.9536177628835,215.40476989746094,610600
2022-05-03,216.15463549338082,218.55806280851633,215.01060174427934,217.34674072265625,424800
2022-05-04,217.2217247276728,224.36471724852404,214.2799324890455,223.36488342285156,287200
2022-05-05,221.90364602413882,222.62467422462896,216.06811741354753,218.20236206054688,428500
2022-05-06,216.30846947308595,217.78897432074024,212.78984818234474,216.02967834472656,555200
2022-05-09,212.72251402713502,213.9049959648249,204.1278570107102,204.92579650878906,803900
2022-05-10,206.81010283220033,208.2425507508326,202.0320882967786,207.05044555664062,637600
2022-05-11,206.42559979440745,210.64601825544221,203.68568634437338,204.35865783691406,672100
2022-05-12,204.925815647145,214.26071846509046,200.9841892609255,209.9537811279297,655800
2022-05-13,211.73234093311817,214.78949347852267,207.17543740028285,207.82916259765625,570300
2022-05-16,207.8291570033622,210.0114730840512,205.85835836651125,209.52117919921875,383000
2022-05-17,211.636231601552,213.07828823952096,209.00206952855953,213.0686798095703,380500
2022-05-18,210.9728128590281,212.09761490129253,210.0306736104342,210.6459503173828,407500
2022-05-19,209.74228282539028,215.27016537738115,209.70383444476238,214.77024841308594,505800
2022-05-20,216.97180021994313,217.90433116413567,212.60716813013065,217.21214294433594,578700
2022-05-23,220.33662190424624,220.7307875350121,215.010618347783,218.75035095214844,388900
2022-05-24,218.34655526175678,219.99050596391635,215.34708273218098,219.7405548095703,333000
2022-05-25,219.4233042696676,221.35565453973027,217.70244210639768,219.59634399414062,364900
2022-05-26,221.1825900874671,222.24008918062904,220.04816489955368,221.79786682128906,289300
2022-05-27,223.26877139424906,226.97966346051544,222.69194301674142,225.92214965820312,253400
2022-05-31,223.52834825421309,225.21074737118255,219.221410622191,219.3848419189453,864700
2022-06-01,219.37521892495138,220.21160687908912,210.242195753517,212.9051971435547,664500
2022-06-02,213.3281905839921,218.68303338119145,209.26159590371068,218.53883361816406,342500
2022-06-03,216.6353170661857,217.11600252058093,211.29009716040798,211.9534454345703,503900
2022-06-06,213.0878738055279,215.36633302420825,210.55947808007852,213.32821655273438,324700
2022-06-07,212.01111622038263,218.43308124286744,211.60734221638543,218.385009765625,522100
2022-06-08,217.2505862006579,221.0960697002256,217.14483481764557,219.05796813964844,869300
2022-06-09,216.59685899251042,218.09659519601934,212.89557529154257,213.03016662597656,496300
2022-06-10,209.66536691549058,215.55857496964347,207.7426251993538,212.35720825195312,470400
2022-06-13,207.34832607852144,209.02437938885237,202.32982271207476,203.46644592285156,478700
2022-06-14,203.59170666919096,203.6783952951004,193.58357976759225,196.18434143066406,781800
2022-06-15,197.76403212709363,198.93919341234653,190.36630996874825,194.84539794921875,736100
2022-06-16,190.8383099479342,191.47405589251642,186.08951379666593,187.90042114257812,593000
2022-06-17,188.06417192693453,190.8383106718707,185.3285418605281,185.694580078125,972100
2022-06-21,188.44944728437216,190.7130812687518,185.89685125770367,188.00634765625,486700
2022-06-22,186.19544499547285,194.44082797229444,186.19544499547285,193.45831298828125,563700
2022-06-23,194.5275159137996,197.73512667870338,192.62992022376972,194.99951171875,520600
2022-06-24,196.8971296455257,200.34555228645272,195.64490683433368,200.2492218017578,790400
2022-06-27,200.38409437781155,201.6844825528098,198.59245596010962,200.1625518798828,287000
2022-06-28,201.29917095662353,201.91564788830527,196.41552074898232,197.03199768066406,394500
2022-06-29,198.16861940381676,200.96204196004948,196.5118349078358,200.67306518554688,363100
2022-06-30,198.71767688868405,201.3184384651471,196.8778732775904,198.57318115234375,482300
2022-07-01,199.26670292007725,204.05403689858514,197.5617680175586,203.20639038085938,372000
2022-07-05,200.6248765882693,201.2606224785831,196.14578854771804,201.05833435058594,445100
2022-07-06,201.14502959218098,203.80358316597633,199.796476421557,202.65731811523438,659200
2022-07-07,202.82107129120433,203.74579389953885,199.36302174891244,199.58456420898438,473200
2022-07-08,199.66161293010475,202.77289313328762,199.66161293010475,201.7036895751953,419300
2022-07-11,199.34377481087435,202.580282251857,199.34377481087435,201.40512084960938,462700
2022-07-12,200.86572076505922,204.55495532521726,199.0355589384605,200.2974090576172,692400
2022-07-13,197.48471781851777,200.04694125175962,197.1186796003537,197.87001037597656,362300
2022-07-14,197.52322474617628,199.63273586281892,195.70269037254747,199.18963623046875,458700
2022-07-15,202.29128213828497,203.02335848677941,200.35516301769943,201.56884765625,363400
2022-07-18,201.6459307436717,203.13896510640646,199.62312279561678,200.28775024414062,434300
2022-07-19,202.34912441178508,205.38334388449795,202.32985537348435,205.1425323486328,497800
2022-07-20,205.17142827932787,207.25204347389857,203.79399335106956,205.5856170654297,260500
2022-07-21,206.63556168904026,211.7311271945442,205.27738113291124,211.6348114013672,390600
2022-07-22,212.8195846678375,215.21805792596646,208.61020413211054,209.534912109375,273400
2022-07-25,209.9298575320782,210.30552292342142,208.51388458825318,210.05508422851562,186700
2022-07-26,209.92984384063118,211.77927446954635,208.4657057476686,211.39398193359375,270300
2022-07-27,213.0026316031224,214.65941620168695,211.39401225295208,213.38792419433594,454200
2022-07-28,214.05253847229403,217.80919218925547,212.21273498871903,216.83631896972656,452300
2022-07-29,216.90374898881473,218.6568639397444,215.69006419830347,217.35647583007812,472900
2022-08-01,215.60335518566876,216.7014550440753,213.34936306019756,214.3318634033203,432500
2022-08-02,214.20664883173444,219.00360976603537,212.9929494726935,216.19093322753906,482000
2022-08-03,209.5060076032366,210.2284421122133,193.1597216042869,195.5389404296875,1329900
2022-08-04,194.42157853133907,200.75973928215055,192.98635132850796,200.34555053710938,981300
2022-08-05,199.2956118653203,204.256338090502,198.3227385972757,204.18890380859375,710700
2022-08-08,205.57595825195312,206.1539117274733,203.7361548761137,205.57595825195312,727700
2022-08-09,206.4139958957569,207.16534135985012,200.65378845614626,201.2799072265625,621800
2022-08-10,204.69943889865237,204.78614222466518,201.8964037061495,202.53213500976562,358500
2022-08-11,204.31410927134604,206.25987030319072,202.30092866256877,202.48394775390625,246100
2022-08-12,202.9945287440793,206.23103687115278,202.43584413130193,206.0383758544922,269500
2022-08-15,204.61272323009814,206.76075779622386,204.0058735180574,206.09613037109375,185000
2022-08-16,204.69944256995072,206.8089540779766,202.95596931751885,204.66091918945312,283600
2022-08-17,203.12937196003645,204.4008493549273,202.31060677618095,203.851806640625,267000
2022-08-18,205.08475076376644,205.33518948302464,202.8403853672052,204.99806213378906,315400
2022-08-19,203.71691983019986,204.17927383561914,201.8771162801361,202.17572021484375,397300
2022-08-22,199.86393968204186,200.9812939937449,197.06088998807715,197.8892822265625,392200
2022-08-23,197.53283825837906,197.61952685944928,193.92066623413083,195.3366241455078,237300
2022-08-24,195.8375599147715,198.58281714637346,195.0091676906856,197.97596740722656,304200
2022-08-25,199.38231620389914,202.55138941649975,198.1878857445948,202.42616271972656,332400
2022-08-26,202.55141024958556,202.55141024958556,193.5065289976493,193.6028594970703,318900
2022-08-29,191.86897535879146,192.76478709435193,188.9503411201424,191.22360229492188,727300
2022-08-30,191.31031862643644,191.86900315773897,189.17191099550843,191.20436096191406,357500
2022-08-31,192.45655465641562,195.76048139713043,192.45655465641562,193.97848510742188,868400
2022-09-01,192.68773782479437,193.62208769070958,191.2525105838492,192.8611297607422,571300
2022-09-02,194.55643526598914,196.1843234605921,190.58786619841393,191.84971618652344,343300
2022-09-06,192.13936432869406,193.29799071478263,189.42624299867705,190.58486938476562,400600
2022-09-07,190.81663598181794,197.15047515225183,190.70076300878262,196.89942932128906,412800
2022-09-08,194.9201075263672,198.7725411835042,194.73665549836332,197.76840209960938,457300
2022-09-09,198.28011131456913,203.71601894773923,198.28011131456913,203.0498046875,555800
2022-09-12,203.76428263076747,206.2939668220582,203.00152476328722,204.69119262695312,769000
2022-09-13,201.61117794961183,203.26223140450097,198.0194254624279,198.23184204101562,504900
2022-09-14,198.32839138948523,198.56977251486086,195.2194013160284,196.62905883789062,498600
2022-09-15,196.34905151115498,198.0966483974686,192.17797884157505,192.48695373535156,554500
2022-09-16,190.2276307171104,191.0483176576099,187.00276786650664,187.04139709472656,1409000
2022-09-19,185.33239834645536,186.43309552986824,181.48961551071324,183.64273071289062,829200
2022-09-20,181.48001091229432,181.48001091229432,175.06892813591705,176.79721069335938,901500
2022-09-21,177.24134573411217,177.83996623056836,171.4192192414205,171.51577758789062,809900
2022-09-22,170.7723154632022,172.08542938683422,169.62333893843234,170.66610717773438,892500
2022-09-23,166.48536249445934,166.8619311477177,156.59840222928563,161.52256774902344,2465800
2022-09-26,161.3680882413243,161.9860232318462,155.7004503268023,158.4425506591797,1031300
2022-09-27,160.1805177894539,160.1805177894539,154.56117254009402,155.17910766601562,952400
2022-09-28,156.84943849086872,158.54877089260881,154.86046055040785,157.1873779296875,636500
2022-09-29,156.0287954504623,161.70607059678815,155.4687893635779,161.3488311767578,1087200
2022-09-30,162.15016781617646,164.67018705409737,159.56255479949286,160.54739379882812,1285600
2022-10-03,162.98053636802177,166.41780118483905,161.5225849635597,164.20675659179688,548700
2022-10-04,166.26332954066666,170.05784879678077,166.11850674692545,169.7681884765625,710200
2022-10-05,167.05505619631455,169.43990293391926,164.14881796876196,167.07435607910156,744000
2022-10-06,167.06469409390402,167.80815204418562,165.40399086437657,166.78469848632812,949700
2022-10-07,166.07022898135236,166.34057468712172,163.67573213050824,164.3226318359375,831500
2022-10-10,165.47161153125103,165.47161153125103,161.17501525250364,162.7488250732422,463700
2022-10-11,162.74879383778202,164.24535963495921,160.32533284796438,162.84535217285156,489100
2022-10-12,162.8453757860751,162.8453757860751,156.48257247307038,156.67567443847656,623400
2022-10-13,153.9721962166807,165.0467636277355,153.72116514553647,163.62744140625,694100
2022-10-14,164.72816107434465,164.86333393599296,158.56810909479336,160.1226043701172,720000
2022-10-17,162.71020282680948,165.48125359698705,161.0688140228653,164.1874542236328,517200
2022-10-18,167.9433584815214,168.21370420249312,164.255047279678,164.90194702148438,384600
2022-10-19,163.53091471586976,164.68955614908378,160.0357199951575,161.36814880371094,417600
2022-10-20,160.67293930008296,162.7198465729893,159.34051074476506,160.1322479248047,448800
2022-10-21,159.89088713788783,162.0343530288464,157.73775657152567,161.4550323486328,389900
2022-10-24,162.82607593298468,164.13919004263525,161.74469304247373,163.8784942626953,277400
2022-10-25,163.96538524203942,166.36953192923596,163.96538524203942,165.97366333007812,332100
2022-10-26,166.79437093190873,169.31439067104324,165.62607970954772,166.93919372558594,413900
2022-10-27,167.06469420909838,167.74055837675954,164.1005418120937,165.50054931640625,535700
2022-10-28,165.81919394364846,168.34886358713536,164.2357342478212,166.91989135742188,406500
2022-10-31,166.379202677663,168.56128292442037,164.70883454689044,166.63023376464844,591000
2022-11-01,167.80817808111976,169.88405007375215,165.33643746744553,166.9102325439453,449300
2022-11-02,166.35986100256682,167.39296447398848,160.09360219452523,160.22877502441406,483000
2022-11-03,158.24946916026914,159.24395827637247,156.16394731190556,156.36669921875,656000
2022-11-04,158.85773587482245,159.01222332199293,155.58460859315895,157.3225555419922,563900
2022-11-07,158.86742306335628,158.97363136659573,155.15016191545047,157.93087768554688,806900
2022-11-08,158.34600282025036,160.06463508687588,155.24666298996357,157.95013427734375,688900
2022-11-09,157.58327571927958,159.25362914438486,154.62875808145148,155.43014526367188,771300
2022-11-10,160.57636734553486,164.04259655114322,155.77770969753502,163.434326171875,922000
2022-11-11,163.05776000271868,166.95847196752442,163.05776000271868,166.59156799316406,773600
2022-11-14,165.8964241937874,166.9681422294189,161.16534537452756,161.99569702148438,665400
2022-11-15,163.55022321809554,164.69919993232512,161.18469072377786,161.94744873046875,534200
2022-11-16,162.1694910281314,162.50741574166457,159.28256765580875,160.60533142089844,731100
2022-11-17,159.64949252387345,162.54606621539048,157.89223074597336,160.3350067138672,465300
2022-11-18,162.32396987620737,163.56950469816587,159.73637135725227,160.28671264648438,445800
2022-11-21,161.69070286099887,174.2975122843884,161.69070286099887,171.5863800048828,1283000
2022-11-22,171.68322266964717,172.63211910539832,168.61382156990624,172.1770477294922,621200
2022-11-23,172.1770092176735,175.25608696876046,171.38302427331823,174.78163146972656,467100
2022-11-25,175.66279659159528,175.66279659159528,174.13293470721558,174.84945678710938,141800
2022-11-28,173.49383652292016,175.11085320148814,172.08017691143374,172.58367919921875,443600
2022-11-29,172.20608581750142,174.1716642937459,172.20608581750142,172.72894287109375,368600
2022-11-30,173.16465993883105,179.86505780418744,172.6127560907037,179.845703125,864600
2022-12-01,180.89142915445595,187.06895509297777,180.89142915445595,186.2071990966797,789300
2022-12-02,184.04795714295827,187.1754514059393,183.77684391255167,185.81988525390625,431800
2022-12-05,183.85429913371658,184.55145163215627,178.85804448641957,179.58424377441406,563100
2022-12-06,179.04200981432516,179.42931017515846,176.59229883437817,177.74453735351562,391400
2022-12-07,178.1415402193601,180.04902505379715,176.5729543294517,179.67140197753906,485400
2022-12-08,180.02966060934284,184.580521878762,178.9452075959821,184.2416229248047,686300
2022-12-09,183.26367918382243,186.32338800137518,182.99256593131224,185.86831665039062,834900
2022-12-12,186.22659773904365,190.80649168836916,185.9070681926396,188.59884643554688,850700
2022-12-13,193.83716594913895,194.46653291673087,188.8602794786901,192.76239013671875,858900
2022-12-14,191.92969159522082,193.04319160798127,186.875341790729,187.57249450683594,616700
2022-12-15,184.7644646449268,185.59715894838078,181.2399633766948,181.8983917236328,556700
2022-12-16,179.93281126009103,181.5401358184631,176.48578783822617,177.22166442871094,1031000
2022-12-19,177.057095938041,178.45140114184753,174.24913085089386,174.77198791503906,441500
2022-12-20,173.716582923364,176.55359482480625,172.7483170553663,174.43309020996094,525500
2022-12-21,175.1011966636648,177.46376775415635,174.26848742315653,175.72088623046875,458700
2022-12-22,174.3943864616427,176.09852926967886,171.17005897135925,176.08885192871094,489800
2022-12-23,175.88549340023468,177.1055178800723,174.51055760632156,176.28248596191406,255400
2022-12-27,176.21471331833862,178.43203568900017,174.33627514189644,177.3863067626953,276100
2022-12-28,177.1926297582777,180.25235303114627,176.3018270537519,176.56326293945312,416500
2022-12-29,178.1415557031028,182.49875224229137,176.66980217644152,180.29110717773438,272800
2022-12-30,178.71282284354663,179.78758368019905,177.08612864366393,178.82901000976562,336800
2023-01-03,180.64935382273174,182.85699862107728,178.3448765364771,179.69076538085938,363800
2023-01-04,182.23730435934536,185.3357518223028,181.38522576657095,185.2486114501953,511800
2023-01-05,184.1060600431734,184.8903529833016,180.65903613247647,181.34649658203125,341200
2023-01-06,183.38953228242636,186.0135390393113,180.80426443038286,185.6649627685547,280700
2023-01-09,186.49769120911026,187.5143733351412,184.05765706154895,184.79354858398438,354300
2023-01-10,187.3594426816761,197.50686469107177,187.3594426816761,195.12493896484375,674300
2023-01-11,196.4320862432307,197.64241854329413,192.3750500094879,194.32127380371094,570600
2023-01-12,194.96035290916095,195.03780118273528,190.73871282020414,193.87588500976562,502100
2023-01-13,192.69457696132443,196.22875609550965,192.3266459936746,195.61874389648438,338100
2023-01-17,194.8635068220252,196.24811992777697,191.11632262366857,193.5369873046875,435800
2023-01-18,193.58540564500439,193.78874799673488,188.53107094327171,188.94741821289062,307900
2023-01-19,187.93069553066357,193.01409070894132,187.93069553066357,192.8494873046875,476400
2023-01-20,193.89522556724629,198.89148061839492,193.3723685384347,198.6009979248047,504400
2023-01-23,198.63971821998115,202.21262130065017,197.69082189550272,200.28578186035156,388100
2023-01-24,197.75865540551564,200.518204672126,197.75865540551564,198.32025146484375,332100
2023-01-25,196.32558593020389,199.48214217756035,195.88019189593814,198.4945068359375,544800
2023-01-26,198.5622867073904,199.67578653491253,196.80971309275645,198.4170379638672,336400
2023-01-27,198.37833046042724,199.81135991435417,197.0808428725146,199.5596160888672,277000
2023-01-30,197.5746399570753,199.317521356506,196.62574360749332,196.78065490722656,508100
2023-01-31,196.74192356382025,200.00497447080247,196.11254195052229,199.95655822753906,341700
2023-02-01,199.8984838220011,208.80652677819313,199.8984838220011,207.683349609375,711900
2023-02-02,208.33206903225684,214.85817094192987,207.06364322279444,213.85118103027344,726900
2023-02-03,212.34069004976547,213.80276606933225,209.59081876050618,212.07925415039062,466500
2023-02-06,210.47192896109914,210.8592441398436,207.1023681661207,207.8285675048828,480400
2023-02-07,206.25998103599443,211.1787729819188,204.50742233435605,210.12335205078125,461700
2023-02-08,209.06793876634194,210.67526345569397,207.32505746310258,209.0001678466797,507800
2023-02-09,195.0571544002218,196.083513847145,183.68972266781063,186.2362518310547,2013000
2023-02-10,185.6359355733636,188.18247956394802,183.94147028447907,186.7494354248047,1018200
2023-02-13,187.1657987078835,191.09695584088567,186.39118304421535,190.0899658203125,802000
2023-02-14,189.60584792673663,192.55904729361518,187.40788005430852,188.6569366455078,479600
2023-02-15,187.29163791083135,192.01677952341873,187.28196057212332,191.84249877929688,536200
2023-02-16,189.66391144609022,190.48692851922462,185.5197349644142,185.59718322753906,535000
2023-02-17,184.32875683550333,184.57082328710203,182.2663607145859,183.64129638671875,920900
2023-02-21,182.48907678023207,182.48907678023207,178.84840228664132,179.1388702392578,609200
2023-02-22,179.6908123549447,180.92051435495065,178.4998492700547,179.40032958984375,621700
2023-02-23,179.62351428343155,182.93370053360235,178.54600554087668,182.3512725830078,510900
2023-02-24,179.90507031288828,181.55530539346634,178.98288142775385,180.68165588378906,355000
2023-02-27,182.2542213443987,183.68119299741903,180.9728529979572,182.81724548339844,430300
2023-02-28,181.9921432088615,184.1083386711302,181.32233829104317,182.5260467529297,1010600
2023-03-01,181.56500525172467,183.3996810506182,180.4486736897618,183.00169372558594,478500
2023-03-02,181.82711257608918,183.7103278177162,180.62341898323425,182.8657989501953,603100
2023-03-03,184.40926551612324,185.12760982625326,183.6229779239229,184.3898468017578,476200
2023-03-06,184.38010558479542,184.6616102285186,179.9827082883338,180.71075439453125,615500
2023-03-07,180.74957584830608,181.36113931348902,175.71149445565914,176.37159729003906,457800
2023-03-08,175.7794874337797,176.78903837768547,174.7408010128626,175.01260375976562,538500
2023-03-09,175.8668333397612,179.4973622871795,175.2649865712681,177.1773223876953,635000
2023-03-10,176.91523499824632,177.17733579008694,171.54710861372328,172.3042755126953,773400
2023-03-13,170.8384690030394,177.70150998617387,170.2269054694028,173.3720703125,681700
2023-03-14,176.29397056307815,176.39104931980992,170.79964472396492,173.31382751464844,765500
2023-03-15,169.84834361887735,171.29473421858776,168.13986702472485,171.22677612304688,572400
2023-03-16,169.6638991141428,174.35251880237143,169.12999556146147,173.4885711669922,428200
2023-03-17,173.40121477760297,173.40121477760297,171.01321645209504,171.3917999267578,1012100
2023-03-20,171.41122185178088,176.24544511388527,170.94527636934836,175.9542236328125,573100
2023-03-21,176.72108133837764,179.3517466079795,176.72108133837764,179.08966064453125,542500
2023-03-22,179.20612802977928,180.4680776130206,175.90565817712016,176.12892150878906,418100
2023-03-23,176.52693316704193,179.20613772847753,175.91536964705037,176.10951232910156,469200
2023-03-24,175.98331860189757,180.0312684546449,175.64357260037366,179.77886962890625,321900
2023-03-27,182.0503790258579,183.41910948498307,180.70106728014866,180.86610412597656,449100
2023-03-28,180.20600802246003,181.74946252452665,179.13820092610888,179.8856658935547,260200
2023-03-29,180.98260071224826,182.20571313310322,180.41957647695767,181.97274780273438,268400
2023-03-30,183.77829667880394,184.4869242205311,182.0309827020926,183.2735137939453,391000
2023-03-31,184.583965314625,185.78767364114086,183.85591914881059,185.68089294433594,405400
2023-04-03,185.146990384602,185.87503655405095,183.14729260912412,184.94314575195312,496300
2023-04-04,185.6712188720703,187.11759465888633,184.64224917316673,185.6712188720703,324600
2023-04-05,185.651814891086,187.83595388980464,184.35104233120728,186.62254333496094,239700
2023-04-06,186.8748909086583,187.65147647454967,185.43821723964876,187.4476318359375,241200
2023-04-10,186.37012615968746,186.68075150422578,184.58397488307483,186.61280822753906,299800
2023-04-11,187.9621085727564,189.9812250327123,187.60292906178935,189.64146423339844,261500
2023-04-12,191.26259457317852,191.56351797436275,187.28260264310362,187.8456268310547,367700
2023-04-13,188.58336771730433,189.67057853925877,187.63204343595766,189.40847778320312,354000
2023-04-14,184.94317307388476,184.94317307388476,179.477967614621,181.06996154785156,560500
2023-04-17,181.72031039181937,182.69103856144676,180.92432099503583,182.63279724121094,376600
2023-04-18,183.409395006715,183.409395006715,177.37146420281348,178.39073181152344,549500
2023-04-19,178.61400550117136,181.32233091507112,177.25499181895253,181.28350830078125,550700
2023-04-20,180.72051421958614,180.77875555679205,178.33253052129945,180.0118865966797,335900
2023-04-21,181.39028727206158,182.92403973427534,180.147756256723,181.59414672851562,331200
2023-04-24,182.6425336666157,183.21527465203155,180.98259647801518,182.01156616210938,273200
2023-04-25,181.04080887023702,181.04080887023702,176.45897059214266,176.5172119140625,293800
2023-04-26,175.45917541790388,178.2645801751153,175.25531591667368,177.49771118164062,290100
2023-04-27,177.7985897134143,180.4777943493646,176.45897998937033,180.40985107421875,281800
2023-04-28,180.73020169239413,184.20541105128794,180.73020169239413,183.0308380126953,280800
2023-05-01,182.72017247203192,186.82636359206597,182.29304967648005,186.48660278320312,567200
2023-05-02,185.09847199719414,186.1662790916413,182.50662911755126,184.48692321777344,364500
2023-05-03,186.38953459170702,186.4574926821838,181.74945452655004,182.186279296875,396300
2023-05-04,184.90433754993919,184.90433754993919,181.3029435573732,183.35118103027344,476900
2023-05-05,184.56458353098955,184.98198960624768,180.58459142276718,183.6423797607422,508800
2023-05-08,182.8949347220122,183.92390441850546,179.91479153298042,183.4482421875,432100
2023-05-09,181.22524840650556,182.08919590429028,179.79827678030185,181.6426544189453,509100
2023-05-10,183.0113950397537,184.50632483344253,181.59414009534157,183.84622192382812,591700
2023-05-11,193.65057673733995,205.48374122344495,192.31096706217684,201.91146850585938,1363600
2023-05-12,201.91147340773438,205.07604212973612,200.15445766773405,204.6780548095703,777600
2023-05-15,205.12460635173338,206.59041564774273,203.92091267114623,204.65866088867188,478900
2023-05-16,203.83353243392185,204.13445584900776,200.67866533282037,201.84353637695312,347800
2023-05-17,202.02796655740195,202.02796655740195,198.43627485425222,199.79530334472656,440200
2023-05-18,200.02827515508037,201.15432356066347,198.6983820971909,200.71749877929688,333200
2023-05-19,201.824118487645,201.824118487645,198.56247090283597,199.67880249023438,443500
2023-05-22,199.50406929325473,202.17357191660577,199.11576911530315,200.8630828857422,281200
2023-05-23,199.88270724326577,201.0475784706584,195.86389188086932,195.97067260742188,440600
2023-05-24,194.84459216903537,196.19390395931111,192.76723412906827,194.96107482910156,400600
2023-05-25,194.20388983980982,195.5629182666987,190.5733756923436,195.3202362060547,442000
2023-05-26,195.3493700326493,196.88312253673303,193.0099112554757,194.57278442382812,332700
2023-05-30,193.49528562189766,195.53380628898788,193.00021949106272,193.70884704589844,240500
2023-05-31,193.1458031118958,194.85427951743335,190.81606121233204,194.1165313720703,737100
2023-06-01,193.99034639541384,197.89267843913134,193.24289624419228,196.4948272705078,576800
2023-06-02,197.68881847705742,200.46510209330665,196.65014686628322,199.45555114746094,482000
2023-06-05,199.49438358627594,201.2611163436721,198.00917035323567,200.01858520507812,426800
2023-06-06,200.39713724490122,202.163854913024,199.90205637012164,201.23196411132812,430400
2023-06-07,201.047546841449,202.144474604178,198.83428741395508,201.84353637695312,438800
2023-06-08,201.76588297887395,201.76588297887395,199.23228152465646,200.17388916015625,244100
2023-06-09,200.97958227089165,201.3775844318867,199.17402702642528,200.9213409423828,250300
2023-06-12,200.63013018551186,201.882378063777,199.05755498336794,201.80471801757812,284600
2023-06-13,201.90198028872416,204.09106782870506,199.96584863113347,201.97007751464844,353300
2023-06-14,204.27597678262526,209.90922357377,203.46844473200417,207.3504180908203,551000
2023-06-15,206.90287075040507,208.85845067373506,205.81318130213447,207.7493133544922,375400
2023-06-16,208.4887170370806,210.44431165370648,207.12662389002435,207.82713317871094,1058400
2023-06-20,205.72561299401494,207.86605152460936,204.39270644707753,207.80767822265625,451800
2023-06-21,207.45741198570238,207.963338650561,205.88127353813314,206.32882690429688,252500
2023-06-22,206.6401385665036,206.99039317463416,205.1418362596508,206.48446655273438,242000
2023-06-23,205.93963908867727,206.07584839574127,203.68245416508765,205.10292053222656,483500
2023-06-26,205.71585921101922,207.0779522113032,203.67270486489298,206.2606964111328,312500
2023-06-27,206.21204213851885,211.31018910299503,204.63590386921166,210.95021057128906,432400
2023-06-28,211.19346054258904,212.62365085802014,210.26916718657066,211.01832580566406,452200
2023-06-29,210.4929397291953,215.98025203844455,210.2107823478917,215.00732421875,702700
2023-06-30,215.80513311138367,220.10547260780038,215.66892380048182,218.88931274414062,760600
2023-07-03,216.76833228491995,217.3034455822634,212.22476091602397,213.20741271972656,332500
2023-07-05,211.84532987008464,213.44093105921806,210.71672992404586,212.99337768554688,380200
2023-07-06,211.63127125657644,213.18794691774565,208.7319355586733,212.5360870361328,563600
2023-07-07,211.56315150751604,214.25816572593706,211.56315150751604,211.95233154296875,221400
2023-07-10,212.42908426109258,217.1477907395709,211.6410149997947,217.01158142089844,392100
2023-07-11,216.73913970211808,219.01578729135196,216.64184097955564,217.9358367919922,367000
2023-07-12,219.82333951492944,220.86436468327355,217.43966904867966,220.56275939941406,333800
2023-07-13,220.903280616856,222.80048703513276,220.20277134769202,222.5475311279297,370200
2023-07-14,222.47940718023685,223.77340298769323,221.36054610357866,222.87831115722656,329300
2023-07-17,222.8199201215315,223.48150387349298,220.70866866031403,222.16806030273438,314400
2023-07-18,221.2729857334608,222.57672040550767,219.16173396657894,220.8059844970703,353200
2023-07-19,219.79415156181562,222.7713086432625,219.63847953051985,221.28273010253906,371300
2023-07-20,222.76160071261987,224.70745670650973,220.2806313512697,223.91937255859375,434200
2023-07-21,224.33770800459024,227.0910956331183,223.31613078124647,225.80682373046875,364300
2023-07-24,226.4100634642109,227.77215661795427,225.2620007954541,225.88467407226562,466700
2023-07-25,225.05768026607433,226.82840125595467,222.50859917139897,226.71165466308594,596100
2023-07-26,226.24466801297825,226.9841027858127,223.42318278337112,225.5830841064453,418800
2023-07-27,226.9354484422528,227.8208164557357,223.36480458265214,223.55938720703125,517800
2023-07-28,224.9701034155472,226.0111433447635,222.49887319968278,223.81231689453125,364600
2023-07-31,223.8415161853137,223.8415161853137,218.67525686350902,219.44387817382812,584600
2023-08-01,217.7899299672063,219.42444181544192,216.17486598928116,217.94558715820312,761700
2023-08-02,244.8470408185942,247.12368855967952,220.23196178425744,221.6329803466797,873200
2023-08-03,220.92273702547615,222.19727015097166,216.49591227872153,219.39523315429688,531700
2023-08-04,218.12069748638953,221.8372741607743,216.29158837424677,219.89141845703125,477400
2023-08-07,219.97901414466116,221.5162272324382,219.38552750480966,220.0665740966797,247000
2023-08-08,219.01581807882556,220.04711936187613,216.22351952803365,219.14230346679688,354200
2023-08-09,218.85041219047105,221.82756929784026,218.48069482434997,220.82545471191406,281100
2023-08-10,221.19517636659546,223.77342950742172,219.88171768990136,221.0784149169922,382600
2023-08-11,220.75730342992065,221.97346313335942,219.96923431740427,221.82752990722656,220500
2023-08-14,221.65244938789505,223.54965589294835,220.87410407036742,222.93670654296875,233700
2023-08-15,222.6739770154223,224.21120469453533,222.17778919038642,223.28692626953125,226800
2023-08-16,222.78102320072745,223.6955777889669,221.06867546565667,221.11732482910156,272700
2023-08-17,221.7886486892308,221.8762086365017,217.84828775932394,217.9844970703125,234600
2023-08-18,217.21587009715074,219.70657790539912,217.1866834488163,217.80935668945312,400900
2023-08-21,217.95529921634184,218.52932307987638,214.63761171375646,216.72940063476562,340700
2023-08-22,216.45700190251338,218.57799251156874,215.47435003679038,217.28399658203125,318500
2023-08-23,218.48070125025347,219.45362921438584,216.84618939644832,219.4147186279297,220500
2023-08-24,219.63849591164757,222.02216654154807,217.7996625862154,218.49044799804688,180600
2023-08-25,219.32713275820686,220.81572612624117,217.906666315863,220.2708740234375,161900
2023-08-28,221.58433439485603,223.76369828615606,220.77680243753105,221.66217041015625,135900
2023-08-29,221.81781838439218,225.23278967825837,220.84489056720747,225.1160430908203,177500
2023-08-30,225.19390949752315,226.5657266222085,224.77554275989252,225.7192840576172,213100
2023-08-31,225.63169614678048,225.93330139813816,223.1507272163247,223.37449645996094,290700
2023-09-01,226.20570427042537,227.27593074503835,224.22093817151523,224.6198272705078,510100
2023-09-05,224.25906627444635,224.25906627444635,218.0085312676466,218.0767822265625,298300
2023-09-06,218.3985830836176,219.33469404677666,214.03003053737265,218.22305297851562,445200
2023-09-07,218.92514811952694,219.94903159579258,217.6477376853887,218.87640380859375,356000
2023-09-08,218.242537316838,218.7398601644343,216.3800465878701,217.2089080810547,251200
2023-09-11,218.5350847419416,225.89727541716488,218.12553436403812,223.0889129638672,345100
2023-09-12,222.503846348581,222.95241005472087,220.37808260529664,221.21669006347656,183000
2023-09-13,220.88513643021275,225.67298491106334,220.88513643021275,224.69786071777344,338300
2023-09-14,225.99476174019685,226.39456620225764,223.09864190006155,224.1810302734375,274800
2023-09-15,224.43457059638902,226.0435194395937,222.83536763784875,223.79098510742188,653200
2023-09-18,223.53750459434778,224.57113399343282,221.948047190538,222.40635681152344,210100
2023-09-19,222.4063230042285,223.2546762727831,220.16353443209027,221.20692443847656,300700
2023-09-20,223.00115217413165,223.10841642961452,219.24691811144498,219.66622924804688,290400
2023-09-21,218.18403303275124,218.26204475185523,214.54682404491032,215.18064880371094,358900
2023-09-22,215.18064827746733,220.60233626861586,213.9032379985934,218.3693084716797,462100
2023-09-25,218.29129915917406,220.21229498084816,216.8578654266718,220.11477661132812,327200
2023-09-26,219.30542706730085,220.72911494900504,217.4234444995566,217.67697143554688,360800
2023-09-27,218.24254070702406,218.42781668220556,210.88035015997295,212.47955322265625,525800
2023-09-28,213.17189548141747,217.3941849246582,213.17189548141747,216.662841796875,322900
2023-09-29,217.83299040846018,217.83299040846018,213.46443823954792,213.9617462158203,326800
2023-10-02,212.3820247802626,212.73307003957066,208.7253095288091,210.1392364501953,445200
2023-10-03,209.47620647320377,213.61072392734303,208.37431126755607,212.85012817382812,540400
2023-10-04,214.16654420699192,217.78424684919466,211.12414642318552,217.02365112304688,557100
2023-10-05,216.87738827253622,217.90127171210213,213.03539634227315,216.9261474609375,447900
2023-10-06,216.2728092254648,219.99779114655988,214.26405557344637,218.65211486816406,289500
2023-10-09,217.34543390089877,220.47558915219204,216.85787179740362,220.1927947998047,273900
2023-10-10,219.85150655781956,223.47895485794615,219.4712087186571,221.86026000976562,316500
2023-10-11,221.10945227728948,221.10945227728948,214.89791476297708,219.40298461914062,358700
2023-10-12,220.11476452936157,221.08014276944982,214.09825046472986,214.2250213623047,418200
2023-10-13,213.91299867846752,216.94563564459764,212.88913013505186,216.7896270751953,342400
2023-10-16,218.30107330509443,221.20695444577999,216.30208038407721,218.4668426513672,282500
2023-10-17,216.8091304523193,220.52435160600157,216.26306323214348,217.49171447753906,311100
2023-10-18,217.69649305331157,218.34007864186052,215.83400212851788,216.41908264160156,211900
2023-10-19,216.43859704273265,216.59460562315405,211.18267763982604,211.50445556640625,282800
2023-10-20,211.88471606973627,213.5716915309254,210.47078905435038,211.65069580078125,273100
2023-10-23,211.59220611974794,211.9529973134313,208.40354581044716,209.42742919921875,266900
2023-10-24,209.7687415332786,212.16755393679426,209.54446710310478,211.8067626953125,215700
2023-10-25,210.91939023445346,211.46545746480442,207.27241997572946,207.70147705078125,247600
2023-10-26,205.91698358922864,207.7599678042047,204.02524018650098,204.19100952148438,355100
2023-10-27,204.81508394449108,206.8628507514037,202.39678005307007,204.18125915527344,251900
2023-10-30,206.27778934557534,206.5898362658234,201.4314352289073,203.89849853515625,279600
2023-10-31,204.8443490247983,206.10225270324395,203.3231427654301,204.75657653808594,589400
2023-11-01,205.01987741234151,207.81847930104448,203.87898380392375,207.6527099609375,453100
2023-11-02,209.36895342376087,210.7243756601273,206.97014100239022,207.5552215576172,406400
2023-11-03,208.84234009482418,212.49905570415902,208.84234009482418,211.8262176513672,297900
2023-11-06,212.20653346349624,212.20653346349624,210.08076975113957,212.0895233154297,373400
2023-11-07,211.89450267277186,213.45469254650865,211.16315948467846,212.80136108398438,497500
2023-11-08,209.65172436439218,209.65172436439218,193.8644595769292,201.18765258789062,1030800
2023-11-09,200.98286777133328,201.0121203096617,194.94684604263847,195.7366943359375,604000
2023-11-10,197.33588765806792,198.42803692457156,194.04972373110604,194.3617706298828,588500
2023-11-13,195.93169168646173,198.62304390943547,194.0497091866242,197.19935607910156,422900
2023-11-14,199.94924096383176,203.72296724863486,199.0228758534102,200.5440673828125,409800
2023-11-15,199.8516849597653,201.49964709945957,197.99895508770015,198.46701049804688,742800
2023-11-16,199.4421909175336,200.58308467188087,197.90149259102895,198.35980224609375,503800
2023-11-17,199.17884877188,199.2471146027744,193.1135755132054,195.2490997314453,656500
2023-11-20,195.38599857087047,196.02147369046486,193.46977211453404,195.3371124267578,485100
2023-11-21,196.7938328155599,199.14023361148676,195.84551316933184,196.69607543945312,489300
2023-11-22,197.9963614604934,199.0620108005816,196.1974497801561,198.03546142578125,282400
2023-11-24,197.95725023524687,199.27710158694467,196.35388310559156,198.65139770507812,136000
2023-11-27,197.62484334314058,198.12344621651368,196.15834850832417,196.9013671875,415600
2023-11-28,196.13880686100475,197.61508799442396,193.38180410687852,193.4111328125,432400
2023-11-29,193.71420752438254,195.0536014844903,192.3650273836877,193.02984619140625,444500
2023-11-30,192.88318026460638,196.6374185647027,191.10384086786718,196.45166015625,1339200
2023-12-01,195.3077975390836,199.91258323185752,194.68209363686955,198.96424865722656,363200
2023-12-04,197.3901985979877,198.69049247368824,193.411117040911,194.81895446777344,493400
2023-12-05,193.96837757644212,194.93626953817773,191.13316019545698,194.1150360107422,524000
2023-12-06,194.44747210318695,196.21704046188552,193.57735227804946,194.83853149414062,471100
2023-12-07,195.61087001213173,197.51731041634935,194.5158919169827,197.47821044921875,390500
2023-12-08,198.1136985842842,198.1136985842842,193.55778384041574,196.02149963378906,597400
2023-12-11,196.12901271402293,197.3608629602667,195.434865286739,197.1848907470703,402600
2023-12-12,197.8399228933151,198.28965452272504,195.66950942720393,197.0773468017578,634000
2023-12-13,196.96983057410407,202.44475114163356,195.9335098401976,202.24920654296875,437100
2023-12-14,203.52995230226156,206.6682582699288,201.7701701784427,205.74925231933594,581800
2023-12-15,204.94752862834096,208.0858189508743,203.6276774233411,207.89028930664062,1211400
2023-12-18,208.47694161167618,210.79399901618697,207.7436940869111,210.72555541992188,794900
2023-12-19,211.1850454627917,214.25490764842803,211.14594549443402,214.1571502685547,560600
2023-12-20,214.1082668421859,214.39178264076932,210.12916997358556,210.1487274169922,409400
2023-12-21,211.1947923045813,214.71437060155918,211.1947923045813,213.5509490966797,415800
2023-12-22,214.54818281443914,216.06356373371938,214.00069381809547,214.88058471679688,212500
2023-12-26,214.58729932943237,217.3149730705364,213.50209258986268,216.47418212890625,251000
2023-12-27,216.10265957715058,218.3610740209455,216.10265957715058,218.35128784179688,245400
2023-12-28,217.76472689000184,219.974240558031,216.22978836193266,216.7870635986328,302300
2023-12-29,216.85549701728087,216.91415442917338,214.42112491599212,214.9392852783203,399900
2024-01-02,213.70742163893667,215.68230572329327,211.49790790516317,212.2311553955078,569700
2024-01-03,212.62221948867966,212.62221948867966,208.49647899108032,208.7604522705078,368800
2024-01-04,207.98805556283762,212.36798212221063,207.98805556283762,211.17523193359375,505800
2024-01-05,211.2338972475606,212.63196330572717,209.71851638544786,211.10679626464844,339300
2024-01-08,212.13334633580382,216.01467023887224,210.5006506637204,215.86802673339844,387500
2024-01-09,215.28141308540307,219.6124684048907,214.75348157174992,217.0216522216797,434500
2024-01-10,218.25355369519633,219.7884772712656,216.78705879066715,218.98680114746094,328500
2024-01-11,219.0356646473652,219.2018805251492,216.14178982526803,217.6473846435547,267900
2024-01-12,219.6026928682179,220.84432925077175,217.1976498635374,218.40994262695312,390400
2024-01-16,216.87503418310075,217.44208064164084,215.0859086978682,216.32754516601562,284200
2024-01-17,215.08589900533443,216.90435311182506,213.81493389125714,213.9909210205078,257800
2024-01-18,214.34290375275773,215.78006997366185,212.465792037649,215.54542541503906,313800
2024-01-19,216.1613472728771,216.669721414259,212.23113689029103,216.4839630126953,452200
2024-01-22,217.3443193860863,218.23399654299368,214.8121750945417,215.1445770263672,428500
2024-01-23,215.9755896429635,215.9755896429635,210.46156957337712,211.93783569335938,426300
2024-01-24,212.2408897473707,212.4950917139752,209.93360411562864,210.05093383789062,289200
2024-01-25,211.89872969678336,212.79817806063897,209.13194101983572,211.84005737304688,300200
2024-01-26,213.05235474905103,213.13056959226714,210.36378105006602,211.2632293701172,251600
2024-01-29,210.24647122779047,212.22135504142966,209.44478025428958,211.84983825683594,357600
2024-01-30,211.46854286706707,213.58029885675376,210.71573806262253,213.29676818847656,328500
2024-01-31,216.21999894587486,219.2996320879413,213.59985378765245,214.05935668945312,890600
2024-02-01,213.71720755126958,218.6935102658498,211.6641086136993,218.61529541015625,570400
2024-02-02,216.76747162013314,219.34850170141635,215.0467898719295,217.2269744873047,441900
2024-02-05,216.11246561551687,216.73816950232916,213.7758510315507,214.98814392089844,362600
2024-02-06,215.7604682196327,221.23537253481416,214.41128839106275,220.87364196777344,621900
2024-02-07,221.56784752870308,224.27596423970428,220.28711094011427,220.82481384277344,976100
2024-02-08,213.1305895638498,216.06357932848994,205.30928352480944,215.34010314941406,734300
2024-02-09,215.83872240815435,219.56361704741963,214.07892555394625,219.2605438232422,607900
2024-02-12,219.57340025160374,221.2452110835163,218.79126661631108,219.91558837890625,416900
2024-02-13,218.5077232156844,220.68790795485782,217.26608678593212,219.50494384765625,488400
2024-02-14,219.7982508801034,222.54548212392046,218.72281537777513,222.5259246826172,346200
2024-02-15,223.29827836353707,228.26480941989183,223.11253487875928,227.84442138671875,453000
2024-02-16,227.55111575648996,229.96594511713826,225.8011051465817,226.0650634765625,442800
2024-02-20,226.3388165817977,226.8081056888326,222.7116942311634,224.12930297851562,396200
2024-02-21,224.0804004067497,228.23546896874336,223.1516233588365,227.6488800048828,349100
2024-02-22,228.45236079322333,231.63687802253804,226.39468170816644,231.2743377685547,369600
2024-02-23,232.07781283746343,233.7043548178329,229.99072454614966,231.09796142578125,279700
2024-02-26,230.4708605131837,230.71582336971042,228.09960690482046,229.00108337402344,210800
2024-02-27,228.87370791390583,229.1088776489412,226.53186350114464,227.83506774902344,282200
2024-02-28,227.83505016787495,228.06041180196843,225.5226002815176,226.67881774902344,284600
2024-02-29,227.20793266436215,228.79528704486836,224.65052007835502,228.21717834472656,866500
2024-03-01,228.73653104366096,230.1475195618964,227.3353356577047,228.0800323486328,358000
2024-03-04,227.59987280097877,229.37340137111383,226.48284284816003,228.56993103027344,274600
2024-03-05,228.7757061898132,229.65758144183803,223.23955162715538,223.77847290039062,287600
2024-03-06,223.87645388022892,225.86555111669827,223.17095964399533,224.46437072753906,292600
2024-03-07,226.2182921692007,228.8834892232106,225.34622500492628,228.32498168945312,369100
2024-03-08,227.2471527981365,230.30428462257046,227.2471527981365,228.9912872314453,260600
2024-03-11,228.75611512010798,229.82414956104162,226.46325147409382,229.12844848632812,322400
2024-03-12,228.77569205584058,230.11809859011802,227.91343302328153,229.0990447998047,363500
2024-03-13,229.74575924218374,229.9515196636881,228.21719344848242,229.07945251464844,412200
2024-03-14,227.64889901518532,228.2466090235815,225.86556212243542,226.8944091796875,341600
2024-03-15,222.3478856658202,227.30593153090913,222.3478856658202,225.41482543945312,603500
2024-03-18,226.99237106507644,227.86443818287478,225.19924127090437,225.36581420898438,353800
2024-03-19,226.10071594776844,226.8846000767515,224.48396707970966,225.5030059814453,240900
2024-03-20,225.17963874464726,228.75610518096744,225.17963874464726,228.56993103027344,431800
2024-03-21,228.89332362661773,230.26510978950546,222.35770075753376,222.5144805908203,524300
2024-03-22,222.31849913115258,224.58195363159197,220.94671305553686,224.385986328125,623900
2024-03-25,224.25859475232207,224.31738344662827,215.7730926273903,216.22381591796875,696600
2024-03-26,216.91952305251164,218.37949217286925,215.07739750584378,217.05670166015625,509800
2024-03-27,218.6342905466596,221.4072723466795,218.56569375855986,220.97613525390625,467400
2024-03-28,221.2994373629564,222.00493154376778,219.03596814456847,220.29019165039062,497500
2024-04-01,219.4867286572666,219.9374669107804,214.19553671481768,216.57656860351562,317000
2024-04-02,215.675101535573,216.2630183814176,211.38334743440805,211.9124755859375,415900
2024-04-03,212.12804043283617,214.04854085355402,211.35394943414218,212.28480529785156,452500
2024-04-04,213.7154185809163,213.7154185809163,208.7181697792658,209.10031127929688,455100
2024-04-05,209.36483931265116,210.80522201494597,208.66915321642975,209.1786651611328,434700
2024-04-08,208.93371784963992,210.78563646861966,208.30661352764008,208.3654022216797,616300
2024-04-09,209.0904878715121,210.61905365031006,207.76768251221233,210.39369201660156,598500
2024-04-10,207.2385890394184,208.46340339544332,203.96588866844309,204.99473571777344,579400
2024-04-11,206.79765982891877,206.79765982891877,201.99637856003235,202.12376403808594,850500
2024-04-12,200.25226503598742,201.92781783659444,199.2430190925199,199.8897247314453,678600
2024-04-15,201.96697350146596,203.6719203851027,196.8815421489177,197.15591430664062,847900
2024-04-16,196.94034548994566,196.94034548994566,194.40251890786513,195.00022888183594,784600
2024-04-17,195.303982866829,197.60662462285262,193.83420580714971,196.2054443359375,1115600
2024-04-18,196.5973735984301,197.6752160603085,194.22613513364269,196.76394653320312,658500
2024-04-19,197.66542950366264,197.66542950366264,193.85380794807423,195.4901580810547,535900
2024-04-22,196.67577625678965,197.929984865772,194.13796469262581,196.85214233398438,369700
2024-04-23,197.78300037206836,203.82868138888412,196.95012074658212,201.83958435058594,561600
2024-04-24,200.56577033703613,200.9675129690707,198.36110485325165,198.71385192871094,492100
2024-04-25,198.03777053133354,198.13576165359345,196.37202611233764,197.479248046875,411700
2024-04-26,197.2244962868281,200.51679771726802,196.41121779895212,199.7917022705078,318100
2024-04-29,200.11507171127988,201.91800987081632,199.8897100480932,201.28109741210938,376500
2024-04-30,199.94848978937063,201.01652430982875,198.6158911840299,200.43841552734375,429000
2024-05-01,200.48742345740848,203.37798249946917,199.62514932096,200.90875244140625,359000
2024-05-02,202.55488870878236,203.02521320858034,199.8015085840153,202.08456420898438,384300
2024-05-03,203.57391730534144,204.34800826821518,201.80038869993945,203.63272094726562,500600
2024-05-06,204.7301463289405,205.3670437348237,203.21137372489753,205.2984619140625,640600
2024-05-07,206.19994648943594,209.29628073422765,205.14170510382309,208.5809783935547,805600
2024-05-08,209.02191019294608,209.43344599144746,204.8771279590151,205.8569793701172,938200
2024-05-09,218.49709101258713,222.41649700622096,210.8052507695418,221.4366455078125,926000
2024-05-10,220.95648626494622,227.07076426070452,219.17314957609548,226.6690216064453,867800
2024-05-13,227.9526269659752,228.37397083873435,225.69896577678384,227.87423706054688,885100
2024-05-14,229.0304903779228,231.36252673402018,227.3451446357718,231.2449493408203,514000
2024-05-15,232.86169774881776,234.3706773975797,227.03158444542137,230.71583557128906,690100
2024-05-16,230.59824696598412,230.59824696598412,225.90476488920538,226.0811309814453,548200
2024-05-17,226.62983171129534,228.63853014232845,223.37673272339254,228.0016326904297,559400
2024-05-20,227.87423539078853,228.68751383338437,225.39521258624688,228.06040954589844,619600
2024-05-21,228.0212531686904,229.03049903539812,225.83617352014863,225.95376586914062,657300
2024-05-22,225.13067923158727,226.8846218203029,224.37620432823914,225.95376586914062,484900
2024-05-23,225.74799790506296,226.11053819396875,221.40726271715948,222.24012756347656,635800
2024-05-24,222.35767867553253,224.846509689914,220.9271039550675,224.55255126953125,510500
2024-05-28,223.59231294952303,224.66034748078192,218.80083978174477,218.88902282714844,457400
2024-05-29,217.02730511497452,219.97665262514758,217.00770389941036,218.9184112548828,414200
2024-05-30,218.43827733270925,219.18297400616495,216.8411296305618,218.72244262695312,404300
2024-05-31,218.43826283490498,219.98642982270684,216.89011079844877,218.3892822265625,934300
2024-06-03,217.90916911854436,224.10183762262875,217.29185790432126,223.7686767578125,530800
2024-06-04,223.45514219383153,224.31740136477583,222.39690075774985,223.8960723876953,377900
2024-06-05,224.57213947946772,225.60098641555302,222.6810185472202,225.2776336669922,336800
2024-06-06,224.278190953378,226.11050832457298,222.95538555567657,225.83615112304688,296500
2024-06-07,224.89551376669016,226.02233697758288,221.564009795128,222.27931213378906,303000
2024-06-10,220.81934102925743,222.44589815465847,219.5553391362661,220.2608184814453,445200
2024-06-11,219.780675064655,222.74962365180807,217.93854962262353,220.897705078125,578300
2024-06-12,222.34142150905194,223.85387478559372,220.9762797579836,221.80125427246094,367700
2024-06-13,220.5932417691329,220.5932417691329,215.96746532577333,217.09690856933594,386200
2024-06-14,215.77107992950448,217.01837258854144,212.94259344796984,214.38629150390625,694300
2024-06-17,213.18810413936242,214.3961036252698,209.809619899378,212.2550811767578,817600
2024-06-18,212.76579165662582,214.28807575608374,211.52832983293104,212.6282958984375,468800
2024-06-20,211.55779650331053,216.54695195263915,210.17300813347526,215.38804626464844,576300
2024-06-21,215.36838944873472,216.82193312264062,212.93274394719597,214.2193145751953,832100
2024-06-24,214.57287252538467,215.58445162229654,212.59882316834475,212.6872100830078,650800
2024-06-25,212.7952380224353,213.22737179748842,211.08634945361055,211.57740783691406,282700
2024-06-26,210.98812433805992,213.45323176524607,210.42831064737044,212.2255859375,378800
2024-06-27,212.82471143279255,212.82471143279255,210.86047779707522,212.56936645507812,329100
2024-06-28,212.98185620975232,215.81035747373912,212.58901547238239,215.61392211914062,833600
2024-07-01,218.02992074492272,218.02992074492272,213.7577068440694,214.6317901611328,852700
2024-07-02,214.1014324420842,215.42729593092938,213.43360030476816,214.4353485107422,372700
2024-07-03,214.55324164793822,214.55324164793822,213.33541142710487,213.4925537109375,196800
2024-07-05,212.9916528408333,216.8415486675268,211.35151968155222,216.1147918701172,277400
2024-07-08,215.84963383752194,217.11657292941027,215.28000428272352,215.89874267578125,284900
2024-07-09,216.14424045718246,216.14424045718246,208.97478570513937,209.6917266845703,728600
2024-07-10,210.2712033219658,211.82293460786875,207.58019801728662,211.54794311523438,493400
2024-07-11,212.57917892255293,216.3603346068742,211.86223785272085,213.94432067871094,487300
2024-07-12,214.52375606581143,219.02185261175836,212.85416057587958,217.7549285888672,372000
2024-07-15,217.51920234691352,220.06289598718286,215.95764039177448,216.55673217773438,280300
2024-07-16,217.0969153513119,223.67709472360536,215.27017755676715,223.56906127929688,417500
2024-07-17,223.75568172508667,228.83322399569437,222.99944756131973,224.6199493408203,327100
2024-07-18,223.11728600651261,225.71008872843825,219.69952376038526,221.41822814941406,370700
2024-07-19,223.45120910161788,223.45120910161788,219.36559978942603,220.27896118164062,386900
2024-07-22,221.2905635777544,224.76725044037548,219.68970840543477,224.67886352539062,330800
2024-07-23,225.30740155354798,227.68412223052633,224.98330123588113,227.5564422607422,422100
2024-07-24,227.99839859230636,230.05103399877032,225.9457781717548,227.5760955810547,334600
2024-07-25,226.98682714030346,232.2313421750505,223.097653053764,223.49049377441406,345300
2024-07-26,224.22708921758868,230.46353703122335,222.96016511109806,228.62696838378906,329400
2024-07-29,228.3814263867218,232.958094117207,225.61186489667048,232.09384155273438,298100
2024-07-30,231.92688725412216,235.67858080014173,231.92688725412216,232.99740600585938,572100
2024-07-31,232.5652481708937,237.43653883309707,229.17694839844228,234.4901885986328,523000
2024-08-01,235.94373206854712,237.77046981255958,233.18397142862898,236.699951171875,477100
2024-08-02,237.64279728069786,238.56598944708014,231.3670716869581,238.26153564453125,647500
2024-08-05,234.5785917489541,236.25800299946553,229.21622769976202,233.64556884765625,756100
2024-08-06,233.64557118954048,238.84097724160463,231.5733042266822,234.90267944335938,844900
2024-08-07,233.78305495453372,239.01773881490254,223.14674417738863,229.3537139892578,804500
2024-08-08,230.21799325873818,236.77852602089013,228.87248310740688,235.39373779296875,396800
2024-08-09,236.25799939919347,236.25799939919347,230.06084519842474,231.75990295410156,427000
2024-08-12,231.53403771792074,232.40812107847975,228.84303226637647,229.75640869140625,352600
2024-08-13,229.75641159776697,230.91530225378912,227.9787825487659,229.6090850830078,295100
2024-08-14,229.52069828836656,230.2867482106006,227.5859269502871,228.62696838378906,382400
2024-08-15,228.9903339369364,230.29655094948762,225.88684156061527,226.2011260986328,442700
2024-08-16,226.05380605180372,228.3519556044626,225.12079815504856,228.18499755859375,558700
2024-08-19,226.92789795191848,229.41265217538017,226.92789795191848,229.3930206298828,446700
2024-08-20,229.1769445496616,230.46351506602514,228.74481079145144,229.09837341308594,346400
2024-08-21,228.98052315839774,231.59295741144552,228.40107785001948,230.18853759765625,260800
2024-08-22,231.20011231760938,231.43581075131857,227.37967868347616,229.95281982421875,315900
2024-08-23,230.79741996441362,232.60451106028225,228.5778416609605,231.7893524169922,258500
2024-08-26,232.33938618579367,233.52773916063896,230.50281751916634,230.8662109375,211500
2024-08-27,229.55016134854804,232.77150333619917,229.0001783242047,232.20187377929688,240700
2024-08-28,232.43758861195977,233.97951922998436,231.56350523174052,232.8304443359375,355600
2024-08-29,234.0384296736353,235.65891635243912,232.4572210718946,233.458984375,348800
2024-08-30,234.53931990128683,237.03390506421857,233.19382462747862,236.7883758544922,430600
2024-09-03,235.84550042917476,241.41410024172666,234.9321391042286,238.80166625976562,498300
2024-09-04,238.811508270222,240.06861648894323,233.02684131526004,236.11068725585938,469500
2024-09-05,236.2682179119734,237.37079812200676,233.28533286255706,235.33299255371094,261400
2024-09-06,235.99255232712625,238.26663132323,233.96458603660128,236.09100341796875,365100
2024-09-09,236.99669769012166,243.07075749500797,236.99669769012166,241.68267822265625,714500
2024-09-10,241.81067345200648,243.47439783570687,241.249529242415,243.32672119140625,550300
2024-09-11,242.37179906084413,242.37179906084413,235.70706252345533,238.29617309570312,677400
2024-09-12,238.06975515225227,242.78526819933577,237.84333565869605,242.64744567871094,317600
2024-09-13,241.38734381183156,244.38008278800234,240.81636052004202,241.02310180664062,271300
2024-09-16,242.70648984841432,243.6121977892743,239.18216925816176,239.940185546875,280800
2024-09-17,239.51689395017627,241.6826828081022,236.44539709455455,237.9220733642578,343800
2024-09-18,238.0402055407542,239.20185027001182,233.45266122500107,234.6733856201172,496900
2024-09-19,237.7941014164191,237.80394051698678,235.3821998829077,235.73660278320312,513100
2024-09-20,234.7718269845526,234.88011717544626,231.6806520153935,233.29515075683594,783000
2024-09-23,234.34854589770566,236.08117411941282,233.66927235543957,235.65786743164062,355400
2024-09-24,235.8547440725857,236.04179214357885,234.26977755197038,234.53558349609375,348700
2024-09-25,235.85473137264574,235.85473137264574,232.45837901750255,232.73402404785156,260600
2024-09-26,234.06303080446614,234.15164279812848,231.5526931314919,233.06874084472656,414600
2024-09-27,233.80709064205703,238.23711972790653,233.5117523653613,235.33299255371094,312300
2024-09-30,235.51017730084018,239.40860935347268,235.14593528601978,238.76870727539062,530500
2024-10-01,238.08945470282586,238.08945470282586,229.92834838018464,232.11383056640625,797900
2024-10-02,230.89309109897923,232.99981527468537,228.3039956302666,231.08013916015625,316400
2024-10-03,230.44024320414815,230.76511376810578,228.21538982187934,229.2392120361328,241300
2024-10-04,230.4402584054507,230.61745234937442,227.26048634341947,227.42784118652344,378400
2024-10-07,226.1677585804706,226.1677585804706,221.41285885926507,222.50559997558594,341800
2024-10-08,223.3522257228866,224.51387057831832,221.39316301778598,223.6869354248047,329600
2024-10-09,223.91334974303552,225.58691323541257,222.5548177427206,223.61801147460938,1038500
2024-10-10,223.4605134014098,224.4548033946622,221.2061124464864,222.64341735839844,376100
2024-10-11,223.6967577833526,225.3998685339034,221.91490418538532,223.37188720703125,361100
2024-10-14,223.52941726044753,225.39002884651828,221.22580577703204,224.6615447998047,282600
2024-10-15,224.66153343811897,228.9340464905761,221.91490717473386,223.1750030517578,601900
2024-10-16,223.11596132367052,226.1086855836407,221.38333307016455,222.47607421875,565900
2024-10-17,224.02165688474975,224.48435003525682,219.67038546684716,221.50146484375,648100
2024-10-18,223.1651795230639,223.1651795230639,220.51700416778297,222.14134216308594,607800
2024-10-21,221.35378808627678,222.0035142557335,219.91648318090301,220.88124084472656,406600
2024-10-22,220.3102475549099,220.3102475549099,217.78021669948623,218.10508728027344,406600
2024-10-23,217.66209318470095,218.6170117295295,216.26415973151805,217.7113037109375,507900
2024-10-24,220.1626051683496,227.11282632388648,219.2372188916128,223.70663452148438,739500
2024-10-25,224.35633953583877,224.35633953583877,219.44393947753747,220.63511657714844,409600
2024-10-28,222.14133908150302,223.96257925105712,219.93617868419398,220.52684020996094,491100
2024-10-29,219.80816995190696,221.40297541583922,218.57760647133532,220.3889923095703,495500
2024-10-30,220.04447245331008,222.13150358362662,218.86313436108426,220.90093994140625,434600
2024-10-31,219.02063024869506,220.88124183373571,218.2232274296103,218.4004364013672,417100
2024-11-01,219.0304594051893,223.3128112843981,219.0304594051893,221.67861938476562,487800
2024-11-04,221.81649035620396,225.8133587213206,220.39887861612675,222.3087158203125,918600
2024-11-05,221.3931658373441,224.85843726673687,219.39473168013734,223.9035186767578,1262500
2024-11-06,231.08015174721677,231.3361185907817,222.11180359498147,223.98226928710938,1404800
2024-11-07,221.55066312925908,221.55066312925908,208.0243032664242,212.14915466308594,1330200
2024-11-08,210.67249664388788,216.8253148869921,208.44764297493182,215.78179931640625,1071800
2024-11-11,216.8351357154155,219.9952295082408,215.80147435490528,218.41026306152344,663600
2024-11-12,219.58177038151686,221.42268870843364,218.23306246991834,219.26673889160156,641700
2024-11-13,218.1247911890105,219.8278870248795,217.76053414460125,218.81390380859375,521500
2024-11-14,218.33152434327977,220.60560357032008,217.3470734209919,217.75070190429688,549500
2024-11-15,217.56364825648296,218.45950217800006,215.92945616214976,216.69732666015625,540400
2024-11-18,216.5791873459378,218.26260491159897,213.58646336662986,213.7144317626953,599400
2024-11-19,211.17772040812667,212.22398295196845,209.12467038993424,209.25299072265625,511400
2024-11-20,207.35789069545083,210.71382917892143,206.2425278482818,209.49977111816406,761100
2024-11-21,209.48989300112552,213.36896256311314,208.0586694134919,212.97415161132812,1041600
2024-11-22,213.68481807788237,215.55032764181965,210.81252103244924,211.5626678466797,503000
2024-11-25,213.11235535827726,215.26410083518712,212.0068574878608,213.3196258544922,872600
2024-11-26,213.27025603952995,213.63545690360706,210.54600940911632,213.2603759765625,473100
2024-11-27,213.2011764710835,216.16230392207078,211.8587980908597,214.65213012695312,406700
2024-11-29,213.52690529844728,216.68543827833534,212.6977932151779,216.22152709960938,343000
2024-12-02,216.2215143623817,217.42570734331983,215.36279225965802,216.02410888671875,614600
2024-12-03,215.67865788762904,216.20178922383553,213.3295069068953,213.84275817871094,627900
2024-12-04,213.09260390252754,216.80387826625932,211.7206154352502,214.4349822998047,552800
2024-12-05,213.79340837168485,215.5700727966263,212.70765561326678,214.61264038085938,654800
2024-12-06,214.61264442014158,216.4584241441922,211.57256676149905,213.0926055908203,604800
2024-12-09,213.21104919220667,214.59291775600175,212.5398675083344,212.8359832763672,434500
2024-12-10,212.61882736303727,212.61882736303727,206.88411287954457,211.44424438476562,563400
2024-12-11,212.16479296535226,214.39551876591582,206.6669737973664,206.9038543701172,498700
2024-12-12,207.49607015280992,213.7440508224751,205.5910703456477,213.60586547851562,690400
2024-12-13,212.86558798667173,214.0895110408117,210.75331765080384,211.44424438476562,526500
2024-12-16,210.83228446251587,212.82609947268602,207.95010710278254,208.2955780029297,668700
2024-12-17,207.871145281585,211.1481183725897,206.726172428854,206.79525756835938,500100
2024-12-18,207.04201871271462,207.95997602218625,204.19934670067826,204.32765197753906,559800
2024-12-19,202.28447696274964,204.11049641211693,200.09324157465116,201.69224548339844,709500
2024-12-20,201.0605531477978,205.85758027423515,201.0605531477978,204.80145263671875,1251300
2024-12-23,203.0642493948309,205.75888626495725,202.26474737926037,205.30484008789062,465700
2024-12-24,205.1765112013084,206.41031427547043,204.03155339490124,205.97601318359375,156400
2024-12-26,204.7718500219267,206.8051552251589,203.68609721385428,206.01551818847656,584900
2024-12-27,204.3375428477434,206.29188278332703,203.4985506971618,205.28509521484375,268900
2024-12-30,203.50842146140417,203.64662187413674,200.6854942862419,202.4226837158203,232400
2024-12-31,202.6793033025711,204.64352329923992,201.83044615026543,202.89645385742188,370200
2025-01-02,203.14320736751984,204.6237710654254,198.87919174930977,199.8366241455078,398100
2025-01-03,199.92546400153324,201.95876916834996,198.37580002695393,201.47511291503906,379200
2025-01-06,200.71509478023242,203.8933727778091,200.71509478023242,201.3665313720703,507800
2025-01-07,202.20552328486244,204.8113148325786,201.159260664646,203.8144073486328,465100
2025-01-08,204.10065192930432,207.0124243631959,202.30424236719367,206.71630859375,284100
2025-01-10,203.77490361911393,207.13085686765598,202.46213539948369,203.07411193847656,343800
2025-01-13,203.2122998203525,205.1271645397295,201.63302591171293,204.6829833984375,420300
2025-01-14,205.33446327390115,205.33446327390115,202.75828158079992,204.88043212890625,509100
2025-01-15,206.42018900964817,206.42018900964817,203.1135908318369,203.98219299316406,468800
2025-01-16,203.99205281136864,207.61449664419396,203.09384060473857,207.4269561767578,428400
2025-01-17,207.94025205912402,208.2561129042238,205.62071110485297,206.9038543701172,693900
2025-01-21,209.88470313370033,215.36279166950206,209.88470313370033,214.25730895996094,654000
2025-01-22,212.06609255624105,216.84337476338447,211.93777220842594,215.7477569580078,718000
2025-01-23,215.49111791813192,216.7545310668632,211.1974771763322,214.3856201171875,393200
2025-01-24,213.44792750890227,215.05681150458187,212.49049513784936,214.1980743408203,297300
2025-01-27,215.0568354683153,219.02473567266244,214.52382405747377,218.94578552246094,485200
2025-01-28,218.19558715820312,220.61383798857244,217.4947954992463,218.19558715820312,359700
2025-01-29,218.92601366455054,219.3504346795123,216.11293671875484,217.4257049560547,332500
2025-01-30,218.9654863614469,221.28504206782597,217.72181833694034,218.82730102539062,310900
2025-01-31,216.94205171087233,221.88714398461948,216.10307467177492,217.79090881347656,565600
2025-02-03,215.55032387038673,216.7742468058179,213.03336274122185,215.51083374023438,523000
2025-02-04,213.77366169127572,217.0407698836643,211.4442408407669,216.55711364746094,538200
2025-02-05,218.0278022894925,218.85691431804773,215.54045114275453,217.9685821533203,888100
2025-02-06,218.5904349965236,224.4337246908129,214.16847382700223,222.51885986328125,1332400
2025-02-07,222.8050847262004,223.54536655275191,217.9290926855428,220.3374786376953,682900
2025-02-10,221.3048082034302,221.93651480855607,218.82732185965938,221.40350341796875,437500
2025-02-11,220.38682459604868,220.65333025961172,218.64963540405364,220.46578979492188,302700
2025-02-12,217.89948805808672,218.6693799720379,215.4516269742694,216.2708740234375,341000
2025-02-13,216.3794477415972,217.40596526579807,213.71443613083426,216.38931274414062,443500
2025-02-14,217.63301751631985,218.92604084850262,216.07348847823653,216.49790954589844,322500
2025-02-18,214.18822972625458,217.43559303394144,212.0266041685542,216.8137664794922,379700
2025-02-19,215.88594527483139,219.3998143029208,214.85941260035594,218.52134704589844,258500
2025-02-20,218.34319042845863,219.02601011154795,217.29422718774993,218.4916229248047,249600
2025-02-21,217.52184534756043,218.70935070897377,215.9780868677281,218.2640380859375,412200
2025-02-24,217.8978868176997,222.38072959144563,216.67078943086588,221.35154724121094,394800
2025-02-25,221.03488686741233,223.43958401422572,220.00571961403176,221.4604034423828,666800
2025-02-26,221.11405850854482,224.01355083249516,219.47133499056463,220.72811889648438,298800
2025-02-27,218.98643055959315,220.1838414650212,217.33381657272605,217.77914428710938,278500
2025-02-28,218.69946218438972,220.36196668514572,213.77130658577727,216.97756958007812,881400
2025-03-03,217.8286095025358,221.82656272459627,213.69212934401375,220.40155029296875,547500
2025-03-04,223.5484406056814,226.85368365223403,222.65781538412472,223.45938110351562,905800
2025-03-05,222.61822601039583,227.11095903535306,222.61822601039583,225.0625,622800
2025-03-06,223.0437614893725,230.06985879721233,222.71719487197095,229.8323516845703,1476800
2025-03-07,227.47711113304024,232.05891892721158,225.96303922394176,230.31724548339844,667400
2025-03-10,230.45578013571935,234.36465856733454,227.81357600447646,229.1198272705078,668600
2025-03-11,229.2682708760081,229.2682708760081,224.78542807545068,225.6859588623047,858900
2025-03-12,224.94376952204422,225.2604456672097,221.03489084234985,222.11354064941406,559600
2025-03-13,222.53906585774345,222.99426892823863,219.55049899947574,220.1343536376953,419200
2025-03-14,220.56980054361262,225.32972788454094,219.08541496453137,224.2708740234375,434500
2025-03-17,223.6671929496232,226.7052271708089,223.4296858531992,225.4385528564453,416200
2025-03-18,225.59690517226028,226.5864954866186,223.78595308499058,225.94326782226562,454000
2025-03-19,225.84430676986415,225.84430676986415,219.93645128001575,222.92501831054688,450600
2025-03-20,222.83593516344482,224.14220159955042,221.07446564805358,223.1229248046875,524600
2025-03-21,221.87604390831953,221.87604390831953,214.30566918637135,218.12548828125,1348100
2025-03-24,219.14477907408292,221.76720255062253,218.4223823495801,220.68853759765625,439700
2025-03-25,221.46041513790556,222.14323488724358,216.88851260748604,219.47134399414062,551000
2025-03-26,218.47185148275824,221.00520019677592,217.48226119759823,220.73800659179688,578200
2025-03-27,221.56926163680328,223.01407011556498,219.57030010721675,221.8958282470703,503600
2025-03-28,220.92603221602505,221.95519947352395,219.53070628330437,220.6786346435547,329600
2025-03-31,221.28228630468442,225.3692990519844,218.74893756735693,224.29063415527344,584200
2025-04-01,222.95470468335486,225.30002893677772,219.73853610632008,223.37033081054688,803900
2025-04-02,222.70730844411824,225.7750294299815,221.14375389908656,225.20108032226562,401000
2025-04-03,224.0036631047578,226.62607138544854,218.49163783182505,219.10519409179688,481500
2025-04-04,216.0869336476911,216.50255975234103,208.28895742724652,210.39678955078125,1201100
2025-04-07,207.16083003261573,213.89993756790625,202.89569825036577,210.54522705078125,949400
2025-04-08,215.23588894938098,215.97808166989608,203.70716806402615,206.37905883789062,690800
2025-04-09,202.7670453246599,221.14374434345737,202.7670453246599,220.6192626953125,1012200
2025-04-10,219.44164050680095,219.45153097343515,210.12959252128445,214.85983276367188,701000
2025-04-11,215.12703213742031,220.4906096872116,212.0197192366202,218.78851318359375,459300
2025-04-14,220.11456137158572,222.6875021704149,219.0655980782006,221.67811584472656,421500
2025-04-15,222.4203059816643,222.4203059816643,217.6801751826338,218.73902893066406,342200
2025-04-16,219.59006412395655,221.07444945629499,216.68068155652986,217.72964477539062,359400
2025-04-17,218.4520670224968,222.1531403210571,217.85830677996407,219.91665649414062,451300
2025-04-21,218.917166211735,219.17445425238714,213.66244416262498,216.5025634765625,306200
2025-04-22,218.86768403175842,221.15363520033523,217.85829770149545,220.45103454589844,297200
2025-04-23,222.65782319843092,226.6260749670076,220.8666671255822,221.53958129882812,425500
2025-04-24,222.054185874376,224.98338005779908,221.44064466769285,223.99378967285156,333700
2025-04-25,223.26145705337947,223.55833714856456,220.5400838640891,222.65780639648438,368800
2025-04-28,223.13281116633496,224.87449971576464,221.3317647162966,222.91510009765625,610400
2025-04-29,221.56926740694064,222.84584738031563,219.57030582529688,221.7078094482422,1183000
2025-04-30,223.00417863701765,223.84532132636002,218.91716589367027,222.40052795410156,1464000
2025-05-01,220.61925434948236,221.48019304123662,216.08692915964966,219.92654418945312,1089000
2025-05-02,223.13282657504394,223.36044322616684,219.6296834006669,222.4698028564453,745600
2025-05-05,222.4994752574198,223.86511467780576,219.61976391441002,221.96510314941406,752400
2025-05-06,220.6687408421279,222.63801582526668,218.75882375954367,220.1343536376953,1171200
2025-05-07,221.23280383068575,223.68698353315148,218.63017652406975,222.6776123046875,755600
2025-05-08,222.82606084686577,225.70577243522433,221.00521819784996,223.50888061523438,510100
2025-05-09,224.0531255616834,224.81509915989423,222.22237761284515,224.07290649414062,511900
2025-05-12,227.60577168427048,230.84173623141976,226.42815679739033,230.6735076904297,706000
2025-05-13,230.6635972529486,230.68339328674998,228.29847706199234,228.74378967285156,570600
2025-05-14,229.09016683389854,229.41673346254566,224.17190156903652,225.13180541992188,973600
2025-05-15,237.79855259448925,246.09130905741947,233.51362477476502,244.31005859375,1153900
2025-05-16,244.07253956502714,249.57465895952745,242.5485772183288,248.97100830078125,1623100
2025-05-19,247.77361147859244,250.15851250370298,246.31891260396776,249.9210205078125,562300
2025-05-20,248.2882027425567,249.59446919975122,246.77413077623115,247.86268615722656,673500
2025-05-21,246.00224620400772,246.74443892041222,243.45900701443534,243.76577758789062,533400
2025-05-22,242.944415949828,242.944415949828,239.9954411165899,241.26211547851562,540900
2025-05-23,240.47044372558594,241.47983006303727,239.57981849250808,240.47044372558594,538500
2025-05-27,243.38971791708335,244.66629779004523,242.27149120737465,243.63711547851562,531700
2025-05-28,243.07306217887268,244.07254291282283,241.46991567794728,242.44961547851562,525900
2025-05-29,241.113662577736,244.06265244613192,241.1037721110451,242.44961547851562,440900
2025-05-30,240.78713029394925,243.1324545825428,239.78763438028338,242.65745544433594,1044300
2025-06-02,241.281920680444,241.281920680444,237.63032995928504,239.56002807617188,501700
2025-06-03,238.7287570741552,241.44022469210054,238.13499688485172,240.7969970703125,555000
2025-06-04,241.15324832652928,241.63813788081546,238.95635678277324,239.57980346679688,616500
2025-06-05,240.95535882779265,242.12306818831104,238.81784005605184,241.04441833496094,760400
2025-06-06,241.7767131100881,242.44962727659416,239.37200079165655,241.18295288085938,590500
2025-06-09,241.9943959241263,242.439723621799,239.34230127105286,240.17355346679688,564700
2025-06-10,240.7687389575101,242.66330980258394,239.80657534029447,240.4017333984375,576800
2025-06-11,240.70921330876587,241.25477231031113,238.25916981268762,238.79481506347656,471800
2025-06-12,238.88407392881345,240.46122295443053,237.80288485858514,240.45130920410156,360800
2025-06-13,238.13021101419614,242.2863425654228,238.06076935809523,239.3899383544922,464100
2025-06-16,239.92559407266359,241.7507230851829,238.58649613215943,239.21141052246094,417900
2025-06-17,236.99942575587394,237.63426905225683,234.4898694999121,235.1643829345703,563700
2025-06-18,234.97591407932555,236.3447684404564,234.0137505262839,234.3212432861328,540900
2025-06-20,235.0453474831632,235.819043798667,232.63497424217317,233.76576232910156,665900
2025-06-23,233.76577187473129,235.08502721926786,232.18862279299478,234.99575805664062,430300
2025-06-24,235.26356778541734,238.1203021006768,232.61514332043612,237.6540985107422,467800
2025-06-25,237.45571808946323,239.63793896949747,235.23381193523892,238.42779541015625,535000
2025-06-26,239.0725318042564,239.0824455541985,236.007487896583,236.60264587402344,396100
2025-06-27,236.6621689707872,238.68569407397896,234.81719732281672,236.8605499267578,741600
2025-06-30,236.83079719960108,238.66585512555187,236.27532446010164,238.2790069580078,570000
2025-07-01,237.1978188844631,241.11589960035855,236.2753254745147,240.6992950439453,918400
2025-07-02,239.77681321545103,240.74890569619862,235.26357426640166,236.32493591308594,548200
2025-07-03,236.60264669808316,236.60264669808316,234.22204505102218,235.6305694580078,242400
2025-07-07,235.64048401793224,235.64048401793224,230.0956555272091,231.43475341796875,523500
2025-07-08,230.6412121366862,232.8234328209978,229.71871878822276,230.69081115722656,610300
2025-07-09,231.4645211390108,231.4645211390108,227.77457779782821,229.41123962402344,551900
2025-07-10,229.41124668059425,231.47444200954064,228.33997130967032,228.85577392578125,530700
2025-07-11,227.42739991015898,227.42739991015898,224.10446209673415,226.1875,431200
2025-07-14,225.26501923593037,225.721293921935,222.88440235350433,223.96559143066406,834000
2025-07-15,227.09014958458087,229.0442330436556,226.0486306383715,226.99095153808594,850000
2025-07-16,227.53650999260776,228.32012007030306,223.71761224390443,225.7808074951172,552900
2025-07-17,224.59051440626766,225.73123143587412,222.33885187036384,222.77529907226562,1076100
2025-07-18,223.69778092862714,225.03686371737365,221.08902673844085,223.75729370117188,1721800
2025-07-21,223.0629443475526,223.7473714768889,220.65257120230282,220.8509521484375,643700
2025-07-22,221.68417215819258,224.45162187299508,221.4064358117427,221.88255310058594,818000
2025-07-23,223.71760462220786,224.3822042656391,220.53355026127343,223.64817810058594,535200
2025-07-24,224.01519237292112,226.65370300762987,222.66618066863745,225.41380310058594,376500
2025-07-25,225.05672354003397,229.4013378935395,224.61036257636505,228.59788513183594,650300
2025-07-28,227.75473061046503,228.69705149567264,224.40203647910886,224.69961547851562,429700
2025-07-29,224.6500216920472,226.88184153637107,224.0747063159174,226.52474975585938,438300
2025-07-30,225.75104716073886,227.98286694317582,225.75104716073886,227.41748046875,408100
2025-07-31,226.72313782627862,228.11181962606673,224.2234954511636,224.65994262695312,700700
2025-08-01,224.2631841214126,225.93953130537338,222.19007500057842,225.03688049316406,733700
2025-08-04,224.7591300211977,227.03063510357666,224.43179463282226,226.58425903320312,590200
2025-08-05,226.62394921453998,226.8520865621081,221.28741511018427,222.0611114501953,735300
2025-08-06,220.5533955008228,222.5967480701937,218.76793665630086,219.422607421875,726000
2025-08-07,225.32454170634276,235.6405032343227,224.74922631338464,234.3311767578125,1192900
2025-08-08,236.67211171928432,242.27645351507576,234.91640912833913,240.8877716064453,863800
2025-08-11,240.9075940324845,241.67137663388735,239.34035869119566,239.66769409179688,424200
2025-08-12,240.1338855935273,241.93918708133984,239.34034664432943,241.79039001464844,341100
2025-08-13,241.8895997328892,246.05566049786458,240.93734992079612,245.07366943359375,455200
2025-08-14,244.74632683022062,244.85543862698344,242.31611091463935,244.1511688232422,447200
2025-08-15,245.0141476362229,246.01599649793778,242.5541903355573,243.57586669921875,466800
2025-08-18,242.97078677060057,244.8356011049565,242.3458874992663,242.5839385986328,319800
2025-08-19,241.49282636459304,246.0358062033647,241.49282636459304,245.61920166015625,376700
2025-08-20,246.26395884580896,249.29923133088457,245.44066350908966,247.5336151123047,489600
2025-08-21,246.23420930373473,247.13684493863974,245.18276146227362,245.50018310546875,331100
2025-08-22,247.1765312218796,250.42011364986112,245.7680067293135,249.83486938476562,375600
2025-08-25,249.65632915062875,250.09277634071677,245.9366294198744,246.47225952148438,320900
2025-08-26,245.98622778562515,246.8690359139437,244.4090636010249,246.5714569091797,548200
2025-08-27,245.49026495728498,247.4245057624277,244.62728433999305,246.9682159423828,629100
2025-08-28,246.33338247393505,246.46233690332048,242.10780918061224,242.792236328125,512900
2025-08-29,242.8220012871516,244.86535391618986,240.73896338513376,243.07989501953125,561700
2025-09-02,241.69121648177878,242.8616747472422,239.83631589977733,240.06446838378906,406800
2025-09-03,238.63610119511506,240.62985482752114,238.07069956377023,240.50091552734375,534100
2025-09-04,240.04342010490484,242.13188452685722,238.08424605595636,242.0523223876953,499500
2025-09-05,242.31088733989353,245.632542147982,241.2467759780395,243.9518280029297,331200
2025-09-08,243.51425537936265,247.97958390011604,241.91310329730427,246.9552459716797,933000
2025-09-09,247.08450911900056,247.83038709893813,245.33418758905387,247.02484130859375,399600
2025-09-10,246.92539331538495,247.18397406925692,242.4899139404297,242.4899139404297,431100
2025-09-11,244.08110517808325,251.16198385350876,241.67440736105888,251.04263305664062,758400
2025-09-12,250.9332449072964,251.6095003119173,247.4325867409339,248.50665283203125,774400
2025-09-15,248.64590442949162,249.51111808866182,245.60272449385963,246.4480438232422,757500
2025-09-16,246.4281469905221,248.466883287618,245.76183111121384,246.62705993652344,567900
2025-09-17,247.36298538388755,250.45589355232966,245.74195411918691,247.4226531982422,462400
2025-09-18,247.6513836081809,250.34648087708197,245.28445929643826,249.1232452392578,597700
2025-09-19,249.34204466014242,249.51110851953507,247.23370103133183,247.41270446777344,643500
2025-09-22,246.83588995489947,248.87462619145316,244.9861119064794,248.3376007080078,363800
2025-09-23,247.41269049264608,250.3763080029955,247.12429102524928,247.86021423339844,432100
2025-09-24,246.56737129223424,248.7254583424162,244.14079426090504,244.63804626464844,564500
2025-09-25,243.65347670933554,244.28995865374247,237.0897443280114,242.84793090820312,631700
2025-09-26,243.02692405606555,247.77071212020397,243.02692405606555,247.71104431152344,445800
2025-09-29,247.36297260420136,247.36297260420136,243.31534926534593,244.0214385986328,796100
2025-09-30,244.64797473247168,247.0944611567639,243.21588659873245,246.08006286621094,537100
2025-10-01,246.965177756471,248.07901736974,235.35931800952014,239.97381591796875,935100
2025-10-02,238.85996418134349,241.97276656703283,238.85996418134349,241.06776428222656,504100
2025-10-03,241.44566570016912,243.26560973408104,239.7749063624357,241.16720581054688,714200
2025-10-06,240.49096646790883,241.36611967588712,237.84558216498314,239.31744384765625,563700
2025-10-07,240.6799151364927,241.8633773616521,239.51634724093765,240.23239135742188,694100
2025-10-08,240.91859154634253,241.29650791847018,239.1185417526636,240.99815368652344,396500
2025-10-09,242.4004057158888,243.5639735523027,237.91518305103259,238.10414123535156,371100
2025-10-10,238.6809542711895,239.18814583604228,234.04656210044158,234.53387451171875,414000
2025-10-13,234.34491529308522,235.79689776878868,232.8829932406379,234.185791015625,358400
2025-10-14,233.72833127586844,236.7217828137924,231.23211655652247,236.50299072265625,516900
2025-10-15,235.71735151398215,237.6367370248084,233.66867562214136,235.45877075195312,347400
2025-10-16,235.10073446070638,239.54616845884652,234.02668351780096,238.97930908203125,450800
2025-10-17,239.53623782440283,240.01359550295112,235.9958059565597,238.8898162841797,507500
2025-10-20,239.108592745139,241.37607585745207,237.75608185435084,240.88876342773438,498500
2025-10-21,241.41584266809605,243.85237439948287,238.9494770311151,240.69979858398438,371200
2025-10-22,242.8877114251974,243.13633742904028,240.35172315101474,241.03793334960938,653600
2025-10-23,241.16721925753137,242.60924701810654,238.88981178151047,240.5207977294922,295400
2025-10-24,242.00260503427063,242.00260503427063,239.24783981970188,239.43678283691406,341700
2025-10-27,239.66553016047402,241.04789014657013,237.75608425575385,239.58596801757812,1334300
2025-10-28,238.99920593941997,241.4954054890346,236.9008019154663,239.87435913085938,1475900
2025-10-29,239.6754703117983,239.6754703117983,234.70295018084812,235.4886016845703,560400
2025-10-30,234.49408079267192,238.10413500406958,234.10622485735098,234.8918914794922,697900
2025-10-31,233.41008280460576,235.74717324493446,230.92382283613972,234.4045867919922,604300
2025-11-03,234.076391181728,236.1051877491811,231.99788155643407,236.01568603515625,746000
2025-11-04,237.03007898828577,241.64457692708228,234.68304894851437,240.5207977294922,727200
2025-11-05,239.18815148382276,242.95733014031302,237.8853536723187,241.84347534179688,1086100
2025-11-06,246.67676450550098,264.10047876543376,245.6424870265674,258.6307067871094,1610600
2025-11-07,258.14341385663494,263.2054356392196,257.10912118548333,262.3203125,897400
2025-11-10,260.79872942350704,263.3645668395351,255.71682835315863,262.55902099609375,1080500
2025-11-11,263.0463015260161,266.0596473578588,262.23080098212205,265.2342224121094,809700
2025-11-12,264.71707052828936,266.82541417694114,263.5535178306155,266.5171203613281,706800
2025-11-13,264.54800013109224,266.54693239249207,258.8196477823433,259.00860595703125,973900
2025-11-14,259.3268670297293,259.6152513314714,255.29910770869247,256.9897766113281,504400
2025-11-17,257.0991688386227,258.6307135304448,255.38862070680764,255.5974884033203,532900
2025-11-18,256.0847611186106,257.1687667567033,254.45377528586187,255.58750915527344,543800
2025-11-19,255.2195501074114,257.5864743325121,250.7641615454658,253.3101043701172,652600
2025-11-20,253.53884560661865,256.83065133318155,252.43494558827663,255.56764221191406,623600
2025-11-21,255.71683830122004,262.7082007519871,254.97096024310184,261.8429870605469,976400
2025-11-24,261.55454727365424,263.88168294962,260.6395902562521,261.63409423828125,1025900
2025-11-25,263.38440815419716,267.12375251481876,262.1213991323214,266.3182067871094,577900
2025-11-26,265.0154611937333,267.12380501145674,262.8474192086599,265.3834228515625,431600
2025-11-28,265.84086624339335,267.09395101623454,261.5645111120509,264.8165283203125,311300
2025-12-01,263.02644826444487,265.2342485214346,260.16227167701425,261.4451904296875,747200
2025-12-02,262.5490589216431,262.5490589216431,257.0494529544377,257.8748779296875,571500
2025-12-03,258.49149622709166,259.82412796157126,255.26928258938713,257.9743347167969,396300
2025-12-04,258.2329078523023,260.09262544442447,257.4671507113852,259.5854187011719,537800
2025-12-05,260.68933430035094,262.539097143502,258.67049242590775,261.8330078125,585600
2025-12-08,260.8782994109996,262.7479718073804,259.07824957934344,259.9732971191406,757000
2025-12-09,261.1368471407394,262.8971386458231,255.21956654669341,255.8560333251953,448000
2025-12-10,256.7908465955381,259.79426783340165,255.5477167056544,257.4173889160156,772500
2025-12-11,260.0130881344386,260.0130881344386,250.9630954836687,251.10232543945312,838200
2025-12-12,251.74874493312947,252.84270541605014,248.54644080122742,250.40615844726562,563700
2025-12-15,251.02276469537046,253.3598400501244,250.04813982452245,252.67364501953125,641100
2025-12-16,253.43939305481513,253.43939305481513,249.71000309400446,251.63934326171875,642400
2025-12-17,250.77413188020068,253.9068134052109,249.08347811789474,250.2868194580078,513900
2025-12-18,250.82385674085077,253.8869156608013,249.7100019586695,250.16748046875,451800
2025-12-19,249.60060469154084,254.54329068692942,248.6160554631355,252.942138671875,1702800
2025-12-22,251.17193112304577,254.4438578241364,251.17193112304577,253.72781372070312,557500
2025-12-23,253.10126595551395,255.57757118355786,251.19182011192916,253.9863739013672,448700
2025-12-24,253.60844918294845,256.14443731399695,253.43938533086867,254.27476501464844,259200
2025-12-26,254.1156613019876,255.55768903847562,252.47472062949313,254.01620483398438,284000
2025-12-29,254.3245009367577,255.82619649763922,253.93664498792464,254.8118133544922,366500
2025-12-30,253.7874733268669,254.93114683498993,251.60950718059604,254.06593322753906,278000
2025-12-31,254.09576153917314,254.38416101033232,251.2813135140495,252.12664794921875,411100
2026-01-02,252.03713941028047,252.03713941028047,245.29440355846953,248.665771484375,678700
2026-01-05,248.60610148934748,255.746647980202,247.47236755541448,255.33889770507812,644400
2026-01-06,254.49358446400495,260.8186461067977,254.49358446400495,258.60089111328125,517400
2026-01-07,259.5357128327844,261.0274688485264,256.94004158346934,257.77545166015625,470500
2026-01-08,255.75659568829795,261.634087359695,255.75659568829795,259.2472839355469,441100
2026-01-09,259.25723367973643,260.92799300938566,255.16980671808025,255.40850830078125,380100
2026-01-12,255.09027092265794,259.77437617146603,251.1420889072488,259.3367919921875,301400
2026-01-13,259.03845039559644,259.595370191057,255.2096040394157,258.4417419433594,322100
2026-01-14,257.46717175823005,262.996611927399,255.10024722936927,262.7976989746094,460700
2026-01-15,262.81755305562194,267.8895293693053,260.3213687304395,266.78564453125,488600
2026-01-16,265.81102681321846,267.95915908636965,264.49827425465054,267.1734924316406,533700
2026-01-20,264.2098964623451,265.63202992759915,256.4427921408983,256.57208251953125,664900
2026-01-21,258.34228312596457,262.62859277159436,257.1986096403293,259.7445373535156,432100
2026-01-22,258.7798543261682,261.68381910182524,257.59639224343704,259.466064453125,335700
2026-01-23,258.18316016226385,260.26170016001544,254.28472160969562,258.0936584472656,367200
2026-01-26,259.5058717399678,262.9568017748118,259.13791012225136,261.683837890625,501200
2026-01-27,260.3412573602653,264.528110725694,260.3412573602653,261.6241760253906,491200
2026-01-28,259.91362764893904,260.9578447137342,258.33236992374884,259.4263000488281,441300
2026-01-29,259.5755144708481,261.3954435471204,256.4527571538162,260.2020568847656,526700
2026-01-30,260.1920986592932,262.3799893526685,257.9047211413971,261.1567687988281,1018500
2026-02-02,260.68936118844397,263.5535378150596,260.47056907530373,262.7877502441406,582100
2026-02-03,261.3258026683054,267.2629927058246,259.47603981383014,260.23187255859375,644000
2026-02-04,261.34571939519583,265.16461118243586,260.4108831902624,262.81756591796875,852800
2026-02-05,238.86991687525347,249.66027611099787,225.16565304456086,242.4700164794922,3866900
2026-02-06,245.06566590774756,251.5896095080871,239.44672456002723,250.7741241455078,1535800
2026-02-09,248.89451421115325,248.93428769320784,243.87226609961473,244.05126953125,933000
2026-02-10,243.14629868043676,246.81600584830997,243.04684220627036,243.32530212402344,847300
2026-02-11,242.11198738557624,242.7385297398683,236.56265343664617,242.1318817138672,977900
2026-02-12,242.72859231463156,245.99056413665411,240.40144148160246,242.8777618408203,1283000
2026-02-13,243.83248583928886,248.41714993147315,243.64354282436508,246.98507690429688,847700
2026-02-17,247.61319525372556,251.31217981575134,244.63206058171772,244.68191528320312,942000
2026-02-18,245.24025247581685,250.11574411696188,244.06374541251105,248.6102294921875,815600
2026-02-19,248.26125893092976,250.43478393554688,247.13460658231477,250.43478393554688,481500
2026-02-20,251.44179640574495,254.82173822776713,248.32107772984907,249.90635681152344,1086300
2026-02-23,249.4277960157694,250.35504481096822,245.629101924467,246.3768768310547,897000
2026-02-24,245.38979418924566,249.39787171496388,245.30006485692445,246.00796508789062,1086100
2026-02-25,246.73580767763426,251.0031085644488,243.5951591772306,250.8734893798828,1090900
2026-02-26,252.08986884890052,254.90150975544927,249.67705034763486,253.94435119628906,850700
2026-02-27,252.3590733718297,253.66518442713726,250.62423013032242,251.60133361816406,844500
2026-03-02,249.16856247874975,250.6042926737531,244.77164255993173,247.034912109375,791300
2026-03-03,242.85734987636613,243.86434793645316,239.75657600057102,242.62803649902344,840800
2026-03-04,243.46553398451923,245.2103420446901,240.9430412631823,242.34886169433594,843600
2026-03-05,239.29793322516414,241.24216013898598,234.61188022062188,237.80238342285156,991400
2026-03-06,235.7385254566915,235.83821964571032,229.20795514196286,229.82611083984375,983200
2026-03-09,227.05436793137318,227.41330049437238,221.5507555834113,227.04440307617188,1185800
2026-03-10,228.0713367105863,228.0713367105863,221.281543284644,221.42112731933594,741400
2026-03-11,220.962484605658,221.6703848449836,216.4957802974284,220.8927001953125,1614700
2026-03-12,219.68628656825638,220.6833197452533,211.54052733781384,211.72000122070312,1370900
2026-03-13,214.172688864267,216.83476555345698,209.35701691634407,213.93341064453125,1478400
2026-03-16,216.38610473094835,220.40414713442883,215.7978588198773,218.40011596679688,853500
2026-03-17,220.65340527349045,222.35833866383777,218.58955455203701,219.47691345214844,613300
2026-03-18,216.18671259471978,218.13092431012012,213.3651067868231,215.57852172851562,608500
2026-03-19,214.2524587095821,218.878692040434,214.2524587095821,217.27346801757812,616400
2026-03-20,215.9773256806116,220.0950776413905,215.3990446022962,219.37721252441406,1580700
2026-03-23,223.61459740357918,223.76414629317213,219.8856878833681,220.34432983398438,1218500
2026-03-24,217.59252281375691,224.36237129171798,217.32331960015495,221.07215881347656,715200
2026-03-25,223.70432297922991,225.65851464702132,219.87571933478145,222.71726989746094,692000
2026-03-26,221.3413701891754,225.5887261402629,221.33140533405182,222.76712036132812,466500
2026-03-27,221.88973279591056,222.72723699904796,218.04118418985294,218.7490692138672,860000
2026-03-30,220.34433009897276,221.61056648195122,217.44295992923045,218.72914123535156,460200
2026-03-31,221.35133210539246,221.71026466082577,216.52569513730396,220.4739532470703,715300
2026-04-01,219.37720491906904,221.74016863931132,218.03120406802142,219.2874755859375,659000
2026-04-02,216.8945845367728,221.05222615594658,215.22954100358606,218.06112670898438,763500
2026-04-06,216.98432889710682,219.77600954107209,216.04711530369624,219.3173828125,376600
2026-04-07,218.52972074972473,220.19477951515196,217.06409600067076,218.56961059570312,454100
2026-04-08,223.60464122225096,224.68143890964464,221.81994326511463,224.3623809814453,469700
2026-04-09,222.07916838140358,223.80403146392266,220.34432523077427,223.08616638183594,517100
2026-04-10,224.28261098705957,224.28261098705957,221.20178210951119,221.91964721679688,450800
2026-04-13,221.28155208375725,224.18292236328125,220.10504499012595,224.18292236328125,527300
2026-04-14,223.18587564464943,225.4391650759976,222.8169630357226,224.1629638671875,640000
2026-04-15,224.33246586715666,225.84796056302233,219.95549080833376,220.8428497314453,839300
2026-04-16,219.85577401854516,221.05222596712284,217.61244943523974,219.3173828125,832200
2026-04-17,221.49091698586994,227.15407341386975,218.72914600439128,225.1201171875,600500
2026-04-20,222.5876528153446,225.79810080539545,221.33139651148417,225.73828125,460600
2026-04-21,225.55881888462375,227.19395274081722,218.48985707552336,218.79893493652344,1203900
2026-04-22,220.92260799672556,224.44213381179497,220.4141265652645,222.8867645263672,848600
2026-04-23,223.06622574488344,226.6655160790616,220.0751262498939,222.8568572998047,432800
2026-04-24,222.09911113006822,223.67442541860558,219.48688900292768,221.1419677734375,446900
2026-04-27,220.77305253209863,222.31845702331265,219.9754381488442,221.5308074951172,477100
2026-04-28,223.3254638106167,224.24273249558442,217.58254305114048,219.09803771972656,492200
2026-04-29,217.38314749099806,218.44000024937986,210.82266720599324,212.01910400390625,810500
2026-04-30,211.97922114602048,216.76498336552635,209.70598675412094,216.23655700683594,952600
2026-05-01,217.14384251860866,217.69221379248415,213.76390075683594,213.76390075683594,678900
2026-05-04,211.94930779766423,214.2125772966842,211.4607560797293,211.6202850341797,545700
2026-05-05,212.4677692015391,213.46480234614788,208.9881180499878,212.33815002441406,566800
2026-05-06,214.36213695897595,216.72510076317434,213.16570016749017,213.82374572753906,617200
2026-05-07,213.92344343315767,215.6383417740824,194.56106029073672,213.0659942626953,557800
2026-05-08,213.07597124177528,213.66421717680745,206.35596201659357,206.83453369140625,885200
2026-05-11,205.2492573660637,206.61518799641524,200.48343983593375,201.25115966796875,1025900
2026-05-12,205.3290201126475,212.5475307605354,199.14741730118703,210.22445678710938,1822800
2026-05-13,208.63915650410127,211.93934908923467,207.1834965897035,210.4737091064453,979800
2026-05-14,211.5604691483765,215.8477147890873,210.60331061859412,215.33921813964844,1004300
2026-05-15,214.77092549690852,216.00723692960122,210.70302821086045,211.480712890625,1392300
2026-05-18,211.56047383377117,217.1837403852935,210.50362109246134,212.2384490966797,833700
2026-05-19,211.54053452843223,215.54861229598646,209.94529051912352,213.7838592529297,794700
2026-05-20,212.63726764399064,216.31632246192876,208.70895453446886,215.32925415039062,856300
2026-05-21,212.85662218923864,219.14789921291933,211.22148835865676,219.01828002929688,889500
2026-05-22,219.32736192831172,219.32736192831172,214.68119871816842,215.927490234375,645500
2026-05-26,214.1527521179192,216.18670834444185,212.93638562294436,215.6283721923828,682400
2026-05-27,216.31632638318433,217.2535247971722,211.31121553766909,212.2384490966797,564000
2026-05-28,211.12177553583922,216.43596420257614,208.33007959348797,214.7609405517578,861500
2026-05-29,214.52166020503907,214.52166020503907,210.3640337176416,212.09886169433594,1087500
2026-06-01,211.87951688842392,213.31524711048408,209.54646288433565,210.4438018798828,702400
2026-06-02,208.0409526539639,211.24142072932608,207.13364878421797,209.13768005371094,600300
2026-06-03,208.01103692550322,211.82967582527107,208.01103692550322,209.56640625,856600
2026-06-04,214.0031945173892,215.96735103822618,211.27131821194888,211.61032104492188,998700
2026-06-05,211.37103352334663,213.19560606287325,210.17459675365413,211.72000122070312,1132700
2026-06-08,210.67999267578125,211.5399932861328,209.55999755859375,210.02999877929688,721500
2026-06-09,211.58999633789062,214.3800048828125,210.2100067138672,212.8800048828125,858900
2026-06-10,213.3699951171875,214.05999755859375,206.38999938964844,208.10000610351562,784800
2026-06-11,208.02000427246094,209.1999969482422,204.38999938964844,207.22000122070312,646900
2026-06-12,208.11000061035156,209.36000061035156,205.1300048828125,207.55999755859375,628300
2026-06-15,209.27999877929688,209.6199951171875,205.67999267578125,205.92999267578125,676100
2026-06-16,207.7100067138672,208.8000030517578,206.07000732421875,206.50999450683594,859100
2026-06-17,205.2100067138672,207.88999938964844,198.00999450683594,199.39999389648438,1132500
2026-06-18,199.33999633789062,203.0500030517578,199.33999633789062,202.61000061035156,1599100
2026-06-22,201.5500030517578,202.0399932861328,198.94000244140625,200.39999389648438,1026800
2026-06-23,202.38999938964844,203.6199951171875,201.52999877929688,203.2100067138672,863200
2026-06-24,204.80999755859375,208.92999267578125,203.3800048828125,207.1699981689453,723700
2026-06-25,208.47000122070312,214.5399932861328,207.74000549316406,210.60000610351562,837100
