Date,Open,High,Low,Close,Volume
2004-01-02,23.365880175923053,23.4481747410357,23.230681641472458,23.277706146240234,1036000
2004-01-05,23.395285210370865,23.501093214347407,23.08961789247865,23.336503982543945,835900
2004-01-06,23.312983016038377,23.318860239966497,22.995559107294827,23.1601505279541,1025600
2004-01-07,23.307105792110256,23.307105792110256,23.083733162732273,23.1601505279541,1800600
2004-01-08,23.277701741403188,23.30709457397461,23.11311264232307,23.30709457397461,2450800
2004-01-09,23.307095282543834,23.847889334452738,23.260068542886522,23.695056915283203,1750000
2004-01-12,24.10066437165599,24.435722209141474,24.018369778920537,24.3828182220459,2173800
2004-01-13,24.423953875916265,24.61205635317751,24.33578210102666,24.547395706176758,1787900
2004-01-14,24.659079825905014,24.782521639807268,24.570905820341626,24.66495704650879,1471300
2004-01-15,24.73549952980115,24.741376750970872,24.594421555786287,24.64732551574707,1405000
2004-01-16,24.71786345957592,25.000017166137695,24.66495949944819,25.000017166137695,1724700
2004-01-20,24.7766536339639,24.7766536339639,24.453350321562837,24.600305557250977,1656400
2004-01-21,24.629699425707425,24.9471210438423,24.629699425707425,24.83543586730957,2119300
2004-01-22,24.76489991121583,24.76489991121583,24.541527298364155,24.65909194946289,1282500
2004-01-23,24.6590889969416,24.894216028627255,24.412203034958875,24.600305557250977,1717000
2004-01-26,24.623814883753976,24.659084941768207,24.14768143353402,24.412199020385742,1350700
2004-01-27,24.36516886149526,24.44746340206232,24.071258506694008,24.11240577697754,1014300
2004-01-28,24.100648893526216,24.44158597859576,23.842008590698242,23.842008590698242,1332400
2004-01-29,23.924314639301826,24.606186895095494,23.91255795046894,24.46510887145996,1562900
2004-01-30,24.34165523217947,24.89420588599219,24.33577801178443,24.7648868560791,2447100
2004-02-02,24.98237704207065,25.37621579204921,24.90008251176813,25.20574951171875,1666800
2004-02-03,25.27630222306482,25.511431512781154,25.14698088948493,25.358596801757812,1088000
2004-02-04,25.33509127305611,25.33509127305611,24.759026801382905,24.829566955566406,1065100
2004-02-05,24.829556946675908,24.917728740323213,24.57091430364916,24.847190856933594,872200
2004-02-06,24.806037764379976,25.193999395740132,24.806037764379976,25.14697265625,891300
2004-02-09,25.08819046348904,25.487908763617817,25.08819046348904,25.370344161987305,1110600
2004-02-10,25.25278637368775,25.470281730210953,25.117587830160797,25.282176971435547,901100
2004-02-11,25.25278520025105,25.264541887275637,24.847189588517253,25.235151290893555,1244600
2004-02-12,25.235152874641823,25.51142943116171,25.235152874641823,25.482036590576172,950700
2004-02-13,25.393861981143264,25.64662513412105,25.26454067244989,25.40561866760254,1337900
2004-02-17,25.458530886452287,25.54670269993484,25.364479606655266,25.37623405456543,993400
2004-02-18,25.38209965833007,25.423246930621037,25.21163110606284,25.323318481445312,543900
2004-02-19,25.340952386039106,25.499664254457755,25.229265010656633,25.323318481445312,668400
2004-02-20,25.382101357276074,25.44088253809534,25.135215464646862,25.31156349182129,627200
2004-02-23,25.311573930820213,25.358598446397814,24.96475943929336,25.076444625854492,644300
2004-02-24,25.011781709019843,25.011781709019843,24.776654667525825,24.83543586730957,694100
2004-02-25,24.81779783471676,25.00590033362015,24.753137180276468,24.905969619750977,803500
2004-02-26,24.882459379522853,24.98826507687821,24.659086813197664,24.911849975585938,721600
2004-02-27,24.958871323623047,25.170487176282737,24.8530633972932,25.123462677001953,1007800
2004-03-01,25.123461447860134,25.452639653796286,25.005896841872215,25.01177406311035,851600
2004-03-02,24.994127514517626,25.15871653423335,24.888319646884028,24.964736938476562,626400
2004-03-03,24.96474663032825,25.317438164457872,24.858938721617747,25.276290893554688,788000
2004-03-04,25.276308328612583,25.276308328612583,24.95300715892784,25.111719131469727,738800
2004-03-05,25.01179008130765,25.123477537584968,24.80605357083857,24.829566955566406,905100
2004-03-08,24.864822536977943,24.917726505364737,24.700233409711778,24.74138069152832,877500
2004-03-09,24.741373108171103,24.741373108171103,24.347532077037332,24.441585540771484,831100
2004-03-10,24.488615935884503,24.488615935884503,23.90667232165858,23.99484634399414,751700
2004-03-11,23.98308444119802,23.994841124442587,23.454047149340724,23.571609497070312,1621600
2004-03-12,23.601013462911002,23.883167266845703,23.471692128556267,23.883167266845703,832000
2004-03-15,23.883167856484,23.883167856484,23.107244315917455,23.23068618774414,986200
2004-03-16,23.395267055863748,23.747960876218496,23.3482425585648,23.695056915283203,2193600
2004-03-17,23.789114307223333,23.977216829803826,23.659792982064637,23.894922256469727,895300
2004-03-18,23.74796070118048,23.94781985853424,23.595126040779075,23.85964584350586,1404100
2004-03-19,23.80085949583433,23.953691880705666,23.577487017307426,23.612754821777344,770100
2004-03-22,23.61275940302103,23.61275940302103,23.177773286206918,23.30709457397461,715100
2004-03-23,23.307106480546622,23.448182282582327,23.101367759235345,23.224809646606445,859200
2004-03-24,23.160140444794695,23.33648623653508,22.901497857374288,23.04257583618164,1329500
2004-03-25,23.13075919538298,23.542234410427405,23.030830685547937,23.40703582763672,1368200
2004-03-26,23.40703275515484,23.518717941314943,23.277711413652135,23.360008239746094,766700
2004-03-29,23.478428944962946,23.7448910122559,23.38960674997046,23.650148391723633,1833700
2004-03-30,23.650153278757845,23.92254034556076,23.56725375101715,23.80411148071289,1534600
2004-03-31,23.798182710088916,23.804105394180418,23.602777053070014,23.69159698486328,2941800
2004-04-01,23.98175534738306,24.64495387513098,23.946226007759055,24.141633987426758,5891900
2004-04-02,24.266620304993992,25.11776757141788,24.266620304993992,25.07610321044922,2789300
2004-04-05,24.96301593106488,25.117771240586965,24.736838587206012,25.08205795288086,3187700
2004-04-06,25.004672508961033,25.022530282520105,24.552315691618407,24.641597747802734,3068400
2004-04-07,24.849931298858657,24.93921339736919,24.701129315033157,24.820171356201172,4511300
2004-04-08,25.177291134926687,25.61179258492067,25.135626767840808,25.44513511657715,4825100
2004-04-12,25.50466259228524,25.778460005414377,25.367765020989868,25.587993621826172,3496100
2004-04-13,25.647507446176668,25.73678953571702,24.939210891723633,24.939210891723633,3191700
2004-04-14,25.10586862586109,25.10586862586109,24.37971428378527,24.534469604492188,3275400
2004-04-15,24.582079100153575,24.915396250486147,24.34399736751945,24.909442901611328,3354300
2004-04-16,24.909446738818055,25.58798557122186,24.86778237242541,25.415374755859375,3631200
2004-04-19,25.349899002230604,25.528460879032313,25.147528269712016,25.50465202331543,2163300
2004-04-20,25.510608411792543,25.522512841069254,24.99872930558267,25.18919563293457,2897900
2004-04-21,25.236813170062046,25.236813170062046,24.90944704363151,25.11777114868164,2664000
2004-04-22,25.147520818109374,25.73677733454031,24.998718919777367,25.534406661987305,2676500
2004-04-23,25.54038081656422,25.54038081656422,25.159447975918322,25.355865478515625,2891200
2004-04-26,25.34394572716892,25.474889881188755,25.08800622673675,25.326087951660156,2339300
2004-04-27,25.504643445458807,25.683207532742347,25.415363672353724,25.480836868286133,2084100
2004-04-28,25.415377422039928,25.4510884423869,24.99873144386788,25.147533416748047,2726900
2004-04-29,24.90945001551383,25.32014492474829,24.332099889323928,24.915403366088867,6098600
2004-04-30,24.933260044168993,25.076110947664787,24.20710563659668,24.20710563659668,2102900
2004-05-03,24.10591596057893,24.59398617616246,24.10591596057893,24.528512954711914,2704600
2004-05-04,24.59994409967671,24.849930332928167,24.18924918713789,24.40352439880371,3107700
2004-05-05,24.64160914662096,24.64160914662096,24.266627515938044,24.391620635986328,3537600
2004-05-06,24.284477280561347,24.445183655681745,24.010682243187713,24.02853775024414,2354400
2004-05-07,23.808315774631513,24.09401529146254,23.796411344279644,23.945213317871094,2660900
2004-05-10,23.659504368738997,23.808306283007795,23.32618726338356,23.68926429748535,3180100
2004-05-11,23.689287502863653,24.076173767160544,23.689287502863653,23.969036102294922,2284600
2004-05-12,23.784506338589406,24.3440031989035,23.736890888871667,24.284481048583984,3873200
2004-05-13,23.927356297986016,24.195200287659375,23.80831427251588,23.89759635925293,2594400
2004-05-14,23.89759786700155,24.09401529146254,23.701178172002635,23.945213317871094,1835200
2004-05-17,23.659520996788697,24.18330473888351,23.36786804081016,23.695234298706055,1438200
2004-05-18,23.689259089280142,23.832109894607996,23.63569032109926,23.748781204223633,1747000
2004-05-19,23.784502069870914,23.89759299991209,23.302385226768948,23.528562545776367,2775100
2004-05-20,23.528567599932444,23.528567599932444,23.20120370849039,23.32024574279785,1601600
2004-05-21,23.469043197729302,23.79045594729149,23.421425484962672,23.66546058654785,1773700
2004-05-24,23.77260164974636,23.77260164974636,23.427382263802574,23.522615432739258,1235300
2004-05-25,23.415476112513247,23.790457680995516,23.296434092459133,23.736888885498047,1602500
2004-05-26,23.659516049525198,23.790462525302324,23.510714061792335,23.647611618041992,3263800
2004-05-27,23.64166069030762,23.83807813470413,23.546427508364854,23.641660690307617,1932400
2004-05-28,23.629755688597097,23.71903551733654,23.48095370349326,23.61785125732422,2420500
2004-06-01,23.629752285963875,23.808314188268334,23.46904589272853,23.79045867919922,2025700
2004-06-02,23.808309718428298,24.171386804920306,23.808309718428298,24.13567352294922,2177400
2004-06-03,24.07616010664123,24.254722023257003,23.885693759512677,24.230913162231445,2134400
2004-06-04,24.25471451242492,24.33209215152787,23.986870585174124,24.082103729248047,1646500
2004-06-07,24.13568786423336,24.552333985982006,24.12973678230409,24.546382904052734,2454300
2004-06-08,24.396774982856503,24.52842374952768,24.330950599520914,24.41472625732422,2157000
2004-06-09,24.384801086334406,24.450625454501232,24.13945716671301,24.181344985961914,1355900
2004-06-10,24.354881491096297,24.76179369099841,24.342913216662122,24.71392059326172,2813900
2004-06-14,24.66006602043782,24.773763493216652,24.241185520269408,24.40873908996582,1612700
2004-06-15,24.52841925040479,24.7677779026934,24.52243397153642,24.69597053527832,1919900
2004-06-16,24.761790573847666,24.833597928698257,24.59423703557675,24.62415885925293,1556000
2004-06-17,24.546371277102132,24.672034744625126,24.271107791276016,24.594242095947266,2014600
2004-06-18,24.35488268666289,24.851553545130162,24.33692913277283,24.69597053527832,2055500
2004-06-21,24.683996611854308,24.77375751261959,24.348891836073722,24.45660400390625,1350600
2004-06-22,24.324973060667602,24.528429253579628,24.085612028047816,24.474573135375977,2009000
2004-06-23,24.474558913577162,24.534397995602525,24.109534578164343,24.504478454589844,3532600
2004-06-24,24.474573135375977,24.594251368969886,24.27111694246395,24.474573135375977,2620200
2004-06-25,24.384802655227404,24.88745880126953,24.384802655227404,24.88745880126953,5418400
2004-06-28,24.887462935174835,24.983206870195108,24.396774982856503,24.41472625732422,3022100
2004-06-29,24.44464663765656,24.462600195448356,24.151431825405325,24.20528793334961,1649400
2004-06-30,24.14543114700704,24.295031097813066,23.989848202562975,24.25912857055664,1992300
2004-07-01,24.354892920998054,24.354892920998054,23.68468521715634,23.756492614746094,3137000
2004-07-02,23.648767278268416,23.762462451704295,23.397438101838127,23.70262336730957,2964600
2004-07-06,23.349573540791262,23.582949228198462,23.223910060297438,23.541061401367188,3510400
2004-07-07,23.397437856835296,23.47523049190564,23.301693953177455,23.4512939453125,3277600
2004-07-08,23.451297373539415,23.451297373539415,23.074306981803378,23.146114349365234,1957000
2004-07-09,23.15209039677423,23.319643914416602,23.11020258804223,23.1700439453125,1747700
2004-07-12,23.229888916015625,23.337601103726946,23.068320634448646,23.229888916015625,1564600
2004-07-13,23.33161595172611,23.409406304661704,23.26579158946158,23.403423309326172,1074300
2004-07-14,23.40342212217124,23.47522947612882,23.199966050362562,23.30767822265625,1591800
2004-07-15,23.307685366689903,23.40342929555134,23.116197508967026,23.235877990722656,4196500
2004-07-16,23.307688929234935,23.337608483568168,22.91872787475586,22.91872787475586,2557800
2004-07-19,22.92471311028279,23.032425331843687,22.601576445600106,22.739208221435547,2152700
2004-07-20,22.739203107406126,22.739203107406126,21.967266454066227,22.577634811401367,3558400
2004-07-21,22.589602431735475,22.733219451590156,22.14080238342285,22.14080238342285,2149300
2004-07-22,22.140811124680276,22.140811124680276,21.63815478081133,21.871530532836914,3019000
2004-07-23,21.243203372252303,21.75184253991029,20.459298426033968,21.338947296142578,7400700
2004-07-26,21.721921458227,22.021121484601245,21.56633844890702,21.94931411743164,4759000
2004-07-27,22.068987363810066,22.55967506389935,22.068987363810066,22.380155563354492,3832500
2004-07-28,22.230566024780273,22.41606860649722,22.051044157329155,22.230566024780273,2117500
2004-07-29,22.23056914801856,22.32032781163921,21.967271589547,22.021127700805664,2434500
2004-07-30,22.015134597364163,22.1946541249162,21.955293233037057,22.18268585205078,1259100
2004-08-02,22.21260829196099,22.21260829196099,21.662081364586804,21.913408279418945,1719000
2004-08-03,21.967263201919906,22.242526650932824,21.847582746740212,22.236543655395508,2800200
2004-08-04,21.991205844329606,22.11088633267857,21.66208621340654,21.82963752746582,2191300
2004-08-05,21.542403186825542,21.692003208956272,20.764483528288768,20.794403076171875,3952700
2004-08-06,20.345599286000443,20.38150410651776,19.980574933576076,20.261823654174805,5558300
2004-08-09,19.968616274983344,20.309704244630442,19.77712837211886,20.207977294921875,2900300
2004-08-10,20.207974680795044,20.501189495437483,20.207974680795044,20.483238220214844,3386600
2004-08-11,20.34559786314115,20.423390494130896,20.130173520532377,20.339614868164062,1721300
2004-08-12,20.184035637634224,20.225923463134677,19.63949162341305,19.747203826904297,3044000
2004-08-13,19.65743237921713,19.729241998268254,19.334298224343335,19.711288452148438,3209400
2004-08-16,19.711302189220234,20.154119351117807,19.699333911037527,20.094280242919922,2178600
2004-08-17,20.094281437288828,20.72858423966461,19.986569209957885,20.36355972290039,3924000
2004-08-18,20.21395362704903,20.40544146676473,20.1900193591209,20.35757064819336,2035400
2004-08-19,20.943994747633614,21.213275136646043,20.638811828562375,20.65077781677246,3297400
2004-08-20,20.614877495986303,20.854236091982482,20.596923946318565,20.782428741455078,1758200
2004-08-23,20.824324397923156,20.824324397923156,20.38150957301661,20.435365676879883,1977200
2004-08-24,20.584964149164364,20.584964149164364,20.303715374481637,20.441347122192383,1547000
2004-08-25,20.49520634019894,20.764486880043936,20.35757457154829,20.71661376953125,1407300
2004-08-26,20.806375570898293,20.806375570898293,20.501190185546875,20.501190185546875,1465500
2004-08-27,20.52512257979352,20.806371351868158,20.47126648051785,20.794403076171875,3057000
2004-08-30,20.818339627564438,20.884164002536387,20.662754326227972,20.794403076171875,2099700
2004-08-31,20.806368426865568,20.848256244556282,20.72259279148414,20.758495330810547,2294800
2004-09-01,20.75849299799823,20.764478275689918,20.333629590472373,20.339614868164062,2723700
2004-09-02,20.34560692335934,20.578982637539845,20.106245928821807,20.55504608154297,2990400
2004-09-03,20.6986605173365,20.812355719870784,20.50717265900753,20.537092208862305,1147300
2004-09-07,20.537093215659894,20.926054230986168,20.483237110194953,20.572998046875,2510300
2004-09-08,20.681398591927245,20.777759122045882,20.50072288513184,20.500722885131836,2205200
2004-09-09,20.536855824891788,20.536855824891788,20.049031665838566,20.295955657958984,1817200
2004-09-10,20.374253553977663,20.386296612032996,20.16346327934304,20.289936065673828,1897100
2004-09-13,20.20562114851209,20.45856902201699,20.15141819686223,20.446523666381836,2146500
2004-09-14,20.458562331380854,21.13308594444095,20.416404749153095,20.705486297607422,1701100
2004-09-15,20.711505573648147,21.17524122516678,20.15140941645134,20.54889678955078,3370900
2004-09-16,20.69946481843925,21.066840045835168,20.663331056673215,20.982524871826172,2541700
2004-09-17,21.0788881122627,21.289676074418733,21.012639810608952,21.187294006347656,3383600
2004-09-20,21.04877676789628,21.14513731146016,20.639243883395633,20.81389808654785,1703100
2004-09-21,21.078884788767795,21.211381371184636,20.97047891177513,21.16922378540039,3067400
2004-09-22,21.169223493678498,21.169223493678498,20.68741858149898,20.717533111572266,1622900
2004-09-23,20.807880646070494,20.86810744016646,20.56095653382024,20.566980361938477,1896700
2004-09-24,20.67537540270385,20.687418457761826,20.500721237954235,20.66935157775879,1532500
2004-09-27,20.579017841705216,20.669356859637926,19.693706034081295,19.711772918701172,6295300
2004-09-28,19.639505280138316,19.904496239683457,19.488941765016023,19.591323852539062,2960200
2004-09-29,19.50098580928041,19.669616199693245,19.27212863842245,19.621437072753906,2674000
2004-09-30,19.627464163530846,19.910524368286133,19.51303669438723,19.910524368286133,3016300
2004-10-01,20.12129981435811,20.30197549889995,20.018917768836925,20.1815242767334,1908400
2004-10-04,20.1815325088504,20.374255921379014,20.1815325088504,20.27789306640625,1870900
2004-10-05,20.217668786826597,20.295962458586526,20.00688078295402,20.0369930267334,1787900
2004-10-06,20.097212112596676,20.54288101196289,20.049032994982564,20.54288101196289,2655300
2004-10-07,20.536861664009994,20.536861664009994,20.332095200318246,20.356185913085938,2202700
2004-10-08,20.26584447027966,20.500723121564143,20.259820644781126,20.386293411254883,1755500
2004-10-11,20.476642577205563,20.663342204244476,20.440506498528457,20.482664108276367,1667300
2004-10-12,20.29596069289079,20.59708769932117,20.29596069289079,20.48868179321289,2323400
2004-10-13,20.627196550369263,20.69946637675821,20.42845165602921,20.476633071899414,2072000
2004-10-14,20.71754052708407,20.71754052708407,19.71779888207741,19.8743839263916,6271400
2004-10-15,19.880398914873314,19.880398914873314,19.03122221257321,19.23598861694336,9512500
2004-10-18,19.229970652176583,19.428713280086956,19.163722343734218,19.211902618408203,5902100
2004-10-19,19.217922530310755,19.302237711677723,18.639759317437505,18.663848876953125,4619000
2004-10-20,18.639755520614226,18.88065681024105,18.615664817297564,18.808385848999023,5213200
2004-10-21,18.93486689231731,18.946911099814628,18.621694523219116,18.7662353515625,3669400
2004-10-22,18.81440960513475,19.18178481085248,18.730094436101048,18.74816131591797,3561300
2004-10-25,18.39886254164129,18.910778763230986,18.206141410856592,18.71805763244629,3006000
2004-10-26,19.753926174207166,19.994828637486926,19.314281131525338,19.95267105102539,4438900
2004-10-27,19.95869295115772,20.295955946558774,19.681656721408384,20.169483184814453,2574400
2004-10-28,19.87437974252726,20.314024836899254,19.77199767691655,20.22368812561035,2993500
2004-10-29,20.283909107331965,20.470608621049507,20.1453910026058,20.452539443969727,2255700
2004-11-01,20.470613310367444,20.5248162591913,20.326071347698303,20.362207412719727,1734600
2004-11-02,20.398340513371302,20.7777611427326,20.398340513371302,20.554927825927734,2039100
2004-11-03,21.169224941681154,21.3800128821158,20.868097999679524,21.024682998657227,3373400
2004-11-04,21.259560485877127,21.891926570094423,21.018660323869458,21.747386932373047,4629800
2004-11-05,21.825670802233063,22.042480161722636,21.681128931824922,21.867828369140625,3435700
2004-11-08,21.867836297245226,22.13282714208068,21.837721769323263,22.030445098876953,1970500
2004-11-09,22.03044861233595,22.156921379081,21.813636842249412,21.87386131286621,1975500
2004-11-10,21.596826130290687,22.030449691708966,21.464329531542564,21.95817756652832,2600900
2004-11-11,21.94010798094563,21.970220214019573,21.729320052011904,21.747386932373047,2150100
2004-11-12,21.831701125262587,22.04248904474699,21.560686444914055,22.00635528564453,2605600
2004-11-15,21.94613093541096,22.132830468473383,21.849770404859836,22.054536819458008,2000400
2004-11-16,22.054536215332366,22.162942096409925,21.92204192533907,21.9521541595459,1229200
2004-11-17,21.952153401035233,22.126807569782734,21.723296293621825,21.8076114654541,2524300
2004-11-18,21.891930552149873,21.91602126195748,21.657051875067044,21.861818313598633,1437200
2004-11-19,21.801596190867983,21.92204745549711,21.506490707397457,21.50649070739746,1811000
2004-11-22,21.512511157282802,21.81363812287784,21.398081440010174,21.777502059936523,2676400
2004-11-23,21.705234244207826,21.86181926997423,21.56069227645553,21.825685501098633,2141300
2004-11-24,22.02442873928204,22.09669857647485,21.849774526767444,21.922046661376953,1453600
2004-11-26,21.9943183519094,22.07261202229206,21.831709481460905,21.934091567993164,368900
2004-11-29,21.891924100641663,22.01839914115138,21.584775682068603,21.70522689819336,1630800
2004-11-30,21.74136723038129,22.072608749260276,21.614894449036523,21.970224380493164,2270800
2004-12-01,21.970225803547173,22.65679500093666,21.970225803547173,22.60861587524414,2115100
2004-12-02,22.572485453318933,22.61464306037482,22.403855025095382,22.554418563842773,1377700
2004-12-03,22.50623598619887,22.54237206073409,22.229199640347016,22.421920776367188,2420400
2004-12-06,22.25328709481906,22.512256514152174,22.223174852495475,22.464075088500977,1556500
2004-12-07,22.433955216883465,22.789285069262288,22.174985885620117,22.174985885620117,3237200
2004-12-08,22.36887776166755,22.44158434082485,22.18105821024537,22.34464454650879,1906600
2004-12-09,22.265871344153002,22.362811099732923,22.023520799590152,22.181049346923828,2049100
2004-12-10,22.580926281947956,22.580926281947956,21.944758987154515,22.326457977294922,2359500
2004-12-13,22.405220098299267,22.54457084005434,22.399162375277687,22.471866607666016,2157100
2004-12-14,22.417343255439942,22.59910503580633,22.417343255439942,22.55669403076172,1677900
2004-12-15,22.544581127694492,22.556698890493156,22.284055005590552,22.38099479675293,2738600
2004-12-16,22.465806994551336,22.550628977072456,22.35674949953113,22.477922439575195,2159700
2004-12-17,22.26586792058988,22.562747176470396,22.26586792058988,22.532451629638672,2821600
2004-12-20,22.532457844845126,22.65969316744724,22.211345298641653,22.22346305847168,1851600
2004-12-21,22.174987711413404,22.25375197939457,21.96293273364786,22.102283477783203,3600200
2004-12-22,22.162871453601937,22.44763065457035,22.078047154375906,22.41733741760254,2161400
2004-12-23,22.32645808135996,22.508222147484812,22.30222487560594,22.453693389892578,1447700
2004-12-27,22.41733461857482,22.429452374094087,22.23557290823689,22.308277130126953,1149900
2004-12-28,22.314336386926083,22.617273330688473,22.314336386926083,22.617273330688477,2401500
2004-12-29,22.526407304265344,22.689993647299232,22.52034726680459,22.659700393676758,1624000
2004-12-30,22.641518318105565,22.714224886546,22.53852081298828,22.53852081298828,1528300
2004-12-31,22.568806727800613,22.720275229329477,22.459749221801758,22.459749221801758,1745300
2005-01-03,22.689984787679776,22.938393068352976,22.568809509277344,22.568809509277344,2765600
2005-01-04,22.659698741565332,22.859636049877984,22.399172619198136,22.44158363342285,1776600
2005-01-05,22.41733397221089,22.49609822520233,22.29615873173763,22.405216217041016,2447200
2005-01-06,22.689986261098294,22.696043985359996,22.411284720533008,22.508224487304688,2592200
2005-01-07,22.5627447230239,22.5627447230239,22.344629752417124,22.405216217041016,1598800
2005-01-10,22.344633992681153,22.502160217331767,22.290105239681726,22.459749221801758,1528300
2005-01-11,22.38704891278781,22.756632491104483,22.27193135226053,22.599103927612305,2452600
2005-01-12,22.65970196157232,22.744524002075195,22.53246658959075,22.744524002075195,1753100
2005-01-13,22.744512796199686,22.811159312681152,22.568808763880575,22.59304428100586,1473700
2005-01-14,22.708158105131773,22.738451344037163,22.56274963389551,22.714218139648438,1494900
2005-01-18,22.586989123306612,23.005043794696597,22.42946285042997,22.986865997314453,2135200
2005-01-19,22.871742905797184,22.877800628700417,22.41127969469931,22.41733741760254,1864900
2005-01-20,22.265872033957713,22.38098727501703,22.02352148188676,22.090167999267578,1868800
2005-01-21,22.090170146682006,22.241638678644268,21.908408370572566,21.93264389038086,1259400
2005-01-24,22.29616251168735,22.514277519271957,21.811463778847035,22.39916229248047,2464300
2005-01-25,22.39916075566041,22.562747000125118,22.32039649471984,22.387042999267578,1840200
2005-01-26,22.40522109362592,22.780862340749906,22.38704561252788,22.714218139648438,2787900
2005-01-27,22.659697345218458,22.859634641210477,22.550639797867614,22.64151954650879,2074800
2005-01-28,22.689976839035428,22.750563301399186,22.174982664041934,22.356746673583984,2132700
2005-01-31,22.871757062829506,22.871757062829506,22.556702118656503,22.744524002075195,2535500
2005-02-01,23.259497489558584,23.417025989977446,22.580919402591842,23.29585075378418,8042200
2005-02-02,23.283746524416433,23.29586428619743,22.9262806411707,23.00504493713379,4631800
2005-02-03,23.011101326713074,23.271627411815153,22.962632593629245,23.26556968688965,3609400
2005-02-04,23.265565659521418,23.465502904625463,23.19285910564158,23.429149627685547,2574300
2005-02-07,23.429159240948678,23.75633193397219,23.392808260319722,23.6230411529541,3056300
2005-02-08,23.689671947312686,23.689671947312686,23.465499219454205,23.56243896484375,2069400
2005-02-09,23.513966581372546,23.53819978052202,23.05350112915039,23.05350112915039,4124200
2005-02-10,23.05351737399619,23.659391692951292,22.926284321710124,23.50186538696289,4344800
2005-02-11,23.53820639684279,24.016847460773953,23.453384397913442,23.87143898010254,3635600
2005-02-14,23.73814651661159,23.792675275978816,23.507913720258173,23.64726448059082,2085500
2005-02-15,23.719967495617915,23.907786952245626,23.50791021361052,23.56243896484375,2299400
2005-02-16,23.538215059589074,23.550332822642403,23.132280397824008,23.204984664916992,2613200
2005-02-17,23.295871355025426,23.35040014397258,23.14440275364194,23.3079891204834,2089500
2005-02-18,23.35644816656405,23.36856592698713,23.108039855957028,23.10803985595703,1903700
2005-02-22,23.02927354305458,23.259506348387827,22.968687057495117,22.968687057495117,2175200
2005-02-23,22.974746802529587,23.19892190351692,22.974746802529587,23.10803985595703,1342100
2005-02-24,23.168613819174933,23.21708251859784,23.029260819174702,23.162553787231445,1085100
2005-02-25,23.101986197085893,23.59880290573489,23.023221896087332,23.520038604736328,1561200
2005-02-28,23.489747866731328,23.501865630583296,23.03534212280463,23.217103958129883,1933200
2005-03-01,23.235272971962054,23.447330313424374,23.235272971962054,23.2413330078125,2047000
2005-03-02,23.241328339978597,23.289797060915166,23.071684349861563,23.138328552246094,1811800
2005-03-03,23.168626620048634,23.265566383679538,22.780865254298746,22.968687057495117,1949800
2005-03-04,23.144383644977374,23.314027598871203,22.805093425964195,23.16861915588379,2805400
2005-03-07,23.15044109241618,23.332202799606648,23.03532588381483,23.253440856933594,1430600
2005-03-08,23.30218896048694,23.387499946071383,23.1254720191763,23.210783004760742,2225400
2005-03-09,23.101103620060695,23.24125775562265,22.96704213189243,23.034072875976562,1181600
2005-03-10,23.119377059681028,23.41187286376953,23.052348659940968,23.41187286376953,1654100
2005-03-11,23.32656569832498,23.332660669467714,23.021882228599523,23.088912963867188,1522800
2005-03-14,23.095019414199566,23.277829121988827,22.9853331246157,23.24126625061035,1656200
2005-03-15,23.241254249937803,23.27172213141193,23.003601520069118,23.04625701904297,1453500
2005-03-16,22.97923407352201,22.97923407352201,22.57095920937955,22.875642776489258,2300400
2005-03-17,22.863443115373197,22.912191251674248,22.60141519967403,22.759849548339844,1203200
2005-03-18,22.717208392178595,22.82080202458067,22.33330873120693,22.5222110748291,3408900
2005-03-21,22.52220508519862,22.577048211402463,22.083462400118645,22.187053680419922,2290200
2005-03-22,22.21753074197022,22.44909096206982,21.858003949401784,21.87019157409668,1851200
2005-03-23,21.870178989900538,22.26626842864208,21.870178989900538,22.24798583984375,2296900
2005-03-24,22.27236288849299,22.30892574451599,22.04689775439426,22.095645904541016,2168900
2005-03-28,22.180961032864282,22.412518832790937,22.150490821433774,22.187053680419922,1941300
2005-03-29,22.089555938261302,22.363771580336095,22.08346329046002,22.15049171447754,2013100
2005-03-30,22.241904575205236,22.394246387364174,21.95550122448992,22.369871139526367,2486900
2005-03-31,22.430801947680646,22.455174863022396,22.2479899730372,22.382051467895508,1873000
2005-04-01,22.40642573290153,22.442988591149557,21.175504066493108,21.547218322753906,5161100
2005-04-04,21.632526162833145,21.845803659970507,21.242531696896044,21.650806427001953,3782000
2005-04-05,21.6447309535249,21.693479138168957,21.449733565844227,21.49848175048828,2301200
2005-04-06,21.5533152168234,21.766595111799916,21.47409916183752,21.58987808227539,1721600
2005-04-07,21.541121206410267,21.742213419930174,21.474092793120786,21.68737030029297,2057700
2005-04-08,21.65691858082397,21.790977832009293,21.449733565844227,21.49848175048828,2739700
2005-04-11,21.57159031387083,21.57159031387083,21.38877837470468,21.419248580932617,2195700
2005-04-12,21.419250685415978,21.705651590785017,21.242533699952777,21.602060317993164,4160600
2005-04-13,21.571593626630403,21.632529399343472,21.193784397247036,21.224254608154297,2400000
2005-04-14,21.224259229157568,21.273007393031463,21.126758252307315,21.157228469848633,2342800
2005-04-15,21.09020136621069,21.14504451291958,20.773330110176172,20.779422760009766,2543300
2005-04-18,20.66972586278464,20.925661190978907,20.66972586278464,20.83425521850586,2706400
2005-04-19,20.815985632666237,20.943952200136437,20.68192409081081,20.779422760009766,2173300
2005-04-20,20.773311869295643,20.846435225847912,20.535659217088572,20.541751861572266,1756000
2005-04-21,20.718480773283336,20.986601452334547,20.535671113723375,20.98050880432129,1546900
2005-04-22,20.870830464005593,21.175514120414434,20.81598731286993,20.992704391479492,1945600
2005-04-25,21.20597257160204,21.39487719123684,21.035350543900147,21.175504684448242,1609900
2005-04-26,21.084087899938837,21.31564790790256,20.89518570160361,20.95612144470215,1570700
2005-04-27,20.822067146518943,21.49846481932955,20.809881853368648,21.48018455505371,3176800
2005-04-28,21.35832005271411,21.57159996901895,21.29738426208496,21.29738426208496,1493800
2005-04-29,21.41925847037438,21.851908633784827,21.27910196575553,21.815345764160156,4225200
2005-05-02,21.937213559754028,22.010336954078987,21.784871798922403,21.925025939941406,1875400
2005-05-03,22.53438071630829,22.63797426604736,22.144386392807263,22.467350006103516,4637600
2005-05-04,22.546579725206563,23.259538022354434,22.516111839136695,23.034072875976562,3870300
2005-05-05,23.06453394050883,23.277813729019954,22.88172435360645,23.210783004760742,2621200
2005-05-06,23.27783076519705,23.31439131460482,23.046270545890394,23.107206344604492,2233400
2005-05-09,23.162040690379115,23.28391456604004,23.003606279205496,23.28391456604004,2173700
2005-05-10,23.046261628116223,23.27782175782045,22.832984090593133,22.979230880737305,2424400
2005-05-11,22.979225286482087,23.308283971023897,22.83297853194145,23.253440856933594,2282000
2005-05-12,23.22906708099485,23.369221198122514,23.070632699539786,23.088912963867188,2238900
2005-05-13,23.155958476196833,23.155958476196833,22.546591147875866,22.71112060546875,2600600
2005-05-16,22.68064279942785,22.960951090153667,22.4247074245319,22.942670822143555,1893500
2005-05-17,22.802513859493533,23.15594786372424,22.662359717159195,23.101104736328125,2318300
2005-05-18,23.10719956259988,23.25344869096173,22.91220227448477,22.960952758789062,6160500
2005-05-19,23.009707671930908,23.14986419316642,22.90002369915588,23.107206344604492,2574200
2005-05-20,23.107207474505024,23.107207474505024,22.753775640488005,22.79033851623535,2793800
2005-05-23,23.003601520069118,23.27172213141193,22.875635023147574,23.04625701904297,2388800
2005-05-24,23.1254833633422,23.265637526204742,23.015797092484362,23.058452606201172,3046100
2005-05-25,23.07064013268136,23.125483267883897,22.924390997290878,23.027984619140625,2278200
2005-05-26,23.101113541108802,23.271735636016313,23.046270392809713,23.198612213134766,1689200
2005-05-27,23.29001574866508,23.332671267837977,23.14986156787536,23.247360229492188,1303600
2005-05-31,23.308291792610586,23.308291792610586,23.070638993319974,23.082826614379883,2484500
2005-06-01,23.095006485422864,23.32656423420391,23.095006485422864,23.253440856933594,1909800
2005-06-02,23.253445650084224,23.424067673734765,23.137666751828604,23.369224548339844,2133900
2005-06-03,23.369225799856086,23.509382269132953,23.26563451553502,23.387508392333984,2254500
2005-06-06,23.38751883987287,23.454549618283455,23.29002015978982,23.350955963134766,1964700
2005-06-07,23.36922923689544,23.673912811428895,23.290013181193604,23.4971981048584,1894300
2005-06-08,23.73627083321818,23.8037037928465,23.619794870769606,23.693359375,3616400
2005-06-09,23.693364071178273,24.097959570642526,23.60753879923169,24.067306518554688,3261400
2005-06-10,24.079569324109634,24.079569324109634,23.90179423474509,23.9998779296875,3428200
2005-06-13,23.938561838595938,23.99986557794678,23.766916045410664,23.82208824157715,1826200
2005-06-14,23.815966738044118,24.07956708212745,23.79144757046624,23.93857192993164,1662800
2005-06-15,24.030525458209475,24.055046963317206,23.7607935790233,23.975353240966797,1392100
2005-06-16,23.975349912329662,23.975349912329662,23.809833283581263,23.865005493164062,1074400
2005-06-17,24.042789276370545,24.04891848417927,23.809839625143418,23.840490341186523,2397500
2005-06-20,23.766926568831085,23.90179251661978,23.638192166941646,23.828227996826172,1132700
2005-06-21,23.84661106370095,23.93856317009391,23.754656618809314,23.81595802307129,1081000
2005-06-22,23.815970626154975,23.932446629788366,23.65045627936,23.754669189453125,2096500
2005-06-23,23.754667621633747,23.766928375864886,23.46041653558574,23.515588760375977,1543500
2005-06-24,23.460413545989812,23.638190951937215,23.380719822892793,23.392980575561523,1366500
2005-06-27,23.337810196074614,23.754666465648544,23.27650876640183,23.650453567504883,1916700
2005-06-28,23.662710707505312,23.865009623823386,23.448153376712973,23.85274887084961,1510200
2005-06-29,23.98762306068781,24.459651689187965,23.981491512843473,24.441259384155273,3675700
2005-06-30,24.459642836352373,24.551594974233712,24.226693211087255,24.23282241821289,3947000
2005-07-01,24.28800042547294,24.367694168098303,24.202177474261028,24.275739669799805,1466900
2005-07-05,24.17764704300993,24.747759109728015,24.153127879209592,24.69258689880371,2003900
2005-07-06,24.59450550945849,24.735500653010416,24.551594045703528,24.56998634338379,1733200
2005-07-07,24.33703299636308,24.79680061340332,24.183777124016334,24.79680061340332,2152000
2005-07-08,24.643546653459882,24.649675859889822,24.30025263090301,24.539331436157227,4311700
2005-07-11,24.704843205216235,25.12169931531308,24.625149506330406,25.084917068481445,3868200
2005-07-12,25.08493194815195,25.21979792803453,24.93167600319452,25.127845764160156,2864200
2005-07-13,24.98071104901559,25.103316233520452,24.90101732831252,25.023622512817383,2316800
2005-07-14,25.225919525923178,25.41595532607742,25.17074731395922,25.250438690185547,2136900
2005-07-15,25.2565657127338,25.452733022702702,25.2565657127338,25.415950775146484,1849100
2005-07-18,25.422102660761237,25.532447153224446,25.31175816829803,25.440492630004883,1338500
2005-07-19,25.5630793258812,25.685684488344457,25.348519706945766,25.5998592376709,1739600
2005-07-20,25.44047712516197,25.691816685147696,25.324003493436617,25.495649337768555,1627800
2005-07-21,25.428218117881464,25.434349663313476,25.01749343691383,25.109445571899414,2545300
2005-07-22,25.060402127295607,25.25656946641932,24.919406998456633,25.189136505126953,1727700
2005-07-25,25.13396495982913,25.22591942556965,24.894886155102824,24.980709075927734,1153500
2005-07-26,24.986840255916107,25.121706192721394,24.888756576012092,25.023622512817383,1456200
2005-07-27,25.127840409180962,25.403699180516128,25.060407433610273,25.38530921936035,2407300
2005-07-28,26.02285183610403,26.427447311542778,25.924768155346136,26.39066505432129,4871800
2005-07-29,26.574576778830355,27.12629905085792,26.562318362562955,26.98530387878418,4303300
2005-08-01,27.11402418184721,27.26728002891067,26.9791582881118,27.150806427001953,3538200
2005-08-02,27.27955537708619,27.549284970415396,27.089517183161135,27.359249114990234,2482800
2005-08-03,27.310203296442392,27.506370678487574,27.15694738306337,27.365375518798828,2298100
2005-08-04,27.47571779600694,27.714796627857822,27.291811182160068,27.42054557800293,3007600
2005-08-05,27.487955335117036,27.487955335117036,26.82588927818455,26.979145050048828,2800900
2005-08-08,27.1385531268026,27.16920383692766,26.727826127929063,26.76460838317871,1642400
2005-08-09,27.12630149690778,27.310208158000357,27.034346997111452,27.2182559967041,3216700
2005-08-10,27.285678747686557,27.72705647734024,27.199855819920426,27.273420333862305,2250400
2005-08-11,27.34084696967807,27.43280142942212,27.120160475590637,27.37150001525879,2267000
2005-08-12,27.3715119373646,27.451203342788006,27.15695221733986,27.2182559967041,2115300
2005-08-15,27.248907194202996,27.426684649721672,27.15082348400306,27.33473014831543,2246900
2005-08-16,27.334721794623167,27.353111753884267,26.954647826064324,27.015949249267578,2006500
2005-08-17,26.960776769450963,27.034338944275696,26.81978162666215,26.844303131103516,3362400
2005-08-18,26.801394011986687,27.009822140971472,26.550054415725587,26.91786766052246,4683200
2005-08-19,27.03434225744323,27.273423447297887,26.942390112268054,27.181468963623047,2322900
2005-08-22,27.279549812476443,27.76383901083667,27.279549812476443,27.671884536743164,3644000
2005-08-23,27.72707647985042,27.757727213521495,27.4941266946483,27.60447120666504,1937600
2005-08-24,27.628971232832537,27.684143445915268,27.193725073235044,27.230504989624023,1890900
2005-08-25,27.38989574990264,27.396024957212354,27.1385561572126,27.340852737426758,1922300
2005-08-26,27.205977475165593,27.610572800766136,27.02207093416508,27.426666259765625,2299600
2005-08-29,27.3898893385446,27.3898893385446,26.341619746494192,27.1385498046875,4196800
2005-08-30,27.12628555078629,27.13241475586964,26.56230514317022,26.942378997802734,2889300
2005-08-31,26.543925427124194,26.72170285925327,25.930901734403083,26.366147994995117,6914000
2005-09-01,26.225146113461324,26.47035646318341,25.8082899220333,25.875722885131836,4603600
2005-09-02,26.022849455659006,26.15771304280231,25.869593572337692,26.0167179107666,2308400
2005-09-06,26.237409925044652,26.574572441363667,26.145457787048272,26.525531768798828,3436900
2005-09-07,26.494702364157494,26.61179836014985,26.377604017170377,26.482376098632812,2316800
2005-09-08,26.83984271425958,26.83984271425958,26.038653835668967,26.131099700927734,4243400
2005-09-09,26.12493973327664,26.149592281577522,25.66887934469231,25.798301696777344,5548900
2005-09-12,25.576435961372436,25.933890893648314,25.576435961372436,25.829118728637695,4443500
2005-09-13,25.91539402995633,26.69193273225006,25.8845795245311,26.254358291625977,4068900
2005-09-14,26.254368448189723,26.408443385916183,26.192739413497932,26.217391967773438,3142100
2005-09-15,26.223552563101837,26.587169491210986,26.217390600352836,26.488561630249023,2634300
2005-09-16,26.654953748330303,26.93845095806193,26.62413924309792,26.80902862548828,4540600
2005-09-19,26.90147380688496,26.975429087757938,26.624138564866314,26.802865982055664,3124700
2005-09-20,26.74740690210435,27.055556740372847,26.5378649180419,26.611820220947266,3255000
2005-09-21,26.611817231634777,26.611817231634777,25.816790173968446,25.872257232666016,3713900
2005-09-22,25.705854398505597,26.044818690461927,25.06490228400865,25.878419876098633,3715300
2005-09-23,25.946204292456205,26.65494955631725,25.798293750204163,26.346799850463867,2882300
2005-09-26,27.548583572748342,27.554745532292937,26.932284174481023,27.08635902404785,5283800
2005-09-27,27.086373128095012,27.24044805788964,26.839852300024866,27.067882537841797,2856900
2005-09-28,26.710426627429115,27.302073720597733,26.463905829777243,27.147998809814453,2697700
2005-09-29,27.221944516205465,27.733474168230785,27.03089319879492,27.678007125854492,3324000
2005-09-30,27.67800718610646,27.88754908542907,27.332878660458704,27.65335464477539,2947800
2005-10-03,27.5177646137306,27.52392657227664,26.870648469619752,27.030887603759766,2986400
2005-10-04,27.388349818651626,27.388349818651626,26.81519107705125,26.889148712158203,2325500
2005-10-05,26.80903179472688,26.858336889724157,26.38994789123535,26.38994789123535,3436300
2005-10-06,26.389941606763543,26.48854942227941,26.19272597573181,26.334474563598633,2281000
2005-10-07,26.328316903496823,26.334478864412258,25.822951472569823,26.17424201965332,3227400
2005-10-10,26.149594764426006,26.223550065354154,25.804466108433616,25.853771209716797,1657500
2005-10-11,25.884582094989252,26.06947149689706,25.644225637409473,25.712018966674805,1589200
2005-10-12,25.576438902038024,26.044825664359603,25.570276939150872,25.792142868041992,1851400
2005-10-13,25.755161623003424,25.903072214894873,25.56410789489746,25.56410789489746,2163300
2005-10-14,25.57026573954128,26.205053433746006,25.545613196796506,26.08795738220215,2323300
2005-10-17,26.03865642314851,26.069470930964822,25.6503870418735,25.896907806396484,1389000
2005-10-18,25.730513369559894,25.792142401303806,25.4223635088466,25.496318817138672,2398000
2005-10-19,25.490148863923626,26.217382495319608,25.231301839547303,26.192729949951172,2977300
2005-10-20,26.22971568841937,26.4947247435594,25.705859540609115,25.890748977661133,2520800
2005-10-21,26.16191149287983,26.27900753920237,25.884576276857207,26.06946563720703,2624700
2005-10-24,26.09411032656631,26.67959508398545,26.075622101393567,26.550172805786133,2259200
2005-10-25,26.55634517834597,26.716582011671015,26.340641296755336,26.654953002929688,2668400
2005-10-26,26.488552237690723,27.12950428216715,26.488552237690723,26.852169036865234,3259400
2005-10-27,27.887545442515712,27.887545442515712,27.117171259020804,27.129497528076172,3494300
2005-10-28,27.11717573056259,27.41916349472747,26.605646059894436,27.400672912597656,3491300
2005-10-31,27.536266371105214,27.862904407439085,27.53010205853491,27.751970291137695,3818300
2005-11-01,27.733473796406724,28.1895363999413,27.647192254088324,27.986156463623047,5147100
2005-11-02,27.98615817913356,28.429894539395082,27.869062128951594,28.392915725708008,3834800
2005-11-03,28.62712255664013,28.62712255664013,28.060125589890855,28.281993865966797,2947400
2005-11-04,28.19570190135787,28.23884267793601,27.94301920240194,28.177213668823242,2631100
2005-11-07,28.226517948398435,28.257332454638725,27.85673917152268,28.220355987548828,3106700
2005-11-08,27.9491787351313,28.05395086271725,27.764289372857274,27.856735229492188,2674800
2005-11-09,27.91836228859676,28.226511987921217,27.76428743893453,27.949176788330078,2714300
2005-11-10,28.084760552917274,28.534658786069446,27.83823987812371,28.491518020629883,2665200
2005-11-11,28.565476273500074,28.583966854192578,28.263490883804984,28.362098693847656,1984100
2005-11-14,28.725721413077217,28.84898178903451,28.029302287265214,28.220355987548828,2664100
2005-11-15,28.16489140917197,28.318966304899394,27.90604436183181,28.103260040283203,1962300
2005-11-16,28.19569003549956,28.19569003549956,27.721139341853718,27.955333709716797,1434400
2005-11-17,28.029304095853185,28.812004830040138,27.85674096897603,28.725723266601562,2838300
2005-11-18,28.90444667228602,28.90444667228602,28.294309150117126,28.627111434936523,2422400
2005-11-21,28.54083166185427,28.64560145193875,28.337451691460494,28.50385284423828,1506700
2005-11-22,28.50386595114282,28.676429144041453,28.300485887228994,28.645614624023438,2215200
2005-11-23,28.657920183596637,28.941417324399755,28.546986110935336,28.71954917907715,1439600
2005-11-25,28.811997694130483,28.811997694130483,28.34977313219256,28.54082679748535,613400
2005-11-28,28.65793037414551,28.867472324684492,28.491529205982527,28.657930374145508,2020900
2005-11-29,28.81199965283805,28.89828120077277,28.602457743141212,28.781185150146484,2908300
2005-11-30,28.855143825149185,28.94758969510732,28.676416397094727,28.676416397094727,2207300
2005-12-01,28.750386425602546,28.885970782052993,28.55933264247159,28.68875503540039,3223000
2005-12-02,28.62711586544784,28.812005268630163,28.522343714680193,28.657930374145508,1631000
2005-12-05,28.565496616538397,28.657942532849738,27.832100653992242,27.961523056030273,3760400
2005-12-06,28.164887393888378,28.306635995629875,27.875225878897144,28.004648208618164,2923700
2005-12-07,28.07899728472632,28.109968570518323,27.5276980006151,27.57105827331543,2049800
2005-12-08,27.5772372683678,27.756873925450243,27.434767549530207,27.527681350708008,2754000
2005-12-09,27.732091517180244,28.351526210806007,27.657760015572784,28.116140365600586,2753200
2005-12-12,28.072782144337545,28.178087278561726,27.71351122494234,27.874563217163086,2549100
2005-12-13,27.84359161418038,28.16569795766004,27.676343953356938,27.91172981262207,2229000
2005-12-14,27.99845287995662,28.153311576900013,27.886954429120884,27.96748161315918,2690200
2005-12-15,28.091370047827812,28.091370047827812,27.54007339869513,27.880762100219727,2573100
2005-12-16,27.880756679055803,28.07278229961143,27.738286972045895,27.7382869720459,4857600
2005-12-19,27.595816217831725,27.63917645906079,27.292294529228297,27.484317779541016,3131500
2005-12-20,27.001160838846058,27.979866514812695,27.001160838846058,27.936506271362305,3067900
2005-12-21,28.02942897916912,28.339146426452754,27.81882102049798,27.986068725585938,2416100
2005-12-22,28.091376610236708,28.122350250939068,27.744494518757765,28.035627365112305,1399800
2005-12-23,28.035622597215994,28.240037248893913,27.961291070677035,28.0789852142334,897300
2005-12-27,28.10376139134715,28.33914732033518,27.632991896327763,27.670156478881836,1346000
2005-12-28,27.763065790334373,27.880757544223517,27.533875590463477,27.614402770996094,2644600
2005-12-29,27.496713619837863,27.930318503299578,27.49052031081201,27.732099533081055,2583100
2005-12-30,27.583435968980105,27.732101388066408,27.416188258616767,27.670156478881836,1633400
2006-01-03,27.781652412484963,28.494003443761585,27.577240138256204,28.487810134887695,3843800
2006-01-04,28.487809741000678,28.87185868569612,28.4010868772701,28.803720474243164,2285900
2006-01-05,28.983354745047933,29.10104650592052,28.853274004669352,29.08246421813965,3069300
2006-01-06,29.113428583064167,29.503673074634953,29.107235276257626,29.24350929260254,2641500
2006-01-09,28.933795000976385,29.33023284092046,28.89663043032908,29.255901336669922,2201500
2006-01-10,29.144416666227784,29.23113718931161,28.85947712953605,29.045307159423828,1739000
2006-01-11,29.224928632042808,29.534645974592685,29.13820815420177,29.516063690185547,2425500
2006-01-12,29.53465605493699,29.664736816095843,29.2868811511478,29.34263038635254,2501900
2006-01-13,29.348812913450214,29.392173147749094,29.14439835493646,29.268285751342773,1719600
2006-01-17,29.175388678939264,29.249722583132375,28.698425789964137,28.76036834716797,2130800
2006-01-18,28.766554356384958,29.05149619088914,28.531170808388076,28.617891311645508,1454600
2006-01-19,28.74177467982019,29.05149206920206,28.21525370009731,28.456832885742188,3844700
2006-01-20,28.494003653329184,28.5621418662254,27.800237269484633,27.880762100219727,5071500
2006-01-23,27.96749282701469,28.3143749349619,27.93651918484186,28.20907211303711,2488800
2006-01-24,27.707314039084853,28.43205387183461,27.707314039084853,28.07278060913086,2910100
2006-01-25,28.029434131328312,28.03562744171149,27.564857875007956,27.69493865966797,2876300
2006-01-26,28.15331516166086,28.859470531564483,28.140926180773157,28.617891311645508,4758200
2006-01-27,28.494010990983575,29.17538856949818,28.46303971249784,28.828506469726562,3494100
2006-01-30,29.045306580099655,29.045306580099655,28.59311931664093,28.648868560791016,2702700
2006-01-31,28.463026724062797,28.5311649234124,28.023228626568432,28.109949111938477,3383600
2006-02-01,28.097563628780495,28.54355745239806,28.060396689160267,28.252422332763672,3103300
2006-02-02,28.122343004292187,28.159507582827096,27.329464793172125,28.06039810180664,4602700
2006-02-03,27.812618326540466,28.18427819269033,27.71350887137012,27.74448013305664,2267200
2006-02-06,27.645384150204386,27.738297980543287,27.100280699646408,27.33566665649414,2959700
2006-02-07,27.211774663387022,27.46574287149757,27.106469504291322,27.1126651763916,2124300
2006-02-08,27.10028317664371,27.131254456254155,26.802954639060538,27.056922912597656,2293800
2006-02-09,27.00117197243954,27.304696164702715,26.728621420803417,26.920644760131836,2778200
2006-02-10,26.92063480073776,27.143631698194657,26.858692268313572,27.02593994140625,1437700
2006-02-13,26.96399604410912,27.149828374172625,26.728612521819482,26.80913734436035,2278600
2006-02-14,26.982594913622684,27.77547111800398,26.939234643880425,27.46575355529785,2682400
2006-02-15,27.403791641228192,27.47192747203627,27.174599105303145,27.199377059936523,2025400
2006-02-16,27.317082683701663,27.323278356986815,26.8587021047949,26.883480072021484,3310500
2006-02-17,26.88347614246892,26.91444741549658,26.567563013899456,26.65428352355957,3875400
2006-02-21,26.26403489696884,26.530392034101276,26.189701024078794,26.49322509765625,3970800
2006-02-22,26.635700480775917,26.71003200653628,26.511813029204244,26.666671752929688,4400700
2006-02-23,26.437487263944657,26.449876248096935,25.979104302138747,26.32598876953125,4674200
2006-02-24,26.164919906781076,26.51180178856064,26.12775297818087,26.356943130493164,1982100
2006-02-27,26.44987934311157,26.73481892308468,26.387934415101725,26.672876358032227,2037700
2006-02-28,26.511819222341067,26.75959418336442,26.35696046244076,26.62331771850586,3572800
2006-03-01,26.697647353284957,26.759592270591554,26.425096806006877,26.51801300048828,2508300
2006-03-02,26.400313323156208,26.487033826309585,26.23306562580763,26.381731033325195,3309500
2006-03-03,26.22687601221015,26.63570298679147,26.096795239151735,26.55517578125,3007700
2006-03-06,26.47463461672751,26.573744053616043,26.189692918087037,26.301191329956055,2226600
2006-03-07,26.17111781409888,26.437474941835067,26.08439732840915,26.406503677368164,2048900
2006-03-08,26.412739814808006,26.587121680703806,26.30686578930691,26.493703842163086,3849800
2006-03-09,26.531067689158025,26.531067689158025,26.16984780223939,26.23835563659668,1897200
2006-03-10,26.300632087066496,26.48747010851707,26.176072614174668,26.3566837310791,1746000
2006-03-13,26.481242844488317,26.66808086340257,26.394051927379955,26.56843376159668,2161400
2006-03-14,26.587116562442112,26.780183859498635,26.443874003635383,26.655624389648438,2479300
2006-03-15,26.736587524414066,26.873603174332377,26.531064049536596,26.736587524414062,3977300
2006-03-16,26.80511193785994,26.923442196889667,26.686779303054543,26.755287170410156,3476400
2006-03-17,26.705452895061267,26.74904835929242,25.75257483569913,25.877134323120117,8474400
2006-03-20,26.22590206254196,26.34423227635968,26.039064007544326,26.095115661621094,5819900
2006-03-21,25.603100190428457,26.269490581661245,25.603100190428457,25.827306747436523,4201600
2006-03-22,25.951875628673033,26.07020824074869,25.758810631328902,25.89582633972168,3549500
2006-03-23,25.789935960830377,25.877126864160317,25.702745057500437,25.75879669189453,2980800
2006-03-24,25.746336914589136,25.895808710696187,25.50344732471708,25.82107162475586,3917700
2006-03-27,25.733889136916883,25.808623871487992,25.59687347705787,25.684066772460938,3301800
2006-03-28,25.628017594185057,25.671613058195295,25.316620065097872,25.37889862060547,3601200
2006-03-29,25.472317507096328,26.232125823092407,25.472317507096328,26.132478713989258,4016900
2006-03-30,26.132485033356428,26.375374772045134,26.1075726561127,26.269500732421875,2974300
2006-03-31,26.14494347391085,26.381606326560547,25.852228955522417,26.026613235473633,2454500
2006-04-03,26.182303988102035,26.450106044712616,25.976780485030158,26.23835563659668,2292300
2006-04-04,26.300629577295165,26.50615304432049,26.132474661303743,26.375364303588867,1885500
2006-04-05,26.468773370776226,26.543508065665474,26.219654553447906,26.31930160522461,1760400
2006-04-06,26.87983046143687,26.87983046143687,26.11379294336816,26.244579315185547,1889600
2006-04-07,26.250808279831336,26.350455377510297,25.634240229598007,25.7152042388916,1919100
2006-04-10,25.684067188134623,25.88958830547494,25.55327843080051,25.783714294433594,1927200
2006-04-11,26.225890717504548,26.225890717504548,25.528361171895583,25.596866607666016,1188400
2006-04-12,25.628017617531377,25.90827349334546,25.534597408410274,25.690296173095703,1535700
2006-04-13,25.62801257565059,25.78993821372646,25.428718386122995,25.547048568725586,1386300
2006-04-17,25.055045221711516,25.771260497967805,25.055045221711516,25.603105545043945,2255000
2006-04-18,25.534584429336338,26.11378372962462,25.534584429336338,26.032819747924805,2556600
2006-04-19,26.157392546188003,26.805099979422373,26.070201617824647,26.780187606811523,4425800
2006-04-20,26.811338985643978,27.066684980715802,26.624500858284836,26.948354721069336,2789600
2006-04-21,27.072898652562742,27.072898652562742,26.381595841786226,26.599573135375977,1839800
2006-04-24,26.605801860425977,26.823779149466983,26.437646933548233,26.74904441833496,2021100
2006-04-25,26.848686869041135,27.153855020852486,26.65561960662814,26.7054443359375,2201400
2006-04-26,26.87360348629053,27.284648065042813,26.87360348629053,27.265962600708008,1984300
2006-04-27,27.23481882217726,27.558672433036882,27.00438539021374,27.228591918945312,2123100
2006-04-28,27.309558093893315,27.658324127387633,27.203684090878074,27.421661376953125,1904400
2006-05-01,27.4029844291798,27.552456298679857,26.92966119801668,27.029308319091797,2137300
2006-05-02,28.025778026774155,28.511557418990357,28.025778026774155,28.39945411682129,6490700
2006-05-03,28.51155361953234,28.69839401543214,28.47418744097184,28.55514907836914,3116000
2006-05-04,28.642355881804978,28.77314232000455,28.555162547229816,28.561391830444336,3508700
2006-05-05,28.64857541976052,28.70462707539539,28.25621383031641,28.499103546142578,3839900
2006-05-08,28.337174973611315,28.492873737202586,28.324718787431063,28.393226623535156,2202400
2006-05-09,28.36831222338162,28.4866447957482,28.206386566162113,28.20638656616211,2256400
2006-05-10,28.156558545213578,28.349625831055725,28.069367634115235,28.337169647216797,2057600
2006-05-11,28.879005374748427,28.879005374748427,28.01332064821823,28.07560157775879,2474800
2006-05-12,28.08182238106842,28.21883802051168,27.838932748072846,27.851388931274414,2090000
2006-05-15,27.776654841838006,27.988405227661133,27.334470981251975,27.988405227661133,2458500
2006-05-16,28.025763897583175,28.025763897583175,27.820240488629643,27.894977569580078,1545600
2006-05-17,27.838931114925174,27.975944370556643,27.62095148534631,27.764196395874023,2745800
2006-05-18,27.75174487010945,27.98840524944505,27.446574287801376,27.527538299560547,2031600
2006-05-19,27.589826274372736,28.013327191064064,27.515091517243413,27.80780601501465,3267700
2006-05-22,27.7330635519443,27.944813969592516,27.384299835188155,27.440351486206055,3953100
2006-05-23,27.440349536019866,27.7579739520313,27.309560775756836,27.309560775756836,2337100
2006-05-24,27.259745050582573,27.521317883285846,27.029311501423734,27.203693389892578,2711900
2006-05-25,27.371841703447437,27.452805721557986,27.110266558695844,27.309560775756836,2284400
2006-05-26,27.371841725675488,27.521311200705377,27.147635137356183,27.284650802612305,2139900
2006-05-30,27.247288896969426,27.29711365132448,26.892295837402344,26.892295837402344,1957200
2006-05-31,26.935881488830745,27.415433883666992,26.898512936688924,27.415433883666992,2453300
2006-06-01,27.30954031537845,27.708130826649857,27.30954031537845,27.658306121826172,2536700
2006-06-02,27.608508238974945,27.677013705107257,27.128955721400033,27.278425216674805,3074300
2006-06-05,27.216139780593608,27.253505957084997,26.537293190301124,26.54974937438965,3024400
2006-06-06,26.05774659540554,26.80510117668977,26.05774659540554,26.61203384399414,2786200
2006-06-07,26.643361069982312,27.03185719480286,26.536836512502553,26.774948120117188,2729000
2006-06-08,26.77494590383801,27.226104198749017,26.65589130504476,27.157176971435547,4594700
2006-06-09,27.14464653327705,27.232371232576515,26.86267257815821,27.006792068481445,2029900
2006-06-12,27.08825447043307,27.119584381864144,26.72482319525838,26.756153106689453,1765200
2006-06-13,26.78121544665848,26.887737613463997,26.449111724159184,26.50550651550293,2907500
2006-06-14,26.411505966738797,26.706009853896525,26.298716430272325,26.662147521972656,2338000
2006-06-15,26.718553277943435,27.533142850501456,26.59949866952117,27.457950592041016,2571600
2006-06-16,27.370224323810042,27.558206154349225,27.2574347474228,27.495546340942383,3149100
2006-06-19,27.57074826914903,27.8527223090565,27.46422607091704,27.702335357666016,3125900
2006-06-20,27.758720416346712,27.896574874178036,27.55194111991839,27.583271026611328,2940300
2006-06-21,27.48928070448971,27.871511805837578,27.420353471090085,27.82138442993164,2282500
2006-06-22,27.70860574159641,27.965514918720945,27.602081141641488,27.75246810913086,2199700
2006-06-23,27.570745567218246,27.815122247749326,27.501818320849118,27.664737701416016,1443100
2006-06-26,27.671017705506955,27.984321801987026,27.6647526753184,27.833934783935547,1686200
2006-06-27,27.877777826114414,27.877777826114414,27.48927932827866,27.55820655822754,1855500
2006-06-28,27.55821283000886,27.671002433718083,27.219844018881183,27.53941535949707,1818700
2006-06-29,27.696072228555384,28.072036047321067,27.551952685017884,27.971778869628906,2101000
2006-06-30,28.103349809892613,28.14094712628147,27.921635423142188,27.934167861938477,2727100
2006-07-03,28.090836324640733,28.23495587029793,27.984311727221247,28.216156005859375,633900
2006-07-05,28.19735486308265,28.20361989020058,27.752463837808445,27.865253448486328,2104400
2006-07-06,27.971770494617314,28.122157411288125,27.73365887252142,27.959238052368164,1569400
2006-07-07,27.959230480612913,27.978030334054843,27.627129217064567,27.633394241333008,1636300
2006-07-10,27.902833176516257,27.95296292740169,27.73991626677477,27.802576065063477,1525400
2006-07-11,27.65846660934549,27.97803791090136,27.520612134923823,27.959238052368164,2313700
2006-07-12,27.91537768184535,28.015634836638544,27.671001016431884,27.69606590270996,3319100
2006-07-13,27.702338822154854,27.714871268864673,27.288777642009922,27.370237350463867,2198600
2006-07-14,27.37021328094357,27.414075610695267,27.163431677556115,27.295021057128906,1335000
2006-07-17,27.351432277998203,27.470486903191343,27.213577792802575,27.28250503540039,1383200
2006-07-18,27.238652244219143,27.313844539675767,26.699768947753398,27.013072967529297,2310000
2006-07-19,27.169709835877775,27.952969448810972,27.132112513942268,27.639665603637695,3005300
2006-07-20,27.65218507154239,27.96548876973244,27.514330679437162,27.76497459411621,2222800
2006-07-21,27.7712550943126,27.884044679748325,27.489281130723285,27.708595275878906,2379900
2006-07-24,27.86524744232347,28.41666054198493,27.758722881724157,28.272541046142578,2337200
2006-07-25,28.504385844969363,28.504385844969363,28.072024994274457,28.278806686401367,2353200
2006-07-26,28.26000757561372,28.510651622931846,28.06576070974502,28.291339874267578,2680300
2006-07-27,28.63597415097325,28.698633968747053,27.846447061237903,28.20361328125,3480900
2006-07-28,28.491848551699473,28.91167449951172,28.40412386948905,28.91167449951172,2707200
2006-07-31,28.75503562895801,28.949284934963007,28.635980990624272,28.698640823364258,3812000
2006-08-01,28.197347758943582,28.3665321323355,27.927906244688177,28.291339874267578,3336000
2006-08-02,28.347734748100695,28.429192031945764,28.084558258616987,28.22867774963379,3037800
2006-08-03,28.228682205944363,28.228682205944363,27.98430553519314,28.1472225189209,2820600
2006-08-04,28.247477663900913,28.491854296566448,27.74618956679143,27.877779006958008,2187100
2006-08-07,27.88405092015951,28.003105557955323,27.72113392158001,27.865253448486328,1751100
2006-08-08,28.021898625756585,28.040696092872132,27.376491034403294,27.551942825317383,2096600
2006-08-09,27.66474271964532,27.721137532329834,26.774958162880782,26.84388542175293,3575800
2006-08-10,26.843868604489785,27.175969854286954,26.76867636479043,26.96919059753418,3061200
2006-08-11,26.90653271271555,26.90653271271555,26.64335863648308,26.706018447875977,1910700
2006-08-14,27.28250808599209,27.28250808599209,26.71229500208702,27.000534057617188,2692200
2006-08-15,27.288765780635988,27.714859222284353,27.169711174120824,27.658464431762695,3180300
2006-08-16,27.946704498182015,27.971769381683032,27.68353039237789,27.708595275878906,1864700
2006-08-17,27.658470160252964,28.103361160779333,27.614607801909198,28.015636444091797,2051200
2006-08-18,28.040694665373042,28.06575954713031,27.802583069316395,27.884042739868164,1887800
2006-08-21,27.658463584690153,27.9529699695413,27.608336211494308,27.884042739868164,1820000
2006-08-22,27.727394212356,27.783789008061685,27.539412356776705,27.577007293701172,2235200
2006-08-23,27.44541012901424,27.670989228783583,27.3890153540719,27.57073211669922,2067100
2006-08-24,27.6897923106811,27.739922072057457,27.43288325942373,27.47674560546875,1922900
2006-08-25,27.20731150588231,27.520615428651027,27.10078931949418,27.357698440551758,2466000
2006-08-28,27.357693450654164,27.55820773342787,27.19477649227008,27.457950592041016,2304900
2006-08-29,27.551949036472973,27.551949036472973,27.257442570237185,27.3514347076416,2073900
2006-08-30,27.44541815057781,27.727392107702958,27.351428425081963,27.457950592041016,1723100
2006-08-31,27.4579592838304,27.53315156609288,27.26997738301442,27.508089065551758,2457200
2006-09-01,27.664728777042257,27.846443179382426,27.514341888903036,27.758718490600586,2401300
2006-09-05,27.78376867551196,27.959217960280537,27.746171375782737,27.8276309967041,2320600
2006-09-06,27.544012809071372,28.010431808671004,27.544012809071372,27.94110107421875,3273400
2006-09-07,27.890686319720615,28.123895904982305,27.80244498499436,27.972625732421875,2595000
2006-09-08,28.048255095626967,28.407524687646276,27.915893120545235,28.39491844177246,2661900
2006-09-11,28.91176797348078,28.91176797348078,28.439044483508386,28.672256469726562,2703000
2006-09-12,28.82981796916259,28.89914869674316,28.67854546263471,28.80460548400879,1565000
2006-09-13,28.829829995022408,29.23322030817075,28.697465594948916,29.2080078125,2591700
2006-09-14,29.26473002134544,29.409698241555184,29.04412673067747,29.138669967651367,1523800
2006-09-15,29.207989088333736,29.271017882709252,28.90544654742136,28.968475341796875,2825200
2006-09-18,28.993705624971657,29.037826289005814,28.78570614789989,28.9495849609375,1942500
2006-09-19,29.144986634048436,29.233227987680973,29.012622199203076,29.20171356201172,2106600
2006-09-20,29.2773331535279,29.390786949347266,29.220606255618215,29.352968215942383,1681500
2006-09-21,29.18280536580398,29.233230374509123,28.987414468063434,29.144989013671875,2151300
2006-09-22,29.24582439263586,29.296246975851584,28.89915861379636,29.11976432800293,1841800
2006-09-25,29.214294715181197,29.687017946199628,28.99999342094372,29.617687225341797,2116900
2006-09-26,29.64921253255298,29.951755223163246,29.617698119771916,29.869815826416016,1748400
2006-09-27,29.724842260624772,29.7752672355263,29.258420860366222,29.390785217285156,1815600
2006-09-28,29.460119964182148,29.76896453693478,29.44751371976843,29.674421310424805,2196400
2006-09-29,29.63031115091936,29.68703807327681,29.264739521368494,29.554676055908203,1982100
2006-10-02,29.59248756488777,29.605093811704503,29.226913620389638,29.264732360839844,1562000
2006-10-03,29.271021656043345,30.15343931741956,29.239507254793057,29.98956298828125,3340400
2006-10-04,29.84460812074878,30.40557533755715,29.84460812074878,30.39927101135254,2556400
2006-10-05,30.31731429585976,30.392951740764282,30.15973989223389,30.361434936523438,1444800
2006-10-06,30.1597534150544,30.254299061379477,29.888725126944554,30.02739143371582,1602200
2006-10-09,30.039993553927843,30.31102180480957,30.002174819713414,30.31102180480957,1271700
2006-10-10,30.4749082732505,30.563152015650616,30.210184259238538,30.248003005981445,1712300
2006-10-11,30.248014154052868,30.298436763897477,29.97068138451796,30.17237663269043,1653500
2006-10-12,30.380352280919976,30.39295852455114,30.15344470434923,30.28580665588379,1472900
2006-10-13,30.298420082768132,31.092596789051875,30.20387443531674,30.94132423400879,2400000
2006-10-16,30.821568456651942,31.016959268010826,30.752235302532714,30.9476261138916,1433400
2006-10-17,30.790047621147664,30.884593256138892,30.392961724733407,30.670291900634766,1627600
2006-10-18,30.73330718899604,30.935004615128587,30.487491531527215,30.626157760620117,1531000
2006-10-19,30.67030630691342,30.67030630691342,30.437096676627323,30.60097312927246,1437700
2006-10-20,30.752234558085366,30.752234558085366,30.424479367526,30.50011444091797,2086000
2006-10-23,30.418171806531127,31.054773952683995,30.418171806531127,30.853078842163086,1847000
2006-10-24,30.871987007400865,31.010653297532254,30.70811063175089,30.853078842163086,2292900
2006-10-25,30.771125907219826,30.88457965749687,30.311008988604843,30.626157760620117,2112400
2006-10-26,31.168233028319086,32.258648155505874,31.136718612790318,31.930892944335938,5210800
2006-10-27,31.930891412057104,32.101072133020885,31.067383965148153,31.46446990966797,5080200
2006-10-30,31.48967527662368,31.83633856114744,31.40143397558801,31.76700782775879,2580300
2006-10-31,31.767021252023113,32.24604669052931,31.767021252023113,32.22713851928711,4106900
2006-11-01,32.21452725640562,32.50446372417519,32.14519410011381,32.25864791870117,4017600
2006-11-02,32.08215223727071,32.23972665414455,32.006514786007024,32.16408920288086,2318100
2006-11-03,32.32168556251925,32.466653835932846,32.23344421386719,32.23344421386719,2363700
2006-11-06,32.29016180910775,32.7061583357006,32.29016180910775,32.50446319580078,2391500
2006-11-07,32.45403604001727,33.13475644016185,32.44773171531113,33.02760696411133,3485200
2006-11-08,33.02762097020238,33.46252578793697,32.933075294679185,33.06543731689453,3354600
2006-11-09,33.185193347683374,33.27343469012204,33.015012585381854,33.21040344238281,3013800
2006-11-10,33.204091837659924,33.40578696281965,33.096939949946325,33.34906005859375,2723900
2006-11-13,33.355353277759136,33.443596975842055,33.027600588173684,33.05281066894531,1976600
2006-11-14,33.01501055128909,33.18519130310558,32.60531588161278,32.93307113647461,3347500
2006-11-15,32.964577263016395,33.033910411616965,32.624215845011115,32.712459564208984,3234400
2006-11-16,32.87004023745629,32.87634215924895,32.45404367165781,32.655738830566406,4143300
2006-11-17,32.55489301102014,32.870042014401186,32.53598243582794,32.851131439208984,3143100
2006-11-20,32.428827002797,33.00239798796122,32.359493850019625,32.94567108154297,2183100
2006-11-21,32.85112208136155,33.05281719371962,32.592700068378065,32.706153869628906,2049500
2006-11-22,32.693546549197144,32.83851475616148,32.18930878488742,32.353187561035156,5665600
2006-11-24,32.08217026283923,32.32798610657242,32.031745266998506,32.22713851928711,1945400
2006-11-27,32.23342643170256,32.296457649107715,32.08215631872038,32.25233459472656,3061400
2006-11-28,32.252351995581165,32.523380365661374,32.132596224493135,32.51077651977539,3752900
2006-11-29,32.649432353147795,32.838521251616285,32.460343454679304,32.8070068359375,2651500
2006-11-30,32.73137391405814,32.92046282498546,32.441437423676525,32.655738830566406,3246400
2006-12-01,32.61792537410085,32.61792537410085,32.11998931790487,32.30277633666992,2718900
2006-12-04,32.27124085112174,32.56117719926839,32.27124085112174,32.44142150878906,2140200
2006-12-05,32.302764997603134,32.756580221610164,32.176704946001685,32.712459564208984,3110700
2006-12-06,32.725142059323964,33.06721729596728,32.725142059323964,32.93418884277344,1523900
2006-12-07,32.940500120411556,33.06719483494404,32.60476118092604,32.661773681640625,1855000
2006-12-08,32.75046368612646,33.16855460907697,32.73779397130966,33.14321517944336,1630300
2006-12-11,33.14322784466137,33.504306397167845,33.124224473424796,33.35860824584961,2289200
2006-12-12,33.225577965841936,33.33326695219432,32.978524487502405,33.193904876708984,3518400
2006-12-13,33.33325172517562,33.358591151507355,33.07986471136037,33.105201721191406,1760000
2006-12-14,33.03552261293274,33.52329328924383,33.03552261293274,33.47895050048828,1207600
2006-12-15,33.535968450948765,34.00473825802222,33.48529200549552,33.9287223815918,2974900
2006-12-18,34.08075847250888,34.31514219762917,33.859044464489884,34.18844985961914,2269400
2006-12-19,34.18845429612415,34.18845429612415,33.85904885824921,34.13777542114258,1693300
2006-12-20,34.13778653275987,34.359503058218834,34.099779780654515,34.10611343383789,1146200
2006-12-21,34.21377724163497,34.56852197105945,34.09975465283862,34.23911666870117,1566100
2006-12-22,34.32148532657918,34.32148532657918,33.92239761352539,33.92239761352539,2087200
2006-12-26,33.94138919421374,34.26445845378815,33.8653709077837,34.220115661621094,2802100
2006-12-27,34.50518359421355,34.53052061048763,34.13143541853109,34.3531494140625,1193700
2006-12-28,34.777593963845554,34.84094016117395,34.207468521879875,34.302490234375,1290400
2006-12-29,34.226462087844745,34.353156862691016,33.95406916770091,34.01108169555664,1736900
2007-01-03,34.011083234981356,34.612881630363624,33.77036581003001,33.92239761352539,3432800
2007-01-04,33.92238016300874,33.966722950925686,33.573971508018126,33.6373176574707,2068200
2007-01-05,33.67534084272788,33.68167449371457,33.15589446775798,33.20023727416992,2104600
2007-01-08,33.16221884619783,33.20022799099528,32.85815293732135,32.95317459106445,2440900
2007-01-09,33.0482055897629,33.193906155089,32.782148730997456,32.87083435058594,1319500
2007-01-10,32.80113554476209,32.9595033330879,32.61743074684466,32.65543746948242,1699900
2007-01-11,32.807494677796974,32.807494677796974,32.433746337890625,32.433746337890625,2825800
2007-01-12,32.46539802211015,32.5667533143972,32.31969994047883,32.34503936767578,2853500
2007-01-16,32.414738138582635,32.56677237424229,32.31971885573478,32.338722229003906,2753100
2007-01-17,32.338712653705876,32.48441077746735,32.27536648389705,32.281700134277344,2728400
2007-01-18,32.37038064294444,32.649109545829994,32.31970419837504,32.49074172973633,2488500
2007-01-19,32.57309306458901,32.63010557821144,32.357715142572296,32.541419982910156,2294800
2007-01-22,32.541420159119134,32.85182216085569,32.541420159119134,32.76947021484375,2478000
2007-01-23,32.77581329003889,33.155895186524134,32.7504738525394,32.82015609741211,2431200
2007-01-24,32.82014743188692,32.940506103478455,32.414723788444704,32.52241516113281,3369900
2007-01-25,32.42739215472961,32.58575996594601,32.047310374410664,32.08531951904297,2459300
2007-01-26,32.08531826756275,32.17400385174461,31.863601890607164,32.091651916503906,3017300
2007-01-29,32.186687379568255,32.37039227571308,32.104335408984866,32.294376373291016,2462500
2007-01-30,32.35772312910315,32.718801665666206,32.29437453360851,32.68712615966797,2185300
2007-01-31,32.737807191688205,32.92151450596615,32.2120246887207,32.2120246887207,2918600
2007-02-01,32.62378168106079,33.04820641873812,32.484417180210585,32.94051742553711,4171000
2007-02-02,33.0545342363826,33.32059103541339,32.90883612027031,33.2129020690918,2199300
2007-02-05,33.111549723446565,33.51697102491457,32.99119102973,33.36493682861328,2482000
2007-02-06,33.54231241116352,33.63733167493916,33.358605118094886,33.42195129394531,2614200
2007-02-07,33.4219358246299,33.56130024679818,33.358589678099186,33.39659881591797,1800500
2007-02-08,33.49163525731117,33.700681998056666,33.39027992084416,33.67534255981445,2201000
2007-02-09,33.6753286239106,33.87803921295665,33.04819107770507,33.25090408325195,2811500
2007-02-12,33.231911875997824,33.662672657767295,33.21290850567035,33.33326721191406,2408600
2007-02-13,33.44727524984242,33.51695746092656,33.326916604833826,33.39659881591797,3516700
2007-02-14,33.55497741699219,33.68166975089969,33.421946599987116,33.55497741699219,2219400
2007-02-15,33.47894832310778,33.52962717353282,33.282573818962206,33.39659881591797,2583400
2007-02-16,33.20657705370824,33.51697917238083,33.04187551613852,33.4029541015625,2223900
2007-02-20,33.466304275913295,33.87805934740877,33.42195904273463,33.764034271240234,2536200
2007-02-21,33.57397016486604,34.08708265430704,33.56763651677445,34.04273986816406,3282300
2007-02-22,33.9413845831943,34.22011101273599,33.75767737403017,34.04273986816406,1502800
2007-02-23,34.04274824268777,34.04908189233744,33.49796254577018,33.573978424072266,1581200
2007-02-26,33.605662279587406,33.73869071339143,33.28892653252909,33.510643005371094,2459200
2007-02-27,33.66899648651069,34.41649272335841,32.05364293382223,32.427391052246094,2133700
2007-02-28,32.45906836188655,32.52874817048874,31.958625487509536,32.14866638183594,3027800
2007-03-01,31.901614002055556,32.48440641890589,31.071765756495715,32.4463996887207,2688300
2007-03-02,32.44640256059199,32.68711992807489,32.04098129272461,32.04098129272461,2474000
2007-03-05,31.86360258626142,32.598429121026655,31.82559585878281,32.35771179199219,2129400
2007-03-06,32.3576975696192,32.83913443258029,32.2690096059817,32.75678253173828,2415300
2007-03-07,32.66129924302999,32.814101713903526,32.43846483624866,32.45119857788086,1979900
2007-03-08,32.59762545319614,32.92232728951196,32.43845736253474,32.61035919189453,1675600
2007-03-09,32.94780709161666,32.960540835078326,32.68040576506125,32.90324020385742,1217400
2007-03-12,32.91597732427215,33.030578598471266,32.38117218758077,32.59764099121094,1989500
2007-03-13,32.34294935141183,32.4257174227667,31.572576522827152,31.57257652282715,2773100
2007-03-14,32.40663862119631,32.40663862119631,30.9741251690971,31.66809844970703,3506200
2007-03-15,31.604426082009873,31.90366296800516,31.521657967619305,31.769962310791016,2243600
2007-03-16,31.922768281640963,32.222005223069644,31.77633385441579,32.05646896362305,3579400
2007-03-19,32.21564323062826,32.56581521927464,32.11377567812587,32.39391326904297,1537500
2007-03-20,32.73770468703113,33.03057593565942,32.59763836330104,32.97964096069336,2891600
2007-03-21,33.0496677373255,33.62903958641801,32.95416589558091,33.52717208862305,2171900
2007-03-22,34.38031403375792,34.545847810472026,33.18336908735788,33.329803466796875,2548100
2007-03-23,32.62945905864844,33.48896578919619,32.62945905864844,33.4189338684082,1259500
2007-03-26,33.48896246956746,33.48896246956746,32.91595884890601,33.06239318847656,1663800
2007-03-27,32.91597869159061,33.189748143692626,32.826844903225044,33.02421188354492,1883400
2007-03-28,33.10697596939523,33.17701034561692,32.788639661997195,32.97964096069336,2022200
2007-03-29,33.31707495875297,33.374373155401145,32.78863558834308,32.99237060546875,1539400
2007-03-30,33.04966689680449,33.342535641927675,32.64219691598743,32.960533142089844,1813300
2007-04-02,32.64220952211571,33.081512809455475,32.44484011137336,33.011478424072266,1513000
2007-04-03,33.017838538827085,33.170638589392915,32.99237105416177,33.081504821777344,1520300
2007-04-04,33.08149817094071,33.539903087904676,32.91596441132179,33.53353500366211,2371300
2007-04-05,33.533540937736774,33.76911152214775,33.514441539054296,33.60994338989258,1328700
2007-04-09,33.76911203204364,33.80731082998537,33.46987516169745,33.64177703857422,1060400
2007-04-10,33.64178424196089,33.87098679354015,33.64178424196089,33.76911926269531,1331000
2007-04-11,33.72455372530271,33.90282130426826,33.58448495399344,33.762752532958984,1702100
2007-04-12,33.85825045191997,33.94101857335668,33.6226822602914,33.877349853515625,1377400
2007-04-13,33.87097684960803,34.074711851484636,33.58447374424631,33.86460876464844,1574500
2007-04-16,34.53948300650752,34.55858240425388,33.877343025888,34.17021179199219,2100900
2007-04-17,34.17021334662112,34.3866821028756,34.100181408793944,34.2720832824707,1913100
2007-04-18,34.09383271715062,34.64773745049095,34.06836521870146,34.52040481567383,1805300
2007-04-19,33.90280961811209,34.47581582257937,33.90280961811209,34.26571273803711,1270300
2007-04-20,36.28395819146368,36.28395819146368,34.20840497631503,34.35483932495117,2636500
2007-04-23,34.44398025555459,34.74958518374566,34.138377756076295,34.26571273803711,1527900
2007-04-24,34.53947867661833,34.571311811775935,34.21477681207073,34.41214370727539,2338500
2007-04-25,34.70502373421422,35.080660680265346,34.57132306580111,34.857826232910156,2393500
2007-04-26,35.017003065624394,35.18890500848313,34.21479642766422,34.32939529418945,3042900
2007-04-27,34.32937991644614,34.53948300650752,33.94101173289728,34.17021179199219,2790600
2007-04-30,34.252991287626166,34.724130161321376,34.0237887235968,34.443992614746094,2879500
2007-05-01,33.72453563601716,34.74957852268013,33.72453563601716,34.66044235229492,2626200
2007-05-02,34.88965264368564,35.12522078951992,34.69865137871967,34.7623176574707,2085100
2007-05-03,34.9851537082601,35.14432183029157,34.85145306864473,35.01698684692383,2620400
2007-05-04,35.20799132583897,35.271660037698936,34.819620683988745,34.82598876953125,1937900
2007-05-07,35.207984725345774,35.81918967233983,35.15705219411922,35.76825714111328,2591700
2007-05-08,35.59637097649641,35.965642312601155,35.583637230901736,35.800106048583984,2471700
2007-05-09,35.800109755097544,36.22668177618605,35.800109755097544,36.07387924194336,2253900
2007-05-10,35.88286512652985,36.27123576867505,35.58362825234328,35.589996337890625,2040800
2007-05-11,35.78098866844713,36.13752365112305,35.768254929249785,36.13752365112305,2246600
2007-05-14,36.06112334965214,36.23939083953177,35.46901783973776,35.81918716430664,6281800
2007-05-15,35.59636357329926,35.978366146837594,35.5836298303529,35.628196716308594,2522600
2007-05-16,35.74917349491891,35.84467294380853,35.494503440452625,35.800106048583984,2475300
2007-05-17,35.82555430058808,35.857387433122796,35.61545125417675,35.64091873168945,3054500
2007-05-18,35.71095999938817,35.86376246535712,35.58362501586619,35.838294982910156,4173200
2007-05-21,35.95927423216426,35.95927423216426,35.47540404304431,35.58363723754883,2274200
2007-05-22,35.424460008954256,35.647296856892744,35.31622684210561,35.43082809448242,1849100
2007-05-23,35.55814945512963,35.65365127825271,35.39261571425685,35.41808319091797,2784800
2007-05-24,35.25256258053078,35.43719822474698,34.84509248895939,34.857826232910156,2939700
2007-05-25,34.83236652590367,34.96606722418301,34.57769887614025,34.74323272705078,2305600
2007-05-29,34.660456254596696,34.88965878438142,34.54585498970433,34.66682434082031,2492100
2007-05-30,34.43124809238713,34.94695123495164,34.380313129376326,34.90875244140625,2411000
2007-05-31,34.87056095126079,34.92149349977378,34.31028834533758,34.488555908203125,2792600
2007-06-01,34.48855372867396,34.825991859690596,34.39305429547974,34.74959182739258,2674900
2007-06-04,34.6031271702063,35.20796614232585,34.6031271702063,35.13793182373047,2153200
2007-06-05,34.88965515921439,35.252558317428765,34.88965515921439,34.98515701293945,2229400
2007-06-06,35.081172384108356,35.13237515973151,34.88915526112388,34.97236251831055,1817400
2007-06-07,34.8251417632558,35.06836159608826,34.42190933227539,34.42190933227539,2234100
2007-06-08,34.47951414483566,34.99795584451043,34.26829878381161,34.94675064086914,1977500
2007-06-11,34.8507412895039,35.08115980115919,34.613923348790756,34.9339485168457,1933700
2007-06-12,34.77394780813371,34.91475726987755,34.325911931532715,34.357913970947266,2180900
2007-06-13,34.52432259141608,34.93395695643125,34.33870980471728,34.927555084228516,1840500
2007-06-14,35.023569644309404,35.202783031156244,34.524328515580045,34.65874099731445,1678400
2007-06-15,34.83794364399544,34.94675104057993,34.460313808416494,34.51151657104492,3348400
2007-06-18,34.58834081412725,34.722750876698285,34.1723068776744,34.18510818481445,2153400
2007-06-19,33.47463841622515,34.172293512090896,33.47463841622515,34.114688873291016,2105900
2007-06-20,34.13388778871794,34.32590241356205,33.66024943527727,33.666648864746094,2580000
2007-06-21,33.6026427547105,34.14668456552841,33.50663422734345,33.95466995239258,3224200
2007-06-22,33.76265872450305,33.871466120937,33.321024825849946,33.525840759277344,4383000
2007-06-25,33.5258505659753,33.84587586076651,33.26982935350264,33.621856689453125,3691800
2007-06-26,33.903468246815564,34.06348083632616,33.60264379722418,33.871463775634766,3466300
2007-06-27,33.58984925961543,33.92267580579624,33.48104184880957,33.877872467041016,2256100
2007-06-28,33.89068544539227,34.46672961709658,33.65386736730049,34.18510818481445,2063400
2007-06-29,34.44112285916154,34.684340323519535,33.97388622508532,34.242706298828125,3158400
2007-07-02,34.38991148793193,34.889150073624236,34.28110407991131,34.86994934082031,2079900
2007-07-03,35.081155567277186,35.39477882682538,34.991546480094016,35.209163665771484,1439000
2007-07-05,35.113162872931625,35.145164902368315,34.7867358245217,34.831539154052734,1702400
2007-07-06,34.74834606531219,34.99156352419897,34.60753415846256,34.89555740356445,1668700
2007-07-09,35.01076047744126,35.228377730430644,34.6907352490215,35.138771057128906,1649300
2007-07-10,34.88275939187053,34.972366089560715,33.89708083407969,34.01869201660156,2860900
2007-07-11,33.87146114992439,34.12748224993396,33.69224784487659,34.06987762451172,1665700
2007-07-12,34.159490433884976,34.594724917388284,34.00587969947122,34.569122314453125,1922400
2007-07-13,34.473112856015184,34.50511488576584,34.133886945781164,34.29389953613281,2357900
2007-07-16,34.18510818481445,34.402725522996,34.04429624787355,34.18510818481445,1166600
2007-07-17,34.03787388739051,34.17868572948138,33.79465409876028,33.922664642333984,2050000
2007-07-18,33.877874640793976,34.178699170251676,33.48104399710013,33.852272033691406,2811200
2007-07-19,34.0890996020639,34.31951824738549,34.01869607519313,34.18510818481445,2796700
2007-07-20,34.14669093305343,34.172293537338675,32.892192622261156,33.10980987548828,3787200
2007-07-23,33.346633375491265,33.564250664704645,33.23142407875482,33.3978385925293,2015600
2007-07-24,33.08420703341085,33.289022983023244,32.15613582992913,32.18173599243164,2682200
2007-07-25,32.802571473004406,33.57063217142355,32.482546385462896,32.86017608642578,4080100
2007-07-26,32.92420962383465,33.340243586999215,32.21375534394415,32.8026008605957,4715200
2007-07-27,32.70657696210454,33.250621308628,32.028125048894665,32.418556213378906,4334300
2007-07-30,32.41855693897505,33.321027994458056,32.258544323168856,33.1738166809082,3899800
2007-07-31,33.47462369112239,33.79464877887996,32.43134122138537,32.501747131347656,4306000
2007-08-01,32.373769571773664,33.34664460718517,31.73371879281349,33.0714225769043,4263600
2007-08-02,33.14821514536221,33.66665447466977,32.82818990342961,33.09061050415039,3303200
2007-08-03,33.09060175855461,33.16100768382784,31.279258195973075,31.311260223388672,3658500
2007-08-06,32.54015611901234,32.54015611901234,31.196051516484918,32.341739654541016,5443500
2007-08-07,31.97690819416428,33.20580587808424,31.8745002573041,32.71296691894531,4732400
2007-08-08,32.77057543221763,33.14180333187297,32.14972586778943,32.853782653808594,4190500
2007-08-09,33.13541162623797,33.13541162623797,30.722421170481248,30.965641021728516,4912300
2007-08-10,30.888821897603012,32.83457511173804,30.24877169097421,32.40574264526367,4633800
2007-08-13,32.783388083456224,33.83946996579359,32.2969483258908,32.4505615234375,4378800
2007-08-14,32.54656923297308,32.86019507429161,32.0089266775692,32.072933197021484,3293100
2007-08-15,32.34175408060088,33.36583644362211,31.900120072287436,32.08573532104492,3922700
2007-08-16,31.84891678730301,33.80107307092609,31.63129948560073,33.73066711425781,4612600
2007-08-17,35.18997547686997,35.18997547686997,32.8793928284986,33.877872467041016,6130600
2007-08-20,33.89706538953481,33.922667989095075,32.776977295555255,33.474632263183594,5759100
2007-08-21,33.353036052145285,33.89067863600482,33.05221149879554,33.14822006225586,2448000
2007-08-22,33.5706457696241,33.954675053590606,33.07780664218795,33.67305374145508,2431300
2007-08-23,33.78826924247964,33.916279841261655,32.84739414927082,33.04581069946289,2382900
2007-08-24,33.1546192438871,33.64745847884424,33.033010513806445,33.60905456542969,1891300
2007-08-27,33.67944505187368,33.67944505187368,32.744972229003906,32.744972229003906,1747700
2007-08-28,32.64896080253718,32.64896080253718,31.97050912874634,31.989709854125977,3324900
2007-08-29,32.07291522541488,33.30821228027344,31.964105424115573,33.30821228027344,2740400
2007-08-30,32.91778635943856,33.01379487884692,32.04091815246125,32.18812942504883,2612300
2007-08-31,32.482554515676114,32.744975055478726,32.05372196300283,32.34814453125,2937400
2007-09-04,32.39294500382728,32.81537809021183,32.25213316116641,32.62336349487305,2710900
2007-09-05,32.13693000560359,32.559363172039376,32.03452203924335,32.380149841308594,2025800
2007-09-06,32.48956769117072,32.663377834562624,32.032510296766574,32.61187744140625,2227900
2007-09-07,32.013221172492095,32.57327483190555,31.839410908051587,32.09046936035156,2950200
2007-09-10,32.341551056713655,32.450985855217034,31.723557789579576,32.006805419921875,1908800
2007-09-11,32.148396193697224,32.67626314990137,32.10977333952488,32.37370681762695,2635600
2007-09-12,32.13552307890672,32.650517419370296,32.0453998060281,32.322208404541016,2014600
2007-09-13,32.66339769261238,32.8050189485447,32.129091839310824,32.38658905029297,2128500
2007-09-14,32.21921572251867,32.34796433039163,31.92309564338366,31.987468719482422,2267400
2007-09-17,31.88447905478016,32.148412668134874,31.562608674802405,31.86516761779785,2551600
2007-09-18,31.961726450387882,33.429454447397546,31.530418908307755,33.358642578125,3373300
2007-09-19,33.50667662656362,33.97017035233592,33.384366873673244,33.564613342285156,3557800
2007-09-20,33.60326929791691,33.699828941772054,32.837216196014595,32.914466857910156,2642100
2007-09-21,33.60970873907218,33.60970873907218,32.56684926362646,32.83721923828125,3076000
2007-09-24,32.65052225291262,32.72777043314788,31.88446940868881,31.916658401489258,2567100
2007-09-25,31.749284132329066,32.290026299416134,31.749284132329066,32.18059158325195,5517400
2007-09-26,32.412337581232066,32.508899651576236,32.1162175005006,32.20634078979492,2590600
2007-09-27,32.109782543243746,32.40590263659214,32.0518457897038,32.25140380859375,3414300
2007-09-28,32.187027164903206,32.40589904785156,31.942405070860865,32.40589904785156,2948600
2007-10-01,32.51533436555378,33.44232233675663,32.50889804049835,33.365074157714844,2804300
2007-10-02,33.50669696402232,33.78994439310454,33.48094675125567,33.62900924682617,2828100
2007-10-03,33.66762111364231,33.75130804996201,33.474499492321534,33.68049621582031,1791400
2007-10-04,33.80923836463355,34.485165138796695,33.60324168023476,34.4722900390625,2216400
2007-10-05,34.58817853372842,34.92292390547576,34.42724340052346,34.639678955078125,1615700
2007-10-08,34.7619991952615,34.81349963205303,34.39506717798782,34.42725372314453,1424300
2007-10-09,34.38862285136387,34.59462210964248,33.867194519133065,34.31137466430664,3093400
2007-10-10,34.39505452029482,34.77486150699396,34.37574309144278,34.66542434692383,3158600
2007-10-11,34.76842923020286,35.18042528295084,34.53024589233452,34.77486801147461,2559500
2007-10-12,34.72980057338658,35.00017040549747,34.60748830637678,34.871421813964844,999400
2007-10-15,34.87142538703042,34.98729888571513,33.99594027738817,34.304935455322266,2124700
2007-10-16,34.29206611301646,34.38218941476887,33.609700112257656,33.66763687133789,2998000
2007-10-17,34.1439972973818,34.29205732025064,33.12044978652751,33.69337844848633,2275000
2007-10-18,33.4101410685176,33.76419793860473,33.18483036524345,33.39082717895508,1837600
2007-10-19,33.21701225497542,33.44875925186426,32.75352071687311,32.9659538269043,3590000
2007-10-22,32.43809025900028,33.686948664621625,32.43809025900028,33.48094940185547,1913000
2007-10-23,33.770632509443686,33.84788315232723,33.03676859177918,33.27495193481445,1790100
2007-10-24,33.08826446533203,33.596817621423874,31.903781783275566,33.08826446533203,3726200
2007-10-25,33.65474299651907,34.07961150763297,32.45738561365051,33.307125091552734,4188000
2007-10-26,34.0281174436802,34.82635415293213,32.59257666716892,34.25342559814453,2923300
2007-10-29,34.28562000277444,34.472305348316546,33.98949994440266,34.04100036621094,3642300
2007-10-30,33.764194563901654,34.12468772402815,33.67407127387003,33.74488067626953,2776000
2007-10-31,34.01526813459974,34.01526813459974,33.255653701148645,33.609710693359375,3973600
2007-11-01,32.412324406422314,34.00880257464436,32.283578305862804,33.422996520996094,4830600
2007-11-02,33.345762196554276,33.82213131544705,32.87583185876404,33.74488067626953,4422600
2007-11-05,32.792147194665375,34.02169171423052,31.85872523470398,33.71913528442383,3574400
2007-11-06,33.693393038413774,34.11826186148064,33.262085432269835,33.789955139160156,2919900
2007-11-07,33.40372295932799,33.616158686255766,32.38017458339699,32.41236114501953,3691900
2007-11-08,32.43808404418771,33.04963802242814,32.11621378781645,32.87582778930664,4168700
2007-11-09,32.508897001841,33.63544293754836,32.12265366329715,33.08826446533203,3788500
2007-11-12,32.96595649462631,33.77063226801014,32.940206280515895,33.07539367675781,3913800
2007-11-13,33.28782315105468,33.80925387903006,33.10757658341271,33.66119384765625,5906800
2007-11-14,33.815678932401525,34.24054745427779,33.699805475919405,33.944427490234375,2827500
2007-11-15,33.88007325759607,34.375753884386334,33.87363447550708,34.092506408691406,4245400
2007-11-16,34.38861610787432,34.74911166957545,33.54531762998479,33.9379997253418,4054000
2007-11-19,33.789952121497116,33.97019874073851,32.75352914950704,33.02389907836914,3890100
2007-11-20,33.08827044134411,34.21481658051491,32.31578116906328,32.95308303833008,4787500
2007-11-21,32.618345449140115,32.99171629520559,31.903795217514475,32.2192268371582,3568200
2007-11-23,32.721336628015926,33.448761754631455,32.560401474320805,33.223453521728516,1440400
2007-11-26,33.15908425989317,33.635453485447684,32.21922337387257,32.290035247802734,3700300
2007-11-27,32.393022774463205,33.37794498438449,32.393022774463205,32.94664001464844,3376800
2007-11-28,33.126885390635906,33.42300542993301,32.8307653513388,33.12044906616211,5575000
2007-11-29,32.946641446396576,33.7320057008514,32.805017740006285,33.66119384765625,2733800
2007-11-30,33.99593474864229,34.716923379901075,33.918684124965466,34.189056396484375,3824700
2007-12-03,33.847886205677426,34.68474860033608,33.847886205677426,34.40793991088867,3193700
2007-12-04,34.06675338745117,34.6268095106505,33.88650679461036,34.06675338745117,2831600
2007-12-05,34.40793032239259,34.890735698883574,33.9959367940283,34.871421813964844,3203900
2007-12-06,35.0461647484642,35.421542504,34.793752630887504,35.3568229675293,2271700
2007-12-07,35.49276584795816,35.56395888033375,34.83261564169475,35.05266571044922,3088800
2007-12-10,35.07854173640764,36.139958456475334,35.07854173640764,35.71280288696289,2897700
2007-12-11,35.693375893572345,35.848703794355096,34.14655303955078,34.14655303955078,2869500
2007-12-12,34.85201345034916,35.65454931666212,34.27600097908166,35.19503402709961,3925700
2007-12-13,34.949109275225766,35.43451357071502,34.67728405482087,35.20799255371094,3197000
2007-12-14,34.59959812070589,35.046171401360816,34.030059178749006,34.10124969482422,3538700
2007-12-17,33.88768276330308,34.47016627301856,33.719407938863576,34.04301071166992,2394200
2007-12-18,34.224226510937434,34.54135581390251,33.57702103023306,34.08184051513672,4003100
2007-12-19,34.017124999432696,34.748465501985805,33.77765716549519,34.23717498779297,2087800
2007-12-20,34.42486326278251,34.690217446827106,33.23400491926432,33.764713287353516,3117400
2007-12-21,33.82943093688773,34.845543349014214,33.82943093688773,34.76140594482422,3952900
2007-12-24,34.62547825691888,35.71278319221759,34.61900729122068,35.64806365966797,981900
2007-12-26,35.59629500081437,35.60276596813817,35.059113363915486,35.13677978515625,1306000
2007-12-27,34.92967552239798,35.40213515858625,34.890842310381124,35.00733947753906,1606900
2007-12-28,35.18208170063851,35.60923711442341,34.8325902342075,35.039695739746094,1335800
2007-12-31,34.85200469946191,35.136776613857315,34.696676808784694,34.819644927978516,1776500
2008-01-02,34.72904279254582,34.75493160192041,33.74529025634619,33.88767623901367,2341400
2008-01-03,33.88766930519052,34.515459225160846,33.86178050111309,34.34071350097656,2098800
2008-01-04,34.05595400890099,34.34072601978097,33.22106075863024,33.259891510009766,3048900
2008-01-07,33.51876355308517,34.049471709071604,33.02041516877746,33.680564880371094,3130300
2008-01-08,33.78412551603728,34.06242406143322,32.502659001115305,32.65151596069336,4684600
2008-01-09,32.69035216897106,33.259893760373046,32.18553261573596,33.09162139892578,5823800
2008-01-10,32.79389884471225,33.706460895962294,32.43793634231203,33.37638473510742,4137600
2008-01-11,33.00746579114939,33.86824990763378,32.53500628295488,33.305179595947266,3168800
2008-01-14,33.22104457689523,33.376372444540536,32.9039129380405,33.039825439453125,5372600
2008-01-15,32.45734738187715,32.832725178984454,32.14021569270875,32.153160095214844,4151900
2008-01-16,31.946051318605413,33.14985347047303,31.946051318605413,32.45734405517578,6110900
2008-01-17,31.99135767759139,32.282600551827784,30.638698522931044,30.69694709777832,5861200
2008-01-18,30.968783611785124,30.968783611785124,29.62906836267926,29.89442253112793,8849200
2008-01-22,28.39289610788406,30.10151772220296,27.829828182459035,29.881467819213867,11657000
2008-01-23,28.949488482918035,30.18565032398448,28.742383015118875,30.043264389038086,9130900
2008-01-24,30.082112202698188,30.40571496193835,29.68731644140229,30.036808013916016,7272900
2008-01-25,30.38630449424826,30.6710740795724,29.22133486660321,29.402551651000977,4310400
2008-01-28,29.4996175425537,31.065853118896484,29.26662324913923,31.065853118896484,6149600
2008-01-29,31.201770966291363,31.96547351682941,30.392764236390263,30.826393127441406,6219500
2008-01-30,30.755189410494815,32.418506469371636,30.70988524693722,30.95582389831543,5143600
2008-01-31,30.56751847505764,31.51243800545643,29.991505918429514,31.130586624145508,5414300
2008-02-01,31.285919443467165,32.179063881048236,31.234141809337952,32.12081527709961,4880000
2008-02-04,32.120800534154334,32.39262558188881,31.486539620548207,31.5965633392334,3461800
2008-02-05,30.502798665954806,31.85545838208905,30.49632522778903,30.56751823425293,3670000
2008-02-06,30.696957374129436,31.08527969051424,30.373354620844406,30.645179748535156,2744600
2008-02-07,30.502795626728417,31.305329056793,30.107999880323877,30.580459594726562,4071600
2008-02-08,30.198603982626135,30.353934365542678,29.868530313655917,30.13388442993164,3726400
2008-02-11,30.069169810101048,30.308637645581424,29.195443289187466,29.713207244873047,3493800
2008-02-12,29.972082803211954,31.117636651379456,29.78439264567709,30.89111328125,4655900
2008-02-13,31.350622550351847,31.51889730399216,30.638697737267343,31.065853118896484,4186600
2008-02-14,31.014089581976553,31.240613011736283,30.606351852416992,30.606351852416992,2831500
2008-02-15,30.302162296801768,31.02703178905784,30.10800113427339,30.981727600097656,3493600
2008-02-19,31.454187334177526,31.512435929825354,30.73579127971184,30.981727600097656,2794900
2008-02-20,30.65163564627902,31.421808869576733,30.599858050313625,31.16939926147461,3255600
2008-02-21,31.1629410932451,31.35710222006275,30.399238521388682,30.457487106323242,3200000
2008-02-22,30.690485485073363,31.01408825468684,30.07564219792232,31.00114631652832,3927700
2008-02-25,30.95584019402538,31.836037598561685,30.638708413286583,31.732484817504883,3107500
2008-02-26,31.700115556770317,32.41851384066347,31.635396013798378,32.37968063354492,4799800
2008-02-27,32.03667358940628,32.476773545317656,31.713070825876922,31.8748722076416,4365900
2008-02-28,31.50596703613295,32.179061414866325,30.942898887045082,31.130586624145508,3380100
2008-02-29,30.84581491201642,30.84581491201642,29.881477603167767,30.036808013916016,5667400
2008-03-03,29.93970904591736,30.179176728165412,29.33133709588794,30.09503936767578,3565000
2008-03-04,29.473744983281172,30.328056217385534,29.201917334851483,30.17919921875,3929600
2008-03-05,30.17917814571476,31.059377582942428,30.17917814571476,30.735774993896484,5716700
2008-03-06,30.657633837166628,30.735774941064115,30.214830108312704,30.27994728088379,3726400
2008-03-07,29.98041704363075,31.074402898996148,29.837156222266106,30.364614486694336,4364700
2008-03-10,30.34507826524858,30.690206392333575,29.954370083866444,30.123676300048828,3121000
2008-03-11,30.57298644979648,31.66697208837259,30.54693858124432,31.601852416992188,5649200
2008-03-12,31.74512293027795,31.86884661769253,29.86971804932103,29.95437240600586,5587500
2008-03-13,29.596216572644902,30.72927163859892,29.348766765802534,30.494848251342773,3818200
2008-03-14,30.527401507459665,30.644614422612598,29.166431534016198,29.251083374023438,4955600
2008-03-17,28.651993401246063,30.31901936612595,28.651993401246063,29.93482208251953,5340600
2008-03-18,30.774849132811152,31.113463948829423,30.175763101128958,31.093929290771484,4474400
2008-03-19,31.185100529280717,31.953495363494117,30.221351623535156,30.221351623535156,3956100
2008-03-20,30.260418197725436,31.42603169936017,30.12366813564914,31.119977951049805,6908900
2008-03-24,31.30883368778033,31.712565857200584,30.97021872876057,31.05487060546875,5345300
2008-03-25,30.91160583641857,31.445574799986552,30.162745651773264,31.100446701049805,3225800
2008-03-26,31.0027711497042,31.48464437229619,30.761834538408202,30.963699340820312,2990400
2008-03-27,30.911611172677134,31.41953235154309,30.794398210775412,30.90509796142578,3021900
2008-03-28,31.08090893648899,31.328358731316804,30.794389821046284,30.87904167175293,1940700
2008-03-31,31.09394421772395,31.44558313594232,30.72277063206984,31.159061431884766,2715300
2008-04-01,31.901405498521253,32.93027170957983,31.640931719384824,32.9172477722168,5367100
2008-04-02,32.949803302622804,33.386096469403846,32.409323614772,32.520023345947266,3545500
2008-04-03,32.25954348746036,32.54606255428364,31.8818568918622,32.161865234375,2606600
2008-04-04,32.083733007275406,32.474441159693136,31.803724587220014,32.103267669677734,2024900
2008-04-07,32.415833926690425,32.75444881005761,31.953495377579415,32.676307678222656,2583800
2008-04-08,32.513503726890555,32.513503726890555,31.81022627156466,31.829763412475586,2815400
2008-04-09,31.758138274516092,32.40932010712689,31.758138274516092,31.927444458007812,1814700
2008-04-10,31.986061535311983,32.33770043777072,31.875361779387408,32.064205169677734,1913400
2008-04-11,31.693022370795816,32.55909550353966,31.686511644682323,32.103267669677734,2408700
2008-04-14,32.14884597278403,32.14884597278403,31.777672531627584,31.907909393310547,2645500
2008-04-15,32.05117788930608,32.33118633977008,31.523719590605097,31.732097625732422,2778300
2008-04-16,31.92744982010614,32.22699540130147,31.5497655854732,32.155364990234375,2700500
2008-04-17,32.13581725319866,32.55908636962829,31.86883284433015,32.370243072509766,2324200
2008-04-18,32.559096149551905,33.29493241806911,32.559096149551905,32.760963439941406,2484200
2008-04-21,32.52002369467314,32.52653690484849,31.973030790851205,32.103267669677734,1538400
2008-04-22,31.95350557836376,32.05769461542543,31.58884270661662,31.771175384521484,2178400
2008-04-23,32.077208817421095,32.2400042392157,31.224162397016435,31.44556427001953,2473000
2008-04-24,32.741422174485315,33.17120209023411,31.608367162084665,33.001895904541016,3985100
2008-04-25,33.210277042299,33.3405139196694,32.103267310743334,32.69584274291992,2195000
2008-04-28,32.585147691612775,33.24284041490024,32.200950214426385,33.05399703979492,3007700
2008-04-29,32.94980720397325,33.249352802747715,32.213973354883635,32.344207763671875,2461700
2008-04-30,32.34418862501318,33.49026962306434,32.29209538913484,32.81955337524414,3062600
2008-05-01,32.891192869184884,34.01122640245194,32.77398242608769,33.95913314819336,2875000
2008-05-02,34.06332341635588,34.38240113129984,33.568423820028244,33.90052795410156,2042400
2008-05-05,33.67912333049465,33.84842950470126,33.33399528897663,33.69865798950195,2197100
2008-05-06,33.373072546612455,33.58145055695904,33.00840978647502,33.48377227783203,2165000
2008-05-07,33.43818235246854,33.692145325252866,32.787000593050955,32.89118957519531,4204600
2008-05-08,32.949817525473684,33.06703051734966,32.28561388359368,32.72190475463867,3333600
2008-05-09,32.4483950086783,33.22981129515141,32.181408047123774,32.676307678222656,3044000
2008-05-12,32.69584338732826,33.36656244958351,32.656774062190394,33.353538513183594,2472400
2008-05-13,33.56841966178703,33.58795680399932,32.66327740122612,32.793514251708984,3254700
2008-05-14,32.87816677872963,33.52934851146369,32.79351245793707,33.33399200439453,2522200
2008-05-15,33.203770251794865,33.67261958821296,32.89120071543331,33.627037048339844,2334300
2008-05-16,33.75075456203631,33.75075456203631,32.962822680375304,33.09305953979492,2156900
2008-05-19,32.97584193019772,33.30794599874233,32.91072475176915,32.99537658691406,2208400
2008-05-20,32.80003979122829,32.93027670053539,32.45491409301758,32.45491409301758,3275900
2008-05-21,32.39629859142473,32.70235487050478,31.999077246421702,32.018611907958984,2781700
2008-05-22,32.018619138604976,32.33769942545385,31.575817644705985,31.99908447265625,3421400
2008-05-23,31.90789630467104,32.01208525446673,31.45206871779221,31.458581924438477,2708400
2008-05-27,31.530231191458245,32.24001966955578,31.510696526392962,32.090248107910156,1957900
2008-05-28,32.22048478369596,32.27909126255239,31.328366146936613,31.614885330200195,2574200
2008-05-29,31.491152297304822,32.441877130695595,31.47161763817231,32.40280532836914,3161500
2008-05-30,32.324680589022535,32.56561728198206,32.00560273587179,32.43538284301758,3175300
2008-06-02,32.246532880619,32.4418869834584,31.797218195682138,32.090248107910156,2158600
2008-06-03,32.32466961846428,32.4614172234043,31.881865720891188,32.103267669677734,2320600
2008-06-04,31.888372055529615,32.49397130004553,31.888372055529615,32.05767822265625,1730200
2008-06-05,32.20745426659595,32.78049500012833,32.038148075629984,32.71537780761719,1976700
2008-06-06,32.56470836427373,32.56470836427373,30.887670033068083,30.95317840576172,3676100
2008-06-09,31.090746513358557,31.69343401898425,31.090746513358557,31.306928634643555,2802300
2008-06-10,31.175909841843865,31.96857263329758,31.05144293624686,31.72618865966797,4246200
2008-06-11,31.726187500894163,31.726187500894163,30.49461066808273,30.560121536254883,3152400
2008-06-12,30.835261660170996,31.62792447343174,30.782855461261526,31.320032119750977,2897900
2008-06-13,31.88339837591157,31.88339837591157,30.874556318982062,31.339672088623047,3028600
2008-06-16,31.10384937857537,31.90306451286938,30.8156090427733,31.575517654418945,2208700
2008-06-17,31.69998484999976,31.88341029272932,30.953178405761715,30.95317840576172,2587800
2008-06-18,30.763180517901443,31.143135828321125,30.38977753985871,30.592857360839844,2733600
2008-06-19,30.638729076617512,30.81560465487316,30.18016304028626,30.40944480895996,3868100
2008-06-20,30.330839320458427,30.330839320458427,29.760908472795577,29.89192771911621,6858700
2008-06-23,30.0819009766431,30.19981804049275,29.328544734252667,29.374401092529297,4071000
2008-06-24,29.37440632244893,29.787116119402974,29.132022314262706,29.43991470336914,4286400
2008-06-25,29.996738895837726,29.996738895837726,29.36784959028184,29.459562301635742,3993500
2008-06-26,29.118913046025455,29.505418396879634,28.889628770680535,28.896181106567383,4451800
2008-06-27,28.99444842110821,29.302343284829988,28.837227319749598,29.020652770996094,4964200
2008-06-30,29.000991474215837,29.11890851197913,28.35900010138433,28.431060791015625,6935700
2008-07-01,28.3000471534428,29.19752478510447,28.260740633456262,29.112361907958984,4573300
2008-07-02,29.26959068941501,29.439913974984243,28.837228888679057,28.876535415649414,6934700
2008-07-03,29.066507938629346,29.341648603170004,28.961693042372012,29.046855926513672,2541000
2008-07-07,29.145106707527855,29.492305412735888,28.175566268373267,28.352441787719727,5100700
2008-07-08,28.313146556681424,29.47266254350769,28.01835393308427,29.223726272583008,4949900
2008-07-09,29.20407284952395,29.32853972946592,28.457264072921102,28.496570587158203,4596500
2008-07-10,28.529318985198326,29.24337093908749,28.444156137766633,28.693092346191406,4710300
2008-07-11,28.437622559809817,29.269592009144475,28.11662548920645,28.902738571166992,5106500
2008-07-14,29.19752254031989,29.426804308486805,27.69080770911938,27.82837677001953,5065900
2008-07-15,27.56635129382279,28.45727685932056,27.166743632637097,27.179845809936523,5471000
2008-07-16,27.389461878118748,28.732403138807417,27.029158430996812,28.627588272094727,5729800
2008-07-17,29.164757352458047,29.479201872554004,27.58598241879836,28.32623863220215,7081500
2008-07-18,28.293488377855358,28.948581901298038,27.212585563565018,28.79136085510254,5108000
2008-07-21,28.49657945727167,28.797921996603794,28.057667823764163,28.2214412689209,3664100
2008-07-22,28.169027690380172,29.47266518769725,27.51393402316203,29.25648307800293,5474200
2008-07-23,28.968252359894752,30.3636005340148,28.830680744980015,29.87228012084961,7249500
2008-07-24,29.905021574315633,30.036038285204228,27.998699442677133,28.090412139892578,5196000
2008-07-25,28.365555042841834,28.542430631322972,27.52048361975995,27.73011589050293,3886600
2008-07-28,27.67770037309734,28.25418335277306,27.5139269981086,27.579435348510742,4031300
2008-07-29,27.65151192112867,28.424522895144694,27.42877990320906,28.365564346313477,5594700
2008-07-30,28.68656132663209,29.642997782396144,28.555542052106308,29.125473022460938,4300700
2008-07-31,28.883086556287974,29.30889853788711,28.75861963041319,28.902738571166992,4190500
2008-08-01,28.98134517683739,29.158218269342346,28.43761622903965,28.863428115844727,2999000
2008-08-04,28.758594232822304,29.28921815782245,28.66687908008593,29.0599365234375,3203000
2008-08-05,29.348196745232908,29.40715527715773,28.902732837130692,29.374401092529297,5081600
2008-08-06,29.230287942284605,29.2957988290399,29.020658102637274,29.125473022460938,4167400
2008-08-07,28.909287279610144,29.09271272607998,28.077317934718067,28.234539031982422,4142700
2008-08-08,28.175575216221215,29.15821563644119,27.979047631973984,29.079605102539062,2922000
2008-08-11,29.06649608587935,29.256473788809146,28.601380329589073,28.91582489013672,3019800
2008-08-12,28.457276807255603,28.87653898311576,28.319707694340522,28.509685516357422,3486800
2008-08-13,28.293489328609915,28.601384094648967,27.703906637089663,28.24763298034668,3196100
2008-08-14,27.96595640485764,28.732417532070556,27.90699785661049,28.509685516357422,2724300
2008-08-15,28.53589003557212,29.204086086567294,28.437624954931582,29.125473022460938,2947900
2008-08-18,29.171309759748155,29.171309759748155,28.227976116252307,28.31968879699707,3209400
2008-08-19,27.965943104415626,28.509671957321086,27.730111522571974,27.985597610473633,5277200
2008-08-20,27.90043441052711,28.182124837108024,27.481174938123033,28.090412139892578,3063700
2008-08-21,27.90699730057207,28.260748583006567,27.527044163093517,27.99871253967285,2626300
2008-08-22,28.0642048518271,29.053394909494806,28.05765501656373,29.027193069458008,3757000
2008-08-25,28.85032162669103,28.95513649867332,28.62758971135571,28.686548233032227,3984600
2008-08-26,28.548970479642986,28.75860015970696,27.94628327522188,28.32623863220215,3457000
2008-08-27,28.365564872335348,28.666907461289856,28.13628301095363,28.58174705505371,2671900
2008-08-28,28.84376311679937,29.190964336337995,28.621031249145265,29.184412002563477,3574500
2008-08-29,28.758607063769986,29.197518530841005,28.7324027227254,28.928930282592773,3552000
2008-09-02,29.361291963923644,29.58402386521512,28.876524148690347,29.171314239501953,3519400
2008-09-03,29.079609862117625,29.302341827115626,28.83067354853534,29.197526931762695,3182800
2008-09-04,28.948590592384168,29.17132255718369,27.906991477437032,27.96595001220703,4132900
2008-09-05,27.579431369383215,28.391748291679946,27.520472862934398,28.352441787719727,4190500
2008-09-08,29.229802642360184,30.001610688180026,28.629506656802686,29.487071990966797,6967300
2008-09-09,29.20342608088498,29.586031209021666,28.682289123535156,28.682289123535156,6557200
2008-09-10,29.177032907470785,29.711363383803718,28.35904830763265,29.157243728637695,4783900
2008-09-11,28.28648918901976,29.54645161180584,28.26010193537166,29.427711486816406,5654000
2008-09-12,29.01872700509405,30.05440308610876,29.012128931675885,29.717971801757812,4657100
2008-09-15,28.952743484625042,31.33413840611825,28.702069672776716,28.827407836914062,9824700
2008-09-16,29.22321032096096,32.851374193045714,28.94615174225021,32.23128890991211,12692200
2008-09-17,32.297245676092146,33.642964875035815,29.691564559936523,29.691564559936523,13185700
2008-09-18,30.845987898484186,33.51103973388672,29.73775108764298,33.51103973388672,11526600
2008-09-19,37.29753412101163,38.63665593760934,31.22860350882919,33.48466110229492,8436300
2008-09-22,33.14823250510758,33.60999943134976,29.67179070459069,30.694272994995117,5526200
2008-09-23,30.694273228235495,31.79591729705993,29.684984558503132,30.093976974487305,4142200
2008-09-24,30.10056504536568,31.565022085817436,28.695475538534573,29.1440486907959,3856500
2008-09-25,29.328761884241786,31.83549321755331,28.57014718039109,29.744352340698242,3959600
2008-09-26,29.025312423706055,30.219309136140343,28.603126463807712,29.025312423706055,3919100
2008-09-29,28.563546837743463,28.807622634672345,23.747983932495117,23.747983932495117,6793900
2008-09-30,25.990850037481547,30.344646076697863,25.555470433559915,29.816913604736328,6945100
2008-10-01,28.65588696062573,30.140135296254478,27.151849452444857,28.359039306640625,4979300
2008-10-02,28.860393748949004,28.899974623432577,26.551562249033083,26.69668960571289,3537400
2008-10-03,28.15455664787247,28.477791711466477,25.41694061662456,25.595050811767578,4110300
2008-10-06,25.337777117111422,27.046312572989017,24.354873431011633,25.792945861816406,5004100
2008-10-07,25.858905909004882,27.70597007755682,23.154273986816406,23.154273986816406,5457700
2008-10-08,22.34949039218895,27.705978951557192,21.551292419433594,21.551292419433594,10253100
2008-10-09,21.801970794483896,23.25983271907601,20.185789108276367,20.185789108276367,10009000
2008-10-10,19.578893543879474,22.87062656121008,19.07095025424735,20.11981964111328,11197600
2008-10-13,21.50512293920716,24.447236900715723,21.274240713231475,23.682024002075195,7885800
2008-10-14,24.882619272974708,25.562074910500137,23.12130854479263,24.381271362304688,9483700
2008-10-15,23.76117843101056,24.275717296510457,21.43915294818928,22.23075294494629,6907400
2008-10-16,22.349489294237607,22.91020450080724,20.56179341924888,21.93389892578125,10533800
2008-10-17,21.544693047684568,23.81394334906735,21.320406490492424,22.448434829711914,6165100
2008-10-20,22.382475433219252,23.959077323672375,21.768985636689305,23.846935272216797,4624100
2008-10-21,23.708403410395558,25.067316750688704,21.736002791053625,23.965675354003906,4251900
2008-10-22,22.369279084378523,25.41693599802926,22.349489905100963,24.420841217041016,7803200
2008-10-23,24.42084133944232,27.488287447745165,24.414243268698954,27.04631233215332,10682400
2008-10-24,24.60554140441611,28.200721623437847,24.09759828022165,27.534460067749023,10016900
2008-10-27,27.151857572696127,27.151857572696127,24.71769048019683,24.810043334960938,7217600
2008-10-28,25.397155164258166,26.122787162380263,24.097611614232836,25.588459014892578,9729800
2008-10-29,25.430139425676963,28.26670446569983,24.9947596987565,26.617538452148438,10791100
2008-10-30,27.55425018094837,27.864294018120457,26.40643018960736,27.1452579498291,6176500
2008-10-31,26.986945832037314,28.299682759506258,25.885304416905907,28.068798065185547,5722800
2008-11-03,28.154559774986254,28.154559774986254,26.64392324265312,26.749469757080078,3809700
2008-11-04,26.74945742910936,28.27988244118997,26.551558120317704,28.10177230834961,5578500
2008-11-05,27.659802595657023,28.167745846439203,26.36025944084513,26.670303344726562,5004800
2008-11-06,26.67029341037394,27.34315295234605,24.43402633888104,24.86940574645996,5833800
2008-11-07,25.07390815421381,26.380049288365417,24.75067316409391,26.129375457763672,4263600
2008-11-10,25.674209505133113,26.7626598353545,25.304798011862,25.601648330688477,3893000
2008-11-11,25.416942206183375,27.09909331559232,24.45382999422396,26.498794555664062,5431400
2008-11-12,25.944678496996794,26.920984383377537,25.463119851799483,25.746776580810547,5798700
2008-11-13,25.872106375031027,28.71526577945244,25.74676820005455,28.642702102661133,9045500
2008-11-14,28.345844086966952,29.045088319568638,27.132058749206184,27.626808166503906,6644800
2008-11-17,27.310184130617504,27.9566567625005,26.802240809189346,27.092493057250977,4449600
2008-11-18,27.17164940412843,27.527869749935945,26.492194035086797,27.3035831451416,8534400
2008-11-19,26.907793296787393,27.811535568142478,24.025049291585344,24.598960876464844,8045000
2008-11-20,24.60555532295832,24.60555532295832,22.408867599291735,22.982776641845703,14078000
2008-11-21,23.721600679417218,25.694004118048085,22.329704317170123,25.57526397705078,9927000
2008-11-24,25.792955340688124,27.00014606559344,24.82984299662568,26.7956485748291,9030500
2008-11-25,27.31677538012917,27.448709114425302,25.41034059465137,26.683496475219727,7646000
2008-11-26,26.38665052093179,28.41842381892854,26.056817389420143,28.220521926879883,5813700
2008-11-28,28.27987533434867,28.893364798928907,27.96323601656945,28.794416427612305,2729800
2008-12-01,27.613628270595864,28.675691283530615,24.255927122448227,24.41424560546875,6972700
2008-12-02,25.001348788703222,27.046312904153925,24.658322079167135,26.4921932220459,6918300
2008-12-03,25.70719918952105,27.10569118634912,25.219044969530426,26.531782150268555,6426500
2008-12-04,25.891898706127787,27.15186106480075,25.179457992443698,25.60824203491211,6650800
2008-12-05,25.23223105483454,28.682284829119137,25.23223105483454,28.6361083984375,8362900
2008-12-08,29.61256708256791,29.659064852276334,28.09141851942549,29.07451820373535,5613600
2008-12-09,29.18079867533446,29.51956849645976,27.67957702987508,28.01170539855957,4700500
2008-12-10,28.29069456703912,28.29069456703912,26.477273976739554,26.962181091308594,4253300
2008-12-11,26.676544970617304,27.6795713222853,25.40781496521506,25.945863723754883,5457500
2008-12-12,25.573888088180603,27.181388408861366,24.710354711471343,26.955543518066406,4878100
2008-12-15,26.84261796781125,26.96882585126623,26.19828804219973,26.603485107421875,4407800
2008-12-16,27.021959233811124,29.5859901667739,26.988746909931177,29.526206970214844,6097100
2008-12-17,28.56968479433575,29.96462564065721,28.237556383393308,28.38369369506836,5117600
2008-12-18,27.42715963892131,29.081157396148235,27.334164106731937,28.410259246826172,5348100
2008-12-19,29.38007888963001,29.426576664386296,28.43683542007256,28.456762313842773,5096700
2008-12-22,28.52318553267899,29.16751542718045,27.533444338668826,27.85228729248047,3332100
2008-12-23,28.390343531242422,28.941675489343606,27.765940368310975,27.898792266845703,2923300
2008-12-24,27.76593293709188,27.79250381647529,27.347450455588035,27.672937393188477,861300
2008-12-26,27.898781811897614,28.503255316464532,27.752644524879813,28.210983276367188,1214600
2008-12-29,28.191044871500573,29.06122179636345,28.191044871500573,28.948299407958984,2312700
2008-12-30,29.10109524892512,29.89156003542158,28.84867692134532,29.845062255859375,2362600
2008-12-31,29.818487816987595,30.25689721054642,29.413290757165015,30.0244083404541,3523900
2009-01-02,30.064262127362134,30.496030067749164,29.313653755956295,30.0244083404541,3279700
2009-01-05,29.732118666050994,29.89818278457749,28.762304822001237,29.5793399810791,5171400
2009-01-06,28.669322902513887,29.439860676144548,28.377050827667276,28.67596435546875,5138700
2009-01-07,28.210987543607967,28.64275294992917,27.3740225436449,27.54008674621582,5189100
2009-01-08,27.699509866978175,28.31726891153924,27.214602693042686,28.051565170288086,4012700
2009-01-09,28.0980676916037,28.377056920441735,27.613160435751432,27.88550567626953,3578800
2009-01-12,27.792506429125126,28.32391139705568,26.968826828378692,27.254457473754883,3964400
2009-01-13,26.935620449053477,27.96521827719913,26.74962930263575,27.759300231933594,4377700
2009-01-14,27.13487413853618,27.579927264063915,26.364336781473867,26.57025718688965,5199400
2009-01-15,26.61676715523111,27.035249607571533,25.43439097839125,26.556983947753906,6465400
2009-01-16,27.12159979006736,27.726073230275777,26.297920442671174,27.26773452758789,5471800
2009-01-20,26.490558892386233,28.363762653455808,25.48088836669922,25.48088836669922,9106100
2009-01-21,26.643346768399944,27.201322709819703,25.593819567230252,26.98211669921875,7560700
2009-01-22,26.517125988327113,26.90239608684886,25.514099496071232,25.613739013671875,7341000
2009-01-23,25.201910780352584,25.500826950336496,24.404804372314786,25.18862533569336,6146000
2009-01-26,25.580532786334583,26.13850869857412,24.690428415236724,24.96277618408203,6193300
2009-01-27,25.5871690202266,26.82932837041256,25.268326100421884,26.49720001220703,11452400
2009-01-28,27.666292748734307,27.785859158227964,26.311208463765016,27.39394760131836,10287400
2009-01-29,26.643335594836635,27.002034806878058,26.058789012317813,26.191640853881836,5802400
2009-01-30,26.47727957848598,26.669914681367548,25.367969273908425,25.666885375976562,5699700
2009-02-02,25.102272097557016,25.999018014669456,24.80999740213009,25.766529083251953,4101900
2009-02-03,25.999008510098793,26.27799765974783,25.66688013866894,26.0322208404541,4209500
2009-02-04,26.178365489521056,26.21157782920733,25.494181663015286,25.660245895385742,4688200
2009-02-05,25.434385989443424,25.892722134240575,25.321461049052967,25.42774200439453,6212000
2009-02-06,25.64030244308604,26.510479457071128,25.56723634930789,26.3842716217041,6492500
2009-02-09,26.47062737724063,27.108315708433423,26.29792175737761,26.9754638671875,3824200
2009-02-10,26.71641118074756,27.20795982821913,25.633671811301486,25.79973602294922,8352300
2009-02-11,26.10528836247309,27.261096160167092,25.793089429862757,27.20795440673828,5936900
2009-02-12,26.576906134006286,27.799138410771143,26.424127416152917,27.726072311401367,6369100
2009-02-13,27.493576254159436,27.73270900067308,26.703111927794865,26.8160343170166,5385500
2009-02-17,26.384277469430703,26.58355397668059,25.474243947557046,26.01893424987793,7945000
2009-02-18,26.57027460136757,26.696482493506082,25.567247850099037,25.859519958496094,6125900
2009-02-19,26.277998033657184,26.570270092456376,25.527387194042536,25.573884963989258,6544600
2009-02-20,24.690420125677175,25.912652545281144,24.41807498220805,25.467601776123047,8947600
2009-02-23,25.567245230821214,25.71338000307931,24.889702993825594,24.90298843383789,7462900
2009-02-24,25.354672805496214,26.12521288191386,24.590779247916675,26.0654296875,9213300
2009-02-25,26.185003084553944,26.185003084553944,24.610715103214535,25.175334930419922,8022000
2009-02-26,25.666884559050807,25.706740882704313,24.06602563441459,24.384868621826172,7965500
2009-02-27,23.72061141278308,24.55757645952248,23.248989659268933,24.01288604736328,8397800
2009-03-02,23.44162491076928,24.643928190939903,23.408412574963354,23.720611572265625,8812700
2009-03-03,24.185588081599516,24.351652268519025,22.87700147781351,23.082921981811523,7875900
2009-03-04,22.764081199096534,24.12580715378529,22.71093943796788,23.67411231994629,7082400
2009-03-05,22.983283564538052,23.574474226992105,22.093179378363402,22.54487419128418,8570800
2009-03-06,22.631994942172195,23.22845515573518,22.25669295590829,23.08101463317871,9094300
2009-03-09,22.678910318833136,23.288774527951137,22.16287097934314,22.464452743530273,6674600
2009-03-10,22.94699252144564,23.918752670288086,22.209792081675737,23.918752670288086,10364700
2009-03-11,23.97237272889728,24.213638278339147,22.85316922043916,23.48314094543457,7776400
2009-03-12,23.382603388736275,24.984334796162198,22.752634473322246,24.816789627075195,9133800
2009-03-13,24.91060683550513,25.768439575299414,24.31414662642461,25.694719314575195,7940200
2009-03-16,25.969506520951175,26.720108316178006,25.46687091086825,25.55399513244629,9041800
2009-03-17,25.527176058100967,26.927853444366196,25.171981201301506,26.92115020751953,7646300
2009-03-18,26.619560863752582,27.59132019984923,25.70811529705093,27.584619522094727,11889500
2009-03-19,28.080560715637308,28.080560715637308,26.21745740328858,26.34479331970215,7690200
2009-03-20,26.351495499790065,26.880938677102424,25.949388246143158,26.00970458984375,7117800
2009-03-23,26.271084854161604,27.51091816915617,26.157152801847147,27.41709327697754,10197800
2009-03-24,26.95465653995249,27.52430885805397,25.88906960035246,26.277772903442383,8490000
2009-03-25,26.250979993683035,26.981477148042913,25.473570389124188,26.95467185974121,8452200
2009-03-26,27.216041539975027,27.28976183388676,26.183962538284295,26.847442626953125,9170700
2009-03-27,26.137050299524027,26.887652053833907,25.768451383530405,26.371612548828125,7624700
2009-03-30,26.063321390572323,27.055188305784277,25.540581375449573,25.81535530090332,9862100
2009-03-31,26.39841908976448,27.343373836279927,25.982907744430427,27.23614501953125,9502200
2009-04-01,27.055193019919017,28.44917004518277,26.673190241301548,28.241413116455078,9245400
2009-04-02,28.958502034632843,29.394120431034125,27.58463236707374,28.127479553222656,10930500
2009-04-03,27.845989231177253,28.58318904949603,27.591320017100962,28.556381225585938,7322900
2009-04-06,28.154288913242002,28.455870727028522,27.846006417609726,28.241413116455078,5056700
2009-04-07,27.73207723836601,28.576503769806937,27.658356954562358,27.758882522583008,6001400
2009-04-08,28.053763346337412,28.723944018513514,27.738777612323005,28.241413116455078,6159600
2009-04-09,29.119355269158227,29.447742418196068,27.30986666012481,28.71054458618164,12519600
2009-04-13,28.174395518526577,29.461141156696446,28.174395518526577,29.353912353515625,6094600
2009-04-14,28.78426212378002,29.126053162404787,27.577937352143188,27.705270767211914,7862700
2009-04-15,27.524311876791394,29.30699183628541,26.887639914857328,29.246675491333008,6592700
2009-04-16,29.467824001523596,29.467824001523596,28.154268875943554,28.94508171081543,6055600
2009-04-17,28.82446730471372,29.273489648942228,28.08056896494895,28.50278091430664,7361200
2009-04-20,27.839301735875853,28.817764763100868,27.02168061520333,27.05518913269043,7219500
2009-04-21,27.001585586756832,28.670334380542624,26.907760681922216,28.576509475708008,7314500
2009-04-22,27.725366302372215,28.10736897917339,26.746903395356416,26.76030731201172,8547000
2009-04-23,27.256230771163196,27.31654709864827,26.237558994913993,26.947948455810547,6652300
2009-04-24,27.035081545565177,27.19592599087701,26.083423903586247,26.472129821777344,9691200
2009-04-27,26.304587021914312,27.564527192551996,26.13704188164734,27.028383255004883,6992700
2009-04-28,26.7267966347376,27.872804572355946,26.53914437329211,27.423782348632812,4851100
2009-04-29,27.57123037125786,28.610009823719963,27.524317932255688,28.52288818359375,6827700
2009-04-30,28.48268188614065,28.496085807930296,26.880950302060022,27.57123565673828,9567400
2009-05-01,27.3165631741111,27.852709759065178,26.720102782712896,27.618144989013672,5466300
2009-05-04,27.95323619472867,28.44917103425684,27.276354817174113,28.228010177612305,11350400
2009-05-05,28.140887272802495,28.27492136069047,26.6865938990835,26.740209579467773,7840100
2009-05-06,26.961371662594292,26.961371662594292,25.755046806144197,25.929292678833008,13617100
2009-05-07,26.16385476063225,26.59276999334156,25.037950996502094,25.118371963500977,14702100
2009-05-08,25.44005509948591,26.197359897395888,24.944122884474364,26.01641082763672,12465900
2009-05-11,25.547284427639216,25.67462038116914,25.091561403138382,25.125072479248047,8088900
2009-05-12,25.25910146982674,26.458725147296104,25.178680527741584,25.976194381713867,9207400
2009-05-13,25.533880617511322,26.619575063388076,25.440055739690507,26.090131759643555,8854100
2009-05-14,26.009710483918234,26.80722449220842,25.6344084206743,26.77371597290039,6615300
2009-05-15,26.767010267091575,26.834029856064312,26.063321200361283,26.646377563476562,6963600
2009-05-18,26.88765078356192,27.329969973164832,26.15715366897898,27.20933723449707,8011400
2009-05-19,26.97476986262913,27.04178690178517,26.277781406647176,26.3179931640625,6404100
2009-05-20,26.70670622911692,26.827338988352857,26.023124002162753,26.12364959716797,6329800
2009-05-21,25.68802209545266,26.646377944370734,25.641107104233164,26.606168746948242,5463200
2009-05-22,26.76032129573488,27.316570066653828,26.391722342976006,26.98147964477539,4752800
2009-05-26,26.66648451699238,27.75217628479004,26.559255731981946,27.75217628479004,6441900
2009-05-27,27.718663630069564,27.718663630069564,26.08342170715332,26.08342170715332,8217800
2009-05-28,26.35820437905386,26.61287116783497,25.828761088393556,26.43862533569336,5355100
2009-05-29,26.3380907093069,27.262940429830152,26.04321223685891,27.249536514282227,5970400
2009-06-01,28.040360200218444,28.549696400257496,27.6851652522509,28.08727264404297,9575800
2009-06-02,28.335232544551765,29.25338172931676,28.22130307936048,28.804359436035156,7466800
2009-06-03,28.824457317214645,29.105934409125847,28.315121348019293,28.616703033447266,6561600
2009-06-04,28.80436496106957,29.293596544595427,28.30172945732619,29.233280181884766,7355000
2009-06-05,29.575090736146585,30.23186786466478,28.462590284732038,29.32042121887207,27820200
2009-06-08,28.807548388158125,29.725287546062788,28.679335813581506,29.637561798095703,7924900
2009-06-09,29.63757660837849,29.846768089085597,29.3271654363789,29.718555450439453,4945000
2009-06-10,29.81301376183682,29.860250109747717,29.057229621074573,29.53634262084961,4986300
2009-06-11,29.570072925585677,29.920973235136017,29.340638206809956,29.401371002197266,4608900
2009-06-12,29.340644436736213,29.428370176297452,28.915514778756865,29.15169906616211,3668900
2009-06-15,29.003243832879775,29.138205930508338,28.463398016553423,28.719825744628906,4732000
2009-06-16,28.665837323280524,28.996494304316926,28.422906084019115,28.59160804748535,4565600
2009-06-17,28.503883180870297,29.252917691695128,28.49713366118887,28.686079025268555,4762600
2009-06-18,28.591610077574586,28.935763549026728,28.389168221878663,28.6995792388916,4886400
2009-06-19,28.989733365090707,29.050466150983233,28.267689451805477,28.395904541015625,6580900
2009-06-22,28.173229510426452,28.61185567020403,27.673870537359488,27.707612991333008,6226700
2009-06-23,27.707605554549225,28.105742207210493,27.336459253959553,27.667116165161133,4547900
2009-06-24,27.856067400569763,27.89655679853359,27.3027251660025,27.50516700744629,4539300
2009-06-25,27.403948152195735,27.82907783323438,27.032804336642272,27.60638999938965,5000600
2009-06-26,27.49840825275392,27.680606604067194,27.20149385108779,27.58613395690918,5287800
2009-06-29,27.70086301973401,27.896557923166988,27.484924703596853,27.673870086669922,5818100
2009-06-30,27.61988921442051,27.84932401718977,27.20825595878849,27.69411849975586,5421800
2009-07-01,27.79533530504125,27.99777972587541,27.55240663357819,27.75484848022461,4904800
2009-07-02,27.262230963467417,27.437679825448562,26.45246124267578,26.45246124267578,6615400
2009-07-06,26.445720180039828,26.951826095581055,26.32425455437491,26.951826095581055,5200700
2009-07-07,26.95856878492112,26.985561711381937,26.22302827108026,26.344493865966797,5296700
2009-07-08,26.405239317542158,26.614428162394802,25.811407521759005,26.364749908447266,6710900
2009-07-09,26.594179041569266,26.600925987877275,25.98685090633506,26.351247787475586,4346100
2009-07-10,26.277011678226142,26.45246312689172,25.838388204936518,26.317501068115234,3659500
2009-07-13,26.621171453587305,27.28248286889199,26.553689120890226,27.262239456176758,5868800
2009-07-14,27.208251209815472,27.35670975457397,26.499703510701146,26.681901931762695,4307100
2009-07-15,26.87084543921212,27.457927483665117,26.445715819483283,27.228492736816406,8103600
2009-07-16,27.127294579059917,27.518682060313484,26.972088976649935,27.35672950744629,3953800
2009-07-17,27.32971408172626,27.50516296541098,27.0597899500096,27.275728225708008,4619900
2009-07-20,27.403936150011404,27.565888527160663,27.03279249700884,27.309463500976562,3973000
2009-07-21,27.39720434609627,27.56590634964166,27.167769518307004,27.471433639526367,3931000
2009-07-22,27.464682049415735,28.038267734836207,27.410696181796567,27.91005516052246,4043100
2009-07-23,27.889804152022393,28.84802987361812,27.775085501666943,28.753557205200195,4979600
2009-07-24,28.827806629706007,29.293423352953887,28.740080844448656,29.165210723876953,3190200
2009-07-27,29.19893181607584,29.435113500232923,28.92226073998299,29.38113021850586,3161600
2009-07-28,29.31365296205742,29.63081348487023,29.165196981024227,29.252920150756836,3305700
2009-07-29,29.178686722044375,29.37437900296387,28.638838490827833,28.767053604125977,3941100
2009-07-30,28.908771254686876,29.198938864805832,28.10575076051343,28.301443099975586,8581200
2009-07-31,28.49713754417838,29.286664132296796,28.429657783294495,29.063976287841797,4214200
2009-08-03,29.15169844911372,30.39334494557817,29.15169844911372,30.37984848022461,6295400
2009-08-04,30.36636061952467,31.311092868474084,30.332620733673966,31.216617584228516,6273100
2009-08-05,31.24360248460526,31.45954078752169,30.697009781555128,31.43255043029785,4914200
2009-08-06,31.709216462930907,31.8104360782301,30.91969007782371,31.5675048828125,5174200
2009-08-07,31.756472177345152,32.78892781372958,31.58777014137704,32.02639389038086,6864600
2009-08-10,31.985897094044798,32.1950859060572,31.243606822299807,31.324583053588867,4760200
2009-08-11,31.0816364885493,31.243588858008813,30.30560678114742,30.319103240966797,5794400
2009-08-12,30.501325265608894,31.803705046079116,30.319126777885295,31.33133888244629,4952500
2009-08-13,31.35156951701366,32.30979792385292,30.960182334751813,32.03312683105469,5467900
2009-08-14,32.03987191771169,32.03987191771169,31.506773173137045,31.884666442871094,3935700
2009-08-17,31.540518859321967,31.702471295705966,31.30433457616292,31.45279312133789,4959900
2009-08-18,31.56751021025813,32.18158524711402,31.493280935332535,32.06011962890625,3924600
2009-08-19,31.796942329041453,32.81590353300617,31.621493436366613,32.3637809753418,4489400
2009-08-20,32.18833252833295,32.53248337319325,32.012881059041455,32.2625617980957,3687400
2009-08-21,32.41776861314444,33.26127839653691,31.985892015917507,32.52573776245117,5727500
2009-08-24,32.68094404635258,33.058837365185546,32.282807315967226,32.35703659057617,4361200
2009-08-25,32.68093490600586,32.95760594132104,32.49198958652825,32.68093490600586,5110700
2009-08-26,32.67418937071197,33.03183922155893,32.35703148495583,32.92387008666992,3888300
2009-08-27,32.77541283854617,33.55144279556624,32.586467488671644,33.20054244995117,4333700
2009-08-28,33.4839693894099,33.59193855725312,33.200551289141934,33.47722244262695,3826800
2009-08-31,33.281512523593776,34.14526547710047,33.09931415230342,34.023799896240234,5637900
2009-09-01,33.8281162958815,34.25999288317507,33.16005543015785,33.241031646728516,8139900
2009-09-02,33.13981233682284,33.53119953248423,32.90362805613167,33.166805267333984,4363800
2009-09-03,33.443487890254545,33.74714945345417,33.06559445548404,33.68641662597656,3631500
2009-09-04,33.7134000166738,33.88885150155287,33.37599608718543,33.82136917114258,2926700
2009-09-08,34.24225871141016,34.24225871141016,33.0406565059342,33.244319915771484,5107100
2009-09-09,33.21715604369292,33.44118211226202,33.006705115302516,33.359718322753906,4561600
2009-09-10,33.33257528342465,33.3597307532751,32.585817990354286,32.9388313293457,4870100
2009-09-11,32.98636332596581,33.156081185722854,32.64014003152462,32.864166259765625,4185900
2009-09-14,32.667287940938444,33.3801023253148,32.55866863084003,33.25790786743164,3938300
2009-09-15,33.35975367660318,33.65845887083866,32.9931623507814,33.27149963378906,4530000
2009-09-16,33.33257102129864,33.41403742043315,33.02029092701313,33.1628532409668,5239800
2009-09-17,33.251126337264445,33.3665358409091,32.382171630859375,32.382171630859375,7583500
2009-09-18,32.45004164344721,32.55187335556107,32.090240749437456,32.15812683105469,9687600
2009-09-21,32.00879050051056,32.71481485351799,31.9680572804626,32.443267822265625,4944300
2009-09-22,32.524718430831285,32.63333771704771,32.00198730663723,32.30747985839844,4534200
2009-09-23,32.33463712050215,33.02708607966484,32.090243065540236,32.10382080078125,4960800
2009-09-24,32.21922696971751,32.68085959918597,32.17170619224471,32.25996017456055,4599000
2009-09-25,32.171720647635865,32.91169070179455,32.171720647635865,32.416114807128906,4941500
2009-09-28,32.470416397113915,33.42762485232272,32.470416397113915,33.373313903808594,4924200
2009-09-29,33.3936851335482,33.65165700533765,32.95242025225705,33.237545013427734,3656100
2009-09-30,33.39369336067505,33.6312999765449,32.78949804579715,33.42084884643555,5436600
2009-10-01,33.475157548018984,33.99109879403433,33.08141080026059,33.10856628417969,7428100
2009-10-02,32.728379089730915,33.89603835243566,32.58581676291828,33.29184341430664,4950500
2009-10-05,33.291850916270775,33.3801023253148,32.741964202197714,33.25790786743164,4271500
2009-10-06,33.41404421227598,34.052182263746026,33.17643771770208,33.62449264526367,6189900
2009-10-07,33.52945857223604,33.590557102808674,33.12213676154445,33.21717834472656,5201800
2009-10-08,33.400467433741824,33.5158743080834,32.82342529296875,32.82342529296875,6100600
2009-10-09,32.80307112031524,33.21039298999611,32.70123935805038,33.135719299316406,5203200
2009-10-12,33.203607999913444,33.31901751211311,33.07462333539804,33.14929962158203,3376300
2009-10-13,32.986367573641765,33.19681867912847,32.585833269450525,32.59941101074219,4854700
2009-10-14,32.97957377588186,33.06782519309402,32.71481175517878,33.03388214111328,5225900
2009-10-15,32.592603136722644,32.97277191726408,32.51792948472496,32.95919418334961,4765800
2009-10-16,32.78268787559193,33.2375302950024,32.6944339025392,33.04065704345703,4974000
2009-10-19,33.135715488023926,33.29864318128051,32.84380056544282,33.12892532348633,3973300
2009-10-20,33.054230392816805,33.203582852067704,32.83020429362798,32.89809036254883,2921700
2009-10-21,32.891325974289494,33.2443394788046,31.60146903816467,32.59941101074219,4456800
2009-10-22,33.950365474336174,35.240222470344314,33.495522773550974,35.097660064697266,11014200
2009-10-23,34.98902965761819,35.16553506742534,34.642803822285686,34.82609939575195,4913300
2009-10-26,34.826104316699464,35.36241337524946,34.663176621500114,34.78537368774414,6702900
2009-10-27,34.798944647615755,35.084071964417234,34.41877834479874,34.669960021972656,6076800
2009-10-28,34.57491966191965,34.89399003987846,34.269427022351515,34.28300476074219,4955300
2009-10-29,34.40520376584455,35.34883462510423,34.33052749530936,35.24021530151367,5431300
2009-10-30,35.118003959798244,35.118003959798244,33.74668393848992,33.800994873046875,8829800
2009-11-02,33.9571486407042,34.79216017412041,33.86210705653,34.079345703125,6027600
2009-11-03,33.936784310037105,34.20154375638948,33.68560001351238,33.99788284301758,3937800
2009-11-04,34.344107626032184,34.97545829764443,33.991094152358414,34.05219268798828,5869900
2009-11-05,34.29657268168734,34.60885280621576,33.98429255715892,34.37803649902344,4119500
2009-11-06,34.57491533935103,35.45065993339751,34.323733684748404,35.233421325683594,5504800
2009-11-09,35.53212033658583,36.584370226770986,35.47780939505172,36.38749694824219,7786300
2009-11-10,36.27209464572422,36.72014961100141,36.25172933493071,36.61153030395508,4870500
2009-11-11,36.95777354908032,36.97814146059192,36.54366399713049,36.86952209472656,4027600
2009-11-12,36.72694563703924,36.82877739381947,35.864781145640336,36.07522964477539,4840300
2009-11-13,36.1430894405416,36.57077626172347,35.98694684776933,36.17024230957031,3622600
2009-11-16,36.51649540319375,36.51649540319375,35.7968907440314,35.939453125,4513500
2009-11-17,36.217788199630434,36.258521415969604,35.9122981409977,36.08201599121094,3499500
2009-11-18,36.190635311759856,36.312832371088504,35.93945102886827,36.08201599121094,3776700
2009-11-19,35.92586711108149,36.224572133482425,35.45065928396805,35.762939453125,4315000
2009-11-20,35.69505134791085,35.749359700938,35.46423502074681,35.55927658081055,4107200
2009-11-23,35.69504520892947,36.210986127551045,35.69504520892947,35.95980453491211,4236500
2009-11-24,36.007335790713086,36.06843431370536,35.776519436041006,36.04127883911133,3051000
2009-11-25,35.97339197885328,36.163475117600186,35.7425756290798,35.8172492980957,2874900
2009-11-27,35.260583835304885,35.60001957623281,34.88720503822201,35.06371307373047,2433100
2009-11-30,35.21304958083491,35.66789464648154,35.084064980866444,35.566062927246094,5016300
2009-12-01,35.83760532807836,35.89191366843687,35.599998893657805,35.7086181640625,3881600
2009-12-02,35.59322027890151,35.91907817211428,35.45065793618749,35.74257278442383,3405600
2009-12-03,35.85119039334087,35.864768128629514,34.805728083309326,34.92113494873047,5683800
2009-12-04,35.21306684151522,35.46425118150425,34.0521971037013,34.64960479736328,6096200
2009-12-07,34.56134465075483,34.76500556330815,34.24906441219382,34.330528259277344,4014500
2009-12-08,34.25535975846671,34.41935762380723,34.043526358477884,34.11185836791992,4044500
2009-12-09,34.064023033619264,34.296355498688456,34.01619010904904,34.23485565185547,3956400
2009-12-10,34.23485406382578,34.71318589403886,34.23485406382578,34.68585205078125,3316000
2009-12-11,34.72686589732255,34.84986563161718,34.419366561585974,34.644866943359375,4197800
2009-12-14,34.8498584666577,34.931857403762294,34.53552703550742,34.863525390625,3281400
2009-12-15,34.788350995293385,34.93868451931916,34.33735302991469,34.446685791015625,4067900
2009-12-16,34.5628565083249,34.665354515056194,33.831690505474164,33.961524963378906,5033400
2009-12-17,33.824861638378536,33.97519519091505,33.01853139482671,33.059532165527344,5762100
2009-12-18,33.14835841830701,33.36019179261279,32.72469427639421,32.89552688598633,9632600
2009-12-21,33.0048589031026,33.50368979899116,32.820359376124856,33.2576904296875,3426600
2009-12-22,33.27818283752812,33.49684830334917,33.14834842509202,33.44218063354492,2881800
2009-12-23,33.428529950727366,33.688196295009085,33.32603193011298,33.606197357177734,2444500
2009-12-24,33.59252568294114,34.166523379992974,33.59252568294114,34.12552261352539,1240300
2009-12-28,34.05718997620498,34.12552197901489,33.92052336388633,34.050357818603516,2430700
2009-12-29,34.04352031116251,34.22801983192135,33.94785447225762,34.07768630981445,2291000
2009-12-30,33.982028145324406,34.46719221316665,33.86586320233367,34.34419250488281,1958300
2009-12-31,34.296359543589745,34.54235895993479,34.05719489253161,34.07086181640625,2320000
2010-01-04,34.269026050198335,34.467189916608184,33.93419295402476,34.03669357299805,3716000
2010-01-05,33.91369241778153,33.95469057825253,33.15519516868119,33.23036193847656,5941900
2010-01-06,32.97752324177205,33.06635692172086,32.355692695527466,32.75885772705078,10124500
2010-01-07,32.67686331182792,33.380692871368396,32.67686331182792,33.23036193847656,4901600
2010-01-08,33.24403694121107,33.319201122577056,32.84770391566543,33.18253707885742,3933100
2010-01-11,33.27820181381023,33.37386768382139,32.868201876577366,33.16886901855469,3058500
2010-01-12,33.47635615557082,33.74968674104038,33.209855120192636,33.38068771362305,5147300
2010-01-13,33.43536827195612,33.70870156939514,33.36703625094613,33.49686813354492,3462400
2010-01-14,33.435372945030196,33.75653922340371,33.29870627720956,33.674537658691406,2656300
2010-01-15,33.55835668367556,33.79752128329526,32.97752427407273,33.339691162109375,4252500
2010-01-19,33.31233960405866,33.89316909806591,33.093674198783184,33.77700424194336,3349400
2010-01-20,33.66085765343352,33.96152472716471,33.17569364752946,33.435359954833984,3433400
2010-01-21,33.33968763652076,33.53785405907784,32.82035512269519,33.44902038574219,5942700
2010-01-22,33.35336880432208,33.920531868602865,32.93653670525457,33.01170349121094,6885300
2010-01-25,33.367029487310084,33.55836119271395,32.76569791885638,33.40802764892578,4768100
2010-01-26,34.54235404455976,34.93868696042844,34.26902342605957,34.32368850708008,8489000
2010-01-27,34.36469639114412,34.788360631931106,34.18702897595323,34.78152847290039,4662400
2010-01-28,34.89768850761699,34.89768850761699,34.152858156616965,34.35102462768555,4554800
2010-01-29,34.371523760071184,34.8430234751612,34.228024980130314,34.62435531616211,4484800
2010-02-01,34.815698441257474,34.815698441257474,34.316867360900694,34.638031005859375,4302600
2010-02-02,34.57652098531177,34.9728539119469,34.3441885195909,34.911354064941406,5640200
2010-02-03,34.48085967952874,34.81569280328015,34.35785996930979,34.556026458740234,3978800
2010-02-04,34.35103195101201,34.67219818937225,33.95469892438025,33.982032775878906,6662500
2010-02-05,33.90002280224394,34.50818646343869,33.6471912748627,34.357852935791016,6746400
2010-02-08,34.28952098378194,34.36468774771059,33.49002302991205,33.517356872558594,5193700
2010-02-09,33.8521930276419,33.99569180462655,33.40119500947662,33.8726921081543,5355400
2010-02-10,33.927357789047434,34.10502255859656,33.6540245671424,33.954689025878906,4619400
2010-02-11,33.90003457305004,34.35103270589042,33.660867277230395,34.303199768066406,4639300
2010-02-12,34.00936075783426,34.50135957309956,33.674527651512236,34.47402572631836,5810400
2010-02-16,34.56968810327928,35.266685485839844,34.34418780008373,35.266685485839844,5379100
2010-02-17,35.335020432258275,35.478519215317135,34.966021327222,35.36235427856445,4512800
2010-02-18,35.294014850523254,36.13451089751901,35.25984624647341,36.03884506225586,4577600
2010-02-19,36.00467560405033,36.30534262968566,35.915844534383936,36.1345100402832,5437300
2010-02-22,36.216516862126745,36.41468333471596,36.05251639353936,36.24385070800781,4457700
2010-02-23,36.03201780992212,36.50351492773426,35.75185240252087,35.7791862487793,6511900
2010-02-24,35.868014702093454,36.19601298914616,35.8065148603524,36.07301330566406,6050600
2010-02-25,35.615189627495155,36.134522335742595,35.615189627495155,36.04568862915039,5101400
2010-02-26,36.07303371685546,36.209700398798816,35.7518674052936,35.93636703491211,7398500
2010-03-01,36.05251486285053,36.50351287394396,36.05251486285053,36.271183013916016,4330200
2010-03-02,36.36684755776326,36.51717848492991,36.15501417883455,36.41468048095703,3619600
2010-03-03,36.51034871259216,36.70851518259775,36.29851531982422,36.29851531982422,3892900
2010-03-04,36.401003109464874,36.640167656776846,36.23700270080947,36.59233474731445,3911600
2010-03-05,36.797348718604724,36.87935026063432,36.5240180652702,36.858848571777344,4259700
2010-03-08,36.74884223566901,37.120112734613336,36.72134013439653,36.989479064941406,3145000
2010-03-09,37.09948736795261,37.26449736405412,36.74196789535343,36.83134841918945,5107400
2010-03-10,36.82446625619111,36.9757225453284,36.16442903699945,36.36381530761719,5891200
2010-03-11,36.356946890577184,36.89322475783901,36.30194268739917,36.86572265625,4085400
2010-03-12,37.0169789378607,37.12698471358376,36.4394479596285,36.54945373535156,4490200
2010-03-15,36.43256806476023,36.4806954202125,35.94441505228926,36.253807067871094,4929600
2010-03-16,36.26068451102776,36.41194079238051,36.08880034646092,36.33631134033203,4126300
2010-03-17,36.51507890528717,36.810719931315155,36.33631787326134,36.43257522583008,5519100
2010-03-18,36.49446498131193,36.927611400115055,36.40508443752512,36.70072555541992,4113000
2010-03-19,36.755714416503906,36.85196914288862,36.28818921171138,36.755714416503906,13199100
2010-03-22,36.645713589073694,36.838225690585546,36.56320990142286,36.70759201049805,3817700
2010-03-23,36.8176032907709,37.05824279785156,36.680095375688424,37.05824279785156,3244300
2010-03-24,37.03072031001058,37.30573336607365,36.920714563036576,37.16822814941406,3218200
2010-03-25,37.33324789039078,37.470755775584074,37.133861587997735,37.18199157714844,4123700
2010-03-26,37.31949501143994,37.635763918715,37.23699133346345,37.36762237548828,3422700
2010-03-29,37.4569886030733,37.69075112046566,37.36760812275585,37.649497985839844,2644700
2010-03-30,37.6976376723634,37.6976376723634,36.98947310381885,37.078853607177734,3517500
2010-03-31,36.98948058537945,37.23012004728797,36.913851115143764,37.08573532104492,3357100
2010-04-01,37.2920013656839,37.35387978952901,36.845101346497586,37.07198715209961,3725300
2010-04-05,37.230115983569156,37.230115983569156,36.56320449818864,36.66633605957031,4362000
2010-04-06,36.54947346614367,36.56322452337546,36.047571679540056,36.15757751464844,6585300
2010-04-07,36.10942747072355,36.570075796621886,35.944417510214926,36.09567642211914,5631700
2010-04-08,35.97192102463579,36.10942889335309,35.88254051655788,35.930667877197266,4147000
2010-04-09,35.99942584762414,36.06817847581426,35.8481669183123,36.02692794799805,3406400
2010-04-12,36.12319028832944,36.219445037175966,35.70379234885939,35.76567077636719,3204900
2010-04-13,35.69690840683268,36.04067679729637,35.69690840683268,35.90317153930664,3433800
2010-04-14,35.88255130818822,36.411955057183405,35.87567709291995,36.37757873535156,3158800
2010-04-15,36.34318636123913,36.41881580951185,35.971915954851596,36.356937408447266,3736400
2010-04-16,36.343183139982045,36.58381988793558,35.786277579761766,35.8481559753418,6067500
2010-04-19,35.77941409266531,36.57695663989465,35.710658842109986,36.5700798034668,4869200
2010-04-20,36.714486567884414,36.7626139608047,36.295088467225185,36.55635070800781,4311000
2010-04-21,36.4325745827768,36.52195247446747,36.02692778371767,36.30194091796875,3833100
2010-04-22,36.054421291943754,37.01697365932108,35.87566291541356,36.98259735107422,4727600
2010-04-23,36.350080218965395,36.893235074887976,36.253825459231365,36.70072555541992,5346400
2010-04-26,36.576971507868215,36.70072838642842,35.65567175788982,35.696922302246094,6322800
2010-04-27,35.4700159918069,35.635025942341876,34.706849888228,34.74122619628906,6430300
2010-04-28,34.63810157177363,35.243132012435225,34.610599472813234,35.14687728881836,6420800
2010-04-29,35.28438915223422,35.35314178466797,34.858117061106405,35.35314178466797,4907800
2010-04-30,35.22251554870442,35.30501924345176,34.71373970455979,34.885623931884766,5243100
2010-05-03,34.981869734935636,35.25688285468962,34.899363438539396,35.20875549316406,4037800
2010-05-04,34.78937128061371,34.88562866407884,34.24621904187516,34.37685012817383,6098700
2010-05-05,34.22556225699939,35.098733827901185,34.204937003611754,34.80309295654297,4062800
2010-05-06,34.77561075065036,35.17438070958325,33.36615828752679,34.23933029174805,9027100
2010-05-07,34.14994719775261,34.53496870034074,33.56554204213587,33.86805725097656,7935600
2010-05-10,34.77561876351167,34.8787477281344,34.00557552272023,34.438724517822266,6336400
2010-05-11,34.10182908606086,34.514352798439695,34.046827498057425,34.2255859375,4672000
2010-05-12,34.38371235013507,34.54872232719797,33.95056607799109,34.507469177246094,5782100
2010-05-13,34.44557840321023,34.94060553401837,34.383700011859204,34.49370574951172,3797500
2010-05-14,34.28745876015973,34.94749606755733,34.28745876015973,34.45934295654297,6948500
2010-05-17,34.51434715830306,34.70685661897399,33.92993931695323,34.45934295654297,6006800
2010-05-18,34.63122034306194,34.913110264789985,34.163695211013845,34.259952545166016,4367800
2010-05-19,34.19808936070459,34.63123575480118,33.97120090620561,34.47310256958008,5241000
2010-05-20,33.792427594507075,34.50746372140919,33.26302405617726,33.290523529052734,7953900
2010-05-21,33.00177252083613,33.868067895500175,32.93989409244975,33.847442626953125,8400600
2010-05-24,33.847440839299466,33.94369558442897,33.29741185088438,33.33866500854492,5255600
2010-05-25,32.788620583120725,33.49678508776782,32.788620583120725,33.462406158447266,6596100
2010-05-26,33.455528783792644,33.55178348220579,32.91237427389691,33.00175476074219,6973300
2010-05-27,33.33179424452878,34.21871762525511,33.318043189469584,34.19121551513672,6247100
2010-05-28,34.31497031133094,34.411225068174815,33.881821282788074,34.012454986572266,5474600
2010-06-01,33.77180701932572,34.12932647151276,33.373037037527126,33.41428756713867,4961100
2010-06-02,33.558676930017,34.2255859375,33.3730416528583,34.2255859375,5062800
2010-06-03,34.246196937681624,34.36995372808392,33.957430219161644,34.18431854248047,3679300
2010-06-04,33.75806089480447,34.06057881074053,33.297412428622046,33.42116928100586,6378300
2010-06-07,33.42804148509132,33.56554938199515,33.18052779521342,33.18740463256836,5780500
2010-06-08,33.09042348738978,34.025571504721164,33.09042348738978,34.004791259765625,5964900
2010-06-09,34.21259485355082,34.31650134263219,33.748485191878075,33.796974182128906,6338100
2010-06-10,34.12253663727669,34.65591807710665,34.07404765569681,34.628211975097656,4964600
2010-06-11,34.468893387086695,34.92607717212105,34.378843917234946,34.919151306152344,3916300
2010-06-14,35.18930017918372,35.18930017918372,34.65591872931575,34.66977310180664,4118000
2010-06-15,34.98149458544561,35.52873048146574,34.73904964034895,35.48716735839844,4132700
2010-06-16,35.30706862306387,35.36248348250267,34.91915403718458,35.21009063720703,4817600
2010-06-17,35.35556188748666,35.833526008005876,35.20316638132738,35.819671630859375,4518100
2010-06-18,35.88201411311299,35.95821186429484,35.507953866830526,35.57029724121094,8521800
2010-06-21,35.847386757088245,36.02056253852345,35.34171379239176,35.44561767578125,3336200
2010-06-22,35.6049342137757,35.90972257356276,35.320926097795066,35.33477783203125,3883400
2010-06-23,35.34864284034852,35.60494492249128,35.24473894761355,35.40406036376953,4276100
2010-06-24,35.36941839403486,35.46639639744665,34.93301473622939,35.009212493896484,4200000
2010-06-25,35.20316224732553,35.51487909038547,34.85681078669269,35.410972595214844,7527900
2010-06-28,35.49409983269629,35.58414931239279,35.313995588399266,35.376338958740234,3219600
2010-06-29,35.12005065574559,35.27244355370993,34.26802608809587,34.44812774658203,5661600
2010-06-30,34.26108281109435,34.586654000780854,34.08098123022734,34.11561584472656,4426300
2010-07-01,34.24030670240017,34.281869830285366,33.512969140347295,33.89395523071289,4621100
2010-07-02,33.803911461556986,34.046359137121144,33.40907089765961,33.623809814453125,2722200
2010-07-06,33.90780766579026,34.01171151587777,33.367497604018105,33.65150833129883,3858700
2010-07-07,33.87318708063323,34.628233664159175,33.540687223754105,34.60052490234375,4668200
2010-07-08,34.66286750597626,34.73906527800727,34.29573302641349,34.69750213623047,3231500
2010-07-09,34.739044672505,35.43867330148503,34.71133592775594,35.43174743652344,3095900
2010-07-12,35.27243148247132,35.6257114520899,35.18238200527218,35.410972595214844,3025800
2010-07-13,35.66034850269282,35.7711808719591,35.42482938769544,35.466392517089844,5224200
2010-07-14,35.41790178712823,35.660346757265266,35.21009143523192,35.59800338745117,3866000
2010-07-15,35.570294084558526,35.570294084558526,34.62822032773338,34.84295654296875,7023600
2010-07-16,34.71134331388239,34.98149702654259,34.295719981561234,34.371917724609375,5952700
2010-07-19,34.489675002844855,34.63514196490908,34.12946920931561,34.43425750732422,2667200
2010-07-20,34.08097596971854,34.905291294351954,34.08097596971854,34.87758255004883,3801300
2010-07-21,34.849884509309874,35.13389259798252,34.49660454385615,34.54509353637695,3961700
2010-07-22,33.78313508649982,34.7667723535449,33.78313508649982,34.143341064453125,6956500
2010-07-23,33.85932724115346,34.73213195800781,33.66536858216718,34.73213195800781,7008600
2010-07-26,34.82910800560915,34.96072327437866,34.607443244205385,34.946868896484375,4814400
2010-07-27,35.15469219059548,35.15469219059548,34.7321427582214,35.03693389892578,6312000
2010-07-28,35.023070656094134,35.19624643588454,34.73906248293598,34.83604049682617,4455100
2010-07-29,35.05768942756175,35.293208487253516,34.70440951679834,34.99534606933594,6845100
2010-07-30,34.65593224560918,35.05770127718626,34.649006377888234,34.946868896484375,5752000
2010-08-02,35.35556087557447,35.48024762387208,34.98842649783053,35.22394561767578,4957900
2010-08-03,35.02306416999686,35.210094294627766,34.65592978796483,34.7182731628418,4927100
2010-08-04,34.85682000210339,35.16160841675724,34.842965622921035,35.10619354248047,6729900
2010-08-05,34.98149638375419,35.12696335829027,34.856809650594165,35.0992546081543,1966300
2010-08-06,34.8983756348534,34.9468646303379,34.27494191797837,34.82217788696289,3140800
2010-08-09,35.057701110839844,35.12004448984211,34.77369297148559,35.057701110839844,2244800
2010-08-10,34.73905930478092,34.83603730979894,34.157188632220375,34.21953201293945,5991600
2010-08-11,33.956297012659405,34.330357218769635,33.845464652602885,33.91473388671875,6571500
2010-08-12,33.73465003099281,34.54511159460553,33.6930868831973,34.37886428833008,5021300
2010-08-13,34.41348917585881,35.03692300393516,34.2264590274359,34.73213195800781,5029200
2010-08-16,34.503526646452045,34.579721733086146,34.28878783197936,34.57279586791992,3513400
2010-08-17,34.85680390386048,34.85680390386048,34.517381019235906,34.57279586791992,4761200
2010-08-18,34.57973960643753,34.842967540483556,34.365003323424766,34.690574645996094,3837800
2010-08-19,34.5450989401273,34.68364007290898,34.28187369453967,34.52431869506836,4068800
2010-08-20,34.614378495129785,34.919166940800906,34.39963955962903,34.69750213623047,4564000
2010-08-23,34.475827851369594,34.76676183644635,34.29572359564878,34.455047607421875,3939100
2010-08-24,34.295719058152365,34.43426016519588,34.03941972771556,34.12254333496094,3826400
2010-08-25,34.08098192868298,34.44811360631188,33.91473207624717,34.30264663696289,3636600
2010-08-26,34.4273348229542,34.57280179846067,33.86624451999113,33.96322250366211,3792200
2010-08-27,34.07405534407326,34.54509353637695,34.07405534407326,34.54509353637695,4437700
2010-08-30,34.38576656241009,34.43425554700439,33.88701970092421,33.90780258178711,2966400
2010-08-31,33.80390491467514,34.14333053774653,33.568385795643515,33.93552017211914,4577100
2010-09-01,34.1571736518204,34.88451101291775,33.98399796382335,34.849876403808594,4922300
2010-09-02,34.849876159336134,34.96763435797143,34.399618316721856,34.787532806396484,3595900
2010-09-03,35.126964275828634,35.36248337323261,34.80832156829736,35.348628997802734,3405700
2010-09-07,35.18238450793474,35.244727880981465,34.69056603303958,34.72520065307617,2519100
2010-09-08,34.99032042119224,35.178700655810275,34.71821001899602,34.78798294067383,3597600
2010-09-09,35.136852855194974,35.276396089769236,34.87172097566046,35.074058532714844,2830300
2010-09-10,34.80893094457747,34.962428787689625,34.55775362369072,34.92754364013672,2624900
2010-09-13,35.171734548512596,35.332208320984364,34.88567214339934,35.192665100097656,2998800
2010-09-14,35.16476558408412,35.778751619683575,35.067083446925665,35.597347259521484,4636200
2010-09-15,35.53454432827342,36.720657662394714,35.527565703668486,36.62297821044922,8112300
2010-09-16,36.6299689055127,36.89510085425789,36.49042563451173,36.76951217651367,5763700
2010-09-17,36.69274998254109,36.94392724724665,36.58111593840146,36.748565673828125,7193300
2010-09-20,36.94392790620536,37.44627978301124,36.685774673571395,37.36953353881836,4551300
2010-09-21,37.18814220237125,37.250936546096995,36.78346961291283,36.929988861083984,3248800
2010-09-22,36.82530228003954,36.99973058210348,36.504354843017396,36.51133346557617,4314000
2010-09-23,36.34389235917669,37.02067523209348,36.32296180815964,36.560184478759766,4685400
2010-09-24,37.139283230613174,37.327666164288075,36.89508461005238,37.06253433227539,3291400
2010-09-27,37.01371073006115,37.01371073006115,36.36483678529779,36.39274597167969,4022000
2010-09-28,36.455530666829226,36.95090661701896,36.33692064843132,36.76252365112305,3080500
2010-09-29,36.57414617872614,36.64391913670416,36.176449633733114,36.274131774902344,3179100
2010-09-30,36.44157171520479,36.86020136538466,36.28109794751709,36.350868225097656,3280300
2010-10-01,36.748564233032134,36.748564233032134,36.05782944373894,36.36482238769531,3211400
2010-10-04,36.28109752326456,36.50436560279019,35.99503513002452,36.36482238769531,2487600
2010-10-05,36.49041464197134,36.992769201616625,36.13458193659974,36.88811111450195,3646100
2010-10-06,37.076486132505416,37.08346475631994,36.59506489034396,36.85321807861328,2484100
2010-10-07,36.727637553654965,37.04160915532179,36.37878080992866,36.70670700073242,2221900
2010-10-08,36.84624481201172,36.91601508587043,36.44156977124823,36.84624481201172,2212700
2010-10-11,36.9997396365011,36.9997396365011,36.71367725757501,36.94392395019531,1552600
2010-10-12,37.048576960377616,37.10439530463322,36.69972029347551,36.85321807861328,3973900
2010-10-13,37.11137570116011,37.61373021322415,36.832291931231005,37.26487350463867,4008700
2010-10-14,37.13928894170395,37.606758366389414,37.07649462082279,37.29976272583008,3142200
2010-10-15,37.51605638981733,37.669554216327676,37.36255856330698,37.41837692260742,3615000
2010-10-18,37.50210492044042,37.95561981201172,37.341631116447864,37.95561981201172,3248600
2010-10-19,37.676523737798874,38.01840447613805,37.334642999459696,37.509071350097656,3424400
2010-10-20,37.53000677133451,38.19981103843824,37.5020975948138,38.12306213378906,3701700
2010-10-21,38.52775444390356,38.86265672727283,38.03935428256918,38.36030197143555,3864800
2010-10-22,38.43702809651033,38.71611449778587,38.248645174884125,38.44400405883789,3258600
2010-10-25,38.55564955251286,39.00218845965617,38.45797008148857,38.78589630126953,4602500
2010-10-26,38.053290222204936,38.548666107159235,38.039335634542994,38.39516830444336,5847400
2010-10-27,38.13004398397868,38.36726668133939,37.80211778603617,38.18585968017578,4771100
2010-10-28,38.485867455252524,38.63238661683875,38.0742164811066,38.19282913208008,3610300
2010-10-29,38.185867678681745,38.57658828016591,38.11609737842966,38.5137939453125,3680700
2010-11-01,38.70914620281138,39.351044032399244,38.660306468790836,38.91148376464844,4992400
2010-11-02,39.2045119523399,39.24637571126205,38.72309070177855,38.73704528808594,3583400
2010-11-03,38.79984937857592,39.0928877802213,38.70914587549079,39.00916290283203,3730500
2010-11-04,39.28825232271441,40.027827007989515,39.078936121194374,39.93712615966797,4565300
2010-11-05,39.790609106717625,40.15342052865474,39.47664008953397,40.0766716003418,4445600
2010-11-08,40.006884522352784,40.090609381054286,39.39289601488948,39.47662353515625,3219000
2010-11-09,39.51150867115144,39.60220949242587,39.24637684677054,39.47662353515625,4760200
2010-11-10,39.51152159169272,39.972012457482585,39.274298863160595,39.60222244262695,4685500
2010-11-11,39.581285066561634,39.85339289561189,38.967296464111264,39.35801696777344,4581800
2010-11-12,39.17661971461388,39.637110584268626,39.13475594043938,39.28825378417969,4449600
2010-11-15,39.41384168785092,39.93014825158532,39.351047358578775,39.61617660522461,4614800
2010-11-16,39.26033911301932,39.38592775642004,38.04631644733434,38.18585968017578,7390100
2010-11-17,38.27656775491414,38.75798917110422,38.21377342570969,38.63240051269531,5251400
2010-11-18,39.00917045022878,39.204529422456595,38.764971734944005,38.925445556640625,3660900
2010-11-19,38.778915992431266,38.86961682732626,38.520760091855955,38.716121673583984,4534200
2010-11-22,38.47889583041499,38.506802344173416,38.130039123562874,38.39516830444336,4666000
2010-11-23,37.962590278153705,38.06724836460855,37.62768812769017,37.885841369628906,4647300
2010-11-24,38.18586448929299,38.4789055813221,38.04632123887752,38.45099639892578,3613100
2010-11-26,38.12307156387996,38.318430524717655,37.934688568115234,37.934688568115234,1574800
2010-11-29,37.641638815229,37.90677065495311,37.460231839051566,37.8021125793457,5352700
2010-11-30,37.58582812189398,37.97654866731584,37.50210324129143,37.6695556640625,7290800
2010-12-01,38.164932177718846,38.40913085853836,38.01841296922713,38.2974967956543,6001600
2010-12-02,38.297498557312146,38.5765850581431,38.17190989809483,38.45099639892578,6132900
2010-12-03,38.471916824563614,38.471916824563614,38.12306012116849,38.27655792236328,3215100
2010-12-06,38.35329846332727,38.548657322946426,38.164915565166716,38.38818359375,2751800
2010-12-07,38.695185331541296,38.84170450981872,38.24864917208699,38.262603759765625,3529900
2010-12-08,38.46628921559584,38.859591654998866,38.33987067004322,38.66996383666992,3654800
2010-12-09,38.75423955791668,38.86661129371852,38.02382193562792,38.36796188354492,3867900
2010-12-10,38.36794635179853,38.49436483829427,38.17129388438714,38.47329330444336,3843900
2010-12-13,38.53650077095563,39.028127898088854,38.487338326157534,38.831478118896484,4003500
2010-12-14,38.810409036234574,39.302036194405694,38.775293384755024,38.86659622192383,3653300
2010-12-15,38.831486837943146,39.00004306391138,38.69804358996932,38.73316192626953,3424200
2010-12-16,38.81744412017608,39.0070719036908,38.6137695364951,38.880653381347656,2777500
2010-12-17,38.93682968990883,38.97897008151894,38.57162100007917,38.75422668457031,4930200
2010-12-20,38.75423513019737,39.10539709935164,38.72614152966826,38.94386291503906,2917200
2010-12-21,39.04920661221941,39.31609043648071,38.901719240582764,39.238834381103516,2886300
2010-12-22,39.182654757112054,39.316095346330464,39.0211205662203,39.22479248046875,2240600
2010-12-23,39.09837207083489,39.231815332785864,38.887675426729324,38.96493148803711,1609200
2010-12-27,38.83150468736919,39.29503854058078,38.3890397023,39.18266677856445,1662300
2010-12-28,39.27394210420081,39.40036059124822,39.049198722594845,39.091339111328125,1853100
2010-12-29,39.09134155802233,39.20371325585857,39.03515704868052,39.042179107666016,1392800
2010-12-30,39.07729612825883,39.224783484488526,38.993018021720815,39.00706481933594,1319000
2010-12-31,38.98600332526802,39.28098079285978,38.97195920318815,39.126468658447266,1905900
2011-01-03,39.393344035134355,39.56892499398606,39.13348496619662,39.20371627807617,2672200
2011-01-04,39.14051274464642,39.372280930188275,38.83851323696332,39.028141021728516,2644000
2011-01-05,38.89470784543759,38.99303278682244,38.69103322162398,38.796382904052734,2847900
2011-01-06,38.768293001849194,38.86661795262736,38.16429381375021,38.19940948486328,3359300
2011-01-07,38.22750002978479,38.234522091783056,37.1388982375988,37.4549446105957,8486800
2011-01-10,37.30743718857177,37.967623234223545,37.19506549471758,37.820133209228516,4213000
2011-01-11,37.869306877982055,38.171306397034456,37.74991309001652,37.855262756347656,3224700
2011-01-12,37.981690141005416,38.42415241280336,37.8271779754642,38.339874267578125,4050100
2011-01-13,38.241547649262436,38.515453618655464,38.12215115951322,38.39605712890625,3333100
2011-01-14,38.2696369496125,38.38200868541435,37.91145019982607,38.36796188354492,3798000
2011-01-18,38.36094145985783,38.4873600117552,38.06596662486651,38.39605712890625,2613300
2011-01-19,38.27666993537294,38.396063766608485,37.974670306871595,38.241554260253906,2631100
2011-01-20,38.122141184116494,38.54353713989258,38.07297872448225,38.54353713989258,2946000
2011-01-21,38.74019079138234,38.79637799601055,38.36795993775728,38.6278190612793,5440700
2011-01-24,38.7261325895986,39.20371297172948,38.606738833642176,39.06324768066406,5519800
2011-01-25,40.17292755516942,40.58027402339474,39.42846325779847,39.49167251586914,7037500
2011-01-26,39.6040483477374,39.76558253977991,39.25288636177888,39.47060775756836,4409800
2011-01-27,39.547881412842116,39.82880951906524,39.47062531290554,39.77262496948242,4170500
2011-01-28,39.80771439460944,39.89901724151597,39.091343775583184,39.196693420410156,5457800
2011-01-31,39.19669369577425,39.77962107822781,39.19669369577425,39.51273727416992,6753600
2011-02-01,39.625112581139184,40.039483783335584,39.51976560514873,39.89902114868164,4065300
2011-02-02,39.79366928591157,40.01841270387346,39.73046003216273,39.82878494262695,8861300
2011-02-03,39.78664511356372,40.39766608125542,39.772598315792884,40.208038330078125,4597400
2011-02-04,40.144819327284615,40.38360947307409,40.08863482900289,40.32040023803711,3216900
2011-02-07,40.25720706169238,40.37660352179068,40.01139476024463,40.15888214111328,3784500
2011-02-08,40.13782404479884,40.72777640563841,40.08163682988371,40.65052032470703,2886000
2011-02-09,40.59432784427737,41.45818606789198,40.49600291008354,41.30367660522461,5340800
2011-02-10,41.26854265997995,41.521379640413755,40.79096497145803,41.05784606933594,4193500
2011-02-11,41.022727563615,41.430076599121094,40.93142473166496,41.430076599121094,3335000
2011-02-14,41.324745178222656,41.43711691353389,41.10702376892747,41.324745178222656,4049700
2011-02-15,41.28258284265911,41.788256722512294,41.23342040202362,41.68290710449219,3447300
2011-02-16,41.72506576533008,42.041112078683426,41.612694040488144,41.76018142700195,3594600
2011-02-17,41.73912338591941,42.13242586439917,41.68996091100369,41.98493576049805,3016300
2011-02-18,41.928742427094015,42.85580987266908,41.85148636010386,42.78557586669922,5585300
2011-02-22,42.560827803524234,42.94710809670401,42.47654968462733,42.51166534423828,5504300
2011-02-23,42.51869853942045,42.77855768720386,42.36418639142044,42.434417724609375,5713700
2011-02-24,42.53974506638659,42.83472240502868,41.52839993208272,41.66886520385742,5932600
2011-02-25,41.57756591660705,42.00598382639093,41.47221628401505,41.85849380493164,3697100
2011-02-28,41.85848385764358,42.153461151311035,41.675880907584144,42.09025192260742,3678900
2011-03-01,42.07623935249442,42.13242656999848,41.591636657714844,41.591636657714844,4021400
2011-03-02,41.493304412235645,41.626745011619626,41.26855826088094,41.30367660522461,3626700
2011-03-03,41.6899465597119,42.0270617055805,41.444131590598346,41.472225189208984,4627200
2011-03-04,41.3949634494978,41.8023125359681,41.10701080115429,41.56352233886719,4327100
2011-03-07,41.61971611949212,41.928740372308496,41.34581020751633,41.409019470214844,3944100
2011-03-08,41.522076122586334,42.01672360037548,41.48674473751823,41.73406982421875,3442600
2011-03-09,41.76232958998111,42.20044735170644,41.684601628008856,41.97432327270508,2152700
2011-03-10,41.69872932154186,41.81885924700655,41.30301355674402,41.35247802734375,3641300
2011-03-11,41.23942780430298,41.66340987245635,40.90024161065783,41.60688018798828,2796400
2011-03-14,41.317154333711066,41.67753878592244,41.29595334550194,41.592742919921875,3453100
2011-03-15,40.72357030490876,41.56446900071566,40.63877175907082,41.35247802734375,5337900
2011-03-16,41.16876777200683,41.57861949493769,40.99917600056914,41.0203742980957,5985600
2011-03-17,41.36661289415321,41.571538678641666,41.133420926505316,41.46554183959961,4167000
2011-03-18,41.87539940871066,42.052059046724416,41.027435302734375,41.027435302734375,5869500
2011-03-21,41.29595439574562,41.6704746466959,41.21115852758852,41.656341552734375,2548800
2011-03-22,41.67047028702418,41.889526481479464,41.175822832570304,41.18288803100586,3842000
2011-03-23,41.119300198980426,41.345424341025335,40.97797463191166,41.28889465332031,3071900
2011-03-24,41.37369162538712,41.63514716610441,41.14756747737013,41.57155227661133,2416800
2011-03-25,41.5008877914807,41.889538511735424,41.28889673457926,41.677547454833984,2242900
2011-03-28,41.75527362019454,41.804738104932525,41.592747070967974,41.62807846069336,3090400
2011-03-29,41.4019539944031,41.995530502035166,41.246492646143295,41.87540054321289,2864200
2011-03-30,42.07325912682824,42.37711391329261,41.73407295264729,41.967262268066406,3959500
2011-03-31,42.01673543314365,42.405386169568544,41.87540715745842,42.03086853027344,3534300
2011-04-01,42.22870601166623,42.39123520200166,42.002581958518704,42.19337463378906,3147600
2011-04-04,42.278172841011916,42.39830006396639,42.05911398692802,42.136844635009766,2593600
2011-04-05,42.143927145582225,42.17219333751706,41.77647473726672,41.78354263305664,2580400
2011-04-06,42.016736446517044,42.398321991386574,41.910742258906204,42.35592269897461,2818400
2011-04-07,42.32058648975839,42.39831716919991,42.0591309553198,42.24992370605469,2359300
2011-04-08,42.28525301366588,42.36298368927606,41.93899892111482,42.10152816772461,1947700
2011-04-11,42.292311350016604,42.99894981999591,42.24991476700942,42.69509506225586,3668800
2011-04-12,42.504296862681215,42.74455400403366,41.924853644527325,42.17924118041992,2959600
2011-04-13,42.48311443660944,42.72337168290815,42.1651265083299,42.348854064941406,2376700
2011-04-14,42.18630910276882,42.24283876780289,41.691661729566945,42.136844635009766,3067800
2011-04-15,42.22165713385715,42.38418369140103,41.95313370610049,42.256988525390625,3361400
2011-04-18,41.91780468038999,41.924872576463024,41.331296000117405,41.69874572753906,3587000
2011-04-19,41.72701088097166,41.762342273618934,41.034505341757736,41.11223602294922,3249600
2011-04-20,41.64221436899492,42.08032956153507,41.606882976882595,41.78354263305664,3293000
2011-04-21,42.921221043148684,43.359336131502,42.765759720089335,43.33106994628906,4963900
2011-04-25,43.331078636083895,43.86812548038409,43.239214863525014,43.656131744384766,3370400
2011-04-26,43.66319159121957,43.70558817411437,43.04134898451494,43.38053512573242,4091900
2011-04-27,43.324003936630774,44.002376195369195,43.324003936630774,43.988243103027344,3123900
2011-04-28,43.75505304376363,44.779679370831786,43.747987845088396,44.56062316894531,2941000
2011-04-29,44.48996321711481,44.744353530735864,44.24264079865668,44.716087341308594,2517400
2011-05-02,44.91394352427481,45.076470053969835,44.72315080795147,44.885677337646484,2923700
2011-05-03,44.963410912907705,45.30966498248303,44.81501477131137,45.26020050048828,2838200
2011-05-04,45.0976610447621,45.168323804280604,44.560617063831586,44.899803161621094,3115300
2011-05-05,45.00581008689741,45.21780381690261,44.41223357322983,44.51823043823242,3070500
2011-05-06,44.92100001384635,45.34498194862204,44.56768083632948,44.82207107543945,2380900
2011-05-09,44.68074975168918,44.89980864593199,44.412226380619245,44.7938117980957,2395100
2011-05-10,44.779684338567414,45.15420460458778,44.56062811237944,45.125938415527344,2998800
2011-05-11,45.06232990632101,45.28845127711345,44.532351120259605,44.69487762451172,2116700
2011-05-12,44.68075841833716,45.16833808261306,44.12251327659295,45.118873596191406,2800000
2011-05-13,45.04114094756414,45.14006991015716,43.93878387378747,44.04478073120117,4071800
2011-05-16,44.179035597787056,44.59595238526356,44.08717184580431,44.47582244873047,2381900
2011-05-17,44.355710447327716,44.539435318804784,43.90346212158788,44.21438217163086,2874600
2011-05-18,44.14371285428448,44.54649662831475,43.903455629809216,44.51823043823242,2156600
2011-05-19,44.51822870752459,44.51822870752459,44.05891257118623,44.383968353271484,2032400
2011-05-20,44.263831664664096,44.59595259566825,43.93877862763674,43.988243103027344,2348700
2011-05-23,43.62786438372075,43.811589216948306,43.37347407955021,43.415870666503906,2418000
2011-05-24,43.54306929631062,43.57840068679793,43.1049541239209,43.11908721923828,2906800
2011-05-25,42.92123374295328,43.49360933700844,42.65977549578941,43.43001174926758,3693500
2011-05-26,43.28867306046726,43.641992308316894,42.8788241346799,43.25334167480469,3323500
2011-05-27,43.31694693543571,43.67026624599492,43.2392162558147,43.472408294677734,2150900
2011-05-31,43.77626594876618,43.938792518661806,43.62787247568051,43.86812973022461,4210800
2011-06-01,43.5995884146931,43.98823898305158,43.22506824174127,43.24626922607422,3871400
2011-06-02,43.19681963958046,43.35934619887331,42.97069549659803,43.23215103149414,2864700
2011-06-03,42.85763342510682,43.64200002979514,42.81523413744296,43.23215103149414,2588900
2011-06-06,43.35227727244893,43.55720311453365,43.02722416159118,43.14735412597656,2816100
2011-06-07,43.281604405735514,43.5854591502737,43.218006838376084,43.26747131347656,2486700
2011-06-08,43.24614108647784,43.36707815981113,42.990035856143734,43.17499923706055,3064700
2011-06-09,43.29593663758,43.63740935460782,42.990033486408095,43.45244598388672,2738200
2011-06-10,43.01137647053266,43.01137647053266,41.76642261735334,42.12212371826172,6980200
2011-06-13,42.05809188755808,42.200372851990785,41.74507593683306,41.80198669433594,3284500
2011-06-14,42.09366252701715,42.10077806800183,41.53165690949601,41.72373580932617,3559000
2011-06-15,41.45339757008223,41.46762593666448,40.89850484229156,40.93407440185547,4285000
2011-06-16,40.934088586290905,41.31824647577939,40.80603595646141,41.09059524536133,3136500
2011-06-17,41.32533884999098,41.40359349768496,41.04077698815523,41.20439910888672,6382800
2011-06-20,40.955413818359375,41.15460551430392,40.6139411765473,40.955413818359375,3732700
2011-06-21,40.98387364898884,41.460511732831776,40.81313595828205,41.318233489990234,3581700
2011-06-22,41.161722758050786,41.43916912139642,40.756223809502025,40.777565002441406,3890200
2011-06-23,40.4787863166555,40.74911719907255,39.92389075458129,40.66374969482422,5296100
2011-06-24,40.564150088998794,40.635289217030255,40.03059848741148,40.32227325439453,4458000
2011-06-27,40.428989723857086,40.941197480160696,40.31516276269615,40.70643615722656,3293400
2011-06-28,40.75623306202387,41.0123382905714,40.64240881753431,40.94119644165039,2763000
2011-06-29,40.91986385367013,41.75220330779515,40.86295036255836,41.66683578491211,3988700
2011-06-30,41.71662536876446,41.73796656676026,41.44629176775334,41.53166198730469,3600900
2011-07-01,41.624136715339105,42.16480384454606,41.581454325095834,42.05097961425781,3635000
2011-07-05,42.02965160182234,42.328439282375456,41.58858019655169,41.63837814331055,3012000
2011-07-06,41.65970479348168,41.98694908335533,41.417827989274315,41.695274353027344,2750700
2011-07-07,41.97982511092141,42.228817405294265,41.66680925049647,41.901573181152344,2883400
2011-07-08,41.709505210783945,41.780644334124204,41.31823460484531,41.7308464050293,2982600
2011-07-11,41.46763902363945,41.79488341695761,41.33958639776986,41.43918228149414,3544600
2011-07-12,41.510319406597304,41.98696031613207,41.44629309677276,41.49609375,3012200
2011-07-13,41.609920051991594,42.00830358718946,41.474751883591495,41.5956916809082,2944600
2011-07-14,41.75217426149644,41.851772801652984,41.02654403733804,41.06922912597656,3301400
2011-07-15,41.360924373567414,41.481864161366055,40.97676652590221,41.190189361572266,2949400
2011-07-18,40.919840829194,40.93406919396603,40.10172749439233,40.208438873291016,4288400
2011-07-19,40.428968900229954,40.720643553512566,40.33648589881369,40.57124710083008,3555600
2011-07-20,40.706441296659925,40.784695985446135,40.336511767533416,40.59261703491211,3026700
2011-07-21,40.407639299558525,41.126156950276304,40.15153410578917,41.04078674316406,5149900
2011-07-22,41.19017665035746,41.29688532147829,40.798903381564635,40.962528228759766,3543500
2011-07-25,40.45743663971439,40.578376407799894,40.12307949831393,40.30093002319336,5945400
2011-07-26,40.25824856139945,40.67086040527074,40.05905682392944,40.40764236450195,3243300
2011-07-27,40.37207037929968,40.37207037929968,39.98791258253217,40.03059768676758,4410400
2011-07-28,40.05905531144802,40.17287954481671,39.41167947532911,39.482818603515625,3110600
2011-07-29,39.184023490826746,39.539724491082836,39.04174254796766,39.2195930480957,4674700
2011-08-01,39.198259779981896,39.53973522102357,38.671823676461976,38.849674224853516,4591200
2011-08-02,38.50108427781452,39.176916875002014,38.50108427781452,38.529541015625,4626800
2011-08-03,38.47974443378476,38.59356867524333,37.88927931549191,38.572227478027344,5000400
2011-08-04,38.01021414068295,38.45839822024769,37.78967851434203,37.92484664916992,9079800
2011-08-05,38.42282107746895,38.52241963769891,37.04981770516124,37.39840316772461,10504000
2011-08-08,36.68702048874026,37.07117842492653,34.53858497728726,34.55992889404297,9929300
2011-08-09,35.24996949832679,36.772369384765625,34.53145465320893,36.772369384765625,9128900
2011-08-10,35.32823368042463,36.267284381595125,34.81602322022833,34.88716506958008,11452400
2011-08-11,34.794679135457145,37.014253089179896,34.787566308004145,36.558956146240234,8143600
2011-08-12,36.359764551177626,36.93599855950852,36.03963303889165,36.373992919921875,4776200
2011-08-15,36.452250337947525,37.184993743896484,36.4237935983147,37.184993743896484,3871200
2011-08-16,36.80082154493474,37.3628297214266,36.665656155080235,36.97867202758789,4829000
2011-08-17,37.29881504037298,37.40552644866909,36.907544399593625,37.13519287109375,2389600
2011-08-18,36.05386284050192,36.30285251896209,35.185951309096836,35.42071533203125,5967200
2011-08-19,35.33534120876893,36.018289291194776,35.13614948802754,35.18594741821289,4677700
2011-08-22,35.92579275926643,35.93290558357024,34.85869000404069,34.94405746459961,3396800
2011-08-23,34.97253109582784,35.16461001027732,34.49589293735923,35.107696533203125,6418100
2011-08-24,34.8089076318312,35.50608141748786,34.58125915952632,35.221519470214844,5092100
2011-08-25,35.228642410324504,35.406492986277,33.941003263466044,34.14019775390625,12810000
2011-08-26,33.9125525558943,34.55993137281745,33.165580546701705,34.36073684692383,11151700
2011-08-29,35.41360708504108,36.24594922151114,35.22864367348358,36.103668212890625,11147200
2011-08-30,35.84756558528199,35.97561823111086,35.456294818042544,35.719512939453125,4167000
2011-08-31,35.840428126918205,36.26015535231281,35.61277973827532,35.8973388671875,4772200
2011-09-01,35.85468112881955,36.08944250364933,35.62703258374261,35.719512939453125,4709000
2011-09-02,35.207291351560215,35.32111557974759,34.76622009277344,34.76622009277344,4410100
2011-09-06,33.85562461451934,34.59548341851087,33.85562461451934,34.52434158325195,4837800
2011-09-07,35.03374349138285,36.03819073412016,34.940472471453084,36.0310173034668,4903400
2011-09-08,35.744032738671045,35.89469942266264,35.27050691976448,35.39965057373047,3483200
2011-09-09,35.11984277390931,35.14854197395501,34.359330394136414,34.5386962890625,4557900
2011-09-12,34.022115960179036,35.127010345458984,33.92884768094938,35.127010345458984,4924400
2011-09-13,35.29920531470845,35.29920531470845,34.69653585554614,35.11266326904297,4190500
2011-09-14,35.177235094557005,35.43552239661316,34.61044100049612,35.11266326904297,4380900
2011-09-15,35.29202475596035,35.75837707519531,34.99786486230767,35.75837707519531,4261200
2011-09-16,35.808581579916876,36.375378059948055,35.71531061483347,36.31080627441406,5878900
2011-09-19,35.91621614521352,36.038183600519815,35.51443568550567,35.801422119140625,4255300
2011-09-20,36.79869845519742,36.97806430525756,36.12428110735163,36.174503326416016,6444200
2011-09-21,36.10275597787265,36.167327789608684,34.56738482871064,34.57455825805664,6019400
2011-09-22,33.55577026241548,34.53152111961109,33.519897632616924,33.99342346191406,8178600
2011-09-23,33.7351433055038,34.03647674402953,33.46250633476138,33.806888580322266,4492300
2011-09-26,34.093858768438444,34.696528092763316,33.82122192872099,34.68217849731445,3979200
2011-09-27,35.52878881424106,36.1960300124303,35.105485287829666,35.32789993286133,4967000
2011-09-28,35.54313410173575,35.815768197152025,34.55303393786626,34.56020736694336,3735000
2011-09-29,35.335077693079235,35.86600189209717,34.97634593985,35.650760650634766,4147100
2011-09-30,35.32792134249836,35.6866532691663,34.962013244628906,34.962013244628906,3758300
2011-10-03,34.739571733623,35.16287519084661,33.55575892867599,33.5772819519043,4242400
2011-10-04,33.17552911611148,34.58893101769589,32.98181355117296,34.495662689208984,5400000
2011-10-05,34.32345149551883,35.62206132296081,33.849925728849826,35.56466293334961,5625200
2011-10-06,35.39248217353379,36.03819779824243,34.92612971937766,36.009498596191406,4374700
2011-10-07,36.27495225681032,36.35387093565493,35.12700911873253,35.15570831298828,4120900
2011-10-10,35.87317153940134,36.66238021850586,35.80142629108486,36.66238021850586,2998200
2011-10-11,36.612156438467686,36.71260087659646,36.09558465139031,36.174503326416016,2324600
2011-10-12,36.461495863233175,37.27223040707319,36.37540100717685,36.90632247924805,3965600
2011-10-13,36.468678056122535,36.54759675735049,35.851658889150585,36.196041107177734,2943900
2011-10-14,36.79870094628184,36.827400141091616,36.124283552781435,36.78435134887695,2507100
2011-10-17,36.375416163172666,36.425638411539715,35.57185745239258,35.57185745239258,3201000
2011-10-18,35.91622604946374,37.143088054606714,35.52879507829031,36.92067337036133,4891700
2011-10-19,37.47311757117748,39.52506358045663,37.308101297712476,39.0228385925293,7931300
2011-10-20,38.8506530176554,39.288303491931394,38.30537917729815,39.123287200927734,6868900
2011-10-21,39.57528242091264,41.14652633666992,39.424615758491896,41.14652633666992,7400600
2011-10-24,41.01021175452378,41.61288117760673,40.90259113947449,41.34024429321289,4645000
2011-10-25,40.959991703465164,41.18240637580927,40.27840082477743,40.42189407348633,5459800
2011-10-26,41.08913031805271,41.397639807051235,40.665826791536524,41.254146575927734,4729100
2011-10-27,42.17969816871188,42.78236788033067,41.62725070498572,42.61735153198242,5039500
2011-10-28,42.58863354040892,42.77517284504242,42.34469584240755,42.67472839355469,3593500
2011-10-31,42.26577899947581,42.394922661640194,41.84965155009552,41.86399841308594,4195500
2011-11-01,41.14653443613747,41.7779031408704,40.43624703810595,40.48646926879883,6066800
2011-11-02,40.931297441226846,41.433522503805776,40.823679544399766,41.404823303222656,4061500
2011-11-03,41.69897928601711,42.08641024618273,41.333074092687006,42.029014587402344,4292200
2011-11-04,41.49809459796695,42.014669264090166,41.340251730672314,41.71333312988281,2991600
2011-11-07,41.48374602467363,42.057716369628906,41.29003052008125,42.057716369628906,2383900
2011-11-08,42.150978780382516,42.48818748643548,41.87834189598,42.35186767578125,4332200
2011-11-09,41.47656900083135,41.63440912145832,40.72323008035456,40.8380241394043,4911900
2011-11-10,41.10348035048822,41.32589226102642,40.816493885199606,41.1895751953125,3390900
2011-11-11,41.60570002178017,42.02182733309831,41.53395204610089,41.921382904052734,3243200
2011-11-14,41.727667956023325,41.95008257783447,41.16804742380195,41.275665283203125,3466200
2011-11-15,41.01739132243449,41.426348078670735,40.96716909107162,41.10348892211914,3493300
2011-11-16,40.47211629999854,41.09630878444028,40.25687779538822,40.42189407348633,4733800
2011-11-17,40.39319161773848,40.74474991186886,39.7546495862481,39.98423767089844,3952100
2011-11-18,40.19948415160529,40.49364411461235,39.77618052318962,40.3358039855957,3169200
2011-11-21,39.9196681989224,40.10621023923849,39.223727736884534,39.288299560546875,4409800
2011-11-22,39.1950216845808,39.288289945006056,38.64257460332312,38.69997024536133,5010400
2011-11-23,38.40582559580381,38.60671726470986,37.85337829589844,37.85337829589844,5180600
2011-11-25,37.72423927168863,38.69281408493787,37.67401429924508,38.319732666015625,2186700
2011-11-28,39.05870755327544,39.05870755327544,38.606707569782664,38.9008674621582,4043300
2011-11-29,38.92956811664928,38.951093882640826,38.59953556510996,38.793251037597656,3400800
2011-11-30,40.07033997986311,40.40754873938083,39.82640225238555,40.35732650756836,6879000
2011-12-01,40.35014583975826,40.45059028536991,39.35286934012838,39.48918914794922,5264800
2011-12-02,39.90532766931469,39.941200304633504,38.865004823628965,38.91522979736328,5609900
2011-12-05,39.352871828715045,39.62550872469179,39.008489677594646,39.22372817993164,4849000
2011-12-06,39.03718284299616,40.0344565147023,38.94391183619537,39.71159744262695,7733100
2011-12-07,39.581499203388454,40.55730483080434,39.55981555300063,40.405513763427734,6515000
2011-12-08,40.17421606466912,40.51393856766773,40.07301925294127,40.1380729675293,6619800
2011-12-09,40.30431058904062,40.62957908008741,40.19588959691201,40.492244720458984,5526500
2011-12-12,40.09470458225371,40.434427076097776,40.007964460252964,40.35491943359375,4411500
2011-12-13,40.57898373762093,41.08495666039371,40.17420760526719,40.42719268798828,4828400
2011-12-14,40.31153639772713,40.853649577754666,40.31153639772713,40.45610046386719,4366600
2011-12-15,40.96208520033973,41.323494116202255,40.74524040228845,41.06328201293945,4527800
2011-12-16,41.294582674430565,41.59816483417782,41.164475246729985,41.40300369262695,7388900
2011-12-19,41.540344259591556,41.7210487287809,40.9042637559923,40.99100112915039,4032600
2011-12-20,41.63430831617469,42.169194754576516,41.50420087865347,42.0318603515625,3908200
2011-12-21,42.21254534331696,42.841395829640135,42.096894647472126,42.71128845214844,2945200
2011-12-22,42.8197391443556,43.13054834478766,42.523383877340244,42.78359603881836,3069100
2011-12-23,43.014889332919346,43.116086148766094,42.68962350407147,42.89923858642578,1862000
2011-12-27,42.93538212923158,43.28956133769988,42.81250165881204,43.02934646606445,1776700
2011-12-28,43.043790951026864,43.123301334521734,42.51613439195153,42.545047760009766,1720200
2011-12-29,42.75466388638022,43.23895037460988,42.682380469034456,43.13775634765625,1579100
2011-12-30,42.94981984537643,43.137753962754914,42.761888485328235,42.76911544799805,1638000
2012-01-03,43.44857798334788,43.6003690581357,42.63179310511222,42.63902282714844,3522500
2012-01-04,42.53058790482031,42.6968356227636,42.02461503084967,42.46553421020508,3934500
2012-01-05,42.1836429915124,42.906460718557284,41.98125491028569,42.8847770690918,4748600
2012-01-06,43.058259396853664,43.17391014334722,42.72576384535109,42.89923858642578,2033400
2012-01-09,43.23896755899312,43.282337626637066,42.89201528983616,43.14500045776367,1930100
2012-01-10,43.53531229340739,43.57145262906083,43.21004375786469,43.44134521484375,2362800
2012-01-11,43.30402567272905,43.40521975016092,43.173918213936126,43.29679870605469,1777700
2012-01-12,43.40519934664703,43.63650077414379,43.079930852563926,43.22449493408203,2389200
2012-01-13,42.84142322133838,42.97875764879655,42.501697878750655,42.91370391845703,2089400
2012-01-17,43.26788093742242,43.593149551423174,43.02934970137802,43.14500045776367,2196200
2012-01-18,43.007656114687805,43.36906498960115,42.92091875676125,43.289554595947266,2287300
2012-01-19,43.35461692118056,43.694342213471074,43.28956320047241,43.58591842651367,2574600
2012-01-20,43.557014619532715,44.54004761186004,43.369083139155805,44.51836395263672,3968100
2012-01-23,44.48221190297429,44.532808932743414,43.49194944644998,43.57868957519531,3535100
2012-01-24,43.26064712791613,43.29679022620458,41.865608459785136,41.92343521118164,6661000
2012-01-25,41.88727616311062,42.79079807017802,41.52586740028366,42.75465774536133,6011900
2012-01-26,42.79081795789717,43.15222688869473,42.40049565087629,42.42940902709961,4054200
2012-01-27,42.17641662226074,42.34266713914553,41.489741932856774,41.959571838378906,3563100
2012-01-30,41.69212548287562,42.1547283733231,41.46082403765187,42.00293731689453,2582700
2012-01-31,42.27761118430783,42.49445595668033,41.945112925517044,42.14027404785156,3221500
2012-02-01,42.32097058407732,43.058244878377195,42.29205721787018,42.841400146484375,3682800
2012-02-02,42.711305381011506,42.94983382940164,42.602881604350685,42.92815017700195,2601500
2012-02-03,43.06548720345993,43.46303645451077,42.98597680178353,43.455806732177734,3329300
2012-02-06,42.711299601375465,43.21004284039735,42.711299601375465,42.8847770690918,1886400
2012-02-07,42.64625069354502,43.36906850191019,42.64625069354502,43.18113708496094,2186800
2012-02-08,43.12330861988866,43.28955637831403,42.79804006760815,43.260643005371094,2603500
2012-02-09,43.29678431755084,43.57145307720673,42.97151577866265,43.289554595947266,2041000
2012-02-10,42.94982812456879,43.11607862865471,42.6245623524523,42.92091751098633,1859600
2012-02-13,43.144993076441175,43.34738393348933,42.494458717065775,42.63902282714844,2568200
2012-02-14,42.3498883653265,42.78357787432495,42.30651831149439,42.76189422607422,2382300
2012-02-15,42.80527607649413,43.10885826499029,42.667938913509424,42.855873107910156,2868700
2012-02-16,42.942603153673225,43.15944793092594,42.67516135363925,42.96428680419922,2795400
2012-02-17,43.13776530636013,43.369066775241606,42.98597423440622,43.260643005371094,2709900
2012-02-21,43.332916342684285,43.36182970889143,42.63178237747816,42.841400146484375,2559600
2012-02-22,42.88477597839511,43.23172814767286,42.51613740287262,42.602874755859375,2909100
2012-02-23,42.55952371232015,43.00767009079316,42.357132801613155,42.617347717285156,2795100
2012-02-24,42.63179971934924,42.85587426260864,42.21979373395695,42.35712814331055,2163500
2012-02-27,42.18365339016194,42.530605653790644,41.865611747170355,42.35712814331055,2292100
2012-02-28,42.400493984437965,42.51614472745458,42.12582243577428,42.212562561035156,1928900
2012-02-29,42.21255668814386,42.422171735033245,41.55479266174972,41.9017448425293,4448500
2012-03-01,41.91620353114075,42.537824494744896,41.82946341380263,42.227012634277344,2952300
2012-03-02,41.67767132372588,41.98125621231228,41.533107222367164,41.93065643310547,2206100
2012-03-05,41.865600222287874,42.37157316812668,41.52587777533684,42.28483581542969,3226000
2012-03-06,41.95234030274142,42.046304619209124,41.07050181939631,41.193382263183594,3700000
2012-03-07,41.22250044299563,41.52828518837497,40.6691795009771,41.40451431274414,3445400
2012-03-08,41.462772833662484,41.69575043639453,41.12786787689918,41.57197952270508,2327500
2012-03-09,41.73215388390188,41.950570045672976,41.571980735857395,41.94329071044922,2466200
2012-03-12,41.92144992746576,42.12530464147716,41.86320413642697,41.94329071044922,2694500
2012-03-13,42.183531739002426,42.56940301576147,41.855909008616685,42.525718688964844,3491200
2012-03-14,42.467482969661916,43.07904698567668,42.307309854622844,42.91887664794922,3681900
2012-03-15,42.838788548298595,43.217377766473106,42.72957910519212,43.01352310180664,2585500
2012-03-16,43.45035361457517,43.66876971490574,43.01352141391404,43.100887298583984,6617700
2012-03-19,43.14456801238448,43.362986885774575,42.96983624644603,43.042640686035156,2614000
2012-03-20,42.758698006381465,43.31202172646617,42.70773434496724,43.07176208496094,3048800
2012-03-21,42.81694870666181,42.96983970850415,42.46748236931723,42.59852981567383,4030100
2012-03-22,42.48932069520673,42.5184435826325,42.1908180423711,42.205379486083984,2940500
2012-03-23,42.34369892738757,42.489310552445595,42.198087302329554,42.37282180786133,2986500
2012-03-26,42.72229741802907,43.006238621688894,42.54028354108699,42.846065521240234,3267800
2012-03-27,42.87518567248037,42.9771129926947,42.56212160192995,42.576683044433594,3630700
2012-03-28,42.58396806900714,42.89702938367391,42.5766859586013,42.78782272338867,5539700
2012-03-29,42.56940450425299,42.77325914847634,42.50387940042244,42.70045471191406,2155800
2012-03-30,42.991677859763,43.239216847420685,42.685895874762494,43.100887298583984,2624200
2012-04-02,43.1372879798655,43.501315726531026,42.7222965708517,43.195533752441406,2466700
2012-04-03,43.19554272991184,43.34843374873249,42.86791713435911,43.15913772583008,2843500
2012-04-04,42.83151058436219,43.275622149827115,42.65677602526706,43.11545181274414,2715200
2012-04-05,43.02808645658968,43.26106403510871,42.78054743224924,42.867916107177734,2930900
2012-04-09,42.30003214035589,42.56941473043309,42.16898190121344,42.26362991333008,3438000
2012-04-10,42.234512693734004,42.416526630623125,42.04521942138672,42.04521942138672,3360200
2012-04-11,42.45292805379472,42.45292805379472,42.19082756244441,42.35099792480469,2059300
2012-04-12,42.431067160685046,43.079036012197044,42.190810326638434,43.028072357177734,2338200
2012-04-13,43.0135336923039,43.05721525845226,42.307318748242096,42.314598083496094,2830400
2012-04-16,42.54756125063042,43.21009162632649,42.54756125063042,43.07176208496094,2499100
2012-04-17,43.61781012810412,44.39682938440258,43.4357962312622,43.676055908203125,3800700
2012-04-18,43.68333099845898,43.814381213639265,43.24649879939894,43.297462463378906,2308600
2012-04-19,44.52059435816852,45.4597838302238,44.41866425654978,44.921024322509766,6155000
2012-04-20,45.07391153845196,45.794687635820935,44.971984222670926,45.68547821044922,4829100
2012-04-23,45.001107747747085,45.87477205392762,44.89917765320233,45.80196762084961,4162000
2012-04-24,45.74371973837668,46.30431992321562,45.55442378891791,46.13686752319336,3794700
2012-04-25,46.311614730620725,46.551871621813504,46.12960084017012,46.43538284301758,3704600
2012-04-26,46.61011298045393,47.19255963122516,46.253367323033586,47.15615463256836,3798600
2012-04-27,47.1415845760847,47.1415845760847,46.48633364093682,46.60282516479492,3357300
2012-04-30,46.559160979852216,47.11976418297766,46.41354928936436,46.82854080200195,3328000
2012-05-01,47.148882156566444,47.31633183378296,46.937745366256706,47.03239059448242,3640800
2012-05-02,47.010543573711224,47.19255744933418,46.7338844824285,47.13431167602539,2271800
2012-05-03,47.141597747802734,47.520184196878326,47.02510619139601,47.141597747802734,2966400
2012-05-04,47.19984678286778,47.19984678286778,46.53731350799077,46.95958709716797,2913700
2012-05-07,46.8139771023706,47.19984567998663,46.39170352306033,47.025108337402344,2325600
2012-05-08,46.90133830635267,47.272648200922625,46.57371552295887,46.87949752807617,3053300
2012-05-09,46.49361856308418,46.82852338250839,46.304322602671576,46.53730010986328,2630700
2012-05-10,46.75571861483055,47.192550743327764,46.74115439626157,47.061500549316406,2503200
2012-05-11,46.65380063328793,47.21440095862237,46.4281024146191,47.04695129394531,2475600
2012-05-14,46.74845587731299,47.32362054744453,46.70477431274893,46.94503402709961,4314700
2012-05-15,46.98870654406654,47.17072043420255,46.56643298584145,46.70476531982422,2644000
2012-05-16,46.79941088626693,47.0178297778813,46.311614990234375,46.311614990234375,2337600
2012-05-17,46.40625672191901,46.5373041509468,45.61995548388503,45.649078369140625,4241700
2012-05-18,45.88933476928098,45.88933476928098,45.168561418951874,45.27048873901367,3051900
2012-05-21,45.365137181176536,45.78740790813792,45.16856187166804,45.649078369140625,2253300
2012-05-22,45.59812444148612,46.00583381284498,45.30690108139111,45.736454010009766,2535700
2012-05-23,45.37241686420222,46.02038579093134,45.27776887504625,45.95486068725586,1978600
2012-05-24,45.94758966793137,46.06407845361864,45.503475304588704,46.00583267211914,1849500
2012-05-25,45.90390425650416,46.115041043526375,45.45251056970386,45.57627868652344,2522500
2012-05-29,45.93301563286967,46.03494294524502,45.649074469163764,45.78012466430664,2874600
2012-05-30,45.51073878549801,45.51073878549801,45.05934524536133,45.05934524536133,2928700
2012-05-31,45.07392315568501,45.85294244400648,45.05936171006169,45.49619674682617,3731500
2012-06-01,45.03024196298815,45.2996245598613,44.076490815215976,44.105613708496094,3943100
2012-06-04,44.26577342909889,44.45506941261667,43.83622057703784,43.959991455078125,2733500
2012-06-05,43.741583241656684,44.32402718564236,43.741583241656684,44.26578140258789,2782300
2012-06-06,44.77930096554861,45.21946334838867,44.46385023173569,45.21946334838867,2551800
2012-06-07,45.35150924215917,45.894378752445014,45.23413242891952,45.41753387451172,3016900
2012-06-08,45.34417330224203,45.60826902668338,45.285483497821346,45.58626174926758,1920700
2012-06-11,46.158495266969574,46.158495266969574,45.10944110043412,45.16079330444336,3265700
2012-06-12,45.22681250170195,45.43955612182617,45.014066083092835,45.43955612182617,2200000
2012-06-13,45.23413765326561,45.505571040515925,45.04340135915347,45.226802825927734,2168200
2012-06-14,45.234127388758836,46.43724029003073,45.226792563085375,46.30519104003906,2971500
2012-06-15,46.58396133060443,46.64265112909623,46.10711651255125,46.51793670654297,4112200
2012-06-18,46.400573456602025,46.7233590471066,46.17315461876745,46.268524169921875,1684600
2012-06-19,46.48859337214007,46.78937160332592,46.41523392003961,46.54728317260742,1747100
2012-06-20,46.50328212829413,47.03147932377385,46.48860967303251,46.84074020385742,1651600
2012-06-21,46.92142002691799,47.031462001608254,45.85035637366526,45.9090461730957,2173600
2012-06-22,46.019087952115655,46.760031320172274,45.9897430507407,46.47392272949219,3877900
2012-06-25,46.12179549563698,46.15114039903978,45.53491142000104,45.59360122680664,2037900
2012-06-26,45.71097804193383,45.77700267534812,45.39552732656375,45.59360122680664,1988800
2012-06-27,45.73298872042673,46.22450329578899,45.57893216383416,46.09245681762695,1801300
2012-06-28,45.85036341289471,46.15114168494394,45.37351851400697,46.10712432861328,2309900
2012-06-29,46.70868626821729,46.96544721359534,46.547294873330124,46.83340072631836,1953800
2012-07-02,47.009465655203,47.06815546827813,46.635325093059826,46.892086029052734,2291000
2012-07-03,46.760039534155,47.07548748465475,46.72335700175065,47.046142578125,1191900
2012-07-05,46.87741793233224,47.20020072103653,46.738031020888165,46.92143249511719,2014300
2012-07-06,46.59864850017745,46.79672243493099,46.158483267896955,46.40790939331055,1863300
2012-07-09,46.28319662382905,46.58397493271508,46.20983715277761,46.268524169921875,1832000
2012-07-10,46.393222077866014,46.73068000188788,45.89437001692784,46.371212005615234,2437000
2012-07-11,46.3638967462441,46.451928676946665,45.68897781489882,45.872379302978516,2434700
2012-07-12,45.50557426661419,45.85036994410893,45.190123497519956,45.65963363647461,2270400
2012-07-13,45.688975258004874,46.31254196166992,45.54959114231912,46.31254196166992,2062500
2012-07-16,46.31986668978094,46.31986668978094,45.82101455501331,45.88703918457031,1656600
2012-07-17,46.055774701232686,46.46659498766405,45.57893257436774,46.44458770751953,2210900
2012-07-18,46.22449660072698,47.06080949785155,46.22449660072698,46.950767517089844,3167000
2012-07-19,47.332272774604135,47.40563787716162,46.29789087280748,46.72338104248047,3404600
2012-07-20,46.42990626167931,46.55461788965547,45.74031510021775,46.00441360473633,2755600
2012-07-23,45.410200608777814,45.4322078874904,44.92602088771243,45.292823791503906,2867800
2012-07-24,45.24881125371045,45.24881125371045,44.47118800741656,44.66926193237305,2794300
2012-07-25,44.8746555175749,45.10941189625797,44.69859173166687,44.73527145385742,3463500
2012-07-26,45.32216800969358,45.95306948138241,45.16811145455585,45.19745635986328,2718100
2012-07-27,45.54225340620134,46.42257820471279,45.26348239414776,46.01176071166992,2805900
2012-07-30,46.09244387628418,46.69400027944784,45.96772946180792,46.371212005615234,2648000
2012-07-31,46.21716434714,46.5619599608002,45.81368172602843,45.96040344238281,3354000
2012-08-01,46.349211096374354,46.87007050260262,46.290521293624444,46.47392272949219,3245700
2012-08-02,46.048436194021534,46.39323181398051,45.81368256295959,46.121795654296875,2202100
2012-08-03,46.701345934337326,47.002124205668046,46.62798647244558,46.7380256652832,2713600
2012-08-06,46.870077639431294,47.02413419738201,46.58397180367017,46.5986442565918,1533300
2012-08-07,46.627988586361575,46.892084340235314,46.334545128522905,46.48860168457031,1953200
2012-08-08,46.29053519139999,47.00213387172443,46.25385545291088,46.811397552490234,1934000
2012-08-09,46.782043311317814,47.11216648884394,46.767370859151754,46.87007522583008,1660200
2012-08-10,46.738022300377956,47.02412809903531,46.510606305795896,46.93609619140625,1941100
2012-08-13,46.81874072489441,46.93611758806944,46.64267682937444,46.752716064453125,1406200
2012-08-14,46.78939090342617,46.994799692823264,46.532629916679795,46.61332702636719,1409900
2012-08-15,46.598646925508696,47.126841268518156,46.51794982905997,46.76737594604492,1321700
2012-08-16,46.80404172070945,47.05346776329673,46.59863302627884,46.97277069091797,1267600
2012-08-17,47.266228926615725,47.82377098444031,47.20753911064073,47.77975082397461,3158500
2012-08-20,47.66970418750873,48.16121869766283,47.54498695607822,48.15388107299805,3447200
2012-08-21,48.146549124664155,48.21257656049623,47.64036490247061,47.853111267089844,3425000
2012-08-22,47.80908332925599,48.161216536786085,47.66236442434947,48.01449203491211,2133900
2012-08-23,47.963138109512144,48.051172807426326,47.361581666183355,47.53765106201172,2192800
2012-08-24,47.52298750908883,48.12454410045824,47.44229041538342,47.97782516479492,1711900
2012-08-27,48.03652462694729,48.109884109514674,47.574349252530254,47.81644058227539,1845800
2012-08-28,47.684365670640766,47.867767077066304,47.5156339140639,47.566986083984375,1813100
2012-08-29,47.66236268633138,47.74305976017756,47.2368700418637,47.53765106201172,1659000
2012-08-30,47.302894413801816,47.48629582490268,47.06080320787661,47.31022644042969,1381200
2012-08-31,47.61102052155506,47.91179600797102,47.346921969255554,47.4936408996582,1839100
2012-09-04,47.50832281470847,47.65504176569088,47.12684458700346,47.4202880859375,1821100
2012-09-05,47.36892543900254,47.589009413872496,47.20753127036029,47.33958053588867,2288800
2012-09-06,47.745962786681545,48.47005498026571,47.635130738273155,48.27794647216797,2504600
2012-09-07,48.32228002444992,48.40355647968311,48.03412009667837,48.18189239501953,2169700
2012-09-10,48.1597278347134,48.44788776679738,48.02673050935526,48.25577926635742,2029300
2012-09-11,48.32228734768359,49.489707847817364,48.32228734768359,49.46753692626953,3517900
2012-09-12,49.556194183096366,50.41328926277669,49.51186362282035,49.903465270996094,3113600
2012-09-13,49.829571265265216,50.701441181801435,49.800015684025766,50.575828552246094,2475000
2012-09-14,50.58323873900856,50.97484047933983,50.46502200473541,50.671905517578125,2631500
2012-09-17,50.65712419397356,50.80490215618903,50.52412684655607,50.598018646240234,1899700
2012-09-18,50.53152343980947,50.612799919850126,50.154696635725834,50.58324432373047,1689300
2012-09-19,50.79012836058979,50.86401453304122,50.413307189941406,50.413307189941406,2270200
2012-09-20,50.18422696583716,50.7753273163247,50.1694519937928,50.575828552246094,2169400
2012-09-21,50.51674859803817,50.96007126673438,50.42069150109905,50.69407653808594,3696700
2012-09-24,50.63495688660604,50.827065411237044,50.38374281660234,50.553680419921875,2092400
2012-09-25,50.797511848790045,51.15955799120044,50.56107274639815,50.598018646240234,2097100
2012-09-26,50.5684694279259,50.731022388276195,49.96259379935432,50.080810546875,2034000
2012-09-27,50.43544788401786,50.62755071128535,50.09556714675515,50.54627990722656,2031900
2012-09-28,50.30246941614479,50.642350280654185,49.999528815100966,50.43546676635742,1989000
2012-10-01,50.804917201629365,51.34429142127651,50.731031017217305,51.033966064453125,2000700
2012-10-02,50.59063290069274,50.945288767684126,50.524131402411,50.76057052612305,2070000
2012-10-03,50.79011756993979,51.026556653843706,50.59801468981014,50.98961639404297,1891800
2012-10-04,51.189105987548835,51.721095298275415,50.99699748375267,51.18910598754883,2155800
2012-10-05,51.63982933159219,51.654609947199674,51.18172607936414,51.395999908447266,2117300
2012-10-08,51.1817191329901,51.46249441989378,51.12261359004147,51.38121795654297,1003700
2012-10-09,51.37384017849301,51.43295137300973,50.982238379838854,51.21867752075195,1894400
2012-10-10,51.299940093436,51.558544452881286,51.10044691247885,51.277774810791016,1609100
2012-10-11,51.53638088062359,51.54377118746794,51.02655681425983,51.10044860839844,1666000
2012-10-12,51.270411433075,51.270411433075,50.642370333939674,50.775367736816406,1901700
2012-10-15,50.87879259178865,51.58810995853652,50.79751611503234,51.56594467163086,1798500
2012-10-16,51.69892617035035,52.52646002578062,51.42554122902336,52.08313751220703,2981900
2012-10-17,52.34176864554244,52.74076080322265,52.10532947474911,52.740760803222656,2602000
2012-10-18,54.314551408542066,55.19380637405176,54.09288727163697,54.632266998291016,6328200
2012-10-19,54.62487759420756,54.861316713479866,53.959890809643824,54.314552307128906,4294800
2012-10-22,54.07810976967204,54.67659501937354,54.07810976967204,54.66920471191406,3239800
2012-10-23,54.14459301057222,54.395812671288645,53.95248452145397,54.21847915649414,3581000
2012-10-24,54.2702023949414,54.38103443724543,53.64955197748179,54.070709228515625,2672800
2012-10-25,54.314558242047404,54.35888882014454,53.07325132094266,53.28752517700195,2804500
2012-10-26,53.11017258098886,53.22839492980531,52.55601800450343,52.87373352050781,3056900
2012-10-31,52.134881670933034,52.681651797872334,51.72850486740986,52.41565704345703,3945500
2012-11-01,52.578185021955115,53.28750215077347,51.52159681569257,51.89103317260742,5292500
2012-11-02,52.00928326813921,52.05361385554305,50.78275670700743,51.44035339355469,5155100
2012-11-05,51.026572615659575,51.37384386190178,50.65713607917284,51.06351852416992,2704700
2012-11-06,51.18910247401669,52.08313781206359,51.15216221934465,51.84669876098633,2474600
2012-11-07,51.56593985704736,51.56593985704736,50.568462579351184,50.7679557800293,3332500
2012-11-08,50.76795351964234,51.40338463003307,50.708842337942606,50.98222732543945,3039500
2012-11-09,50.524105864062484,51.23342287666115,50.11033901600089,50.96743392944336,2747300
2012-11-12,51.23343698710924,51.24082729347446,50.139908405443755,50.561065673828125,1972800
2012-11-13,50.23597361147364,50.95268132227511,50.1620874390222,50.413307189941406,2266100
2012-11-14,50.55369033480897,51.011793633497234,50.162088538792524,50.29508590698242,2371000
2012-11-15,50.479793548583984,50.679286740353355,50.206408561123496,50.479793548583984,2315700
2012-11-16,50.546297267358774,50.79012103757818,50.07341343011291,50.72362518310547,3196800
2012-11-19,51.1299982596898,51.41077354659348,50.856618916739244,51.38121795654297,3027400
2012-11-20,51.42554923741978,51.55115626901503,51.04872250548154,51.45510482788086,1733000
2012-11-21,51.403364362976504,51.89102296399891,51.1152045122452,51.88363265991211,1577100
2012-11-23,51.913196984579585,52.6742349563667,51.85408581622784,52.659454345703125,856500
2012-11-26,52.319602399469815,52.64470836731174,52.06099794193846,52.35654830932617,1766300
2012-11-27,52.26787578578823,52.69642348972621,52.105322819663215,52.33437728881836,1876000
2012-11-28,52.171807944444005,52.45257757414759,51.57332279082362,52.43041229248047,2239500
2012-11-29,52.5338720496954,52.940254476813216,52.37870938765602,52.59298324584961,1498600
2012-11-30,52.76291855012101,52.770303220658604,52.14965266631562,52.32698059082031,2778300
2012-12-03,52.393488522579084,52.78509032099938,52.20137995909136,52.423038482666016,1807900
2012-12-04,52.51168574525462,52.68901362559673,52.105303480770935,52.112693786621094,1808400
2012-12-05,53.36140466311229,54.94259230475841,53.05846405168366,54.676597595214844,5874000
2012-12-06,54.840174710342176,54.840174710342176,54.193332231502275,54.38664245605469,2500600
2012-12-07,54.654296325646655,54.921954868209404,54.386637783083906,54.5650749206543,2303600
2012-12-10,54.51301804245628,54.81041698528233,54.40892926332912,54.52788543701172,2515800
2012-12-11,54.67660298912447,54.81786880264638,54.43124836745419,54.594818115234375,2004400
2012-12-12,54.750935452630266,55.13755577572336,54.46840957991837,54.50558090209961,2535600
2012-12-13,54.60224677613102,54.98886148315155,54.416373120899,54.44611358642578,1952500
2012-12-14,54.5278879998171,54.73607124026905,54.304843036524254,54.55019760131836,2068100
2012-12-17,54.83272310090915,55.390344013799755,54.7286343176293,55.15986251831055,2714300
2012-12-18,55.20449990823788,55.3829371075435,54.959145213932466,55.263980865478516,2773900
2012-12-19,55.375489848761774,55.39035724746242,54.57995071653373,54.594818115234375,3640600
2012-12-20,54.594795624868844,54.981410228380255,54.42378941197716,54.88475799560547,2431500
2012-12-21,54.624553793319365,54.698902125129905,54.07436933102444,54.14128112792969,4534100
2012-12-24,53.98515193881536,54.0818042101059,53.77697432531911,53.799278259277344,825900
2012-12-26,53.8810517113118,54.052052283688944,53.643133678829386,53.73234939575195,1630900
2012-12-27,53.73234399231702,53.85130583280184,52.86989333845308,53.39777374267578,2013000
2012-12-28,52.96656036376953,53.41265604527806,52.884775493711295,52.96656036376953,1559600
2012-12-31,52.79554502435645,53.41264113653,52.587367475920765,53.39777374267578,2128600
2013-01-02,54.342028753781086,54.342028753781086,53.90336957243349,54.17102813720703,2886500
2013-01-03,54.12642015487747,54.72121255237268,53.91823685971862,54.58738327026367,2124800
2013-01-04,54.646846791533534,55.15985982148335,54.5427580133427,55.063201904296875,2013300
2013-01-07,54.77327267758365,54.93684247737296,53.97773329240359,54.319740295410156,2207500
2013-01-08,54.26024101372276,54.56507086472967,54.16358308072889,54.41637420654297,1431200
2013-01-09,54.587367245675466,55.115247683359755,54.513018926866,54.9739875793457,1617100
2013-01-10,55.2490682789325,55.368030108338964,55.01858682497277,55.35315704345703,2358200
2013-01-11,55.3085858265063,55.66546587868798,55.23423747008978,55.65059280395508,1266600
2013-01-14,55.66546216125308,55.86620327741345,55.449847971353066,55.724937438964844,859300
2013-01-15,55.53161862134794,56.28998068757299,55.39778935408303,56.1784553527832,1803100
2013-01-16,56.118968489263374,56.44610221862955,55.843873476638805,56.17101287841797,1238300
2013-01-17,56.22307770827185,56.59482510093387,55.97772306773532,56.43125534057617,1524200
2013-01-18,56.572510423974954,57.003738722206926,56.46842161714855,56.736080169677734,2672100
2013-01-22,59.107821284631534,59.47956858830846,57.81414225611166,57.95540237426758,4917500
2013-01-23,58.037180890354215,58.066921352086844,57.36060382127946,57.72491455078125,2496000
2013-01-24,57.829027692337014,58.35690834754257,57.71007146770676,58.05950927734375,1546700
2013-01-25,58.17843261413833,58.40148318705498,57.858729818244036,58.25278091430664,1524200
2013-01-28,58.14129258183853,58.3197354225529,57.49445571959864,57.50932312011719,1703600
2013-01-29,57.5464771110569,57.99257268957099,57.457255726388865,57.8513069152832,1455500
2013-01-30,57.71748825449782,57.89593105654368,57.316000458515774,57.68031692504883,1728200
2013-01-31,57.68774850928731,58.43124317653884,57.61340017704499,58.334590911865234,3044600
2013-02-01,58.73606410716028,59.80669797694389,58.70632364717599,59.39777374267578,3129600
2013-02-04,58.41638749101063,58.60969773152894,57.83646244187101,57.99259567260742,3545600
2013-02-05,58.14127319116763,58.75837504656104,57.992576545912705,58.47584915161133,2661400
2013-02-06,58.104111898393406,58.72121386033646,58.014890492387316,58.70634078979492,2224200
2013-02-07,58.840169522013994,58.8550425924189,58.029763029791454,58.82530212402344,2285900
2013-02-08,58.825271931655706,58.825271931655706,58.31225904186555,58.631961822509766,2422000
2013-02-11,58.55021263289436,58.974004421245375,58.38664287731766,58.89221954345703,1648800
2013-02-12,58.810429632200595,59.613405269534766,58.810429632200595,59.40522766113281,1745600
2013-02-13,59.40522184279085,59.71005169026214,59.33830437669325,59.47213363647461,1457600
2013-02-14,59.21190547996549,59.829007317550335,59.130120625711434,59.73234939575195,1810600
2013-02-15,60.04463396230561,60.11154576299471,59.442399394031554,59.76953887939453,2257700
2013-02-19,59.85132990950837,60.27512170805798,59.68032361390431,59.92567825317383,2199800
2013-02-20,59.97030295386056,60.19334802635103,59.531638001521955,59.561378479003906,2046900
2013-02-21,59.539047618690304,59.77696565855625,59.420085762550585,59.76209259033203,2422200
2013-02-22,59.98514468765583,60.334588058015406,59.910796361974015,60.230499267578125,1773600
2013-02-25,60.21564599665687,60.22308253339412,58.921966552734375,58.921966552734375,2491300
2013-02-26,59.04835052737697,59.56136371000424,58.944261718208345,59.50931930541992,2062300
2013-02-27,59.56137290378283,60.10412096788039,59.382935728009784,60.059513092041016,1385800
2013-02-28,59.933086282586025,60.40892226261549,59.724908750374674,59.79182052612305,2160800
2013-03-01,59.59853676712262,60.01489197621207,58.99630221407333,59.99258804321289,1843700
2013-03-04,59.96285744887324,59.96285744887324,59.47214815243138,59.8661994934082,1501600
2013-03-05,60.06692350495172,60.96655120175141,59.89591726791432,60.5650634765625,2079000
2013-03-06,61.02119192274144,61.22307302618259,60.490313475559056,60.61742401123047,1277400
2013-03-07,60.647326890456874,60.89407487186262,60.49030700355178,60.71461868286133,1141600
2013-03-08,61.07352083628661,61.35017816205096,60.74452355209416,61.051090240478516,1396400
2013-03-11,60.998751606158514,61.16325025182554,60.69966367809373,61.12586212158203,1311300
2013-03-12,60.98379602822678,61.2679321360843,60.916504237183425,61.118385314941406,1234700
2013-03-13,61.14079853083975,61.51465692047456,61.103416114652056,61.402503967285156,1424200
2013-03-14,61.4922192697842,61.97823626143406,61.29781703682478,61.581947326660156,2082500
2013-03-15,61.7913381778531,62.17267548066039,61.282890342319554,61.522159576416016,4755100
2013-03-18,61.20812209996359,62.142768472483645,61.20812209996359,61.70909118652344,1996200
2013-03-19,61.866084452807904,62.367059028275165,61.806271446240146,62.20256042480469,2018500
2013-03-20,62.50911389295034,62.88297223645438,62.337142249528824,62.68856430053711,1941500
2013-03-21,62.45680489297817,62.87552461964843,62.3596037291807,62.62130355834961,1846300
2013-03-22,63.08487516587154,63.08487516587154,62.37454070769651,62.5764274597168,2379700
2013-03-25,62.83067913561075,62.89049788427527,62.01567007741867,62.337188720703125,2229700
2013-03-26,62.539071836352335,62.85311171978708,62.2026013476194,62.3297119140625,2034900
2013-03-27,62.13530187011785,62.501681722585765,61.73901264331767,62.337188720703125,2005800
2013-03-28,62.3820242111621,63.01758246596392,62.3820242111621,62.95029067993164,1312700
2013-04-01,63.084892833358666,63.346592673503125,62.62130618465371,62.77084732055664,1306000
2013-04-02,62.88300333276814,63.27181939687635,62.88300333276814,63.11479949951172,1200900
2013-04-03,63.28676375087082,63.34658247745524,62.561477378761005,62.5988655090332,1674700
2013-04-04,62.74841442693882,63.26434102481357,62.696074460823155,63.06245422363281,1366900
2013-04-05,62.643734102789395,63.16713946529993,62.31473677233297,63.11479949951172,1912300
2013-04-08,63.09235182560602,63.398918501851604,62.793269620503615,63.35405731201172,1121100
2013-04-09,63.533497069277125,64.0045565970947,63.29422792274061,63.757808685302734,1401700
2013-04-10,63.772770733284034,64.01203989676965,63.28675364052758,63.41386413574219,1626400
2013-04-11,63.54847653880535,64.40087360067432,63.54847653880535,64.3485336303711,2246700
2013-04-12,64.23636235670186,64.61022081100566,64.01204500226865,64.49806213378906,1180900
2013-04-15,64.45319650238145,64.7597631791355,63.3390998840332,63.3390998840332,2303100
2013-04-16,63.61577494737708,64.7523024777607,63.369026924753804,64.71492004394531,2238100
2013-04-17,64.34851835896274,64.41581585031213,63.40639911709171,63.608280181884766,2145800
2013-04-18,63.877456662844686,64.07933772107926,62.606340181510326,62.882991790771484,1913800
2013-04-19,63.054963242827185,63.511070977069586,62.98766576001385,63.41386413574219,2164400
2013-04-22,63.40640004047968,63.57837174546938,62.77083606528188,63.24190139770508,2775200
2013-04-23,65.35794491244603,66.54681218974936,64.12421073654194,64.56536102294922,3445200
2013-04-24,64.57282539206764,64.7821851900962,63.9821284164147,64.19896697998047,2033600
2013-04-25,64.26625633477113,64.30364445642195,63.60826760795233,63.757808685302734,2137700
2013-04-26,63.72043458938,64.19149417871213,63.65313710254559,63.668094635009766,1652200
2013-04-29,63.7054789844964,64.00456689193055,63.36900865402509,63.91484451293945,2124300
2013-04-30,63.750332952042065,64.0344632689467,63.5858343510771,63.862491607666016,1675100
2013-05-01,63.899887257689926,63.92231785253517,62.79326941139052,62.882991790771484,1821700
2013-05-02,62.89045542477615,63.18954326154444,62.80820612704922,63.12224578857422,1348000
2013-05-03,63.59331311601901,64.08680321428771,63.57835558613518,63.862491607666016,1659500
2013-05-06,63.83258661465387,63.9746489305012,63.488637563961845,63.7877197265625,1558300
2013-05-07,64.46815031441999,64.4756290805165,63.9372720141087,64.318603515625,1181400
2013-05-08,64.39339338951304,65.26822095517862,64.31861712198338,65.2607421875,2590300
2013-05-09,65.26071045286066,65.3504385074868,64.47561136722761,64.6475830078125,1651800
2013-05-10,64.72236863777954,64.81957547913147,64.30364902773071,64.67002868652344,1134300
2013-05-13,64.53546030855485,64.93174945410459,64.44573790858355,64.67752838134766,884600
2013-05-14,64.75226261496414,65.72429656982422,64.67749208873464,65.72429656982422,1635300
2013-05-15,65.53739662134802,65.73180463992064,65.0738100246373,65.63459777832031,1688200
2013-05-16,65.4925062267789,65.56728246414677,64.76722578409401,64.95415496826172,1674900
2013-05-17,65.12615749509023,65.3130867678687,64.3410579721979,64.67752838134766,2203700
2013-05-20,64.4831029338779,64.80462142445172,63.87745407904492,63.96718215942383,1668200
2013-05-21,63.81764847590319,64.04944463836875,62.1801520309631,62.53157424926758,4430000
2013-05-22,62.47922965939312,63.04749616727419,62.26239104843024,62.63624954223633,3411800
2013-05-23,62.16520095781791,62.68860066044953,61.88107050562202,62.43437957763672,2011200
2013-05-24,61.99320781452446,62.52408610239928,61.75393294205779,62.50912857055664,1294900
2013-05-28,63.09235480763675,63.15217353333549,61.86609945395083,62.225006103515625,2388900
2013-05-29,61.9782744524134,62.77833157918539,61.78386639503419,62.561492919921875,2416300
2013-05-30,62.553984402590594,63.39142348966603,62.553984402590594,63.226924896240234,1721800
2013-05-31,63.09983450876531,63.62323410480963,62.5988655090332,62.5988655090332,2353600
2013-06-03,62.64370548637793,62.86802278278705,62.030578008102275,62.628753662109375,2294900
2013-06-04,62.733467573000546,63.04750739461036,62.38203961350098,62.673648834228516,2491200
2013-06-05,62.43438136082463,62.73346935856877,61.462346794313454,61.49225616455078,2958400
2013-06-06,61.58252549760519,61.65022891479939,60.65720528595441,61.49224853515625,2763500
2013-06-07,61.793149530670604,62.98177005819157,61.31168400500775,62.7711296081543,2970800
2013-06-10,62.771145141217424,62.9065577125388,62.07903325472862,62.66582489013672,2206000
2013-06-11,62.10160154532506,62.36490215074977,61.59756239834319,61.748023986816406,2147200
2013-06-12,62.10909834812617,62.31973875794889,61.2665367088353,61.27405548095703,1439200
2013-06-13,61.32673216942799,62.31223683837539,60.86784014650291,62.289669036865234,1655100
2013-06-14,62.349843366792506,62.50030493172429,61.66526189979888,61.80067443847656,1268900
2013-06-17,62.04892601813944,63.03442478497834,62.04892601813944,62.61314392089844,2043600
2013-06-18,62.75607944619548,63.39552529781318,62.74856067277437,63.26011276245117,2021700
2013-06-19,63.109679646848484,63.25261674658039,61.89849090576172,61.89849090576172,1913800
2013-06-20,61.32673786595259,61.469674941490396,59.9425256758785,60.01775360107422,2842600
2013-06-21,60.26601809081139,60.41647395910548,59.10748953847177,59.48363494873047,4046600
2013-06-24,58.78399522388462,59.05482033682038,58.21225268107328,58.56583023071289,2833300
2013-06-25,58.90437862855819,59.54382473330776,58.829144948391445,59.002174377441406,2287200
2013-06-26,59.37830571707473,60.1982998325127,59.355737914194435,60.02527618408203,2367600
2013-06-27,60.22086664908035,60.469118192559954,60.04031276715814,60.43902587890625,1886400
2013-06-28,60.22087122486991,60.66471997106276,59.79958454122923,60.123069763183594,2662700
2013-07-01,60.51429219384967,61.31171884773663,60.51429219384967,61.01832580566406,2291300
2013-07-02,60.943052352193476,61.16873604863085,59.822135423660995,60.04782485961914,2281900
2013-07-03,59.83719481858788,60.66471332799846,59.6942577684047,60.48416519165039,789400
2013-07-05,60.88290510385823,61.19886591650209,60.18327431041864,61.191341400146484,1374000
2013-07-08,61.38691681100488,61.92104249175762,61.38691681100488,61.507286071777344,1551000
2013-07-09,61.93610820546347,62.116656405741814,61.454642511705345,61.725467681884766,1915000
2013-07-10,61.70287786895552,61.74801921176801,61.003247320345835,61.364349365234375,1451200
2013-07-11,62.15423000929616,62.33477808398245,61.79312812040377,62.21440887451172,1620200
2013-07-12,62.1016181993904,63.37298596068169,62.1016181993904,63.327850341796875,2117500
2013-07-15,63.11717904875075,63.32781948694981,62.47773322149748,62.6507568359375,2313000
2013-07-16,62.786167530279265,63.01185698719139,62.410022261773264,62.61314392089844,1348900
2013-07-17,62.95167107792612,63.29019951684226,62.76359844752356,63.184879302978516,1720100
2013-07-18,63.47829217063189,63.7190249839023,63.395539727989906,63.59113693237305,2359600
2013-07-19,63.61369685328874,63.79425074550808,63.33535298028124,63.68893051147461,1514600
2013-07-22,63.688927219321066,64.34341639133747,63.621218078358204,64.2681884765625,1717200
2013-07-23,63.76415720773882,64.00488998656066,61.7630613204205,61.8458137512207,5637300
2013-07-24,61.9360945695459,62.312239918702105,61.417012151063126,61.82324981689453,2579100
2013-07-25,61.725445293364245,62.40250223371274,61.319207685442116,62.327274322509766,2656300
2013-07-26,62.101596809635325,62.89149856567382,61.77811159348937,62.89149856567383,2138000
2013-07-29,62.86141232246923,62.891504640775935,62.34233561536642,62.748573303222656,2011300
2013-07-30,62.89151616201039,63.13977352887737,62.41757497578389,62.73353576660156,2282800
2013-07-31,62.823793336108835,63.30525888947954,62.628196161451314,62.853885650634766,2481700
2013-08-01,63.38050438292253,63.77169310120117,63.26765960703632,63.4632568359375,1809900
2013-08-02,63.47831236073814,63.47831236073814,62.823822865611874,63.19244384765625,1525500
2013-08-05,63.09461724379555,63.192412959528795,62.44012232905821,62.5529670715332,1345600
2013-08-06,62.455161293531866,62.62066613910373,61.69535194180157,61.95865249633789,1921900
2013-08-07,61.76306769913233,61.86086916719079,61.28912660612017,61.58251953125,1415700
2013-08-08,61.77057661889852,62.221949794412126,61.3192034433849,61.710391998291016,1908600
2013-08-09,61.75555226676408,61.82326142687923,61.30417891091632,61.76307678222656,1366000
2013-08-12,61.34930092580784,62.09406701516968,61.2891163001264,61.92856216430664,1788800
2013-08-13,61.95113638975832,62.01132102168223,61.04086535511823,61.6427001953125,2018300
2013-08-14,61.34930874318583,62.0037979774232,61.34930874318583,61.82324981689453,1925500
2013-08-15,61.32675648013216,61.627674011773685,60.80767962106317,60.98822784423828,1887900
2013-08-16,61.03334813926205,61.53738731749186,60.95059569535222,61.010780334472656,1752800
2013-08-19,61.04839501683096,61.078487335330415,60.32619659141265,60.35628890991211,1542900
2013-08-20,60.371332137773166,60.717385190879334,60.28105518236695,60.386375427246094,1578500
2013-08-21,60.25846401711731,60.25846401711731,59.52874136084056,59.74690628051758,2413800
2013-08-22,59.85976800353475,60.702335614831135,59.716830940492095,60.597015380859375,1145800
2013-08-23,60.604530992106696,60.63462330588843,60.13058996396873,60.32618713378906,1336200
2013-08-26,60.371324771182444,60.60453303645518,60.10049967753312,60.273529052734375,1572800
2013-08-27,59.6867344320906,60.17572447804879,59.55132763180132,59.98765182495117,2241400
2013-08-28,59.935004754488745,60.386378072244774,59.716839740676654,60.10050964355469,1880800
2013-08-29,59.95005687096408,60.74748329804322,59.80711977949766,60.371337890625,1464900
2013-08-30,60.34124435250892,60.37133667323838,59.73941515648969,60.108036041259766,1438200
2013-09-03,60.73997152291945,61.16125837046789,60.22841343195141,60.612083435058594,1527100
2013-09-04,60.551897710334295,61.176300584073665,60.378874003819476,60.98822784423828,1500300
2013-09-05,60.89041573175482,61.010779268369376,60.62710937508469,60.67977523803711,1682100
2013-09-06,60.921988314580894,61.353468350601595,59.89249107507162,60.9295539855957,1923300
2013-09-09,61.11881316082086,62.30727638288351,60.96741885272373,62.2164421081543,2797100
2013-09-10,62.60251385565509,62.716062500742474,61.83796491440297,62.48139953613281,2552300
2013-09-11,62.496538751472066,63.49575646609185,62.39056155259755,63.3822135925293,2431100
2013-09-12,62.92800634699529,63.283789346835164,62.76904058063933,62.920440673828125,1988700
2013-09-13,63.139970478249325,63.518462072219435,63.00371327340715,63.25351333618164,1198600
2013-09-16,64.01805877685547,64.32842461148194,63.77582442252465,64.01805877685547,2031200
2013-09-17,64.14675145671399,64.43440875414865,64.10890576385161,64.24516296386719,1711100
2013-09-18,63.66228150355591,65.10055063782836,63.66228150355591,65.03242492675781,2155900
2013-09-19,65.44875543560816,66.25872708821373,65.13839538056692,65.78182983398438,2876600
2013-09-20,65.8196646755672,66.17544758332511,65.14595031738281,65.14595031738281,5257600
2013-09-23,65.56988660745813,66.00893247250043,65.35792646101284,65.3882064819336,2246000
2013-09-24,65.34277629099441,65.67585067929313,64.92643330562099,65.00213623046875,2489000
2013-09-25,65.0551234281526,65.44118061511291,64.93400337123174,65.08540344238281,1341100
2013-09-26,65.03999613923588,65.43363064335612,64.76748172109835,64.97187042236328,1049400
2013-09-27,64.76747351112405,64.83560499468382,64.42683341929371,64.6539306640625,1143800
2013-09-30,64.26031945595058,64.45713675426049,63.8591191836717,64.16947937011719,1721400
2013-10-01,64.29055684966102,64.3284083041546,63.87421395151589,64.08617401123047,1392500
2013-10-02,63.934773947678686,63.94991683959961,63.35946533642651,63.94991683959961,2441000
2013-10-03,63.82883633257547,63.85154490919842,63.420064627388285,63.63201904296875,1998300
2013-10-04,63.64714488149167,64.14675075923437,63.54116770211221,64.10133361816406,1452100
2013-10-07,63.62443080639519,63.965070885597726,63.4124706906512,63.65470504760742,1271900
2013-10-08,63.586606868293885,63.71529266278264,62.776634845151236,62.822052001953125,1838900
2013-10-09,62.92801620808382,62.981004805172674,62.25430156995806,62.33757019042969,1675800
2013-10-10,62.84475049742672,63.813693964567136,62.84475049742672,63.71528244018555,2003300
2013-10-11,63.62441398794992,64.17700826150133,63.39731681163057,64.08617401123047,1695700
2013-10-14,63.76067313897608,64.55550173038698,63.73795880037467,64.49494171142578,1377900
2013-10-15,64.2905568286462,64.40410541676876,63.8666482599978,63.94991683959961,1753400
2013-10-16,64.46470191893627,65.32009098631859,64.38143329220688,65.16112518310547,2065900
2013-10-17,64.58579864299058,65.19138744045213,64.24515855399521,65.11568450927734,1998000
2013-10-18,65.51691086948553,65.67587667901694,65.19897347509811,65.53961944580078,2027700
2013-10-21,65.6228842026847,65.80455857780869,65.36550687721181,65.67587280273438,1768000
2013-10-22,66.65235304530371,66.65235304530371,65.29735283135695,65.63799285888672,3823600
2013-10-23,65.259503791574,65.44117809463589,64.81288659335479,65.31249237060547,1945400
2013-10-24,65.31248891481867,66.11488900493087,65.2292203271291,65.8802261352539,1991600
2013-10-25,65.72126697948998,65.97107276754228,65.50174120592786,65.57743835449219,1764100
2013-10-28,65.60017859593506,66.2057617988574,65.58503569505041,65.9408187866211,1625900
2013-10-29,66.05435140350588,66.23602574273835,65.78183700699563,66.06948852539062,1562900
2013-10-30,66.06948132101314,66.22844707242294,65.50174401941142,65.78182983398438,1282200
2013-10-31,65.84996645438069,65.9256636187452,65.32008052850558,65.32765197753906,1821200
2013-11-01,65.53960039429155,65.55473751566004,65.11568591677629,65.4033432006836,1432000
2013-11-04,65.4866380574939,65.93325550843151,65.36551793670222,65.55476379394531,1095600
2013-11-05,65.45634006502573,65.80455165375915,65.20653421593751,65.44876861572266,1445300
2013-11-06,65.50931535643188,66.31171555990248,65.44875532495269,66.22844696044922,1940600
2013-11-07,66.31170693006436,66.63720983775082,65.97106690413932,66.02405548095703,2139400
2013-11-08,65.9710793292445,66.48582807613168,65.86510215564915,66.46311950683594,1758400
2013-11-11,66.44798347961702,66.84918364617755,66.34957774405497,66.59181213378906,1367300
2013-11-12,66.23602454539613,66.50853893698017,65.19138989453931,65.43362426757812,2496800
2013-11-13,65.28220963018731,66.25114690646649,65.16109535831328,66.02405548095703,2081900
2013-11-14,66.2814289715732,66.82645765019491,66.07704610475102,66.80374908447266,1585900
2013-11-15,66.7810411735612,67.2730812785483,66.66749256851465,67.1216812133789,1764700
2013-11-18,67.2806641232802,67.31851559306439,66.66750958497572,66.75077819824219,1676800
2013-11-19,66.7734724891491,66.94758112746696,66.53880959758008,66.68263244628906,1274100
2013-11-20,66.65993680090978,66.95515977827881,66.3798567212805,66.56153106689453,1755400
2013-11-21,66.7507694213941,67.6894268403218,66.61451223353986,67.53803253173828,1787700
2013-11-22,67.53802034765457,68.5750833025397,67.41690030238007,68.5220947265625,1885000
2013-11-25,68.54482712439228,68.87789578599944,68.52968422708283,68.72650146484375,2112200
2013-11-26,68.73407291349848,69.05957590177405,68.67351287490693,68.72650146484375,2454000
2013-11-27,68.87788391113281,69.21095829063955,68.7264896160782,68.87788391113281,1902200
2013-11-29,69.04444272563286,69.40022578329697,68.68865966796875,68.68865966796875,917100
2013-12-02,68.32529072485225,68.4312678882983,67.27308476255065,67.37149047851562,3771100
2013-12-03,67.16711172555169,67.81811186586238,66.94001448974562,67.39420318603516,2531800
2013-12-04,67.15199876194274,67.71973632919824,66.53127258608971,67.07630157470703,2349600
2013-12-05,66.89461628704203,67.18983931195838,66.49341028684807,66.55397033691406,2334300
2013-12-06,67.13258932443468,68.07661594116774,67.13258932443468,67.76448059082031,1831200
2013-12-09,67.79491186520096,67.97001056866559,67.24676568184783,67.33811950683594,2539400
2013-12-10,67.0640108496623,67.62738624398068,67.01833396139168,67.33047485351562,1931100
2013-12-11,67.31528899205487,67.54368519818223,66.26467922225396,66.31035614013672,2179900
2013-12-12,66.32554669443238,66.51587481829436,65.85353085624743,65.95249938964844,1889300
2013-12-13,65.89922366205316,66.07432813396964,65.69367179431666,65.84593200683594,1568300
2013-12-16,66.22660274105688,66.50829058463358,65.96775916184264,66.27228546142578,2367800
2013-12-17,66.05911296773974,66.2342174776677,65.67084759902494,65.90685272216797,1852300
2013-12-18,66.20375492485016,67.1097189407226,65.94491138223245,67.10210418701172,2928000
2013-12-19,66.83566428719358,67.70356058175521,66.83566428719358,67.59697723388672,2140300
2013-12-20,67.50561914277074,68.24409364739458,67.46755697957427,67.89389038085938,3911300
2013-12-23,68.44960063267973,68.44960063267973,67.76441831140289,67.87861633300781,1277100
2013-12-24,67.84058603115635,68.1755655315007,67.76445591062969,68.1298828125,512800
2013-12-26,68.43441246059862,68.63997018529746,68.04614127600007,68.52577209472656,938600
2013-12-27,68.52577403058578,68.67803428341088,68.09943486763409,68.40396118164062,758200
2013-12-30,68.54859456610623,68.92163615384797,68.41155805104839,68.73130798339844,1267900
2013-12-31,68.77700943696837,69.08153578006538,68.68565559988909,68.92927551269531,1107700
2014-01-02,68.90643667075405,69.02063477482584,67.73401403177357,68.00808715820312,1543900
2014-01-03,67.98519960427836,68.26688147477081,67.66544398211406,67.87861633300781,1448600
2014-01-06,68.30499072163246,68.44202726875285,67.58174001969186,67.69593811035156,1763600
2014-01-07,67.80252759972085,67.88627248658142,67.04882942633232,67.30006408691406,1818300
2014-01-08,67.15539857347461,67.30004985807956,66.40931531345593,66.67577362060547,2627700
2014-01-09,66.81282904009099,67.16303231540269,66.36365135960271,66.75192260742188,1687200
2014-01-10,67.07165529250119,67.08688480090206,66.29511880636998,66.60725402832031,1863000
2014-01-13,66.48543126189296,66.65292096451414,65.67843595002313,65.73172760009766,2215800
2014-01-14,66.08195641855201,66.76713332354566,66.08195641855201,66.5768051147461,2034200
2014-01-15,66.69099291426195,66.99551916303768,66.47782628262546,66.90415954589844,2063900
2014-01-16,66.65293442811324,66.88893952492185,66.16569472662458,66.41692352294922,1412100
2014-01-17,66.4093029577654,66.4625946092802,65.79263578068911,65.83070373535156,2931500
2014-01-21,65.66322696910186,65.67845066895448,63.69142966609832,64.71158599853516,6092100
2014-01-22,64.6354208794334,64.76484258733718,64.21669675580068,64.37657165527344,3080900
2014-01-23,63.508710660961576,64.23196128637551,63.128054271277044,63.242252349853516,4141800
2014-01-24,62.808301367345294,63.21179619224715,62.130733489990234,62.130733489990234,3753600
2014-01-27,61.856656343017725,63.30315162224851,61.83381789155093,62.64842224121094,4329300
2014-01-28,62.99862123479962,63.62289736998853,62.88442317663059,63.265079498291016,3158700
2014-01-29,62.66365453217614,63.03670198513765,62.43526417783523,62.5875244140625,3165200
2014-01-30,62.8996564875899,62.975786594856935,62.549453347477645,62.70171356201172,2754500
2014-01-31,61.963223293424356,62.42000962720589,61.57495229595103,61.879478454589844,5186100
2014-02-03,61.81858094585094,61.87948734800293,60.94307610042135,61.10295104980469,4116300
2014-02-04,61.33896800574088,61.38464491204526,60.82127510365501,61.171478271484375,2628500
2014-02-05,60.95829487404108,61.613024123416295,60.920226923681746,61.23998260498047,2342400
2014-02-06,61.39989803862164,61.46080447602679,60.86697542386296,61.43035125732422,2642800
2014-02-07,61.81100028308342,61.81100028308342,61.080140547921786,61.574989318847656,2538100
2014-02-10,61.91757056602564,62.76262822706619,61.399877636814814,62.69410705566406,4305000
2014-02-11,62.732192393304764,63.63815091407868,62.587541064557506,63.348854064941406,3105600
2014-02-12,63.006239994550484,63.26508352173095,62.33628110847419,62.62558364868164,3732900
2014-02-13,62.328662256333686,63.11281327484469,62.09265140972797,63.09758377075195,2650700
2014-02-14,62.83874143187793,64.00354875701619,62.83874143187793,63.96548080444336,2050800
2014-02-18,64.01114468274643,64.55167576185032,64.00352993280065,64.23192596435547,2531500
2014-02-19,64.15580756912357,64.84860479422338,63.935032035688145,63.95787048339844,3115900
2014-02-20,64.08731758293065,64.23196888680081,63.47065601734731,63.80562973022461,2083500
2014-02-21,63.88936621305547,64.03401749791298,63.47064767490522,63.79039764404297,1895300
2014-02-24,63.82084873086754,64.24718200888289,63.493484018575664,63.5239372253418,2163200
2014-02-25,63.42496504353926,63.52393942103907,62.84637152004949,63.44780349731445,2681900
2014-02-26,63.49348844971722,63.72187880386944,63.19657692347035,63.516326904296875,2157100
2014-02-27,63.40214193605972,63.84370484377731,63.265105371883806,63.836090087890625,1584900
2014-02-28,63.73709544938554,64.10252226562272,63.561990985687444,63.82844924926758,2286700
2014-03-03,63.53154829101301,63.813236106734124,62.884433598613384,63.32599639892578,1728600
2014-03-04,64.07208743319897,64.32331624048498,63.805623309021385,64.03401947021484,1864900
2014-03-05,63.98830624126143,64.25476440584048,63.66094169382078,64.23192596435547,2582700
2014-03-06,64.28557219546005,64.73742174360606,64.14005855108219,64.63786315917969,1922100
2014-03-07,64.89056867689224,64.99012722010616,64.10939725389555,64.27788543701172,2733700
2014-03-10,64.10175539228183,64.24726901793335,63.826048439985314,64.16302490234375,1954400
2014-03-11,64.43873974410683,64.4693745028885,63.826056254438825,64.0098648071289,1859000
2014-03-12,63.68052872343973,64.1247238236723,63.56564987434772,63.89496612548828,1758500
2014-03-13,64.08645971783591,64.22431323438438,63.19041478176272,63.251678466796875,2121000
2014-03-14,63.25166738291513,63.44313024218244,63.04489006581886,63.30528259277344,2074400
2014-03-17,63.72651179843665,64.16304698263302,63.41251567653319,63.979244232177734,2758600
2014-03-18,64.09410336969607,64.51531811967165,63.84137101392136,64.29322052001953,2141100
2014-03-19,64.32384567565808,64.51530849061132,63.42014095535949,63.71882247924805,2526500
2014-03-20,63.48908889819688,63.9562587687122,63.19040728825864,63.7418212890625,2753400
2014-03-21,64.17834520135027,64.37746234457836,63.81073398396087,64.16302490234375,6498300
2014-03-24,64.23194908928029,64.53063062165654,64.05580072360584,64.22428894042969,2795100
2014-03-25,64.5765744831406,64.84462124090706,64.30086757715765,64.35447692871094,2021900
2014-03-26,64.66081732879367,64.70676653123809,63.88730597742055,63.89496612548828,2113300
2014-03-27,63.77242215289653,64.20130276651398,63.73413310150711,63.94091033935547,3563800
2014-03-28,64.2243092033091,64.46172130574759,63.902652965879525,64.32386779785156,2423300
2014-03-31,64.82165926747626,65.19692480145669,64.72975499991723,65.1739501953125,2106600
2014-04-01,65.22755874188607,65.28116810321309,64.45405307745078,64.63019561767578,2172800
2014-04-02,64.61490816818956,65.30417000391499,64.50002924790712,64.829345703125,1997500
2014-04-03,64.9671752603015,65.18161271609077,64.67614799060253,65.0820541381836,1904600
2014-04-04,65.41138328273011,65.90918211274277,65.2046000934472,65.25054931640625,2333100
2014-04-07,65.24288760924931,65.51859460170517,65.04376459403498,65.09737396240234,2352500
2014-04-08,64.94421148470468,65.0284556196696,64.67615877727987,64.8906021118164,1750800
2014-04-09,64.96717346080943,65.73302483483387,64.84463443633402,65.7253646850586,2098700
2014-04-10,65.63344480718867,66.10827464962931,65.0360818123968,65.08969116210938,2138900
2014-04-11,65.02842878725303,65.57218244303398,64.99013388971284,65.32711029052734,2067000
2014-04-14,65.71004336995036,65.82491638967822,64.97482098580191,65.48028564453125,3153000
2014-04-15,65.02079273005452,65.83259344045474,65.02079273005452,65.77898406982422,2164600
2014-04-16,66.26145593231988,66.57545778903547,65.9551200680868,66.46057891845703,1826700
2014-04-17,66.743938453706,66.92774112000541,66.1695500089116,66.38398742675781,1888600
2014-04-21,66.40697536188208,66.50653394216103,65.90917077452215,66.16956329345703,2330000
2014-04-22,66.43761920654647,67.1345468927688,65.87089071909082,66.54483795166016,3181900
2014-04-23,66.55248996754904,67.83146044433849,66.42229662768051,67.4944839477539,2911100
2014-04-24,67.62469468974781,68.1531282898288,67.62469468974781,67.84678649902344,2239600
2014-04-25,67.93102873779532,67.93102873779532,67.38727484973978,67.6323471069336,2256200
2014-04-28,68.04587863916075,69.14104609994912,67.99992943645024,68.6509017944336,4086900
2014-04-29,68.9266004417327,69.6465023605445,68.84235635153216,69.6158676147461,3649300
2014-04-30,69.46270223847327,69.5163115893218,68.94958333135436,69.37080383300781,2744500
2014-05-01,69.41677273636105,69.63121020061295,69.11809114786982,69.56228637695312,2753600
2014-05-02,69.68480658697689,70.21324584187089,69.56992772595886,69.69246673583984,2100100
2014-05-05,69.55462418335583,69.6312081550556,68.8730169021576,69.42443084716797,1911400
2014-05-06,69.17171625871818,69.40912838489615,68.78113030679312,68.8347396850586,2301000
2014-05-07,69.17935015846965,70.0830549369942,69.17935015846965,69.74607849121094,3279200
2014-05-08,69.67716457656014,70.09837935064644,69.62355521102252,69.87628173828125,1775400
2014-05-09,69.74606997225101,69.9681675259368,69.49333766878291,69.9222183227539,1640400
2014-05-12,70.55023741359453,71.17057521601976,70.48130774500126,70.48896789550781,2072600
2014-05-13,70.74168254098716,71.27011593380816,70.62680368411951,71.15524291992188,2246800
2014-05-14,71.23946927077668,71.25478956538745,70.79528005773098,70.95610809326172,1330600
2014-05-15,70.80299343694575,70.95616729595301,70.38943862508934,70.74172973632812,2257200
2014-05-16,70.8106073413018,70.9331463484723,70.16729508260102,70.90251159667969,2331000
2014-05-19,70.8259428948504,71.13993894314315,70.56555037001432,71.04803466796875,1292200
2014-05-20,70.82594300680302,71.2088687228275,70.70340397304346,70.97145080566406,1391800
2014-05-21,71.24713666190158,71.48454866568309,70.89484580878091,71.116943359375,1701900
2014-05-22,71.07099872001801,71.30075059046678,70.91782496340414,71.23182678222656,1364300
2014-05-23,71.23182220871415,71.48454866568309,70.77231265433855,71.116943359375,1451200
2014-05-27,71.33903966900759,71.72196526482301,71.20884636874577,71.59942626953125,1590800
2014-05-28,71.55347193397952,71.84449326244597,71.43093294747968,71.57644653320312,2048200
2014-05-29,71.53051862560001,72.22744032906803,71.53051862560001,72.06661224365234,1724200
2014-05-30,71.99003010773897,72.08193437730762,71.50754583921395,71.56880950927734,2276700
2014-06-02,71.76026892763802,71.99768681860434,71.72197986605009,71.76792907714844,1454800
2014-06-03,71.28544514212862,71.56880640244528,71.12461705960189,71.53817749023438,2012100
2014-06-04,71.5228696049451,72.56442809035615,71.323746583121,72.50315856933594,2048300
2014-06-05,72.67164826341636,72.75589239573429,72.1738436205331,72.73291778564453,1854800
2014-06-06,72.82536306347879,73.15659775819614,72.63278488927148,72.68670654296875,2157500
2014-06-09,72.95629774415156,73.21820705585289,72.83305079754123,72.91778564453125,1871000
2014-06-10,72.94088121771765,73.30292897701202,72.91006801724397,73.25670623779297,1730400
2014-06-11,73.03331470392952,73.25670599887229,72.8715498097331,73.10264587402344,1555600
2014-06-12,73.15657906532287,73.32604875564574,72.84845288991927,73.1796875,1840500
2014-06-13,73.14115742346996,73.5494279176194,73.04101893076368,73.4955062866211,1446500
2014-06-16,73.34144898363186,73.75741841938542,73.3337442134278,73.53402709960938,1306200
2014-06-17,73.12573747960168,73.71117639795482,72.8484246170668,73.34912872314453,2175700
2014-06-18,73.32608138277503,73.61879814729564,73.11039472712609,73.48784637451172,2556600
2014-06-19,73.60337937147008,73.68811423694584,73.18740981650345,73.64189147949219,2115900
2014-06-20,73.8113403751741,74.08865333353934,72.8407450208957,72.86385345458984,4795700
2014-06-23,72.86383852667166,73.36454270319523,72.86383852667166,73.14115142822266,1930300
2014-06-24,73.03334226589881,73.4801250243952,72.81765565890586,72.92549896240234,1640200
2014-06-25,72.90236870213053,73.21049485290297,72.67897738974594,73.07183837890625,1298200
2014-06-26,73.08724639871956,73.14887280795126,72.10895212949205,72.72520446777344,1215500
2014-06-27,72.80993412230451,73.10265663041265,72.09354327001454,72.34774780273438,4143600
2014-06-30,72.47098449288752,72.70207466273115,72.13974996013006,72.4632797241211,2153900
2014-07-01,73.08727182168872,73.8036629164006,72.9794285065295,73.34147644042969,1631100
2014-07-02,73.11035419642425,73.37225759679885,72.74060165099371,72.886962890625,1114500
2014-07-03,72.9023820955612,73.06414703210682,72.67899074213575,73.05644226074219,828900
2014-07-07,72.79452798539288,73.00250976517763,72.67897994017125,72.83304595947266,1319100
2014-07-08,72.73292141106549,72.85617426011619,72.2938434211062,72.5172348022461,2444700
2014-07-09,72.85615939873459,73.00251478085421,72.5865511927057,72.94859313964844,1512400
2014-07-10,72.20140968082065,72.70210821842109,72.06275316411086,72.64048767089844,1656100
2014-07-11,72.69441720555427,72.97942916518167,72.50183901574336,72.93321228027344,1117000
2014-07-14,73.3183292619097,73.81903346176608,73.3183292619097,73.61104583740234,1416700
2014-07-15,73.5879235335196,73.97307963356064,73.5417066821597,73.91145324707031,1575800
2014-07-16,73.89608260573031,73.95770901975533,73.53403476960622,73.65728759765625,1437800
2014-07-17,73.43389378751857,73.74971886400438,72.90237626919152,72.94859313964844,1202900
2014-07-18,73.1257794864558,73.5186405802272,72.9871229755376,73.44160461425781,1737200
2014-07-21,73.48011287992514,73.62647414348866,72.93319168058026,73.37997436523438,1748800
2014-07-22,69.60544583472758,70.94578809060486,69.60544583472758,70.583740234375,6323100
2014-07-23,70.49899689107713,70.79171940019691,70.31412353801373,70.69927978515625,2731700
2014-07-24,70.93808321129974,71.70839579716431,70.79943258778201,71.546630859375,2410400
2014-07-25,71.56972729875854,71.608239392222,70.70697530234003,70.94577026367188,1907800
2014-07-28,70.63763444665786,70.94576053720819,70.11382185582718,70.77629089355469,2490100
2014-07-29,70.93808574949999,71.23080830389421,70.16777313607325,70.19088745117188,2265100
2014-07-30,70.2678944674016,70.55290627950498,69.95976834778827,70.05220794677734,2069400
2014-07-31,69.90584748894436,70.25248570419845,68.98147499692213,68.98917388916016,2646900
2014-08-01,68.91984381872861,69.35121683482978,68.61171771707781,69.0276870727539,2234100
2014-08-04,69.07393177231464,69.34354001604747,68.64255858234213,69.25110626220703,2167800
2014-08-05,69.07392932844957,69.22799537443092,68.4191647948303,68.65026092529297,2218300
2014-08-06,68.50390771340165,69.2665156304533,68.41146807493318,69.0970458984375,1400900
2014-08-07,69.20488350826788,69.5284192777662,69.06623287750723,69.25110626220703,1877200
2014-08-08,69.20487815651775,69.81342578932247,69.04311322278767,69.69788360595703,1803900
2014-08-11,69.78261270048078,70.0676304663116,69.7209921615869,69.83654022216797,1595700
2014-08-12,69.7903112771692,70.2679071425711,69.6593595627425,70.16776275634766,1290100
2014-08-13,70.46819016952641,70.54522024421425,70.09073281262548,70.3064193725586,1405600
2014-08-14,70.38342854774695,71.06130117493667,70.35261535419073,71.03819274902344,1076300
2014-08-15,71.13062930581494,71.58511658272963,70.46816618733898,70.96886444091797,1343000
2014-08-18,71.19227741070493,71.68527692372422,71.161464206514,71.63135528564453,1193900
2014-08-19,71.53891183661395,71.68526719037666,71.4233638058414,71.5697250366211,973000
2014-08-20,71.34633398381584,71.76230336978308,71.12294269077694,71.72378540039062,1023000
2014-08-21,71.64676830922133,72.54803253680255,71.56203346283151,72.3631591796875,1348100
2014-08-22,72.316950664221,72.5095288299111,72.02423396809895,72.21681213378906,1401300
2014-08-25,72.47097896579092,72.809912364449,72.30921409613262,72.63274383544922,1335500
2014-08-26,72.80993819154244,72.91778735325364,72.4941131083754,72.56343841552734,1053300
2014-08-27,72.52492851057524,73.00251853523997,72.46330209545125,72.99481964111328,1223000
2014-08-28,72.68668944867008,73.00251452404487,72.54803296076896,72.67127990722656,1221400
2014-08-29,72.77141785689223,72.99480917191316,72.3785568630956,72.95629119873047,1376000
2014-09-02,73.11806270565164,73.44159255231834,72.67898480602737,72.8099365234375,2465700
2014-09-03,73.21050123292781,73.42618779415956,72.69439326469212,72.77142333984375,1575700
2014-09-04,72.89468446760351,73.1719974937198,72.47101603332857,72.60967254638672,1491400
2014-09-05,72.59427543548514,72.73293197229123,72.0088419485441,72.5711669921875,1658700
2014-09-08,72.63311761551725,72.85007072766076,72.13722309875239,72.2689437866211,1408900
2014-09-09,72.36967407149629,72.41616233369736,71.73430887145706,71.94351196289062,2039700
2014-09-10,72.09074835403216,72.47816638737615,71.95902764146241,72.19147491455078,1456500
2014-09-11,71.94352630018261,72.09074704186328,71.71107903132517,71.99776458740234,1349700
2014-09-12,71.88154301753913,72.05975792315363,71.53286913413602,71.6103515625,1539200
2014-09-15,71.73432420991688,72.64863100172002,71.55610931415838,72.48591613769531,1701900
2014-09-16,72.22246905861077,72.88107853291666,72.1837308021987,72.55564880371094,1167900
2014-09-17,72.49364670304799,72.81908228184876,72.3929201617102,72.56338500976562,2029600
2014-09-18,72.78809023167535,73.52418201144297,72.5943812463124,73.43894958496094,1620000
2014-09-19,73.86512628085191,73.9038645386448,73.30724334716797,73.30724334716797,4375400
2014-09-22,73.26849010361582,73.72564641658357,73.19875770130675,73.29948425292969,1463800
2014-09-23,73.23750215394372,73.26075220154442,72.48591613769531,72.48591613769531,1418000
2014-09-24,72.43168288606294,73.61718120033825,72.4084328368456,73.44671630859375,1665900
2014-09-25,73.32272475433545,73.44670134544867,72.55563880929247,72.60212707519531,1998900
2014-09-26,72.6718807416825,73.36923443522721,72.33870097207395,73.14453125,1195900
2014-09-29,72.75710453778328,72.88882524436683,72.36193650650281,72.6563720703125,1997400
2014-09-30,72.65635934246237,73.14450974015693,72.41616210647217,72.7880859375,1802500
2014-10-01,72.92756594443118,72.94306006325117,72.05199748709994,72.1372299194336,2323400
2014-10-02,72.07524661666183,72.47041465654989,71.88928762028564,72.1139907836914,2282400
2014-10-03,72.55565178660525,73.34598791748851,72.46266932663949,73.1910171508789,3226400
2014-10-06,73.64042336013024,73.99684725532724,73.12902869863218,73.3769760131836,1724000
2014-10-07,72.91209092694831,73.36924739461591,72.5711669921875,72.5711669921875,2556100
2014-10-08,72.76486698907257,73.27625578324837,72.54016379215884,73.18327331542969,3132300
2014-10-09,73.19878082940107,73.95037293103152,72.66414192998737,72.74937438964844,2543300
2014-10-10,73.04377901813889,73.52417941301158,72.72609936736593,72.86557006835938,2875000
2014-10-13,72.69513022072405,73.50096055785741,72.41618872281131,72.46267700195312,2577600
2014-10-14,72.5711605403281,73.12903763257512,72.42393977223918,72.58665466308594,3534200
2014-10-15,71.90478181257004,72.12173494264589,70.37835397542707,71.27716064453125,3475600
2014-10-16,70.5178451500084,71.5173845706136,70.47135095755226,71.13771057128906,2739500
2014-10-17,71.37789968004299,72.3696888868949,71.19193477011076,72.24571228027344,2948200
2014-10-20,72.3542000573594,72.46267664918284,71.94353782952348,72.21472930908203,2544600
2014-10-21,72.80359281647917,73.25299913355411,71.6723329197776,73.02054595947266,3502800
2014-10-22,73.40796491241103,74.60896314128138,73.39247079265503,74.05883026123047,3762100
2014-10-23,74.67868755699759,75.33730285098935,74.52372272989908,74.98087310791016,3707200
2014-10-24,74.84140534973568,75.78670620228367,74.74067879930315,75.72472381591797,2353300
2014-10-27,75.85644796648961,76.73201054585809,75.62399479457174,76.60803985595703,2580500
2014-10-28,76.93348425500719,77.32865235809832,76.77076936821221,77.2744140625,2751900
2014-10-29,77.46033410298497,77.61529889483504,76.75523070355304,77.03417205810547,2049900
2014-10-30,76.78625836969587,77.8942742586229,76.76301423192258,77.48361206054688,2715900
2014-10-31,78.35139416714951,78.40563243387994,77.93298214743133,78.10344696044922,2349600
2014-11-03,78.11123724491442,78.18872559593942,77.43713351863418,77.44487762451172,3703500
2014-11-04,77.66957294471858,78.591629842134,77.34414318499452,78.35917663574219,2920600
2014-11-05,78.70785325290038,78.80082980246145,78.11897615571537,78.63811492919922,1767700
2014-11-06,78.94804672106858,79.07202332983708,78.47539624531632,78.96354675292969,1289900
2014-11-07,79.06425665041003,79.3974363268422,78.80080936806587,79.31995391845703,1434600
2014-11-10,79.11850048607137,79.89333644741843,79.11850048607137,79.80035400390625,2025300
2014-11-11,79.73838306093474,80.27301593113553,79.70738890865019,79.76162719726562,1595300
2014-11-12,79.56788304458169,79.92430677117396,79.14172102826078,79.85456848144531,1466300
2014-11-13,80.04057404666267,80.21103302841222,79.60666179698701,79.98633575439453,1420100
2014-11-14,79.9165802697649,80.04055686063256,79.10300014890132,79.36644744873047,1704600
2014-11-17,79.19596024460064,79.707354670331,79.06423958761951,79.61437225341797,1643300
2014-11-18,79.47491853552158,80.04055134721673,79.38193609877572,79.6918716430664,1787200
2014-11-19,79.50593013054083,79.92434232043428,79.3277152322134,79.83135986328125,1878300
2014-11-20,79.49044117391027,80.36600984405227,79.48269706838279,80.16455078125,1596400
2014-11-21,80.88514398875876,80.93938228196816,80.23428447024581,80.43573760986328,1767100
2014-11-24,80.59845130827637,80.76891620201644,80.16454496896021,80.42024230957031,1463900
2014-11-25,80.6526774499707,80.6526774499707,79.89334147056509,80.14128875732422,2251800
2014-11-26,80.12579467502526,80.90837478924773,80.12579467502526,80.86963653564453,1647900
2014-11-28,81.07110373819249,81.41203353374536,80.75342399267967,80.93163299560547,834600
2014-12-01,80.87737972142962,81.1950653196299,80.59843828792238,80.92387390136719,1594800
2014-12-02,80.37374457568463,81.04009812770832,80.23427385281228,80.89288330078125,2103400
2014-12-03,80.76889953791363,81.59022968270298,80.5829405610778,81.50499725341797,2384200
2014-12-04,81.50500290325577,81.69871190841683,81.21056143203197,81.43526458740234,3234800
2014-12-05,81.51274108886719,82.06287982572749,81.28804386134081,81.51274108886719,1730100
2014-12-08,81.73084046373124,82.66552795871364,81.4504330267169,82.43964385986328,2028700
2014-12-09,81.3491792004988,82.2838667196548,81.28686511452884,81.80094146728516,1975300
2014-12-10,81.43484555259101,82.37732365576262,81.1778044491995,81.2089614868164,2417000
2014-12-11,80.83510119238234,82.35397591981507,80.78057784991647,81.450439453125,2467600
2014-12-12,80.72604546011299,81.60620958773197,80.32101581041697,80.3521728515625,2247400
2014-12-15,80.72603212680423,81.30242243630082,79.55767001851285,80.2976303100586,1960500
2014-12-16,80.09513652453161,81.3413885321346,79.89261871623415,80.28986358642578,2196500
2014-12-17,80.44562807341407,81.38810616664747,80.17301142538743,81.32579803466797,2386200
2014-12-18,82.1047091686351,82.52531433105469,81.55167916460714,82.52531433105469,2225300
2014-12-19,82.88361958802697,83.10949772338759,82.1047114333838,82.36953735351562,3896900
2014-12-22,82.61879641420391,83.04719832135115,82.27607488848612,82.80573272705078,1117200
2014-12-23,83.1640412555246,83.56907692216943,82.78237783097775,83.30424499511719,1290700
2014-12-24,83.65474173620602,83.68589877726849,83.04719429198263,83.12508392333984,540300
2014-12-26,83.52232338081139,83.56905596809152,83.10171226749753,83.1094970703125,779200
2014-12-29,83.10173310439383,83.80274585975769,82.96152936480124,83.30424499511719,824200
2014-12-30,83.30423369210943,83.45222815898761,82.87583772669099,83.28865814208984,939300
2014-12-31,83.46002425257255,84.07536251324017,82.43965035426615,82.44744110107422,1064900
2015-01-02,82.79018381857654,83.1406902607806,81.73865854936416,82.12811279296875,1270800
2015-01-05,81.87103819099846,81.97229411372233,80.90519372451642,81.13886260986328,1728700
2015-01-06,81.06100812159703,81.54393353548649,80.25873330984865,80.41451263427734,2350900
2015-01-07,81.30245218166272,81.82432529733937,80.73385240878699,81.7853775024414,1558200
2015-01-08,82.44743382086266,83.53011577023555,82.2994453001687,83.48338317871094,1941200
2015-01-09,83.54570864990959,83.67812163900952,82.41628801247187,82.43186950683594,1416600
2015-01-12,82.61100843184703,82.77457845388541,81.74641978493094,81.94114685058594,1547200
2015-01-13,82.53310142214846,83.52231803531603,81.52052445943349,82.06575775146484,2086900
2015-01-14,80.72605271890582,81.77757769607817,80.21976115431218,80.82730865478516,2142900
2015-01-15,81.03761570915873,81.4893839240954,80.546905646961,81.17002868652344,1547200
2015-01-16,81.34919498109647,83.10173887643155,81.13888638580056,82.98490142822266,2137100
2015-01-20,83.27308136731017,83.55348286172635,81.73084046373124,82.43964385986328,2226800
2015-01-21,82.15144891483683,82.59542635172753,81.46600589465616,81.79315185546875,2517800
2015-01-22,82.95372603215476,84.30902468086529,81.97230000390319,84.25450134277344,3486800
2015-01-23,84.11428755315708,84.23112496153547,83.28864683445204,83.34317016601562,1885300
2015-01-26,83.27307523179407,83.5301104112872,82.88362114714647,83.39769744873047,1806400
2015-01-27,83.08613736573221,83.13287589931646,82.33838619696267,82.60321807861328,1681100
2015-01-28,82.95370822271879,83.32758670550747,81.40368285037164,81.45820617675781,2262700
2015-01-29,81.69968732150923,81.83989104670907,80.62479605670943,81.42707061767578,2797400
2015-01-30,80.03284084461153,81.09215678034721,79.66675293324114,80.08736419677734,3675400
2015-02-02,80.18079743634154,81.48936321220661,79.40188937791225,81.45820617675781,2060600
2015-02-03,81.64515948637447,82.63437031228746,81.41148464303848,82.59542846679688,2478500
2015-02-04,82.29943445864043,83.62357587992187,82.23712038308436,83.13286590576172,2308200
2015-02-05,82.92257023009755,83.71705996000098,82.92257023009755,83.66253662109375,1705700
2015-02-06,83.66254600941417,84.1766224135705,83.27309184705979,83.49897003173828,2482500
2015-02-09,82.1202982500724,82.68890389572749,81.90999563420449,82.38512420654297,2206900
2015-02-10,82.6733239402526,83.16403401480319,82.55648651033145,82.96930694580078,2065500
2015-02-11,83.0160429787803,84.05977718469701,82.80573442274742,83.94293975830078,1865500
2015-02-12,83.95073383034651,84.2467227812886,83.77937305719027,84.15325164794922,2151900
2015-02-13,83.9351492672803,84.43365003970233,83.88062593100283,84.12208557128906,2232200
2015-02-17,84.45701633487867,84.5349059663325,84.08313778426317,84.12208557128906,3307900
2015-02-18,83.71706745293679,84.19998680002415,83.62359631675918,84.10652160644531,1829800
2015-02-19,84.04418944996209,84.34796314899324,83.83388092441899,84.11428833007812,2155600
2015-02-20,83.80272869086804,84.18439797982033,83.14844866854611,83.98188018798828,2177200
2015-02-23,83.82609817936026,83.83388298227702,83.14065519643579,83.40548706054688,1817300
2015-02-24,83.31203219309363,84.05978345819753,83.31203219309363,83.77159118652344,1530200
2015-02-25,83.77161039373439,83.92738971454034,83.2497371895741,83.27310943603516,2028900
2015-02-26,83.19518125796972,84.15324093933864,83.14844866854611,83.98188018798828,2673100
2015-02-27,83.86505102870302,84.29345294925692,83.58464357935836,83.68590545654297,3217100
2015-03-02,83.68588482514427,84.09091440623395,83.55346593705616,84.04418182373047,1344800
2015-03-03,83.69368885611162,83.97409630075107,83.26529288534458,83.65474700927734,1088600
2015-03-04,83.27309758493168,83.56908062937988,83.08615529544923,83.24972534179688,1640300
2015-03-05,83.24973184792256,83.88843653040524,83.09395253711207,83.810546875,1418400
2015-03-06,83.36428072522489,84.26462267673156,82.76143652626406,82.83190155029297,2199700
2015-03-09,82.96499477969468,83.7635605548433,82.93367765494541,83.55217742919922,1257000
2015-03-10,82.73009482080472,82.79272905174707,81.98633274103355,81.9941635131836,1768000
2015-03-11,82.1820982154293,83.027642804554,82.02551256570337,82.73013305664062,1837500
2015-03-12,83.27814044932043,84.4368439266159,83.2311617866905,84.42118835449219,1475100
2015-03-13,84.155015654513,84.2959397293193,83.19986425561802,83.55217742919922,1719300
2015-03-16,84.16287041312685,85.399870314146,84.16287041312685,85.28243255615234,2020800
2015-03-17,84.67171941846074,85.39199519957384,84.30375075526857,85.14146423339844,1663000
2015-03-18,85.1649415350892,85.95568223970074,84.32722814591042,85.74429321289062,2426400
2015-03-19,85.8382889966617,85.93224038756689,85.12584369497587,85.42334747314453,1448500
2015-03-20,85.79131469823362,86.30803240580877,85.4781493741505,85.90875244140625,4366100
2015-03-23,85.79910899957088,86.50372923498524,85.69733284400589,85.82260131835938,1535500
2015-03-24,85.64253545933474,86.00267338897201,85.43897716062496,85.51727294921875,1217000
2015-03-25,85.5250805719853,85.63468748624616,84.20196682894232,84.24893951416016,1663600
2015-03-26,84.0140915854232,84.06889506045545,83.33296353475531,83.63829803466797,1489800
2015-03-27,83.48952942452712,83.97493581847232,83.28597113375915,83.87315368652344,1467800
2015-03-30,84.33507847922886,85.86958158668378,84.3194169319879,85.83826446533203,2033200
2015-03-31,85.14148097960779,85.21977080197442,84.4916641050167,84.65607452392578,1944800
2015-04-01,84.5543030397485,84.5543030397485,83.62263797448271,83.85751342773438,1860100
2015-04-02,83.87316285243439,84.44468989442693,83.74790033351644,84.35073852539062,1105600
2015-04-06,83.7165847092651,85.06319115724116,83.63046411272263,84.65607452392578,1052700
2015-04-07,84.65607451904911,85.0240432545947,84.0375747680664,84.0375747680664,1363300
2015-04-08,83.72441547861794,84.31159810602968,83.6696120056514,84.0375747680664,1544000
2015-04-09,84.03757488339352,84.46817786667195,83.5913163248734,84.00626373291016,1217800
2015-04-10,84.32726139937944,84.38989565225401,83.81054374599194,84.28028869628906,1699900
2015-04-13,84.05324401155508,84.81266790156766,84.00627130846354,84.45252990722656,1267300
2015-04-14,84.32725070380005,85.02404025254243,83.84184426528486,84.38988494873047,1307800
2015-04-15,84.67957761448524,85.14932258154933,84.55430910426477,84.616943359375,2055700
2015-04-16,84.38206019403417,85.3450423658578,84.1315291695718,85.07884979248047,1804300
2015-04-17,84.0610874150353,84.22549787368638,82.02551570267256,82.51875305175781,3553600
2015-04-20,83.09808349609375,83.79487305721835,82.86320805999604,83.09808349609375,2667700
2015-04-21,81.93938133952382,82.40129547317338,79.51235503164322,79.76288604736328,5704600
2015-04-22,79.73153540120838,80.00555862427002,78.94080076184692,79.8724594116211,4271800
2015-04-23,79.34794618644125,81.41482860041138,79.34794618644125,81.01554870605469,3115100
2015-04-24,80.94505624242447,81.60270368199457,80.40484648561281,81.38348388671875,2222700
2015-04-27,82.30731311134217,82.51870212280835,80.67103433764774,80.89807891845703,2486900
2015-04-28,80.71804502399257,81.66536570318705,80.42837205629321,81.17213439941406,2038700
2015-04-29,80.78848559944409,81.0938200245721,80.0212311637831,80.52229309082031,2177200
2015-04-30,80.38138741807046,80.64757998752056,78.88603206781521,79.16004943847656,3058100
2015-05-01,79.73940130993996,80.02124945496413,79.45755316491578,79.95079040527344,1803800
2015-05-04,79.99775234311329,80.38920738374838,79.95077964963865,79.98992156982422,1528900
2015-05-05,79.63762666427017,80.46750956658326,79.62979588977737,79.89598846435547,1720400
2015-05-06,79.96644435537303,80.27177884408766,79.04261011504578,79.67676544189453,1778800
2015-05-07,79.41058043584958,80.49099434262355,79.26965636338944,80.31092834472656,1744400
2015-05-08,80.95292661830851,81.49313066627285,80.85114445599676,81.21128845214844,1423400
2015-05-11,80.16216127098416,80.70237112853957,79.44971621614204,80.02906799316406,5003600
2015-05-12,79.4888656533345,79.97427209104055,79.17570040233481,79.59847259521484,2083100
2015-05-13,79.79419561177744,80.22479855415867,79.38708498972338,79.83334350585938,1699300
2015-05-14,80.41268312824333,80.59275505137052,80.16998294645065,80.44400024414062,1641600
2015-05-15,80.4127075421776,80.77284552464361,80.2482971136473,80.38922119140625,1627500
2015-05-18,80.40486606969009,80.96073750526416,80.40486606969009,80.77283477783203,1382600
2015-05-19,81.10949258041819,81.35219879533486,80.88244791388612,81.1564712524414,1667400
2015-05-20,81.3600005440588,81.51658611788535,81.04683536953462,81.18775939941406,1824100
2015-05-21,81.12512947218897,81.266053499166,80.67104027713759,80.7101821899414,1777100
2015-05-22,80.6789062934185,80.92943734269639,80.41271369367436,80.42837524414062,1565200
2015-05-26,80.21695847835338,80.4048552072712,79.43404847254499,79.54365539550781,1545600
2015-05-27,79.85682979188465,80.2404540664477,79.38708492891134,80.12301635742188,1288500
2015-05-28,79.8333572304951,80.02908478829346,79.58282619543844,79.97428131103516,1215700
2015-05-29,80.06824224746354,80.07607302377116,79.097435044945,79.16790008544922,2046200
2015-06-01,79.53581692344599,79.75503672127923,79.03475504608465,79.08173370361328,1350800
2015-06-02,78.89386917427088,79.07394117343782,78.46327208839351,78.54939270019531,2445800
2015-06-03,78.9251481337324,79.37923732669385,78.51803759829959,79.08173370361328,1828500
2015-06-04,78.37713925311982,79.25400081238007,78.26753230485363,78.45542907714844,1637800
2015-06-05,78.72944644901966,78.98780824413566,77.72732236592444,77.75080871582031,1804100
2015-06-08,77.90837885609415,78.05804708224709,76.98671395012065,77.01034545898438,2447700
2015-06-09,77.20725849040912,77.54599070129629,76.83701560757359,77.04183197021484,1883500
2015-06-10,77.23088841179519,78.71185390279213,77.23088841179519,78.12892150878906,1891500
2015-06-11,78.0422467805493,79.01118011877895,77.99498379187033,78.87725830078125,1709200
2015-06-12,78.49127667077457,78.70397217641329,77.93985500809154,78.35736083984375,1426100
2015-06-15,77.80594270891243,78.25495926360422,77.37268449511288,77.82170104980469,1458000
2015-06-16,77.50659318195993,78.5936842112962,77.50659318195993,78.37311553955078,1436200
2015-06-17,78.64884839963462,78.91668615463398,78.04228438250661,78.6015853881836,1225900
2015-06-18,78.84576427872159,80.11404016299515,78.84576427872159,79.932861328125,2196500
2015-06-19,79.6886849933742,79.83835320389886,78.19983397989608,78.34162902832031,3014900
2015-06-22,79.09785806787238,79.20026324589298,78.62520399074036,78.80638885498047,1263000
2015-06-23,79.04272647156148,79.2475428806321,78.35738873397699,78.77489471435547,1105200
2015-06-24,78.60946321343955,78.72762675009008,77.81383514404297,77.81383514404297,1402500
2015-06-25,77.49085657782346,77.83746198516927,76.99457095563923,77.04971313476562,1403800
2015-06-26,77.34118418657226,77.64052659312796,76.97882042809529,77.13636779785156,2061600
2015-06-29,76.49039172054111,76.78186088087563,75.70264308076202,75.7341537475586,1818600
2015-06-30,76.16743032956643,76.49828336983886,75.5135974094713,76.143798828125,2752000
2015-07-01,78.49917586750308,79.12149819418528,77.62477414356137,78.22346496582031,3447000
2015-07-02,78.37311477366693,79.1372319576361,78.05014093892318,78.16830444335938,1996200
2015-07-06,77.5302172082891,78.08164484454866,77.38842221725606,77.93984985351562,1756000
2015-07-07,77.97924825685668,78.8930397054733,77.43570569798268,78.79850769042969,2716300
2015-07-08,78.09740753520539,78.35736605493415,77.68778084567028,77.79806518554688,2352200
2015-07-09,79.07423258493206,79.55475989574795,78.67248497231984,78.83003234863281,3101500
2015-07-10,79.80681460163105,79.83832526914972,79.3105351108139,79.56261444091797,1225300
2015-07-13,80.27160407864808,80.68910998185537,80.21646190294234,80.61033630371094,2174900
2015-07-14,80.33460933004403,80.81513047346603,80.28734032459066,80.64970397949219,1211400
2015-07-15,80.34250401912026,80.8072789686817,80.34250401912026,80.68123626708984,1737800
2015-07-16,81.4138325210666,81.69742255330044,81.146000829538,81.36656951904297,2020100
2015-07-17,81.2720373068189,81.45322216421117,80.90179443174699,81.09085845947266,1449000
2015-07-20,81.06722913559004,81.20114498462421,80.7600015847967,80.83090209960938,1756600
2015-07-21,81.90223967402149,82.50093041542279,80.44490566762477,82.30399322509766,3389500
2015-07-22,82.45365799693212,83.39108090737157,82.31186298535343,82.94994354248047,2119200
2015-07-23,83.02083804324688,83.17838538498061,82.61908450876629,82.94994354248047,1568700
2015-07-24,82.84754925008654,83.14689767446808,82.67424353282294,82.92632293701172,1605000
2015-07-27,82.05190799506411,83.4856103977176,81.96525515671316,83.17838287353516,2239500
2015-07-28,83.50136456262268,83.58013823284242,82.85541085074762,83.4541015625,1903200
2015-07-29,83.46983747297868,83.9739960752657,83.27290033114643,83.84008026123047,1805600
2015-07-30,83.65890614984409,84.01339665652327,83.43833748437902,83.89523315429688,1103900
2015-07-31,84.1552100742096,84.36002044550887,83.51712942656388,83.59590911865234,1758500
2015-08-03,83.80859518769219,84.24185943603516,83.49349446253788,84.24185943603516,1497800
2015-08-04,83.90310127700138,84.37574921363215,83.69828496744502,83.99762725830078,2118400
2015-08-05,84.37577237226779,84.65936241409219,83.36745489469048,83.56439208984375,2829200
2015-08-06,83.68255871877065,83.73770089506091,82.65060369098642,83.07598876953125,1497000
2015-08-07,82.918437777052,83.17051714476489,82.52456338937274,83.09174346923828,1507300
2015-08-10,83.5722781823034,83.98191097723424,83.17053056925803,83.35958862304688,1916300
2015-08-11,82.71363025312527,83.4934999412702,82.70575108171663,83.41472625732422,1515100
2015-08-12,82.75302574064554,83.20991554269305,81.96527682739826,83.0523681640625,1708800
2015-08-13,82.91845658449435,84.84055994550641,82.3670287106416,84.24974822998047,3227600
2015-08-14,84.22608936728875,84.98232739633872,84.09217353100863,84.8484115600586,1488300
2015-08-17,84.39151587270166,84.99020656613331,83.88735718666834,84.8484115600586,1213200
2015-08-18,84.81690271386834,85.06110890238466,84.12368600818486,84.93506622314453,889700
2015-08-19,84.50970350289035,85.11627353926315,83.8716287984373,84.46244049072266,1386900
2015-08-20,83.65103107298809,83.99763639218332,83.23352525006402,83.26502990722656,1556800
2015-08-21,83.65106345936302,83.65106345936302,81.02785799665428,81.08300018310547,2293700
2015-08-24,77.19151279372754,79.88561859118037,75.00157181998675,77.81383514404297,5527100
2015-08-25,79.14512683998298,79.42083773170741,76.91579618252447,77.00244903564453,2932300
2015-08-26,78.83003690025362,79.00334263023281,76.8764168669167,78.77489471435547,2602300
2015-08-27,79.63349467862558,80.12978009063872,78.60942521281038,79.87770080566406,2711100
2015-08-28,79.56261820034868,79.73592387486762,78.61732217030337,79.11360168457031,1678300
2015-08-31,78.57003250576423,78.97178591743332,78.23917958323392,78.42036437988281,1931200
2015-09-01,76.97092071778496,77.63263271629428,76.5770463884482,76.79761505126953,2542000
2015-09-02,77.47508064644059,77.93197631835938,77.10483780919762,77.93197631835938,1642700
2015-09-03,78.1210340016038,78.86151967310283,77.99499733988537,78.2785873413086,2382800
2015-09-04,77.1678928581079,77.67205174736083,76.64010245999125,77.01034545898438,1923200
2015-09-08,78.42922992709036,79.02375106104883,78.08044225987791,78.9920425415039,2104700
2015-09-09,79.46767319201446,79.6420670584352,77.92192037198119,78.06460571289062,1590800
2015-09-10,77.81092584951224,79.0713077009074,77.73958017140191,78.54812622070312,1628100
2015-09-11,78.02496440200727,78.88899899713631,77.82679066391904,78.86521911621094,1375300
2015-09-14,78.92862796557752,79.14265291945779,78.2865470561548,78.69874572753906,1601800
2015-09-15,78.88898815753005,80.1810846229078,78.61947481369769,79.95120239257812,1694300
2015-09-16,79.87195357556605,80.91831078189298,79.66585117268528,80.78355407714844,2034100
2015-09-17,80.80731889662096,81.75062170176682,80.2603574880786,80.58536529541016,1776500
2015-09-18,79.13472615175012,79.99083801768535,78.82557565257045,78.99996948242188,5001800
2015-09-21,79.61828303082353,80.40304934107424,79.36462088772319,79.68169403076172,2095200
2015-09-22,78.68292934123927,78.9920799936513,78.22316466152436,78.46097564697266,2326600
2015-09-23,78.47679749317258,78.9920504034418,78.0645987936266,78.54021453857422,1919200
2015-09-24,78.19141276002223,78.65910582593365,77.93775067186424,78.36580657958984,2387000
2015-09-25,78.95243391959235,79.7530576961088,78.06461924253703,79.19817352294922,1942900
2015-09-28,78.79387667239843,79.4755947910102,78.29447499958847,78.54021453857422,2892800
2015-09-29,78.64326286029474,78.96034204016077,77.85056793452084,78.849365234375,2127600
2015-09-30,79.54693649263818,79.55486513546442,78.69875314370395,78.89692687988281,2556100
2015-10-01,79.15059976238821,79.24572534586594,77.03410542422081,77.95362854003906,2981400
2015-10-02,77.32740130046075,79.29328155517578,77.03410196707128,79.29328155517578,2410900
2015-10-05,79.84818367586173,80.78356417784961,79.65000989194722,80.74392700195312,1846700
2015-10-06,80.490266358048,80.54575477670649,79.98294194523216,80.1176986694336,1329600
2015-10-07,80.47437878899561,81.21951388586004,80.28413371771725,80.98963165283203,1328100
2015-10-08,80.59328496751395,81.81403577768991,80.50608804908839,81.71891021728516,1213700
2015-10-09,81.9408804380378,82.24210234653904,81.35428181147587,81.60002136230469,1290600
2015-10-12,81.37807557755212,82.44028402649604,81.37014693378566,82.21833038330078,983700
2015-10-13,81.82197852950016,82.43235101595319,81.6475846625756,81.89331817626953,1287600
2015-10-14,81.82198741201407,82.22626359761036,81.40185998578697,81.46527099609375,1938400
2015-10-15,82.13907766554068,83.20128631591797,81.82199838036776,83.20128631591797,1657600
2015-10-16,83.42322188930224,84.00189191269239,83.26468530502761,83.94640350341797,1869700
2015-10-19,83.81956286710727,84.39823284541129,83.08235631688073,84.27932739257812,2395100
2015-10-20,86.07082719497154,87.0854758584893,85.53972298012756,86.36412048339844,3135000
2015-10-21,86.80011864501398,88.68673091872618,86.79219000016002,87.75135040283203,3099000
2015-10-22,87.84647968979903,89.51906700502323,87.79891991424446,89.0355224609375,2488000
2015-10-23,89.40805261608145,89.55073793060787,88.70255468530686,89.00377655029297,2326700
2015-10-26,89.24951895585214,89.56659813630758,88.9562257033513,89.39220428466797,1798900
2015-10-27,88.91661268981362,90.17700111133632,88.87698156135586,89.8995590209961,2119800
2015-10-28,90.21661735626014,90.62089350565108,89.63795338441365,90.57333374023438,1783700
2015-10-29,90.61295817163459,90.97759712439937,90.12149117119543,90.59710693359375,1932200
2015-10-30,90.81114984580012,90.85078702040465,89.48735046386719,89.48735046386719,2207300
2015-11-02,90.02634929423135,90.35135706913807,89.82024695033394,90.26416015625,1828600
2015-11-03,90.20870268007909,90.47821610481196,89.56661555166905,90.12150573730469,1536000
2015-11-04,90.13734947082594,90.6526024403664,89.71722208033053,90.43064880371094,2031600
2015-11-05,90.70809909749548,90.82700457016797,90.24040585105934,90.34346008300781,1510800
2015-11-06,90.81904809465472,90.98551328626995,89.24950964148273,89.6537857055664,2620800
2015-11-09,89.35258425232713,89.63002630172755,89.10685072968434,89.43978118896484,1586100
2015-11-10,89.49525240828441,90.44648383716522,89.15439337084212,90.40685272216797,1488300
2015-11-11,90.6129457458588,90.98551329044498,90.24830684309703,90.6684341430664,1218200
2015-11-12,90.23247240664554,90.5178430876382,88.9879415108987,89.02757263183594,1939600
2015-11-13,89.06718517729523,89.50316972155373,88.64705791525402,88.78181457519531,2043600
2015-11-16,88.66294682391933,89.50320775282249,88.48063033541939,89.48735046386719,1653500
2015-11-17,89.423927132588,89.93125148347364,89.12270518918196,89.36843872070312,1569000
2015-11-18,89.44768826119726,90.99344692150473,89.37634862421088,90.90625,1688300
2015-11-19,91.04103216218004,91.39774859030419,90.4702907154084,91.17578887939453,1067400
2015-11-20,91.35018544974395,92.33313176924271,91.22335737328908,91.81787872314453,1693700
2015-11-23,91.80199471155015,92.07151412321257,91.46906430401025,91.65930938720703,1320800
2015-11-24,91.41357956985468,91.77028987113103,90.93003517617103,91.50870513916016,1486200
2015-11-25,91.51665848009408,91.58007554760337,90.81908888084517,91.00141143798828,1164800
2015-11-27,90.9300235734065,91.23917407447338,90.64465294968605,91.04100036621094,548100
2015-11-30,91.29468471484887,91.55627552495955,90.68431220570703,90.8190689086914,1874100
2015-12-01,91.37396669701043,92.2380075498503,91.27091850536956,91.698974609375,1829500
2015-12-02,91.4849362307001,92.00811180516943,90.85870643184478,90.93004608154297,1667800
2015-12-03,90.4227235451476,90.5891887788708,88.02085852633908,88.21903228759766,4310100
2015-12-04,88.55987647326144,90.45441682777061,88.55987647326144,90.41477966308594,2226300
2015-12-07,89.72514030882884,90.36722126144879,89.4794007700996,90.0422134399414,1908000
2015-12-08,89.59593641405553,90.05818341656052,89.03805629409246,89.55609130859375,1991700
2015-12-09,88.99022804964525,89.97050385748972,88.32873736538295,88.49610137939453,1835500
2015-12-10,88.3765491457711,89.06194806924897,87.86648567905772,88.45624542236328,1580400
2015-12-11,87.41220033159216,88.4323271496882,87.14122572529045,87.47595977783203,1832500
2015-12-14,87.61145742391874,89.28510362054385,87.40424223220359,88.48812866210938,2285000
2015-12-15,89.07786938078162,90.63197386566732,89.0619325604128,90.20160675048828,2262400
2015-12-16,90.92687244270265,91.52460367699999,90.1219320917632,91.28551483154297,1774400
2015-12-17,91.40506267274485,91.48475895489365,90.24944530005916,90.27335357666016,2215700
2015-12-18,90.27333635729981,90.27333635729981,87.72301933238373,87.77083587646484,5070000
2015-12-21,88.35266051528558,88.80693608134504,87.68319826610255,88.41641998291016,1423200
2015-12-22,89.03803517749012,89.76327916144047,88.34466483817499,89.64373779296875,1771400
2015-12-23,89.9306496139877,90.25741225909805,89.4763741398746,90.22553253173828,1465200
2015-12-24,89.95456844806493,90.64793279123977,89.85095780887858,90.27335357666016,507300
2015-12-28,90.05816135765569,90.46462024860607,89.78719281731263,90.44071197509766,711400
2015-12-29,90.91888524873764,91.80352774960329,90.8471543560116,91.66803741455078,1048900
2015-12-30,91.67604066777629,91.86731298067382,90.97470480019392,91.0862808227539,646700
2015-12-31,90.9507689586511,91.11016149102251,89.92267070768001,89.94657897949219,956100
2016-01-04,88.23307781530009,88.4323215117705,86.65507114429816,87.64331817626953,2846000
2016-01-05,87.60345531731357,88.24900894244793,87.30060712803925,88.04179382324219,1870400
2016-01-06,87.14123421177281,87.49987657147281,86.5275662031479,86.90214538574219,1730900
2016-01-07,85.67481631107745,86.42397479014204,84.50326203609326,84.83002471923828,2284400
2016-01-08,85.28430008074152,85.62699958853833,84.34386929751564,84.47138214111328,1984500
2016-01-11,84.8539236432879,85.49947140510007,84.17649615391959,85.10895538330078,1549700
2016-01-12,85.8262419318065,86.23269481448156,84.9495645446167,86.05736541748047,2116000
2016-01-13,86.28848233010649,86.73479247388342,84.34386742524117,84.52716827392578,2881400
2016-01-14,84.43153647595192,86.08127454194285,84.34386873637061,85.26039123535156,1919000
2016-01-15,82.31159796458968,84.26419085952939,82.31159796458968,83.76209259033203,2532400
2016-01-19,84.96549815617287,85.01331470644853,83.90552003519713,84.28807067871094,2459600
2016-01-20,83.594707876007,83.64252443061757,81.83339384275546,82.60646057128906,3320400
2016-01-21,82.77381325677881,83.76206042615378,80.67777146743798,81.84931945800781,3184000
2016-01-22,82.59050531076608,82.8056919351957,81.35519788477716,82.19998931884766,2483700
2016-01-25,81.71383800490497,82.40720837791216,80.93280598423752,81.3552017211914,2930000
2016-01-26,81.49864768413275,82.88538218352754,81.43488823853322,82.28765106201172,2018200
2016-01-27,82.14420745178518,83.48312560445838,81.87323888871903,82.33547973632812,1694500
2016-01-28,82.71804358439996,83.53892693699864,82.12031227944706,83.2599868774414,1391400
2016-01-29,83.90550443780657,85.33209003338877,83.6584442000607,85.30818176269531,2195900
2016-02-01,85.10894343290761,85.55524739515424,84.6148168458235,85.2842788696289,1843800
2016-02-02,84.08086956822073,84.83002807693815,84.08086956822073,84.50326538085938,1730200
2016-02-03,84.75828483531811,85.68277869722449,83.47515467758313,85.18865203857422,2085000
2016-02-04,85.08506641964902,85.73061432798234,84.94957602667382,85.66685485839844,1607000
2016-02-05,85.66683194373198,86.07329085306019,84.48731247412312,84.71046447753906,2756600
2016-02-08,83.82583255996046,84.47935183090661,82.82961378836958,84.16056060791016,3409300
2016-02-09,82.84553920874762,84.59091620204481,82.70208348216929,84.41558074951172,1983600
2016-02-10,84.7582947869528,85.79436477722778,84.16056350343348,84.2562026977539,1584500
2016-02-11,82.67020612886003,83.3316906513361,82.14419979485236,82.70207977294922,2544600
2016-02-12,83.53893272464684,85.73858578178974,83.02886912885104,85.66685485839844,2095900
2016-02-16,86.2884777513424,86.47178467073695,84.96550245645581,85.57120513916016,2322300
2016-02-17,86.07328704964438,87.07747710107893,85.77840415505446,87.01371765136719,1913800
2016-02-18,86.87822078523233,87.0694930262006,86.53552139326193,86.75070190429688,1678100
2016-02-19,86.51959106850462,86.6471099679749,85.93780281086998,86.14501190185547,1682500
2016-02-22,87.20498080261467,87.29264851669353,86.46379399840673,87.1491928100586,2280700
2016-02-23,86.58336765746796,86.71885195464746,85.77842116642073,86.00157928466797,1523100
2016-02-24,85.51538778656398,86.71084983718454,85.01328983382533,86.45581817626953,1521900
2016-02-25,86.70288186407271,87.0854263305664,86.24860650983977,87.0854263305664,1392900
2016-02-26,87.34843880625667,87.50783741806228,86.27252401841888,86.43988800048828,1807700
2016-02-29,86.43989318259165,86.64710835014391,85.58713031972296,85.69073486328125,2923000
2016-03-01,86.17688621578344,87.77083587646484,86.10516139966177,87.77083587646484,1651900
2016-03-02,87.71503840212804,88.01789269640649,87.41219018828437,87.82661437988281,1521000
2016-03-03,87.60348374807795,87.89039521226628,86.57538534814245,87.50785064697266,1819400
2016-03-04,87.97008767549622,88.13745167560957,86.91808104590083,87.98603057861328,1372900
2016-03-07,87.68320029233885,88.05777957274235,87.31659246568199,87.99402618408203,1227000
2016-03-08,87.7215230432663,89.42049866305017,87.7215230432663,88.8354721069336,1891900
2016-03-09,89.35639842557478,89.51667651518042,88.81946009975701,89.22016143798828,1452000
2016-03-10,89.16404850350303,90.04559007654937,88.61909453056627,89.38042449951172,1683000
2016-03-11,89.90936448719893,91.09543697504206,89.86127617094473,91.07139587402344,1978900
2016-03-14,91.07938820755041,91.19959979596943,89.98146466750592,90.41422271728516,1732100
2016-03-15,89.94141022516636,91.66442080381087,89.821198620694,91.2957763671875,1528400
2016-03-16,90.95919092227126,92.16931050467147,90.95919092227126,91.90484619140625,1409000
2016-03-17,91.94493529562503,93.09895103642953,91.71252777680992,92.82647705078125,1518600
2016-03-18,92.95468202042514,92.96269775807451,92.00902674693813,92.7703628540039,5239600
2016-03-21,92.41772985042435,93.21913229661749,92.41772985042435,92.98672485351562,1200600
2016-03-22,92.92264080694632,93.58780651670163,92.5940688786759,93.01079559326172,1528400
2016-03-23,93.09092435159891,93.33134145119097,92.20136702041081,92.87454223632812,1458600
2016-03-24,92.67419708751993,92.89858883945509,91.8968355795898,92.47384643554688,1476900
2016-03-28,93.05085192103519,93.29127513521341,92.61809380404421,93.16304779052734,884800
2016-03-29,93.13097561117398,93.65990414953937,92.77835658559705,93.291259765625,1234100
2016-03-30,93.72404288758662,94.32509490981796,93.5397236913974,94.10871887207031,1147600
2016-03-31,94.0766618406304,94.25297141173718,93.3553981925651,93.53170776367188,1111400
2016-04-01,93.29929374420713,94.20488263917444,92.89058280064425,94.08467102050781,1479000
2016-04-04,94.28502767586804,94.78990916931339,93.90035169451636,94.21289825439453,1096100
2016-04-05,93.82019965306226,94.43727694846667,92.97872449965796,93.06687927246094,1215100
2016-04-06,93.00279437433664,93.26725264296792,92.12926217122742,92.90662384033203,1644700
2016-04-07,92.6261134999733,92.6261134999733,91.64840135471712,91.7605972290039,1294000
2016-04-08,91.99299252027195,92.97070453591567,91.99299252027195,92.34561157226562,907000
2016-04-11,92.44179990320679,93.18710465620397,91.94493414402024,91.98500061035156,1176600
2016-04-12,92.00900839926614,92.39368424491485,91.46405451788928,92.31354522705078,1749400
2016-04-13,92.85850263097826,93.10693543004561,92.04908445715141,92.93062591552734,1483900
2016-04-14,92.8585309223891,92.9546953310865,92.24144743356702,92.44981384277344,1588300
2016-04-15,92.7543419864894,93.45958023909628,92.44179543879935,93.14703369140625,1550600
2016-04-18,93.14702793604698,93.22716697410513,92.50590340314847,92.97071838378906,2349800
2016-04-19,93.61185061364824,93.9564540309349,93.03483967175266,93.17909240722656,1216400
2016-04-20,93.46758875107905,93.50766132921557,92.2735005160584,92.80242919921875,1962600
2016-04-21,89.38042688215046,90.053608214531,86.75182745351935,87.18458557128906,5073700
2016-04-22,87.48112577193511,89.09194087228718,87.43303745001072,88.82747650146484,2023500
2016-04-25,88.59508066668992,88.6752197226532,87.76162103339223,88.4267807006836,1482300
2016-04-26,88.6591485592411,88.89957173373594,87.80164820439198,88.1302261352539,1614900
2016-04-27,88.25847404724526,88.25847404724526,87.25672070746087,87.77763366699219,2342000
2016-04-28,87.12848228688668,88.05009640068741,86.84799262987322,87.4570541381836,1448300
2016-04-29,87.32084478646826,88.25047493130938,86.9522002472368,88.07416534423828,1697600
2016-05-02,88.16228909188503,89.17205182080758,88.16228909188503,88.88355255126953,1413900
2016-05-03,87.89781130195578,88.70722939949356,87.84972911678821,88.4187240600586,1256500
2016-05-04,87.76961205696819,88.30655645797891,87.0964367924892,87.93791198730469,1348400
2016-05-05,88.46683514249798,89.0839185867181,88.37066462653443,88.75534057617188,1590000
2016-05-06,88.55497277663412,88.62709606398164,87.93789556609254,88.51490020751953,1272700
2016-05-09,88.24241889709508,88.99573911087286,88.16227987980736,88.80339813232422,942300
2016-05-10,88.95569392257241,89.9814883336751,88.74732752212438,89.97347259521484,1267100
2016-05-11,90.00552907914854,90.65466937909116,89.67695717417989,89.7330551147461,1519500
2016-05-12,89.90936788572157,90.59055893527136,89.46057823094776,90.2699966430664,1274800
2016-05-13,90.42224894609568,90.56650164609428,89.70098544610262,90.29402160644531,1608200
2016-05-16,89.96544095786116,90.44628120613447,89.70899241783437,89.94940948486328,1155000
2016-05-17,89.82120651931221,89.96545923452098,88.23442665201578,88.49087524414062,1490500
2016-05-18,88.3706486386101,89.66892285526018,88.13824730029003,89.19609832763672,1346700
2016-05-19,88.57904709986954,88.93166627486117,88.04210871192713,88.23444366455078,1638300
2016-05-20,88.75533919542309,90.12573692694664,88.5389631806422,89.66893768310547,1805800
2016-05-23,89.5166594493267,89.90935108816525,89.12397392470417,89.26822662353516,1110700
2016-05-24,89.44456426587058,90.95921502248197,89.35640947142502,90.9111328125,1386400
2016-05-25,91.16756627339639,91.6644319983784,90.82296289273938,90.99125671386719,1180200
2016-05-26,90.94315751343936,91.16754923300138,90.56649736379634,91.03932189941406,1205200
2016-05-27,91.04735873812118,91.63237926910855,90.99927653398994,91.50415802001953,1031200
2016-05-31,91.5441981814923,92.16127533478364,90.951156007538,91.4720687866211,2135700
2016-06-01,91.15956262322031,92.05713590247501,90.85503177997101,92.03308868408203,1398800
2016-06-02,91.96896649940672,92.07314663902035,91.52819261216298,92.05712127685547,1130800
2016-06-03,91.45607965005436,92.1292549929824,90.78289819290886,91.85678100585938,1087400
2016-06-06,92.16129739610298,92.42576171691245,91.45606532149422,91.62435913085938,1339200
2016-06-07,91.84873286705394,92.16929506146289,91.54420214518385,91.82469177246094,1888800
2016-06-08,91.53451138610261,92.30031943664049,91.53451138610261,92.0746078491211,1280900
2016-06-09,91.760222973622,92.2116461486608,91.51838561546293,92.0746078491211,918800
2016-06-10,92.00204416978622,92.22776188292214,91.3087837120301,91.74408721923828,1203600
2016-06-13,91.58288751702047,92.34869566053746,91.00248270711359,91.09115600585938,1363400
2016-06-14,91.18787960742694,91.29267251412912,90.48655620053859,90.7283935546875,1530100
2016-06-15,90.99441839956202,91.14758248594522,90.03514405111918,90.13187408447266,1174600
2016-06-16,89.67237298942001,90.92185567964968,89.47890680486505,90.88961029052734,1143000
2016-06-17,91.14756484904244,91.17174735270153,89.74492428520428,90.17216491699219,2102200
2016-06-20,90.79287590640932,91.56674681000776,90.69614588732153,90.7767562866211,1171200
2016-06-21,91.01858152388357,91.21204768649602,90.65582555003452,90.86541748046875,1056100
2016-06-22,91.0185790402004,91.14755442836311,90.05929883686873,90.1479721069336,1565800
2016-06-23,91.26849321796172,91.81665257648501,90.71227097396877,91.7763442993164,1132500
2016-06-24,88.1165450147416,90.6235664665628,88.01981502314561,89.49500274658203,2424000
2016-06-27,89.0516616996292,89.3418640370098,88.13268968131685,88.95492553710938,1868900
2016-06-28,90.18024135177001,92.0181857081718,89.54340867561677,92.00205993652344,2062600
2016-06-29,92.60662532308015,94.19467519506287,92.47764993128834,94.16242980957031,2190900
2016-06-30,94.24308001877681,95.96816878279449,94.17858922475094,95.9601058959961,2584300
2016-07-01,95.89559619935909,96.16967894485242,95.30713473286534,95.80692291259766,1353400
2016-07-05,95.32324586765237,95.96007843853172,95.13783642542518,95.66987609863281,1406100
2016-07-06,95.42803165515333,95.90364340184247,95.16201798854858,95.73435974121094,1360400
2016-07-07,95.68598146398782,95.75853511324433,94.35589477945706,94.7267074584961,1237100
2016-07-08,95.44416759270264,95.46835009677264,94.75896999327674,95.18621063232422,1197300
2016-07-11,95.37966559917984,95.50058425548983,95.04916116545608,95.21844482421875,1019500
2016-07-12,95.44418279735622,95.84724099654254,94.85571512046498,95.19428253173828,1201000
2016-07-13,95.39581124138056,95.54091243850169,95.08948922531593,95.12173461914062,1231800
2016-07-14,95.92783077110793,95.99232154514822,95.42803649756388,95.7182388305664,1090300
2016-07-15,96.04070773753261,96.08101601774463,95.42805754935448,95.63764953613281,1546800
2016-07-18,95.51671490378409,95.81498013710383,94.60580573471753,94.6219253540039,2037200
2016-07-19,94.25916746746972,94.57355229330689,93.96090225954639,94.35590362548828,1384400
2016-07-20,94.67834110523121,94.83956802831442,94.26722628927013,94.32365417480469,1662000
2016-07-21,93.82390011956595,94.21083875049784,92.70339866252898,94.08992004394531,1799700
2016-07-22,94.08989319107278,94.80733618829996,93.40469558306896,94.4365234375,1068000
2016-07-25,94.31561769905251,94.7428584020365,93.8883769960685,94.6783676147461,1265500
2016-07-26,94.88795699403084,95.22652439274312,94.31561511044205,94.83959197998047,1358100
2016-07-27,94.4284744121398,94.71867680756462,93.66266629376769,93.85613250732422,1976900
2016-07-28,93.97704368934464,94.86377042666703,93.67877843171402,94.80734252929688,1268300
2016-07-29,94.58967484877901,94.8637575632542,93.61427495496949,93.68682861328125,2169100
2016-08-01,93.71906959694904,94.23498346447317,93.50947766633661,94.16242980957031,1508400
2016-08-02,94.08183337222405,94.44458940017425,93.92061257103241,94.33979034423828,1106300
2016-08-03,94.54131338122588,95.11365518412639,94.42039471296712,95.10559844970703,1337900
2016-08-04,95.20231754805478,95.48445697485514,94.71864908065729,95.02497100830078,1905100
2016-08-05,95.45221801466423,95.73435744227491,95.08946205044056,95.5892562866211,1236000
2016-08-08,95.4603016127089,95.8069319070877,94.8798968267556,95.2426528930664,1226500
2016-08-09,95.36354370893046,95.54894698069913,95.19425390402421,95.26680755615234,976700
2016-08-10,95.0814035741258,95.41191416906034,94.97661068192093,95.30712127685547,953700
2016-08-11,95.68601049227286,95.84723745609995,95.41999676477283,95.60540008544922,986900
2016-08-12,95.5892724385139,95.81498401874134,95.41998875334332,95.53284454345703,815700
2016-08-15,95.58927909711086,95.72631740176921,95.18622091857709,95.40386962890625,1029700
2016-08-16,95.07334744441917,95.47640554801576,94.29947662353516,94.29947662353516,1102800
2016-08-17,94.39623305098738,94.82347377634318,94.00123772096526,94.65419006347656,1223800
2016-08-18,94.61388885571513,94.97663879394531,94.35593184070737,94.97663879394531,1271300
2016-08-19,94.62192723231956,94.8073366837781,94.2994856387591,94.6944808959961,1108600
2016-08-22,94.63804743957371,94.63804743957371,93.75937754328314,94.2752914428711,1137100
2016-08-23,94.5413107655467,94.87987810716086,94.00121436580332,94.017333984375,871000
2016-08-24,94.0415469367087,94.50908979824007,93.48532462449369,94.404296875,1014000
2016-08-25,94.42040979073406,95.16204153773356,94.29949725334603,94.92020416259766,823100
2016-08-26,95.17815523289983,95.76662286232602,94.02540863019884,94.428466796875,1579000
2016-08-29,94.82344045674932,95.70211025784448,94.71058468782748,95.5086441040039,1277800
2016-08-30,95.50865797748996,96.00844612669167,94.44458475153338,95.50059509277344,1482400
2016-08-31,95.29102593773781,95.96816696179934,95.13786184237784,95.69408416748047,1589600
2016-09-01,95.84723608536528,95.84723608536528,94.85571026009313,95.40386962890625,1462500
2016-09-02,95.17008132998812,96.18578951447711,95.17008132998812,95.7988510131836,1090300
2016-09-06,95.54089289363019,96.17772545348568,95.43609999777249,96.16160583496094,1156400
2016-09-07,96.05621406218856,96.36427238800675,95.86165514082526,96.21024322509766,1149600
2016-09-08,95.69142034667935,95.93461746495105,94.75914926434557,94.76725769042969,1585000
2016-09-09,94.3456969616903,94.3456969616903,92.75678577391815,92.77300262451172,2010900
2016-09-12,92.52169904920711,93.8349857414458,92.17311094981198,93.64852905273438,2343800
2016-09-13,92.70817143195562,93.0729702602071,92.37579394339582,92.62710571289062,1664100
2016-09-14,92.73246879825213,92.82164292380193,91.99476288724135,92.18121337890625,1612100
2016-09-15,91.98667475817048,93.40534646959219,91.98667475817048,93.17835998535156,1385500
2016-09-16,92.8297763675628,93.30806845630899,92.0920640728169,92.95948028564453,3499800
2016-09-19,93.33237716813744,94.03766185864758,92.75680256619272,93.2999496459961,1227000
2016-09-20,93.93225652952768,93.97278628466198,92.99998557261348,93.05673217773438,1080800
2016-09-21,93.1378142697204,94.02144720206951,92.90271938285535,93.98091125488281,1496600
2016-09-22,94.37815141919145,94.83213059165968,94.14305649780496,94.62946319580078,1107000
2016-09-23,94.54838553961484,94.58892149028868,93.47830200195312,93.47830200195312,1141100
2016-09-26,93.28374541026324,93.28374541026324,92.22987251520495,92.36769104003906,1618000
2016-09-27,92.32715138783514,93.06486362179177,92.20554972252259,92.74870300292969,1758600
2016-09-28,92.98378804479407,93.29994865115427,92.56224263128625,93.23509979248047,862000
2016-09-29,93.07294569532213,93.2756130319533,92.1244640442682,92.31092071533203,1212600
2016-09-30,92.56222510666079,93.27561189634733,92.56222510666079,92.86217498779297,1361200
2016-10-03,92.63521481090353,92.75681649095924,91.28139802908208,91.60566711425781,1234600
2016-10-04,91.85695865262072,91.85695865262072,90.20319213786986,91.05439758300781,1532700
2016-10-05,91.55701789425274,92.01909927490274,91.19221289800214,91.68672180175781,1098700
2016-10-06,91.75968771188913,91.95424667077256,90.88416311953702,91.75157928466797,1336200
2016-10-07,92.22988238273749,93.10540707984914,92.02721497238304,92.84599304199219,1604500
2016-10-10,93.17831511433442,93.60796877901667,92.92700346930314,93.34044647216797,803600
2016-10-11,92.80544487288499,93.12160547556796,92.14879838776726,92.41632080078125,1180700
2016-10-12,92.35146174488106,93.65664004689977,92.19743875598316,93.5107192993164,1468100
2016-10-13,93.2188805207897,93.47829450350712,92.53792113550043,93.27562713623047,1237200
2016-10-14,93.90794391400112,94.19978540394118,93.29183959960938,93.29183959960938,1350600
2016-10-17,93.22695742767452,93.57554542893114,92.99997104265444,93.21074676513672,1350000
2016-10-18,94.15115149277385,94.19168744012956,93.21888036784739,93.37290954589844,1454000
2016-10-19,93.76202453047986,94.77536126705387,93.3242623180899,94.22410583496094,2728800
2016-10-20,91.4678354642359,92.01909093724902,88.56563735087518,88.78451538085938,4606500
2016-10-21,87.98195743552874,88.54132135438097,86.62814089199087,87.8360366821289,3768300
2016-10-24,88.44403497504564,88.75209332166541,88.22515694684682,88.41971588134766,2524800
2016-10-25,88.65481336295034,89.09257561710825,88.17651516149517,88.38729095458984,2569800
2016-10-26,88.1440989869076,88.63049945837001,87.58473504302115,88.21705627441406,2644600
2016-10-27,88.62238473022472,88.62238473022472,87.52798220101909,87.56851196289062,2546000
2016-10-28,88.03869885435404,88.38728695662434,87.21992099833926,87.90088653564453,2245100
2016-10-31,88.30619832574551,88.37915558673969,87.4549931713216,87.69819641113281,2162100
2016-11-01,88.03871475255154,88.03871475255154,85.9471857612375,86.12553405761719,2564600
2016-11-02,86.15794048973717,86.40924601770155,85.40401772092753,85.6229019165039,1718600
2016-11-03,85.94716897724925,86.3119739263089,85.54994269419554,85.70397186279297,1691100
2016-11-04,85.98769865442826,85.98769865442826,84.77169461603157,84.8527603149414,1864900
2016-11-07,86.10931616453644,86.10931616453644,85.05544332973876,85.41213989257812,1804200
2016-11-08,85.46889576241334,87.68202648108357,85.25001769283497,87.5604248046875,2082600
2016-11-09,83.86377446505729,87.16319975793922,83.86377446505729,86.6930160522461,3662200
2016-11-10,86.9848250251255,89.00339000492752,86.44978027739299,88.8655776977539,2748900
2016-11-11,88.75208770457283,89.64382279825749,88.44402937744998,89.40061950683594,1962300
2016-11-14,89.79784823843525,90.99764169213142,89.70057186713339,90.9408950805664,3220100
2016-11-15,90.77877661727919,90.81930638279577,90.27615928251569,90.67338562011719,1823900
2016-11-16,90.34912449992018,90.43829865076682,89.74112229955755,90.26805877685547,1717300
2016-11-17,89.96000152964204,90.37344473456879,89.49792013057727,90.13024139404297,1505600
2016-11-18,90.18697415291854,90.8922587841002,89.838386050369,90.64905548095703,1718000
2016-11-21,90.80308645080302,91.07060266765987,90.18697593957388,90.66526794433594,1388200
2016-11-22,90.74634023163351,91.29759570514841,90.65716609732102,91.11924743652344,1647700
2016-11-23,91.3381074507161,91.79208645901193,91.1516569775061,91.6623764038086,1004600
2016-11-25,91.98666820836743,92.31903948379143,91.68671826988258,91.97045135498047,686300
2016-11-28,91.88938373834452,92.61087907617613,91.88938373834452,92.26229095458984,1467300
2016-11-29,92.33526384316603,92.51361213541628,92.0109947831581,92.17312622070312,1783400
2016-11-30,92.1001419047983,92.4244108696576,91.75155384993487,91.88936614990234,2756400
2016-12-01,92.59465814215206,93.64852463167782,92.29470824313901,93.55935668945312,2347500
2016-12-02,93.18646435907944,94.0052423544613,93.11350706672675,93.75393676757812,1885300
2016-12-05,94.07820225822122,94.14305112065436,93.06486533680531,93.93228149414062,2041500
2016-12-06,94.35379092632726,94.74291487702364,93.87549905069743,94.71048736572266,1785800
2016-12-07,94.97142400877455,96.50427094510718,94.7594324873847,96.20259094238281,2316800
2016-12-08,96.52057647705078,97.23808433785815,96.34935470679206,96.52057647705078,2046200
2016-12-09,96.78150650726644,97.1810302734375,96.10477448288407,97.1810302734375,2138800
2016-12-12,97.73543710731575,98.64861980380569,97.48267585045964,98.5833969116211,1890900
2016-12-13,98.72203845017411,99.85536824134856,98.60789057340781,99.00740814208984,2383700
2016-12-14,98.93398417667981,99.01552367364202,97.75173611781095,98.14310455322266,2393500
2016-12-15,98.5997040204756,99.23567233752614,98.00449923468246,98.16757202148438,1856400
2016-12-16,98.68941986406512,99.41507685992943,98.33066585421129,99.14601135253906,3222000
2016-12-19,99.1541474379687,99.63519820337828,98.96661527243823,99.26829528808594,1399800
2016-12-20,99.59444355370877,100.14072348808908,99.3579926372027,99.83089447021484,1132700
2016-12-21,99.42320149362328,100.36084355199164,99.42320149362328,99.9368667602539,1575300
2016-12-22,99.67596182566434,100.18147814550171,99.16229653174236,99.5699691772461,1443100
2016-12-23,99.57811815133073,99.83087942154486,99.21121525861372,99.5699691772461,885300
2016-12-27,99.6922628290342,99.6922628290342,99.1867527458385,99.45581817626953,607600
2016-12-28,99.79828670520999,100.09996054772867,99.44768790452135,99.5373764038086,867600
2016-12-29,99.52921066690644,99.96134272465787,99.39875864031713,99.70858764648438,767800
2016-12-30,100.11625521102543,100.15701874573824,99.51290140019087,99.8145751953125,1014300
2017-01-03,100.34456983795513,100.34456983795513,98.05345098720363,98.57527160644531,1955400
2017-01-04,98.55080449261283,99.2601510364632,98.02082871830018,98.0452880859375,1780200
2017-01-05,97.26253568675037,97.43375744289882,95.62368999134294,96.47980499267578,2696500
2017-01-06,96.07213001408607,96.78963157759812,95.90090826213172,96.43087768554688,1532300
2017-01-09,96.33303376522515,96.41456703868744,95.63999160991074,95.65629577636719,1526200
2017-01-10,95.14265018675958,95.98245489582744,94.94696282536395,95.54216766357422,1758800
2017-01-11,95.57478576174472,96.333057208596,95.55032639581266,95.92538452148438,1433600
2017-01-12,95.59923146674669,95.61553563484105,94.48220622426844,95.19155883789062,1679200
2017-01-13,95.61554323100216,96.08844501098656,95.15079664600816,95.43617248535156,1543800
2017-01-17,95.4035667248061,96.34121517626139,95.08558251735656,95.77046966552734,1607900
2017-01-18,96.27597340693575,96.69179502631606,95.50954684318309,96.65103149414062,1486800
2017-01-19,96.95271335177974,96.98532168990954,95.73784436664536,96.20259094238281,994700
2017-01-20,96.67550852003494,96.93641881187108,95.90908181625727,96.22706604003906,1222300
2017-01-23,96.34122137898146,96.4227546798809,95.74601646329059,96.24337768554688,1593300
2017-01-24,96.65918424021802,97.14839015806689,94.7105095426967,95.26493835449219,3038300
2017-01-25,95.66446648934144,96.74072204717633,95.66446648934144,95.94168090820312,1536100
2017-01-26,95.92535687188642,96.56132508517395,95.92535687188642,96.31671905517578,1360800
2017-01-27,96.53688819141269,96.56134755598649,95.74600222703975,96.29228210449219,961500
2017-01-30,96.22701685635022,96.22701685635022,95.52582585966536,95.81119537353516,1201000
2017-01-31,95.8356985465262,96.05583906628068,95.40356648214733,96.03137969970703,1478000
2017-02-01,95.9579959894623,96.40643219847364,94.78389669784174,95.02034759521484,1402600
2017-02-02,95.02850461098286,96.05583529024075,95.02850461098286,95.90907287597656,1082000
2017-02-03,96.5532002552504,96.74073243330116,95.88461727967348,96.03137969970703,1355200
2017-02-06,94.9551138319037,96.16182762491425,94.9551138319037,95.94168090820312,988000
2017-02-07,96.29227482981986,96.39011850131442,95.72153563091172,96.01506042480469,1161700
2017-02-08,95.79490643350579,96.19443006294684,95.68891379622421,96.05581665039062,905100
2017-02-09,96.12106855665972,97.16470967171801,96.08845399424018,96.84672546386719,1099900
2017-02-10,97.02609491175538,98.01266202110983,97.0179397166359,97.62129974365234,1202500
2017-02-13,95.69706806322361,97.92295696871078,95.63183895448658,97.60497283935547,1519200
2017-02-14,97.6050077785399,98.10236902466491,97.42563077559744,98.03713989257812,1397100
2017-02-15,98.37142980879021,98.64864427596848,97.93114251921992,98.64049530029297,1416100
2017-02-16,98.69755713231015,99.30091094970703,98.43664686906357,99.30091094970703,1502900
2017-02-17,99.24384001412758,99.47213572377274,98.72201947191249,99.43136596679688,1334400
2017-02-21,99.31721755620147,99.83903809549649,98.70570852853467,99.10523223876953,1245600
2017-02-22,98.99921079805664,99.8145559824661,98.87690777627719,99.39057922363281,1184100
2017-02-23,99.80644817003186,100.35272817593267,99.23570257321336,99.76567840576172,1134100
2017-02-24,99.7656755892616,100.02658589968371,99.26015914130957,99.69229125976562,1698600
2017-02-27,99.35796783791241,100.09177977139727,99.15413153531051,99.50473022460938,914300
2017-02-28,99.5128895369331,100.25485047440392,99.30089803168833,99.66780090332031,1966000
2017-03-01,100.94790355104686,102.04862472557498,100.27117165322524,101.9100112915039,2619600
2017-03-02,102.31769575077229,102.31769575077229,101.48604615344443,101.52680969238281,1531400
2017-03-03,101.52681602538678,102.04864285343906,101.09468391801454,101.20883178710938,1512900
2017-03-06,101.12726414244538,101.33110044240858,99.70856523646681,99.73302459716797,2417900
2017-03-07,99.9857906435752,99.9857906435752,99.21121510654174,99.58627319335938,1773900
2017-03-08,100.30773847225824,100.64387693261331,99.24194687055969,99.39771270751953,2193500
2017-03-09,99.73384399608034,100.26674288606046,99.49608891424606,99.93880462646484,1707300
2017-03-10,100.28313437187529,100.72585007256096,99.81582439696852,100.70125579833984,1281600
2017-03-13,100.46350640330436,100.77504431922384,99.86501859217493,100.14376831054688,1069100
2017-03-14,99.83221974355604,100.71765115600269,99.81582564550419,100.52909088134766,903600
2017-03-15,100.84065104498639,100.96362869968046,100.27495758633569,100.83245086669922,1117800
2017-03-16,100.8242309932618,101.26694042837092,100.25033750403215,100.6274642944336,1166600
2017-03-17,100.79964172810648,100.98000809473564,100.16016552271394,100.95541381835938,3103600
2017-03-20,100.82423785173627,100.82423785173627,100.02898959085604,100.31593322753906,1485900
2017-03-21,100.6684575452319,100.71764609181615,99.5288770134182,99.76663208007812,1240200
2017-03-22,99.95520408546841,100.16836490387297,99.34032216133797,100.0453872680664,996400
2017-03-23,99.72565674247205,100.25035552385746,99.30753525093269,99.43871307373047,1054200
2017-03-24,99.51249463365163,99.53709516628835,98.57787455034493,99.01239013671875,1334200
2017-03-27,98.52048120287094,99.29113522858722,98.38930964279938,99.20915222167969,1087700
2017-03-28,99.004197329456,99.93061724565416,98.74184793916697,99.8568344116211,1187300
2017-03-29,99.61907655577338,99.67646528785288,98.79103377442414,98.81562805175781,1133700
2017-03-30,98.67626234287938,99.4141219825127,98.67626234287938,99.22555541992188,1093100
2017-03-31,99.14356777062201,99.20095650352712,98.5204856312932,98.8238296508789,1114300
2017-04-03,98.84842193672762,99.04518240916562,98.21714588749197,98.6926498413086,1135500
2017-04-04,98.90580460283205,99.02878223615238,98.545071879733,98.88121032714844,901800
2017-04-05,99.18457074456731,99.64368064641823,98.8320381399594,99.12718200683594,1284600
2017-04-06,99.20095650352712,99.25834523643222,98.53688598635338,98.8238296508789,1226500
2017-04-07,98.38111933471426,99.02059560960541,98.21715330445099,98.50409698486328,1063600
2017-04-10,98.40572130966646,99.54530219735653,98.38932720731925,99.29115295410156,997600
2017-04-11,98.93042113478738,99.50431480108978,98.69266599152114,99.35674285888672,1262600
2017-04-12,99.25831830246773,99.7174280411281,98.80740248421122,99.57805633544922,1352900
2017-04-13,99.3239327179638,99.56168782369389,98.67625631026515,98.81562805175781,1062300
2017-04-17,99.3813508517074,99.9716387019614,98.98782353323656,99.95523834228516,874400
2017-04-18,99.55348778954672,99.71745380860904,98.79923409401577,98.9959945678711,1086500
2017-04-19,99.41410282779516,99.5370804531897,98.34010490457806,98.70903778076172,1050900
2017-04-20,96.79060475800577,97.89739715075866,96.20031714984475,97.46287536621094,3559900
2017-04-21,98.01218242371326,98.01218242371326,97.1677393166516,97.64324951171875,2100700
2017-04-24,99.16813433164855,99.51246663284118,98.18432596969788,98.84839630126953,1957600
2017-04-25,99.30753051888065,99.77484054425021,99.1353643258395,99.46330261230469,1763300
2017-04-26,99.57805300784693,100.83241082684219,99.52886446746307,100.02896881103516,2433200
2017-04-27,100.11098290606965,100.3815324720557,99.70926177333153,100.1519775390625,1658200
2017-04-28,100.16017303987442,100.31594514181823,99.61908015427959,99.74205780029297,1290200
2017-05-01,99.84864582036452,99.84864582036452,99.3239469789007,99.34854125976562,1660800
2017-05-02,99.20092234790114,99.51246018284934,98.47126317151938,98.67622375488281,1162700
2017-05-03,98.46308620167451,99.29112890498034,98.46308620167451,99.04517364501953,841500
2017-05-04,99.54527808667831,99.73384461996854,98.60245793003133,99.04517364501953,1036000
2017-05-05,99.21733064432516,99.46328588152741,98.87299831616322,99.44689178466797,1286300
2017-05-08,99.44690732014328,99.65186796486336,99.01238549921862,99.20915222167969,1390500
2017-05-09,99.14356691685853,99.3321334690102,98.21714702082456,98.34011840820312,1466800
2017-05-10,98.07776286795136,99.18455532411443,98.07776286795136,98.9468002319336,1448800
2017-05-11,98.51229170866588,98.98779567206412,98.12696467848757,98.8238296508789,1370800
2017-05-12,98.50408827264549,99.1845591223696,98.39750473298837,98.86481475830078,1127500
2017-05-15,98.84841656700704,99.49609293578881,98.51228437213935,98.58606719970703,1174600
2017-05-16,98.60246631978646,98.93040460933668,98.18435109913997,98.32372283935547,1168000
2017-05-17,98.32371783240701,98.84841656700704,97.61865273499406,98.58606719970703,1399400
2017-05-18,98.48768764035376,99.91421824404414,98.17614970932499,99.10256958007812,2123500
2017-05-19,99.0779666254728,99.36491025456488,98.38110173913434,99.02877807617188,1573000
2017-05-22,99.0615779234691,100.12736949742482,98.93860028861589,99.73384857177734,1272600
2017-05-23,99.66006853301545,100.11918466113856,99.52889696419663,99.74205780029297,1128600
2017-05-24,99.8322521229971,100.16019048451467,99.66828606969031,100.06181335449219,1116700
2017-05-25,100.50449735740992,101.61128982756628,100.33233116880618,101.43092346191406,1849300
2017-05-26,101.32433414481375,101.59488367785823,101.11937351461073,101.38172912597656,925600
2017-05-30,101.13578105501273,101.84904635057237,100.97181504115883,101.43912506103516,1139200
2017-05-31,101.55391091926458,102.44753640199691,101.28336134462153,102.35735321044922,2124400
2017-06-01,102.45574071285945,102.84926169648472,102.02941901654494,102.80827331542969,1429200
2017-06-02,102.75085863849472,103.13618560157484,102.47210894513607,102.60328674316406,1210200
2017-06-05,102.48032455291704,103.08700632289758,102.42293582136351,102.79186248779297,1052400
2017-06-06,102.63609424447424,102.84924881102319,101.6768736753941,101.68507385253906,1277700
2017-06-07,102.14686630205968,102.34477563571329,101.62734565051058,101.84175109863281,1138900
2017-06-08,101.84175943405647,102.68287888949546,101.58612626168846,102.0726547241211,1826500
2017-06-09,102.13863426722511,103.28486903705686,102.0726623818502,103.26837921142578,1038500
2017-06-12,103.25188142949702,103.63121032714844,102.897290415606,103.63121032714844,1534100
2017-06-13,103.54874897171479,103.98580169677734,103.34259155110601,103.98580169677734,1297600
2017-06-14,104.23317225134565,105.69276372882892,103.95279494390616,105.51959228515625,1572800
2017-06-15,105.50312098911243,106.61636348330896,105.4124112229616,106.39372253417969,1820600
2017-06-16,106.77304617867559,106.87201029544177,105.75875520748606,106.74006652832031,2470700
2017-06-19,106.70705319447893,106.78127941308836,105.5690730309227,105.77523040771484,1405900
2017-06-20,105.84120424951888,106.50089780126237,105.79997025682292,106.17105102539062,1163700
2017-06-21,106.17107696159042,106.45970239812155,105.8742097576459,106.03089141845703,1115300
2017-06-22,105.6927570290819,106.13806398661828,105.67626091658316,105.8082046508789,1116500
2017-06-23,105.55257253900936,106.08033489839052,104.86812856651007,105.27220153808594,1899300
2017-06-26,105.22274866059112,105.69278733882251,104.96711546636406,105.51136779785156,1004800
2017-06-27,105.86595672845742,105.86595672845742,105.00009309382358,105.04132080078125,1027500
2017-06-28,105.32994996491112,105.90718192288863,105.04957260704055,105.37117767333984,1324700
2017-06-29,105.73401115742304,105.74225292381864,103.87034644978765,104.22493743896484,1909100
2017-06-30,104.33214500795482,104.66199814033465,103.73841691938136,104.34039306640625,1186500
2017-07-03,104.71144760447883,105.75048244604017,104.47230431523089,105.00830841064453,932700
2017-07-05,105.11554166697721,105.11554166697721,104.01053467311048,104.20845031738281,1402600
2017-07-06,104.32388707640503,104.76918779240665,103.90332424049946,104.0517578125,1014600
2017-07-07,104.55479941502448,104.95886620254936,103.91158926182256,104.86815643310547,987100
2017-07-10,104.37335970721455,104.7114608355214,103.71365356445312,103.71365356445312,1518100
2017-07-11,103.87034374711239,103.91981950989754,102.54268958669812,103.11993408203125,937300
2017-07-12,103.58172586667416,103.82086920866347,103.06221147702993,103.28485870361328,1034500
2017-07-13,103.28486261645958,103.63945361402537,102.88079585365084,103.43329620361328,886700
2017-07-14,103.28485503604361,103.8785893410823,102.76534066484695,103.67243194580078,1382400
2017-07-17,103.93630543851722,104.13421476168567,103.44977075025754,104.09298706054688,937400
2017-07-18,103.94457328426475,103.97755293488487,103.13643343271885,103.51576232910156,1407700
2017-07-19,103.87858708421955,104.38161162109172,102.7405942604779,104.28265380859375,1324100
2017-07-20,101.66032537858929,103.41679026818068,101.33872037176178,102.7240982055664,2219400
2017-07-21,102.5674242821245,103.24362028202381,101.86649040160103,103.202392578125,1373100
2017-07-24,103.2848684104484,104.38162740530778,103.24363440948291,104.2166976928711,1392800
2017-07-25,105.37944441132947,105.72579371379052,104.88466778250448,105.10731506347656,1578200
2017-07-26,104.98359068739967,105.19799614157702,103.65593654927261,103.90332794189453,1288900
2017-07-27,103.33432087160108,104.10122656003814,102.96324011230925,103.80435943603516,1693300
2017-07-28,103.99402424757798,105.11552084392335,103.68066731002581,104.90111541748047,1277200
2017-07-31,105.148520159227,105.77524040551096,105.0083283482754,105.62680053710938,1074500
2017-08-01,105.96490720788502,106.5833794289427,105.66804003846335,106.55039978027344,1519000
2017-08-02,106.39369823882936,107.12761796723855,106.01436314440735,106.15454864501953,1402200
2017-08-03,106.20404381187956,107.07816178351703,105.973148523628,106.8390121459961,1081200
2017-08-04,107.05341100395023,107.20183827872297,106.35247087437322,106.94620513916016,1952500
2017-08-07,106.59984948110478,107.07813605839058,106.0638328042008,106.21227264404297,1008300
2017-08-08,106.17106507235373,106.5091662412059,105.92367366629483,106.00614166259766,1041500
2017-08-09,106.27001374180084,107.35027651690912,105.83296105542648,107.3255386352539,1605100
2017-08-10,106.97094301828893,107.3502655534957,106.54213214197661,106.94620513916016,2422200
2017-08-11,107.15236774590386,107.49871065344482,105.58556402186785,105.70101165771484,1535100
2017-08-14,105.82472556031367,106.42670168767883,105.73401579458604,106.20404815673828,1092700
2017-08-15,106.37722303288437,106.72356597002621,106.09685197655759,106.41845703125,1139500
2017-08-16,106.88849807709575,107.50697035435007,106.37723168774438,106.76480865478516,1424100
2017-08-17,106.9049770233315,106.9049770233315,105.59381902603401,105.70926666259766,1622100
2017-08-18,105.77524683281722,105.98964600814844,105.15676831497768,105.46188354492188,1246900
2017-08-21,105.61032373147518,105.61032373147518,104.66199209848698,105.09904479980469,1063800
2017-08-22,105.48661073008658,105.62679624391592,105.09079206851854,105.3629150390625,1113600
2017-08-23,105.34640687087077,105.73398369925431,104.71968675919902,104.85987854003906,947000
2017-08-24,105.00009413748735,105.03308007823625,103.49926843624925,103.54874420166016,1045100
2017-08-25,103.89506862766395,104.47231305076397,103.5404776920846,104.2908935546875,1331600
2017-08-28,103.01271440894466,103.49924907971764,100.95114068338256,101.61909484863281,2534900
2017-08-29,101.09961238461757,102.22110941773873,100.83573109984941,101.43771362304688,1476200
2017-08-30,101.60261042399321,101.8664916395651,100.29145240358352,100.44812774658203,1349000
2017-08-31,100.64606480020713,100.73677457718937,99.08751505594992,99.92863464355469,2156600
2017-09-01,100.39039263864218,100.39864069516446,98.68340984110824,98.87307739257812,1546900
2017-09-05,98.13917984982996,98.16391773356952,95.00558455336513,95.18700408935547,3655100
2017-09-06,95.6570366597808,97.63614902137155,95.2034878487033,97.08364868164062,3561900
2017-09-07,96.73517925060746,97.03387317518535,94.38712191314612,95.56529998779297,2715700
2017-09-08,95.17532663702525,100.25311641188614,94.98449829888247,99.3653335571289,4215400
2017-09-11,102.47671419928815,105.10687362567184,101.53085240979915,101.68849182128906,3440400
2017-09-12,101.68021036453048,102.21122032742,100.6596718335827,101.62213134765625,1811200
2017-09-13,101.41470959292724,101.62213556610827,100.21993396176028,100.81732177734375,1561300
2017-09-14,100.78415064791707,100.78415064791707,98.52735464861696,99.53129577636719,1812900
2017-09-15,100.0539881090338,100.52692539878745,99.13302262358341,100.14525604248047,3062500
2017-09-18,100.16184997558594,100.46054386856585,99.67232141148183,100.16184997558594,1068400
2017-09-19,100.09543448359399,100.74260223148353,99.94608759330136,100.045654296875,1248300
2017-09-20,100.45222317608805,101.20725655502326,99.48147140043133,101.14917755126953,1489300
2017-09-21,101.31513888707659,101.97060569632647,100.50202631872638,100.80072021484375,1209300
2017-09-22,100.80070235678073,101.36490113503247,100.43563702742041,101.25704193115234,1291800
2017-09-25,101.19065058183736,102.02865299263942,100.85047539654852,101.77973937988281,1136500
2017-09-26,101.77976171495307,102.46011856496784,101.42298883444911,101.69679260253906,1297700
2017-09-27,102.43523880922895,102.43523880922895,101.63042504424598,101.71339416503906,1103400
2017-09-28,101.5640350752121,102.26928196890395,101.43127944197566,101.88761901855469,1097100
2017-09-29,101.73827939687365,102.21950277654538,101.14089166471568,101.65530395507812,1285800
2017-10-02,101.94571234490527,102.44353337919213,100.99155166994173,102.31907653808594,1587200
2017-10-03,102.31078488505284,102.6592653305577,101.54745882373425,102.63436889648438,1275600
2017-10-04,102.64266247047692,103.12389222245966,102.28588956195703,102.80030822753906,836900
2017-10-05,102.86670423094685,103.58024384392871,102.63438179470118,103.24836730957031,1135700
2017-10-06,103.36450402713652,104.01167199774812,103.08240143499377,103.77105712890625,1151900
2017-10-09,103.54705063711401,104.11954203127763,103.17368007903673,103.67150115966797,723700
2017-10-10,103.61340671436122,104.5011895138682,103.52213879131622,104.4928970336914,967500
2017-10-11,104.24400631722311,104.80820527020639,104.11954945565613,104.2191162109375,1059400
2017-10-12,104.55926156421066,104.95752214099413,104.0946294997442,104.50118255615234,1022200
2017-10-13,104.67541982674769,105.51341599000804,104.36842718477493,105.09856414794922,1086900
2017-10-16,105.64619064872646,107.54620685709885,105.28941774708238,106.88245391845703,1765900
2017-10-17,106.56715570923326,106.91562977819014,105.78723212906907,106.74138641357422,1808200
2017-10-18,106.78288993315202,107.99426320374533,106.59206158007306,107.87810516357422,1990900
2017-10-19,107.67896550412122,110.49166107177734,106.40122713539097,110.49166107177734,2970500
2017-10-20,111.18028890063933,111.27155680838659,109.9606235245045,110.61609649658203,1838800
2017-10-23,110.95630022192685,111.57028567237639,110.25105949533983,111.5536880493164,1790200
2017-10-24,111.21349566333375,111.51218954817053,110.11829319244936,110.50825500488281,1712300
2017-10-25,110.66591021008233,110.71569041842761,109.31348880207736,109.33837890625,1628900
2017-10-26,110.11827535182745,110.25932346066597,108.48375806076685,109.47110748291016,1490800
2017-10-27,109.14754149051763,109.25539437955064,107.90298574412694,108.74098205566406,1602400
2017-10-30,108.7658555537907,110.25103227418055,108.52524705007399,110.0353012084961,1579100
2017-10-31,109.91913905977175,110.30910079892351,109.70342066247915,109.89424896240234,1499900
2017-11-01,111.16372977671844,111.20521750556507,110.04363705952349,110.74058532714844,1749600
2017-11-02,111.12223979495798,112.59912441823583,110.3174386409813,111.75282287597656,2167900
2017-11-03,111.55365301041525,111.78596901917683,110.24271972653315,110.61609649658203,1088800
2017-11-06,110.80695091266135,110.99777925192889,110.20127065133987,110.71568298339844,734600
2017-11-07,111.16370119824225,111.79428412993224,110.69077665974885,110.94798278808594,1495200
2017-11-08,111.0807602504285,111.63666033452235,110.71568851513663,110.78206634521484,1565000
2017-11-09,110.45019335227813,112.07641877639884,109.88600070449404,111.62007904052734,1353100
2017-11-10,111.18860017547534,112.55761902311222,110.6410052966957,112.45804595947266,2107100
2017-11-13,112.14274817137903,112.37506418014061,110.51652344977495,110.61609649658203,2742700
2017-11-14,110.22616683691156,111.16372362350691,109.26370728616477,111.06416320800781,1812200
2017-11-15,110.4501927997471,111.34627464199072,110.1432063700049,110.93972778320312,1837900
2017-11-16,110.66592229772623,110.81526293907399,108.40912643087556,108.53357696533203,2375800
2017-11-17,108.41739043927231,108.5169508406898,107.62917438740917,107.79511260986328,2372100
2017-11-20,107.8117406056871,108.04405671463189,106.85757340226249,107.67069244384766,1565600
2017-11-21,108.1435951060427,108.71609277937526,107.87809646147265,108.38421630859375,1128600
2017-11-22,108.25144313863034,108.50035678157451,107.62916536140679,107.8697738647461,779700
2017-11-24,107.88636666792803,108.0771949662152,107.5296001685097,107.72042846679688,305400
2017-11-27,107.6789298732113,108.59990135576254,107.5793694946453,108.25971984863281,1349500
2017-11-28,108.10212149168308,110.50827052986658,107.86151291800348,110.35891723632812,1821300
2017-11-29,110.99780103532395,112.03493104399627,110.40041313750642,111.62007904052734,1772300
2017-11-30,112.18426965223243,113.23798448760435,111.03098174008291,112.48296356201172,2193900
2017-12-01,113.05545211875666,113.20480540841051,111.2633012648507,113.01397705078125,2548800
2017-12-04,113.18820031148583,114.45764621847754,112.68208044488756,113.13842010498047,2188000
2017-12-05,112.52441368138179,113.87683478697008,112.10956182423436,112.2755126953125,1463900
2017-12-06,112.60740206883034,112.96416863008031,112.10128223848648,112.30870819091797,1044800
2017-12-07,111.84407542906581,112.12617168425687,111.1388221308128,111.35455322265625,1081200
2017-12-08,111.5797712281738,111.62148272118348,110.7873037752321,111.5714340209961,1085300
2017-12-11,111.71324081390073,111.77163944872837,110.56206981699326,111.07926940917969,1068700
2017-12-12,110.79565243609466,112.28048992451791,110.74559100792273,112.07194519042969,1404700
2017-12-13,112.08862390681432,112.08862390681432,111.12932318461253,111.4129409790039,1328600
2017-12-14,111.78002254175883,111.92183149068991,109.9865421968807,110.59548950195312,1278700
2017-12-15,111.13768237428542,112.90615079244338,110.87075167046144,112.52242279052734,3170700
2017-12-18,113.11464347303674,114.52439486707291,112.3555377564774,112.78931427001953,1692800
2017-12-19,113.45667848114803,113.95719096054437,112.55576365537128,113.06461334228516,1393000
2017-12-20,113.82372980207559,113.82372980207559,112.44733944920699,112.8310546875,1070200
2017-12-21,113.34823813959976,113.61516878084007,109.64448161925701,112.14701843261719,937400
2017-12-22,112.36389432353967,112.49736600125281,111.70489859874064,112.10530090332031,878600
2017-12-26,112.53075385049935,113.12302660339287,111.91346947182011,112.43065643310547,564600
2017-12-27,112.55575356782435,112.73093673848102,112.02187957764399,112.42229461669922,945400
2017-12-28,112.82270220594438,113.1980801851319,112.4389742910359,113.16471862792969,698700
2017-12-29,113.46503286944449,113.85709802369148,112.84773581777522,113.14804077148438,827600
2018-01-02,113.69861531155493,113.69861531155493,109.66119147142345,110.09495544433594,2388800
2018-01-03,109.64449250939182,110.7622893421936,109.64449250939182,110.44529724121094,1308100
2018-01-04,111.09595585902461,111.5714440104986,110.41193568095252,110.44529724121094,1195500
2018-01-05,110.59545558838266,110.59545558838266,109.5860933773633,110.24510192871094,1144100
2018-01-08,110.24511241957289,110.4453072564005,109.36088461408332,109.65283966064453,1343300
2018-01-09,110.60376712442486,111.9384583331034,110.2784378924863,110.50366973876953,2120800
2018-01-10,110.52870603713737,110.96248263614787,109.9614704856745,110.20337677001953,1171700
2018-01-11,110.18670365815935,110.84571221172192,109.82801278939522,110.39524841308594,1046500
2018-01-12,110.98752422122332,112.60583360127683,110.13665803333251,112.3889389038086,2010100
2018-01-16,112.69757424660251,113.47335451227733,112.13032597693332,113.04792785644531,1809300
2018-01-17,113.94885900429617,114.6161920361635,113.05628134490301,114.16574096679688,1730100
2018-01-18,114.3325625088653,114.86643651678897,113.59848097476011,114.56613159179688,1561200
2018-01-19,114.91650661557601,115.1083769704396,114.02394160999697,114.99159240722656,1628100
2018-01-22,114.6662534223436,116.24285125732422,114.54946886895844,116.24285125732422,2922500
2018-01-23,120.40538932065391,122.5909468746747,119.11240937309859,122.00701141357422,5048100
2018-01-24,122.54921962836806,123.50018302157275,122.01534566601735,123.1414794921875,2377500
2018-01-25,122.98300214403439,124.19257186000368,122.5825997936193,123.85055541992188,2213500
2018-01-26,124.62631060130484,125.28531899701693,123.67534725576371,124.64299774169922,2538400
2018-01-29,124.726438400745,124.86824729280842,123.92562101952511,124.2593002319336,1866500
2018-01-30,124.03407293925352,125.47719899165058,123.45848741406415,124.05909729003906,2397400
2018-01-31,123.71709841841506,125.27700923874691,123.22493581169341,125.06012725830078,2083600
2018-02-01,124.85988770539562,125.52723335006584,124.12581895196189,125.1268310546875,1993900
2018-02-02,124.86825458392128,125.58564902178792,123.29999401543118,123.41677856445312,2297900
2018-02-05,122.31569561314923,123.35841957431005,116.42639271708316,118.05303955078125,3358900
2018-02-06,114.29922546978948,117.79443798501427,113.72363984604235,117.49413299560547,3932100
2018-02-07,116.85181397722114,120.07174592594252,116.75171655483048,118.57022094726562,3034200
2018-02-08,118.05303476252082,118.43675003666858,112.539110170406,112.62252044677734,3160300
2018-02-09,113.3732478310732,115.2418002638459,110.74557687964838,114.34923553466797,3655400
2018-02-12,114.5077583117131,116.09269336759414,113.51508323551488,115.23348999023438,2404600
2018-02-13,114.81640220000274,115.80074008299906,114.04895901301276,115.60053253173828,1282300
2018-02-14,114.80804821064979,117.51912968595974,114.80804821064979,117.28556060791016,1907100
2018-02-15,118.4116993789228,118.65361840235983,116.70997992188994,117.51913452148438,1406200
2018-02-16,117.56081525328779,118.35329531689004,117.15207577685997,117.752685546875,1923900
2018-02-20,117.18541379628549,117.45235707537803,115.44198346358921,116.00923156738281,1533100
2018-02-21,116.1844433074532,117.5524962783094,115.55047188680884,115.56714630126953,1334500
2018-02-22,115.68392381781645,116.77670886952018,114.57447708122483,114.8163833618164,1744700
2018-02-23,115.36694138968015,116.65992119647775,114.75799437264936,116.56816101074219,2006300
2018-02-26,116.96023298680706,119.6212530726647,116.96023298680706,118.9372329711914,1809600
2018-02-27,119.39605656794788,119.62962569357782,117.68598689714378,118.0697021484375,1869500
2018-02-28,118.42837904194009,119.0957247053454,115.85910651139353,115.95086669921875,1462500
2018-03-01,116.28453310100524,116.7349968331875,114.4326549321667,115.92584228515625,2382100
2018-03-02,115.11669133068854,115.79237422149468,114.08230488427603,115.01659393310547,1844200
2018-03-05,115.1333677913304,117.10203037536414,114.86642445112831,116.43468475341797,1903200
2018-03-06,116.89349633123824,118.0613417297973,116.2011262990353,117.9445571899414,1468800
2018-03-07,117.16043100527429,117.38566288581643,114.72462999821327,115.85077667236328,1779400
2018-03-08,116.488041171743,117.27625773191676,115.88430137224366,117.11693572998047,1657200
2018-03-09,117.56136322807185,119.43127295295616,117.2511126481068,119.32227325439453,1429200
2018-03-12,119.73314783576235,120.11887550903518,118.14833386440226,118.64307403564453,1215700
2018-03-13,119.31386297265145,119.58219744333556,117.82128766542348,117.97222900390625,1347500
2018-03-14,118.80236406715446,118.80236406715446,116.56350105950624,116.99115753173828,1285100
2018-03-15,117.59490807724004,118.91978088675945,116.8737750997774,117.78776550292969,1318700
2018-03-16,117.51945466619439,119.1545911709594,117.418835605555,118.50054168701172,3954900
2018-03-19,118.47536526549646,118.47536526549646,117.02471847189898,117.41044616699219,1515200
2018-03-20,117.93030002100011,119.17131495939554,117.54457241851532,118.63465881347656,973800
2018-03-21,118.70177784993074,119.60738776543182,117.72908429681154,118.3160629272461,1316300
2018-03-22,117.40202804963697,117.92192290291413,115.79205956360319,115.84236907958984,2353100
2018-03-23,116.04364875728666,116.04364875728666,113.0081877865901,113.1171875,1690900
2018-03-26,114.51753695388209,116.04364808686184,114.18211877445584,115.9011001586914,1364500
2018-03-27,116.70605401122019,116.70605401122019,113.98084424331893,114.66844177246094,1513000
2018-03-28,114.97870638562664,116.84023553980148,114.4504435896378,116.37904357910156,1788100
2018-03-29,116.95763393361158,117.3685163888053,116.11072705503506,116.43775177001953,1378000
2018-04-02,116.15264692681167,116.32873025475729,111.43174056542229,113.06686401367188,2215400
2018-04-03,113.53643131836768,115.11286451539442,113.06685873922605,114.86969757080078,1472100
2018-04-04,113.21782314868982,116.39583215495693,112.81532131755478,116.24490356445312,1479700
2018-04-05,116.72283741412095,117.41881565337077,115.75853746046155,116.79830169677734,1209600
2018-04-06,116.17780941461666,117.007942177072,114.40012514184761,115.08772277832031,1738600
2018-04-09,115.51537125675215,116.65576746522017,114.43367802716251,115.07095336914062,1758300
2018-04-10,116.30357919989488,116.77315181590554,114.97870629335387,115.5992202758789,1325900
2018-04-11,113.87186403969037,114.98710545555893,113.7376967727675,114.53429412841797,920300
2018-04-12,115.17156102048789,115.99331298785961,114.65166615571225,115.1212387084961,1094200
2018-04-13,116.0268661329236,116.22811702696987,113.70415777258303,114.28273010253906,1030600
2018-04-16,115.33924865722656,115.98491723067677,114.29109120449803,115.33924865722656,1354900
2018-04-17,116.11074689553035,116.54678418831604,114.88649277171179,115.1632080078125,1817400
2018-04-18,115.52377205283898,115.64954588001046,113.35197920947589,114.43368530273438,1399000
2018-04-19,113.82993516941512,115.31413017187417,113.74607742886462,114.53429412841797,1716100
2018-04-20,114.76068584821502,115.58243786720628,113.91377906909393,114.74391174316406,1428500
2018-04-23,114.953560206279,115.44828762156048,114.06472443105594,115.07095336914062,1720400
2018-04-24,110.8028487534674,112.30380498374745,109.67083329414375,111.4233627319336,3147900
2018-04-25,110.61000062131336,111.75877748854374,110.17396338908553,110.86994171142578,1860000
2018-04-26,110.97054657618456,111.80069206303604,110.27456834284527,111.48204803466797,1712800
2018-04-27,110.97055146286945,112.17803120786456,110.64352676484111,111.68330383300781,1107100
2018-04-30,112.26190609537827,112.65601448332964,110.24943528128478,110.35006713867188,1712100
2018-05-01,110.31648681328399,110.31648681328399,108.756827824136,109.92237854003906,1264700
2018-05-02,109.43603173810328,109.67081801185611,106.68567367596567,107.59967041015625,2205800
2018-05-03,106.83661957356686,107.17202491476581,104.9415486880481,106.75276184082031,2267700
2018-05-04,106.24965097584436,109.3773564266882,106.09032895524744,108.7652359008789,1545400
2018-05-07,108.70652059919172,108.86584260172079,107.97700700328768,108.16148376464844,1222900
2018-05-08,108.15309495841647,108.69814461125281,107.23910456191159,107.88477325439453,1239000
2018-05-09,108.49688955824303,109.18448708905984,107.81768547700223,108.79875946044922,1164900
2018-05-10,108.9580680155607,109.97267728740597,108.53880502507133,109.74628448486328,916700
2018-05-11,109.83853689550288,110.76090791555387,109.51989288763275,110.05654907226562,1046700
2018-05-14,110.27456213108694,110.49258710448629,108.77360605101029,109.00839233398438,1221100
2018-05-15,108.33756854872892,109.30188123165425,108.03569864375385,108.89099884033203,1547500
2018-05-16,108.8658412137508,109.46118755836717,108.60590017920909,109.13416290283203,840500
2018-05-17,109.00840459043016,109.70438286281791,108.74007006835063,109.61214447021484,807800
2018-05-18,109.64567849283517,109.65407194335226,108.60591422024316,108.88262939453125,986100
2018-05-21,109.60378764118518,110.65194560549003,109.02520239770537,109.96434783935547,1027600
2018-05-22,109.95595258219402,110.73577586254375,109.48637992371737,110.1991195678711,769200
2018-05-23,109.93079226168729,110.04818542037297,109.10064669997759,109.76307678222656,1085800
2018-05-24,109.6540833905377,109.72116702720709,108.45498417677769,109.55345153808594,818100
2018-05-25,109.15095253662375,110.24103914180075,109.1257977745338,109.87208557128906,846500
2018-05-29,108.91614093030444,109.14254653142328,106.92045136617263,107.5074234008789,1742500
2018-05-30,108.32080964628628,109.61214717458923,108.09441678195209,109.15095520019531,1273600
2018-05-31,108.93291512366154,108.95806987993004,107.08815409547549,107.76736450195312,1790200
2018-06-01,108.87420911645434,108.9916022407201,107.9266834687703,108.41301727294922,1001100
2018-06-04,108.95808975228324,109.43604300344761,108.60591030540064,108.77361297607422,1064000
2018-06-05,108.3878956251945,108.60592063320735,107.39844081770333,108.31243133544922,1381200
2018-06-06,108.92453845443355,109.41088514203003,107.00431925908438,107.97701263427734,2388700
2018-06-07,108.28913222204808,109.73164332419084,107.67332941089394,109.47013854980469,1463300
2018-06-08,109.6557593907983,111.04764589024683,109.28458622511407,110.7777099609375,1606400
2018-06-11,110.79453354868396,110.92107683214648,110.03532533536013,110.0859375,807800
2018-06-12,110.09438225202526,110.41494316373233,108.90495761958503,109.30986785888672,1088400
2018-06-13,109.6894527498361,110.35588054168171,109.01459388827095,109.42794799804688,1170200
2018-06-14,109.6135417231724,109.73164106633169,108.60969087038686,108.70248413085938,1219000
2018-06-15,108.02763045147796,109.18331785629886,107.77456317643474,109.13270568847656,3281500
2018-06-18,108.01919735780167,108.18790887133751,106.91411570556733,107.63114929199219,1689800
2018-06-19,106.7454129703418,108.2722799679108,106.7454129703418,108.11199951171875,1153500
2018-06-20,108.65186606271676,108.67717214402873,105.37037784335477,105.43785858154297,1442500
2018-06-21,104.91486846045677,105.39570340203697,103.61576908027303,104.13877868652344,1593800
2018-06-22,104.77143008127508,105.70779364162271,104.33277635124131,104.9485855102539,1485200
2018-06-25,104.86424248676742,105.37882098549865,103.30363841307704,104.36653900146484,1704700
2018-06-26,104.45931027930924,104.9401450859015,103.36266633083468,103.43859100341797,1312900
2018-06-27,103.36269189258194,104.15565021868424,102.31666627912273,102.35884094238281,1055700
2018-06-28,102.10575049103032,103.61574210931445,101.85267682515429,103.29518127441406,1265800
2018-06-29,103.32895233289129,104.61961421298355,102.99996034133571,103.2024154663086,1220500
2018-07-02,102.98307835933046,103.29519529555579,102.40945021662124,103.24458312988281,1095500
2018-07-03,103.8181981800314,104.64489991871278,103.45546268794632,103.56512451171875,659100
2018-07-05,104.12189502008187,104.1725071847251,102.7553086513319,103.4217300415039,1292000
2018-07-06,103.43016823767988,104.4340190826778,102.76374684306147,103.91100311279297,1007000
2018-07-09,104.46775535147019,105.95244105901921,104.21468809277535,105.78372955322266,1130300
2018-07-10,105.94399357326444,106.4079598243975,105.77528208336012,106.1801986694336,1366600
2018-07-11,105.74998437509058,106.01148913592334,105.0498194082911,105.48847961425781,1200400
2018-07-12,106.65262207151267,106.65262207151267,105.53910923241764,106.30675506591797,1297100
2018-07-13,106.43328556227767,106.9563015750702,105.83435129578552,106.82132720947266,902100
2018-07-16,107.14188519058568,108.17103573853257,106.81289322832043,108.13729858398438,1101000
2018-07-17,108.46629764784467,109.20019987205696,107.86736335845731,108.64344024658203,2028100
2018-07-18,108.67716308942315,110.05218679483514,108.26380900932976,109.66413879394531,1461000
2018-07-19,107.1334424251016,107.55522763149963,105.1173096533935,105.59814453125,2796100
2018-07-20,105.32819466273872,106.39952617794003,104.88953447558924,105.61500549316406,1879900
2018-07-23,105.91025728770661,105.91025728770661,104.24842271128091,104.80517578125,1654700
2018-07-24,105.2269674623959,105.77528949691177,104.55211501954896,105.23540496826172,1899000
2018-07-25,105.25225391387336,106.65258357359211,104.58583910118267,106.52604675292969,2167900
2018-07-26,107.34434521603576,109.76538841153841,106.70322983940356,109.23394775390625,2253500
2018-07-27,109.61353806133566,111.03917407375891,109.41952047659754,110.27995300292969,1954000
2018-07-30,110.10279921433883,111.334404644703,109.77380731205129,110.59207153320312,1487700
2018-07-31,110.74391147902276,110.86201080990719,109.47012491935057,109.78224182128906,1679200
2018-08-01,109.68946365608329,110.04376169746328,108.74466887906996,108.78684997558594,1388500
2018-08-02,108.0276415901737,108.70250059840377,107.13345887481147,108.25540924072266,1778600
2018-08-03,108.09510409136227,109.41107177734375,107.74924359468324,109.41107177734375,1882800
2018-08-06,109.42794014013802,110.10279895324223,109.32671582332382,109.66413879394531,1544100
2018-08-07,110.09438441333866,110.61740689089648,109.47858153516468,109.61355590820312,817500
2018-08-08,109.55448840436281,109.55448840436281,108.91337950687338,108.99774169921875,1430700
2018-08-09,108.90494881512294,109.76538139509395,108.49159466617446,109.29298400878906,859300
2018-08-10,108.59281526929732,108.9555572389464,107.64802052914463,108.7109146118164,957800
2018-08-13,108.5590954491242,109.11585509783372,107.64803771629,108.01921081542969,1209800
2018-08-14,107.94325672788736,107.96856280758676,106.86348775450831,107.58895874023438,1143800
2018-08-15,107.23467157851634,108.89649986054444,107.06595363693614,108.6265640258789,1261600
2018-08-16,109.03989314722516,110.48240403446843,108.93866882947523,109.9509506225586,1324500
2018-08-17,109.80758573917235,110.3474704195165,109.3351882528545,110.01847839355469,1664300
2018-08-20,110.29683935694804,111.04761656312651,110.0859467386747,110.86203002929688,1147000
2018-08-21,110.69330482097456,111.57061234088566,110.44866220578565,111.10665893554688,1267400
2018-08-22,111.25007045540357,111.25007045540357,109.0399072151134,109.16645050048828,1083900
2018-08-23,109.24237944149205,109.55449640661402,108.76998202232441,109.2592544555664,1115400
2018-08-24,109.71477147941512,110.23778104328916,109.53762889184782,110.09437561035156,1180300
2018-08-27,111.19099671959086,111.62965686999162,110.79451765762764,111.25848388671875,1277700
2018-08-28,111.39349915279615,112.00087100826646,111.39349915279615,111.58751678466797,1056000
2018-08-29,111.84054811199397,112.40573864913367,111.30066365324404,111.90803527832031,1024600
2018-08-30,111.81523594055261,111.89115417158499,110.59206168821048,111.05601501464844,1262100
2018-08-31,110.86203611119039,111.11510984137479,110.2293582216617,111.01388549804688,1002900
2018-09-04,111.10666997212074,111.55376128223578,110.51616035782817,111.46096801757812,973900
2018-09-05,111.36819336665886,112.45639376873761,111.36819336665886,111.8490219116211,1209500
2018-09-06,111.71404870836813,112.5323132225262,111.42723779277162,111.83216094970703,1274200
2018-09-07,111.61150019063587,112.09515060741305,110.27936412059034,110.38117980957031,1300200
2018-09-10,109.7872460640919,109.923008963126,107.69994004292775,108.2684326171875,1840800
2018-09-11,107.35205544893353,108.87086893799368,106.66477355570862,108.48056030273438,1797100
2018-09-12,108.49753963537896,108.77753930852377,107.16539683051555,107.66600799560547,1750400
2018-09-13,109.0320742809164,109.80421114381924,108.38721350760017,109.31208038330078,1413400
2018-09-14,109.4563448502905,110.40665936019374,109.1848190205672,110.31332397460938,1194700
2018-09-17,110.49146997234024,110.81390352866818,109.95691180201949,110.21146392822266,996200
2018-09-18,110.30481572371984,111.78120791819462,109.88056643247477,111.46725463867188,1473600
2018-09-19,111.7218157335817,113.27456981730911,111.46726354907425,112.42607116699219,1470900
2018-09-20,113.13033337858057,114.21641068029335,112.93518230249259,113.82609558105469,1635700
2018-09-21,114.08910951980212,114.13152408548633,113.01151284200522,114.07213592529297,2738500
2018-09-24,114.07216092421787,114.07216092421787,112.61274220601746,112.7060775756836,1055700
2018-09-25,112.93518473197706,112.93518473197706,111.27212154523045,111.3993911743164,844500
2018-09-26,111.78120323469858,111.78120323469858,109.62600967511948,109.88056182861328,1317100
2018-09-27,109.78721129933645,110.24539475466175,109.00659429767131,109.55811309814453,836500
2018-09-28,109.21027054802806,110.23694669810901,108.79450153484301,110.05876922607422,1452900
2018-10-01,110.30483799560302,110.84787668016038,109.14239884594045,109.4308853149414,1362900
2018-10-02,109.19329877893745,109.96543569619237,108.81147695683133,109.8890609741211,1311100
2018-10-03,110.44906327594927,110.59330648700215,109.5157225667139,109.91450500488281,1547200
2018-10-04,110.20299669753058,111.0514952543097,109.92299062014622,110.9751205444336,1242600
2018-10-05,110.45755282131442,111.52666945268898,110.16058604920342,110.4151382446289,870500
2018-10-08,110.31331015095346,112.4006226274261,110.23694837606193,111.71334075927734,986800
2018-10-09,111.6115031435113,112.02727212961466,110.57634673501872,111.6539306640625,865200
2018-10-10,111.07695846691327,111.66242459159518,108.61630467818213,108.75206756591797,1656700
2018-10-11,108.59085486227801,108.60782198610985,104.86594001194995,105.47686004638672,2438600
2018-10-12,105.4344471975702,106.14718297747453,103.0671351168345,104.91686248779297,2327400
2018-10-15,104.65381576609244,105.8077743970591,104.38229646901385,104.69624328613281,1305200
2018-10-16,105.06110805265264,105.93506067187828,104.65382583109935,105.85021209716797,1232600
2018-10-17,105.86717438373297,107.92054604964241,105.70596404121136,107.28417205810547,2106800
2018-10-18,107.4369026916999,108.01388203961314,104.95928168387769,106.18112182617188,2818800
2018-10-19,105.49382913925528,107.58113485210103,105.22230985482487,106.97021484375,2044600
2018-10-22,106.8259779103997,107.46235187753052,105.19686210819219,105.27322387695312,1413500
2018-10-23,103.94108520677692,105.7059639623027,103.77138806523948,105.04413604736328,2001000
2018-10-24,104.76413692773642,104.94232088029884,102.92289627772657,103.14350128173828,2291800
2018-10-25,103.49140867418377,103.7459544522067,102.13381177079675,102.87200164794922,2318100
2018-10-26,102.68530755364534,103.61017448241817,101.53983562869617,102.9144058227539,3574600
2018-10-29,104.21260994517436,105.63808801833899,103.16895369712132,103.78836059570312,2323000
2018-10-30,104.33988950610572,106.91932641328516,103.59320648320573,106.800537109375,2217000
2018-10-31,107.09751256658943,107.72539982493076,106.08779698910396,106.17264556884766,2161700
2018-11-01,106.04536088695072,106.35081443597433,105.23079651111856,106.23202514648438,1320000
2018-11-02,107.50478712486867,107.69994468225403,105.1799024037785,105.97749328613281,1637000
2018-11-05,106.19809564407917,108.08175723596841,106.19809564407917,107.36053466796875,1098200
2018-11-06,107.11449431635357,109.16786647825386,107.0211589238339,109.11695861816406,1586600
2018-11-07,109.55815018528024,110.61877358142665,108.79450651888,110.54241180419922,1452400
2018-11-08,110.34725324381395,111.58605403617682,110.28785212306647,111.14484405517578,1879200
2018-11-09,111.27213024515473,111.84062287795844,110.5424207715286,111.17879486083984,1379400
2018-11-12,110.55938928194466,110.98363865528516,107.61509759519659,107.79328155517578,1794500
2018-11-13,107.6574933942765,108.83691233114588,107.27567163724991,107.59809875488281,1419900
2018-11-14,107.886614655857,108.1835879162148,103.71200246403181,104.39928436279297,3153400
2018-11-15,103.92413253603667,106.57993136430494,103.00775230780788,106.56295776367188,2409000
2018-11-16,106.04536633563801,109.2781377144572,105.81626807018561,109.26117706298828,2734100
2018-11-19,109.39692527366003,110.78847549575607,109.11693211118283,110.74604797363281,2118100
2018-11-20,111.11089627180667,111.23817883828123,108.82843281855335,108.92176818847656,1893600
2018-11-21,108.6926829726471,109.91451016130787,108.0223617842977,108.40419006347656,1503200
2018-11-23,108.13267174797069,108.31085569048197,107.21629163774323,107.41992950439453,405800
2018-11-26,108.33629704883562,110.59329986572266,107.91204776629374,110.59329986572266,1850300
2018-11-27,110.18603977138501,110.78847953454857,108.87086421999092,109.97391510009766,1274200
2018-11-28,109.8975509808362,111.14484505715721,109.21874945778782,110.89877319335938,1579400
2018-11-29,110.34724001046075,111.33150144461737,109.68541217126659,110.83937072753906,1620600
2018-11-30,110.63577853596703,111.11093588057378,109.2103065021468,110.61880493164062,2142700
2018-12-03,110.78847792801315,111.08544469527168,108.27691615968338,110.39816284179688,1597300
2018-12-04,110.4915147295314,110.74606695884695,106.99569734439606,107.4963150024414,2141200
2018-12-06,106.4781075248261,107.2756984303444,103.30472397665373,106.41023254394531,2775800
2018-12-07,106.41021574471846,107.73351612942801,104.89909792075795,105.48817443847656,1679600
2018-12-10,105.39427435314907,105.48818634013169,102.87574219122166,105.01009368896484,1534100
2018-12-11,105.59062884897997,106.22239501642441,102.83304407535945,103.27699279785156,1877200
2018-12-12,104.33560905373663,105.2576502096682,103.32819516414965,104.16486358642578,1703200
2018-12-13,104.18197370384947,104.67714485943073,103.06357550204046,103.7294921875,1282300
2018-12-14,102.73061016487365,103.68679548872908,102.40618456125928,102.9184341430664,2097800
2018-12-17,103.06355490229825,103.97705698296296,102.02199044305897,102.38909912109375,1829400
2018-12-18,102.79890992189645,103.36237533716421,101.09996141916317,101.85125732421875,1695200
2018-12-19,102.11592356062343,103.88316651295638,100.92922453296396,101.73174285888672,1829600
2018-12-20,101.16826472958601,101.97078300670537,99.82789220003879,100.16085052490234,2621900
2018-12-21,100.56210284091519,102.7135262181893,99.05097837964851,99.08512878417969,4523600
2018-12-24,98.53020360351992,98.922923489252,96.13118814113385,96.15679931640625,1344700
2018-12-26,96.04580918530411,100.03277587890625,94.83349920149963,100.03277587890625,1931300
2018-12-27,98.8204717192928,101.34754304383934,97.88989761749882,101.31339263916016,1807400
2018-12-28,101.72319615301826,102.24397845218404,100.55356915901046,100.9462890625,1386700
2018-12-31,101.15117270729431,102.23542022705078,100.78406404844331,102.23542022705078,1157300
2019-01-02,100.30599696546838,100.90361938709492,99.31566110153923,100.20355224609375,1793400
2019-01-03,99.93034962039766,100.14378479129682,98.23140097030269,98.40215301513672,1887500
2019-01-04,99.59736186713931,101.40728741329863,99.1448739670769,101.32191467285156,1793900
2019-01-07,100.92070327281637,102.05618014603972,100.4938328555317,100.99754333496094,1082800
2019-01-08,101.9195433176808,102.0305337565329,99.7510415645144,100.60478210449219,1403900
2019-01-09,101.30484273017117,102.07320390771746,100.72429897619944,101.32191467285156,1753000
2019-01-10,101.1938829763189,102.7476907720813,101.07435980076215,102.67938995361328,1061500
2019-01-11,102.35496466944964,103.18309413128834,101.82564312850012,102.85013580322266,839400
2019-01-14,102.33786062111581,103.27697372655248,102.26955982818751,102.94401550292969,1406800
2019-01-15,102.90135932861142,104.03683595444025,102.90135932861142,104.002685546875,1373400
2019-01-16,104.40392109880591,104.65150661255706,103.45626867199121,104.41246032714844,1349800
2019-01-17,103.84900456468455,105.00155305535192,103.54165743203674,104.95886993408203,1109200
2019-01-18,105.62478231675927,106.21386538297712,104.78811370841397,105.87236785888672,1923900
2019-01-22,105.43697849540808,107.1444599285321,103.59289542114226,104.46371459960938,2155800
2019-01-23,104.72834514406162,105.22351619528497,102.96110257681966,105.02715301513672,2008700
2019-01-24,104.79666045298535,106.25655612247941,104.6515261117341,106.1882553100586,1621000
2019-01-25,106.7261192947274,107.71645505069371,106.32486015152088,106.70050811767578,1972800
2019-01-28,106.06873109016486,106.82855970859853,105.53087685312917,106.7431869506836,1284500
2019-01-29,106.49560299582443,107.11883651367746,106.18825585188648,106.56390380859375,1275200
2019-01-30,106.46997438466114,107.73351315988955,105.93212022760686,107.4688491821289,1682400
2019-01-31,107.05905809100908,107.40055558761576,106.18823914898589,107.17858123779297,1619500
2019-02-01,107.59690421141863,108.0237744218986,106.82853652985017,107.9896240234375,1064700
2019-02-04,107.98964942438863,107.99818865439309,106.73464966821722,107.60546875,1214100
2019-02-05,107.67376086649037,107.78474479348847,106.99930504813997,107.72498321533203,1306400
2019-02-06,107.5542348481526,107.5542348481526,106.60658233865793,107.18712615966797,1504900
2019-02-07,106.87976633748468,108.25428894857035,106.81146553995336,108.22013854980469,1083900
2019-02-08,108.02376431965776,108.22012746406482,106.39312365515133,107.39199829101562,1252700
2019-02-11,107.605462858811,107.605462858811,106.17117843221422,107.07614135742188,1610200
2019-02-12,107.93839709132666,108.74091513722095,107.66520042878085,108.64700317382812,1729500
2019-02-13,109.09951386486729,110.24352967487141,108.8946179412561,109.31294250488281,1351000
2019-02-14,108.53602564316247,109.23609258115994,107.76766441656069,108.36528015136719,1266500
2019-02-15,109.3214851459255,109.99593448006912,109.16781157919716,109.91056823730469,1304600
2019-02-19,109.5434560162924,110.52526553788873,109.28733122687387,110.2179183959961,1459300
2019-02-20,110.17522963192997,111.09727106490561,110.11546153553849,110.76431274414062,1784800
2019-02-21,110.90944461158928,110.98627813919418,110.25206070119145,110.83261108398438,1227800
2019-02-22,111.16555844721829,112.10466519966293,110.96918874884058,111.85708618164062,1422900
2019-02-25,112.09613015662649,113.65847683349524,112.09613015662649,113.1120834350586,2051100
2019-02-26,113.08650249059718,114.31587819541072,113.00112320703181,113.77803039550781,2278700
2019-02-27,113.38528102708489,113.90606328672533,113.06940119038475,113.22306823730469,1350100
2019-02-28,113.1889214095441,113.60725896038127,112.88157429663339,113.47065734863281,1739700
2019-03-01,113.99141944711211,114.70002552738573,113.0864567265597,113.57308197021484,1360400
2019-03-04,113.75238726402546,114.11095670559232,111.7717030796988,112.8218002319336,907900
2019-03-05,113.05233854318503,113.39384262918155,112.07907469543046,113.28285217285156,1324200
2019-03-06,113.29991730270513,113.854843464963,112.42909826968828,112.52301025390625,896700
2019-03-07,112.45471087394579,112.56570131862688,111.54120219521134,112.25835418701172,1141100
2019-03-08,111.90624388270646,112.5932620570155,111.64002745230988,112.51597595214844,1153800
2019-03-11,113.46918377436367,113.71822108808148,112.89380995652442,113.24589538574219,1293300
2019-03-12,113.5379157777842,114.11328974203803,113.1171140261141,113.97588348388672,967300
2019-03-13,114.19061521398905,114.96350275091407,114.0102678000204,114.21637725830078,1189600
2019-03-14,114.3537273284714,114.65428873223104,113.90716360702898,114.2678451538086,1035600
2019-03-15,114.6285469051072,115.68484280376688,114.16481715001892,115.22968292236328,2113100
2019-03-18,115.63333470313162,116.07131563594712,115.33277317081985,115.88238525390625,1370200
2019-03-19,116.40620440686018,116.86135117815654,113.8900030430352,114.15621948242188,1675800
2019-03-20,114.30221394335594,114.30221394335594,112.71348529013484,112.78218841552734,1339500
2019-03-21,112.22398383200074,115.45296530426452,111.85471926359449,115.3928451538086,1527500
2019-03-22,115.00640913715786,117.00734363190415,114.88618193207272,115.8479995727539,2352800
2019-03-25,116.0283746195777,116.57798670308725,115.39288032460686,115.8909683227539,1143500
2019-03-26,116.44914060126479,116.74111906419138,115.02358019457851,115.91669464111328,1501100
2019-03-27,116.04553132140032,117.6084850592965,115.91670802903178,117.09323120117188,1198700
2019-03-28,117.40238130509978,117.80599090497469,116.32032337453683,117.56553649902344,732400
2019-03-29,118.26974246545655,118.62184112286116,117.35085276497868,117.78883361816406,1328400
2019-04-01,118.13231170598759,119.02543918335084,117.96914343009735,118.52735137939453,1547400
2019-04-02,118.8365328258866,118.8365328258866,117.2993280152106,117.4882583618164,1050200
2019-04-03,118.08939267220123,118.08939267220123,116.38044970377378,117.30792236328125,1122000
2019-04-04,117.56555082631941,117.6428500477672,116.77548438137096,117.23922729492188,1115200
2019-04-05,117.247783129317,117.72869188849077,116.88710155993668,117.13613891601562,1090400
2019-04-08,117.48823970757944,117.48823970757944,116.32890887797144,116.68959045410156,1006300
2019-04-09,116.35467171198822,116.35467171198822,115.3928410652447,116.09703826904297,1377700
2019-04-10,116.30315094509253,116.6037255215553,115.59038376782698,116.32892608642578,1250600
2019-04-11,116.56078570568191,117.16192176143244,116.01117372559811,117.03311157226562,955900
2019-04-12,117.63425826956883,118.38139674567448,117.4109828868871,118.2697525024414,1098300
2019-04-15,118.34700248660953,118.42428858350246,117.30789890719018,117.47105407714844,779100
2019-04-16,117.97773568638489,119.00825626982022,117.76304335217836,118.8021469116211,1038500
2019-04-17,118.75066054774845,118.75066054774845,116.62091558534865,116.68102264404297,1434500
2019-04-18,119.15429615166136,121.53309189524462,118.51021887516589,119.30886840820312,2199200
2019-04-22,118.83653116170437,119.08556855849729,117.29074339466008,117.3165054321289,1254000
2019-04-23,117.6514234479425,118.65618220712427,117.48825514363571,118.5187759399414,1389900
2019-04-24,119.09412911193726,119.9443154996742,118.11513256111013,119.52351379394531,1161200
2019-04-25,118.70771048128297,119.84129256997369,117.85753701854827,119.53213500976562,1129000
2019-04-26,119.58367410550738,120.59701600559724,119.58367410550738,120.4338607788086,776900
2019-04-29,120.657119973275,121.89375020341424,120.5884168378469,121.4815444946289,983800
2019-04-30,121.79927666214901,123.5425776545436,121.61034632864772,123.44811248779297,1558600
2019-05-01,123.33647912199473,123.81738797551132,122.77828415354513,122.87274932861328,1249300
2019-05-02,123.1475609922715,123.66282801719036,122.02257486177623,122.54642486572266,1050800
2019-05-03,122.68380487806321,123.85173186113455,122.18571702165816,123.10460662841797,1109200
2019-05-06,121.95382037763056,123.51678675245893,121.40420856419428,123.17327117919922,969700
2019-05-07,122.65804564581278,123.47387402603434,121.2582472088191,121.69622802734375,1191000
2019-05-08,121.51586394417006,122.57214658360148,121.33551661364251,121.5416259765625,1011300
2019-05-09,120.9490917473732,122.06549470439757,120.19338350724091,121.79927825927734,928100
2019-05-10,121.22389902858558,123.67138410531105,120.88897946634812,123.62845611572266,973100
2019-05-13,122.27161160833717,123.48246670393108,121.90233389123385,123.15614318847656,1611800
2019-05-14,122.86419601108473,125.70672182373583,122.86419601108473,125.13134765625,1775100
2019-05-15,124.57310267947265,126.14465245088029,124.28970716950248,125.82691192626953,1431100
2019-05-16,125.69809698505217,127.3297670201631,125.69809698505217,126.59122467041016,1686500
2019-05-17,125.354571313063,127.54443592035854,125.27728521138677,126.65990447998047,1721400
2019-05-20,126.66853758556873,127.82788198464613,126.4452621688827,127.24391174316406,1440600
2019-05-21,127.40701196612174,127.8192175548968,126.18756115081847,126.64270782470703,1390700
2019-05-22,126.65134162785397,127.32118089235017,126.18761179235071,127.06356048583984,1104200
2019-05-23,126.51395875018521,126.63418598427741,124.93381254010606,126.1876220703125,1803100
2019-05-24,126.56545499996456,127.18377009753345,126.02442601364606,127.0463638305664,919300
2019-05-28,127.09787301157469,127.78489116212324,125.59502654015404,125.62078857421875,1243900
2019-05-29,125.17423549448378,125.34599987461709,123.39658947338945,124.58169555664062,1484900
2019-05-30,124.94235650276912,125.6121955423945,124.07499107941756,125.14845275878906,1068600
2019-05-31,124.64179258839837,125.66373029065267,124.08359770917814,125.01107025146484,1405400
2019-06-03,124.94234911102097,126.10167979388656,124.4099032389823,126.0587387084961,1628800
2019-06-04,126.5482879792553,126.92614869746939,125.90421078333154,126.71145629882812,1513400
2019-06-05,127.16657422556857,128.69518270807743,127.03775095340006,128.6865997314453,1474800
2019-06-06,128.4031982573293,128.53200841969777,127.40702265574465,127.95663452148438,1796800
2019-06-07,127.74079612870145,129.5455670236965,127.74079612870145,129.1224365234375,1257900
2019-06-10,128.97560562813874,129.4419015629908,128.56974936248238,128.94107055664062,1187500
2019-06-11,129.52824681129258,129.5886996510926,128.40566603700245,128.82879638671875,968400
2019-06-12,129.12243374649387,130.05503901643894,129.05335041061286,129.29513549804688,1026000
2019-06-13,129.34689756602273,129.56277797086216,128.2761391908475,129.01876831054688,1508100
2019-06-14,129.26058291600344,130.0809260070277,128.48340537479842,129.62326049804688,1124000
2019-06-17,129.78730993223147,129.9772857541683,129.23465658922296,129.45916748046875,821200
2019-06-18,129.40740654816827,130.81495161480726,129.16562144395175,129.81326293945312,1329000
2019-06-19,129.80459011298453,131.26393073863176,129.80459011298453,130.90989685058594,1010100
2019-06-20,131.2898211511821,131.68704689347945,130.2535978436726,131.4193572998047,932200
2019-06-21,131.46257472936392,132.2915483489716,130.5731482540046,130.80628967285156,2316400
2019-06-24,131.03082842797448,132.23112343882593,130.9099358792664,131.27261352539062,980100
2019-06-25,131.26394100707068,132.66285525026188,130.80627551786947,132.23109436035156,1296800
2019-06-26,132.03247424786593,132.26562881669244,128.33660210158584,128.4056854248047,1506200
2019-06-27,127.32625483165336,129.11375083383626,127.18808821600476,128.83741760253906,1615500
2019-06-28,129.34691090558863,129.99455218689826,128.1984386285397,129.11376953125,2320000
2019-07-01,130.30542058846382,130.7630860400279,129.43326840603513,130.75445556640625,1146100
2019-07-02,131.0135058220882,131.98064585389525,130.59901911935586,131.97201538085938,915700
2019-07-03,132.45561651196184,133.51774470184733,132.16202224423702,133.24142456054688,613900
2019-07-05,132.818304028521,133.1896253047383,131.69572290046008,133.06008911132812,612100
2019-07-08,132.96512002538296,133.20690514247082,132.49882392137087,132.8096923828125,773400
2019-07-09,132.28290485000662,132.66285654504347,131.63526350882017,132.50741577148438,843400
2019-07-10,133.25005632858498,133.61273392922854,132.34335573882709,132.40380859375,747000
2019-07-11,132.0929265674249,132.41242540677212,130.55585886678122,131.62661743164062,933800
2019-07-12,132.04974065881166,132.5160497692244,131.0826005428384,132.45559692382812,867600
2019-07-15,132.26563207545746,133.81134347093206,132.26563207545746,133.69908142089844,923400
2019-07-16,133.74226525729776,133.9235974628854,133.06871928394875,133.49183654785156,878000
2019-07-17,133.01687100338387,133.12913303584682,131.55753046283996,131.58343505859375,944500
2019-07-18,131.55757030122547,132.00659221446074,130.86675012724194,131.86843872070312,762000
2019-07-19,130.95305156585763,131.59206232355984,129.67504322674773,129.7268524169922,1374300
2019-07-22,129.67504461156238,130.25360253596153,128.93241546544064,129.27783203125,1197600
2019-07-23,128.23295210498875,129.50232985669717,125.53012539639565,127.36943054199219,1970200
2019-07-24,127.45583023227731,128.79427855770743,126.79954519395261,128.5352325439453,1308500
2019-07-25,127.75804084977034,128.70792004954558,127.12767365880839,128.22434997558594,1188900
2019-07-26,128.11212701593658,129.74418310161033,127.1536170496647,129.4678497314453,947600
2019-07-29,129.24331558959773,130.41770584974395,128.25890119332058,128.44024658203125,1246200
2019-07-30,127.91348038977662,129.1396796873504,127.17948163551173,127.47307586669922,1204700
2019-07-31,128.04297654746708,128.52654651544626,126.16913633340101,126.60952758789062,1617600
2019-08-01,126.32461537195223,127.93076666375444,125.61653425207105,125.88422393798828,1542800
2019-08-02,126.5059670725049,127.5939999980566,125.61654050828339,126.86864471435547,1442800
2019-08-05,126.31597131447852,127.34356439287076,123.98446502578959,124.28668975830078,1664300
2019-08-06,124.10539391511124,126.10875828134121,123.3023115321186,126.03968811035156,1331300
2019-08-07,124.56303490800046,127.82714665772494,123.5872509380595,127.24858856201172,1555700
2019-08-08,127.68032731961982,128.47476575367568,126.2727826414717,127.99119567871094,1644100
2019-08-09,128.23299070408453,129.21740505516502,127.43855220815094,128.72520446777344,1385900
2019-08-12,128.26751052891774,128.94106959290775,126.29005158710686,126.46275329589844,1132300
2019-08-13,126.61819924951533,128.5611231997607,126.07417632703181,127.99119567871094,1110300
2019-08-14,126.71320685915154,127.63716842960929,123.85493833567782,123.89811706542969,1563500
2019-08-15,123.86357942496231,126.28144330176482,123.51816277039161,125.72014617919922,1203900
2019-08-16,126.22960530639791,127.0585919985215,125.50425018597505,126.77362823486328,1575500
2019-08-19,128.14660321602818,128.14660321602818,126.95495233957786,127.43852233886719,1379600
2019-08-20,127.4816870653196,128.19841151286093,126.41091562990376,126.51453399658203,905800
2019-08-21,126.72182111486919,127.33492737575529,126.29006022521035,126.97223663330078,849700
2019-08-22,127.4903641230169,127.94802964480402,126.32460436673794,127.63716125488281,696800
2019-08-23,127.2226550006246,128.46612837010954,124.49392323717659,124.97749328613281,1430500
2019-08-26,125.72874314058747,127.30034551229087,125.39197026263007,127.23126220703125,898100
2019-08-27,128.02575377183888,128.2934566323198,126.67866169898718,127.02407836914062,987100
2019-08-28,126.83405832366286,127.23127088563352,125.78919137774261,126.3936538696289,1072700
2019-08-29,127.42992538523231,127.61988806952573,126.29870069669498,126.88590240478516,1152800
2019-08-30,127.5162531489287,127.74940770696581,126.20369642110352,126.90316009521484,1029800
2019-09-03,126.28143082442435,127.47308193013143,125.88420500499079,127.42991638183594,1061700
2019-09-04,128.1984734619669,129.76144607066968,127.66308089739583,129.6664581298828,969400
2019-09-05,131.03945322976182,131.79935674662028,130.37453765251067,131.03082275390625,1230100
2019-09-06,131.06533612580762,132.6801176553831,130.98762232708188,131.9806671142578,1277000
2019-09-09,132.64917411679434,133.1614102216309,128.50796637405415,129.55845642089844,1658300
2019-09-10,129.22854830589034,129.4803145796474,126.35486248980243,127.24909973144531,1629000
2019-09-11,126.63268097528073,127.06677078895612,125.27832287619268,126.95390319824219,1440000
2019-09-12,127.77866743541966,129.28062768465415,127.44876819494368,128.75103759765625,1358900
2019-09-13,128.82916871188596,128.98544792657444,126.3895861858056,127.02335357666016,1631700
2019-09-16,126.5024713792639,127.82209500042266,126.34619214282313,127.0494155883789,1161000
2019-09-17,127.1709222469063,128.59473601635705,126.93652333328912,127.83942413330078,1322900
2019-09-18,126.61534258059989,127.62243435762134,125.62561810935406,127.16230010986328,1276900
2019-09-19,127.44875264168527,128.8465221599142,127.40534101741873,127.57029724121094,952300
2019-09-20,127.24041897627036,128.7771008060287,126.81501938733253,126.99732971191406,2418600
2019-09-23,126.91049252163548,127.96099570747134,126.60663759819991,127.22303771972656,823800
2019-09-24,127.52688670261118,128.6728900056388,127.11884127629388,127.40534210205078,1056200
2019-09-25,127.4921875,127.6310861766508,126.56322891140104,127.4921875,839000
2019-09-26,127.53561195870964,128.84657198269926,127.47484625913364,128.5774383544922,799900
2019-09-27,128.95944244221067,129.0549427654934,127.75267285566046,128.49063110351562,1204100
2019-09-30,128.47321676643222,129.68867618576888,128.47321676643222,129.08963012695312,886500
2019-10-01,129.5931619257618,129.86229546001226,126.33748869395453,126.36353302001953,1236600
2019-10-02,125.7384391497953,125.94680699980077,123.0731217138679,123.62007904052734,1376000
2019-10-03,123.38567048022651,123.62875968867112,122.14418011191067,123.04708099365234,1215300
2019-10-04,123.28150843480684,126.06837089798574,123.10787515690787,125.85132598876953,1229400
2019-10-07,125.57349962860901,125.57349962860901,124.20177424017994,124.2799072265625,891500
2019-10-08,123.65480701433312,123.65480701433312,122.06605009466219,122.09209442138672,1148500
2019-10-09,122.7605618226077,122.99497396979686,122.08338295060908,122.67375183105469,724800
2019-10-10,122.55227710331033,123.80245827113664,122.23104153408832,122.89954376220703,846200
2019-10-11,124.28862302516787,124.87897892889869,123.64616520577928,123.80244445800781,1187500
2019-10-14,123.65483200855962,124.41015737835008,123.42043302066001,124.24520111083984,602000
2019-10-15,124.57507191155815,125.45192837195714,124.27120381032638,124.41879272460938,878200
2019-10-16,124.01076613241163,124.07154506081983,122.89949734678615,123.7763671875,912600
2019-10-17,123.81109510039212,124.02814000357299,121.91845665602273,121.96186828613281,1111300
2019-10-18,122.20493997450748,122.9949864880377,121.72745185395208,122.7258529663086,1505000
2019-10-21,123.27282509770343,123.47250269469815,122.7692793444117,123.203369140625,1716300
2019-10-22,115.0945824586543,116.11902808602134,112.70708842324078,112.99357604980469,3551600
2019-10-23,112.92413981056096,115.4939443011391,112.59422728577383,114.73863220214844,1933900
2019-10-24,114.8948667406959,115.23345620074247,113.7662307914183,114.10482025146484,1281500
2019-10-25,113.77494420209652,114.11353373100006,112.4292631138086,113.23666381835938,1342300
2019-10-28,113.5144960410347,113.90517425747612,112.19485918467812,112.2556381225586,1525500
2019-10-29,112.0385777651367,112.75916840825765,111.37875280415558,111.93438720703125,2190700
2019-10-30,112.08200742892403,113.08908583861957,111.76946219905403,112.67236328125,1353300
2019-10-31,112.35113161899986,113.83571140108899,111.9517631513947,113.78362274169922,1864100
2019-11-01,114.18298781570338,114.21770917180791,112.66367347426278,113.48844146728516,1005000
2019-11-04,113.85307060735501,114.25243904656145,112.72443449380899,113.03697967529297,1106900
2019-11-05,113.02829923726394,114.59102509752066,112.99356463627558,113.96593475341797,1590600
2019-11-06,113.97459844284445,115.11191141580416,113.80096520032728,114.90355682373047,1559600
2019-11-07,115.20742133505853,116.17979141985285,115.1379653827612,115.47655487060547,1333700
2019-11-08,115.23347942118207,116.29265963729762,115.03380181408912,115.71965789794922,1301700
2019-11-11,115.46788775454121,116.28397870486671,115.29425448257972,115.93669891357422,1319100
2019-11-12,116.06691398168188,116.10163533119682,114.9816896580404,115.77173614501953,1050600
2019-11-13,115.2074327193808,116.67465839414731,115.04247647229538,116.44893646240234,1074500
2019-11-14,116.1971556579651,116.752790077681,115.71097719663489,116.29265594482422,1018100
2019-11-15,116.24056387391238,116.93511019000093,115.77175272778985,115.96275329589844,1450000
2019-11-18,116.0321951903472,116.96983072337932,116.0321951903472,116.58782958984375,1286900
2019-11-19,116.90039336871804,117.79461741570664,116.64862708011891,117.60363006591797,1810300
2019-11-20,117.01325655946506,117.81198027776185,116.71807864675398,117.57756805419922,1301100
2019-11-21,118.0290135223046,118.06374812469954,116.15374241405738,116.93511199951172,1230500
2019-11-22,116.95246672318552,117.6383227019788,116.67464292338153,117.31710052490234,1222700
2019-11-25,117.69913300804468,118.02035527076858,117.09139659577478,117.23030853271484,1161300
2019-11-26,117.05667903675109,118.85380425755498,116.94381142840038,118.66280364990234,1827500
2019-11-27,119.01007229929847,119.21844019185866,118.18530425155832,118.80170440673828,1057500
2019-11-29,118.79301004652649,119.12292251643503,118.4804648769733,118.697509765625,523300
2019-12-02,118.93192233052532,119.16632127290453,117.42996215820312,117.42996215820312,1577300
2019-12-03,117.01321760743896,117.29104137212158,116.07558227268449,116.87430572509766,1865200
2019-12-04,115.85858222284216,117.6296762890998,115.7544048944875,117.35185241699219,1303000
2019-12-05,117.56021228647242,117.56021228647242,116.3621201027913,116.60520935058594,1435000
2019-12-06,117.36920393887378,118.2026489483853,117.021924145436,117.82933807373047,1583700
2019-12-09,118.18745472245078,118.4669673366283,117.7594693578471,118.30973815917969,987100
2019-12-10,118.30975876075377,118.60673096910863,118.04771897130645,118.38836669921875,828600
2019-12-11,118.14377463941723,118.4756925239371,117.2877906154336,117.593505859375,1260100
2019-12-12,117.5847814070916,118.98231798973761,117.31401185957938,118.44950866699219,1068900
2019-12-13,118.03023298028825,118.97356801419926,118.02148988159732,118.4931640625,985600
2019-12-16,118.85128208791158,119.44522635907212,118.51062111558272,118.94734954833984,1312700
2019-12-17,119.03473156747027,119.89071578679653,118.96485340068277,119.65489196777344,1083400
2019-12-18,119.81209282384451,119.81209282384451,117.8642874825073,118.50190734863281,1582400
2019-12-19,118.26604031349693,119.21811831383756,118.00401394705615,119.20064544677734,1741500
2019-12-20,119.79463878941424,120.1964349292669,118.82510085218722,119.1657485961914,2676500
2019-12-23,119.48889699305677,119.48889699305677,118.42327859437263,118.99102020263672,1003000
2019-12-24,119.18320932183215,119.18320932183215,118.39710332438199,118.64167022705078,486200
2019-12-26,118.75518987493304,119.06089175171701,118.62416336097466,119.04341888427734,927700
2019-12-27,119.2093942543194,119.57624455381566,118.7639360323371,119.48890686035156,614400
2019-12-30,119.64614797915961,119.64614797915961,118.48444845474555,119.2181625366211,799200
2019-12-31,119.06089175739199,119.65484929933415,118.90367593410578,119.61990356445312,765100
2020-01-02,120.11781292425805,120.30997453457307,118.91243797371763,120.10906982421875,1117300
2020-01-03,119.2705121974212,119.98673974378418,119.09582352717835,119.68103790283203,927300
2020-01-06,118.92115819351652,119.8470337542527,118.47569994787477,119.81208801269531,952800
2020-01-07,118.69405441940881,119.34041730608763,118.00402935121856,118.05643463134766,1204600
2020-01-08,118.73773013217892,120.2750094394739,118.34467720264323,119.32294464111328,1942800
2020-01-09,119.40157553588367,120.45846442593566,119.40157553588367,120.20515441894531,1228600
2020-01-10,118.61543915355503,119.2006536252457,118.19618361059177,118.36212921142578,1343200
2020-01-13,118.36212693919956,119.05216527930426,118.22238397949009,119.01721954345703,1042500
2020-01-14,118.79016076611742,120.15275165420641,118.79016076611742,119.35790252685547,1485300
2020-01-15,119.22681783333859,120.51952978206693,119.06085895810465,120.16142272949219,905200
2020-01-16,120.53705154712137,121.39303557267452,120.37983570336232,121.27949523925781,1249100
2020-01-17,121.41050085108981,123.20109004001196,121.27074455789047,122.92157745361328,1534800
2020-01-21,122.95653583774869,123.63783117730405,122.61588816797101,123.07881927490234,1604700
2020-01-22,123.4106778366984,123.91728426686525,122.71192321512078,123.45435333251953,1656800
2020-01-23,119.04342647114588,120.53704352694866,116.5890148912123,117.20917510986328,3636600
2020-01-24,116.80737785803836,117.81186120681458,116.70256730362097,117.7245101928711,1755100
2020-01-27,117.34894065034361,118.57177498756579,116.65890223099385,116.80738830566406,1519500
2020-01-28,117.47120873739551,118.00401791355537,117.34018222187841,117.38385772705078,1297700
2020-01-29,117.47994972625892,117.51488213699699,116.12608890398342,116.40560150146484,1270900
2020-01-30,115.82036513841383,117.28776601460193,115.39236655224646,117.21788787841797,1409700
2020-01-31,116.74622992330134,117.48866014829227,114.79841181610226,114.96437072753906,1844900
2020-02-03,115.74176020621526,117.2965123035758,115.54086886632538,116.70256805419922,1494900
2020-02-04,117.40134520790821,118.1350458057148,115.71556645925122,115.80291748046875,1541400
2020-02-05,116.9209504256528,119.52384846195618,116.9209504256528,119.47144317626953,1404500
2020-02-06,119.90815532327743,120.53704532162175,119.20938717757332,119.22686004638672,937600
2020-02-07,119.13950627314036,119.55877514759659,118.11756338145365,118.79885864257812,900200
2020-02-10,118.79886037405817,119.0259676830054,118.03895718585773,118.98229217529297,807700
2020-02-11,119.08711127087523,120.10905425073717,118.48442387375017,119.99551391601562,1042000
2020-02-12,120.16144951941432,120.26626006276568,118.51934659148522,118.53681945800781,824800
2020-02-13,118.71154537807548,119.8033666401182,118.1175876810182,119.55879974365234,927200
2020-02-14,119.33169785106705,120.67682917106926,118.99105013483994,120.32743835449219,981400
2020-02-18,120.082825482055,120.26625725653186,118.58047886557746,118.685302734375,1206100
2020-02-19,118.79013350391656,118.93861957144917,117.20917871254072,117.48867797851562,1272200
2020-02-20,117.02577209472656,117.43629797539683,115.8204104259408,117.02577209472656,1629100
2020-02-21,117.2703154457284,118.20492070101153,116.37939902774518,118.05643463134766,1469700
2020-02-24,116.6239594126034,118.39707570730668,116.44927071257275,117.14802551269531,1828700
2020-02-25,117.13930123219211,117.21790915170583,114.18701275010935,114.23941802978516,1949000
2020-02-26,114.6674066297246,115.4360528718932,112.2916030883789,112.2916030883789,1715500
2020-02-27,111.23471784425438,112.72832811480261,108.34357808055688,108.3785171508789,2689600
2020-02-28,106.31717055507163,107.20809362423807,102.52636429996076,104.64886474609375,3753300
2020-03-02,104.64887138158107,111.53171617142748,104.22961579207673,111.52297973632812,3349900
2020-03-03,111.43565503621006,112.32658498298915,108.63185862995563,109.4529037475586,2694500
2020-03-04,110.28265826646422,114.9032455730201,109.46160673580295,114.88577270507812,2423100
2020-03-05,111.49677247265383,112.96418030297961,110.76306522551735,111.81995391845703,2445500
2020-03-06,108.49206775756412,109.87213109365096,106.96351836560561,109.04234313964844,2550400
2020-03-09,102.096437462668,104.17142582838873,99.61700312166393,102.1667709350586,3658300
2020-03-10,104.25934571552409,105.31442156939872,100.05661728277767,105.1297836303711,2615200
2020-03-11,101.71836419616507,102.31624229484007,97.76181973058281,99.00153350830078,3032200
2020-03-12,92.85569375688053,97.29581812138481,88.99586574284552,89.83992767333984,3485600
2020-03-13,94.52623870857207,94.56140879521115,87.21102838784631,94.47348022460938,3602300
2020-03-16,86.03285587925284,86.58677637114296,74.61163327820134,74.82264709472656,4731800
2020-03-17,76.58989446424103,85.02172550872639,70.69024897997909,84.76675415039062,5424900
2020-03-18,79.35070338177643,82.20820793569081,67.69208292356318,71.82447814941406,3939100
2020-03-19,71.3584732740491,76.00960471189354,68.15806258078302,75.67549896240234,3177500
2020-03-20,75.74584527782707,82.80607782970985,74.69955695269086,78.70006561279297,5949500
2020-03-23,77.02073130476374,81.32896997475807,76.58990945016691,77.68894958496094,4915700
2020-03-24,80.29147234240497,82.96433863944443,76.28217625084996,82.4192123413086,4293300
2020-03-25,82.09389566642767,83.4918713506211,77.07348166506624,81.047607421875,4151400
2020-03-26,81.84770601555117,86.982424531481,79.2188041381394,86.75382232666016,4610600
2020-03-27,83.41273368172239,90.56968088949075,83.35997520569958,87.87922668457031,3085400
2020-03-30,87.79131509972562,90.55210308212122,84.58211691274754,90.20040893554688,2733700
2020-03-31,88.57381632775912,89.43546650820687,87.05274895563083,87.3516845703125,2919500
2020-04-01,83.31600816576065,86.22626330931773,82.99948417762683,83.70286560058594,3182600
2020-04-02,83.13138847606041,86.98242223011164,82.55988633313301,85.45256042480469,1852300
2020-04-03,84.48542524594733,85.56688388498257,81.71584897360772,82.55111694335938,1784100
2020-04-06,86.16475483460255,87.47480892272279,85.09209048684949,87.02640533447266,3042500
2020-04-07,90.0949131649104,91.61598092124422,88.51229272270503,88.6090087890625,1944000
2020-04-08,89.3299781795742,92.7414029504768,88.02871845484495,92.26661682128906,1482100
2020-04-09,93.49754030138912,98.21022499520313,92.9787965710967,96.48693084716797,1693400
2020-04-13,96.37263127623315,96.61002099234635,93.04913500259673,93.56787872314453,1241500
2020-04-14,94.28005249950553,96.28470043274667,93.49752982997813,94.97463989257812,2122800
2020-04-15,90.57849221851743,92.5216011532658,89.65530249522973,89.83114624023438,1994700
2020-04-16,89.6465151399464,89.87511739231297,87.01761271576383,87.75616455078125,1721100
2020-04-17,90.82467497758017,92.61830248673546,89.81355676145253,92.38091278076172,2038500
2020-04-20,90.8159009528416,91.28189297742408,88.01114789649303,89.4882583618164,2204500
2020-04-21,86.59558342105771,93.68219999907825,84.88987739786995,89.4882583618164,3049200
2020-04-22,91.00932013986782,91.80063040268941,88.31007775469392,89.49703979492188,2274100
2020-04-23,89.46185961503494,90.53452377166113,88.14301156174204,88.31885528564453,1832100
2020-04-24,88.70572627670074,88.87278252272365,86.72745404625157,88.64418029785156,2130000
2020-04-27,89.41791438900695,91.14121544900254,89.18052464033943,90.46420288085938,1405200
2020-04-28,92.29298453741553,92.8908625684834,90.46418035908935,91.69510650634766,1907100
2020-04-29,93.10186946034797,93.98110139912394,91.36099397805563,93.1985855102539,1420200
2020-04-30,91.67753947732503,91.95889351587367,88.72332542656908,88.98709106445312,1908800
2020-05-01,87.46601519064505,87.76495089481874,84.08976032533708,84.45024871826172,2580200
2020-05-04,83.72047091674442,85.33825455377924,82.16422654250196,85.20637512207031,1657700
2020-05-05,85.83063025537498,87.59788174561949,85.07449019873002,85.15361785888672,1798700
2020-05-06,85.83063599483383,86.0064797233903,81.97080779334722,82.0235595703125,1309000
2020-05-07,82.8236614998485,86.07682430891367,82.8236614998485,84.23043823242188,1333100
2020-05-08,85.72512248258971,85.83063274052809,83.97545263016167,85.58444213867188,1125200
2020-05-11,84.96018413663019,85.03052430522037,83.05225234267348,83.97544860839844,1016200
2020-05-12,84.15128865529354,85.04810899572355,82.55108678363199,82.61263275146484,1913100
2020-05-13,81.65429563205787,81.85651527860867,78.71765663893599,79.00780487060547,1964900
2020-05-14,77.54825048821351,79.97493239766986,74.82263295417556,79.32430267333984,2651300
2020-05-15,78.4538919660067,79.50017372000622,77.13504366922619,79.40345764160156,3352700
2020-05-18,82.639026235395,84.49420657116087,82.20820436881692,83.79082489013672,1706100
2020-05-19,83.34241034485379,83.58859425597132,81.70703812613483,82.00597381591797,1598500
2020-05-20,83.15776153697861,84.53815546495223,82.44557907808245,84.00182342529297,1835600
2020-05-21,83.52703984564266,88.62658811942185,83.4654938740767,87.19343566894531,2993500
2020-05-22,87.2989403015748,88.116626275725,86.34057399690064,88.01111602783203,1705400
2020-05-26,91.19395022531576,91.94129613380309,90.32351236521914,90.87742614746094,2840500
2020-05-27,94.06025891692556,94.39436472102581,92.34575218944178,93.9195785522461,1738200
2020-05-28,95.38787536799379,95.62527175842114,93.70854577900494,94.59656524658203,2028300
2020-05-29,93.4887395613375,95.59889768920254,92.91723742345624,94.06024169921875,2973600
2020-06-01,93.89319712420286,96.10007158191242,92.68864672769826,95.96818542480469,1726700
2020-06-02,96.77707857466754,97.99921067718151,95.44064871215174,97.59476470947266,1795800
2020-06-03,99.37959465612403,101.11168281767327,98.93118444538602,100.64569091796875,1774200
2020-06-04,100.21487949498913,103.75818384783658,99.30926478112717,103.7493896484375,1695300
2020-06-05,106.62444805538401,110.15016980282441,105.66608851776442,109.34127807617188,3129600
2020-06-08,109.90401357412338,112.65601436714496,109.56990778774116,112.54170989990234,3168200
2020-06-09,110.0102959040368,112.4000896205723,109.68280285281008,111.01046752929688,2875400
2020-06-10,109.53233272735838,110.33778584979295,107.07172867664649,107.08058166503906,3377200
2020-06-11,103.03561213811842,103.9030157675592,97.68954932505865,97.84886932373047,3541000
2020-06-12,101.53979608516532,102.27443883079665,97.85773612117104,100.30949401855469,1885100
2020-06-15,96.91951071699104,102.55766185365422,95.73346697789589,101.65484619140625,1942100
2020-06-16,105.72636995763176,105.72636995763176,101.05299098251409,102.80551147460938,1545000
2020-06-17,103.38966231782398,103.38966231782398,101.38046626188276,101.6282958984375,1328300
2020-06-18,100.78745560048286,103.20380157872259,100.45996254266511,102.71699523925781,1111100
2020-06-19,104.22166340309752,104.22166340309752,102.00888923318038,103.16838073730469,4756900
2020-06-22,102.01774712679197,103.35425792764343,101.15033663921545,102.87630462646484,1967800
2020-06-23,104.32788114946146,104.85009262298121,102.66387061748446,102.84089660644531,1723900
2020-06-24,101.42472209502164,101.51323847150331,98.60122660996362,99.89348602294922,3024400
2020-06-25,99.61910932515501,101.63715856102705,98.71629355993745,101.45128631591797,1212800
2020-06-26,100.24753473018693,101.27425855486591,97.84888805690964,98.24718475341797,2515200
2020-06-29,99.47748617100889,100.38914815054528,98.14982152053415,99.92889404296875,1161200
2020-06-30,99.5482796409148,101.33619809485954,99.22078665180763,100.9467544555664,1464500
2020-07-01,100.86711148078192,101.6017542317018,99.30931634996604,99.5748519897461,930500
2020-07-02,101.82304440691193,102.67274910641581,99.2916295352669,99.53945922851562,1040300
2020-07-06,102.01773308719062,103.00905150473795,100.3094713108382,101.4070053100586,1329600
2020-07-07,100.53959433114422,100.74317250656837,99.11457411457594,99.55712890625,1222600
2020-07-08,99.06147196875582,100.70777648393347,98.68972753058043,100.17671203613281,1591200
2020-07-09,100.35372375233602,100.35372375233602,96.55660276800718,97.3974609375,1506400
2020-07-10,97.57450089704027,101.1149400402855,97.54794868392221,100.76089477539062,1073600
2020-07-13,101.44242221588331,103.04446859552534,99.89348025678379,101.11492919921875,1239700
2020-07-14,101.14148838323537,105.30150826907688,100.34489500876816,104.92976379394531,2289800
2020-07-15,107.43461687089352,107.59393689281468,104.4429484068756,105.45197296142578,1487400
2020-07-16,105.354596102075,108.59410052539789,105.15987090685664,106.65570831298828,1367400
2020-07-17,106.94781244423125,106.94781244423125,104.96516174716416,105.46968078613281,1301500
2020-07-20,105.23069680135467,106.56721440403625,104.60226969418886,105.12448120117188,1174100
2020-07-21,105.72636518558276,107.71786227846789,105.53164669778525,106.58492279052734,1330200
2020-07-22,105.69095307853553,108.47904324603165,105.35460706892816,108.19580841064453,1317500
2020-07-23,107.70016660262087,108.24893713954967,104.0004071669095,104.98287963867188,2127200
2020-07-24,105.69095898365568,106.6291731621354,104.04465430072047,104.69078063964844,1542800
2020-07-27,104.08003583646608,104.30131323904672,102.53109401840153,103.23033142089844,1249400
2020-07-28,103.0179206065993,103.7614162889157,101.69910900389503,101.81417083740234,1350300
2020-07-29,101.69024993570316,103.77910930718895,101.17688470394714,103.42506408691406,1033600
2020-07-30,101.34505646100733,103.29229501937981,100.25636860375262,102.61076354980469,1133700
2020-07-31,101.9912050029862,102.4780113402142,99.64566268752746,101.27426147460938,1377600
2020-08-03,101.22114845064435,102.26557819377598,99.7784220333499,101.25655364990234,1266600
2020-08-04,100.4245436510513,100.96446109698579,99.39781993201012,100.10590362548828,1451600
2020-08-05,101.22114128982602,102.47799538673914,101.0529682934606,101.8584213256836,958700
2020-08-06,101.22114133126898,102.23016580417301,100.31832569581749,100.67237091064453,1632300
2020-08-07,100.10590334960747,104.08004391772873,100.03509295459952,103.87647247314453,2062900
2020-08-10,104.44293988643142,105.66438878628034,103.53127801703141,105.43426513671875,1063600
2020-08-11,107.45232224016073,109.13403207252853,105.87682800609082,106.1423568725586,1609400
2020-08-12,107.59395661160066,107.59395661160066,104.68194424843202,105.20416259765625,1144600
2020-08-13,104.69076757450789,105.77945540749371,104.03578832897979,105.56702423095703,930300
2020-08-14,104.9032115062741,106.15121957732002,104.45181036610391,104.9740219116211,625100
2020-08-17,104.52261923835059,104.52261923835059,101.71682262666396,102.59308624267578,938000
2020-08-18,102.86744688623087,102.89399909586398,101.56633459140122,101.72565460205078,768500
2020-08-19,102.01774274883557,102.69927422544417,99.8226677896588,100.19441223144531,1200700
2020-08-20,99.13229518061996,100.40685542242619,99.0172333404548,99.60140228271484,895100
2020-08-21,99.16769902280026,99.94659318608788,98.69859192713547,98.98182678222656,1082600
2020-08-24,99.2827593422873,101.75221636272748,98.70743665244687,101.69911193847656,1361900
2020-08-25,102.91172656334976,103.0533473907304,101.56636246749737,102.33641052246094,1356500
2020-08-26,101.54864408632619,101.54864408632619,100.38914572762398,100.495361328125,1200100
2020-08-27,100.62811707607898,105.16872709570633,100.61041110169255,103.71714782714844,1543900
2020-08-28,104.5314625715244,104.5314625715244,101.54864696602125,102.57537078857422,1725800
2020-08-31,103.27460721921429,103.53128986033501,101.65485473534125,102.70813751220703,2297900
2020-09-01,101.92922433135843,102.08853757592499,100.53074954879362,101.51322174072266,969900
2020-09-02,101.3716187156789,104.19512098267425,100.92021085180768,103.98269653320312,1391400
2020-09-03,104.71732060613394,106.99205213816097,101.29195057998724,102.09739685058594,1299400
2020-09-04,103.73487049101759,105.32807090330081,101.68141593343707,103.17725372314453,1460700
2020-09-08,102.94710246838092,103.06217104608892,99.71645760931757,100.67237091064453,1686800
2020-09-09,101.84951360276334,102.9107269012039,100.70804390546394,101.33228302001953,957600
2020-09-10,101.42146443822952,102.50942305058834,99.67358133472435,99.7003402709961,950200
2020-09-11,100.34242403246034,101.72467668186685,99.56658487889264,101.12718963623047,1040100
2020-09-14,101.81385629053494,102.7591415459254,101.4482324154014,102.07247161865234,977300
2020-09-15,102.08137427822585,102.26864600803745,99.9321956006669,100.01245880126953,1042000
2020-09-16,100.19081129956608,102.50942242584775,99.97678743656824,100.92206573486328,1048900
2020-09-17,100.24432488012692,101.14501177784058,99.04042446181754,100.41375732421875,1196900
2020-09-18,99.87870568392282,100.9399191089975,99.2901314739395,99.53091430664062,2294700
2020-09-21,97.41738831358626,98.43401011320519,95.59816856592724,97.60466003417969,1884100
2020-09-22,97.3014751040884,99.3882232861182,96.54346846028346,97.42632293701172,1385100
2020-09-23,97.40846484122251,98.43399937011263,95.821101604479,95.85677337646484,2883500
2020-09-24,96.2759250925261,97.5868340274141,94.23376171280414,96.15107727050781,1746300
2020-09-25,95.02746094999769,96.59698551929574,94.49239776610217,96.40971374511719,1714100
2020-09-28,97.85437627922775,99.78952446890283,97.47091313901457,98.29134368896484,1555900
2020-09-29,98.06842086164703,98.31811657706058,95.01855438847062,95.8122329711914,1306500
2020-09-30,96.14216244609334,97.31930397250521,95.61601899887498,96.48104095458984,1595800
2020-10-01,96.47212501292819,97.2033795225093,94.75992032762072,96.14216613769531,1323600
2020-10-02,95.14339700262974,97.6403608228505,94.93828593130243,96.82884979248047,1220300
2020-10-05,98.58563328808683,99.90545519704497,97.69385915360823,99.79844665527344,1296300
2020-10-06,100.36917760036458,101.04692101718919,98.79965328051982,99.45956420898438,1491800
2020-10-07,99.95004933604402,101.96545403596483,99.95004933604402,101.48390197753906,1388000
2020-10-08,102.42025608347956,104.29298037039248,101.97436902451474,103.10692596435547,734400
2020-10-09,103.83819517458079,104.31975408290525,102.75914915551392,103.2942123413086,903800
2020-10-12,101.97437296377544,104.26623226324105,101.71575764314196,103.92736053466797,1370800
2020-10-13,103.00881354015543,103.59738082449316,100.16405238871927,100.67236328125,1230200
2020-10-14,100.5564393053174,102.07245240133183,99.87868915246231,99.90544128417969,1070100
2020-10-15,98.61236495571036,100.823960540112,97.75626278074567,100.44941711425781,1238900
2020-10-16,100.58319276607227,101.89410166711112,99.60224270253099,101.05583190917969,1641100
2020-10-19,101.22530651598957,101.99223298721188,99.60227750092108,99.73603820800781,1191400
2020-10-20,103.07125099452043,105.63063827943392,101.84059839548392,105.32743835449219,2300800
2020-10-21,105.67523913574219,111.63229086296819,105.33636740050278,111.47177124023438,2965200
2020-10-22,109.97360020813984,113.13048186873064,109.58121736106263,112.4884033203125,2267000
2020-10-23,113.63877373115795,113.74578907239075,110.4194686888082,112.33678436279297,1375900
2020-10-26,110.44622656782857,110.59782653968786,107.4677041874067,108.38623046875,1331800
2020-10-27,107.92249445854407,109.1977316448929,106.1478659724881,106.20137023925781,1159000
2020-10-28,104.49810621561578,109.0818252868638,104.07897123221764,108.35057067871094,2899800
2020-10-29,107.94033979805835,110.34812718935532,106.0497762231408,109.20665740966797,2595800
2020-10-30,108.50215180876873,109.50094123808343,105.98734914917114,107.64604949951172,2630300
2020-11-02,109.7506374847855,110.85643545639466,107.38743477476635,110.5086441040039,1765700
2020-11-03,111.91766857073429,113.71013672140448,111.56987715692183,112.66675567626953,1546200
2020-11-04,109.42069111444648,113.35341858410402,109.25125864374112,110.04493713378906,2424100
2020-11-05,110.6067441905749,114.63756706588596,110.25895282437419,113.71012115478516,1363000
2020-11-06,114.00438935272065,115.11019405462746,112.87183932205488,113.25530242919922,1044200
2020-11-09,123.4661411098816,123.48398040479604,119.61368345946138,119.74744415283203,2734300
2020-11-10,120.6392001413323,122.0125398866504,119.58691322631596,121.6023178100586,1591100
2020-11-11,121.3615315189153,121.81634500933656,119.36396628453755,120.35383605957031,966300
2020-11-12,119.47988940721356,119.47988940721356,116.99184567005811,118.07088470458984,1289500
2020-11-13,119.29262876031443,120.46976353192692,118.27600679998821,120.05955505371094,1135000
2020-11-16,122.88648179239546,123.93876876813006,120.37167213327035,121.5398941040039,1163500
2020-11-17,121.35260822492371,121.4417774609827,119.56906021504663,120.42515563964844,1218000
2020-11-18,120.78190270218454,122.42276400349488,119.72960204527385,119.82769775390625,1333200
2020-11-19,118.71295960995164,119.65823794510491,117.23262499828887,119.38179016113281,1118600
2020-11-20,118.56136852649519,120.2111561191987,118.32058569997558,119.98821258544922,1322400
2020-11-23,120.88889846014322,120.88889846014322,119.16778092684957,120.05955505371094,918000
2020-11-24,121.99471241124068,122.1195602540543,120.1754854360771,121.62908172607422,2098500
2020-11-25,120.8888807576651,121.72715049134489,119.52446763195782,121.29910278320312,986700
2020-11-27,120.99588962152129,120.99588962152129,119.09642025716799,119.89009857177734,538000
2020-11-30,118.74864320564774,119.49773018881825,115.54717743128879,115.6185073852539,2684100
2020-12-01,118.16899842141966,119.71177763798586,117.70528561874063,118.97160339355469,1218300
2020-12-02,118.2314565773948,119.74747039993134,118.0887694015942,119.53343963623047,948400
2020-12-03,119.27479818728878,120.94241157206451,118.09764972222759,120.46977233886719,980800
2020-12-04,120.87106385039347,121.45072521974691,119.68501619022341,121.4239730834961,934600
2020-12-07,120.05061721739246,120.43408713141679,118.98940392989633,119.40853881835938,970900
2020-12-08,118.6684019269959,121.1029417362954,118.38302764519061,120.62137603759766,1113300
2020-12-09,121.06108545984506,121.87773509729377,120.60340946748369,121.070068359375,1600100
2020-12-10,120.68415250753084,123.43023537313563,120.6123577909438,122.68539428710938,1352800
2020-12-11,120.97135047479671,122.6315573426456,119.94829956541902,121.10595703125,1273500
2020-12-14,122.21876837003293,122.74823914224213,119.95728211593065,120.24446105957031,1344500
2020-12-15,120.89060684968696,123.23285717956519,120.54061605066822,123.17900085449219,975600
2020-12-16,123.60076667527308,123.81615086086501,122.24567711954855,123.34052276611328,1253300
2020-12-17,123.61872041073924,124.5879287185159,123.61872041073924,123.8699951171875,1428800
2020-12-18,124.37250932657979,125.44043337343241,123.39433208953214,124.61481475830078,3347100
2020-12-21,124.87509762576175,124.87509762576175,122.28157285572682,123.9776840209961,1373200
2020-12-22,123.4302755055879,123.75334498855226,122.2815870535916,122.47901916503906,1186600
2020-12-23,123.20590625636812,124.34562535455395,122.86489840229787,123.79820251464844,1901500
2020-12-24,123.8969342698404,124.41743586341802,122.80208845118516,124.28282928466797,416800
2020-12-28,124.58793366404313,125.53022069735054,124.26486421529331,124.91100311279297,1100300
2020-12-29,125.26099571329644,125.32380754660164,123.87000185260833,124.15718078613281,859000
2020-12-30,124.69561060362338,125.54815074133035,124.60587746427976,124.8122787475586,1253800
2020-12-31,124.81227513003093,126.12249121271448,123.9417829123077,125.96993255615234,970200
2021-01-04,126.20328349581958,126.23020480931372,120.54060566679773,121.7341537475586,1559700
2021-01-05,121.79698174710863,122.45208987783991,119.4637007783198,120.72905731201172,937700
2021-01-06,122.16491136472297,124.86612122989901,121.56364592736263,124.83023071289062,1278900
2021-01-07,125.20713993066187,125.38661989853345,123.59179283292998,124.80330657958984,1258100
2021-01-08,124.92897148245088,125.43152098071789,123.75334799267657,125.32382202148438,995100
2021-01-11,124.45330225626051,125.05458137395217,123.14308616564395,123.33153533935547,1017200
2021-01-12,123.42125416161883,126.27503567119628,123.27766474241378,126.01477813720703,830100
2021-01-13,125.64687025754161,128.0968191873238,125.27894109719463,127.6570816040039,1409200
2021-01-14,127.81860438261809,128.44680481760093,126.63402562620816,127.71990203857422,1621900
2021-01-15,127.2891298292458,129.3352315503505,126.59813128117132,128.54551696777344,1915900
2021-01-19,128.89552548642158,129.48780808176315,127.46862739189915,128.78782653808594,1616400
2021-01-20,128.58140934815626,130.61854189328537,128.03398654769228,130.14291381835938,1929600
2021-01-21,132.93386246593056,136.66709211582042,132.00952768193153,133.4633331298828,2835300
2021-01-22,131.7761976976943,132.79027935494395,129.63137993739576,130.8787841796875,1237900
2021-01-25,129.67625402568368,131.52492369143104,128.5634563279343,131.34544372558594,1284800
2021-01-26,131.74927405555064,132.422334182142,128.9493483108325,128.96730041503906,1277300
2021-01-27,127.31606727566796,129.15576795541588,125.00972136771256,125.18920135498047,1637600
2021-01-28,125.88916836863582,126.87632872490212,124.83919618612188,125.63789367675781,1680700
2021-01-29,124.71359810918648,124.71359810918648,121.93160982442076,122.3175048828125,2277100
2021-02-01,123.01747329919453,124.29179912717655,121.9495487908327,124.03155517578125,1232200
2021-02-02,124.88410124953232,126.2571431971979,124.0674514472497,125.48536682128906,1403700
2021-02-03,125.10843926058932,125.9520102759844,123.86103484452191,124.43537902832031,1083400
2021-02-04,124.95589033382853,129.38910257376872,124.5520432082017,129.1647491455078,2701400
2021-02-05,129.8198716398622,131.4531574848669,128.84169397436597,129.9813995361328,933600
2021-02-08,129.7480831280713,131.23779325683412,129.0929749171131,131.20188903808594,756100
2021-02-09,131.1390046668365,132.0723084364013,130.73515774323357,132.06333923339844,795500
2021-02-10,132.10825085858286,132.53900551582592,130.4211090520024,130.9595489501953,1528600
2021-02-11,131.0223820603182,132.08132350685648,130.6454700017142,131.32749938964844,887300
2021-02-12,130.87881227364804,132.04545283617236,129.98139856300574,130.98651123046875,1313000
2021-02-16,131.92874908598804,132.74539862882017,130.72621832452003,132.29669189453125,1122100
2021-02-17,131.83902797585702,133.55309114354975,131.7044077272304,133.22103881835938,924300
2021-02-18,133.09539345067034,133.18514027768126,131.3454398715034,132.53900146484375,918200
2021-02-19,132.94283284753988,132.96975415655922,130.78904596533383,130.9416046142578,1124700
2021-02-22,130.86982852349004,132.81721441597028,130.02625753827527,132.70054626464844,1243900
2021-02-23,134.04663269772203,134.57611700094822,132.0992472989401,134.0107421875,949200
2021-02-24,133.4364088817314,135.72481593181607,133.4364088817314,135.47354125976562,1484300
2021-02-25,135.78766743935697,135.94022612815812,132.70056205940105,132.81723022460938,1259900
2021-02-26,132.89796720443874,132.97873113621858,130.28649052934037,130.57366943359375,1529100
2021-03-01,131.91980445535538,135.51842820507542,131.91980445535538,134.9620361328125,1183900
2021-03-02,134.46845028764182,135.43765861705376,133.73257825760086,133.8223114013672,1221400
2021-03-03,133.81335443570163,136.54148599907313,133.4543944409106,135.2492218017578,1226200
2021-03-04,135.1684125407932,136.4247996155216,132.42232951209564,133.73255920410156,1107000
2021-03-05,135.01585638691546,137.50169558018837,133.91204163201678,136.72991943359375,1458700
2021-03-08,137.30425359196303,141.11826063618423,136.82862557368847,139.7721405029297,1374800
2021-03-09,139.33906311558226,140.72867165323188,137.85922901913494,138.79766845703125,1420100
2021-03-10,138.5630298748533,141.15273569333507,138.10284242232515,140.20529174804688,1491600
2021-03-11,138.85176705635806,140.19624177935566,137.30876311585575,139.94358825683594,2105200
2021-03-12,141.71220533613666,143.50784939363928,140.73767850855432,141.9107208251953,1313300
2021-03-15,140.73769325662283,142.1182696315566,140.4038325212145,141.97389221191406,873500
2021-03-16,141.54977250386813,141.54977250386813,139.33002850140517,141.1888427734375,1049100
2021-03-17,141.8024187481658,142.7318258362002,140.34965394001532,142.49722290039062,1393800
2021-03-18,144.19364796386583,145.44789751851718,141.08058390922923,141.51370239257812,2301300
2021-03-19,140.99034891831744,140.99034891831744,134.34012054648665,134.71910095214844,4099200
2021-03-22,134.58374717983364,134.91762170167175,132.42715926981575,133.1761016845703,1381800
2021-03-23,133.2302368882898,134.81836101760277,132.45422544380884,132.6437225341797,1616400
2021-03-24,133.26629003537698,136.31619662070992,133.0587561683146,134.7010040283203,1995900
2021-03-25,135.2424322972324,138.18404940436307,133.473843648536,137.8592071533203,1402100
2021-03-26,138.68939200051219,138.83376943093776,136.7042505222242,138.63525390625,1123000
2021-03-29,136.9839448543363,139.41123654801675,136.04551928785466,138.82472229003906,1393700
2021-03-30,139.4744071266288,140.06993981021384,138.32843388113216,138.9871368408203,924000
2021-03-31,138.9870997305029,139.07733902410249,135.5762637149025,135.71160888671875,1705200
2021-04-01,135.57632601130257,136.52378395511607,134.8634848312195,135.91018676757812,1680000
2021-04-05,137.38096480853295,137.5433790447057,135.89211256927376,137.1824493408203,1260700
2021-04-06,137.1824631421678,138.9059322540705,136.65910538087124,136.9298095703125,1349200
2021-04-07,136.9658994140751,137.5614458874647,136.26207677046452,137.4170684814453,1694200
2021-04-08,136.06359703551004,136.36137035045678,134.9266556436515,135.67559814453125,1740700
2021-04-09,136.72228974565903,137.65169700258778,136.21698254988283,136.83958435058594,1377600
2021-04-12,137.05615176923763,137.35392503425115,136.49670647844235,137.0110321044922,1232200
2021-04-13,136.44252595169337,137.5162965345733,135.83794741560072,137.34486389160156,1911200
2021-04-14,137.5343940769182,141.08059055042486,137.15541366507432,140.25042724609375,1850700
2021-04-15,140.34063067821324,140.73766160865475,138.76153914851176,139.28489685058594,1181300
2021-04-16,139.5646281188565,141.17982098016836,139.5646281188565,140.71961975097656,1315500
2021-04-19,141.28810436548383,142.53333537600628,138.57207158321174,139.30296325683594,1123100
2021-04-20,139.79926006088584,142.02803666533836,138.81571466160946,140.52113342285156,1840900
2021-04-21,141.01735634159883,142.3528124877763,140.79177188190616,142.0099334716797,859600
2021-04-22,141.4054202030873,141.95584703567874,139.23980034122133,140.64744567871094,1446000
2021-04-23,141.25196109211697,142.87617197711327,140.77372313272681,142.4250030517578,1079600
2021-04-26,142.42506770284896,142.6687028883376,140.25042919104078,140.52113342285156,1033200
2021-04-27,140.50306315367706,141.16176607183192,139.46536613997384,140.04286193847656,1339400
2021-04-28,140.5210605919757,140.66543794325713,137.9223371118203,138.77052307128906,1167500
2021-04-29,139.64584899699602,140.60233901434725,139.24883177132236,140.49404907226562,877000
2021-04-30,140.34064805213666,141.30615645874624,138.8698324964401,139.5556182861328,952300
2021-05-03,140.86401592178868,142.6416232642658,140.50308615186555,141.29713439941406,1094300
2021-05-04,141.11663522552982,143.1920153197764,140.7376549286198,143.04763793945312,1389900
2021-05-05,142.67769503718165,144.0853402610436,140.99032720711463,143.73342895507812,1453200
2021-05-06,144.37410253602025,145.1410954631778,143.6161418021671,144.8252716064453,1007600
2021-05-07,142.84013192727772,145.36668150150038,142.69575451878785,145.10499572753906,1057300
2021-05-10,145.80879275375648,146.81942066695564,145.35762375797017,145.8809814453125,1214500
2021-05-11,146.0614486224193,146.09754985306637,141.05348370408538,141.38734436035156,1180100
2021-05-12,142.262611413105,142.27162983635273,138.6532594377493,138.73446655273438,1343300
2021-05-13,137.8862589138372,143.23713007731422,137.83212084021227,142.3528289794922,1315400
2021-05-14,142.3528446743118,145.15009811440405,142.05507146795986,144.8342742919922,1001200
2021-05-17,143.79660528212025,144.99671665004306,143.43567553671534,144.5996856689453,938000
2021-05-18,144.01318481776215,144.04927228823243,141.8475648376568,141.92877197265625,1377500
2021-05-19,141.45954982944986,141.9919260116561,139.05932714442196,141.66708374023438,1332700
2021-05-20,141.85657556123786,144.04925048588572,141.224927890608,143.30030822753906,1067100
2021-05-21,143.55296373672786,145.2313131384149,142.86719174357114,143.5439453125,907000
2021-05-24,143.832714401348,144.5545877694136,142.83111837319697,143.2281494140625,890800
2021-05-25,143.327364810334,143.92291119560383,140.83691688363993,141.26101684570312,1238600
2021-05-26,141.66705397876763,142.42501452999002,141.2880737031564,141.7933807373047,1014000
2021-05-27,142.82207401714092,143.9048769883563,142.32578530616271,143.78758239746094,2438800
2021-05-28,144.73502747858993,144.73502747858993,143.4356721645279,144.1033935546875,963300
2021-06-01,145.38471897882678,146.16976253551272,144.60870761557766,145.17718505859375,901300
2021-06-02,145.89003740439813,145.9441892634366,144.27485804209317,144.55458068847656,976000
2021-06-03,144.29288303790764,146.4043508020247,143.42663243877476,145.27642822265625,812500
2021-06-04,144.8974421810999,145.27642250061035,143.51686609981698,144.37408447265625,960000
2021-06-07,144.76206963589294,144.76206963589294,142.24455283224228,142.3528289794922,980500
2021-06-08,141.83853256766523,142.50625397060418,140.61135216263088,142.1543426513672,988300
2021-06-09,141.6189926554707,141.7913883250871,140.194357265689,140.41213989257812,1099900
2021-06-10,141.21971445823348,141.4556352245647,139.67711193352602,139.7587890625,900500
2021-06-11,139.64988045038012,141.39211343465547,139.64988045038012,140.17617797851562,933700
2021-06-14,139.9674958918262,140.10360137052942,138.45212822990587,139.06008911132812,880600
2021-06-15,139.62268280082807,141.02916613938328,138.5519494005155,140.30323791503906,864500
2021-06-16,139.6499378216466,140.82050065616437,138.54290012593287,138.64271545410156,1156200
2021-06-17,139.05102476407487,139.35047067334966,134.84065771299774,135.0856475830078,1108900
2021-06-18,133.24363990168268,133.8606838585327,131.0658686507658,131.35623168945312,3109200
2021-06-21,132.8171304253876,135.20361476775741,132.308984826844,134.88601684570312,931100
2021-06-22,134.77710479809448,135.37599649314808,133.51581014416868,134.5684051513672,727500
2021-06-23,135.05842419834505,135.1582394997457,134.14194831888736,134.20545959472656,649600
2021-06-24,135.1128693306054,136.56472577421795,134.55935061914516,136.08380126953125,1026900
2021-06-25,136.75527709863877,137.8895355337661,136.2017584284595,137.6717529296875,1239700
2021-06-28,137.2089832469063,137.33601964037197,134.9676874261039,135.6119384765625,873300
2021-06-29,136.37415404220613,137.01841892538818,135.11285921653138,135.6754608154297,701400
2021-06-30,135.3306261817087,136.2652539163144,135.1128436028575,135.8478546142578,996900
2021-07-01,136.11100474949023,138.08914470580433,135.4304497257428,137.7715606689453,855900
2021-07-02,136.8369640109729,137.57196138850097,136.52844898636886,137.22714233398438,662000
2021-07-06,137.17267586758442,137.5991581450587,134.63193421448355,136.87322998046875,1006500
2021-07-07,136.17455324275187,138.37954525219965,135.6573246898613,138.09825134277344,801000
2021-07-08,136.23806104165553,137.05472165111874,134.2145476855469,134.76806640625,1346500
2021-07-09,137.08195598543398,139.17806354021826,136.4649121432605,139.1326904296875,988200
2021-07-12,139.8767535943738,140.29416681730632,138.5791685079525,139.8223114013672,1076400
2021-07-13,139.35043995215293,140.35764799867027,138.5428347759561,138.8241424560547,1066400
2021-07-14,139.15085463128742,140.44843986135987,138.6608471481227,140.22158813476562,1436600
2021-07-15,138.57010890219786,141.32861968866305,138.33417425512656,141.1743621826172,1358700
2021-07-16,141.61893887815017,142.41744718166484,140.44837674127487,141.9093017578125,1387700
2021-07-19,139.67710774191602,140.73878577336606,135.85693325972744,137.25433349609375,1947800
2021-07-20,137.2996824279211,140.11264826233327,134.33245914201117,137.1000518798828,2367600
2021-07-21,138.25251035336862,140.19436048849832,137.52658209298005,137.78065490722656,1307600
2021-07-22,134.29622808627246,135.90234225848928,133.57029975986313,134.0784454345703,1540600
2021-07-23,135.14008689930145,136.22898612654757,133.1710158219866,134.17823791503906,1181400
2021-07-26,134.2780358148559,136.00211680395194,134.1056263313536,135.04026794433594,1320200
2021-07-27,134.4050597138269,136.21987289428225,133.88784515727852,135.54840087890625,861300
2021-07-28,135.96582224580936,136.33786233126682,132.5449088139532,133.2254638671875,1427800
2021-07-29,133.79712766024954,135.2036109459875,132.46323857881282,135.0947265625,1221700
2021-07-30,134.9858388018172,136.61010482642772,134.58659141609013,135.1310272216797,984100
2021-08-02,135.94768693614594,137.7443484375693,134.91322994140685,135.15823364257812,898600
2021-08-03,135.27621924723817,136.52844517155202,133.84251471622395,136.4649200439453,890000
2021-08-04,136.09286016572105,136.6826828593806,135.4395261995946,135.6754608154297,863500
2021-08-05,136.45583525695682,137.50841659306468,135.59378774395284,136.63731384277344,716800
2021-08-06,137.79877487833465,139.1780368677533,137.4993290213336,138.66989135742188,634100
2021-08-09,138.73342444498886,139.65898325349133,137.99842715579794,139.16897583007812,680000
2021-08-10,138.9420634864493,140.79318029548858,138.85133115403625,139.94021606445312,852000
2021-08-11,140.548249004961,141.80954399561816,140.09454557168965,141.74603271484375,757700
2021-08-12,142.4628793331025,142.57176372737285,140.92935949945468,142.00010681152344,722800
2021-08-13,142.1361921034355,142.55360529869765,141.2560064523652,141.8367462158203,594400
2021-08-16,141.8367093522435,143.31578639412976,141.08356028748835,143.13430786132812,980300
2021-08-17,142.98918077703962,144.62251596409567,142.76232905233545,144.18695068359375,875600
2021-08-18,143.35208896910297,145.6206054402696,143.06172606067503,144.02357482910156,1290700
2021-08-19,143.660660146665,146.13787698769684,143.45194660063027,144.71324157714844,1105000
2021-08-20,144.50452275489266,147.1813698577757,144.10526157557462,145.94729614257812,978500
2021-08-23,146.55527062794982,147.2993508669761,145.03083381520713,145.09434509277344,622700
2021-08-24,145.33025677717106,146.1378481662298,144.97636872681784,145.76580810546875,791300
2021-08-25,145.88381033557604,148.17046574111563,145.54806036930944,147.52621459960938,1034600
2021-08-26,147.45359003620254,147.70766280674457,145.13063107928832,145.15785217285156,734100
2021-08-27,145.33028490600606,147.24491391975891,145.33028490600606,147.08157348632812,608000
2021-08-30,146.7639638267646,146.7639638267646,144.6678427308366,144.6769256591797,460700
2021-08-31,144.1415808642488,145.9110214182323,144.01454446155074,144.9219512939453,1568700
2021-09-01,144.66784374807955,145.39377187833446,143.5608203107019,144.53173828125,1133800
2021-09-02,144.93100049587278,145.27581947557735,143.5971115275634,145.15785217285156,912700
2021-09-03,144.48638799611126,145.13972203193072,143.7332386535436,144.43194580078125,698900
2021-09-07,144.23230928735563,144.6950956205894,142.1452708608559,143.1887969970703,1032200
2021-09-08,142.82584277635056,145.03084877804378,142.42659536462943,144.04177856445312,1328600
2021-09-09,144.17862298631917,145.64769253304064,143.61289901086224,144.1330108642578,1161800
2021-09-10,144.83558785436563,144.9907052574784,142.63655744730727,142.6730499267578,920500
2021-09-13,143.23879104701777,145.10934759414712,142.40845825108215,144.99072265625,1225300
2021-09-14,145.2553848792714,145.3740098494297,142.2442459507304,142.6639862060547,1186700
2021-09-15,143.05631036685458,144.00528208738615,142.07997972395376,143.78628540039062,1401300
2021-09-16,143.76799546210557,144.1877355241553,141.88831962912192,142.95590209960938,1238300
2021-09-17,142.88293426202083,144.02351585729804,142.02521467467392,142.60919189453125,2654900
2021-09-20,139.78966110022532,140.5835152649387,137.40812645231216,139.29693603515625,1958000
2021-09-21,139.78054692566562,140.72038497259007,138.4027155558744,139.57980346679688,1212700
2021-09-22,140.61087441680405,141.9613188369205,139.86264636800612,140.86636352539062,1440800
2021-09-23,141.95223214837256,143.59465853535107,141.85186040933584,142.3628387451172,821900
2021-09-24,142.3171845683525,143.0562790810414,141.87007165135344,142.76429748535156,833600
2021-09-27,143.88665163511084,144.30637786522837,142.4997005167815,142.60919189453125,1106300
2021-09-28,142.67306148143277,143.36653003206015,139.77141485960257,140.05429077148438,951300
2021-09-29,139.48853752834103,142.00695015389155,138.95930609142263,141.32260131835938,856800
2021-09-30,141.90660420581628,142.66395205878592,138.67646931854253,138.70384216308594,1095300
2021-10-01,139.06880699720926,140.38275894778732,137.13437154858613,139.0779266357422,1145600
2021-10-04,138.06510329864838,140.2002684650097,137.10701208098973,138.1289825439453,1310100
2021-10-05,139.4429413295847,140.68388066015734,137.6362501728913,140.1546630859375,1144500
2021-10-06,139.33341494808025,141.5689516097258,137.32599455646204,141.5142059326172,1200800
2021-10-07,142.95591661202846,144.31549472858995,142.3263134165947,143.4760284423828,1359400
2021-10-08,143.57638918681647,144.58009244387577,142.68216336334982,143.55813598632812,989900
2021-10-11,143.53077250523828,144.8447245638181,142.50880205794655,142.55442810058594,796900
2021-10-12,142.45408942379788,144.25164732051945,141.90661855445805,142.78257751464844,1402000
2021-10-13,142.66391645963344,143.0197772730144,140.11813116742906,142.70040893554688,1203700
2021-10-14,142.92852557398268,144.0143612164902,142.40842773295753,142.97415161132812,1346400
2021-10-15,143.40304916997377,144.58925683864467,141.94309912805338,142.01609802246094,1040300
2021-10-18,140.9028709099578,141.15836004557514,138.84070462301403,139.4976806640625,1599300
2021-10-19,142.53620733774153,144.4158835845059,141.33174648654384,141.78797912597656,2380200
2021-10-20,142.1712135705567,145.53821269380458,142.0343493473008,144.7991180419922,1548300
2021-10-21,144.32461732244155,146.65140633980567,144.32461732244155,146.1678009033203,1464500
2021-10-22,146.8065074723357,148.8778071208626,146.72438895595096,148.15695190429688,1362800
2021-10-25,147.8193604170698,148.23910052960932,146.78827029950492,147.43612670898438,1041200
2021-10-26,147.60950907445758,148.20260592447593,146.32292971573662,146.3867950439453,847700
2021-10-27,146.66967396592838,147.91974694282243,145.74807512329974,145.793701171875,1217200
2021-10-28,146.1951684231534,148.22996182277024,146.04917065663125,147.427001953125,1260000
2021-10-29,147.9379598279916,148.22082175970598,146.5966351195105,146.79737854003906,1314100
2021-11-01,147.1350279887418,148.15698465797985,145.14586033995838,146.09481811523438,1077500
2021-11-02,147.03465203999014,147.5365107196628,144.85386061660802,144.91773986816406,994500
2021-11-03,144.3702311164085,147.13499929157322,144.3702311164085,146.2225341796875,1728700
2021-11-04,146.22254083407952,146.33203219709256,142.4540552950967,142.80079650878906,1526200
2021-11-05,143.9322696899659,146.38678945126884,143.19316116185743,145.62945556640625,1506200
2021-11-08,146.18604352722187,146.79739348904747,144.72609376072512,144.80821228027344,937400
2021-11-09,144.27898530027505,145.08195908899404,143.50339827536538,143.62200927734375,1000700
2021-11-10,143.87750027266432,146.52365760022406,143.5581458193627,144.3702392578125,909800
2021-11-11,143.89573361025268,144.4340846407603,143.4760074900002,144.0143585205078,856000
2021-11-12,144.15125234615016,144.5801121157467,143.20229463832626,143.64027404785156,985900
2021-11-15,144.17861712074316,145.16408117936382,143.60377352888298,144.2242431640625,1170000
2021-11-16,144.75347707348413,146.28642583152583,144.58924002250495,145.07284545898438,1452200
2021-11-17,144.67135370546163,144.67135370546163,142.4905625329582,142.72779846191406,1594400
2021-11-18,143.0745503653865,143.99613523225264,142.28982971331234,142.3719482421875,2103800
2021-11-19,141.62372815630835,141.76971200502865,139.12356852532503,139.17831420898438,1619800
2021-11-22,139.7075632048241,144.26077008255632,138.85896323237276,143.138427734375,2021000
2021-11-23,144.6622177743352,147.33574788573338,143.74063299140232,146.23165893554688,1441800
2021-11-24,146.14953604368893,146.733513161343,144.95420896873387,145.05458068847656,1139700
2021-11-26,140.88462698549804,141.5507366329706,138.29322905466552,140.20941162109375,1262500
2021-11-29,141.73320713498214,141.73320713498214,138.52132605094428,139.05967712402344,1468100
2021-11-30,137.34428462696934,137.76401087955344,133.71266260857476,134.08677673339844,3522700
2021-12-01,136.6598898340899,138.0285873629904,132.67240823217747,132.7454071044922,1624800
2021-12-02,133.85862696680437,137.57236659528556,133.46627365812523,137.01576232910156,1413500
2021-12-03,136.88803791669136,137.73662389882065,134.77111189669284,136.1033172607422,1380500
2021-12-06,137.26213182171696,139.62542724492053,137.18001329618036,138.5304718017578,1717600
2021-12-07,139.00496678973812,140.054310286387,138.51224163147378,139.68931579589844,1175800
2021-12-08,139.8809185642052,140.96675438471297,139.19656966117395,140.22764587402344,1144600
2021-12-09,140.11750527971404,141.7694043444707,139.43840133325162,140.86087036132812,1064700
2021-12-10,141.8061074286343,142.0722400842769,140.74154879947042,141.55831909179688,940100
2021-12-13,141.68681781683804,141.7510649509247,139.92479675428564,140.5763702392578,1106100
2021-12-14,140.84252660423377,145.20169775200765,140.60392438259612,143.83428955078125,2033100
2021-12-15,143.935259679658,145.97260002428965,142.5678652884793,145.33937072753906,1648900
2021-12-16,146.8627426278662,149.58837237358736,146.0000835159818,148.6890106201172,2574800
2021-12-17,148.50547708853082,148.50547708853082,145.01813781898977,145.1741485595703,3434600
2021-12-20,143.4304857513802,143.56815218513984,139.46594171782647,140.8975830078125,1811800
2021-12-21,141.751050129662,144.2839525166264,141.751050129662,142.7238311767578,1029800
2021-12-22,142.6871357560306,143.2010568382394,141.75107121485004,141.96214294433594,951700
2021-12-23,142.23748111601796,143.32955656228458,141.77862094415258,141.92544555664062,1715000
2021-12-27,141.79693905858255,143.25612477790412,140.81498575401372,143.2010498046875,655100
2021-12-28,143.1918880056731,144.76119577838782,143.1918880056731,144.19219970703125,914500
2021-12-29,144.67859176719296,144.99979945591517,144.1922011551048,144.5409393310547,683400
2021-12-30,144.87133929922146,145.38526046990498,143.81596646680367,143.90773010253906,420400
2021-12-31,143.6507375795698,144.18301696038026,143.26529678725157,143.5589599609375,682400
2022-01-03,144.0086522191138,144.30232940493286,142.18238397846133,142.93492126464844,1103400
2022-01-04,144.58681950440817,147.16561101150037,144.27479799893985,145.91751098632812,1684600
2022-01-05,147.29410792243146,148.31277801398963,146.5874593715991,146.62417602539062,1838400
2022-01-06,149.79948394663253,149.84537276330312,148.4137313043067,148.97354125976562,1390200
2022-01-07,148.9092619284095,152.96558318654218,148.20262751696785,152.56179809570312,1699600
2022-01-10,153.8282853087059,154.4615146101752,149.52417449453495,150.5612030029297,1142100
2022-01-11,151.15768318294576,151.2769772731909,147.2390144518605,149.73521423339844,1194300
2022-01-12,149.89123186068298,150.67128557621623,148.69819288029905,149.56085205078125,1060600
2022-01-13,149.96467245938175,151.15771160927474,149.17543246821867,149.63429260253906,864800
2022-01-14,149.1387125530525,150.05643280161715,147.927329106663,149.7811279296875,1263200
2022-01-18,150.0655919080766,150.8731760589552,148.19343509672314,150.11148071289062,1806700
2022-01-19,151.17604046959616,151.17604046959616,146.89947509765625,146.89947509765625,1467000
2022-01-20,149.07447532545646,155.54440570090546,148.67067618664387,151.58901977539062,2831900
2022-01-21,151.7266996159601,153.33271014875652,148.90929155969863,149.23049926757812,2190000
2022-01-24,148.6706893424278,155.32416155065374,147.67037757122458,154.938720703125,3233800
2022-01-25,154.71842919328182,155.617804978859,150.3041977272723,154.7276153564453,2210400
2022-01-26,154.48899414695197,155.54438063574202,152.63520967683894,154.04849243164062,2194100
2022-01-27,154.9203075747811,157.35227392362518,151.05671430103843,152.0294952392578,2161800
2022-01-28,152.4241398859551,153.1124300144099,149.97382870905176,153.09408569335938,1233500
2022-01-31,151.31371926270774,152.65358298552033,150.25833257349538,152.50674438476562,1404100
2022-02-01,152.78207998869718,154.47069607566615,151.74506551515952,154.1678466796875,1290300
2022-02-02,154.23208661099693,158.86657738440636,153.9292372016884,158.5086669921875,1827600
2022-02-03,158.9491696758799,159.527338006014,157.65518055762828,157.9121551513672,1280200
2022-02-04,158.1782456874829,159.1969156145872,157.09532862826566,157.75608825683594,1615900
2022-02-07,157.56335095555352,158.36176288420273,155.30575356666446,157.23297119140625,1635000
2022-02-08,158.4718998150171,159.17854821146264,157.01272821985995,158.3067169189453,2331500
2022-02-09,158.81148419386776,159.92191779949664,158.07730522958724,158.51780700683594,1512500
2022-02-10,158.51781154568204,160.18806908732725,157.7928187247994,158.24249267578125,1587100
2022-02-11,157.56340662874496,159.63744954560522,156.82922755974894,157.6276397705078,1460300
2022-02-14,158.49944972631585,159.1234926927886,154.9111606592038,156.7190704345703,1673400
2022-02-15,157.1412384201156,158.3709942284065,156.7190949363964,157.48080444335938,1174800
2022-02-16,156.83837119554315,158.9307720594621,156.77413806546326,158.0956573486328,1224600
2022-02-17,157.214638419857,157.54501823769564,155.04881828142544,156.5538787841797,1126400
2022-02-18,155.5168605509529,157.85703569726547,155.50767438747377,156.59059143066406,1166400
2022-02-22,156.58136745781175,157.8937142183233,155.57188395302052,157.00352478027344,1835900
2022-02-23,157.4899647368645,158.73806477418518,156.03079297359002,156.1409149169922,1374100
2022-02-24,152.5709697505733,153.06653245327456,149.40483814137133,152.80039978027344,2460900
2022-02-25,153.66309628372366,159.21530715271481,153.30518591052527,159.16941833496094,1508100
2022-02-28,153.76403754750564,157.90295101845282,153.76403754750564,157.69187927246094,1866600
2022-03-01,157.83870184682544,157.87540449328267,152.90136270204323,154.01181030273438,1677800
2022-03-02,154.9203700720078,160.25232306597894,154.81024811104356,159.38966369628906,1441700
2022-03-03,159.46306299841825,160.50926350622566,157.85705258710775,159.3162384033203,1170900
2022-03-04,157.1228495876135,159.64657962337046,155.5627143628723,159.1326446533203,1156800
2022-03-07,157.67353170108973,158.4535996029188,155.77385785097968,155.81973266601562,1394800
2022-03-08,156.53551127661845,158.6003813314278,154.43392457898878,154.58993530273438,1510300
2022-03-09,157.63435697245737,159.55324127344286,157.20999658557767,158.0956268310547,1358900
2022-03-10,156.21364852916705,158.9259174897199,156.09371386400943,158.57534790039062,1445900
2022-03-11,160.14365689975838,162.32085106993227,160.0052815808898,160.27281188964844,1391700
2022-03-14,161.97952655162632,164.77482079131295,161.70276181884924,163.45558166503906,1945600
2022-03-15,164.4334723719022,166.6660166368797,163.42789345446576,166.232421875,1730500
2022-03-16,166.66604978936664,167.13654003704534,162.99433111471063,165.40216064453125,1923200
2022-03-17,165.02390008366106,167.07193926987935,162.79135577947068,167.00735473632812,1641900
2022-03-18,166.49996971631913,166.49996971631913,163.54784533917223,166.3431396484375,3953800
2022-03-21,167.39481056288122,169.24912420082697,167.08115047177904,168.40037536621094,1383900
2022-03-22,169.62737393434966,170.11631886015576,167.4040639059412,168.54800415039062,1423000
2022-03-23,168.3819451532518,169.59046987327508,167.4686258088005,167.55165100097656,937500
2022-03-24,168.02213676172727,170.07939606588047,167.21951776179634,169.9502410888672,959100
2022-03-25,169.92256378727194,173.23447742881365,169.78417440718746,173.20680236816406,855600
2022-03-28,173.41898696685834,173.41898696685834,171.18644286398248,172.29348754882812,593600
2022-03-29,173.06842371408914,173.0776440418483,168.58488097678804,169.57199096679688,1369900
2022-03-30,169.52590724055935,171.19571608990847,168.8985869384004,171.17726135253906,959100
2022-03-31,171.5554815757023,172.07210153363545,168.55722767706197,168.57566833496094,1178100
2022-04-01,170.12555219569367,171.0849873053385,168.4465231577666,170.90048217773438,1079800
2022-04-04,170.6698605610924,170.6698605610924,167.45019163743964,167.73619079589844,1026200
2022-04-05,168.31736737998327,170.29160179755127,166.93355781411302,167.3394775390625,835400
2022-04-06,166.34313255632281,169.7104109378232,166.2601073610146,168.4373016357422,1021500
2022-04-07,168.13285447628306,168.64025410900024,166.1309450861427,167.98524475097656,874800
2022-04-08,169.50744003023073,170.87279476807063,168.04982569683438,170.54067993164062,1120600
2022-04-11,171.5185485910132,173.05918792464135,170.92812385191715,171.26023864746094,1219500
2022-04-12,170.25468156398497,172.53335544282268,170.12552658642008,170.61447143554688,1116700
2022-04-13,170.5037557276749,171.50932039586442,167.63465734348273,169.479736328125,847300
2022-04-14,169.55353491270108,170.67903427134124,169.23987484929935,169.96868896484375,992100
2022-04-18,170.3469635653264,171.66620276153748,169.97795328662056,170.87281799316406,1351500
2022-04-19,167.9944751513566,169.30447975933146,160.99238854048582,162.51458740234375,2750300
2022-04-20,163.19725013999536,164.2028290056618,160.67872096531931,163.94451904296875,2340300
2022-04-21,165.48515994106197,165.8449498263117,162.33007616037085,162.60682678222656,1846800
2022-04-22,162.13632475438163,162.13632475438163,159.51631582953675,159.70082092285156,1541400
2022-04-25,159.09193670580567,161.3890651681185,157.4129221067778,160.92779541015625,1502600
2022-04-26,160.36505994763996,162.173229675993,159.22110577890032,159.2856903076172,1807100
2022-04-27,160.37429606291388,161.40755008623586,158.3447115636763,160.1067657470703,1827500
2022-04-28,161.44445468498165,161.44445468498165,158.8428858583179,160.98318481445312,1020700
2022-04-29,160.46655006227513,160.75253510342188,157.44062111588718,157.80963134765625,1329700
2022-05-02,158.18784285027428,159.09192758252055,154.6545150176855,156.91473388671875,1496600
2022-05-03,156.98856395613367,159.95914263048562,156.85940897363304,158.4553985595703,1077600
2022-05-04,158.34468474015986,161.9610380170819,158.16017964909128,161.85955810546875,1474100
2022-05-05,161.84113453333447,161.84113453333447,157.7173949812201,158.68605041503906,1486400
2022-05-06,159.25803066144573,159.25803066144573,157.00703157301223,158.34471130371094,1216700
2022-05-09,157.68967760931213,160.11596111631644,157.23764224161124,158.60299682617188,2043500
2022-05-10,159.79309350920283,161.70274319948274,158.16019444299437,159.5901336669922,1468300
2022-05-11,159.64545876705586,161.97026218270008,158.95355416165992,159.02735900878906,1170000
2022-05-12,159.9776138169777,160.20824874350808,157.96646993767658,159.94070434570312,1315300
2022-05-13,160.25437732115606,160.7340878293543,158.0956237269093,159.3964080810547,1189700
2022-05-16,159.59937520286758,161.93339962159473,159.451765465857,160.98318481445312,1259000
2022-05-17,161.89651774491298,163.87075239255972,160.77101804069153,163.6493377685547,1300800
2022-05-18,163.12347260790298,163.3910029206929,160.47577416000294,160.81712341308594,1094300
2022-05-19,159.53473690403,160.0605911361128,154.3777448677679,156.18592834472656,1110900
2022-05-20,156.4535042546262,157.1454090292285,153.42757516651267,155.2080841064453,1959700
2022-05-23,157.06236956661672,159.46097819807534,155.87229965621998,158.76907348632812,1453600
2022-05-24,158.87977903623607,160.77098812680794,156.05680997042032,160.43887329101562,1008100
2022-05-25,159.03658637915098,160.69716032101041,159.03658637915098,160.1436309814453,1192300
2022-05-26,160.81713831736846,161.89650815135658,160.34663402884365,161.32452392578125,943100
2022-05-27,161.4259329792728,164.07363050992998,160.57719845882815,164.05517578125,943400
2022-05-31,163.39099875416036,166.02024239994043,162.13634426110053,165.17149353027344,1948400
2022-06-01,164.2397302597785,164.857830126636,161.43521596033756,162.63450622558594,1084600
2022-06-02,163.23415519667637,164.39654999738812,160.3558362176738,164.26739501953125,868900
2022-06-03,161.86878792769107,163.1880126644806,160.23588906044486,160.69715881347656,1141200
2022-06-06,161.50898697434042,163.66772589160382,160.7801729316523,163.27102661132812,753300
2022-06-07,163.0680809101149,164.8854848953714,162.0625162091497,164.80245971679688,944500
2022-06-08,163.79690868987544,164.31352861324876,161.7396493247148,162.33929443359375,669700
2022-06-09,163.13688215304444,163.13688215304444,159.01905559872458,159.08396911621094,809700
2022-06-10,156.69115232217473,158.4161931284508,155.88428318995133,157.01576232910156,1182000
2022-06-13,154.9939823606205,158.71303095467636,154.68792503967816,155.5411834716797,1784800
2022-06-14,156.7839306854562,157.03434376072443,153.0741660512029,154.24273681640625,1318700
2022-06-15,155.3463857712201,156.7004560171961,151.69226553717684,153.52859497070312,1374600
2022-06-16,151.41403565539946,151.785020602949,149.1974518934451,149.6704559326172,1451100
2022-06-17,149.3551244287812,150.7926611172543,148.6131827910412,150.13418579101562,2366800
2022-06-21,152.77736014491038,152.77736014491038,149.54986925461526,150.82974243164062,1136900
2022-06-22,149.19744711612677,152.44349100719575,148.71518792719746,151.31201171875,997300
2022-06-23,150.9503476836018,151.8963418146121,146.86034212186104,148.17730712890625,1278700
2022-06-24,148.6224552821018,154.96614982099658,148.6224552821018,154.6230010986328,1296800
2022-06-27,155.18868796833726,156.02337912023205,154.30762194097605,155.3370819091797,762100
2022-06-28,156.2089239375819,158.26784465779883,155.2722133637151,155.31858825683594,1061700
2022-06-29,155.79155977901735,156.22745824986947,153.51933180111232,153.76974487304688,719800
2022-06-30,152.666085884283,157.20127247091872,151.7850196358632,156.85812377929688,1336100
2022-07-01,156.5706213731179,159.4827860113073,155.30001737745334,158.75936889648438,1033400
2022-07-05,156.75612616017122,156.75612616017122,152.0354393785069,155.06817626953125,1028000
2022-07-06,154.67863842149035,158.91705139463005,154.6137248979251,157.57225036621094,1366800
2022-07-07,159.51985378620893,160.64206363549047,157.12705428122058,157.3218231201172,1155100
2022-07-08,157.9803011491757,158.70370401813477,156.6633365889777,156.73753356933594,689900
2022-07-11,155.93070265160563,158.05453689774768,155.8935970765116,156.2924041748047,883100
2022-07-12,155.0496081499006,156.82102418261485,152.83302431763454,153.2874755859375,1032100
2022-07-13,152.48060350626318,153.47295818207076,150.95960057996055,151.46969604492188,1022300
2022-07-14,147.8248305159564,148.41839223041384,144.04086927942964,144.38401794433594,1654500
2022-07-15,145.7288588941304,146.6470167423364,144.22639433515718,144.8477783203125,1562000
2022-07-18,145.8308062710641,146.45218995056084,143.35454086711454,143.7440643310547,1098000
2022-07-19,145.01467781113055,147.07359799854368,144.51386588926403,146.86029052734375,1288300
2022-07-20,146.93449891455492,147.11999847130284,145.0147030365519,146.72119140625,1271800
2022-07-21,145.7751879409076,147.83410835226417,141.12871304048312,145.45059204101562,2080700
2022-07-22,145.73811710688457,146.73048603476994,144.19856123921227,145.0703582763672,880900
2022-07-25,146.99014634187537,148.86356719137757,146.13690222047643,148.3720245361328,1176300
2022-07-26,148.16799570145827,149.280936422832,147.76920279254833,149.1881866455078,1107500
2022-07-27,149.614771198757,149.93009770503275,145.84934929720745,147.42601013183594,1456300
2022-07-28,147.1385559403623,147.3611469459753,141.07309609162687,144.43971252441406,1458700
2022-07-29,144.72719264687703,147.35185276981352,144.72719264687703,147.18490600585938,1361100
2022-08-01,146.47077015071704,146.71191390037825,143.89248495407557,144.9312286376953,1263300
2022-08-02,145.2558444831818,148.0659903469999,144.67156611703388,145.33932495117188,1656900
2022-08-03,146.01628915575148,147.02719628217494,144.1706767763975,146.64694213867188,1142600
2022-08-04,146.18326456018087,147.98250259421732,145.50623650617473,146.25746154785156,968200
2022-08-05,146.78607365334258,147.9639133947181,146.50783855595964,147.42601013183594,882300
2022-08-08,148.39057732075383,150.17126255040748,148.11234215795176,148.3720245361328,915600
2022-08-09,149.64263387283407,151.70155433952308,148.83575045645352,151.0987091064453,1022300
2022-08-10,152.46206979858388,153.38951106851908,152.01690195147157,153.03707885742188,1128800
2022-08-11,153.95523293042152,157.247651886669,153.95523293042152,156.56134033203125,1301900
2022-08-12,157.04361134908618,159.1767288206276,157.025058563663,159.11180114746094,867400
2022-08-15,157.74846392670378,159.87231211365315,157.00650816640868,159.66827392578125,793300
2022-08-16,160.04852966518038,161.53242704773731,159.7795638006899,160.92959594726562,1101500
2022-08-17,160.15980757085595,161.93122348757564,160.15980757085595,161.33766174316406,1564700
2022-08-18,161.60658677339669,162.08886003354013,160.2618002159375,161.47674560546875,890500
2022-08-19,161.43039852554796,161.94976328669412,159.80737657115196,160.11343383789062,1022200
2022-08-22,158.92629076326287,158.92629076326287,156.52422196304528,156.86737060546875,949600
2022-08-23,157.39604998314826,157.6186268108591,155.83794143102534,156.07907104492188,847000
2022-08-24,155.75447665564118,156.54279318093518,155.10527064903744,156.2645721435547,723200
2022-08-25,156.48713386410844,157.720632233372,155.81010581913594,156.718994140625,1231300
2022-08-26,157.5444601691106,157.5444601691106,154.71577532671597,154.73431396484375,1161500
2022-08-29,153.23183787379205,154.4746056990074,151.59954643850753,153.36167907714844,819600
2022-08-30,153.18544948577025,153.3060213609882,151.41403353406443,151.5995330810547,953900
2022-08-31,151.75720360427147,152.2209241905813,149.8930377902633,149.91159057617188,1514300
2022-09-01,149.52204701894286,152.37856714742833,148.77082203367888,151.4511260986328,1041300
2022-09-02,152.86085339205522,154.07579900453928,150.0414244401939,150.89466857910156,1244400
2022-09-06,151.84067420042504,152.37859179392728,149.8745033874807,150.13418579101562,963500
2022-09-07,150.0321690135787,152.81449265302587,149.87450570553895,152.11891174316406,1569900
2022-09-08,151.7084664598952,153.93768967446482,150.95295774755718,153.44334411621094,1404200
2022-09-09,153.79784554681265,154.1243067321374,152.80915404702463,153.1076202392578,1572700
2022-09-12,153.7325191436231,155.04765723107226,153.21017854573913,154.2082061767578,1444500
2022-09-13,153.11691678718688,153.7884833352968,150.87835688271176,151.3074188232422,1247200
2022-09-14,151.65253666309843,152.42670411466094,150.7198068514319,152.25881958007812,1508900
2022-09-15,153.02360367873806,154.32943355385223,151.36334626190808,153.11688232421875,1275800
2022-09-16,151.13953456037052,152.33344182995077,150.3653813301734,151.4100341796875,2493400
2022-09-19,150.44930643025143,153.30345709149455,149.79639847381117,153.2381591796875,1040100
2022-09-20,152.03494732043998,152.31476908835393,148.0895045130652,150.1228485107422,1367200
2022-09-21,150.3373638437838,150.90632952110468,146.4758635159696,146.49452209472656,1047100
2022-09-22,147.2127355016845,147.5018794418099,145.07677644251245,146.43856811523438,1132500
2022-09-23,145.3752548364889,146.0841243005781,143.58441548063766,145.02081298828125,952800
2022-09-26,145.09543237438135,145.3379512092811,139.58299633590082,140.46910095214844,1435200
2022-09-27,141.00074213082013,141.79356804114053,139.6203062079445,141.0660400390625,1407900
2022-09-28,141.70031156827517,143.556449020899,141.00076420810456,142.63304138183594,1672800
2022-09-29,142.15735648233346,144.82496435935178,140.63700230855076,144.27464294433594,1456400
2022-09-30,144.61041488932688,145.92556725905638,142.65169094408495,142.89419555664062,1400200
2022-10-03,143.864248704688,146.9422456423316,141.78425101455883,146.50387573242188,1086500
2022-10-04,147.1101429422247,150.7664419943649,146.65310022358454,150.60787963867188,1063800
2022-10-05,149.35799390607707,150.6731318123356,149.08749435468536,149.7404022216797,807300
2022-10-06,149.4046402657383,149.46061600429735,147.61380090465295,148.4812469482422,949200
2022-10-07,148.00553159518708,148.13612740707023,145.82294766585753,146.32662963867188,1058900
2022-10-10,147.06348189662535,148.43459561781185,146.6997179031876,146.88626098632812,785400
2022-10-11,146.42923460171014,150.33735992608516,146.05613419792095,148.7330780029297,1333300
2022-10-12,148.39730082432595,150.80373092363166,147.54851338236054,148.45326232910156,1222000
2022-10-13,146.67172688545986,155.35543702357344,145.24465176245752,154.37606811523438,1950700
2022-10-14,154.9544315503852,155.55137815064276,151.7551604127628,152.31480407714844,1218800
2022-10-17,153.67655002702304,155.03834173789912,152.2308302858904,153.7138671875,1460700
2022-10-18,156.4094401522542,156.4094401522542,154.4880193152115,155.55133056640625,1670000
2022-10-19,156.4653990724878,162.67738196856035,155.7751740065936,162.45352172851562,2176500
2022-10-20,161.82858696304456,162.17369236360756,158.59201408519772,159.37550354003906,1702100
2022-10-21,160.14967487297508,164.5148569489556,159.59004563350172,164.37493896484375,1471700
2022-10-24,165.48488521421214,167.9939301349441,165.48488521421214,167.69544982910156,1649700
2022-10-25,165.7740456460048,166.62283308901925,163.82464398817433,164.24436950683594,2059800
2022-10-26,164.85996937861952,165.31701204112807,162.38824144295933,164.53350830078125,1926000
2022-10-27,165.71811572190137,167.68617633384008,165.38233239651706,165.65283203125,1143500
2022-10-28,166.8094014151791,169.88741273817172,165.96995025087563,169.7195281982422,1750700
2022-10-31,169.6821590080451,172.65756856689998,169.0852126618906,172.05130004882812,1544800
2022-11-01,172.35912617735428,172.82549105759557,170.27914279652958,170.48434448242188,2154400
2022-11-02,169.85941636799456,172.8628073197256,169.60757534892164,170.04595947265625,1837900
2022-11-03,170.03660391483172,170.61489169544362,168.28306776417142,169.58889770507812,1186300
2022-11-04,171.50102277244144,172.13528643355622,169.00131375452256,170.74551391601562,1019200
2022-11-07,171.38910364788885,172.1259539401237,170.61493619291977,171.74354553222656,1273000
2022-11-08,171.0906321767156,173.161293614044,170.95072839000215,172.4617462158203,1184400
2022-11-09,172.76020033636664,173.1799258650175,169.6821894057168,169.89671325683594,999200
2022-11-10,172.4523971891218,172.66692103945607,169.17852099883177,170.9693603515625,1618000
2022-11-11,172.2565242955992,173.09598961436706,168.08723538512584,169.50497436523438,1403300
2022-11-14,169.85939142706493,172.66690245565422,169.46764669509838,170.40969848632812,1427300
2022-11-15,171.4543558363193,171.4543558363193,165.91393993120423,167.42495727539062,1445900
2022-11-16,167.34106277029184,169.55162792036836,166.92133719186725,168.95468139648438,1073700
2022-11-17,168.1525391258338,171.50103592945192,167.9286788343264,170.624267578125,1315200
2022-11-18,172.06066527871172,173.3664812901023,170.91341162353805,172.1446075439453,1470500
2022-11-21,172.7695280705348,173.9540988412613,172.09796151014862,173.06800842285156,1208100
2022-11-22,174.4204733592134,175.78226513536495,173.12397950086313,174.54173278808594,1137900
2022-11-23,174.1593031737488,175.66099866740248,174.02872157570616,175.36251831054688,1120300
2022-11-25,176.19262892664537,176.78025317294464,175.0546975909398,176.20196533203125,514700
2022-11-28,175.74490212703012,176.3884878011135,173.53433762241636,173.7861785888672,1467600
2022-11-29,173.30119586186723,175.13867466590193,172.81617239151961,174.61634826660156,1095400
2022-11-30,173.3757767225564,177.41449746146796,172.14456686079544,177.04139709472656,4132400
2022-12-01,178.1233856459536,178.17002497576874,175.2132736392515,176.41648864746094,1077900
2022-12-02,175.3718575367373,177.16269700968581,175.1573194396752,176.7895965576172,1294900
2022-12-05,175.67032323935877,175.98744794860156,173.75822434509158,174.61634826660156,1104500
2022-12-06,174.93347436830337,176.2952518869866,174.70029192159336,175.81956481933594,1199100
2022-12-07,175.9687764379272,178.30060052652797,175.06402755296412,175.39981079101562,1217900
2022-12-08,176.10283358621734,177.35891409586173,175.2592104452132,175.9622344970703,848700
2022-12-09,175.88728966904108,176.49657161918995,173.92819889689474,174.0219268798828,843800
2022-12-12,174.0031450968809,175.66227156924327,173.45008863636576,175.39044189453125,1249600
2022-12-13,177.60266688034733,177.60266688034733,174.35000700329869,175.33424377441406,1455200
2022-12-14,175.437308882969,177.43388742686528,174.10625175268459,174.9498748779297,963600
2022-12-15,173.90006459115034,174.26563659141166,171.48165970362794,172.07220458984375,1241700
2022-12-16,170.1224867106347,172.28779894309403,169.80377153852135,171.35043334960938,3364300
2022-12-19,171.61286989401262,174.23749603896738,171.06919621160284,172.01593017578125,927700
2022-12-20,173.16889966092322,175.02487926077202,172.27839103439763,174.1531219482422,1049700
2022-12-21,175.76539934051954,177.64013033608907,175.29671659162716,177.55577087402344,1242200
2022-12-22,177.22766001802634,177.3401392744335,173.6375492860867,175.4747772216797,967200
2022-12-23,175.88723542476944,178.01505879496924,175.16546009334252,177.6119842529297,660800
2022-12-27,178.04320636190107,179.17741061357822,177.13396067753177,178.54937744140625,518700
2022-12-28,178.9993034206424,179.24301327600787,176.32780630429448,176.3465576171875,733400
2022-12-29,176.66527823979126,178.1369346481159,176.18722698034742,177.57452392578125,676500
2022-12-30,177.16209042718341,177.51829391613367,174.7718053941405,175.74667358398438,608200
2023-01-03,175.01550184357333,175.65290345635455,173.63757354781632,175.39981079101562,983400
2023-01-04,175.9153727751387,177.18082185738825,174.9873758279516,175.5029296875,1015300
2023-01-05,175.3341890358971,176.50589570640824,173.8343987764189,175.80287170410156,973500
2023-01-06,177.7525853115354,182.2706785918719,177.68696287547462,181.7270050048828,1282200
2023-01-09,180.939653776521,181.4645761461445,176.87149110887702,177.27455139160156,1111600
2023-01-10,178.53063412364835,179.47736810144198,176.72151132475986,179.24302673339844,959100
2023-01-11,179.92729936675826,180.38661359682652,178.54000247400424,179.62734985351562,956400
2023-01-12,180.07727725070248,180.67719056684345,177.8088545770737,179.9647979736328,761100
2023-01-13,179.39300851812555,182.10199415872077,178.46501155220992,181.77391052246094,1005300
2023-01-17,180.71465187101322,180.93962469457622,170.00057324024948,173.41258239746094,3883700
2023-01-18,173.15015820099643,175.60605126091923,172.04405946128733,172.12843322753906,1750300
2023-01-19,171.88469271422045,172.86892926712565,170.81609670613912,172.51272583007812,1461600
2023-01-20,172.82209232872023,173.83444890031467,170.62866024179763,173.7219696044922,1625500
2023-01-23,174.15311854059408,175.60603783100672,173.38448631854973,174.6874237060547,1569100
2023-01-24,174.3687111065382,181.69890090330404,173.4313457313007,181.14585876464844,2637600
2023-01-25,181.84891255331758,182.32696382381386,177.49016856643485,178.79310607910156,2175200
2023-01-26,179.03679432469315,180.3959713162841,178.34313876825988,180.0772705078125,1652000
2023-01-27,179.58048079676593,179.58048079676593,176.00912059806348,176.93710327148438,1357400
2023-01-30,176.68400872932648,177.86508397977406,175.3810714003586,176.1403350830078,1659400
2023-01-31,176.61840797159056,179.19616312837798,175.4092127550269,179.1492919921875,1020700
2023-02-01,177.152676577354,177.95881132286277,171.41599110577945,173.628173828125,2406000
2023-02-02,172.21280703196325,172.58774754606915,165.60437677363433,170.36619567871094,2380900
2023-02-03,171.14416257687074,171.95966583179344,169.3725426865857,171.31288146972656,1341900
2023-02-06,170.30991745326762,174.73428317221527,170.30991745326762,174.34059143066406,1452700
2023-02-07,173.81567755231166,177.60264217664042,173.23451552011824,177.17144775390625,1351700
2023-02-08,176.51526747548567,178.0056749552079,175.28732115056758,175.65289306640625,1258600
2023-02-09,176.11224144909963,177.4339159842949,172.98142968909283,173.7500762939453,1472200
2023-02-10,174.21873911516178,175.5123079834865,174.00314907146145,175.05299377441406,1066400
2023-02-13,175.06234893385243,176.31842938262736,174.74364814518935,175.84974670410156,1061300
2023-02-14,176.05598777362823,176.20595537708093,171.67847848348848,172.59710693359375,999700
2023-02-15,172.67211663856295,173.68445885981916,171.91283851802572,173.6188507080078,716000
2023-02-16,172.8126941510279,173.51571823534215,171.31290371659946,171.5941162109375,883600
2023-02-17,171.50974128480806,174.762400232451,171.078546925305,174.11561584472656,1155400
2023-02-21,173.80629254194596,174.68741831551185,172.60646596183187,173.64694213867188,1402400
2023-02-22,173.21578068945834,175.62481711575916,172.33466905143254,174.4624786376953,1401500
2023-02-23,174.78117692308697,176.0559945715607,171.61287696517533,173.85317993164062,1024100
2023-02-24,172.98144276549007,174.21877223179354,171.88472672202877,173.7219696044922,1290800
2023-02-27,174.12502994989876,175.4092305571496,172.8877147866594,173.7219696044922,1195200
2023-02-28,174.02188798752505,174.44371387742342,173.1220251760146,173.52508544921875,1606000
2023-03-01,172.46587034812836,173.34698183639438,171.26604374382848,172.52210998535156,1111600
2023-03-02,172.15650519442076,172.4564546367374,170.1411613257097,171.7159423828125,927800
2023-03-03,171.3129120498363,172.24090903537422,169.16635136799457,172.09092712402344,1230800
2023-03-06,171.94091291782746,173.2344816299041,171.59409232814994,171.86593627929688,1053600
2023-03-07,172.03469509358396,172.20342832708369,168.37897523682443,169.07261657714844,980900
2023-03-08,169.4756838260096,169.8225044810938,165.9230606013674,166.63546752929688,971800
2023-03-09,166.98410019501932,166.98410019501932,163.33740883508233,163.88394165039062,1405500
2023-03-10,163.1489657947325,167.86985885993394,162.6212828626878,165.54238891601562,2428900
2023-03-13,163.25262149130697,166.4564189900401,161.57533741066314,162.2820587158203,2612700
2023-03-14,164.35509523357112,164.35509523357112,160.15246750718927,161.8485870361328,2320400
2023-03-15,157.26903572566567,158.1547953598537,154.27254441335933,156.88270568847656,2459000
2023-03-16,157.56116858519846,162.9322477314002,156.27964668555364,162.27264404296875,2264000
2023-03-17,160.33148854950272,160.8780213750696,154.6023476005739,155.50694274902344,4491900
2023-03-20,156.65655715027225,159.48344239208168,156.1854096099707,158.974609375,2037600
2023-03-21,161.72611680818827,162.61187652568435,160.54824790264192,161.8391876220703,1983300
2023-03-22,161.79206173926502,162.43282986791186,156.92981569434232,157.01463317871094,1284900
2023-03-23,155.97811111609593,157.10886239207133,153.81082944981156,154.40447998046875,1596200
2023-03-24,153.12295571000325,155.8179203056306,152.0204721542851,155.39389038085938,1200300
2023-03-27,157.62713633036688,158.13598377866384,155.89331665248224,156.7508087158203,1466600
2023-03-28,156.0534986496613,157.32560283947822,155.3561950701515,156.30792236328125,1221300
2023-03-29,158.38095870640657,160.13362812961427,157.44808140141024,160.05824279785156,1582500
2023-03-30,160.8592070685706,161.20785166366915,159.11595533651285,160.96286010742188,1767500
2023-03-31,161.82975792166837,162.3857085533301,160.18074157542054,161.518798828125,1865700
2023-04-03,161.15133313832453,162.72496443607227,161.0382479342788,162.34803771972656,1280800
2023-04-04,162.6306959696265,163.39395264430595,157.62711165492234,158.8992156982422,1369900
2023-04-05,157.98520815204677,160.7084405578688,157.48579287327644,160.48228454589844,1228200
2023-04-06,160.89687390388985,161.8862865458657,160.5011117227557,161.38687133789062,787200
2023-04-10,161.54705644823775,162.8756958436604,161.28321499956553,162.68722534179688,827100
2023-04-11,162.90395767976852,164.15721170499265,161.73550675036228,163.53529357910156,1074200
2023-04-12,163.82741315878732,164.68490507990217,162.35743522446523,163.80856323242188,1005800
2023-04-13,161.90513279759904,163.34684298839653,160.1053459079722,163.2054901123047,1332300
2023-04-14,163.06418478631053,163.06418478631053,157.36329603628542,158.65423583984375,1506800
2023-04-17,158.77675210151335,161.39633178710938,157.93810989106404,161.39633178710938,1651500
2023-04-18,161.90514659578912,162.49878271546913,160.61419256654335,162.0747528076172,2298900
2023-04-19,171.88401940143206,174.6261010629333,169.16078766420446,172.0347900390625,3065000
2023-04-20,172.71326542667285,173.4859543231066,168.1337105893333,168.9158172607422,1486800
2023-04-21,168.03945393061582,170.05596447374393,166.39985560220578,169.14193725585938,1771200
2023-04-24,169.1513820498453,169.95233860691874,168.04889854848597,168.79331970214844,1015700
2023-04-25,167.62486926736898,169.72618324554688,166.79564500550936,167.0877685546875,1208700
2023-04-26,165.67432491595753,168.07716582452935,165.67432491595753,166.41873168945312,1168200
2023-04-27,166.66374674239992,170.2633212932777,166.09837825167872,169.8487091064453,1573700
2023-04-28,168.849874696648,171.6107926576237,168.849874696648,170.68734741210938,1052700
2023-05-01,169.86753496891555,172.55306727048458,169.86753496891555,171.27154541015625,761700
2023-05-02,170.59311419694365,170.9417731930985,167.11605703734372,170.112548828125,1236500
2023-05-03,171.28098728818102,171.28098728818102,168.65197586228933,168.81216430664062,1001700
2023-05-04,168.32216907655493,169.7167617221009,166.36219365072424,168.802734375,1497000
2023-05-05,170.17851186817916,172.48713213751878,169.92408814872968,171.78041076660156,1016100
2023-05-08,172.43055217913286,173.14669114045842,171.42228971554357,172.0347900390625,945800
2023-05-09,172.4211268567081,174.805131942827,171.85575851062123,173.14669799804688,1076600
2023-05-10,173.26921284186218,173.77804582611054,170.7344369380754,172.59075927734375,830500
2023-05-11,171.68615525484697,172.3174912130286,170.8663631622991,172.26095581054688,727700
2023-05-12,173.44827427102885,173.84403650660178,170.65907431491317,171.58251953125,652400
2023-05-15,172.21383818238496,172.2703879631481,170.6873248022527,172.26095581054688,672100
2023-05-16,172.15729834710658,172.37402217713333,170.35751139694597,171.0359649658203,621200
2023-05-17,171.77096757874105,172.95826860771385,170.8475224059817,171.1961669921875,992400
2023-05-18,171.27154802942104,172.92999656713903,170.05599370646348,172.7603759765625,1129500
2023-05-19,173.95706536368996,175.05013091920986,172.44938774378122,173.11842346191406,1255800
2023-05-22,172.59076848819313,173.71210192212348,170.40463702401263,170.64964294433594,945400
2023-05-23,170.5177473822976,171.70503416970064,168.8687307662071,168.96295166015625,1288900
2023-05-24,168.4729176862806,168.53888523823227,165.74026792197736,165.83450317382812,1403300
2023-05-25,164.3739476653262,164.89221280852794,162.8380021622777,163.64837646484375,1112100
2023-05-26,162.47995847587654,163.70494514200306,161.37747478984792,162.34803771972656,1172400
2023-05-30,162.46107343631905,163.4316360705535,160.55763363886328,163.290283203125,1229600
2023-05-31,162.38570244180124,162.89453542590633,159.2478583013571,159.47401428222656,2497900
2023-06-01,160.18074165191064,161.99936420735156,158.53172530487535,161.41514587402344,1115700
2023-06-02,162.20670197912347,165.25031157729032,161.44344513552818,165.024169921875,1680100
2023-06-05,165.5895052425904,165.5895052425904,164.26088014852508,164.3079833984375,1079700
2023-06-06,164.01588065221938,165.2691348441601,163.74262140325098,164.85452270507812,728000
2023-06-07,164.73201680129787,166.02295633457268,163.28087446708136,165.63661193847656,1192700
2023-06-08,165.61766502814578,166.18628263509476,164.802654170477,165.75982666015625,897300
2023-06-09,165.342851777475,166.71699420203842,164.36673591626842,166.4137420654297,998300
2023-06-12,165.90197417483895,166.55588008601916,164.67946511607988,165.6271514892578,744800
2023-06-13,165.61767057178452,168.43230034535642,165.47552339556245,166.90652465820312,1004300
2023-06-14,167.82576571002156,168.04374397361914,164.04450657564425,164.47096252441406,1414700
2023-06-15,164.66050885464134,167.02025315136217,164.66050885464134,166.76437377929688,1385700
2023-06-16,168.65976448115515,168.65976448115515,166.76439151577546,167.5035858154297,2319000
2023-06-20,167.03920157009287,167.43722812738295,164.94482270002737,166.37582397460938,970500
2023-06-21,166.5558914649056,166.95391803356742,164.77423633423584,166.1199493408203,1183600
2023-06-22,166.9539341021388,166.9539341021388,164.4994294622154,165.8546142578125,703400
2023-06-23,164.9448488962167,165.93992267775096,164.2435556350151,164.63211059570312,1657500
2023-06-26,165.66504221066097,165.66504221066097,162.34814011218137,163.37164306640625,956800
2023-06-27,163.56118774414062,164.85004179061946,163.09683067584044,163.56118774414062,1057500
2023-06-28,163.37166959156446,163.37166959156446,158.89858830708945,159.5619659423828,1710800
2023-06-29,159.1449440445757,162.46184589921592,158.49105268294687,162.0448760986328,1305200
2023-06-30,162.85041451976196,164.9353215414019,162.4903035496491,164.57521057128906,1250200
2023-07-03,163.32428457810474,165.29547419280166,162.85044133785686,164.03504943847656,536000
2023-07-05,162.52821306747907,163.8454965483213,161.3530767584539,163.56118774414062,1258500
2023-07-06,162.69880913549167,162.69880913549167,159.79889079916623,161.96910095214844,1536500
2023-07-07,161.5426297134868,164.3098722594864,161.49524250149278,162.6703643798828,1258100
2023-07-10,162.58507160754772,163.35269525490133,160.13056737549087,160.225341796875,1229900
2023-07-11,159.95999869853858,163.43802089461056,159.95999869853858,163.34324645996094,1327800
2023-07-12,164.31932751854532,165.2764854788943,161.34359310518863,162.16807556152344,2412500
2023-07-13,160.1021351371729,161.22988421337922,159.35345481877127,159.4197998046875,1440100
2023-07-14,159.54302619605673,159.6188283898889,156.13134905167934,157.26856994628906,1517200
2023-07-17,156.6715076967154,160.158986376152,156.6715076967154,159.7704315185547,1497300
2023-07-18,159.18288730024514,162.73671133452362,159.18288730024514,162.07333374023438,1381600
2023-07-19,162.0543591684246,163.14419264177184,161.23934836260602,161.6373748779297,1600100
2023-07-20,164.70790366314273,166.99183141939437,163.0399662993187,164.5467987060547,2398500
2023-07-21,165.2954490073312,165.39969508272407,162.6703538073808,163.77915954589844,1129300
2023-07-24,163.86446878279293,166.35687433202312,163.62754716849608,165.69349670410156,1254100
2023-07-25,164.85955313439504,165.09647476403944,162.99260953595333,163.1157989501953,1211800
2023-07-26,163.5043236400022,165.84511006461506,163.4379931154603,165.04905700683594,1782300
2023-07-27,165.85458408085253,166.76436934592806,164.52782896568638,165.72190856933594,1546400
2023-07-28,166.8970484333008,167.28560331840524,164.01608820983694,164.19613647460938,1352900
2023-07-31,164.1392706282917,165.07748530744388,162.7082694656367,163.58013916015625,1092200
2023-08-01,163.08736048174555,163.9023714210191,162.37659563216562,163.2958526611328,1092100
2023-08-02,162.95466412117247,163.6559572222283,161.4004590938846,162.14913940429688,1376400
2023-08-03,162.17756315077773,162.6134907562601,160.45276712239865,160.53805541992188,1663900
2023-08-04,160.28221619825163,162.1965324429167,159.2018542082895,159.8273162841797,1740800
2023-08-07,161.19195325933808,162.67982763567443,160.68968069599336,161.2203826904297,1112700
2023-08-08,160.23480061883257,160.23480061883257,158.2067525243727,159.0975799560547,1130300
2023-08-09,158.67108185188795,159.96942168354198,157.90345840004716,158.5384063720703,1281600
2023-08-10,158.6710983303229,160.16844430693556,157.78028542220127,158.2067413330078,1636800
2023-08-11,157.69502404430824,158.35841614688113,157.1453786127363,158.13096618652344,890100
2023-08-14,158.03619550908147,158.26364547484275,156.7473412908644,157.57183837890625,874400
2023-08-15,156.35878057687103,157.0600592412351,154.61502665284286,154.92776489257812,895200
2023-08-16,155.20259784294294,158.29205014321218,154.9846195704923,156.71888732910156,1010000
2023-08-17,157.47707517440776,157.90353123764092,154.58662825163947,154.86146545410156,1034300
2023-08-18,154.71926213754017,155.28787970912825,153.7526325106042,153.97059631347656,938400
2023-08-21,153.89479934260254,154.56766307296263,151.69617433658206,153.14613342285156,1372300
2023-08-22,152.7386177707976,153.65787475019445,151.27918705433342,151.57296752929688,1072600
2023-08-23,151.9804521435912,152.64384414315387,151.7435305610462,152.5111541748047,945000
2023-08-24,152.31214636500488,154.67189050539764,152.05626700989106,153.37355041503906,803200
2023-08-25,153.79055500072047,154.3876020879137,152.4637997631217,153.1840362548828,810400
2023-08-28,153.19349238065675,153.86635605042392,151.56347070513948,152.41639709472656,680400
2023-08-29,152.88075001987394,153.04185494418832,151.1843835652181,152.84283447265625,697200
2023-08-30,152.90921251734378,153.82846951881808,152.1794899113127,152.8807830810547,825100
2023-08-31,153.25035576175702,153.50622064753486,152.39742942752872,152.7954559326172,1436900
2023-09-01,153.88531066010555,154.86142642168605,153.44936858632454,153.8094940185547,724900
2023-09-05,153.8095200897135,154.16015946334306,151.98047764606713,151.9994354248047,863300
2023-09-06,151.5350677312978,153.26933578634723,151.15599891010007,152.2079315185547,1098900
2023-09-07,152.8182297088351,154.42031087349469,152.74193805083047,153.21875,945500
2023-09-08,153.51434567690018,153.8576508055383,151.8264421329777,152.4748992919922,881300
2023-09-11,152.67519346577345,154.68734049336342,152.5321411489097,153.6574249267578,812200
2023-09-12,153.93396122573125,156.08914590378794,153.5048334003802,155.2213592529297,809100
2023-09-13,155.97471802806777,156.01287113155303,154.2486611495696,155.56466674804688,1509400
2023-09-14,157.17632738600938,158.3302043707587,156.6422856798215,158.26345825195312,1228900
2023-09-15,158.0250124879643,158.30155699828885,156.58503118084948,157.15721130371094,2274100
2023-09-18,157.3002579752726,159.68431770375852,156.25128042542627,159.11215209960938,1244800
2023-09-19,159.57943914895253,160.14207382542529,158.58767657603696,159.4364013671875,1220300
2023-09-20,159.89411817742945,162.0111644076052,159.42683722623258,161.105224609375,1350200
2023-09-21,161.21965519114352,162.40215407278313,160.47582970868916,160.79052734375,1392600
2023-09-22,160.94309106996621,161.5248021637578,159.96085973061807,160.05621337890625,934000
2023-09-25,158.67346179400155,160.2374042271413,158.66393079451603,160.05621337890625,610600
2023-09-26,159.5221825687645,161.01937886740123,158.91186393997197,160.170654296875,1010100
2023-09-27,160.10393028633388,160.8096172737647,158.66396330715648,160.13253784179688,1866000
2023-09-28,160.6093222554415,161.17195681779762,158.9118730174264,159.84642028808594,1098900
2023-09-29,159.95132865212432,159.95132865212432,155.10691761575646,155.73631286621094,1447200
2023-10-02,155.52653197093804,155.6886463019893,153.57159989460652,154.74456787109375,1120800
2023-10-03,154.2295863364234,154.9829573517223,153.0852405884389,153.4571533203125,1240700
2023-10-04,153.36181639335476,155.04018937008598,152.62752184990794,154.96389770507812,1357200
2023-10-05,154.75410299194485,157.24306223708697,154.5061659880572,156.2799072265625,1316700
2023-10-06,156.4134052467617,156.65181123562348,155.2309063035944,155.3930206298828,1354400
2023-10-09,154.88757340452293,156.17497133465545,154.34401541369962,155.68861389160156,816900
2023-10-10,155.83168944037192,156.11777952876918,153.39041451485528,154.70640563964844,1175900
2023-10-11,154.67775387026015,155.3643640656829,153.61923103157855,154.87802124023438,905700
2023-10-12,155.25949452669104,155.25949452669104,152.53212977165254,153.2759552001953,883700
2023-10-13,154.46798237796423,156.68992762597728,153.58111920940453,156.59457397460938,1548500
2023-10-16,157.5100474751774,160.1992736811601,157.3574641689206,159.87503051757812,1595900
2023-10-17,160.5044445069287,161.8681343204159,159.96088642266636,161.50575256347656,1670500
2023-10-18,161.87764797081525,165.4251298444882,160.20880623915735,160.31370544433594,2321500
2023-10-19,160.1611392213771,161.63925925160638,155.8126163449156,156.3371124267578,1778900
2023-10-20,156.98554834184088,156.98554834184088,153.83860138177204,154.0960693359375,1539800
2023-10-23,153.67646752156884,153.67646752156884,151.50220645035276,151.807373046875,1503500
2023-10-24,152.24604821432325,153.7718522587443,150.0336483561731,150.59628295898438,2201800
2023-10-25,151.36871095183082,157.36701316910757,150.88236802251592,157.0904541015625,2083800
2023-10-26,157.98686932081142,159.60802703600515,156.54690247428948,156.83299255371094,1972300
2023-10-27,156.18452675926562,156.18452675926562,152.47493023774658,153.22828674316406,1427700
2023-10-30,154.05791719383308,158.17756415961344,154.05791719383308,157.83425903320312,2187700
2023-10-31,158.89279565580824,160.63792898621688,158.8355805549989,159.67477416992188,1923300
2023-11-01,160.25650525195948,161.87766303188752,159.07400633366726,161.42945861816406,1274200
2023-11-02,161.49623495319545,162.55475820626197,158.14900530236866,161.11477661132812,1284300
2023-11-03,162.83128421811236,162.83128421811236,158.78791356192636,160.5998077392578,1682400
2023-11-06,160.599804759038,161.71554297776072,160.4376904419052,161.6869354248047,1327700
2023-11-07,161.09566811429053,162.3163200150864,160.86680770569663,162.1065216064453,1022300
2023-11-08,161.95396543934405,162.3544857726455,159.82738799664332,160.74285888671875,1165400
2023-11-09,161.64875543726515,162.0778977625293,160.3709031139216,160.77142333984375,933400
2023-11-10,161.16244127687222,162.2400409547944,159.7701439615618,162.0779266357422,911600
2023-11-13,161.94440251877475,163.27947003330644,161.37222241189286,163.06967163085938,1056200
2023-11-14,163.01245000351508,163.2127028471046,160.21832478342353,160.87632751464844,1737100
2023-11-15,162.1160415023959,162.4212080944789,159.33146182978612,161.6773681640625,1473000
2023-11-16,162.31631720880836,164.7957304162943,161.3340712847098,163.72767639160156,1281400
2023-11-17,163.5750949923846,164.9483156407761,162.7072938116449,163.85165405273438,862300
2023-11-20,164.03286090025156,164.44292679159472,162.9552756625589,164.1186981201172,702900
2023-11-21,164.38570105021628,167.76152342851128,164.38570105021628,166.94140625,1059100
2023-11-22,166.90326920903703,168.29555203912116,166.50274889280132,167.9141082763672,814300
2023-11-24,168.51490137907646,170.3172501349612,168.38139460275713,169.306396484375,416700
2023-11-27,169.0775219751724,170.65099560455693,168.9630772113136,170.32676696777344,1082800
2023-11-28,170.11695961325702,170.45073378434216,168.2669269987411,168.6388397216797,988700
2023-11-29,168.48623518096085,169.95482388730372,167.72334783086131,169.21099853515625,1214200
2023-11-30,169.5543336794236,172.77757259229264,169.37314280879846,172.24354553222656,3555700
2023-12-01,171.59508003288502,173.87424048070602,170.87031658513158,173.54046630859375,1453500
2023-12-04,173.607220615555,175.791012776881,172.91107929616564,174.69435119628906,2288100
2023-12-05,174.818319013237,176.65880593123725,174.2461389225567,175.14254760742188,1475900
2023-12-06,176.1629508672167,176.94492950256603,174.0840576093997,174.6371612548828,1180300
2023-12-07,175.16450476380436,175.74940983880884,173.9563466586815,174.4261932373047,1104200
2023-12-08,174.50291097053224,175.00150756276017,173.21802764014703,173.8029327392578,853500
2023-12-11,174.1097725768376,175.250818134442,173.01667293773693,174.8480987548828,1014900
2023-12-12,175.049435423431,176.9959195655121,174.31110931162954,176.10418701171875,935300
2023-12-13,176.11377054775272,177.8205397518555,175.42339034934724,177.60000610351562,1316900
2023-12-14,177.93563455884765,178.31917265757858,173.5824025199446,175.25082397460938,2237300
2023-12-15,173.94677135499322,178.34793461716055,173.94677135499322,175.28916931152344,3373800
2023-12-18,176.06582379101235,176.5452536692199,175.18367457083508,175.86447143554688,1632000
2023-12-19,175.70148735149672,178.76983600065336,175.0782196591265,178.52052307128906,1408000
2023-12-20,178.59723355595312,178.8753111107591,176.09460871790165,176.27679443359375,1360200
2023-12-21,176.02747177179825,178.06024972650437,175.24119976680382,177.93560791015625,1383000
2023-12-22,178.42463802783678,179.30678731129055,177.35071970555217,178.15615844726562,1100000
2023-12-26,177.64794927629495,179.70949187822265,177.64794927629495,179.39306640625,999100
2023-12-27,178.462988344747,180.96561310686178,178.462988344747,180.86013793945312,1020700
2023-12-28,180.71633445441276,182.12585973975456,180.71633445441276,181.54095458984375,850900
2023-12-29,181.55051592257908,182.96963899924506,181.04232138534053,182.65321350097656,1048500
2024-01-02,182.3751118714301,184.65720263758084,182.3751118714301,183.544921875,1754200
2024-01-03,183.8613851502552,186.04758454374888,183.42030316021587,183.42990112304688,1739600
2024-01-04,184.7819002861247,186.26812144655628,183.74632982427997,184.61888122558594,1981200
2024-01-05,183.8038287925783,186.12426764415136,183.8038287925783,185.12705993652344,1580700
2024-01-08,184.8585793079943,185.44348438675135,182.7395072871648,184.39833068847656,1645700
2024-01-09,184.273665387408,184.78187453106037,182.05870163789757,184.2928466796875,1097900
2024-01-10,183.56412737437387,185.29966131793773,183.14222671009628,185.146240234375,883800
2024-01-11,185.9516966808039,187.1311049130629,183.986045555788,186.85302734375,1381200
2024-01-12,187.85023998445033,188.3296699177692,186.47906276701733,187.51463317871094,1107500
2024-01-16,187.54339186337896,188.74196665870866,186.53658610909403,188.61732482910156,1489500
2024-01-17,188.95293145211343,191.5706149087311,188.73239776958843,189.3748321533203,1351500
2024-01-18,187.52422074256165,190.66927976024894,187.52422074256165,190.18984985351562,1591200
2024-01-19,201.619455153694,205.47406103276236,198.0908434656097,202.96185302734375,4343400
2024-01-22,203.98783405194558,206.3562188695961,203.50840416385503,205.06175231933594,2099500
2024-01-23,204.1029083935282,204.84123457521608,201.2742747603336,202.3002471923828,1849200
2024-01-24,203.91113934960725,204.4864464813701,201.97423835461316,202.3002471923828,1647100
2024-01-25,203.7097869011457,203.92073725384606,201.1400493406738,202.81805419921875,1473600
2024-01-26,202.94268557131122,203.5084240140298,202.30025121433164,202.7317352294922,1337800
2024-01-29,201.9646468159082,203.47004911210385,201.04413495903881,202.43447875976562,1194800
2024-01-30,202.78927757568704,204.86040375897775,202.14684322357368,204.7549285888672,1150800
2024-01-31,205.1959857025378,206.35621243318576,202.51117548676416,202.6645965576172,1549700
2024-02-01,201.48521043340628,203.92070783912575,200.43045882204797,203.29745483398438,2015200
2024-02-02,204.4481180447629,206.83568456799713,203.8536295625369,205.9822998046875,1478700
2024-02-05,205.1960073360774,205.65625596612128,203.09610192938194,204.31385803222656,1020200
2024-02-06,203.9782397886362,204.80285979634465,203.60428505438696,204.24671936035156,1486600
2024-02-07,205.07131464701177,206.25072258527055,204.3042386094602,205.40692138671875,1760600
2024-02-08,205.31106867872316,205.34943126653144,202.3481952207892,205.01382446289062,1745600
2024-02-09,203.65225061184415,206.14529216797732,203.31664379931215,205.67544555664062,1465600
2024-02-12,205.48368072006124,207.16168555505539,204.74535449597235,205.85763549804688,1180800
2024-02-13,207.10414322683795,207.65068573044766,203.14404738432634,207.06578063964844,3570400
2024-02-14,207.0657718634431,209.13691255269137,206.58634196117487,207.7082061767578,1230400
2024-02-15,207.70823361210878,210.58481340567414,207.44935196503775,210.00950622558594,1299600
2024-02-16,209.56838916394332,210.26835269993262,208.25475595988695,208.5807647705078,2029400
2024-02-20,207.75616230474628,211.3039408297024,207.4301534666295,211.04505920410156,2818500
2024-02-21,211.90803263189574,212.27240406677046,208.44654789370776,210.4505615234375,1512200
2024-02-22,210.94919070417833,214.19014204329412,209.77938038524456,213.15457153320312,1898000
2024-02-23,213.7010858401262,214.66954363324325,210.53686010284932,211.8696746826172,2150500
2024-02-26,211.95598946328062,213.0394912300146,210.07661757159545,211.02589416503906,1119800
2024-02-27,210.28755418422193,212.8573062248444,210.28755418422193,212.7518310546875,1245800
2024-02-28,212.82853527287173,212.86688322858868,211.03545743350574,211.3518829345703,965200
2024-02-29,211.81213080268714,212.39703588480342,209.08897239426125,211.8696746826172,1996600
2024-03-01,211.67789431685935,211.99431982173587,209.40540116397537,209.81771850585938,1110900
2024-03-04,209.4725442053713,211.0930051773466,209.25199588979586,210.0574493408203,848500
2024-03-05,209.99033375614795,210.85330187807148,209.49172247428177,210.114990234375,841000
2024-03-06,211.6299639015863,212.27239824527172,209.36705407066088,211.5436553955078,1041400
2024-03-07,212.3046088283168,213.53753671554617,210.35888853535863,211.3317413330078,1329800
2024-03-08,210.47449347490215,211.66889892381005,209.53053617525148,210.4167022705078,1147000
2024-03-11,209.05853100369484,211.46659561702262,209.00073980460056,210.96572875976562,1046800
2024-03-12,210.6285855185796,213.12333683204844,209.59794154755147,212.35276794433594,2025300
2024-03-13,212.8343868603998,215.377302475601,212.5646701048898,215.27134704589844,1047500
2024-03-14,214.69340899480892,215.76259027559888,212.3431355705384,213.2774658203125,1167800
2024-03-15,211.3991642823484,213.99987096320956,211.3991642823484,212.8054656982422,2157600
2024-03-18,212.93070416015482,214.1443781382887,212.35277746845017,213.7590789794922,1032000
2024-03-19,214.59708332932604,215.92633972214549,213.57606626722543,215.4062042236328,1291900
2024-03-20,214.8571530138234,218.0646968172043,214.7126750172269,216.7161865234375,1251900
2024-03-21,216.30199835338396,218.45962958673627,215.8396540525443,217.81427001953125,1730700
2024-03-22,218.89306486498063,219.11460268547293,216.12861149930978,216.19602966308594,844000
2024-03-25,216.72580436950884,218.06468763970744,216.05154925100223,217.23631286621094,748400
2024-03-26,216.76432694241004,218.5655691776446,216.08044485706358,217.04367065429688,922000
2024-03-27,217.8142560340357,220.79062024467788,217.6697633446595,220.4149627685547,967600
2024-03-28,221.33002644900031,222.37993905922,220.95436896930428,221.67678833007812,871100
2024-04-01,221.3589396437097,221.54195491461272,218.95087491637696,219.76962280273438,801300
2024-04-02,220.72320545070522,221.33004246090732,219.14351558877172,219.4710235595703,1115800
2024-04-03,219.1339055012911,220.97367060898253,218.53671011042945,220.63653564453125,856600
2024-04-04,222.41848476173223,224.1908167999735,219.6540165752034,220.09710693359375,1212000
2024-04-05,221.9850356380294,223.09273948536784,220.8098989263809,222.3992156982422,857000
2024-04-08,222.39921544489306,223.42987415707464,221.69606469123556,222.11024475097656,1462600
2024-04-09,222.53407107289127,222.85193737300003,215.08833922977846,215.6084747314453,975700
2024-04-10,214.93421101323412,216.67764741305638,213.52789483515124,216.1286163330078,1086700
2024-04-11,214.82825629465933,214.82825629465933,211.63998113999756,212.2949676513672,1155600
2024-04-12,212.5646857258731,214.57783903816429,212.26608804685702,212.96925354003906,1100100
2024-04-15,215.5988650812477,216.39834437949574,212.4202165225051,212.93072509765625,1063600
2024-04-16,213.52791509082905,215.65665084299488,212.65139067303008,214.9149627685547,1412200
2024-04-17,198.50158714287738,202.1040571531638,195.1495652628832,198.9832000732422,5764800
2024-04-18,200.81334610258298,203.9823677744526,199.61895530633223,202.6820068359375,2048300
2024-04-19,203.93416739888372,207.57515974434062,202.98056856644146,206.19775390625,1918300
2024-04-22,206.57342664396455,207.5944437150173,204.74328867151078,206.39041137695312,1471700
2024-04-23,206.74679273980527,208.00861623266024,205.2826853545289,206.43856811523438,1042900
2024-04-24,204.74329699003644,206.69864441068373,204.685505787087,205.581298828125,1129200
2024-04-25,204.6855004214546,206.2555633161741,203.16360176048406,206.12071228027344,1323200
2024-04-26,204.685493798941,206.62157247265804,203.75116354555183,205.60055541992188,1706000
2024-04-29,205.60054740178765,206.88163950026416,204.23276850734482,205.07077026367188,1454600
2024-04-30,204.92628613695598,205.9569447836845,203.95343338346777,204.3579864501953,1385700
2024-05-01,204.3579850977698,207.3247222651306,204.3579850977698,205.3115692138672,1143900
2024-05-02,206.00511191897075,207.16099472000673,204.6084373483227,206.48672485351562,1001400
2024-05-03,205.24418228221705,206.47711029292412,203.4236858681526,205.98587036132812,1298400
2024-05-06,207.2476886057128,209.00075210460258,207.01650909807046,207.97010803222656,668600
2024-05-07,208.7214325545339,209.50164321903412,208.36504365782676,208.9911346435547,581800
2024-05-08,209.69426555759026,210.07956471793574,209.06817463131148,209.34750366210938,598800
2024-05-09,208.98148583516388,211.70740204305562,208.08567815637213,211.35101318359375,1021100
2024-05-10,211.90969785781965,212.40093777533215,210.19515693278288,210.46485900878906,820500
2024-05-13,210.61895944949066,211.41843863667683,208.57691073490133,208.61544799804688,767400
2024-05-14,209.19337649873057,209.97360175883784,208.29758354115273,209.5883026123047,751400
2024-05-15,208.63471102032506,209.9832212409741,205.76428759719354,206.4674530029297,1355100
2024-05-16,208.5384105662485,211.71705902480434,208.38429089243294,211.15838623046875,1398300
2024-05-17,212.20829782099142,212.20829782099142,210.33001023655012,211.63037109375,1348900
2024-05-20,211.79409888111732,212.07342790310278,207.5173738709975,207.67149353027344,883800
2024-05-21,208.40356286211167,209.86767039147415,207.58481494231376,208.297607421875,775600
2024-05-22,208.11457526198114,209.69426507158616,207.48848433715347,208.57691955566406,912800
2024-05-23,207.97009568048554,207.97009568048554,203.70299754519158,204.43505859375,950100
2024-05-24,205.167103802037,206.5252557630945,205.07077533902842,205.48497009277344,650000
2024-05-28,204.62770416628788,205.36939219425415,202.29669934748273,202.63381958007812,1097700
2024-05-29,203.0576416230015,203.0576416230015,200.75553240065528,202.34486389160156,1406600
2024-05-30,202.4797189692461,205.4464417496239,201.4105376531273,204.67587280273438,1269800
2024-05-31,204.300202863879,207.95082226476566,203.83784388669037,207.76780700683594,2119600
2024-06-03,206.70828648177277,207.0550483978105,201.52612637478143,202.6049346923828,1561800
2024-06-04,201.7091109930867,203.07688981578295,200.23537674832522,201.93064880371094,1119300
2024-06-05,202.34486914444892,202.34486914444892,199.07951927764398,200.74591064453125,908300
2024-06-06,201.40088265011912,202.6723477840735,200.4472984973129,201.9980926513672,935800
2024-06-07,203.00947529306305,206.9779757980384,201.66096497921615,205.1189422607422,1295200
2024-06-10,204.2574385066392,206.59031935412975,203.29912906782505,206.1837615966797,918700
2024-06-11,205.34157589870324,205.34157589870324,201.55669730884614,202.7086181640625,1136000
2024-06-12,202.45694329025392,203.5507866617747,200.0175969468563,200.62742614746094,1408900
2024-06-13,200.62741932158454,201.0727052538426,198.1493448389893,200.44351196289062,1402600
2024-06-14,197.64598699670807,200.54998338352183,196.24239169717933,199.26255798339844,1783700
2024-06-17,199.36903366967374,201.53734146681452,198.68174804222988,201.46958923339844,1232000
2024-06-18,201.08239494757916,203.2119894420119,200.88879813362894,201.83743286132812,1066400
2024-06-20,202.7473303571121,206.49349547344517,201.9051761914232,205.1866912841797,1686200
2024-06-21,204.56720347495568,205.21576094699913,201.83743956497614,203.08616638183594,2352300
2024-06-24,203.0473988437076,205.86427856191202,202.32139982997376,204.3348388671875,1403900
2024-06-25,204.26709521342454,205.46740418006524,201.5663704975062,202.0406951904297,988300
2024-06-26,200.8694140365441,200.98558392974857,197.37493798011977,199.15606689453125,1093900
2024-06-27,198.53655790107325,200.7823074150725,197.6266366744439,200.3273468017578,970500
2024-06-28,194.257990156169,198.68175171787072,193.80304431355808,196.83287048339844,2390800
2024-07-01,198.43007788401772,199.33030967162549,195.2066401310384,196.47471618652344,1243900
2024-07-02,195.09047166014804,197.41367764252703,194.62583637186805,197.14263916015625,1752500
2024-07-03,196.61026599366397,197.61697839582905,195.4486702156299,197.1717071533203,523100
2024-07-05,196.66831349754784,196.8619103025384,193.98695269843572,195.409912109375,579900
2024-07-08,196.3779028154755,200.37574240252675,196.20367012930794,197.6943817138672,852300
2024-07-09,197.23943677610484,199.601356290483,196.33920495179134,196.6392822265625,936200
2024-07-10,197.30721552158582,200.82105621885052,197.20073505286595,200.5596923828125,1129400
2024-07-11,199.80464092502982,203.31846661429668,199.2722386174167,202.2633514404297,1470500
2024-07-12,202.92159342605356,206.00951196521984,202.776384743577,204.82855224609375,1326100
2024-07-15,205.53518707451198,207.48085934606397,205.21574569790084,206.57093811035156,1221200
2024-07-16,207.82935215728816,210.98503789201877,207.60671655536538,210.82046508789062,1319800
2024-07-17,211.85621088678408,214.79892064153722,211.4980560692964,213.734130859375,1296200
2024-07-18,213.51151907669995,217.56742195817148,212.7661558067653,213.54055786132812,1197900
2024-07-19,207.47117625605537,208.3714080141176,196.4553456272765,196.9683837890625,2819800
2024-07-22,196.7070443811769,199.21415775036203,196.7070443811769,198.8463134765625,1283600
2024-07-23,198.96245938511876,202.13750891879664,198.67207157240978,201.85678100585938,1536500
2024-07-24,202.62149611056495,203.163573022328,199.3496557596534,201.08236694335938,1276500
2024-07-25,201.59544844144648,205.1480026821196,201.082410198846,202.53440856933594,1239700
2024-07-26,203.95737105440156,208.09073061024498,203.62825496399492,207.00657653808594,1220500
2024-07-29,207.1517361197297,208.17781244938095,205.7384514210192,207.08396911621094,906600
2024-07-30,208.11976543470968,214.29560320067824,208.11976543470968,213.36631774902344,1128500
2024-07-31,212.9597453916963,213.8309384419208,209.416866082535,209.513671875,1425400
2024-08-01,211.23667991357866,211.94331483693057,204.10253413947316,205.26412963867188,1593400
2024-08-02,206.48380478320954,208.3036471049812,203.75405607104034,207.66476440429688,1852300
2024-08-05,205.21575003117806,205.21575003117806,199.82398950892002,201.93423461914062,1798200
2024-08-06,201.35339757649035,204.1606025754696,200.68549090290196,201.61476135253906,1280700
2024-08-07,203.0958284569255,204.47038499801084,202.36982934765925,202.66990661621094,1334500
2024-08-08,203.01838066861922,205.67070265201326,202.64086173398368,204.90597534179688,1033400
2024-08-09,205.20606420217024,205.80621871193893,203.1732608806152,205.6803741455078,1112100
2024-08-12,207.2679010375232,207.2679010375232,202.86351825636888,203.0183868408203,867800
2024-08-13,203.81216565512946,204.60591705029884,201.9536095915115,204.13160705566406,1147700
2024-08-14,204.44133006924656,207.5679618504861,204.44133006924656,207.2388458251953,664200
2024-08-15,208.9909443386885,210.63655418852068,207.74223232997616,209.5039825439453,848700
2024-08-16,209.4943024234016,211.12054811832965,208.73926452698527,209.63951110839844,1599800
2024-08-19,209.5523857879005,212.09822747629758,209.5523857879005,211.94334411621094,545100
2024-08-20,211.57550485420654,211.74006287778542,209.64918192438992,210.07510375976562,667200
2024-08-21,210.7333398989791,211.44966434226848,208.4972649908261,209.97830200195312,761300
2024-08-22,209.92989000488888,211.5270968489543,209.26196848559687,210.88821411132812,776500
2024-08-23,212.45636821007167,215.2732482062662,211.57550054538154,214.72149658203125,1142600
2024-08-26,215.50559343102566,217.76103257347694,214.8279824047642,215.65078735351562,697200
2024-08-27,216.06704392432815,217.55775575170858,215.0990450110836,216.4832763671875,729900
2024-08-28,216.1444689889354,218.82583009140507,215.62175607927443,217.2189483642578,776900
2024-08-29,218.00300433293174,219.77442904209084,215.1086827617331,219.087158203125,985700
2024-08-30,219.2517343850816,220.90701887879248,218.34181312413443,220.77149963378906,1466500
2024-09-03,219.0000528662469,221.92339859463803,218.94196053129122,220.577880859375,1040600
2024-09-04,222.2815557196403,224.3530724354671,221.64267300538353,224.01426696777344,1137000
2024-09-05,226.60852402413255,226.6859509297724,222.15572365488035,224.43052673339844,1509300
2024-09-06,224.6725381232371,229.01884348979394,224.6725381232371,226.95701599121094,2114700
2024-09-09,229.347953405661,235.1172328737102,228.30252767775974,233.384521484375,1826800
2024-09-10,233.6761838250026,236.02898566657643,231.87754702307006,232.21783447265625,1463900
2024-09-11,231.81919848150926,232.82059711013162,223.05937118411177,224.87745666503906,2086000
2024-09-12,224.05106019795383,227.9399916479859,223.95384581276073,227.60943603515625,1216800
2024-09-13,228.9997137702246,231.62475427379275,227.92053473778532,231.22613525390625,1108600
2024-09-16,233.10255978745707,236.04842435114196,233.10255978745707,235.53314208984375,1069400
2024-09-17,235.57202107996162,236.7192487150928,232.33448392906874,234.83311462402344,908100
2024-09-18,235.6886790699478,235.98035188374132,232.28586419091326,233.0928192138672,997500
2024-09-19,234.0455900285402,234.63865261027632,230.31221976077248,230.98306274414062,1439700
2024-09-20,230.58447045298863,233.02476964203868,228.76639971396034,231.90670776367188,2199100
2024-09-23,231.6636374672263,233.60810312656852,231.18723804005302,232.7039337158203,1044100
2024-09-24,232.21784677559478,232.2858953680592,229.56364013243444,231.3719940185547,871000
2024-09-25,232.62617126003195,233.66645275380452,229.30113650618907,229.75808715820312,764800
2024-09-26,230.3997597302323,230.82754460072098,227.10389063181847,229.49559020996094,697100
2024-09-27,229.36918267819703,232.47060798510483,228.85390043094682,229.5539093017578,964500
2024-09-30,229.15527024430304,229.42749424416988,225.73300660085457,227.619140625,1081600
2024-10-01,227.00667056959725,230.59419759458137,226.2483300763391,228.59140014648438,951900
2024-10-02,227.89138851390672,229.84558616041812,226.2677613319679,228.53306579589844,965900
2024-10-03,228.73722985878396,228.73722985878396,224.7705179970651,226.82192993164062,1039700
2024-10-04,227.82333571861665,230.09835712902887,225.5677482848052,229.65113830566406,650300
2024-10-07,228.72751790205845,228.72751790205845,218.38295993343627,219.6954803466797,1207900
2024-10-08,220.78436539384293,224.44968757557783,219.8315813069937,223.94412231445312,1158600
2024-10-09,221.77603688581408,226.3358113440001,220.71630663553736,225.04273986816406,790900
2024-10-10,229.8358431256517,229.8552919367595,225.48024404856744,226.72470092773438,961200
2024-10-11,227.00665305861745,230.31223880833915,227.00665305861745,230.01084899902344,932600
2024-10-14,230.13724245099928,233.8122814052547,228.47471776450476,233.45254516601562,1127200
2024-10-15,235.28037872303548,236.86512321125252,233.83174625720474,234.1914825439453,1491100
2024-10-16,235.4359068213949,237.02063625415823,234.1914499797336,236.20396423339844,969800
2024-10-17,245.97493529909462,257.8264572825757,245.9068718720386,257.46673583984375,2847800
2024-10-18,261.6764673998421,262.0750864314407,254.25832595732064,258.0792236328125,1579500
2024-10-21,259.2945374531352,259.47926408569776,251.35138126352916,252.48890686035156,1307900
2024-10-22,252.86802406362443,253.7721934420304,248.11380628999532,252.02218627929688,991900
2024-10-23,251.66249671561965,251.69166251634692,247.34578018681688,250.2041473388672,1338300
2024-10-24,252.78055325098117,252.92638225151038,248.2013297781074,249.2999725341797,998600
2024-10-25,250.16523005885858,250.25272745416572,243.48599518535514,243.54432678222656,942300
2024-10-28,246.71379928978564,247.46242272783937,245.14850382936189,245.36239624023438,1115500
2024-10-29,244.32212923606158,245.74158095368722,241.6290399657791,241.76515197753906,904600
2024-10-30,242.96097956446815,244.6235042399793,241.76513733108743,243.1457061767578,1085700
2024-10-31,241.6193091586153,243.48599442817522,238.91650305460809,239.11094665527344,1318600
2024-11-01,239.7331914653348,242.0568275145923,238.44983691004774,238.8192901611328,1450200
2024-11-04,238.3720583489804,239.05263325575964,235.1539697824494,236.06787109375,1098300
2024-11-05,238.28454686120043,238.28454686120043,235.84424773589075,238.04148864746094,964400
2024-11-06,250.80692476013198,250.80692476013198,244.34158184832586,246.89854431152344,1354200
2024-11-07,245.79991639068749,247.13187064867662,243.48599745920623,245.27490234375,1721200
2024-11-08,247.25825156842635,249.8152285667465,245.9651801707437,249.75689697265625,1333500
2024-11-11,250.51528273787463,252.82917228630978,250.28192664905927,251.18609619140625,1008400
2024-11-12,250.10691213293498,252.74165496961615,249.84441993266563,250.82635498046875,930700
2024-11-13,249.49441559418946,251.57500835482412,249.1346941488935,249.5430450439453,891900
2024-11-14,249.31940544395616,250.83608638335633,248.0068851044232,249.3971710205078,1047400
2024-11-15,249.86385254868924,253.87917912870648,249.86385254868924,253.57778930664062,1305400
2024-11-18,252.54723862293216,255.65836623662645,252.2361169605043,255.3958740234375,1102100
2024-11-19,252.46943509379258,253.68472623199457,250.62219849776426,252.07081604003906,978000
2024-11-20,252.29442423242102,252.37218980543096,247.40409419036905,250.04856872558594,1190200
2024-11-21,250.04859097978564,254.87085803076332,248.00689588180973,253.5680694580078,1285400
2024-11-22,253.33473969991624,255.56113172957842,252.5083357818723,255.18197631835938,1182900
2024-11-25,256.280640006176,258.7695542608783,253.4708722270435,253.9667205810547,2615600
2024-11-26,255.40559516086836,256.78614926606156,252.8486178820042,256.44586181640625,1339200
2024-11-27,257.4570088344357,260.85982420858386,257.4570088344357,259.2556457519531,1266200
2024-11-29,261.5306329185364,261.5792326922662,258.65283203125,258.65283203125,770700
2024-12-02,259.7903593624984,259.8195251643142,256.03755440129254,256.193115234375,1095000
2024-12-03,255.84311645902866,257.5542560899608,253.18893927036405,253.3542022705078,847700
2024-12-04,252.5666276012081,254.9486097538733,251.8860527946782,254.51109313964844,1138100
2024-12-05,255.6778186994425,258.2250641499742,254.64725419915402,255.95004272460938,1718600
2024-12-06,255.58059423490383,256.34866654778966,251.497204111165,253.89862060546875,1086500
2024-12-09,254.0930755018701,254.36529952829747,244.48740965905782,244.92491149902344,1711200
2024-12-10,245.95003379954355,246.99468424202595,240.3851145701567,241.78121948242188,2138300
2024-12-11,239.21352174412235,240.7267928332568,236.06982809220224,239.33067321777344,2035400
2024-12-12,240.02385632226253,241.2930370238845,237.4464195988116,238.1005401611328,1968600
2024-12-13,240.68775637215157,242.33770931053488,239.7407421400285,240.4632110595703,1305600
2024-12-16,241.63477689063345,242.9625483817584,240.15079348356716,240.43392944335938,1454200
2024-12-17,238.6472708003929,239.31114903070977,236.2455612497813,237.86622619628906,1284500
2024-12-18,236.82160857682945,239.16472766813706,229.87032746453286,230.43658447265625,1573400
2024-12-19,231.90102485215476,234.1172346778938,230.661117076868,232.07676696777344,1546900
2024-12-20,228.97213120059538,236.80207824387898,228.62066184735806,235.0544891357422,2339300
2024-12-23,233.0335341540543,236.04054619708205,232.34035315730856,235.6402587890625,1408300
2024-12-24,236.08937450523536,237.33903996722708,234.68349713619781,237.12425231933594,329200
2024-12-26,236.25534547910405,238.15913155386892,235.05448319586296,237.9541015625,434100
2024-12-27,235.40595097059273,238.45202356709353,234.86899674843,235.6890869140625,631700
2024-12-30,234.19536520709698,235.4547884295876,231.979155148779,234.1855926513672,734300
2024-12-31,234.722548565423,236.0210321431596,233.16047414725563,235.18141174316406,795100
2025-01-02,236.48965297889106,236.95828871181027,234.32226112999993,235.18141174316406,942500
2025-01-03,236.67515707435382,237.31952004597022,234.42965922905267,236.54823303222656,819700
2025-01-06,236.08937347815947,240.24841492914604,235.10329885426154,236.14794921875,1442700
2025-01-07,235.53287974611615,237.70027158260154,234.34179000184267,235.9526824951172,1460700
2025-01-08,237.73933027474084,238.21772368940003,233.27763721283395,237.01687622070312,1373300
2025-01-10,232.3598844893285,234.37106429925768,225.52577023964238,226.921875,1818500
2025-01-13,225.4769638940214,229.01118757718072,224.77402519997798,227.80056762695312,1751000
2025-01-14,226.99025045590247,231.6081554660076,225.56484275849166,231.3152618408203,1550800
2025-01-15,234.43942300016423,236.4408303443881,233.9512719606584,234.29296875,1481100
2025-01-16,234.20510255660093,236.9485089848334,234.19534489890586,236.62632751464844,970700
2025-01-17,236.47014240843788,238.31535281442248,233.84388732910156,233.84388732910156,1346200
2025-01-21,235.67933897741534,236.14797474717523,232.70162926279,233.492431640625,2639100
2025-01-22,244.56368132385333,248.3907838507197,240.17032177911346,240.87326049804688,2564600
2025-01-23,237.97365009373814,238.91090671656264,234.66398638678356,235.78672790527344,1478500
2025-01-24,238.30556740186026,238.35438548453365,234.947085915678,236.12841796875,1282100
2025-01-27,238.4031970607424,245.28612940859867,237.70025840155446,245.0615692138672,1721800
2025-01-28,245.76450907137533,246.17455414170317,242.01551280221787,242.54270935058594,1217600
2025-01-29,241.7421776401552,245.8231135049121,241.14663272862208,243.60691833496094,1611300
2025-01-30,246.12575144283306,246.12575144283306,241.36139269730518,243.18707275390625,836400
2025-01-31,242.44511164870667,244.09506464501067,239.19402374242256,239.3697509765625,1463600
2025-02-03,236.87042358440274,239.46739088660544,232.5747000702479,238.8035125732422,1483100
2025-02-04,238.89138128893373,240.91231904214678,237.37810994011696,238.27630615234375,1209700
2025-02-05,239.77980427328504,241.03922744093921,237.78813962564237,240.50225830078125,950300
2025-02-06,243.1382708521674,243.3628310633804,239.68216793848916,241.77145385742188,811000
2025-02-07,241.48833273331695,242.58178632880978,238.25676023737302,239.3795166015625,906600
2025-02-10,239.19404771263876,239.3795475209459,236.23585313066172,236.67518615722656,954100
2025-02-11,236.9094475018735,237.8271737677729,233.7169357824877,236.60679626464844,1165000
2025-02-12,233.82436459438543,236.32369571130135,232.721138399345,234.95687866210938,1334100
2025-02-13,235.33763109697674,237.56359875858473,233.99032939230253,237.2511749267578,911300
2025-02-14,236.28463114697107,236.6946762286988,231.344545056439,232.6527862548828,1348200
2025-02-18,233.28739640951943,234.88853134406875,231.81318552192218,232.75042724609375,1121700
2025-02-19,235.62072170792462,237.1242351341983,233.55096622972513,236.60679626464844,1330800
2025-02-20,235.93316214775157,235.93316214775157,232.16463555629358,235.5231170654297,971800
2025-02-21,236.68491600615627,237.00709749369815,233.0335556083909,234.341796875,1250700
2025-02-24,235.64026071569947,243.75332827578413,235.2985490431939,242.3572235107422,1315600
2025-02-25,244.4269879926266,249.10346837519592,243.0211106216533,246.52603149414062,1630100
2025-02-26,245.25684750968233,246.5846189096727,241.86907816332126,242.95277404785156,1078200
2025-02-27,243.977897320917,249.3963771439035,243.977897320917,248.75201416015625,1086600
2025-02-28,250.49956312598363,252.6572120761027,248.47862565930265,252.3643035888672,1811600
2025-03-03,252.61816260403256,256.8455374909345,252.61816260403256,254.65863037109375,1751300
2025-03-04,255.70328443938905,256.113314633096,249.34754828755288,249.64044189453125,1151700
2025-03-05,249.80640611945444,252.91103955433326,249.24014913065778,251.91522216796875,1095300
2025-03-06,250.665561593432,251.86642389003973,247.25826193653566,249.95285034179688,932200
2025-03-07,251.0072609117342,253.14536476687786,248.77152089353336,251.59304809570312,966900
2025-03-10,250.53433114254938,257.7297023535746,249.54422231198816,251.55381774902344,1351600
2025-03-11,250.64213169761592,251.97535012044438,246.3582419797804,249.54420471191406,1502000
2025-03-12,249.46581546735993,250.0736093868742,243.20172227599843,247.02488708496094,1671100
2025-03-13,247.07386920327022,252.24003481586996,246.58372106054517,250.89703369140625,1416400
2025-03-14,251.49501170388493,256.8082309800568,249.68147246675954,255.7691192626953,1302500
2025-03-17,255.6612453857743,260.8470208305559,255.30835310199794,259.90594482421875,1757400
2025-03-18,259.1511788177456,261.48428936831783,254.96532336401532,255.36724853515625,2232800
2025-03-19,254.92602513713078,257.6806551770585,254.11239242143415,256.1710205078125,1624300
2025-03-20,255.49465167210914,258.0630234148386,254.00458202012823,254.42613220214844,1418100
2025-03-21,253.90657206243284,255.47502231953519,251.3382003627161,251.64208984375,3669200
2025-03-24,253.72030029286464,254.85744761209227,251.71067489050435,254.3280792236328,1240000
2025-03-25,255.37700232450248,256.60237271696,251.36759399033366,254.337890625,1136300
2025-03-26,255.49464146615682,258.2688669624121,254.30849126395236,257.092529296875,1111500
2025-03-27,259.0825346472561,259.1217249621357,254.9946856426015,257.5042419433594,910900
2025-03-28,260.27847830868905,261.06270337652444,256.3376680647039,256.63177490234375,1185400
2025-03-31,256.6906167964199,260.52357928757345,256.11224551381275,259.2491760253906,1548200
2025-04-01,259.7785035773997,260.16083347077466,255.94554168938114,259.32757568359375,999900
2025-04-02,257.6512689697789,259.935376151569,255.59267062801936,259.278564453125,1050200
2025-04-03,257.3963987634557,260.97447416528024,255.64166006380756,257.91595458984375,1519700
2025-04-04,252.15182745001965,252.92626994033074,235.11427216079784,237.48658752441406,2471800
2025-04-07,232.86940571996357,238.6433507418019,225.88968539298727,229.2227020263672,2425800
2025-04-08,237.08469087600164,238.07478485738102,228.48748723967975,231.8695068359375,2109400
2025-04-09,226.68373538567536,243.8095139699453,225.92890300114865,243.21153259277344,2424700
2025-04-10,241.79009838357752,243.71148588775606,234.70255967879982,240.33926391601562,1782000
2025-04-11,240.33925410050733,241.75088323643448,235.7024565578,240.300048828125,1367000
2025-04-14,243.63305501584318,247.29936881518765,242.68216634272625,245.8975372314453,1017900
2025-04-15,245.01528074121114,247.3385783859294,244.16242767327876,244.7407989501953,1326300
2025-04-16,250.7499970342846,255.25938119015836,246.42690149466816,247.50521850585938,2258100
2025-04-17,248.12280387570286,252.43611668852168,246.82880554441675,250.81861877441406,1682100
2025-04-21,251.07348329351862,253.2987750384856,242.9272234427712,244.67214965820312,1864400
2025-04-22,248.37769892182348,257.5336638863038,247.04449519351635,256.1612548828125,1723400
2025-04-23,255.78871287572142,258.2296710677807,252.56355950652127,253.97515869140625,1779000
2025-04-24,252.79881388145094,256.29847884198443,250.34807313871354,255.26914978027344,1414200
2025-04-25,254.88686200171256,255.1809389384334,250.8578284710158,254.05360412597656,1087900
2025-04-28,255.0044724210069,256.89643703418454,254.36728583146086,256.4552917480469,937700
2025-04-29,257.0141099900325,259.30800003871605,255.6809212094395,258.8472595214844,868900
2025-04-30,256.9748488834333,259.96474019493564,253.00463149894242,258.9256286621094,1297100
2025-05-01,256.60235135278924,258.50412843684694,254.98483863640047,256.2984619140625,1153600
2025-05-02,258.8276457749694,262.5233522686162,257.6022753295105,262.14105224609375,1270000
2025-05-05,260.40593657204096,263.51345924602174,259.2589766802707,262.26849365234375,942800
2025-05-06,261.33720827935366,263.4644645865034,260.0824301099641,262.7684326171875,919800
2025-05-07,262.3273163908318,265.1407622053859,261.67050465527683,263.5624694824219,1038200
2025-05-08,263.40563279220197,267.69930553829494,263.40563279220197,265.4838562011719,1103100
2025-05-09,265.4152328590202,266.3759340377485,263.95460089220836,264.4349365234375,774600
2025-05-12,264.876046480082,265.0230849275358,257.46500956574954,262.7781982421875,1320900
2025-05-13,262.63121092688857,264.58199118086424,258.9649119806669,259.70013427734375,1336600
2025-05-14,260.7000143892819,260.7000143892819,255.94557109618157,257.416015625,933700
2025-05-15,259.85689447672615,266.1602215594147,259.85689447672615,265.5622253417969,1320200
2025-05-16,264.4937556384323,268.4933814970975,264.4937556384323,268.2384948730469,867100
2025-05-19,268.35614217651664,269.61092038438056,266.83669470787083,269.1305847167969,866600
2025-05-20,268.542373452321,269.3756312987571,267.5424819863591,268.31689453125,946600
2025-05-21,267.69927652176614,268.28746023246543,264.6799773507005,265.80731201171875,797300
2025-05-22,266.9640482158149,267.45419631073463,262.83700963314527,265.7386779785156,886600
2025-05-23,266.1700470146979,267.5816761139871,263.65070819940433,265.69952392578125,832700
2025-05-27,268.7874496623169,270.6205989892593,265.27797209289946,270.44415283203125,1119700
2025-05-28,270.18927214249754,270.7676433924993,267.2287879688605,268.2580871582031,1647100
2025-05-29,267.9052161103895,269.66973769403205,266.8464792271861,269.0031433105469,1070700
2025-05-30,268.5031489165275,272.17926001866033,267.2385583208386,270.2677001953125,2689900
2025-06-02,268.0326320747586,270.95389595210656,266.8464519918399,270.89508056640625,958100
2025-06-03,270.8950708374743,272.3557027236911,265.37599798607283,270.6304016113281,1181500
2025-06-04,270.708836739741,270.708836739741,266.48376177604064,266.50335693359375,988800
2025-06-05,266.2582417849487,267.6698707341517,264.18983112187294,265.67987060546875,773000
2025-06-06,267.9248153330522,270.1500774629738,266.7190399523,268.2973327636719,695500
2025-06-09,268.1698653308094,268.1698653308094,257.7493104129468,262.5037536621094,1227000
2025-06-10,262.2970386235638,262.2970386235638,258.32029725495767,258.8813781738281,1385600
2025-06-11,258.4974786167672,259.8657254539179,256.1645979332438,257.178466796875,1326300
2025-06-12,256.2138197896476,261.9131257106731,254.78651503683767,261.7851867675781,1141400
2025-06-13,260.17083592269785,262.621832278116,258.704179313509,259.343994140625,992400
2025-06-16,260.8500320207806,262.9958854520357,259.8558392671784,260.98785400390625,1324600
2025-06-17,259.4719438596895,260.85986640364086,258.07416830631405,260.2692565917969,1076000
2025-06-18,260.1216859989435,262.56282986080834,259.0979640351158,260.75164794921875,1166600
2025-06-20,266.09657744703287,269.7189709117581,260.6630323094473,260.83038330078125,2979200
2025-06-23,261.59815847899773,263.48807409892476,258.6352860273233,263.42901611328125,1116800
2025-06-24,264.74801378299435,264.74801378299435,261.3520596303747,261.9721984863281,1117000
2025-06-25,261.51940782088707,262.2871917131114,256.1843025809787,256.7256774902344,1224000
2025-06-26,258.3892493407298,259.58029232658254,256.1154263497052,258.83221435546875,1212700
2025-06-27,258.68450050142786,261.3422301116509,256.9225537989161,259.1865234375,1156800
2025-06-30,259.92476741405994,263.8030686624954,258.68448964272943,263.35028076171875,1312100
2025-07-01,262.1099997310854,264.9055211475391,260.35787609543246,262.8187255859375,1128600
2025-07-02,261.76548850486716,262.74000538112233,251.99100102614676,253.3100128173828,1375400
2025-07-03,255.7609735680081,259.99365234375,254.0580850955181,259.99365234375,859500
2025-07-07,259.31451354688,259.90512351277886,253.861261923898,254.93418884277344,1112000
2025-07-08,253.32967394673966,255.86928742726695,251.86301727226703,252.37489318847656,1522400
2025-07-09,254.02858983467738,254.02858983467738,249.62858954627526,251.3216552734375,1356900
2025-07-10,249.62859894780988,252.3158275880599,248.70331705976457,251.98117065429688,1242600
2025-07-11,250.209360051195,251.76461888604646,248.96908217209958,250.49481201171875,783400
2025-07-14,250.0715385504885,252.23708318754652,249.31359267057633,251.46929931640625,1120200
2025-07-15,249.53015507440287,250.17982298823256,245.2876526713804,246.69525146484375,1424800
2025-07-16,247.9847236551877,250.36683923715765,246.291672982952,248.24066162109375,1429100
2025-07-17,247.7780361730694,258.3695429107165,247.36461522521907,257.71002197265625,2576700
2025-07-18,259.59992869781865,264.0294574980156,258.50729597314444,261.8048400878906,1687800
2025-07-21,260.8992674868551,263.40935214990145,258.8813827927411,259.11761474609375,1174900
2025-07-22,260.53505324623944,263.58651265984327,260.4661422501397,262.6021728515625,1412700
2025-07-23,263.1534057693033,263.80307365994236,257.2473668067673,260.5941162109375,1462200
2025-07-24,259.60977117652595,260.8992539209748,256.7453387323914,257.8871765136719,1545700
2025-07-25,257.4147320365744,259.9444627020067,256.5288021114449,256.9619140625,1194200
2025-07-28,255.9283462456292,256.1645781833165,250.2683924344278,250.91806030273438,1271500
2025-07-29,253.1623715418242,255.93821716252316,251.62680376009044,255.75119018554688,1415500
2025-07-30,256.5583612084194,257.50331908382907,253.5659595566747,254.86529541015625,867900
2025-07-31,253.8907587519338,259.2652757170176,253.8907587519338,256.1645812988281,1744800
2025-08-01,256.08587052156594,256.7552144402103,252.0500709467543,254.27468872070312,1076900
2025-08-04,256.27288360320415,258.93058315000917,254.6585518449807,258.8813781738281,946000
2025-08-05,259.7180592887655,262.4151406974461,259.3735343547444,261.01739501953125,1198300
2025-08-06,262.54316099027903,264.00981794958886,261.0174460352704,263.3896789550781,1112700
2025-08-07,263.45852261253356,264.364128381194,258.7139979064676,261.2043762207031,977300
2025-08-08,262.43484876284253,263.39951268810324,258.9109251054947,260.72210693359375,920500
2025-08-11,261.0272188529019,263.3600993537728,259.1569792558929,260.12164306640625,938100
2025-08-12,260.12166294326465,261.6277017386346,258.8420030919838,259.79681396484375,1198000
2025-08-13,261.76548223556756,266.0473664786988,261.2634893522079,265.08270263671875,1409200
2025-08-14,265.2599270275699,265.6831859749874,262.20846733008125,264.38385009765625,1506200
2025-08-15,266.5592188478506,266.5592188478506,261.1453496833364,261.4308166503906,1295700
2025-08-18,260.37754133556115,261.61781904030306,259.24555662456066,260.77130126953125,968400
2025-08-19,261.07647286247595,264.67916036836505,260.9977088511658,264.6594543457031,1364200
2025-08-20,265.8111333539955,271.02812238314897,264.72835354426536,270.093017578125,1368100
2025-08-21,268.2620987433659,272.09119461687146,268.1931877544603,270.61468505859375,1217200
2025-08-22,272.66212969589236,274.6701913365285,271.44155793377394,271.9632568359375,1457600
2025-08-25,270.988710375133,271.7860231377307,267.888046293957,268.0750732421875,1068700
2025-08-26,267.1301134727566,268.0652181670403,266.204831748534,266.6477966308594,2039600
2025-08-27,266.33284181289673,269.74850231179545,266.00799283848846,267.9471435546875,808000
2025-08-28,267.5730779745307,268.15386489872617,264.92523151579417,266.04736328125,827900
2025-08-29,266.16548484050253,268.14401751756515,265.68316793501674,267.25811767578125,681000
2025-09-02,267.0120387273671,269.32521335529276,264.639776071636,269.0693054199219,1408900
2025-09-03,267.84870584880304,272.2979412573914,266.4017550874813,272.21917724609375,1615600
2025-09-04,274.1976758624961,276.3041773273729,272.32743636244237,275.0540466308594,1239800
2025-09-05,274.67018894516775,275.9793476747838,269.6697258890342,270.9100036621094,970700
2025-09-08,271.1462132987343,271.1462132987343,267.0907384222064,270.18157958984375,843700
2025-09-09,269.57128673764913,271.2348234245982,268.006190039922,269.2661437988281,1046600
2025-09-10,267.23025097757284,269.23652729654486,266.05415484290455,269.1475524902344,844400
2025-09-11,269.3551133371619,276.4808490260652,268.8807117463064,276.1645812988281,1089100
2025-09-12,275.3739585125118,276.72794398411025,274.64261574063,275.6704406738281,852100
2025-09-15,274.93909507211157,276.4314589775989,272.87352227366165,273.0711669921875,805400
2025-09-16,271.66778678874806,271.66778678874806,267.5168554714398,268.77203369140625,2475000
2025-09-17,269.3452244186963,273.565314516316,268.9499048344404,271.8160095214844,982300
2025-09-18,270.09635257090457,275.611131646027,269.3155760338502,274.6524658203125,965900
2025-09-19,275.5320911386693,275.5320911386693,272.10264007051876,273.76300048828125,2499800
2025-09-22,272.8043099678749,273.76297574642126,271.0648676906898,272.88336181640625,693400
2025-09-23,272.3398452754056,275.81870023203146,271.035263356313,273.03167724609375,854800
2025-09-24,272.5770056603247,274.0199659036865,271.62823260787223,273.4269714355469,734400
2025-09-25,275.4332372984006,275.5024265185924,270.82769033498903,271.0154724121094,876800
2025-09-26,273.10081757614927,275.0873385366049,271.39105351374326,274.5141296386719,756200
2025-09-29,274.5437628897059,274.5437628897059,271.62822443628465,273.2688293457031,951200
2025-09-30,273.28860165679976,276.7872419849208,273.28860165679976,275.9570617675781,789000
2025-10-01,274.39553286221604,276.3523754177367,273.52581165489494,274.00018310546875,764400
2025-10-02,272.9822267124594,276.99477951025466,272.3002875765873,276.7674865722656,839400
2025-10-03,276.60934704410226,282.82585099636265,276.2337828713335,281.2346496582031,992700
2025-10-06,281.6794108461947,282.35145719450117,278.5365490908503,279.4260559082031,1103900
2025-10-07,279.4853143399582,283.5374076247702,279.4853143399582,281.63983154296875,770100
2025-10-08,284.5850407730927,284.5850407730927,278.5661817090177,279.4556884765625,905000
2025-10-09,279.7521885770483,281.4916310560183,270.67947231787616,271.2032775878906,1402900
2025-10-10,272.63632290941973,272.9328352466068,266.1826328118087,266.9634094238281,1199400
2025-10-13,265.3919803401229,269.1673473877407,263.3560557355861,267.2203674316406,854300
2025-10-14,267.16104658110277,272.6362844019064,267.16104658110277,272.41888427734375,909200
2025-10-15,268.64353854074875,270.9067560518586,263.66242716814673,266.3012390136719,2058500
2025-10-16,249.64815716192567,262.4863481564032,249.31211889401692,258.5133361816406,2404900
2025-10-17,259.60050265739864,263.67235231168803,258.8098332054773,258.9482116699219,2276000
2025-10-20,261.31022610619635,262.6642115150493,259.8277550464098,262.1502990722656,1054600
2025-10-21,262.8717841236872,267.3686010252406,261.7846326272051,266.1925048828125,1146700
2025-10-22,267.18083465763414,268.5644683886592,264.0281102128593,265.3524475097656,999900
2025-10-23,266.4099077230084,266.7854718522608,264.30479416973986,265.9552917480469,1173000
2025-10-24,266.8547073715689,267.43780908781554,265.9454451029253,266.7361145019531,917300
2025-10-27,266.4889844734202,267.42786461708425,265.3523993170118,267.1807861328125,1108100
2025-10-28,266.3012554795367,269.1377122184584,264.4036790713739,264.9966735839844,1341300
2025-10-29,262.1799649145056,266.1826249806651,262.14042390518654,264.77923583984375,1262700
2025-10-30,265.91579299222457,271.33176519269335,264.7693450011347,267.843017578125,1473500
2025-10-31,265.18444435051276,267.9319563192798,264.62109807955795,265.4809265136719,1900900
2025-11-03,264.2554387754234,265.3919940007766,261.16201070087703,264.53216552734375,1981800
2025-11-04,265.9355165445194,274.1187552179349,265.2437148444831,274.0397033691406,1769700
2025-11-05,274.7216348990804,276.3226987015334,273.24905673822286,273.41705322265625,1158400
2025-11-06,274.08915046626544,275.8681340361974,272.4683309409009,273.03167724609375,856900
2025-11-07,274.1681831101401,277.41974452923273,272.7746567876718,276.5401306152344,931100
2025-11-10,275.23557782400155,279.5545055174347,274.16821189099426,279.09002685546875,1503800
2025-11-11,280.4637679034594,283.3793064985126,278.70457005071216,282.6775817871094,1453000
2025-11-12,282.65779975656756,285.5733380771776,282.2525874033369,282.7862854003906,1483200
2025-11-13,282.8949848394695,287.2238049107163,281.4718102910884,284.06121826171875,1595100
2025-11-14,285.168162415799,286.96687117790907,281.5014953431808,283.9327697753906,1437300
2025-11-17,284.88152661682767,286.2058638324365,280.71084009443814,281.18524169921875,1343200
2025-11-18,280.9381644897241,285.9093830076097,280.27598079836923,283.4978942871094,1199900
2025-11-19,283.2211541327613,284.8222180091362,280.14748186658915,282.1340026855469,1116100
2025-11-20,283.3891617726778,286.48258958286783,282.6775744484138,284.4862060546875,1296200
2025-11-21,286.25532999809815,289.08189404034545,285.0297999207514,286.6802978515625,1781300
2025-11-24,286.61110391180915,289.57604636606925,284.6245828159495,287.4412841796875,1825700
2025-11-25,289.5859136658803,293.3810360539215,287.96506412298214,290.2678527832031,1708600
2025-11-26,290.6335543093425,292.6101826432135,290.337041962689,291.0782775878906,1094700
2025-11-28,292.25432298797864,293.0746404938807,289.2696255813106,289.4376220703125,566800
2025-12-01,289.10163881412666,290.91027056444085,286.63085348601174,287.1052551269531,1019300
2025-12-02,287.01627389451266,287.54997190243324,284.14027651981553,285.1483459472656,1314400
2025-12-03,286.1861112085976,286.8581575345635,280.00914829872323,280.9480285644531,1813900
2025-12-04,280.63179875120784,282.4799412792303,279.16908303573194,279.5446472167969,1282700
2025-12-05,278.7737472687275,279.62368286211273,276.37215140077524,277.6075439453125,1287300
2025-12-08,276.74766733300834,278.1708418642864,274.27688240522684,276.59942626953125,1450700
2025-12-09,277.83482256070226,280.3253931052218,275.77914274328776,275.8977355957031,1831600
2025-12-10,276.3839429604488,278.864502600303,275.24289158216965,276.1855163574219,1417000
2025-12-11,277.3265762704258,282.3869241475144,276.60224193240015,280.6802978515625,2090100
2025-12-12,282.31743627701,283.2600609980292,281.13668753395115,283.09136962890625,1617300
2025-12-15,284.23243295826114,288.62800758602737,283.6073270937116,288.330322265625,2074900
2025-12-16,289.2927586108413,290.25521687446746,286.31608731471084,287.35791015625,1725500
2025-12-17,287.1396799622412,289.12412770008774,285.54218378753455,289.0050354003906,1797800
2025-12-18,288.35014724865005,292.05115296545523,286.6038539314574,291.36651611328125,1342400
2025-12-19,291.3665159164038,292.8052525538303,289.13401234263216,290.6422119140625,2781200
2025-12-22,289.5011255230516,291.2573810180972,288.58829658936804,289.3721618652344,1158100
2025-12-23,289.52101796484516,291.68405878243686,288.6776216004755,290.185791015625,989500
2025-12-24,289.71940319900665,292.3785858631669,289.47134726139865,291.5550231933594,455200
2025-12-26,291.52527987771725,291.8725642728507,289.034788384916,289.8484191894531,470800
2025-12-29,289.9178694649624,291.0589207589173,288.935577609858,289.6598815917969,842300
2025-12-30,289.0844254382122,290.52313185595824,288.3997885576692,290.1064147949219,683600
2025-12-31,289.1637851694347,290.1262435012699,287.6655477681172,287.804443359375,711000
2026-01-02,286.3656782633927,287.794482867405,280.9878425646304,282.9722900390625,1223000
2026-01-05,281.22599272849357,289.22331437185835,280.4222938490184,285.5223388671875,1554500
2026-01-06,283.3096424760841,284.9369039396458,279.8864584705826,282.9722900390625,1499800
2026-01-07,282.14873886676105,284.2225132086014,280.5215076172187,280.98785400390625,1966400
2026-01-08,280.1841630706179,283.55771795360977,279.5193597975471,281.97015380859375,2347300
2026-01-09,282.41667651407204,283.9744752106331,279.4598385690328,279.7674255371094,1438200
2026-01-12,279.10266568606,280.4818411434144,276.7213344130294,278.3088684082031,1661800
2026-01-13,278.8843702342303,278.8843702342303,268.50568675870926,269.09112548828125,2012400
2026-01-14,269.62688630527657,271.32361080873756,266.7494433351087,270.6191101074219,1819200
2026-01-15,270.7580441663391,273.466795848781,268.2080216504077,269.2300109863281,1775700
2026-01-16,267.98972416503483,269.79557875946244,266.4319255221406,267.324951171875,1841600
2026-01-20,266.23351128443346,269.41854137145873,265.91599238447105,267.5134582519531,2274400
2026-01-21,272.3158366995489,274.3796489005229,266.05490688241207,270.5298156738281,2571700
2026-01-22,268.9621316513763,276.5228726943368,267.40433290854054,276.31451416015625,1663200
2026-01-23,276.780840459082,278.437837244163,272.2563023643419,275.5603942871094,1679100
2026-01-26,277.2769430279383,281.9403765516891,276.8899612253583,279.51934814453125,1433900
2026-01-27,281.2259706086576,281.5633230505216,277.3265385326889,279.082763671875,1394000
2026-01-28,278.2592376630167,280.5413402316024,275.8282773040856,279.8468017578125,1416200
2026-01-29,281.89079023938444,284.51024534983674,280.22386150725407,282.0793151855469,1764100
2026-01-30,282.4563668659783,283.776011217202,279.17207817900976,282.297607421875,2389900
2026-02-02,283.6866959504634,287.0701825710506,282.2678232554556,283.40887451171875,1942200
2026-02-03,282.3472032938724,288.3402435495697,281.07715803573797,285.9886779785156,1472800
2026-02-04,286.93127607431643,293.7875462820212,286.85191149229047,292.92431640625,2316700
2026-02-05,293.7677121596088,300.02864200952394,293.0632114492012,297.9747314453125,1934500
2026-02-06,299.730977305095,302.0329439813174,297.9152209222101,299.14556884765625,1963100
2026-02-09,298.4113272457287,301.09034379196265,289.27295393224017,290.5429992675781,1650900
2026-02-10,290.3644162607899,298.4510349794386,290.3644162607899,296.2879638671875,2447800
2026-02-11,295.60332751414967,297.8754982120115,291.4855745241868,296.7046813964844,1876400
2026-02-12,299.6218311311404,299.65159663482723,293.0433822939502,295.11712646484375,2063600
2026-02-13,293.94632537583215,295.1270742191727,289.7293738725502,291.92218017578125,1764500
2026-02-17,294.72023274498116,298.1830841013419,294.11499076429794,296.90313720703125,1437400
2026-02-18,297.3595452640572,298.32200353608533,292.81514342201103,296.13909912109375,1343300
2026-02-19,297.7465251579847,299.2348609608438,294.6507915328809,297.56793212890625,1065400
2026-02-20,300.2072114436265,302.56870878252363,296.50620600372923,302.55877685546875,1352900
2026-02-23,302.6282769495814,306.9642903679176,301.3681635497374,303.0152587890625,1771100
2026-02-24,302.07260927291486,305.6644545029598,299.75080926697865,303.0549011230469,1146700
2026-02-25,303.66021262460447,304.9897890248101,300.25686161453564,302.3901672363281,2026700
2026-02-26,303.8784759162604,306.22010959009964,302.1321523084699,303.8586120605469,1018300
2026-02-27,304.215814742172,307.4008445738162,301.9932129009159,306.2399597167969,1868600
2026-03-02,305.16834914807913,310.68511104719494,304.7417001818431,308.2541809082031,1216600
2026-03-03,305.28739425179464,309.80203045463844,302.1916610157106,308.55181884765625,2249900
2026-03-04,307.10321397280757,310.48670094011385,304.43412938980447,309.6036071777344,1315800
2026-03-05,307.9168016832806,309.10748236757826,300.61404897503985,304.2555236816406,1306600
2026-03-06,302.40996886400774,304.8706947914364,298.48077109043896,303.9280700683594,1268500
2026-03-09,302.0031532428337,302.5389625734535,297.5877754998,300.83233642578125,1734900
2026-03-10,300.01573528300645,304.2978516643715,298.7111915345662,301.1808776855469,1517000
2026-03-11,300.04561779072776,300.04561779072776,296.3809456347208,298.1535339355469,1296400
2026-03-12,294.1104406339279,303.0729719487756,292.4374420822163,300.752685546875,1432300
2026-03-13,304.128540474394,305.03475557300163,300.8920710038779,301.23065185546875,1121500
2026-03-16,302.2663399779784,306.9965647355628,302.04725466832184,303.3717346191406,1256700
2026-03-17,306.9865827006004,307.6936486713278,304.6563283621896,305.0546569824219,1271300
2026-03-18,303.9194231754855,304.7260485197368,297.7850650878329,298.004150390625,1269300
2026-03-19,298.57179156557675,299.6273761242891,293.4033962306894,295.60418701171875,1414700
2026-03-20,295.25564600527224,298.5219895257137,293.8017327723482,295.3652038574219,4429700
2026-03-23,299.66721574979056,300.5236207889663,293.2739302814997,294.2896728515625,1361000
2026-03-24,294.1403214790557,296.1021212622119,290.89388366770874,291.7901611328125,1250000
2026-03-25,293.38347159036977,294.7676993606316,288.3744135905045,289.3802185058594,1412300
2026-03-26,288.95200585069506,291.7901467726139,287.95616906339205,289.91796875,1158400
2026-03-27,290.22666249523405,290.83410832035054,283.47489060066476,284.08233642578125,807900
2026-03-30,286.48232359578833,291.90964631702934,284.9586945059973,290.6051025390625,1390300
2026-03-31,293.4631461886249,294.2996454456817,286.49228865595774,290.4656677246094,1281900
2026-04-01,289.7486676193474,291.5909717825439,287.3188233893905,289.3204650878906,1463900
2026-04-02,289.86816349995564,293.52289794200715,288.8723266960812,292.76605224609375,924100
2026-04-06,291.71046204712894,294.4191393171218,289.619198721163,294.3195495605469,896500
2026-04-07,293.8017189611896,296.21165729939025,291.46149649012256,293.8216247558594,923200
2026-04-08,297.127815965462,300.39415939680833,291.2623531189512,300.33441162109375,1232300
2026-04-09,298.22323440612035,304.98497448578684,296.8091328413797,301.96759033203125,1302200
2026-04-10,300.7825596909158,301.00164500553024,294.3892739757328,296.0224609375,1408400
2026-04-13,295.2158204309499,300.6431125528404,294.80752371141807,300.0555725097656,913000
2026-04-14,298.2332154595017,300.37425849891883,297.0282310517163,298.3427429199219,1185900
2026-04-15,298.09376936200835,301.1908374603233,297.23736434370267,298.08380126953125,1538100
2026-04-16,294.90711467712435,298.0639002088593,291.1826645041194,297.5958557128906,1555800
2026-04-17,297.14777008200775,303.81985869380975,296.95855865065164,299.55767822265625,2374800
2026-04-20,299.7468868326258,304.9252505221583,299.06972507968754,299.5278015136719,1833500
2026-04-21,300.20494220459403,301.49954823141337,297.33692746333276,300.1651306152344,2234100
2026-04-22,298.8506329590265,300.7825588029611,297.3270038543283,300.4240417480469,1573700
2026-04-23,302.166749197875,306.81732036826264,301.85804222493033,306.0505065917969,1188200
2026-04-24,305.34348553057254,306.0505211741796,300.8522516790863,301.4696960449219,1694400
2026-04-27,299.97593413202105,306.1700403247384,299.7468807244323,302.4754638671875,1422000
2026-04-28,306.58826607282407,310.2828120350717,304.58662441041446,308.72930908203125,1200300
2026-04-29,308.0919898509659,308.70940379607373,299.85640017717856,300.9916687011719,1826200
2026-04-30,299.51782702701985,304.68622251292805,299.28880401018046,303.8696594238281,1560200
2026-05-01,305.7716718288209,309.117699220202,303.44141740525595,303.4513854980469,1093700
2026-05-04,302.2364578436289,306.09034125743744,299.9559831449507,300.274658203125,1071400
2026-05-05,300.04561839203086,302.45555684161525,299.25892919410984,300.0954284667969,936000
2026-05-06,301.2007847594819,304.19826320011265,299.5277862584202,300.33441162109375,1120400
2026-05-07,299.0398508896414,303.39165298443777,296.6100065875146,297.6954650878906,1205900
2026-05-08,298.66140420132785,299.16929067026194,295.36518698055676,296.7991943359375,900800
2026-05-11,298.1336382629067,299.28881264510477,294.0407330441202,295.89300537109375,1174900
2026-05-12,296.9186902757728,299.9161686308492,295.32534539096565,297.0182800292969,1179000
2026-05-13,295.44484070437875,298.3327612111276,290.61502637229347,293.791748046875,1363800
2026-05-14,295.67389714196105,298.5120379964667,295.30544240189505,297.04815673828125,1990800
2026-05-15,297.2274164381258,300.8522466544499,295.98262041498066,298.5120544433594,1568400
2026-05-18,298.7012625351999,305.04473813583985,298.7012625351999,304.7160949707031,1228500
2026-05-19,304.55675385041803,307.6339162927275,301.2306625997163,304.248046875,1845900
2026-05-20,306.01071104696183,306.379165815246,301.7485305877449,305.68206787109375,1348700
2026-05-21,303.85969484430984,308.22146499411576,301.0215538189745,305.9509582519531,1552200
2026-05-22,307.53433376251337,308.2513374878733,304.7659086210876,305.18414306640625,1386300
2026-05-26,306.24969580901507,308.5899184123634,302.7045191637194,303.5708923339844,854500
2026-05-27,303.381666872031,306.36917719157935,298.44232498639184,298.6912841796875,1225300
2026-05-28,296.8390104721327,298.30289173690375,292.5668926180373,293.084716796875,1172400
2026-05-29,292.62663621582476,294.3693505351748,289.60925206708544,290.6748046875,2712100
2026-06-01,288.30471416401775,291.4515620167025,287.5478684908137,287.72711181640625,1579800
2026-06-02,287.0001617222554,292.47726381321047,285.91467292783994,290.6448974609375,1663400
2026-06-03,290.4258560105667,293.682231373137,287.7470526143397,288.7428894042969,1377200
2026-06-04,293.38345410985045,295.82326633499406,290.7245869717894,292.2083740234375,1304300
2026-06-05,294.4789001126202,302.6248684683838,294.2000670161986,301.9875183105469,1151500
2026-06-08,298.5319494543659,302.66466602380353,295.33532189175844,295.4946594238281,1478900
2026-06-09,297.3170333722549,300.1950163194083,295.90296213116676,299.0,1260900
2026-06-10,300.6199951171875,305.9599914550781,299.54998779296875,303.3599853515625,1243700
2026-06-11,304.55999755859375,307.1300048828125,303.6099853515625,303.8999938964844,1882900
2026-06-12,301.2699890136719,306.3699951171875,297.010009765625,304.4599914550781,2024500
2026-06-15,305.1099853515625,309.010009765625,299.1700134277344,306.4700012207031,2082300
2026-06-16,308.8299865722656,311.25,306.92999267578125,307.510009765625,2314200
2026-06-17,306.94000244140625,309.32000732421875,304.5199890136719,306.07000732421875,2142800
2026-06-18,308.69000244140625,309.8500061035156,301.6499938964844,307.80999755859375,5783600
2026-06-22,308.1300048828125,313.6600036621094,307.6700134277344,310.6099853515625,3498500
2026-06-23,313.239990234375,317.5799865722656,309.5899963378906,316.9599914550781,4129600
2026-06-24,317.5899963378906,323.0,316.4100036621094,320.739990234375,1733100
2026-06-25,320.9200134277344,325.8900146484375,318.1600036621094,318.2900085449219,1455100
