Date,Open,High,Low,Close,Volume
2004-01-02,6.87679722275885,6.937297523212324,6.836464714847571,6.872764587402344,103600
2004-01-05,6.913093549862701,6.913093549862701,6.7376447686908545,6.844527244567871,183200
2004-01-06,6.8263781851896885,6.834444991377353,6.765878677368164,6.765878677368164,60000
2004-01-07,6.757813855550791,6.8062139375960395,6.757813855550791,6.788064002990723,36000
2004-01-08,6.7920989990234375,6.806215532658814,6.779998783353092,6.7920989990234375,166400
2004-01-09,6.755795228631095,6.796128488332258,6.604546081721444,6.673112392425537,220000
2004-01-12,6.673116183394715,7.451545691465781,6.673116183394715,7.280129432678223,434000
2004-01-13,7.259960727201006,7.259960727201006,7.0179618824356815,7.161144256591797,128400
2004-01-14,7.179296471915222,7.300296317417633,7.179296471915222,7.259963035583496,131600
2004-01-15,7.23979677931311,7.259963035583496,7.132913467058643,7.259963035583496,126000
2004-01-16,7.241703410364732,7.249817549305949,7.1666495596756645,7.182877063751221,111600
2004-01-20,7.211278641434546,7.302560806274414,7.142309980645223,7.302560806274414,130800
2004-01-21,7.251846562066152,7.2619888500489065,7.160564422607422,7.160564422607422,86000
2004-01-22,7.1605624592649315,7.2011323738791235,7.1605624592649315,7.184904098510742,121600
2004-01-23,7.184905271549737,7.1950483322143555,7.083480855358644,7.1950483322143555,82800
2004-01-26,7.180849054469115,7.251845837057409,7.180849054469115,7.215332984924316,151200
2004-01-27,7.215333005348836,7.251845857585287,7.180849074796021,7.217361927032471,93200
2004-01-28,7.251844936056743,7.251844936056743,7.184904457527418,7.190990447998047,157200
2004-01-29,7.190990824027008,7.201133110266015,7.160563191503148,7.16867733001709,122400
2004-01-30,7.160565774889984,7.241705641689335,7.160565774889984,7.2214202880859375,83600
2004-02-02,7.241705641689335,7.241705641689335,7.193021566848301,7.2214202880859375,100400
2004-02-03,7.201133588610428,7.2924157184387,7.201133588610428,7.278216361999512,41600
2004-02-04,7.284300998260333,7.284300998260333,7.201133014119953,7.21938943862915,147200
2004-02-05,7.2396782074887795,7.2396782074887795,7.205194259985757,7.233592987060547,101200
2004-02-06,7.233590285720012,7.2640179241127125,7.201134499211058,7.23156213760376,144800
2004-02-09,7.231561283590324,7.241703570587805,7.201133648790984,7.217361927032471,75600
2004-02-10,7.211274359751263,7.572345733642578,7.211274359751263,7.572345733642578,193200
2004-02-11,7.545975725952108,7.5966879273714,7.5114910266074615,7.556118011474609,95200
2004-02-12,7.545978621468207,7.5561209108824725,7.477009970121292,7.485124111175537,182000
2004-02-13,7.464836674339986,7.485122021311881,7.322842340764185,7.3329854011535645,190000
2004-02-17,7.261991693362029,7.403986102137072,7.201137167831947,7.353273868560791,181200
2004-02-18,7.332985224985554,7.416153211055127,7.332985224985554,7.406010150909424,112400
2004-02-19,7.343128695297111,7.414125484923148,7.343128695297111,7.387754917144775,174800
2004-02-20,7.408040829850865,7.408040829850865,7.330958042537095,7.365442752838135,146800
2004-02-23,7.381667716965663,7.424265779302677,7.355297156268422,7.4039812088012695,202800
2004-02-24,7.401955044851651,7.444553118604108,7.3938409049539535,7.424267768859863,94800
2004-02-25,7.444548562278783,7.446576709108424,7.40397866142747,7.434406280517578,51600
2004-02-26,7.4242695555672436,7.442525987827128,7.406013123307358,7.430355548858643,98000
2004-02-27,7.414121005548968,7.495260807934062,7.4100639380490625,7.4810614585876465,113200
2004-03-01,7.322846408252376,7.450641456835273,7.322846408252376,7.44455623626709,118400
2004-03-02,7.444555297296055,7.5054098167242715,7.383700777867838,7.4080424308776855,108400
2004-03-03,7.403984505806725,7.485124371557587,7.393842216039644,7.474981307983398,88400
2004-03-04,7.474985426931536,7.56221055984497,7.454700836219938,7.562210559844971,184000
2004-03-05,7.545981767135711,7.7082607868338915,7.545981767135711,7.690004348754883,373600
2004-03-08,7.66768764205355,7.70825757351769,7.479038118481313,7.485124111175537,166400
2004-03-09,7.42426636758344,7.6108876809722155,7.422238219895299,7.535833835601807,171600
2004-03-10,7.556119811391574,7.663629456391802,7.452667236328125,7.452667236328125,61600
2004-03-11,7.4242700117563585,7.489181602934004,7.381671925134879,7.383700847625732,155200
2004-03-12,7.180850193052344,7.3978984185878005,7.180850193052344,7.377613067626953,234000
2004-03-15,7.393839632164762,7.418181273860669,7.312699794769287,7.312699794769287,110000
2004-03-16,7.3126982637062135,7.322840547805444,6.96785518768566,7.012482166290283,338000
2004-03-17,7.05711142995841,7.383698190825123,7.05711142995841,7.282273769378662,130800
2004-03-18,7.302559286977407,7.302559286977407,7.140280346472648,7.243732929229736,376400
2004-03-19,7.292418460240792,7.320817183796514,7.282276169514774,7.290389537811279,308000
2004-03-22,7.261988918733294,7.270103058719031,7.221418992611594,7.253874778747559,92000
2004-03-23,7.253873708673474,7.393839894455518,7.253873708673474,7.3329854011535645,160400
2004-03-24,7.31270198196175,7.3593571315860755,7.3025596927055165,7.3045878410339355,112000
2004-03-25,7.322841985214237,7.403981821548458,7.302557413034095,7.363411903381348,77600
2004-03-26,7.312698289601364,7.351240052644266,7.292413721331074,7.3289265632629395,84000
2004-03-29,7.343129993397133,7.5054089510917485,7.332987703630052,7.474981307983398,140800
2004-03-30,7.474979416016987,7.6250878975205065,7.4668660505411335,7.6230597496032715,139600
2004-03-31,7.59669061751375,7.600747687920799,7.558148835550319,7.586548328399658,122400
2004-04-01,7.566262063601653,7.627116564752027,7.566262063601653,7.596689701080322,125200
2004-04-02,7.6372635467718455,7.7610007606440945,7.6372635467718455,7.748830318450928,216800
2004-04-05,7.73259604433241,7.75896660501535,7.722453759087207,7.756938457489014,150400
2004-04-06,7.7488270627680595,7.7488270627680595,7.722456492750234,7.732598781585693,182400
2004-04-07,7.7325975470817045,7.823879679641787,7.728540477433822,7.813737392425537,127600
2004-04-08,7.793454481236271,7.870537281036377,7.7893981841268785,7.870537281036377,167200
2004-04-12,7.840108909368263,7.878649914988443,7.7995389817745435,7.850251197814941,546800
2004-04-13,7.848220710038348,7.959788182113937,7.840107345183911,7.927332401275635,337600
2004-04-14,7.927336833867233,7.951678489654949,7.911108547470566,7.923279762268066,253600
2004-04-15,7.923277395361745,7.939504903103512,7.911106184200128,7.931390762329102,159200
2004-04-16,7.911106586456298,7.92124887603649,7.894878304082316,7.911106586456299,218000
2004-04-19,7.89274929274404,7.953933238983154,7.8805121922977825,7.953933238983154,136400
2004-04-20,7.953935658125281,8.004922425164546,7.925383193062705,7.994725227355957,182000
2004-04-21,7.984522378543398,8.03550910949707,7.960048187528679,8.03550910949707,294000
2004-04-22,8.035511348809663,8.035511348809663,7.951893117862991,8.025313377380371,394800
2004-04-23,7.974326751437877,7.996761044124142,7.96412955785212,7.982484817504883,115200
2004-04-26,7.9743296126498056,8.01308005137385,7.9743296126498056,7.984527587890625,144000
2004-04-27,7.984524836521859,8.004919223983284,7.964129671064422,8.002880096435547,228800
2004-04-28,7.990642773290863,7.990642773290863,7.951893127001381,7.964129447937012,148000
2004-04-29,7.8723564850661205,7.923343251881306,7.862159287302347,7.90294885635376,201200
2004-04-30,7.913144111633301,8.004920424971047,7.896828754815551,7.913144111633301,127600
2004-05-03,7.902945346733459,7.933537704435333,7.880511054818214,7.904984474182129,86000
2004-05-04,7.892753013578449,7.933542589632412,7.872357836553241,7.923344612121582,131200
2004-05-05,7.913146054117533,7.933541227641399,7.862159287302347,7.90294885635376,133200
2004-05-06,7.882552218699602,7.9314990652417166,7.790775908938014,7.909064769744873,137600
2004-05-07,7.898869341963197,7.93354074585007,7.749988085263736,7.851961612701416,185600
2004-05-10,7.831562818607533,7.833601945692337,7.709194187631763,7.711234092712402,170800
2004-05-11,7.701036959979616,7.75814263850422,7.6786034476261475,7.690839767456055,66800
2004-05-12,7.678608290659759,7.8621602058410645,7.531766136117586,7.8621602058410645,133200
2004-05-13,7.862155417392435,7.862155417392435,7.729590355721915,7.7499847412109375,83200
2004-05-14,7.733668529321916,7.758142725247212,7.6174188216625085,7.65820837020874,127200
2004-05-17,7.6378159361787334,7.6378159361787334,7.5052500640356445,7.584789276123047,78800
2004-05-18,7.597027434691334,7.637816999335904,7.541961639120601,7.554198741912842,90800
2004-05-19,7.556237338900562,7.666368922300614,7.556237338900562,7.62761926651001,167600
2004-05-20,7.633737428477952,7.690842348168565,7.5970269006779345,7.62761926651001,44800
2004-05-21,7.637813984933588,7.664327308188029,7.6174188216625085,7.65820837020874,107600
2004-05-24,7.674523884593523,7.701036427723188,7.648010563467991,7.652089595794678,56000
2004-05-25,7.654131281905179,7.81117057800293,7.617420756687724,7.81117057800293,139200
2004-05-26,7.800975868388742,7.800975868388742,7.72551566606292,7.778541564941406,33200
2004-05-27,7.778540267813886,7.800974567520141,7.719395437314897,7.735711574554443,57200
2004-05-28,7.74590648990902,7.839721917415978,7.74590648990902,7.7520246505737305,44800
2004-06-01,7.73978892922246,7.73978892922246,7.637815427593695,7.7091965675354,84800
2004-06-02,7.739787548466427,7.841761031903412,7.729590355721915,7.7499847412109375,47200
2004-06-03,7.749986942541221,7.760184138182176,7.696961058410564,7.7010393142700195,55600
2004-06-04,7.658209523645612,7.709196272508759,7.639854262935036,7.643933296203613,96000
2004-06-07,7.664328430959224,7.729591406995398,7.613341682306209,7.654130458831787,84400
2004-06-08,7.6541293117650975,7.6684055370087885,7.58478731286892,7.607221603393555,66800
2004-06-09,7.607221018196988,7.68268117125103,7.607221018196988,7.652089595794678,62800
2004-06-10,7.664330107271377,7.686763628068599,7.648013970695711,7.68064546585083,96400
2004-06-14,7.6806431043520265,7.749985107486215,7.678603976905126,7.731629848480225,184800
2004-06-15,7.699001789093018,7.90294885635376,7.674528358860698,7.90294885635376,163600
2004-06-16,7.872356285767604,7.984527792318307,7.8519618907563675,7.970251560211182,156800
2004-06-17,7.9804461123475585,8.117090225219727,7.953932785224585,8.117090225219727,124400
2004-06-18,8.11912917085586,8.247615202037377,8.11708926547434,8.17827320098877,148800
2004-06-21,8.168079445386283,8.25577674179387,8.125250750302468,8.147685050964355,91200
2004-06-22,8.13748990619135,8.243541717529297,8.106897528846172,8.243541717529297,132400
2004-06-23,8.239460118818235,8.35978889465332,8.157880997643337,8.35978889465332,128400
2004-06-24,8.359790858532385,8.828868970493307,8.359790858532385,8.641237258911133,341200
2004-06-25,8.626958252396618,8.626958252396618,8.106893539428711,8.106893539428711,379600
2004-06-28,8.219065742290425,8.5453814804684,8.17827617776865,8.298604965209961,566000
2004-06-29,8.27820858649739,8.490313648742251,8.18439315519541,8.44544506072998,303200
2004-06-30,8.445446122533458,8.626958847045898,8.445446122533458,8.626958847045898,276400
2004-07-01,8.667749689103957,8.837026115294075,8.667749689103957,8.786039352416992,309600
2004-07-02,8.78603927512716,8.832947003201884,8.690183912802674,8.704460144042969,275200
2004-07-06,8.66774898704632,8.677946183196546,8.531104847041647,8.596367835998535,144800
2004-07-07,8.612681461192562,8.688141631115553,8.494392609258904,8.52906322479248,124000
2004-07-08,8.529064366871191,8.529064366871191,8.300643920898438,8.300643920898438,164000
2004-07-09,8.314919545831769,8.461761639425788,8.259853760734012,8.455642700195312,147600
2004-07-12,8.435248534285126,8.437287662085263,8.249656784628296,8.268012046813965,93200
2004-07-13,8.259854594989719,8.331235743254126,8.188473446725311,8.27617073059082,108800
2004-07-14,8.27617181581719,8.321039638611254,8.19867171754196,8.231303215026855,108000
2004-07-15,8.23945992589331,8.286367647171888,8.229261952488113,8.259854316711426,115600
2004-07-16,8.259854164433284,8.270051359654348,8.147683461009342,8.200709342956543,102000
2004-07-19,8.190460317147709,8.190460317147709,8.065399348509251,8.12075424194336,100400
2004-07-20,8.122805087004842,8.50823877330844,8.098203169775504,8.483636856079102,229600
2004-07-21,8.508235377778,8.508235377778,8.135103190041889,8.141253471374512,202800
2004-07-22,8.131003836608336,8.133053669968369,7.89318328073185,7.983390808105469,130400
2004-07-23,8.00389538554032,8.038748037386199,7.903436315837082,7.964941501617432,112000
2004-07-26,7.97519082634818,7.989542006351036,7.563104708892859,7.7291693687438965,165600
2004-07-27,7.729171427171724,7.917787432916016,7.729171427171724,7.81527853012085,94000
2004-07-28,7.79067764095361,7.839882264906836,7.651265452180595,7.802978992462158,91200
2004-07-29,7.84193053667272,7.86243200302124,7.745571924256896,7.86243200302124,124800
2004-07-30,7.856282765837748,7.864483666301681,7.770175657209192,7.809128761291504,118000
2004-08-02,7.757875359562008,7.852183381455805,7.661516721233423,7.846033096313477,132800
2004-08-03,7.821428544374162,7.872682988879679,7.770174099868646,7.854231357574463,149600
2004-08-04,7.827578208631489,7.964939733648249,7.790674948938483,7.930087089538574,144000
2004-08-05,7.903431578683543,7.950585552254723,7.698413894245161,7.733267307281494,117200
2004-08-06,7.692268551280114,7.692268551280114,7.5651577243244175,7.575408458709717,117200
2004-08-09,7.647162613203253,7.677915591328917,7.51185091719563,7.554904460906982,105600
2004-08-10,7.544651203257607,7.647160053253173,7.540550755408129,7.647160053253174,99600
2004-08-11,7.595909656286869,7.774274930881867,7.503651485951225,7.679966926574707,143200
2004-08-12,7.649213667749813,7.671764966644426,7.503650449294388,7.505701065063477,78400
2004-08-13,7.548755923643217,7.7599240238878116,7.548755923643217,7.575408458709717,79600
2004-08-16,7.59590490681299,7.704564809302723,7.59590490681299,7.655360221862793,124400
2004-08-17,7.675864549570997,7.696366794543549,7.587706851390718,7.614359378814697,97600
2004-08-18,7.585655501484608,7.739418788676863,7.565154042691182,7.684063911437988,224000
2004-08-19,7.647161167128026,7.880881254028387,7.6164089768983105,7.831677436828613,94800
2004-08-20,7.856280277429755,8.026445388793945,7.739420220116306,8.026445388793945,133200
2004-08-23,8.01619607796463,8.067450530591207,7.827580067697641,7.895235538482666,113200
2004-08-24,7.919836680724058,8.057198211340499,7.893184151619104,8.046947479248047,100000
2004-08-25,8.06745157029326,8.118706029525315,7.995695640200773,8.079752922058105,166800
2004-08-26,8.098197909136054,8.133050537397063,8.00593980185641,8.016190528869629,178000
2004-08-27,8.026442683021738,8.176105499267578,8.026442683021738,8.176105499267578,66000
2004-08-30,8.15970730037403,8.180209547152103,8.048997514014685,8.126904487609863,76000
2004-08-31,8.126905108118295,8.198661804199219,8.051048744449483,8.198661804199219,62400
2004-09-01,8.169956210755016,8.34832219858379,8.169956210755016,8.25196361541748,180800
2004-09-02,8.2622145066126,8.282716749218343,8.184307548871947,8.200709342956543,244000
2004-09-03,8.204807218892906,8.217108560599316,8.096148104434155,8.098197937011719,119200
2004-09-07,8.098200476169586,8.200709342956543,8.098200476169586,8.200709342956543,182800
2004-09-08,8.200711287838704,8.221212753225991,8.128955376902423,8.194561004638672,83600
2004-09-09,8.08179868208499,8.210960073219121,8.08179868208499,8.200709342956543,251600
2004-09-10,8.190457975578878,8.221210163974478,8.15970500510275,8.210959434509277,71600
2004-09-13,8.217111137041138,8.217111137041138,8.180207882431386,8.200709342956543,64400
2004-09-14,8.149456822249165,8.19046053500368,8.118703842163086,8.118703842163086,91200
2004-09-15,8.122798633212396,8.122798633212396,8.07769528447463,8.10639762878418,65200
2004-09-16,8.108452953124177,8.14945666508794,8.07770075571192,8.139205932617188,68000
2004-09-17,8.151507575839359,8.151507575839359,8.036698105667519,8.069500923156738,156800
2004-09-20,8.09410161533727,8.147406674487605,8.067449085762101,8.108452796936035,61600
2004-09-21,8.09820101016322,8.200709883709589,8.057197304328543,8.178157806396484,73200
2004-09-22,8.157656783467365,8.157656783467365,7.977240937335344,8.005943298339844,83200
2004-09-23,8.02644318820567,8.051045092979079,7.946485629051305,7.999790668487549,66400
2004-09-24,8.001841580941496,8.036695000979913,7.964938327762259,7.995691299438477,70400
2004-09-27,8.036698818986935,8.036698818986935,7.893186186453414,7.905487537384033,83200
2004-09-28,7.905486188641113,8.268367767333984,7.905486188641113,8.268367767333984,347200
2004-09-29,8.237611651747104,8.426227569580078,8.237611651747104,8.426227569580078,100000
2004-09-30,8.36472382920146,8.573842022691574,8.22531170020805,8.549240112304688,157000
2004-10-01,8.528733791525998,8.832160596930903,8.454928095647238,8.828060150146484,163800
2004-10-04,8.828068806175601,9.184799423315894,8.77476372779214,9.127394676208496,200800
2004-10-05,9.123286427166027,9.127386874466081,8.922369201945497,9.065881729125977,419000
2004-10-06,9.020785301522597,9.131495127013457,8.905975025226777,9.127394676208496,125200
2004-10-07,9.041288212734775,9.041288212734775,8.77476512463315,8.836270332336426,150800
2004-10-08,8.774759846761881,8.856767262427592,8.721455574035645,8.721455574035645,99000
2004-10-11,8.721453834762382,8.86496639251709,8.696851145720647,8.86496639251709,75800
2004-10-12,8.86086780137064,8.926473421736938,8.725556111605067,8.901870727539062,70400
2004-10-13,8.799362344357943,8.823965039943738,8.684552893280483,8.692753791809082,114200
2004-10-14,8.672248067992959,8.750155008613193,8.413926124572754,8.413926124572754,193800
2004-10-15,8.430330347609141,8.88957048912654,8.430330347609141,8.881369590759277,153800
2004-10-18,8.840157886781583,8.840157886781583,8.580516454945265,8.80306625366211,125200
2004-10-19,8.906097986085419,8.963795730045865,8.650577945839663,8.654699325561523,638800
2004-10-20,8.654699454185858,8.753610210762101,8.543424558260279,8.605243682861328,100000
2004-10-21,8.646456993984653,8.71651888057767,8.49809124701985,8.55578899383545,142800
2004-10-22,8.81130626831971,8.922581142937474,8.411541938781738,8.411541938781738,177000
2004-10-25,8.390938819182193,9.046223377281475,8.390938819182193,8.992646217346191,254000
2004-10-26,8.996769620669491,9.281138647914151,8.992648239280655,9.211076736450195,206600
2004-10-27,9.169859462109516,9.516047477722168,9.169859462109516,9.516047477722168,231200
2004-10-28,9.478956131798615,9.656171524382147,9.355317887986876,9.602594375610352,245400
2004-10-29,9.602593879538354,9.635564128589753,9.388287653740631,9.441864013671875,114200
2004-11-01,9.454227078466998,9.577865301854414,9.380043830005487,9.491318702697754,128600
2004-11-02,9.450109294442662,9.474836791312155,9.31822826304143,9.37592601776123,122000
2004-11-03,9.437739414066607,9.581984499226445,9.437739414066607,9.478952407836914,197600
2004-11-04,9.47895695063646,9.540776077882564,9.388288949747034,9.507805824279785,201000
2004-11-05,9.532529519487744,9.664411267420112,9.445982933044434,9.445982933044434,117200
2004-11-08,9.445983768011539,9.491318147435338,9.371800523889906,9.392407417297363,110200
2004-11-09,9.396529626448924,9.491319780285346,9.375923515569077,9.441864013671875,100800
2004-11-10,9.466591651178206,9.87047819093051,9.396529772595203,9.680898666381836,166400
2004-11-11,9.68089712696587,9.68089712696587,9.627320774720829,9.643805503845215,91600
2004-11-12,9.623200926162689,9.680898666381836,9.520168798015492,9.680898666381836,46600
2004-11-15,9.664414283589005,9.664414283589005,9.532532494497625,9.602594375610352,99400
2004-11-16,9.652047985650471,9.652047985650471,9.392407417297363,9.392407417297363,104200
2004-11-17,9.45834921690619,9.660292083893967,9.454227837652637,9.561381340026855,116400
2004-11-18,9.528412621181772,9.561382874428512,9.38828884836492,9.454229354858398,106800
2004-11-19,9.437744615014957,9.483079011752404,9.371804103072986,9.421259880065918,70400
2004-11-22,9.421258107894902,9.520168857202409,9.355317608356565,9.516047477722168,113800
2004-11-23,9.470713089512275,9.569623838819782,9.363559581244287,9.516047477722168,119800
2004-11-24,9.516048359114057,9.536654472351074,9.458350613192144,9.536654472351074,99800
2004-11-26,9.495438622022588,9.516044727395458,9.462467595709944,9.466588973999023,29400
2004-11-29,9.478955586269151,9.643806830554936,9.454228096144467,9.606715202331543,89600
2004-11-30,9.606713079936808,9.676774941538712,9.57374283836371,9.6355619430542,96400
2004-12-01,9.581991979876127,9.977635142375284,9.577870598674291,9.93230152130127,230000
2004-12-02,9.891080858083807,9.895202236103374,9.672652539481698,9.726229667663574,83400
2004-12-03,9.759200890598052,9.763322269033528,9.631441303388565,9.664411544799805,130200
2004-12-06,9.664415705221536,9.775689826591377,9.602595788149193,9.730356216430664,127800
2004-12-07,9.717986870022983,9.829261717857468,9.685016632080078,9.685016632080078,239800
2004-12-08,9.689136746958479,9.808653549143534,9.68501536949384,9.763319969177246,132800
2004-12-09,9.701502183891838,9.891080856323242,9.68501667181651,9.891080856323242,208600
2004-12-10,9.95289987030582,9.95289987030582,9.643803596159227,9.80865478515625,351800
2004-12-13,9.788048764069876,9.932293850439086,9.775684630013378,9.891080856323242,256600
2004-12-14,9.841625106169735,9.895202234342076,9.812776246110388,9.891080856323242,142000
2004-12-15,9.862233563647942,9.907567942987516,9.8086564269607,9.866354942321777,117600
2004-12-16,9.81689948305073,9.845748348572878,9.54489477088101,9.643805503845215,125400
2004-12-17,9.664410528142941,9.693259388083924,9.445982210475895,9.685016632080078,153200
2004-12-20,9.623199615553961,9.652048481734534,9.44186287461125,9.511924743652344,117200
2004-12-21,9.553141732515254,9.639688367168135,9.396532413515311,9.50368595123291,162800
2004-12-22,9.503682455214285,9.540774081013298,9.441863340906828,9.495440483093262,87200
2004-12-23,9.495441159675863,9.499561752993639,9.33883188712716,9.441864013671875,75400
2004-12-27,9.375927225295461,9.417140249434448,9.075073485405051,9.120407104492188,156600
2004-12-28,9.108040090107949,9.606715202331543,9.108040090107949,9.606715202331543,318800
2004-12-29,9.561381064052144,10.344425019953288,9.561381064052144,10.311454772949219,1097600
2004-12-30,10.303210841725846,10.50515367989496,10.23727035522461,10.23727035522461,472800
2004-12-31,10.237271918886867,10.402123160319682,10.138361174027178,10.315576553344727,365200
2005-01-03,10.303213030644384,10.550490300594404,10.286727512480423,10.426851272583008,566000
2005-01-04,10.447454430213982,10.550486523636067,10.447454430213982,10.509273529052734,513200
2005-01-05,10.509273529052734,10.628791134737149,10.447454430213982,10.509273529052734,695800
2005-01-06,10.50515285189597,10.591700224902699,10.443333748932616,10.496910095214844,435000
2005-01-07,10.501033601826308,10.554610745039694,10.468063354492188,10.468063354492188,326200
2005-01-10,10.426854117315724,10.694738358056886,10.327943339564689,10.612312316894531,476200
2005-01-11,10.591701508226912,10.591701508226912,10.323817386140451,10.488669395446777,187000
2005-01-12,10.447455896161866,10.571094111187824,10.365029895429494,10.566972732543945,380400
2005-01-13,10.599943479834119,10.599943479834119,10.422728906153303,10.488669395446777,364800
2005-01-14,10.521784476400144,10.588011223279548,10.484531832594843,10.513505935668945,423400
2005-01-18,10.513502878391796,10.741157945388181,10.472110976257465,10.66665267944336,298600
2005-01-19,10.699765570844175,10.87775018952412,10.637678115126361,10.786687850952148,348400
2005-01-20,10.761858024587445,10.811528485920567,10.575594781444737,10.645960807800293,190400
2005-01-21,10.679071520212,10.745298259136959,10.612844781287043,10.724602699279785,216400
2005-01-24,10.732880663266833,10.732880663266833,10.554896015896862,10.571453094482422,244600
2005-01-25,10.608705197417166,10.679071204127833,10.571453348673852,10.612844467163086,164600
2005-01-26,10.616986496482802,10.679073979839448,10.579733848571777,10.579733848571777,150400
2005-01-27,10.596287230054292,10.935699424016745,10.588008691302791,10.728740692138672,157200
2005-01-28,10.720465881800498,10.737022965061799,10.616986479872915,10.683213233947754,131400
2005-01-31,10.666654701484918,10.852917112171239,10.666654701484918,10.803247451782227,122000
2005-02-01,10.844641890102606,11.175775668180542,10.77841513448702,11.092991828918457,215000
2005-02-02,11.051595882110238,11.10954407064678,10.836358625424717,10.898446083068848,265000
2005-02-03,10.857058729817917,10.93570329683892,10.749440056390538,10.923285484313965,330400
2005-02-04,10.923284206815294,10.927423477172852,10.823944086689234,10.927423477172852,282800
2005-02-07,10.88602911790899,10.989508485149512,10.861194290827042,10.981230735778809,100800
2005-02-08,10.964674642504164,10.964674642504164,10.815664087664087,10.956396102905273,113600
2005-02-09,10.935698806545355,10.96053363191268,10.823940908165097,10.828080177307129,215200
2005-02-10,10.811528121881897,10.815666603158876,10.7204657440849,10.765996932983398,169200
2005-02-11,10.77013221757063,10.935699039352276,10.712183237833395,10.894307136535645,258400
2005-02-14,10.915003159499207,10.9522550024978,10.823940818101947,10.898446083068848,146800
2005-02-15,10.898447673458621,11.13024125091484,10.886029864323744,11.121963500976562,329600
2005-02-16,11.101265829687186,11.208884460911621,10.968812372637073,11.15921401977539,407200
2005-02-17,11.134381708558067,11.134381708558067,10.977093390160007,11.072294235229492,168600
2005-02-18,11.072297430157024,11.08471524419994,10.977096557617188,10.977096557617188,112400
2005-02-22,10.948122447669002,11.134384921401034,10.84464303243389,10.977096557617188,299600
2005-02-23,10.952256428130786,11.001926874402507,10.563174555189642,10.571453094482422,198800
2005-02-24,10.472116231075429,10.521786696457813,10.368636818556956,10.43072509765625,233200
2005-02-25,10.368635424524667,10.699769973754883,10.347939860597535,10.699769973754883,168800
2005-02-28,10.47211711646642,10.708050860123763,10.47211711646642,10.63768482208252,194200
2005-03-01,10.616985196794944,10.679072672551097,10.513505807372995,10.59628963470459,229600
2005-03-02,10.575594761274234,10.823945488495774,10.513507276840148,10.567317008972168,136600
2005-03-03,10.616982501521614,10.645956596886656,10.410023775217157,10.467972755432129,81800
2005-03-04,10.492808687775566,10.70804597530075,10.484530148374219,10.69562816619873,66800
2005-03-07,10.451420232545857,10.683213885954375,10.451420232545857,10.583873748779297,135600
2005-03-08,10.546619319973416,10.546619319973416,10.281712332182908,10.306547164916992,100000
2005-03-09,10.285851371693006,10.39347003043874,10.227902377300639,10.252737998962402,105800
2005-03-10,10.28584584844086,10.339654754177097,10.037495291577073,10.041634559631348,102000
2005-03-11,10.016801025812722,10.037496579254395,9.934017233076514,10.025078773498535,166600
2005-03-14,9.97541173823469,10.087169650810301,9.934019831041692,9.971272468566895,173400
2005-03-15,10.012660419869588,10.078887129418968,9.934015906222953,9.938155174255371,88200
2005-03-16,9.938160248894963,9.971273620578057,9.805706762162586,9.8429594039917,189000
2005-03-17,9.884352844202407,10.037502717576043,9.842961712006781,9.975415229797363,147800
2005-03-18,10.04991647415044,10.04991647415044,9.822261391544135,9.896766662597656,379200
2005-03-21,9.934018457633126,9.996105915096363,9.81398202231733,9.929879188537598,165000
2005-03-22,9.975411913762539,10.016803821683872,9.727061255719512,9.739479064941406,92400
2005-03-23,9.727063170680252,9.747758733972752,9.623583775247482,9.636001586914062,101600
2005-03-24,9.635998175914468,9.967131808288908,9.635998175914468,9.813982009887695,178600
2005-03-28,9.834680447919883,9.859515278261,9.739479607041414,9.801567077636719,130600
2005-03-29,9.801565093879839,10.03749790808213,9.785008017346764,9.859513282775879,155400
2005-03-30,9.892630944741079,10.232043266296387,9.892630944741079,10.232043266296387,109200
2005-03-31,10.174093693299358,10.174093693299358,9.727062755681485,9.892629623413086,176400
2005-04-01,9.89262564043148,9.934017538070396,9.706363285283528,9.768450736999512,106000
2005-04-04,9.789148900432133,10.211344947815327,9.706365872572777,10.161674499511719,207600
2005-04-05,10.161677239426247,10.306548564098323,10.025084456617764,10.232043266296387,184800
2005-04-06,10.223759820633653,10.223759820633653,9.7684505349908,9.805703163146973,146400
2005-04-07,9.913324311195536,10.26929281969212,9.913324311195536,10.165813446044922,155200
2005-04-08,10.182372234057214,10.223764148361388,9.892629623413086,9.892629623413086,158000
2005-04-11,9.900907426947334,10.14097956465361,9.892628886805902,9.958855628967285,169800
2005-04-12,9.929884887919474,10.28585433959961,9.77259651943599,10.28585433959961,194200
2005-04-13,10.281711350844713,10.285850620819504,9.967133938125782,10.008525848388672,143600
2005-04-14,9.934020886716466,9.934020886716466,9.797428131103516,9.797428131103516,146200
2005-04-15,9.79742515177308,9.884347429146551,9.664971706545995,9.764311790466309,149600
2005-04-18,9.760161637589844,9.872443196477544,9.639563543112933,9.722734451293945,107000
2005-04-19,9.826692856234885,9.889071991873026,9.652033021452144,9.855803489685059,302200
2005-04-20,9.801739625486919,9.830849459658074,9.523115680560363,9.610445976257324,142400
2005-04-21,9.980558381323586,11.311299816106805,9.980558381323586,11.061785697937012,727400
2005-04-22,11.074264064203826,11.215655411942775,10.691675851472034,11.065947532653809,259800
2005-04-25,10.978616174371078,11.269716167140965,10.862176811810059,10.916237831115723,200800
2005-04-26,10.874652429326797,11.040994948899826,10.737419751531089,10.745737075805664,221400
2005-04-27,10.745739042893518,11.203181650345407,10.729104391299268,11.074265480041504,141200
2005-04-28,11.020204716723208,11.136644901163079,10.795641673842859,10.83306884765625,226800
2005-04-29,11.061791461677407,11.061791461677407,10.699995682840187,10.953668594360352,257800
2005-05-02,11.032672810699369,11.253076239674622,10.995245663668987,11.248917579650879,288000
2005-05-03,11.061784851103846,11.519227233865118,11.057626190247971,11.481800079345703,338000
2005-05-04,11.228132611037923,11.552501172014086,11.228132611037923,11.477646827697754,309000
2005-05-05,11.436057008273124,11.610716819763184,11.436057008273124,11.610716819763184,195600
2005-05-06,11.619035841191362,11.619035841191362,11.485961830730957,11.540022850036621,149400
2005-05-09,11.602402003654355,11.930929183959961,11.406949636287347,11.930929183959961,325800
2005-05-10,11.872708387221842,11.876867049375688,11.702207204832646,11.831123352050781,221000
2005-05-11,11.818646234757377,11.914293075593058,11.581608066954333,11.843597412109375,95800
2005-05-12,11.864390248700953,12.014098100038378,11.594082797608312,11.619034767150879,223600
2005-05-13,11.643986135471945,11.643986135471945,11.232288149435504,11.377838134765625,255400
2005-05-16,11.332091206806957,11.560811996459961,11.290505392365473,11.560811996459961,213200
2005-05-17,11.498437324983684,11.747951497731535,11.332094807546348,11.652304649353027,180600
2005-05-18,11.7271557371087,11.901815530408054,11.7271557371087,11.81032657623291,235000
2005-05-19,11.789533287506552,11.851911611033202,11.585763674288343,11.797850608825684,176000
2005-05-20,11.79785411584122,11.79785411584122,11.581608456363396,11.685572624206543,92600
2005-05-23,11.643989447268515,11.76458829012918,11.643989447268515,11.710526466369629,141600
2005-05-24,11.747946058000837,11.747946058000837,11.581603617586161,11.64398193359375,118600
2005-05-25,11.602402707354749,11.66893972126774,11.373681821176813,11.494279861450195,122600
2005-05-26,11.498434243442956,11.806168016526362,11.37367758709523,11.731313705444336,173600
2005-05-27,11.731315474908747,11.752108782891995,11.469326139788608,11.606558799743652,136000
2005-05-31,11.664777397139225,11.664777397139225,11.431897921545369,11.577447891235352,542800
2005-06-01,11.544180656786278,11.627351510570666,11.523387348452474,11.581607818603516,593000
2005-06-02,11.540021796890752,11.556656443272054,11.436057636558402,11.498435974121094,239000
2005-06-03,11.415268276111512,11.54002498571053,11.332096607589621,11.406950950622559,228800
2005-06-06,11.153277751335189,11.431901801646577,11.10337538621948,11.415267944335938,215000
2005-06-07,11.228128457155973,11.548338236853729,11.207335943953174,11.444374084472656,145000
2005-06-08,11.485960782518713,11.498435974121094,11.327934814630728,11.498435974121094,156600
2005-06-09,11.456852109657508,11.677256452781634,11.394473761432561,11.660622596740723,282600
2005-06-10,11.498434898471174,11.589923858642578,11.419421921918648,11.589923858642578,261800
2005-06-13,11.5691339233433,11.768744960302033,11.5691339233433,11.760428428649902,216800
2005-06-14,11.727159093236162,11.885184288024902,11.643987437126068,11.885184288024902,165400
2005-06-15,11.810329444946364,12.01409912109375,11.77706094257911,12.01409912109375,242400
2005-06-16,11.922606356233768,11.930923676925298,11.756263908319948,11.881020545959473,274600
2005-06-17,11.881024440531926,11.935086249564852,11.78953626248555,11.826963424682617,816200
2005-06-20,11.8061713981619,11.89350171716607,11.785378880542849,11.818647384643555,146200
2005-06-21,11.789537741272824,11.89766057971714,11.760427898842376,11.793696403503418,276200
2005-06-22,11.843594521455254,11.897656317904007,11.747947703963996,11.868546485900879,169600
2005-06-23,11.826964180831661,11.926769688676965,11.822805518856814,11.85191535949707,242200
2005-06-24,11.810328577472799,11.843597077396467,11.635668754577637,11.635668754577637,303800
2005-06-27,11.531700488870099,11.835275541774795,11.519225301578574,11.64398193359375,178800
2005-06-28,11.673096860497026,11.85191535949707,11.64398701985677,11.85191535949707,165400
2005-06-29,11.793691663672874,11.876862495307645,11.706361378295455,11.768739700317383,113600
2005-06-30,11.810332557771822,11.851918394987502,11.664782524108887,11.664782524108887,141800
2005-07-01,11.706365140501712,11.706365140501712,11.560815146884574,11.685572624206543,120600
2005-07-05,11.656460295548296,11.893498420715332,11.656460295548296,11.893498420715332,161600
2005-07-06,11.835280928020486,11.885184079447514,11.789537231828035,11.814488410949707,125200
2005-07-07,11.652304343806463,11.893501186061863,11.519230333346059,11.85191535949707,283000
2005-07-08,11.83112315466898,12.097271182605317,11.768744016585671,12.059844017028809,205800
2005-07-11,12.04736803077541,12.163808189589401,11.951721182383748,12.059844017028809,283600
2005-07-12,12.018258189367833,12.059844017028809,11.885184175399665,12.059844017028809,258600
2005-07-13,12.039049649294,12.039049649294,11.365361565651666,11.681412696838379,143600
2005-07-14,11.747945126028325,11.785372271300421,11.377833126318995,11.4568452835083,104800
2005-07-15,11.373679800682302,11.702206149368168,11.373679800682302,11.585766792297363,170600
2005-07-18,11.552363140793885,11.731890414460166,11.48973755136619,11.493912696838379,123800
2005-07-19,11.585764510185408,11.673440183700894,11.48138825333689,11.498088836669922,208800
2005-07-20,11.406238570002884,11.677616710639239,11.377013342041272,11.606640815734863,181200
2005-07-21,11.502270515081928,11.502270515081928,10.750761305464232,11.026314735412598,375600
2005-07-22,11.051358079896573,11.397887229919434,11.022132854620665,11.397887229919434,454200
2005-07-25,11.481386928461692,11.564888242836071,11.314385096040487,11.443811416625977,443600
2005-07-26,11.397891467832205,11.418767205310965,10.997086864175529,11.272640228271484,427000
2005-07-27,11.251765476742554,11.447992634382084,11.155738675377872,11.310215950012207,170200
2005-07-28,11.343619316497543,11.414595251125405,11.230892691560083,11.322744369506836,133400
2005-07-29,11.2809877858647,11.560716229578647,11.16826121981704,11.485565185546875,237200
2005-08-01,11.502264369156324,11.598291140542095,11.356138231601784,11.372838020324707,254400
2005-08-02,11.37701431553994,11.627517542303629,11.280988330784332,11.610816955566406,182200
2005-08-03,11.556541083096018,11.573240872698765,11.418764434480359,11.485565185546875,243800
2005-08-04,11.397893543856089,11.427119581649613,11.1807914088295,11.306042671203613,300000
2005-08-05,11.306038777828803,11.306038777828803,11.105636508509988,11.297688484191895,190200
2005-08-08,11.2976888519634,11.314389439780868,10.976210499755716,11.168262481689453,196400
2005-08-09,11.23088550567627,11.393713014068577,11.180785346423,11.23088550567627,143400
2005-08-10,11.22671247084534,11.42294038774933,10.988734678821865,11.068060874938965,183200
2005-08-11,11.026309340652322,11.314388075135167,11.026309340652322,11.276812553405762,72600
2005-08-12,11.193314291714357,11.193314291714357,10.846785004388455,11.113988876342773,140600
2005-08-15,11.063888717638205,11.301866573963599,10.992912795898349,11.289341926574707,219600
2005-08-16,11.272641762703628,11.272641762703628,10.86348680836127,10.972038269042969,258200
2005-08-17,10.917756410484964,11.051357893103903,10.834255882011952,10.984557151794434,137000
2005-08-18,10.959507572261701,10.959507572261701,10.754930193138806,10.871831893920898,129000
2005-08-19,10.813379656560665,10.888530686168014,10.738228626953315,10.867655754089355,100200
2005-08-22,10.88435660148403,11.088933981841825,10.805030418462781,11.076409339904785,130200
2005-08-23,11.105639823697416,11.222540784199365,10.842611069911891,11.197490692138672,215600
2005-08-24,11.21001057204202,11.36866213811427,11.06388364761925,11.23088550567627,168400
2005-08-25,11.159913822943986,11.372841570847974,11.159913822943986,11.310215950012207,170800
2005-08-26,11.260116243786312,11.314392371931005,10.90941177201221,11.189140319824219,238400
2005-08-29,11.147386553625923,11.381189188019427,11.13486111387478,11.36448860168457,111000
2005-08-30,11.36449059223344,11.61081870952372,11.272639740286932,11.577418327331543,218600
2005-08-31,11.606648584339572,11.878027702944133,11.581598485938384,11.83627700805664,234400
2005-09-01,11.815399882693665,12.040853130961631,11.56489733527794,11.736074447631836,144800
2005-09-02,11.727715171499275,11.869666931063424,11.477212019543273,11.857141494750977,162000
2005-09-06,11.836269972668532,12.283000310876584,11.836269972668532,12.149398803710938,306000
2005-09-07,12.045021850135058,12.170273056985616,11.932295286172906,12.011621475219727,334600
2005-09-08,11.95317042206493,12.103472509865075,11.95317042206493,12.065896987915039,371600
2005-09-09,12.0658963182521,12.128521919250488,12.024145652143934,12.128521919250488,183000
2005-09-12,12.095122495684052,12.145223458214755,12.024146596623432,12.111823081970215,223600
2005-09-13,12.107651580878693,12.111826728707324,11.76947257003979,11.869673728942871,268800
2005-09-14,11.869666931063424,11.911417589110686,11.765290684109054,11.857141494750977,136400
2005-09-15,11.878019494905477,11.911419868469238,11.648391229867864,11.911419868469238,412200
2005-09-16,11.98656587787684,12.191143989562988,11.94899116767641,12.191143989562988,418200
2005-09-19,12.191151732119705,12.199501230618404,11.974048844594627,12.015799522399902,170800
2005-09-20,12.024147426510268,12.157749737037225,11.974047256849518,12.082598686218262,279800
2005-09-21,12.061721588261976,12.17027300535826,11.698492612139557,11.80704402923584,166600
2005-09-22,11.777821267774362,12.274652676974977,11.777821267774362,12.107650756835938,181200
2005-09-23,12.082596903226456,12.178622877845832,11.953169758658369,12.128521919250488,221200
2005-09-26,12.141045287334881,12.299696835894741,12.02831874696658,12.274646759033203,387400
2005-09-27,12.232904872146703,12.36233208745213,12.061727764242786,12.31640625,159000
2005-09-28,12.316400805422196,12.520978214766483,12.161923563580125,12.379026412963867,206000
2005-09-29,12.35814997609805,12.47505088363457,12.045021180063442,12.45417594909668,161600
2005-09-30,12.441651141953452,12.441651141953452,12.241248893440146,12.387375831604004,223000
2005-10-03,12.35397800309624,12.395728679223565,12.212026182060077,12.320577621459961,165000
2005-10-04,12.349802544255224,12.358152838535586,12.232900813313817,12.270476341247559,241600
2005-10-05,12.262122010788765,12.370672608342089,11.857141657400861,11.873842239379883,303200
2005-10-06,11.869673196284467,12.036675120295294,11.61081961682169,11.77782154083252,279400
2005-10-07,11.83209609877994,12.00327314779002,11.777819982950668,11.848795890808105,290000
2005-10-10,11.890545574255803,11.93229624533799,11.552366651512939,11.627517700195312,152200
2005-10-11,11.644217577378544,11.84879499124121,11.439640163515879,11.468865394592285,153800
2005-10-12,11.447990298726399,11.548191430885865,11.109811378147226,11.4187650680542,378200
2005-10-13,11.397883755713167,11.581586139588413,11.264282311559324,11.44798469543457,165400
2005-10-14,11.510614996971492,11.681792017088174,11.377013497985569,11.62334156036377,189800
2005-10-17,11.598180537515116,11.619145836913717,11.42626252316689,11.464000701904297,250800
2005-10-18,11.480776238516867,11.480776238516867,11.275313203397673,11.32143783569336,167400
2005-10-19,11.258541822401522,11.644309389940046,11.237575715604475,11.489163398742676,235400
2005-10-20,11.321434723415729,11.321434723415729,7.790824307307679,9.82448959350586,3128800
2005-10-21,9.82449178584251,10.017375147687725,9.732242526025143,9.962864875793457,483800
2005-10-24,10.004797231214853,10.004797231214853,9.644188199144857,9.782561302185059,353400
2005-10-25,9.80352703502389,9.80352703502389,9.47646375895011,9.68612003326416,364400
2005-10-26,9.677735059833257,9.832881078284448,9.644190082840478,9.719666481018066,437400
2005-10-27,9.698695554480596,9.916738196548433,9.60225389348807,9.778365135192871,502000
2005-10-28,9.832876100755781,10.021566200907053,9.71966156080006,10.004794120788574,339000
2005-10-31,10.038340755828001,10.101237466373556,9.93351263832705,10.055112838745117,273200
2005-11-01,9.979638255371878,9.983831476796704,9.816106618679779,9.862231254577637,213200
2005-11-02,9.87480946253767,10.247998146783013,9.858037377728696,10.126397132873535,245200
2005-11-03,10.105433562312056,10.344441610254377,9.96706043983096,9.992218971252441,269800
2005-11-04,9.99221774839585,10.063500911845765,9.83707175743714,9.97125244140625,146000
2005-11-07,9.971248007318687,10.54570548104182,9.971248007318687,10.461843490600586,186400
2005-11-08,10.419916593488708,10.646344945175356,10.298315575161014,10.566676139831543,282000
2005-11-09,10.524743749777588,10.67150328249906,10.315087502968375,10.386370658874512,212800
2005-11-10,10.44088363647461,10.524746476837988,10.264772311531772,10.44088363647461,180000
2005-11-11,10.428302617444498,10.591834242640774,10.398950069534132,10.545709609985352,207400
2005-11-14,10.587644567078787,10.650541305541992,10.491202848116844,10.650541305541992,174000
2005-11-15,10.650538707514075,10.734401538191639,10.524745261272955,10.608607292175293,157800
2005-11-16,10.650538707514075,10.650538707514075,10.528938482784357,10.608607292175293,199800
2005-11-17,10.650534163683677,10.98179132378328,10.453457635377825,10.973404884338379,377400
2005-11-18,11.078236824061857,11.078236824061857,10.797297403324164,10.856000900268555,222000
2005-11-21,10.839232970049984,10.860198284201875,10.35702354657726,10.809881210327148,355000
2005-11-22,10.767945963503049,10.856001211443639,10.252191740429117,10.566676139831543,747200
2005-11-23,10.566676231792698,10.587641538691912,10.503778711544673,10.516358375549316,410000
2005-11-25,10.524745246363292,10.633766606179591,10.44088241580453,10.600221633911133,64400
2005-11-28,10.575063541235759,10.575063541235759,10.084467764593231,10.44088363647461,608400
2005-11-29,10.503777906162947,10.533130453256497,10.344439506530762,10.344439506530762,173600
2005-11-30,10.344441416385477,10.541518041748315,10.344441416385477,10.470234870910645,231000
2005-12-01,10.52474594116211,10.604415555474857,10.277351454434582,10.52474594116211,236800
2005-12-02,10.503774157328303,10.79309990578799,10.440877464126157,10.763748168945312,121800
2005-12-05,10.759562164672907,10.763755387001625,10.554099069218013,10.679892539978027,166600
2005-12-06,10.74278547277541,10.784716078548174,10.440879992651253,10.44926643371582,98800
2005-12-07,10.398949421570984,10.482812239396196,10.235417806564437,10.319280624389648,168600
2005-12-08,10.294117735241937,10.415718699011412,10.168324351830256,10.277345657348633,163600
2005-12-09,10.252191043562142,10.344439506530762,10.097045065168189,10.344439506530762,381600
2005-12-12,10.336053493474681,10.34863315703686,10.185101529604362,10.310894966125488,234600
2005-12-13,10.285738075447625,10.361213669504915,10.151557375425654,10.289931297302246,180600
2005-12-14,10.289928520900592,10.336052349305819,10.164134298529328,10.23961067199707,407000
2005-12-15,10.231226752656847,10.231226752656847,10.084467190266786,10.222840309143066,232200
2005-12-16,10.239609297221138,10.31508566055538,10.172519374207361,10.273154258728027,453400
2005-12-19,10.25219033416672,10.348632011475468,10.18929282309355,10.23961067199707,205400
2005-12-20,10.235417451273854,10.40314228132713,10.210258926709633,10.23961067199707,202000
2005-12-21,10.281543579222312,10.558289789122936,10.23961216564869,10.516358375549316,227400
2005-12-22,10.520550386322407,10.675695558985057,10.407335822633382,10.55828857421875,187400
2005-12-23,10.587639637880445,10.654729567643425,10.524742928699531,10.579253196716309,61400
2005-12-27,10.608606309407447,10.654730941984702,10.2521913114837,10.365405082702637,210600
2005-12-28,10.37798035668262,10.457649924771879,10.315083665991022,10.445070266723633,70800
2005-12-29,10.445076675341074,10.6044159092828,10.445076675341074,10.487008094787598,120400
2005-12-30,10.482815993289304,10.59603059796292,10.46185068121288,10.49539566040039,250400
2006-01-03,10.54570870585261,10.88535159051615,10.411528840295412,10.84342098236084,309000
2006-01-04,10.784718596777996,10.814071147357803,10.528938482784357,10.608607292175293,216800
2006-01-05,10.58764069044069,10.755365531522349,10.58764069044069,10.646344184875488,154600
2006-01-06,10.671502538095512,10.696661062020622,10.566674422003317,10.637957572937012,127800
2006-01-09,10.637958031345725,10.780523539581463,10.612798706561398,10.730206489562988,259200
2006-01-10,10.692469090438205,10.872773599142953,10.675696206012114,10.839228630065918,183000
2006-01-11,10.839231473588212,11.698822031548396,10.713437206717584,11.573028564453125,1141200
2006-01-12,11.531095499573416,12.411652043132253,11.4640055533761,12.134905815124512,1367000
2006-01-13,12.063322227198386,12.134902182740717,11.78963444533834,11.882266998291016,529800
2006-01-17,11.789634720321281,12.421222294624208,11.755950081815998,12.358063697814941,679400
2006-01-18,12.370692227972764,12.623327363025457,12.320165682825198,12.585432052612305,702200
2006-01-19,12.58543589642308,12.821229189476938,12.555961935567648,12.817018508911133,818000
2006-01-20,12.863335381941939,12.863335381941939,12.652806156030579,12.745439529418945,314000
2006-01-23,12.783335516201738,12.817020161967402,12.614911484268115,12.71596622467041,353400
2006-01-24,12.745438073845717,13.094916516822712,12.724384671795795,12.913861274719238,306200
2006-01-25,12.867541348574434,12.91385801829966,12.661222879142466,12.779119491577148,205800
2006-01-26,12.758076918747975,12.960185683405143,12.758076918747975,12.842288970947266,277400
2006-01-27,12.842278553709106,13.082281663757033,12.842278553709106,13.019123077392578,517400
2006-01-30,12.926494005022308,13.040179169731422,12.56438350151232,12.75806999206543,595200
2006-01-31,12.67386316563662,12.863339040991166,12.353858554851609,12.854918479919434,673800
2006-02-01,12.82965162623358,13.090708237805302,12.800177661062083,13.010706901550293,299400
2006-02-02,12.964385814984492,13.031755080671756,12.63174936293676,12.753856658935547,205200
2006-02-03,12.711755543561539,12.833862083297584,12.631754208703597,12.71596622467041,90000
2006-02-06,12.749650917066207,12.749650917066207,12.35806640666738,12.589648246765137,159600
2006-02-07,12.568595096280083,12.627543023239236,12.303327818753353,12.40438175201416,189400
2006-02-08,12.467539179378853,12.467539179378853,12.219114665140328,12.299115180969238,201400
2006-02-09,12.358062264483813,12.526485437475928,12.168585692927037,12.1896390914917,213600
2006-02-10,12.1896418013525,12.345432969839516,11.979112587533669,12.244379043579102,155000
2006-02-13,12.265430063333397,12.433854055171413,12.147534232772921,12.257009506225586,293200
2006-02-14,12.210693164941262,12.488591634791515,12.20227180449607,12.408590316772461,272800
2006-02-15,12.349642551319498,12.922282218933105,12.299115191133827,12.922282218933105,251600
2006-02-16,12.926496535643077,13.427555582655975,12.863337116866917,13.33071231842041,294800
2006-02-17,13.34755052791697,13.34755052791697,13.086493987543205,13.238075256347656,306000
2006-02-21,13.238079079339812,13.368606985668977,12.7454406165626,13.360185623168945,455400
2006-02-22,13.368609886362735,13.718089277995393,13.364399204199094,13.570717811584473,208000
2006-02-23,13.524394715874514,14.080191648978245,13.330708246564784,13.798083305358887,466800
2006-02-24,13.739135032158666,13.840188141255291,13.600184999388047,13.802292823791504,391000
2006-02-27,13.78545103865921,13.831766107784542,13.67597496855536,13.692817687988281,227000
2006-02-28,13.68439871264308,13.734925273535463,13.532817423755521,13.595976829528809,215600
2006-03-01,13.583341870070006,13.814925251046857,13.579131993238683,13.810713768005371,164800
2006-03-02,13.76439714818387,13.886504457524467,13.562289329039173,13.777029991149902,184800
2006-03-03,13.768606185913086,13.894923349668092,13.595972353998937,13.768606185913086,187600
2006-03-06,13.368605783552368,13.768611632176354,13.368605783552368,13.490713119506836,192200
2006-03-07,13.448606313752743,13.457026871889266,13.23807710134067,13.381237030029297,174200
2006-03-08,13.339132715976021,13.3475540782841,13.115971433443843,13.20860481262207,144200
2006-03-09,13.225446321225268,13.389658865579387,13.078075697856177,13.162287712097168,176600
2006-03-10,13.1496475285296,13.15806888536138,12.972803050586153,13.137016296386719,190200
2006-03-13,13.158077154852661,13.263341772091483,12.998075290015983,13.12439250946045,195000
2006-03-14,13.052809923382931,13.137021921550037,12.897017967705327,13.048599243164062,300600
2006-03-15,13.048601441320924,13.132813453674316,12.939126146503622,13.132813453674316,158600
2006-03-16,13.132811877179916,13.288603037295296,13.0443891945128,13.284392356872559,164400
2006-03-17,13.318079904987025,13.402291925618057,13.250710609724338,13.389659881591797,1182400
2006-03-20,13.431764929535063,13.511766263091994,13.305447710744364,13.44439697265625,425600
2006-03-21,13.473868613690746,13.722293130504081,13.444394654595122,13.591764450073242,430600
2006-03-22,13.600189478353563,13.78966612807305,13.537031665920892,13.739139556884766,199800
2006-03-23,13.764399288966546,13.920192062166858,13.545448715953777,13.894927978515625,258600
2006-03-24,13.915976020645642,14.033873432860155,13.852818241518834,14.017030715942383,261400
2006-03-27,13.91598229124133,14.025458394327314,13.873877086184022,14.021246910095215,202400
2006-03-28,13.991767021611567,14.07597900228393,13.844397260092386,13.899133682250977,185200
2006-03-29,13.848620603502939,14.358101253013734,13.768620027482635,14.353891372680664,250800
2006-03-30,14.3412476834418,14.42124819005611,14.210719019398356,14.38756275177002,238600
2006-03-31,14.446517200789572,14.61915111541748,14.358093698205987,14.61915111541748,302400
2006-04-03,14.56020014730574,14.623357943164532,14.349670948689129,14.442302703857422,454400
2006-04-04,14.37914404216495,14.711778935229894,14.299141923533329,14.657042503356934,404000
2006-04-05,14.65282871846048,14.838095400959833,14.551775624560804,14.749671936035156,293000
2006-04-06,14.745466351779386,14.762309074401854,14.652832983566247,14.762309074401855,295400
2006-04-07,14.753883418570124,14.81704120070493,14.631776124415545,14.749671936035156,405200
2006-04-10,14.737048886222823,14.737048886222823,14.387569527368326,14.459150314331055,310200
2006-04-11,14.47599261704388,14.47599261704388,14.059143968320669,14.252830505371094,391200
2006-04-12,14.210727024400754,14.261253604081762,14.105462379775563,14.240200996398926,214600
2006-04-13,14.198092336150077,14.358093400687384,13.962299011164223,14.235987663269043,341000
2006-04-17,14.21063752969559,14.274020314000857,14.08809522333372,14.143028259277344,435600
2006-04-18,14.143023317553933,14.413460304733343,14.143023317553933,14.366978645324707,260400
2006-04-19,14.3627567418214,14.409236798907228,14.240214452944038,14.38810920715332,437600
2006-04-20,14.366978645324707,14.47261819418739,14.261339096462025,14.366978645324707,712800
2006-04-21,14.430362555184534,14.430362555184534,14.028931960034203,14.092314720153809,881600
2006-04-24,14.062732216155155,14.240207445808524,13.944416471006997,14.210628509521484,562400
2006-04-25,14.210632333393027,14.290917808928466,14.113444143450685,14.223308563232422,541000
2006-04-26,14.219086024245394,14.383883486930488,14.193731948473907,14.282468795776367,272000
2006-04-27,14.557129064931903,14.85714497435884,14.430361938181372,14.806438446044922,579600
2006-04-28,14.912074166452125,15.174059709538886,14.69656865545137,15.051517486572266,563600
2006-05-01,15.507885351967161,15.638877354640803,15.182515363636817,15.2120943069458,1082400
2006-05-02,15.321962869414326,15.402249976063082,15.106458850999774,15.364219665527344,622600
2006-05-03,15.381120047718749,15.465630403244516,15.25012641756308,15.419150352478027,347400
2006-05-04,15.423365592956545,15.46139587396435,15.33885367828023,15.423365592956543,208200
2006-05-05,15.444501295829628,16.044534755042697,15.423373709025492,15.824804306030273,592800
2006-05-08,15.845928964530646,15.850153836338105,15.545913096332367,15.609295845031738,274400
2006-05-09,15.524781056932833,15.82902170960411,15.490975644452252,15.74028491973877,404800
2006-05-10,15.740294364198439,15.97270107269287,15.664233752410187,15.972701072692871,469800
2006-05-11,15.976927080992963,16.00227954287801,15.296608080261276,15.419150352478027,300800
2006-05-12,15.21209441174393,15.52478817279076,15.21209441174393,15.220545768737793,230200
2006-05-15,15.12758234952091,15.25434947969249,14.878272961679816,15.2120943069458,285200
2006-05-16,15.254350870403158,15.457180231487078,15.212095693804145,15.27125358581543,161400
2006-05-17,15.186739921569824,15.423373075071737,15.131808520523249,15.186739921569824,254600
2006-05-18,15.203642475172995,15.326184729015296,14.882498981306119,14.937430381774902,241000
2006-05-19,14.86137753758966,15.16984657529002,14.810670983034827,15.068431854248047,210800
2006-05-22,14.802212938513307,15.136034296799147,14.7134761051254,14.933206558227539,220000
2006-05-23,15.038849213073858,15.157165015367674,14.713479144833954,14.721930503845215,240800
2006-05-24,14.679671307393296,14.79376059302425,14.164149832170073,14.705023765563965,374600
2006-05-25,14.810663318432969,14.983912101109373,14.624738306660953,14.806438446044922,247000
2006-05-26,14.878270714036825,14.975458886217316,14.620510008199698,14.700797080993652,203600
2006-05-30,14.62896010097026,14.650087682327984,14.181049573234446,14.210628509521484,248200
2006-05-31,14.240214446656035,14.400787045392299,13.957099559096516,14.375432968139648,400200
2006-06-01,14.375427732562683,14.907850265502928,14.350073664544066,14.90785026550293,207600
2006-06-02,14.979687662649255,15.043070421894841,14.709250687899107,14.852920532226562,156200
2006-06-05,14.819115785502458,14.819115785502458,14.223308794394198,14.366978645324707,305000
2006-06-06,14.400783671475736,14.514872962553207,14.15569915124935,14.447263717651367,278400
2006-06-07,14.468388411375013,14.85714104553232,14.324718609201433,14.358522415161133,257200
2006-06-08,14.316275353936813,14.747285004294499,14.024709101438757,14.641645431518555,402400
2006-06-09,14.645868499358027,14.7726356486725,14.354303894741562,14.536004066467285,283600
2006-06-12,14.523328363901895,14.53600620905427,14.15992796688574,14.324727058410645,253800
2006-06-13,14.30781901553414,14.941656231613221,14.244434649153673,14.603610038757324,447800
2006-06-14,14.612067688191472,15.706492205180329,14.612067688191472,15.65156078338623,699400
2006-06-15,15.65578018611867,15.698036971114307,14.751505942321895,15.233222007751465,880800
2006-06-16,15.127585733533216,15.148713324632762,14.595163022938028,14.671223640441895,1115000
2006-06-19,14.671223647337115,14.705027470725902,14.366981177178662,14.430365562438965,339200
2006-06-20,14.41346106013891,14.645867757430864,14.366979398294184,14.464167594909668,364400
2006-06-21,14.44727045737838,14.789543326077517,14.28247294679697,14.569812774658203,395600
2006-06-22,14.493747264533038,14.578259234656528,14.159925869107715,14.295145988464355,640800
2006-06-23,14.328951880246256,14.328951880246256,13.83878431700666,13.986679077148438,620200
2006-06-26,14.062736455413903,14.620513153443335,14.054285097936898,14.61206340789795,564000
2006-06-27,14.578258306154813,14.666995143763463,14.472618753211663,14.561355590820312,474600
2006-06-28,14.683898313311504,14.861371994018555,14.578258757100631,14.861371994018555,532600
2006-06-29,14.988137268050753,15.423371622680985,14.93742913226234,15.359987258911133,424800
2006-06-30,15.465624641750447,15.545911706294532,15.212090445760218,15.330406188964844,308800
2006-07-03,15.233226765079118,15.275483563271528,14.996595142929747,15.207874298095703,352600
2006-07-05,15.144487184220093,15.292381921476135,15.085329289317675,15.254351615905762,329200
2006-07-06,15.195195184899935,15.317737471535878,15.064203151262525,15.169842720031738,276400
2006-07-07,15.106452204553158,15.212091730459123,14.751503333031861,14.802209854125977,207000
2006-07-10,14.80221159664374,14.852919735638466,14.506422178831672,14.552902221679688,292800
2006-07-11,14.514877935071759,14.662774317163933,14.269794942816192,14.578262329101562,287600
2006-07-12,14.52332115133784,14.52332115133784,14.261335585987835,14.278238296508789,372200
2006-07-13,14.202177827665135,14.202177827665135,13.67398020903392,13.733138084411621,393000
2006-07-14,13.720465870493292,13.771172405372347,13.281004936390325,13.534539222717285,544200
2006-07-17,13.543020765550002,13.687230884020986,13.403052216327765,13.627850532531738,217800
2006-07-18,13.632089480479152,13.996856297411796,13.632089480479152,13.945959091186523,338400
2006-07-19,13.971415578672541,15.010577092156545,13.971415578672541,14.870609283447266,959000
2006-07-20,15.587408107929893,15.905518477479482,15.375334528230166,15.532268524169922,1124400
2006-07-21,15.421988253263601,16.020035577765082,15.082670909218916,15.905515670776367,1132800
2006-07-24,15.905525426196444,16.957410646889656,15.905525426196444,16.647783279418945,1102200
2006-07-25,16.626577281653127,16.838650967342595,16.138807157369822,16.249086380004883,634400
2006-07-26,16.121832602006382,16.329665419259324,15.960657848537474,16.185455322265625,641800
2006-07-27,16.19394659942867,16.32967362741181,15.710418859989511,15.76979923248291,649800
2006-07-28,15.799485170165164,16.25332260131836,15.799485170165164,16.25332260131836,428800
2006-07-31,16.104862285120614,16.647769933342097,16.032756452970464,16.4569034576416,370400
2006-08-01,16.473882745489462,16.473882745489462,15.880075822466091,16.32543182373047,376800
2006-08-02,16.431475207349095,16.431475207349095,15.863117480680991,15.969154357910156,258000
2006-08-03,15.863099003734416,16.75380708778686,15.672232523439618,16.372074127197266,761000
2006-08-04,16.58415809819424,16.61809065743038,15.54499855048648,15.914006233215332,664600
2006-08-07,15.799479281547276,15.850376479886098,15.447436416221239,15.807962417602539,417000
2006-08-08,15.676481283929434,15.676481283929434,15.07419299198959,15.235367774963379,332600
2006-08-09,15.396536022087316,15.752819572492303,15.324431807573086,15.430468559265137,501800
2006-08-10,15.30747471034874,15.884315244042188,15.265060631456796,15.735862731933594,378400
2006-08-11,15.790996145492011,15.884309024107155,15.544991671860398,15.807962417602539,322000
2006-08-14,15.909766288240142,16.117599200372716,15.379582104017356,15.523792266845703,356600
2006-08-15,15.84190349876328,16.15577326203292,15.735866657090183,16.02004623413086,408400
2006-08-16,16.160008869677256,16.355117825802605,15.947935253970241,16.287254333496094,239800
2006-08-17,16.223628630822574,16.46115161939837,16.096384808297074,16.185455322265625,276200
2006-08-18,16.266050716280006,16.304224043651985,15.867352777723378,16.223636627197266,122800
2006-08-21,16.21515081702354,16.59688402791607,16.210910056010743,16.295738220214844,446600
2006-08-22,16.223631601586675,16.32966840944018,16.138801831705212,16.287254333496094,274800
2006-08-23,16.308464880566415,16.380569148784726,16.134564542988194,16.274532318115234,259400
2006-08-24,16.308461724937754,16.57567493955829,16.164251598411642,16.406015396118164,296400
2006-08-25,16.427222524040232,16.58415655088162,16.168492446981553,16.202425003051758,389200
2006-08-28,16.215155957889134,16.520542623423182,16.049738720056204,16.435712814331055,320600
2006-08-29,16.4993255371009,16.741089294223027,16.333906781918298,16.656259536743164,493600
2006-08-30,16.741091237324238,17.093132587435708,16.53325838827553,16.588397979736328,680800
2006-08-31,16.635056179744552,17.004063845674484,16.541743264086683,16.927717208862305,828200
2006-09-01,17.050717474621486,17.602108501677826,17.050717474621486,17.394275665283203,563600
2006-09-05,17.7081475215988,17.97960150017671,17.48334999896272,17.55545425415039,877600
2006-09-06,17.39003220644913,17.538483053697274,17.06343872451033,17.292478561401367,434400
2006-09-07,17.148270869839138,17.292480977886488,16.81319420437719,16.855609893798828,608800
2006-09-08,16.90227236255858,17.13131233494908,16.78775399435717,16.948928833007812,600000
2006-09-11,16.902273176576855,17.436699804559492,16.753822234356075,17.334903717041016,353400
2006-09-12,17.33489813283743,17.77601167332885,17.33489813283743,17.767528533935547,647600
2006-09-13,17.81418416561657,18.09412128064224,17.70814735510695,17.80146026611328,364600
2006-09-14,17.809946413803907,18.072917295254143,17.809946413803907,17.941431045532227,505800
2006-09-15,17.941427335792348,18.05594728096893,17.525763248481017,17.750560760498047,829200
2006-09-18,17.920230120673345,17.94567955065989,17.436702276888088,17.546979904174805,474400
2006-09-19,17.49607718475533,17.49607718475533,15.990354502150872,16.639299392700195,2014000
2006-09-20,16.775020554850787,17.008301178992934,16.52901603313511,16.83016014099121,619200
2006-09-21,16.92347432622523,16.991337815105613,16.465394562787736,16.56294822692871,597800
2006-09-22,16.5417451414544,16.550228281840013,15.994594721533982,16.27877426147461,462000
2006-09-25,16.223631138271365,16.52053451538086,15.969143453887932,16.52053451538086,515600
2006-09-26,16.49933258215944,16.991343444034957,16.486607061408304,16.902271270751953,673200
2006-09-27,16.90227236255858,17.063448819203064,16.753821427487242,16.948928833007812,793400
2006-09-28,17.06344108809151,17.177961022400016,16.745330698787804,16.923473358154297,948200
2006-09-29,16.881057018770708,16.953162878926157,16.64353563941875,16.656259536743164,621600
2006-10-02,16.605363208320796,16.791987390259468,16.29573433443268,16.338150024414062,674400
2006-10-03,16.25331612839229,16.592633471971862,16.117589190960462,16.24483299255371,651600
2006-10-04,16.16000023077332,16.609596638201996,16.13879320413825,16.4569034576416,678000
2006-10-05,16.499332176239864,16.92347951631807,16.499332176239864,16.91923713684082,943400
2006-10-06,16.914997005102368,17.131311444678413,16.753820556833816,17.050724029541016,548800
2006-10-09,17.07192611694336,17.34338008700465,16.991338725204315,17.07192611694336,595400
2006-10-10,17.127065242586962,17.47486583448059,17.033752336178782,17.305206298828125,366800
2006-10-11,17.30521150898547,17.377317399644642,16.851373975168467,16.95741081237793,215600
2006-10-12,17.050721445252496,17.60211260071225,17.050721445252496,17.54273223876953,286000
2006-10-13,17.602115611540015,17.809948531882696,17.51728581511456,17.589391708374023,221400
2006-10-16,17.610659518712527,18.09145353562029,17.610659518712527,17.93828010559082,382400
2006-10-17,17.831908433536064,18.070178375018696,17.640441661191204,17.976572036743164,411600
2006-10-18,18.061662304394773,18.2446191987007,17.785099104235403,17.827648162841797,309800
2006-10-19,17.83616198145432,18.044648376732667,17.79361453249848,17.925514221191406,366000
2006-10-20,18.01912517954811,18.08294799818615,17.789366603230892,17.810640335083008,293000
2006-10-23,17.95529864306846,18.453110637273575,17.76808596306143,17.806379318237305,801000
2006-10-24,17.76383424703249,17.87445860842704,17.67448361401211,17.844675064086914,317800
2006-10-25,17.78510712180289,18.253137238978525,17.78510712180289,18.240371704101562,442000
2006-10-26,18.34673783801872,18.499911237444824,18.10421382995438,18.270151138305664,706400
2006-10-27,18.2659001559016,18.29568369719006,17.959553304841716,18.040395736694336,325000
2006-10-30,18.031876980608992,18.25312719410437,17.840410293634097,18.202068328857422,228000
2006-10-31,18.244630299078366,18.26590402978459,17.69575928221709,17.887226104736328,278200
2006-11-01,17.827651393655223,18.06166557761738,17.342601776123047,17.342601776123047,368800
2006-11-02,17.76384204666373,19.12112663909325,17.76384204666373,18.99348258972168,1093400
2006-11-03,19.06155048973604,19.78486859078979,18.810516608284484,19.074316024780273,478000
2006-11-06,19.614678314093474,19.87422204813857,19.25727412055429,19.67850112915039,734200
2006-11-07,19.848689416955526,20.486910920740833,19.74657326219414,20.01888084411621,695800
2006-11-08,19.997604159398595,21.146403020831304,19.912507646870065,20.959190368652344,880400
2006-11-09,21.06132432164712,21.0868537839224,20.516708777766638,20.678390502929688,1307200
2006-11-10,20.614557165160225,20.916648320652396,20.49967708706854,20.865591049194336,585000
2006-11-13,20.865597171641692,21.061318122227796,20.584779661601928,20.695404052734375,688400
2006-11-14,20.648592871696597,21.261286564150005,20.384795100268736,21.24001121520996,855600
2006-11-15,21.210225648918954,21.890996172959028,21.01876051139249,21.47827911376953,729000
2006-11-16,21.57189048353726,21.75059175311194,21.299582859567387,21.635711669921875,513400
2006-11-17,21.631449331657887,21.78036699956475,21.26979121069502,21.32084846496582,446000
2006-11-20,21.401690976450347,21.69527386408372,21.359143531644833,21.656980514526367,456400
2006-11-21,21.58890551911266,21.65272669190852,20.90813498105565,21.09960174560547,683000
2006-11-22,21.184706274030738,21.23150945895567,20.742205500480864,20.763479232788086,419200
2006-11-24,20.55073571407312,21.25703423764312,20.542225897755227,21.24427032470703,179400
2006-11-27,21.137907750966775,21.137907750966775,20.32949276034649,20.44011878967285,337400
2006-11-28,20.46563761068129,20.59753731891103,20.252897088228966,20.337993621826172,435600
2006-11-29,20.520949439254764,20.844315924001528,20.312464647979745,20.610300064086914,397400
2006-11-30,20.610309100748754,20.971969100863426,20.42309795381497,20.89112663269043,507800
2006-12-01,20.89111733931977,21.03152685437072,20.25715153128107,20.58477210998535,478800
2006-12-04,20.635834835241134,21.23576316449704,20.593287371411463,20.933671951293945,641400
2006-12-05,20.95494565950187,21.393190704162162,20.81453610747574,21.210233688354492,381800
2006-12-06,21.12512637795701,21.520823726891365,21.069813408998243,21.133634567260742,295200
2006-12-07,21.188951404369078,21.240008664915987,20.814527706502627,20.912389755249023,153400
2006-12-08,20.806024817815103,21.486793875530005,20.308211125607393,21.316600799560547,434200
2006-12-11,21.316601031523025,21.333620663921465,21.023019676516558,21.2740535736084,621400
2006-12-12,21.350633024220464,21.39318046764328,20.89536856265641,21.005992889404297,518800
2006-12-13,21.112370082246077,21.43573660197175,20.95494254197728,21.316600799560547,585800
2006-12-14,21.380423141519405,21.797394383141455,21.359149413258557,21.584653854370117,534000
2006-12-15,21.63570923464135,21.92078236226595,21.614435508241016,21.737825393676758,508000
2006-12-18,21.831434361546272,22.01864544868469,21.05280322167309,21.2740535736084,634000
2006-12-19,21.18895418173901,21.80590197692183,21.10385765428599,21.61443519592285,414000
2006-12-20,21.682511515848738,22.01864189764209,21.376166297489814,21.41020393371582,526600
2006-12-21,21.516572755881572,21.784626224344848,21.325105992693516,21.448495864868164,578000
2006-12-22,21.55487037477172,21.84419762461414,21.1634285797387,21.5974178314209,261800
2006-12-26,21.59741289892509,21.98460050909845,21.571885079998292,21.899505615234375,232600
2006-12-27,21.963330228413398,22.42710461422652,21.912272959475445,22.180326461791992,531000
2006-12-28,22.21011167744829,22.45263575202925,21.984605611741397,22.0697021484375,320400
2006-12-29,22.1037406714328,22.163307758198954,21.784629886830057,21.797393798828125,234400
2007-01-03,21.793138740478703,22.23138367926772,21.444244427894592,21.720806121826172,519600
2007-01-04,22.103740941148626,22.231384931930993,21.733572880955343,22.184581756591797,334400
2007-01-05,21.801651849716663,22.125016765206098,21.41871821800932,21.516578674316406,348000
2007-01-08,21.567635582096166,22.01439201914347,21.4442473011726,21.83994483947754,275200
2007-01-09,20.635833226271796,20.678380686784053,19.359389933925087,20.125255584716797,1528200
2007-01-10,19.93379158315214,20.040161872545866,19.287061651950257,19.882734298706055,662800
2007-01-11,19.997616598704546,20.644348223900575,19.997616598704546,20.17206382751465,769600
2007-01-12,20.159296187234258,20.69540169138334,20.159296187234258,20.503934860229492,381800
2007-01-16,20.610311085020474,20.98048093969076,20.329493526042896,20.44862937927246,428400
2007-01-17,20.406080280589702,20.67838801983073,20.3422590671888,20.44862937927246,389200
2007-01-18,20.350761670060187,20.452876224522242,20.006121396817207,20.125255584716797,502200
2007-01-19,20.125256280813975,20.33799683689675,19.989102454767533,20.2741756439209,464000
2007-01-22,20.338169949668416,20.338169949668416,19.838995992990725,20.124847412109375,448800
2007-01-23,19.945660656722133,20.36377270620211,19.83899936978779,20.15898323059082,336400
2007-01-24,20.201644750393765,20.478964715254932,20.137648962171728,20.265642166137695,516400
2007-01-25,20.205916521957697,20.410706018495105,19.847534496136674,19.92859649658203,431800
2007-01-26,19.92859168153674,20.043786050666775,19.664072182528066,19.88166046142578,538000
2007-01-29,19.860327403657944,20.22724241910073,19.834729741431918,20.222976684570312,426600
2007-01-30,20.24430439225164,20.410695672122845,20.129110053682012,20.329633712768555,327400
2007-01-31,20.308305689390856,20.901343733256184,20.094983143798423,20.70508575439453,747600
2007-02-01,20.72215090196417,20.918407243390984,20.679487046009395,20.773347854614258,270800
2007-02-02,20.798945925679604,21.127462805346784,20.798945925679604,21.020801544189453,220400
2007-02-05,20.990928765282124,21.054924521817576,20.798938240633596,20.926931381225586,194600
2007-02-06,21.00800047914651,21.01226621302954,20.722147483338272,20.824542999267578,159000
2007-02-07,20.86293895473936,20.92693472148953,20.60695100517464,20.794675827026367,222000
2007-02-08,20.73494416619633,20.931202082452348,20.700813416100505,20.794675827026367,212400
2007-02-09,20.77761197699129,20.854408207752925,20.329635049229452,20.57282257080078,204200
2007-02-12,20.60695554139501,20.820278065897075,20.577090518166457,20.769081115722656,175400
2007-02-13,20.77334202998745,20.86720443979606,20.466158772696108,20.606950759887695,182200
2007-02-14,20.58562026986295,20.74774581784974,20.397897064708708,20.43202781677246,287600
2007-02-15,20.32536342663262,20.410692734870004,20.043777848714075,20.167505264282227,940400
2007-02-16,20.16324620004904,20.325371789655716,19.762200402097637,19.809131622314453,631000
2007-02-20,19.809125201451735,20.368030673065586,19.002766504614947,20.304033279418945,1019000
2007-02-21,20.137656006076124,20.457639941678426,20.0224615939566,20.444839477539062,401200
2007-02-22,20.393635030798045,20.478964374529625,20.184579847553632,20.46616554260254,363000
2007-02-23,20.427765104457883,20.427765104457883,20.099248226207518,20.176044464111328,306800
2007-02-26,20.188842391430953,20.34243486036754,19.881657453557775,20.180309295654297,450000
2007-02-27,19.369694746432216,20.026727185879732,18.34574550888104,19.54035186767578,785800
2007-02-28,19.476348545175235,19.5403443306364,19.15636473530393,19.309955596923828,474000
2007-03-01,18.85770502936728,19.625665528907252,18.559053271901423,19.416608810424805,489600
2007-03-02,19.32701468921485,19.672597662802897,19.139291508975106,19.224620819091797,452600
2007-03-05,18.802247200134435,19.199027226347347,18.789448369457148,18.900375366210938,608600
2007-03-06,19.071032062724367,19.719532666093492,19.071032062724367,19.642736434936523,490400
2007-03-07,19.625667303111552,19.817657852233207,19.314216691212554,19.668331146240234,464000
2007-03-08,19.583008337912172,19.583008337912172,18.04708518987731,18.055618286132812,2549400
2007-03-09,18.111079292171457,18.516392338955686,17.948953747953485,18.042816162109375,2972800
2007-03-12,18.068415640605284,18.4225317824305,18.068415640605284,18.345735549926758,735200
2007-03-13,18.239075367389066,18.396933575681455,17.62470709881639,17.765499114990234,944400
2007-03-14,17.663106837819385,18.24761013757054,17.663106837819385,18.132415771484375,1105000
2007-03-15,18.153742321101422,18.499325316967987,18.051348444377396,18.486526489257812,703800
2007-03-16,18.482255803371935,18.550518918081153,18.200670251756282,18.31586456298828,917400
2007-03-19,18.51639278544705,19.083829762610627,18.38839798941304,18.989967346191406,1085200
2007-03-20,18.972907215019298,19.088101581840633,18.810781629027588,19.028369903564453,754600
2007-03-21,19.019838576179136,19.54034447058277,18.819314866416672,19.331289291381836,535000
2007-03-22,19.41235268311616,19.826198964420385,19.395286487954305,19.79206657409668,729000
2007-03-23,19.838990445996895,19.928585496115627,19.49767480683885,19.519006729125977,495200
2007-03-26,19.583006881075022,19.723798890012645,19.416613957753718,19.70246696472168,410400
2007-03-27,19.608598599758594,19.82618840336112,19.459273540440062,19.787790298461914,706600
2007-03-28,19.693928028603224,19.715259947567922,19.39101054774967,19.651264190673828,822200
2007-03-29,19.75793923150462,19.834735495504873,19.356891713387242,19.617145538330078,803000
2007-03-30,19.668337961664005,19.881660506270002,19.565944051665365,19.809131622314453,658800
2007-04-02,19.83898759910283,20.005378847595154,19.629930884637403,19.753658294677734,308200
2007-04-03,19.796327447204305,19.98831638351235,19.681133108906632,19.774993896484375,373800
2007-04-04,19.728068656371974,20.13338016887119,19.570208809428763,20.043785095214844,1341600
2007-04-05,20.005380145893785,20.129107563963714,19.834723153489502,19.87312126159668,273000
2007-04-09,19.838990251727623,20.065111555295328,19.715262825143988,19.958450317382812,313600
2007-04-10,19.932851007630564,20.20163613304773,19.920050553428894,19.988313674926758,185200
2007-04-11,19.928584055479124,19.99258144523548,19.536071505702427,19.69392967224121,442400
2007-04-12,19.668331139660427,19.979783378976524,19.501939872984423,19.94138526916504,445600
2007-04-13,19.924318569371856,19.928584302565262,19.766460400875857,19.8389892578125,532200
2007-04-16,20.022963264200925,20.241163140373573,19.99729384259305,20.22832679748535,222000
2007-04-17,20.279666753475432,20.279666753475432,19.894609149363777,20.159870147705078,287800
2007-04-18,20.15987294405511,20.15987294405511,19.560896360456514,19.590845108032227,918400
2007-04-19,19.423988155159368,19.838992945722055,19.398317099544233,19.676414489746094,449200
2007-04-20,20.10852967785156,20.164149472241935,19.933114909774943,20.159870147705078,239200
2007-04-23,20.074308742339248,20.21121943073348,19.573735311223366,19.727758407592773,423800
2007-04-24,19.791929128336584,19.860383640991657,19.351253305124807,19.736310958862305,611600
2007-04-25,19.80048053861816,20.00156632662864,19.732026045350484,19.79192352294922,416800
2007-04-26,20.30106363195961,23.45853189073264,20.30106363195961,22.226348876953125,2662600
2007-04-27,22.196406286327115,22.196406286327115,21.131080770309474,21.22520637512207,798600
2007-04-30,21.212362359979476,21.57174731444374,21.212362359979476,21.293651580810547,724600
2007-05-01,21.293652251971942,21.520407518126593,21.139629191155837,21.39205551147461,707200
2007-05-02,21.45622684404399,21.849839781399723,21.263698067257426,21.593135833740234,351200
2007-05-03,21.550356377205794,22.132220551273523,21.392055622582294,22.033817291259766,1148600
2007-05-04,21.969634654584787,22.333300483130262,21.854119021042504,22.153606414794922,608400
2007-05-07,22.110831455404114,22.33330905622553,21.90974558633611,22.213512420654297,281400
2007-05-08,22.076604841831237,22.388930348048373,21.819900779610844,22.183565139770508,698200
2007-05-09,22.076606034029936,22.303362987724242,21.888356487041282,22.21779441833496,285000
2007-05-10,21.982473859918805,22.029536637095912,21.422001490394116,21.439115524291992,476400
2007-05-11,21.54608074322853,21.81562112681504,21.486183242894743,21.78139305114746,229400
2007-05-14,21.674426264431187,21.73432374680663,21.18240843277462,21.22947120666504,420400
2007-05-15,21.156749081408922,21.524692799151037,20.83586815994797,21.058345794677734,494400
2007-05-16,21.08401342058713,21.19953073828328,20.831587052010644,21.113962173461914,271000
2007-05-17,21.028386829622768,21.028386829622768,20.540646694856573,20.694669723510742,364400
2007-05-18,20.690403563618442,20.912881214334057,20.39519205012807,20.814477920532227,286600
2007-05-21,20.81447583294608,21.173862520044356,20.775970058182526,21.041231155395508,372000
2007-05-22,21.135349596020003,21.605974122083197,21.06689508982746,21.52468490600586,432000
2007-05-23,21.541796909971634,21.76855378360785,21.327876378066914,21.469064712524414,488600
2007-05-24,21.434846781417665,21.789955815725182,21.135359200778684,21.379228591918945,700000
2007-05-25,21.48618601356047,21.511855441536774,21.032673744991044,21.19953155517578,279800
2007-05-29,21.233749382178296,21.28936753732724,20.878640567186007,20.968486785888672,198800
2007-05-30,21.006997197308095,21.340714362585892,20.66472464632956,21.293651580810547,579400
2007-05-31,21.293662662199722,22.02527092666682,21.293662662199722,21.760009765625,795800
2007-06-01,21.819895099165045,22.162167637048835,21.74716289890158,21.96963882446289,769000
2007-06-04,21.884076270926737,22.243462915275575,21.661598668988457,22.226348876953125,439600
2007-06-05,22.055213112620105,22.093718885168542,21.755723951919457,21.86268424987793,691800
2007-06-06,21.691553475836468,21.85841131585225,21.263712190838056,21.306495666503906,418200
2007-06-07,21.306485081583507,21.332156133480794,20.844417572021484,20.844417572021484,285800
2007-06-08,20.823029138116734,21.82417754973976,20.823029138116734,21.72149658203125,471600
2007-06-11,21.22091888458688,21.68726577034986,21.071175145523497,21.63592529296875,435400
2007-06-12,21.434845809897112,21.5931482462998,20.72462940555708,20.90432357788086,774600
2007-06-13,21.07117722173401,21.139631742348648,20.6903988488098,20.823028564453125,491800
2007-06-14,20.874373596248308,21.041231411560204,20.485038149825638,20.57488441467285,698600
2007-06-15,21.30648610311189,21.30648610311189,20.540650155008933,20.677560806274414,667400
2007-06-18,20.6903987390269,20.8615342236132,20.540653353918824,20.767410278320312,282600
2007-06-19,20.60054875000554,20.831581693888893,20.536371934875373,20.741735458374023,234600
2007-06-20,20.805919066066895,21.28510077733678,20.53637863944051,20.57488441467285,502000
2007-06-21,20.540659062000262,21.139637504714784,20.506432608405554,21.036954879760742,637600
2007-06-22,21.03694669272982,21.041226017816854,20.840140172918566,20.951379776000977,614600
2007-06-25,20.90004411408562,20.904323440492615,20.514987973782212,20.703237533569336,416200
2007-06-26,20.754567489309263,20.814466604004192,20.266828979952784,20.42940902709961,396600
2007-06-27,20.202663271276265,20.621947478095066,20.117094699416665,20.61766815185547,309000
2007-06-28,20.998445378074223,20.998445378074223,20.39091006882717,20.450807571411133,241200
2007-06-29,20.536376676868855,20.67756504992293,20.09142145716973,20.172712326049805,306800
2007-07-02,20.309614139017985,21.310762210688484,20.16414812408863,21.08400535583496,882000
2007-07-03,21.173851998444796,21.344987420732767,21.092561163180395,21.315038681030273,261400
2007-07-05,21.267987593836807,21.370670209289244,21.08829505690105,21.357833862304688,215800
2007-07-06,21.45623441644349,21.59314345445809,21.32360307182989,21.486183166503906,329400
2007-07-09,21.528967730646446,21.862683323875142,21.503296672673255,21.82845687866211,438000
2007-07-10,21.60169990283703,21.89263037687114,21.588863558804096,21.789949417114258,621400
2007-07-11,22.119389944229038,22.119389944229038,21.43484305804404,21.86268424987793,460000
2007-07-12,22.04665137168931,22.153611646742466,21.952527439459843,22.149333953857422,384600
2007-07-13,22.059493358688385,22.239185883353635,21.88407852800268,22.175010681152344,190200
2007-07-16,22.123533949291858,22.209316018255006,21.840447231436364,22.037750244140625,303400
2007-07-17,22.084938484607715,22.282239924739596,22.03346726320831,22.187877655029297,240600
2007-07-18,21.9819972758785,22.02488832340478,21.59597130338764,21.883346557617188,1028400
2007-07-19,22.067783241557752,22.067783241557752,21.484455773480377,21.694625854492188,448400
2007-07-20,21.64743925077583,21.64743925077583,20.84965345237813,21.222810745239258,432800
2007-07-23,21.22281197045349,21.26570465015926,20.918281307390423,21.081270217895508,193600
2007-07-24,20.785314594503415,20.785314594503415,20.176253322882296,20.223434448242188,416400
2007-07-25,20.343532974579677,20.883967662268862,20.27490632160028,20.755292892456055,671800
2007-07-26,20.28776724194516,20.871094435956984,20.056151743819058,20.66521453857422,1043200
2007-07-27,20.630903001519957,20.849651544907122,20.201986085594903,20.25774574279785,431400
2007-07-30,20.262035134929313,20.527963155571065,19.62723668123512,20.33066177368164,508600
2007-07-31,20.553690644848018,20.57942623983994,19.81595491981004,19.85026741027832,405600
2007-08-01,19.74304015315213,20.111908869906102,19.236918188701946,19.944631576538086,841800
2007-08-02,18.4648730637615,18.71793411180344,17.456918957055642,18.271860122680664,3105000
2007-08-03,18.143194397201114,18.250423680442477,17.15668531861836,17.233890533447266,1185400
2007-08-06,17.15668028002765,17.585597287028342,16.847859511406824,17.564151763916016,956400
2007-08-07,17.44834746311336,17.44834746311336,16.890755569803353,17.070899963378906,1066400
2007-08-08,17.212442055733558,17.366852458942553,16.29884826087284,16.719186782836914,3844000
2007-08-09,16.521880854374523,17.45262983608434,16.37175894248732,17.22101593017578,1202600
2007-08-10,16.80496993545373,18.306179591297408,16.800679848742803,17.980201721191406,1157000
2007-08-13,18.22468184576163,18.782273551086696,18.014511821257436,18.43914031982422,917800
2007-08-14,18.653607326003062,18.653607326003062,18.10030381715666,18.246135711669922,1141400
2007-08-15,18.151768194013002,18.846613309754275,18.100298609636614,18.228973388671875,739000
2007-08-16,18.20752836268757,18.546373211156244,17.770032793054973,18.10458755493164,687600
2007-08-17,18.765113806611456,19.052487335536714,18.138895544264532,18.430559158325195,683200
2007-08-20,18.542086481690053,18.619291692438182,18.02309717091901,18.241844177246094,591800
2007-08-21,18.10458804178033,18.314758113347228,18.035961380160487,18.15605926513672,441400
2007-08-22,18.323340551973146,18.34049599388933,17.80434957451923,18.0488338470459,1150000
2007-08-23,18.061694675661347,18.061694675661347,17.48265575857125,17.568439483642578,1132800
2007-08-24,17.5555701334919,17.61561824209913,17.14381027202382,17.465497970581055,738200
2007-08-27,17.439764990815007,17.58559683489337,17.32824729178496,17.379716873168945,319000
2007-08-28,17.23388532661404,17.358271650278837,16.78781125041591,17.083765029907227,752600
2007-08-29,17.20814659192457,17.371135481737777,16.963664075298876,17.319665908813477,230600
2007-08-30,17.113784528093266,17.29821892128545,17.019422288919195,17.100915908813477,588600
2007-08-31,17.31536715391557,17.37112678444255,17.083753373625427,17.17811393737793,424400
2007-09-04,17.002266180451365,17.371134987658415,16.9422180743829,17.255327224731445,602200
2007-09-05,17.15667536229263,17.452627423264474,16.942216920263974,17.37113380432129,747600
2007-09-06,17.3539784120336,17.52125575117874,17.173834088704446,17.319665908813477,361600
2007-09-07,17.109497531868787,17.293931958358574,17.049449418349017,17.199569702148438,397400
2007-09-10,17.238170873984927,17.31966613806435,16.82212256337516,16.942218780517578,786600
2007-09-11,16.997978195535843,17.023712163874855,16.637687913095665,16.689157485961914,527600
2007-09-12,16.5990918233441,16.727766623983122,16.350319124078315,16.470417022705078,944000
2007-09-13,16.517599123186457,16.727769251656117,16.401792929752183,16.504732131958008,648200
2007-09-14,16.303124305363383,16.547608348525195,16.29883585795484,16.50042724609375,489400
2007-09-17,16.43609715207734,16.509013883325974,16.24308420017012,16.376049041748047,873200
2007-09-18,16.39748942565228,16.817827702486703,16.30312720401206,16.77493667602539,514600
2007-09-19,16.942219713831175,17.26390742991658,16.865014531075612,17.216726303100586,578400
2007-09-20,17.169540181727914,17.319662053944196,16.985105813928502,17.23816680908203,484200
2007-09-21,17.37543075964821,17.74001127129576,17.37543075964821,17.619915008544922,783000
2007-09-24,17.649930730599372,17.842942022724376,17.54270150777966,17.825786590576172,513000
2007-09-25,17.748579082355075,18.190362898623896,17.740000549316434,18.09600067138672,560200
2007-09-26,18.228974478651406,18.657891525207912,18.108878229195966,18.554950714111328,533000
2007-09-27,18.623574988570393,18.872347629051077,18.56352687154084,18.572105407714844,894400
2007-09-28,18.44343172950921,18.469167339555014,17.800056204061214,17.868682861328125,1352600
2007-10-01,17.898699989379754,17.963038171481536,17.65421751529368,17.757158279418945,744000
2007-10-02,17.800047550383336,17.91156520065589,17.448335898355122,17.4869384765625,655600
2007-10-03,17.379721234317927,17.52126302768854,17.006563812316603,17.160972595214844,1277400
2007-10-04,17.212440486724887,17.358272339107923,17.07089708462286,17.130945205688477,870200
2007-10-05,17.156687199560565,17.332543177908494,17.006566841040087,17.24675941467285,1484800
2007-10-08,17.143812427965077,17.195282008074148,16.942220921270916,17.075185775756836,1088600
2007-10-09,17.088046573053607,17.34968610114988,17.032286927019683,17.23816680908203,526400
2007-10-10,17.17811851909646,17.45262502538765,17.165251537922764,17.41402244567871,516600
2007-10-11,17.46550104864848,17.585597287028342,17.426898452570878,17.564151763916016,1086400
2007-10-12,17.52555070115379,17.99735879565776,17.469791027232482,17.980201721191406,793200
2007-10-15,17.924434154735174,17.941591220080742,17.70997574647901,17.860095977783203,1153800
2007-10-16,17.847229468753305,17.99306125567084,17.77860284174434,17.8300724029541,1025800
2007-10-17,18.010227419601865,18.014515870124114,17.864395559015218,17.980201721191406,508600
2007-10-18,17.88154149137126,18.143181011233825,17.3711310687492,17.860095977783203,1260200
2007-10-19,18.241843892635934,18.246133979937746,17.11379308821724,17.160972595214844,874000
2007-10-22,17.00601555875995,17.08779699667502,16.571288960430685,16.730545043945312,790200
2007-10-23,16.889795610446754,17.00170484393093,16.76497257322484,16.984487533569336,423200
2007-10-24,16.88980205003437,17.247052345614524,16.739152989831982,17.15666389465332,576000
2007-10-25,17.17818325831052,17.432132914595552,17.12222780402844,17.311614990234375,420000
2007-10-26,17.432133953224753,17.57847785949707,17.229834589336456,17.57847785949707,364600
2007-10-29,17.6344378425806,17.647350012292634,17.37187944554191,17.53113555908203,355800
2007-10-30,17.496702194213867,17.51822302392969,17.277185462083942,17.496702194213867,428600
2007-10-31,17.47948483196378,17.86256118256722,17.389096362212555,17.79369354248047,753400
2007-11-01,17.238440070878365,17.47517238218197,16.123644483750432,16.597110748291016,3210400
2007-11-02,16.467986015200374,16.76928249404075,16.35607673891129,16.67889404296875,891000
2007-11-05,18.874053238024718,18.874053238024718,16.691808141406177,17.294401168823242,1657400
2007-11-06,17.371863978617693,17.371863978617693,16.9371360434499,17.195390701293945,486600
2007-11-07,16.876877619719878,17.074871713958522,16.833835996427194,16.868268966674805,872000
2007-11-08,16.851068047343865,17.01893282377419,16.571292325337254,16.993106842041016,949400
2007-11-09,16.795106359633106,17.21692072024714,16.78649770224096,17.079185485839844,576600
2007-11-12,17.03184557489966,17.389097612363194,16.941457098650154,17.006019592285156,699000
2007-11-13,17.130839715634828,17.2169246673584,16.980192281568996,17.2169246673584,537200
2007-11-14,17.21692767880151,17.25566583175618,16.967281439330485,17.006019592285156,839600
2007-11-15,16.894106812401308,17.182489503618516,16.78650103652614,16.825239181518555,401800
2007-11-16,16.80371398477468,16.984490853104088,16.571285175265384,16.911319732666016,610800
2007-11-19,16.71333775436352,16.71333775436352,16.140873969451686,16.347476959228516,578000
2007-11-20,16.265685100649296,16.39911517601043,15.83526211291219,16.136558532714844,471000
2007-11-21,16.076304138353315,16.140868268199725,15.792224922510362,15.912744522094727,433200
2007-11-23,15.990220018069845,15.990220018069845,15.818050108415553,15.968697547912598,126400
2007-11-26,16.020350208404935,16.020350208404935,15.71044501421254,15.874006271362305,370600
2007-11-27,15.796526017360776,15.921349093980767,15.710441080314796,15.86539363861084,442600
2007-11-28,15.865391099676879,16.43354929455111,15.861085950450049,16.420637130737305,436400
2007-11-29,16.22694857768568,16.571286673687275,16.188210439264655,16.218339920043945,457600
2007-11-30,16.39481978848483,16.502425588713287,16.140870034268307,16.17099952697754,697200
2007-12-03,16.145168180515146,16.239861778678584,15.9256531434215,15.960087776184082,354200
2007-12-04,15.861090714784494,15.861090714784494,15.495231733408115,15.632966995239258,592200
2007-12-05,15.766394504303818,15.766394504303818,15.434968606635362,15.54687786102295,761400
2007-12-06,15.525361730033143,16.0246524810791,15.525361730033143,16.0246524810791,650800
2007-12-07,16.097823356646412,16.123647689819336,15.88691533144324,16.123647689819336,387600
2007-12-10,16.115044074268205,16.231258535713994,15.925658456690364,16.072002410888672,246800
2007-12-11,16.140871107314723,16.330256737210863,15.942876815795898,15.942876815795898,486400
2007-12-12,16.356075296305473,16.356075296305473,15.15089112917494,16.0762996673584,1539200
2007-12-13,15.908441675990073,16.52825215812882,15.83096536572273,16.40342903137207,695600
2007-12-14,16.21834125168533,16.36898866795102,16.14086496848192,16.304426193237305,713400
2007-12-17,16.166687687019497,16.356073206738355,16.119340896606445,16.119340896606445,567400
2007-12-18,16.29151031264265,16.571285926618696,16.046169327681156,16.52393913269043,563400
2007-12-19,16.54976734175407,16.782196193223058,16.476594566172924,16.640155792236328,291400
2007-12-20,16.77789656749908,16.78650522875106,16.403428833676223,16.760679244995117,408000
2007-12-21,17.018934986699318,17.350361072358876,16.97158816847162,17.20832061767578,677600
2007-12-24,17.182489238577478,17.423526763916016,17.02323315248024,17.423526763916016,102400
2007-12-26,17.31593060564576,17.43644861427462,17.079198099295624,17.363277435302734,278600
2007-12-27,17.242747536265608,17.453653905927407,17.216921562825277,17.367568969726562,327200
2007-12-28,17.427827891811603,17.548345805696957,17.32452564995742,17.445043563842773,225000
2007-12-31,17.367563033116994,17.56986231774866,17.367563033116994,17.47086524963379,283200
2008-01-02,17.414916883132122,17.569869449840294,17.28148678330407,17.376178741455078,419400
2008-01-03,17.371875915963226,17.445047052043474,17.216923343165334,17.229835510253906,509800
2008-01-04,17.040447462297532,17.277179795394563,16.83814811706543,16.83814811706543,913400
2008-01-07,16.941456387754183,17.216926956346267,16.81663327325649,17.152362823486328,793600
2008-01-08,17.19970814128899,17.20831680105147,16.575594264947693,16.592811584472656,658400
2008-01-09,16.57128575717873,17.212616759582605,16.57128575717873,17.204008102416992,436800
2008-01-10,16.988803199593594,17.3331414103337,16.872588745606162,17.152362823486328,428600
2008-01-11,17.014625363549367,17.660260041855775,17.00601670413988,17.65165138244629,506200
2008-01-14,17.862555229702103,17.862555229702103,17.513911994363664,17.815208435058594,625200
2008-01-15,17.64734629484992,17.88407866066238,17.64734629484992,17.86686134338379,454800
2008-01-16,17.789381335208432,18.099284743104608,17.742034547936353,18.064851760864258,1113000
2008-01-17,18.056254380240485,18.24133649591697,17.862563603144828,17.888389587402344,1172600
2008-01-18,18.000664213929433,18.255472144714954,17.279427536289266,17.348527908325195,680400
2008-01-22,16.484774360406675,17.417631963121853,16.484774360406675,17.0159854888916,596200
2008-01-23,16.661847256092003,17.19305678240437,16.471819958967373,17.14986801147461,929400
2008-01-24,17.279435368493235,17.30966833947772,16.506375120776674,16.65753173828125,954000
2008-01-25,16.765495461034273,16.864827153762683,16.255879543569925,16.38112449645996,590600
2008-01-28,16.372490832087767,16.579792022705078,16.19973901616497,16.579792022705078,410800
2008-01-29,16.709349428441236,16.709349428441236,16.290429134387658,16.497730255126953,284200
2008-01-30,16.35089791312703,16.895063354066508,16.307709133697877,16.562517166137695,730600
2008-01-31,16.27747909144701,17.08941008622444,16.27747909144701,16.88642692565918,650000
2008-02-01,16.955522660998582,17.270794922594778,16.713672133724558,17.14986801147461,375000
2008-02-04,17.085092511670013,17.2232933256232,16.795733424810518,16.86483383178711,290200
2008-02-05,16.562523951915676,16.93825907321486,16.428642799541993,16.575481414794922,704200
2008-02-06,16.722309974039437,16.817321975607957,16.36817028800718,16.432950973510742,699000
2008-02-07,16.37249255891716,16.49773755629678,15.979483701350846,16.10472869873047,1032200
2008-02-08,16.08745618925318,16.558203295321288,16.044269046396398,16.398408889770508,544600
2008-02-11,16.381135946447785,16.575481414794922,16.074502900546836,16.575481414794922,446200
2008-02-12,16.597069107616733,16.761183183557225,16.342261061084223,16.545244216918945,602200
2008-02-13,16.73958255478982,16.817320689435284,16.329299968862465,16.415674209594727,697400
2008-02-14,16.419993749529933,16.419993749529933,15.983796259676149,16.109041213989258,960400
2008-02-15,16.061534349440542,16.333617817291223,15.96220265585636,16.299068450927734,553800
2008-02-19,16.558201042057238,16.735270939648366,16.303392979915504,16.450231552124023,347800
2008-02-20,16.420003072028052,16.717998322786737,16.247251199206694,16.713680267333984,316600
2008-02-21,17.49105810465236,18.195019669912828,17.383088610179197,18.043861389160156,1942600
2008-02-22,18.004995458515808,18.039546493590436,17.18010844217542,17.560161590576172,874800
2008-02-25,17.611979660814093,18.19933384926901,17.58606804204798,18.06977081298828,629000
2008-02-26,17.983396500130628,18.156148328804427,17.888382829611682,18.009309768676758,447600
2008-02-27,18.56642737875921,19.166737258192267,18.549151871333624,19.011260986328125,2467600
2008-02-28,18.946484252855438,19.119236083165482,18.756458557501226,18.84283447265625,5713600
2008-02-29,18.07409184252156,18.398000310290648,17.74586532007503,17.836559295654297,1376600
2008-03-03,17.879748674806116,17.879748674806116,17.26216304391051,17.538564682006836,730600
2008-03-04,17.404681478699903,17.659489541294935,16.908022812613776,17.534244537353516,649000
2008-03-05,17.611985284513356,17.611985284513356,17.236251865078444,17.43059730529785,424200
2008-03-06,17.365813076391436,17.46514481349844,16.89938571747665,16.985761642456055,417000
2008-03-07,16.860516105943013,17.56879570313704,16.791415697618806,17.14555549621582,1112600
2008-03-10,17.128272845862472,17.128272845862472,16.68343925558062,16.821640014648438,439000
2008-03-11,17.331260620382302,17.331260620382302,16.67048631187021,17.11100196838379,610800
2008-03-12,17.020310159355358,17.236249137092667,16.81300893842558,16.86483383178711,334000
2008-03-13,16.627300856654863,17.594708176843938,16.618663100070254,17.5515193939209,1160800
2008-03-14,17.603343720349844,17.63789474557815,17.037584685846593,17.29239273071289,522600
2008-03-17,17.167150021407355,17.37445125793007,16.86051704535191,17.188743591308594,976000
2008-03-18,17.555836335876258,18.39799687692824,17.547198580649656,18.311622619628906,767000
2008-03-19,18.315945056915872,19.430191035561485,18.264120160636743,18.54483985900879,1004400
2008-03-20,18.475737394552986,19.214249909992265,18.475737394552986,18.873065948486328,1268800
2008-03-24,18.911940605404663,19.637495876568867,18.868751810999623,19.34381866455078,1056600
2008-03-25,19.37835579514141,19.477687488216358,18.886015382733838,19.028535842895508,495800
2008-03-26,18.88170777708324,19.089009031351004,18.74782499626109,18.95944595336914,381400
2008-03-27,18.95945093350062,19.11924538340244,18.333227303365142,18.72623634338379,616600
2008-03-28,18.752141091609047,19.032862437464843,18.475739448142036,18.54483985900879,379800
2008-03-31,18.648487765167538,19.222884512746198,18.648487765167538,19.101959228515625,712800
2008-04-01,19.279029899293164,19.58134476987462,19.01990380878535,19.49928855895996,434000
2008-04-02,19.749778324968535,19.862067513815504,19.39132048553465,19.63317108154297,587600
2008-04-03,19.494972294753758,19.745462320899186,19.326540141475736,19.35677146911621,349200
2008-04-04,19.335176025334395,19.57702827050526,19.179699699687667,19.330856323242188,506600
2008-04-07,19.425868224118712,20.017540500437587,19.425868224118712,19.745458602905273,427000
2008-04-08,19.54678550229376,19.73681275951002,19.36539764493221,19.602930068969727,426200
2008-04-09,19.659079944541734,19.78864297014291,19.145145895747653,19.348127365112305,451800
2008-04-10,19.3006259212779,19.57270950416775,19.22288775473794,19.39995765686035,617400
2008-04-11,19.209935836372576,19.469063659854964,18.898983107187327,18.955127716064453,346600
2008-04-14,18.91626117511863,19.719554735487456,18.91626117511863,19.32654571533203,1248400
2008-04-15,19.417231785236492,19.430189243724158,19.02422292577161,19.240161895751953,411000
2008-04-16,19.41291526224478,19.91821170107028,19.41291526224478,19.76273536682129,715600
2008-04-17,19.67635625103198,19.866381919779354,19.291983564785042,19.38699722290039,354200
2008-04-18,19.633165603509042,20.453734133112064,19.59861623406935,20.2723445892334,751200
2008-04-21,20.12940211742273,20.138065712135056,19.891157393863086,20.01677703857422,371200
2008-04-22,19.960465287183414,20.094746868380142,19.544621021058347,19.886825561523438,590000
2008-04-23,19.990789177844395,19.990789177844395,19.68323732944402,19.865169525146484,483800
2008-04-24,19.882488851674864,20.428281918084426,19.882488851674864,20.25934600830078,459200
2008-04-25,20.380640663174148,20.380640663174148,19.943139851370454,20.16838836669922,275600
2008-04-28,20.0860932075222,20.510599625510334,20.051440465447904,20.376317977905273,350200
2008-04-29,20.376307165477492,20.510588741827746,20.268014718789043,20.345985412597656,539400
2008-04-30,20.532257524838137,20.735846289932365,20.181389249384527,20.320003509521484,881200
2008-05-01,20.79215494280669,21.00873989012759,20.467277521825334,21.000076293945312,595800
2008-05-02,21.078044391636602,21.190667823206944,20.177051981838446,20.31566619873047,595800
2008-05-05,20.19438001309105,20.24202896585823,19.63559210518032,19.969131469726562,425600
2008-05-06,19.882500947630493,20.12507505698283,19.63559421351847,19.80019760131836,308800
2008-05-07,19.960466984379348,20.42828955148197,19.739549441026938,19.99945068359375,466200
2008-05-08,19.999458021778786,19.999458021778786,19.414679185230977,19.587947845458984,340800
2008-05-09,19.457987931733435,19.752543547740398,19.280388367883216,19.713558197021484,200400
2008-05-12,19.735220176406127,20.012448633095374,19.67024403393936,19.951805114746094,264000
2008-05-13,19.947473537437215,20.103414965611435,19.83918106258423,20.003786087036133,405200
2008-05-14,19.99511682747789,20.501926325498843,19.99511682747789,20.242023468017578,509400
2008-05-15,20.18138289216017,20.18571386349478,19.71355867225537,19.87383270263672,478200
2008-05-16,19.886830223422905,20.112078771757005,19.657250703110787,20.07309341430664,348200
2008-05-19,20.029773474073767,20.034104445271037,19.62692540384619,19.995119094848633,519000
2008-05-20,19.70923143648578,20.350322722284215,19.652918883991855,20.146732330322266,327800
2008-05-21,20.281011357970684,20.6232159210858,20.077421008601373,20.120738983154297,366400
2008-05-22,20.168393187393377,20.56690874271325,20.168393187393377,20.458616256713867,304200
2008-05-23,20.376312453456443,20.376312453456443,19.9041571972665,20.094751358032227,218600
2008-05-27,20.194376060724657,20.709849191688253,19.96912756144495,20.579896926879883,259000
2008-05-28,20.683850778791914,20.683850778791914,19.925803891611057,20.263675689697266,455200
2008-05-29,20.159733714199117,20.852805105408407,20.159733714199117,20.653547286987305,281800
2008-05-30,20.709856897885523,20.709856897885523,20.185719977407732,20.545251846313477,398000
2008-06-02,20.432618034258795,20.536579510070798,20.012444465030462,20.380638122558594,301400
2008-06-03,20.49759951976768,20.558243041334297,20.155394902456564,20.35465431213379,255200
2008-06-04,20.23335743436845,20.53657657199401,20.16405034454644,20.475933074951172,613800
2008-06-05,20.488935268460978,20.73584197118129,20.432622720629965,20.714183807373047,363000
2008-06-06,20.584225410846663,20.709845026946468,20.237689963339754,20.272342681884766,419200
2008-06-09,20.28534226150253,20.33298955085276,19.752541960357785,20.133731842041016,449200
2008-06-10,20.034109081791623,20.428293648439578,19.999454694546376,20.216039657592773,268400
2008-06-11,20.116410808160325,20.345991993032385,19.826187750326994,19.83051872253418,340800
2008-06-12,19.947472687142092,20.85279780441849,19.947472687142092,20.441286087036133,443400
2008-06-13,20.60155659354917,20.991408427981323,20.51925327276454,20.770492553710938,415800
2008-06-16,20.770498045289845,20.84846876327354,20.51925869791747,20.735843658447266,590200
2008-06-17,20.75750716946243,20.826815960995898,20.588571121130947,20.653547286987305,193800
2008-06-18,20.592894633511452,20.592894633511452,20.034105142156786,20.406631469726562,548600
2008-06-19,20.354654961660746,20.47594200866432,19.596607613064258,19.678909301757812,698000
2008-06-20,19.57061250401145,19.596603287952473,18.782243567662785,19.09845733642578,1040200
2008-06-23,19.276064310757736,19.56628740722245,19.11145925396794,19.4146785736084,648000
2008-06-24,19.21109086371304,19.245745260523265,18.90354052787895,18.907873153686523,488200
2008-06-25,18.994499220342334,19.263065744774774,18.89053937097211,19.198089599609375,502800
2008-06-26,18.87753527578336,19.115778267133255,18.66961237715348,18.90352439880371,612200
2008-06-27,18.925192957962857,19.310715569656207,18.673955266962118,18.99883270263672,577400
2008-06-30,18.96850664288134,19.176427956312082,18.64362928081861,18.747589111328125,420000
2008-07-01,18.5483355952557,19.011827271291835,18.349077831287513,18.99883270263672,485000
2008-07-02,18.972844488199502,19.133116915544885,18.730270360846994,18.877548217773438,485400
2008-07-03,18.842886320326016,18.886202639408083,18.422711085101042,18.5396671295166,229400
2008-07-07,18.704280268010503,18.704280268010503,18.31875924196393,18.49635887145996,493000
2008-07-08,18.487684865185724,19.20674657642685,18.41837777202073,19.102785110473633,560600
2008-07-09,19.063802907500634,19.215413334805344,18.89053597225317,18.894866943359375,618400
2008-07-10,18.90785886699079,19.05080401479276,18.56132177038082,18.756248474121094,505000
2008-07-11,18.55699294349048,18.899197457089354,18.479022252989182,18.88187026977539,524600
2008-07-14,18.99883250150368,19.176432098362472,18.595984353339,18.63496971130371,392800
2008-07-15,18.405395204150505,18.82123803416612,18.30576464365586,18.608983993530273,710600
2008-07-16,18.68695621249378,18.873219471368717,18.505025579590434,18.673961639404297,389600
2008-07-17,18.673951113192786,19.167764441190112,18.565658658722782,19.09845733642578,422400
2008-07-18,19.05514186651826,19.921481540965043,18.88620424197523,19.046478271484375,765400
2008-07-21,19.094277139051187,19.12035094164903,18.829200938910468,18.968257904052734,297200
2008-07-22,18.911763188111443,19.55490198790191,18.911763188111443,19.537519454956055,1138000
2008-07-23,19.53752351559148,19.54621478387078,19.233335756575606,19.337629318237305,430400
2008-07-24,19.428877568306504,19.985106917335134,19.37238683306623,19.911231994628906,653200
2008-07-25,19.893858556361426,20.115481768072815,19.602708509148083,19.867786407470703,474800
2008-07-28,19.75045332999362,19.806945738916806,19.441920798710367,19.67223358154297,382400
2008-07-29,19.70700123367392,20.198047169565353,19.57229070500369,20.019880294799805,432400
2008-07-30,20.132871928253692,20.354493566182704,19.737426504998616,20.037269592285156,692800
2008-07-31,19.87647854748306,20.289303061453282,19.77218497427904,19.954696655273438,507800
2008-08-01,19.967733254820295,20.21977341775084,19.715691434199737,20.06768035888672,257400
2008-08-04,20.015529664370998,20.68039581809252,19.780870436814123,19.950345993041992,1087000
2008-08-05,20.858564301124563,22.388192548796468,20.15458822011474,22.244789123535156,1637200
2008-08-06,22.005789266609757,22.140501450164724,20.510925803553334,20.928096771240234,845400
2008-08-07,20.836843635257658,20.91940821529222,20.3066877590087,20.736896514892578,485800
2008-08-08,20.780337775580588,21.61902574096063,20.61086226113298,21.510387420654297,683600
2008-08-11,21.42348109344667,21.53646589945052,21.267041612942617,21.493009567260742,507600
2008-08-12,21.419136153700553,21.705941313582144,21.301806544064053,21.488664627075195,353800
2008-08-13,21.44521655995843,21.597311293743008,21.158411289544603,21.501708984375,396400
2008-08-14,21.46694458999968,21.849350494756166,21.46694458999968,21.75374984741211,500200
2008-08-15,22.118771254239416,22.36646658796928,21.792856166943295,22.131807327270508,549000
2008-08-18,22.088350742946876,22.097040352425946,21.180134044930362,21.42348289489746,444000
2008-08-19,21.293122208223572,21.44521527520627,21.088881525969573,21.275739669799805,228000
2008-08-20,21.401752032851945,21.4495531655668,20.602173819530204,20.888978958129883,623200
2008-08-21,20.74992168299082,21.110601745632152,20.667357146360718,20.91505241394043,335200
2008-08-22,21.036725736973686,21.47997031349085,21.0149984029432,21.336566925048828,282800
2008-08-25,21.280089149939787,21.332235114913253,20.728205909425398,20.884645462036133,291600
2008-08-26,20.8846419922212,21.54950832266431,20.8846419922212,21.267047882080078,376600
2008-08-27,21.227937817626806,21.519089524703848,21.093227293512246,21.3278865814209,456600
2008-08-28,21.33223317302304,21.98840828375222,21.33223317302304,21.77113151550293,714200
2008-08-29,21.605991860523815,21.653792991528594,21.088872342587823,21.210548400878906,497400
2008-09-02,21.31050489422623,21.76678575602425,21.11930028562088,21.61469268798828,319200
2008-09-03,21.566889282428168,21.649453845350948,21.09757073691356,21.440868377685547,410200
2008-09-04,21.30616516166765,21.57124315629237,20.906376594994107,20.988941192626953,378600
2008-09-05,21.04106973791941,21.20185565052705,20.86290295336411,21.08452606201172,409000
2008-09-08,21.553854747253638,22.001446017076507,21.375687863596827,21.77113151550293,584400
2008-09-09,21.81892733811787,22.066622660780503,21.60599708557129,21.60599708557129,392800
2008-09-10,21.966685106315442,22.105742131763765,21.21925400895333,21.70595359802246,503000
2008-09-11,21.619029438223603,21.784160177482693,21.240968483054964,21.506046295166016,351400
2008-09-12,21.33658378488452,21.33658378488452,20.80642945332572,20.988941192626953,803200
2008-09-15,20.98893923873574,21.119304991485055,20.589150709279096,20.68040657043457,628800
2008-09-16,20.597830775275753,21.562538146972656,20.528302301120213,21.562538146972656,518000
2008-09-17,21.41913954215767,21.488668026531553,20.83683786389272,20.9063663482666,648000
2008-09-18,21.34960898458909,22.566358171822188,21.11060494636843,21.514738082885742,1863200
2008-09-19,22.370815875292905,22.596783913349217,21.4234890324642,22.44903564453125,1222800
2008-09-22,22.296935345702497,22.336045217650387,21.753743600698254,21.914527893066406,424000
2008-09-23,21.879764925056783,22.049242158218743,21.3061545199096,21.41044807434082,664200
2008-09-24,21.475633355470993,21.727675183288365,21.37568624855067,21.57123565673828,395200
2008-09-25,21.65814322661803,21.953639694486245,21.623378156191276,21.745054244995117,497000
2008-09-26,21.471282515707465,22.01012943820359,21.388717969982643,21.936254501342773,399600
2008-09-29,21.792859752365008,22.031863857499143,21.43217953405939,21.449562072753906,434400
2008-09-30,21.59730655905864,21.59730655905864,20.897675247021258,21.21489906311035,503000
2008-10-01,20.967197898882034,21.55384422365065,20.967197898882034,21.41478729248047,434800
2008-10-02,21.293108918042225,21.293108918042225,19.85908354693638,20.13285255432129,777000
2008-10-03,20.293647965209175,20.476159632176266,19.337629972127782,19.350666046142578,623800
2008-10-06,18.755327127690567,19.289827680589323,18.442448108358658,19.159461975097656,979800
2008-10-07,19.38977928676459,19.93731769795228,18.80313264675376,18.93349838256836,616600
2008-10-08,18.45548390491852,19.011711740817738,18.064385171745815,18.381608963012695,775600
2008-10-09,18.3816136242517,18.638000268193252,16.59994484953253,16.734655380249023,770600
2008-10-10,16.152354534554807,20.576109772413645,15.926388149046499,16.9215145111084,1114200
2008-10-13,17.638532485803033,18.316436767578125,17.36041841872318,18.316436767578125,350400
2008-10-14,18.811812591327325,18.811812591327325,17.325639456247174,17.690664291381836,561800
2008-10-15,17.699373599369064,17.699373599369064,16.90414111860199,16.917177200317383,553600
2008-10-16,16.865019712240258,18.216479526921166,16.46088487781139,17.964439392089844,639400
2008-10-17,17.612450069256155,18.312081360036586,17.295226262805297,17.551612854003906,432200
2008-10-20,17.84820658308829,18.803426957984364,17.525439346172185,18.74236297607422,584400
2008-10-21,18.716197055263414,18.716197055263414,18.031405077413858,18.075021743774414,441600
2008-10-22,17.747889370183852,18.2843822809174,17.180864464325797,17.359695434570312,529000
2008-10-23,17.52980622454787,17.52980622454787,16.47862852437626,17.20703887939453,696800
2008-10-24,16.19075517761734,17.119804930156388,16.19075517761734,16.517885208129883,892800
2008-10-27,16.382667837164618,16.757775433785984,15.859259605407715,15.859259605407715,726600
2008-10-28,16.15586171673125,16.15586171673125,15.370749998443431,16.13841438293457,721800
2008-10-29,16.164590615357124,17.215768690719145,16.007567888104727,16.500444412231445,587000
2008-10-30,16.81447406216161,16.99330498138958,16.491706873246965,16.766494750976562,499800
2008-10-31,16.640018929654172,17.54725890295672,16.626932593821063,17.412044525146484,508600
2008-11-03,17.377138817524447,18.083738873141524,17.329159503549285,17.516714096069336,652600
2008-11-04,16.709802085755754,17.176507449666207,16.0729877131317,16.13841438293457,1003200
2008-11-05,15.942135285060564,16.478628294970434,15.649899945169267,15.724048614501953,629200
2008-11-06,15.645537051779868,15.920326718558927,15.41000471555276,15.588835716247559,594000
2008-11-07,15.671712171916521,16.016289596312248,15.427454441230376,15.610648155212402,515000
2008-11-10,15.929048769524664,15.929048769524664,15.318405497246358,15.436172485351562,463000
2008-11-11,15.331489792297015,15.737131031747262,15.257339477539062,15.257339477539062,415800
2008-11-12,15.226808959720255,15.519045919105846,14.838615011290633,14.847338676452637,421800
2008-11-13,14.904043703771414,15.78075313568115,14.066591606769874,15.780753135681152,556800
2008-11-14,15.58011219912996,16.06862587285169,15.31840719744853,15.335854530334473,525200
2008-11-17,15.104677661940501,15.641170472705097,15.082869335753706,15.305316925048828,390800
2008-11-18,15.314046898056448,15.833092596183585,15.056704549736251,15.410005569458008,454400
2008-11-19,15.327130354785332,15.758942678088525,14.624891036209487,14.699041366577148,712800
2008-11-20,14.568188877299491,14.751380864538607,13.560627955877074,13.57807445526123,531000
2008-11-21,13.76999420508926,13.8397818830423,12.875839061356741,13.809249877929688,1079000
2008-11-24,13.996801306232705,15.25734188085719,13.791800154104068,15.170106887817383,812600
2008-11-25,15.2704284423013,15.296599442621421,14.515848737032211,14.877873420715332,942200
2008-11-26,14.607439733053281,15.362019093605403,14.533289431288587,15.322763442993164,438200
2008-11-28,15.222455093884902,15.55830720875742,15.013090359604949,15.484158515930176,89400
2008-12-01,15.16575081637758,15.322773522114028,14.328296940406396,14.411170959472656,597000
2008-12-02,14.533291060882972,14.925847611022098,14.39371576835989,14.92148494720459,450600
2008-12-03,14.664149086201158,15.497240204788605,14.664149086201158,15.222452163696289,509400
2008-12-04,15.100316487001104,15.462341060091807,14.794994898680866,15.139572143554688,558000
2008-12-05,14.982555746870453,15.95522390102299,14.611809019388977,15.937776565551758,493400
2008-12-08,16.177675816586806,16.63565767679027,16.15150480656635,16.413209915161133,531400
2008-12-09,16.26490281494109,16.66618145372998,16.00319783567655,16.06862449645996,721600
2008-12-10,16.26926583928957,16.74469486368748,15.985754156328547,16.24745750427246,305200
2008-12-11,16.06426723751026,16.387034624091193,15.728413517402894,15.88979721069336,371800
2008-12-12,15.654266361940245,15.881076777448673,15.418732276927281,15.702245712280273,458200
2008-12-15,15.745857867914792,15.985754550628121,15.1701091571415,15.383834838867188,789200
2008-12-16,15.523409849725294,16.356500895445198,15.488515182491073,16.33032989501953,463400
2008-12-17,16.138407338189307,16.6051124983734,16.112236348918465,16.48298454284668,393600
2008-12-18,16.404479048825888,17.036930703981536,16.369584384106233,16.64873504638672,355800
2008-12-19,16.78831940610471,17.145981557034645,16.28671919586715,16.413209915161133,1045600
2008-12-22,16.45245495570239,16.456815955949846,15.449255184164363,15.898514747619629,880800
2008-12-23,16.029375406526587,16.099163096843746,15.505966897212986,15.662989616394043,480400
2008-12-24,15.676071834233294,15.806925188978548,15.501603467688827,15.654263496398926,183600
2008-12-26,15.702239093210942,16.064263737628263,15.702239093210942,15.994474411010742,245000
2008-12-29,15.994475705624462,15.994475705624462,15.553941360843256,15.658623695373535,440200
2008-12-30,15.828737335663686,16.413209915161133,15.737141296396976,16.413209915161133,267600
2008-12-31,16.46554048007818,16.63128678390664,16.23436918590852,16.47426414489746,692000
2009-01-02,16.49607934111685,16.722889729215836,16.07735323872009,16.622570037841797,397000
2009-01-05,16.788312877187277,16.792673878559746,15.963943852771424,16.177669525146484,512400
2009-01-06,16.269266315087506,16.426288993993737,15.693517601677563,15.820008277893066,539000
2009-01-07,15.492875408967224,15.610642396540063,14.96510612915006,15.143937110900879,922200
2009-01-08,15.161385068896095,15.47106941510273,14.895320720326254,15.344578742980957,523200
2009-01-09,15.318406170024172,15.318406170024172,14.751381200216,14.786275863647461,390600
2009-01-12,14.80808446420819,15.07415045414375,14.690317468800524,14.76010513305664,325000
2009-01-13,14.707766583595038,15.235535962495922,14.707766583595038,15.09596061706543,290800
2009-01-14,14.930215109934535,15.091598800187564,14.424254038331712,14.467870712280273,442800
2009-01-15,14.498405629093265,14.646704662705114,14.062232196572488,14.598725318908691,341200
2009-01-16,14.804648451914254,14.804648451914254,14.331459727351628,14.638155937194824,485400
2009-01-20,14.37088689849071,14.471658163279285,13.770639942419944,13.818835258483887,600200
2009-01-21,13.97656061148622,14.712631239435032,13.888933772589043,14.668816566467285,484600
2009-01-22,14.327072096940732,14.703869970348864,14.20439267009402,14.563666343688965,441800
2009-01-23,14.239445575913704,14.60309991133561,14.125530746704444,14.322690963745117,381400
2009-01-26,14.533001550162856,14.817791230737829,14.39718016794139,14.664443969726562,460800
2009-01-27,14.756453150170454,15.045623480907054,14.668825422689086,14.979902267456055,800800
2009-01-28,15.225257941963058,15.312885660073636,14.892274618774511,15.045621871948242,520200
2009-01-29,14.839698161218783,14.962377644840487,14.392798267659336,14.629392623901367,390400
2009-01-30,14.778353968916926,14.861599358695171,14.476040180539806,14.55490493774414,390600
2009-02-02,14.405941293878248,15.093816071868362,14.366508907244949,15.019331932067871,666000
2009-02-03,15.106959427524052,15.150774118356281,14.646916037622773,14.914179801940918,493000
2009-02-04,14.944849272376857,15.431181477510743,14.944849272376857,15.15953540802002,628200
2009-02-05,15.098197733466902,15.461852176221948,15.019332954829897,15.238401412963867,307400
2009-02-06,15.177061232239083,15.492520320184788,14.993044545177128,15.339171409606934,442000
2009-02-09,15.30412191839784,15.35231724439871,14.80902675769746,14.918560981750488,468400
2009-02-10,14.865989011207612,15.085057518096777,14.58558158980709,14.681970596313477,459400
2009-02-11,14.760831937566666,15.089434620987328,14.734544792563206,14.966756820678711,282000
2009-02-12,14.69511342874121,15.343555902026276,14.69511342874121,15.172682762145996,413800
2009-02-13,15.251543936957962,15.439942911062161,15.155153297734588,15.277831077575684,515200
2009-02-17,14.879132270812988,15.071913622452,14.660063768575954,14.879132270812988,509600
2009-02-18,14.984281929392743,15.006188439558137,14.668822834660395,14.703874588012695,560600
2009-02-19,13.288686021202542,14.278875059283717,12.302878450384313,13.867026329040527,2945000
2009-02-20,13.621679306030273,13.779408892396196,13.428898793325258,13.621679306030273,859600
2009-02-23,13.62167726372624,13.726830026977922,13.262405113696362,13.582244873046875,1060200
2009-02-24,13.810075594624715,14.129915338149909,13.595388609148358,14.059813499450684,566200
2009-02-25,13.827595497483706,14.024756532171152,13.485849369753655,13.76187515258789,528200
2009-02-26,13.989711098149076,13.989711098149076,13.393844657488858,13.420132637023926,478400
2009-02-27,13.25364086906257,13.652345370500647,13.038953894109744,13.45080280303955,714600
2009-03-02,13.205446931286263,13.306219061283594,12.990759933778703,13.003904342651367,715000
2009-03-03,13.187921318080928,13.222972237878837,12.84179275385671,12.929420471191406,596600
2009-03-04,13.091531184209968,13.503380135027461,12.81550528424838,13.293074607849121,501800
2009-03-05,12.911895701182537,13.003904895845553,12.657776301926468,12.692827224731445,794000
2009-03-06,12.762925498742273,12.876841174900072,12.377365455783305,12.64901065826416,288400
2009-03-09,12.482516092002253,12.649008527447446,12.20210883526872,12.320405960083008,412200
2009-03-10,12.561384801467204,12.973233716376894,12.425562598133086,12.951326370239258,463000
2009-03-11,12.995144129091537,13.350034886291823,12.841796002799049,12.854940414428711,773800
2009-03-12,12.859319226107841,13.35879506523978,12.578911019080886,13.306219100952148,639600
2009-03-13,13.306218507503747,13.753117526736775,13.192302809054592,13.643583297729492,296400
2009-03-16,13.731209221316602,13.796929582999077,13.166012272351901,13.187919616699219,429200
2009-03-17,13.218592572223308,13.507762908935547,13.047719419351518,13.507762908935547,302200
2009-03-18,13.503376254633677,14.103623212092051,13.30621519294107,13.941513061523438,461600
2009-03-19,14.055436705224214,14.064197975015189,13.687400697998475,13.757502555847168,324800
2009-03-20,13.823218713282683,14.230686159645202,13.691777978956623,13.709303855895996,446200
2009-03-23,13.998477791848021,14.533003807067871,13.87579912830771,14.533003807067871,385800
2009-03-24,14.370891443838053,14.63815524737291,14.195637668872106,14.208781242370605,568800
2009-03-25,14.278881326093373,14.655679319284015,14.072956452754395,14.524238586425781,546200
2009-03-26,14.68196446297329,15.198966056964888,14.646914385620308,15.185822486877441,559200
2009-03-27,14.95799010911053,15.04123717091696,14.493566170018893,14.607481002807617,422600
2009-03-30,14.327071935688116,14.50232563136096,14.182486007182948,14.313926696777344,438800
2009-03-31,14.532998707685026,14.730160627108319,14.15620241555986,14.37527084350586,473400
2009-04-01,14.16496804010186,14.436612474300722,13.801313578479698,14.335841178894043,438000
2009-04-02,14.64691318691488,15.150771169583223,14.611861441071168,14.760828018188477,583600
2009-04-03,14.760831245646429,14.760831245646429,14.410322067366591,14.646916389465332,327000
2009-04-06,14.502330307793018,14.730161689857534,14.357746004024138,14.594340324401855,472800
2009-04-07,14.414702506812851,14.598719174836123,14.143056466360331,14.178108215332031,487600
2009-04-08,14.256975957369427,14.40594257889876,14.121152908770416,14.353364944458008,344000
2009-04-09,14.664444228476167,15.010571148203157,14.594342383439836,14.865986824035645,451200
2009-04-13,14.64691818399634,14.90979968207439,14.598722852698074,14.83969783782959,381200
2009-04-14,14.629390447818851,14.822171748537327,14.554907978984597,14.703874588012695,331200
2009-04-15,14.646917748022068,14.9054186043603,14.541764149104925,14.765214920043945,399000
2009-04-16,14.830932289914088,15.05876366147865,14.572431471346556,14.962374687194824,363000
2009-04-17,15.010565998190401,15.308499155216133,15.010565998190401,15.14638900756836,457200
2009-04-20,14.961568304437176,14.987971676344632,14.455514587388816,14.618332862854004,535800
2009-04-21,14.591934538211095,14.789955699404496,14.433517609256374,14.666743278503418,392200
2009-04-22,14.48191710124915,14.763546337004604,14.349903606819115,14.499519348144531,317000
2009-04-23,14.468718818322529,14.61393318432539,13.975866729127564,14.151885032653809,438400
2009-04-24,14.24429869754208,14.50832749282014,14.200294737650804,14.376312255859375,448800
2009-04-27,14.160687123995606,14.640337558412229,13.843853316705928,14.411513328552246,807000
2009-04-28,14.253100563188884,14.798758758766335,14.253100563188884,14.600737571716309,579200
2009-04-29,14.75475282367671,14.987978518725633,14.54353078791726,14.772355079650879,824200
2009-04-30,14.473119034637284,14.697543533346943,14.310302413073517,14.367508888244629,898000
2009-05-01,14.376309987447307,14.473120698304689,14.129885165109542,14.213493347167969,514200
2009-05-04,14.371905349506259,14.613930365252276,14.235490456181989,14.60512924194336,513200
2009-05-05,14.561129579267316,14.644737757285894,14.301502240675482,14.627137184143066,513600
2009-05-06,14.754746568344899,14.767949094050024,14.275096207581337,14.596329689025879,403200
2009-05-07,14.631544057783685,14.631544057783685,14.433522825032261,14.490729331970215,522200
2009-05-08,14.67113554886202,14.847154642415191,14.587527402677631,14.807550430297852,975800
2009-05-11,14.561130265226279,14.82955874235646,14.517126312331548,14.732748031616211,873400
2009-05-12,14.838360757891138,14.987976556799818,14.684343556243299,14.965972900390625,799800
2009-05-13,14.69754429313249,15.0099767037728,14.66674119228869,14.693142890930176,588000
2009-05-14,14.772349245273828,15.001173446632745,14.54792644549187,14.591930389404297,613000
2009-05-15,14.495125099292908,14.495125099292908,14.235497704729843,14.389514923095703,635800
2009-05-18,14.53472622657564,14.741548488808302,14.44231692250522,14.715145111083984,349400
2009-05-19,14.657935981796863,14.741544135267631,14.591928396301299,14.60512924194336,353800
2009-05-20,14.679942498478013,14.728347852351337,14.270699370367542,14.323504447937012,395200
2009-05-21,14.116683032721953,14.191490081667348,13.764645565862871,14.01107120513916,432200
2009-05-22,14.059473873897764,14.222290468326081,14.02427021786018,14.112278938293457,413400
2009-05-26,14.00667058153741,14.371908895766671,13.958265230715687,14.349906921386719,391400
2009-05-27,14.235493502056796,14.41591237188606,14.138684482230378,14.20029067993164,338000
2009-05-28,14.279499658212501,14.371908958195538,13.914261342396713,14.01107120513916,319400
2009-05-29,13.923063220160774,14.222294807434082,13.883458990120387,14.222294807434082,350600
2009-06-01,14.39831068608961,14.613932361360511,14.33230309157811,14.591930389404297,435200
2009-06-02,14.561132802630128,15.031982230954796,14.433518966897108,14.970376014709473,599800
2009-06-03,14.882357546646423,15.058376641296062,14.85155445687911,14.961565971374512,254000
2009-06-04,14.992378625664763,15.084787953920063,14.719550365682823,14.895567893981934,287200
2009-06-05,14.95717104967114,14.987974149324234,14.600733024001448,14.728346824645996,251400
2009-06-08,14.666742790099292,14.719547871778005,14.420316277859829,14.556731224060059,333400
2009-06-09,14.591935159730534,14.662342500193368,14.5215278192677,14.525927543640137,189800
2009-06-10,14.649139855747205,14.811956495897219,14.512724915887723,14.798755645751953,483600
2009-06-11,14.77235886581746,15.093592565782615,14.77235886581746,15.01878547668457,421800
2009-06-12,14.935172876884538,15.08919011030581,14.855964397672146,15.053985595703125,263400
2009-06-15,14.98357093196339,15.058379649659647,14.741545887450236,15.036375999450684,545800
2009-06-16,15.128792331110494,15.221201651645874,14.965973990765198,14.97917652130127,287000
2009-06-17,15.014384281458785,15.291614012716842,14.921974930587425,15.106795310974121,316600
2009-06-18,15.045185818181144,15.234405904554308,14.965977331855457,15.20360279083252,276200
2009-06-19,15.203596873427482,15.401618012169722,15.155191519663473,15.207998275756836,448000
2009-06-22,15.102385254330839,15.128788630300756,14.693142159333725,14.820755958557129,343600
2009-06-23,14.943969231585475,14.965971206861651,14.627137094593678,14.640337944030762,182200
2009-06-24,14.81195295961043,14.943966465475063,14.7371459217895,14.781149864196777,267000
2009-06-25,14.767952166446157,15.106787966895364,14.69314343402958,15.08918571472168,200400
2009-06-26,15.040785330208484,15.300412760303063,14.706349142979679,15.26520824432373,724000
2009-06-29,15.251999873568128,15.485223801739343,14.983571446767277,15.318007469177246,338200
2009-06-30,15.278401788167509,15.445618104757324,15.234396169083826,15.335606575012207,258600
2009-07-01,15.406021824064982,15.520434813985249,15.344415604251113,15.450027465820312,294600
2009-07-02,15.212390496612466,15.212390496612466,14.825149536132812,14.825149536132812,297000
2009-07-06,14.807555236630051,14.983572708673629,14.737147912084014,14.767951011657715,251400
2009-07-07,14.772351605463585,14.807556109132465,14.587532997131348,14.587532997131348,342200
2009-07-08,14.679942170985125,14.728347523778583,14.376309204787301,14.640337944030762,352800
2009-07-09,14.706350131249225,14.706350131249225,14.270705127913699,14.283905982971191,871800
2009-07-10,14.195894666656049,14.323508512417225,14.094684206493481,14.191494941711426,271600
2009-07-13,14.182689476617734,14.446718215942383,13.92746270245644,14.446718215942383,443000
2009-07-14,14.393916704390852,14.459924332928434,14.266302851161514,14.336711883544922,262800
2009-07-15,14.495122087702418,14.72394632677916,14.389511933447391,14.701944351196289,343600
2009-07-16,14.530325086499351,14.891162820340893,14.530325086499351,14.86475944519043,203400
2009-07-17,14.904366978991547,15.26080506879767,14.662341861606649,15.0803861618042,579400
2009-07-20,15.226235731792151,15.226235731792151,14.806353721877668,15.053863525390625,205600
2009-07-21,15.089223392890071,15.243917675796368,14.996407834760006,15.235077857971191,249000
2009-07-22,15.159938393247787,15.296953023727315,15.137839694402095,15.177618026733398,153200
2009-07-23,15.124586387381111,15.522368171298076,15.124586387381111,15.517949104309082,330600
2009-07-24,15.420710279873465,15.769875526428223,15.420710279873465,15.769875526428223,309000
2009-07-27,15.721255265874785,15.937826576922745,15.659378230153303,15.920146942138672,234600
2009-07-28,15.92015131800335,16.127882868757045,15.774296819978867,16.021806716918945,839800
2009-07-29,15.845008221505367,16.10577691512729,15.743352857689722,15.871527671813965,300600
2009-07-30,16.026225440975043,16.242796806917486,15.90247133816405,16.136720657348633,576800
2009-07-31,16.05274084529262,16.34002900971036,16.05274084529262,16.13229751586914,248400
2009-08-03,16.317930534542985,16.485883712768555,16.119040520828175,16.485883712768555,284000
2009-08-04,17.67923416218929,18.138894655051768,16.81295209288757,17.498022079467773,790400
2009-08-05,17.462653489248506,17.727842871873225,16.061575738362485,17.617347717285156,1123800
2009-08-06,17.64387593433093,17.741112267535645,17.285872500301295,17.60409927368164,1169400
2009-08-07,17.838337244562382,18.010709408400704,17.162107467651367,17.162107467651367,1219000
2009-08-10,17.064879607474666,17.608515809849766,17.064879607474666,17.33890724182129,505800
2009-08-11,17.299126582512276,17.511277143835233,17.24166861193852,17.42730140686035,249200
2009-08-12,17.312389244032744,17.754370098087477,17.312389244032744,17.498022079467773,558800
2009-08-13,17.59084120283095,17.59084120283095,17.40078926236577,17.56432342529297,182800
2009-08-14,17.511272407155666,17.573149426718036,17.22840506857207,17.440555572509766,331200
2009-08-17,17.232833698762263,17.484762642758074,17.086979212226215,17.254932403564453,613200
2009-08-18,17.268190275825148,17.4405625235986,17.0958180280517,17.383106231689453,725000
2009-08-19,17.21515866156653,17.630620155365705,17.21515866156653,17.524545669555664,360400
2009-08-20,17.40078602996929,17.81624911847123,17.37426825735729,17.736692428588867,638200
2009-08-21,17.900228759428572,18.054921419977177,17.860450405855566,17.904647827148438,616800
2009-08-24,17.89580091688718,18.08143201852528,17.820663314303143,18.054912567138672,227400
2009-08-25,18.152154527474888,18.21845233359477,17.948843728208022,18.028400421142578,173400
2009-08-26,18.050499905817993,18.050499905817993,17.79857092934151,17.89580726623535,183400
2009-08-27,17.802989996462447,17.97536227657548,17.604099941577147,17.89580726623535,107600
2009-08-28,17.99745684379485,18.00187590948517,17.58641460766134,17.732267379760742,248400
2009-08-31,17.595255003812735,17.811824636240146,17.595255003812735,17.763206481933594,385200
2009-09-01,17.70132420063506,17.82949899019861,17.63502811660112,17.6969051361084,611400
2009-09-02,17.595252364126836,17.820661780431912,17.595252364126836,17.68364715576172,335000
2009-09-03,17.679234444557565,17.767630953984987,17.533379951098837,17.736692428588867,298200
2009-09-04,17.58200181579672,17.957686638422043,17.58200181579672,17.9488468170166,164600
2009-09-08,18.16099390306041,18.16099390306041,17.71017321613476,17.81182861328125,334000
2009-09-09,18.18750548054967,18.18750548054967,17.701325725637165,17.856019973754883,406000
2009-09-10,17.85602315604199,18.015134811401367,17.648291661901645,18.015134811401367,574400
2009-09-11,18.015136880548642,18.07259485731888,17.891382794603185,17.993038177490234,152200
2009-09-14,17.91790313023562,18.205189656155916,17.891383673648782,18.191930770874023,176000
2009-09-15,18.138887635056207,18.16540539698194,17.939995990500712,18.001873016357422,275200
2009-09-16,18.00629624764089,18.00629624764089,17.661550120916736,17.891380310058594,410000
2009-09-17,17.935583365518326,18.054916709077265,17.882544450577566,18.010719299316406,138400
2009-09-18,18.032816424534705,18.032816424534705,17.69249100391442,17.82508659362793,558000
2009-09-21,17.745528854075413,17.83834441251162,17.581994752804547,17.78972625732422,512400
2009-09-22,17.873703652571418,17.873703652571418,17.64387342515072,17.785308837890625,277000
2009-09-23,17.794150753381487,17.948845084005228,17.679236458253126,17.692495346069336,164200
2009-09-24,17.763203817051174,17.842760478340633,17.630609943576275,17.68364715576172,302800
2009-09-25,17.581992369454767,17.758785330530305,17.56873348748202,17.643869400024414,268000
2009-09-28,17.736685464806747,18.214023730665073,17.705746951557714,18.12120819091797,384000
2009-09-29,18.191927952663953,18.191927952663953,17.99303627413172,18.063753128051758,181600
2009-09-30,18.028403523642034,18.08144076605114,17.67481909754208,17.9488468170166,199400
2009-10-01,17.825090162532046,17.829509229596557,17.515703201293945,17.515703201293945,259200
2009-10-02,17.383103586529614,17.60409396000074,17.383103586529614,17.44498062133789,207000
2009-10-05,17.475921354625214,17.82508659362793,17.268189837695477,17.82508659362793,548400
2009-10-06,17.794147394039236,17.97535946608452,17.639454778643163,17.767629623413086,248600
2009-10-07,17.749947502870462,17.913479914275488,17.749947502870462,17.878122329711914,193000
2009-10-08,18.001878170546522,18.001878170546522,17.69249126665868,17.7587890625,290800
2009-10-09,17.763206709159263,18.094692289828473,17.696910604639132,18.04607582092285,335800
2009-10-12,18.00629007232426,18.03280782880833,17.85159585340448,17.909053802490234,120000
2009-10-13,17.851607535407577,17.917905342047032,17.767631774884432,17.8427677154541,217000
2009-10-14,17.97977803037987,18.050494886815052,17.82066468189499,18.04607582092285,214400
2009-10-15,17.966513357808104,18.037230191458082,17.838338569935548,17.9532527923584,178400
2009-10-16,17.891383953454884,18.072596027907956,17.76320910698189,17.98419952392578,189200
2009-10-19,18.064066502002913,18.423484802246094,17.9131997492355,18.423484802246094,240800
2009-10-20,18.396862368139164,18.396862368139164,17.780084075137786,17.975322723388672,257400
2009-10-21,17.926509976475923,18.290364732782244,17.815578607048916,17.83332633972168,1109200
2009-10-22,17.793396015396645,18.25043453782081,17.64252924256632,18.228248596191406,238200
2009-10-23,18.232679728303893,18.44123124198531,18.174994942942963,18.250429153442383,300000
2009-10-26,18.25043226950679,18.5344163494965,18.192747474296805,18.21049690246582,203800
2009-10-27,18.263745386868532,18.53441827011918,18.170563418343203,18.32586669921875,278000
2009-10-28,18.254864153733912,18.33029835799502,17.935381298375262,17.9531307220459,268200
2009-10-29,18.08181410763429,18.08181410763429,17.651399831390556,17.766769409179688,618000
2009-10-30,17.620344369120005,17.757899923847372,17.482790507071588,17.513851165771484,372800
2009-11-02,17.60703205959746,17.753460628370703,17.48278943243485,17.682464599609375,305200
2009-11-03,17.07455641177853,17.07455641177853,16.386782250493656,16.644142150878906,760000
2009-11-04,16.803890687929016,16.88819964873921,16.262546520295075,16.266983032226562,371600
2009-11-05,16.333535715871157,16.88819257224534,16.27585092885829,16.866004943847656,569000
2009-11-06,16.75508799565714,17.0035750905792,16.732902040839775,16.937015533447266,223800
2009-11-09,17.03018863878552,17.207677859393307,16.937004978336727,17.2032413482666,228600
2009-11-10,17.15886688232422,17.287547703138998,16.968066445568248,17.15886688232422,312000
2009-11-11,17.314169957241738,17.358541832077353,17.123367848627257,17.149991989135742,238200
2009-11-12,17.167739470912515,17.23429897486532,16.75951281185892,16.812759399414062,278800
2009-11-13,16.92369496583547,17.065687029575127,16.66633498506193,16.941444396972656,156600
2009-11-16,16.976937136959613,17.496096859850635,16.96806411638508,17.34079360961914,406400
2009-11-17,17.30973281525032,17.598155097397875,17.216550856776298,17.549345016479492,320200
2009-11-18,17.4384171172615,17.527162582798805,17.314174481116652,17.411794662475586,291600
2009-11-19,17.318613255336068,17.36298684024154,16.985818985601377,17.216556549072266,1319000
2009-11-20,17.11449210275655,17.3629789878111,17.11449210275655,17.318605422973633,1234600
2009-11-23,17.571537688197253,18.11288360373412,17.571537688197253,17.717967987060547,304800
2009-11-24,17.6780274297789,17.74458694481002,17.482788781128413,17.522724151611328,263400
2009-11-25,17.522726071227478,17.722401252837706,17.371859287617745,17.411794662475586,184200
2009-11-27,17.16331258221918,17.32305412711329,17.030195192367234,17.14112663269043,85400
2009-11-30,17.06125326029219,17.145560532725696,16.77726908716965,17.10562515258789,286400
2009-12-01,17.252054550958526,17.509414559774264,17.04350294406989,17.16774559020996,262600
2009-12-02,17.216556034406665,17.456168307695762,17.145559993359427,17.291990280151367,288200
2009-12-03,17.300860125967667,17.42066453620324,16.994688409849516,17.00800132751465,229600
2009-12-04,17.207679397616857,17.602594937668936,17.207679397616857,17.513851165771484,291400
2009-12-07,17.513855544376533,17.61591226171676,17.27424323791893,17.327489852905273,274800
2009-12-08,17.26092839926888,17.345235663097686,16.950320106863202,17.22542953491211,145600
2009-12-09,17.23430547219657,17.3718610423075,16.976943765410795,17.185495376586914,143200
2009-12-10,17.20767578440987,17.646964810849262,17.20767578440987,17.305295944213867,415800
2009-12-11,17.34522585202943,17.678019900078592,17.34522585202943,17.536027908325195,330400
2009-12-14,17.593723258636235,17.775650713210066,17.451731181538563,17.709091186523438,318600
2009-12-15,17.611462055468554,17.95756904873135,17.5582154767659,17.735706329345703,298000
2009-12-16,17.76677863097218,17.85996062800569,17.513855100350174,17.638097763061523,251000
2009-12-17,17.575963674886165,17.678020315565178,17.212108975881648,17.2298583984375,538000
2009-12-18,17.38072847302343,17.41179081787992,17.15886570450787,17.305295944213867,783400
2009-12-21,17.442854265038346,17.567096893658107,17.35854531617877,17.46504020690918,273000
2009-12-22,17.46503724072008,17.607029275792716,17.29642106431686,17.407352447509766,416400
2009-12-23,17.53603778054094,17.584847872561795,17.389607504478388,17.558223724365234,460800
2009-12-24,17.64253047199959,17.64253047199959,17.482790665528988,17.527162551879883,91200
2009-12-28,17.642538417450126,17.691348530025493,17.40736426705579,17.660287857055664,149200
2009-12-29,17.6469658849032,17.775646704717037,17.527159779491562,17.700212478637695,429200
2009-12-30,17.589282629237417,17.744587605869526,17.553785461196178,17.682464599609375,206400
2009-12-31,17.70022077141078,17.713532002911208,17.385175879584416,17.39405059814453,117400
2010-01-04,17.553786540196917,17.624782573322246,17.442855132646155,17.513851165771484,232800
2010-01-05,17.536039065458795,17.536039065458795,17.198806600975068,17.291990280151367,245800
2010-01-06,17.24761375171729,17.323047984582363,17.047936891402504,17.123371124267578,272800
2010-01-07,17.118941166229124,17.20324845388916,16.928138948074757,17.176624298095703,130600
2010-01-08,17.065687187997078,17.25205283130975,17.065687187997078,17.172182083129883,146200
2010-01-11,17.26536842136772,17.26536842136772,16.990258937383572,17.096752166748047,282600
2010-01-12,17.021310968634975,17.11449292022684,16.963626177930177,17.034622192382812,203400
2010-01-13,17.047939829911815,17.16330945472581,16.883761802100206,17.07456398010254,341000
2010-01-14,17.012443006937318,17.141123863164065,16.94588347642578,17.092313766479492,280000
2010-01-15,17.083401163088567,17.154693327107758,16.7403070925777,17.007652282714844,295800
2010-01-19,17.09230515490827,17.359650223964124,17.052203224576044,17.297269821166992,217800
2010-01-20,17.20815776220268,17.306185100846932,16.949724369057165,17.136865615844727,225800
2010-01-21,17.176974243632845,17.176974243632845,16.753676216151824,16.811601638793945,223000
2010-01-22,16.798238501066784,16.882897444879596,16.535348233738727,16.557626724243164,129200
2010-01-25,16.624459245568964,16.624459245568964,16.29027688225492,16.352657318115234,174400
2010-01-26,16.30809403799325,16.37493117165066,16.17887818585527,16.187789916992188,198400
2010-01-27,16.06748401912146,16.30363894402986,16.040748825839053,16.26799201965332,317800
2010-01-28,16.294733457029466,16.294733457029466,15.924905823469997,16.018476486206055,282400
2010-01-29,16.049660633978377,16.241258604074762,16.04074890284146,16.187789916992188,220800
2010-02-01,16.214531611937506,16.214531611937506,15.96946483080432,16.138784408569336,164000
2010-02-02,16.120950953207057,16.40166450306573,16.040747081818864,16.348194122314453,215400
2010-02-03,16.272450582526616,16.32591927542297,16.080852591597324,16.22789192199707,198400
2010-02-04,16.152146342163388,16.152146342163388,15.791228805094427,15.813508987426758,221200
2010-02-05,15.83578704948446,16.009561588730556,15.626365579244693,15.996194839477539,362600
2010-02-08,15.973917154840683,15.973917154840683,15.795687571228461,15.822421073913574,345800
2010-02-09,16.01401986772778,16.147694186447932,15.79123160284695,16.09868049621582,370600
2010-02-10,16.009561372747104,16.018473105375296,15.742216192858182,15.942724227905273,166200
2010-02-11,15.8536157104866,16.196708185172334,15.693207867925084,16.17888641357422,221200
2010-02-12,16.04520651906567,16.259084701538086,16.00510457231949,16.259084701538086,260600
2010-02-16,16.343741834424563,16.39275550842285,16.06302823772281,16.39275550842285,117800
2010-02-17,16.401665465637052,16.477412626538683,16.34374006629304,16.472957611083984,166400
2010-02-18,16.486325468498336,17.45768207802681,16.481870452743333,17.381933212280273,534800
2010-02-19,17.377483046455865,17.377483046455865,16.940818291821344,17.02993392944336,363400
2010-02-22,17.132411588299735,17.18142526044831,16.918535136892363,16.945268630981445,264200
2010-02-23,17.003189431077995,17.20815409571862,16.96754421536325,17.150230407714844,496800
2010-02-24,17.150242547372347,17.341838904468666,17.08340538345665,17.221534729003906,199800
2010-02-25,17.052208412273377,17.44431610595071,17.047751696581457,17.43985939025879,304800
2010-02-26,17.502233360387606,17.600260672607018,17.332915620766567,17.355194091796875,383600
2010-03-01,17.462140940069336,17.938907618599345,17.41312895701297,17.885438919067383,596000
2010-03-02,17.858702565460103,18.139414467951354,17.79186542692083,18.06366729736328,482600
2010-03-03,18.148321695484732,18.18396861378884,18.023560880897605,18.032472610473633,204000
2010-03-04,18.01911309517951,18.045848297155576,17.8587069825415,18.041393280029297,128400
2010-03-05,18.1082205511372,18.23298137115947,17.99682647619198,18.210702896118164,194400
2010-03-08,18.15278286670552,18.255265232381625,18.05029880129038,18.07703399658203,109200
2010-03-09,17.983464078928765,18.17951708632564,17.952273866382424,18.148326873779297,139400
2010-03-10,18.094853328797544,18.250804349712077,18.036927935427013,18.246349334716797,226200
2010-03-11,18.117131635437413,18.246349165706064,18.085941431543414,18.1126766204834,181800
2010-03-12,18.215163302755514,18.224075034525974,17.947816448858834,18.130502700805664,188200
2010-03-15,18.157241439819334,18.380029678344727,18.15278642293415,18.380029678344727,240200
2010-03-16,18.38893537851093,18.62063527452616,18.290908041805576,18.602811813354492,305600
2010-03-17,18.625094932045425,18.821149654320568,18.50924580503312,18.700843811035156,249800
2010-03-18,18.642915677536198,18.803323445178872,18.620637198638935,18.656282424926758,129200
2010-03-19,18.70530891418457,18.847893316504766,18.50034404831681,18.70530891418457,439800
2010-03-22,18.576080958887534,19.02611410998595,18.576080958887534,19.017202377319336,200200
2010-03-23,19.079576093112273,19.28899748774495,18.905801616603714,19.2756290435791,221200
2010-03-24,19.248903242911375,19.253358259586957,18.638463973999023,18.638463973999023,268600
2010-03-25,18.816690756376026,18.816690756376026,18.46914171589591,18.48696517944336,210600
2010-03-26,18.571619604415638,18.60726482317811,18.34883146299965,18.509239196777344,186200
2010-03-29,18.50033336270125,18.67410789642472,18.50033336270125,18.62955093383789,101000
2010-03-30,18.696390957496426,18.754316382839775,18.518161363751677,18.740949630737305,181000
2010-03-31,18.629552246310656,18.896897440144734,18.620640513217616,18.691932678222656,302200
2010-04-01,18.807778761682606,18.86124915157748,18.607269048924355,18.80332374572754,298600
2010-04-05,18.807777629680817,18.923628434407878,18.732030464830665,18.861248016357422,216200
2010-04-06,18.74985951413433,19.02165974523958,18.709757562046764,18.941455841064453,163200
2010-04-07,19.0082892882005,19.09294819288318,18.861249959042258,19.021656036376953,199000
2010-04-08,19.039487752032116,19.1330584292984,18.781054210095736,18.95928382873535,301000
2010-04-09,18.96372730877025,19.01719598706391,18.749850895856955,18.986005783081055,253000
2010-04-12,18.977089806489857,19.13749750521154,18.87906250177366,19.075117111206055,193800
2010-04-13,19.026115912926247,19.070672880742393,18.914721793646514,18.990468978881836,409600
2010-04-14,19.026110260895468,19.489510067375782,18.936994651997118,19.4538631439209,359800
2010-04-15,19.38257384265803,19.632097244262695,19.355838646141386,19.632097244262695,250000
2010-04-16,19.618729087776966,19.774681853500365,19.271180026589676,19.36920738220215,291400
2010-04-19,19.360261829881114,19.46312279694686,19.167956024404777,19.436288833618164,264200
2010-04-20,19.458652227272093,19.93718192106514,19.458652227272093,19.932708740234375,217000
2010-04-21,19.892465062338356,20.05346550382979,19.58835349641435,19.82090950012207,581600
2010-04-22,19.601764946446632,19.655431174107232,19.08745833780849,19.127708435058594,629600
2010-04-23,19.172430161485924,19.199264128541603,18.9711796736149,18.98906898498535,665800
2010-04-26,18.989061759453595,19.109812006229507,18.667062807402473,18.71178436279297,505600
2010-04-27,18.582093180242765,18.72520423333682,18.336121164363504,18.515010833740234,528600
2010-04-28,18.541846912010282,18.743097405038778,18.5150146502856,18.667070388793945,965400
2010-04-29,18.71179297424453,19.11429398206799,18.71179297424453,19.08298683166504,664600
2010-04-30,19.14112652679021,19.261876830913362,18.711793249475978,18.716264724731445,410200
2010-05-03,18.84147135122101,19.235025650273148,18.801221285861445,19.09638786315918,485600
2010-05-04,18.90856426199785,19.006953744956395,18.693897695012293,18.7967586517334,393800
2010-05-05,18.599983650538864,18.828066372527736,18.519483464891394,18.702844619750977,410200
2010-05-06,18.653647478449475,18.738620833516183,17.508759129087796,18.340591430664062,1428000
2010-05-07,18.26009229987956,18.41214628550495,17.830757478403704,18.07225799560547,619600
2010-05-10,18.66259380355504,18.814649514326668,18.295871508050233,18.61787223815918,343200
2010-05-11,18.47922943053526,18.74309071476194,18.474757957183446,18.582090377807617,275200
2010-05-12,18.604450872874764,18.94434084704329,18.50606310647275,18.935396194458008,250800
2010-05-13,18.841476773712362,19.006948554027154,18.778865922026643,18.868309020996094,221600
2010-05-14,18.725200645554086,18.778868559695226,18.215367403339208,18.38978385925293,288400
2010-05-17,18.465820755896377,18.70732135877958,18.125930639389924,18.6134033203125,274000
2010-05-18,18.79676035969232,18.872789068709938,18.55526151615128,18.738622665405273,509800
2010-05-19,18.649176540279022,18.73414819176771,18.3405919573635,18.3674259185791,326000
2010-05-20,18.112514511647724,18.34507045824792,17.656347274780273,17.656347274780273,610200
2010-05-21,17.37011200828119,17.88888974257517,17.37011200828119,17.763668060302734,842600
2010-05-24,17.696594871361892,17.866539905604583,17.517705182051852,17.540067672729492,220400
2010-05-25,17.20465009090599,17.41931668580921,17.039176537861437,17.347761154174805,387200
2010-05-26,17.432726810937243,17.625032555852062,17.24936571764845,17.30303192138672,726800
2010-05-27,17.602677144287625,17.853120642068532,17.455092906508124,17.839704513549805,371000
2010-05-28,17.80393115284079,17.964929845228994,17.540069767900277,17.598207473754883,220000
2010-06-01,17.43721081978451,17.620572026956573,17.200181669523857,17.21807098388672,328200
2010-06-02,17.227000545813393,17.66974959921,17.088361040013208,17.66080665588379,365800
2010-06-03,17.82629723301455,17.915742114911076,17.678712921982395,17.754741668701172,261000
2010-06-04,17.42826060166206,17.499816130262943,16.860287847009527,16.89606475830078,327600
2010-06-07,16.891591117180894,16.949730509841345,16.5606457735962,16.578535079956055,307800
2010-06-08,16.659034555607878,16.708229293030286,16.33256240528055,16.538284301757812,451600
2010-06-09,16.690349696400855,17.06601680268077,16.55171005629097,16.614322662353516,493200
2010-06-10,16.770842448841023,16.846869449053646,16.641147524458926,16.824508666992188,690000
2010-06-11,16.676920334989592,16.918420791625977,16.618780957054675,16.918420791625977,363800
2010-06-14,17.0973207343653,17.218071047734018,16.91843270813007,16.958681106567383,283600
2010-06-15,16.994454948227766,17.200176888156623,16.896065452601597,17.19570541381836,264400
2010-06-16,17.043650677180313,17.213595714130857,17.043650677180313,17.110733032226562,227600
2010-06-17,17.23148449346879,17.23148449346879,16.88712292149158,16.981040954589844,263000
2010-06-18,17.04364167175909,17.083891745927154,16.828975178201958,16.909475326538086,405200
2010-06-21,17.128613292328275,17.276197466283726,16.815557349467507,16.909475326538086,215800
2010-06-22,16.985511304651492,17.177817126994764,16.66351054053838,16.68587303161621,415000
2010-06-23,16.63219816769685,16.699282200931613,16.435420952768894,16.61878204345703,634400
2010-06-24,16.556177587225466,16.708233309438413,16.506982837977382,16.55170440673828,301400
2010-06-25,16.641144800470748,16.694812715855328,16.283367227997065,16.542757034301758,622800
2010-06-28,16.547238580296035,16.779794570471136,16.38176667217842,16.614322662353516,216600
2010-06-29,16.354925812492755,16.471204611634793,16.171564665554943,16.243120193481445,477800
2010-06-30,16.25654783737157,16.399658994599207,16.18052078147795,16.31916046142578,458800
2010-07-01,16.287835908082307,16.332559163233235,15.921113745933411,16.2744197845459,490600
2010-07-02,16.350457596051573,16.350457596051573,16.03740145924282,16.126846313476562,324000
2010-07-06,16.265476990688942,16.457782744750823,16.082115888678537,16.229700088500977,624400
2010-07-07,16.229705161327793,16.243121290589443,16.06423160568127,16.234176635742188,603400
2010-07-08,16.332563642412335,16.426479944959066,16.149202511051396,16.26995277404785,443600
2010-07-09,16.283372726569272,16.422012329101562,16.19392787674259,16.422012329101562,320200
2010-07-12,16.39964602672362,16.44436929425495,16.113423938595943,16.314674377441406,573000
2010-07-13,16.475670282771766,16.565115087680695,16.261003774600983,16.533809661865234,437200
2010-07-14,16.435420091053754,16.47567016768072,16.131308780098415,16.2744197845459,297600
2010-07-15,16.26995826786933,16.274429743111718,15.96137358956247,16.225234985351562,252200
2010-07-16,16.091059673484345,16.162615180021646,15.742226792367225,15.778003692626953,816400
2010-07-19,15.822937206707778,15.903804141042533,15.602799060176311,15.755547523498535,183400
2010-07-20,15.575843390822495,15.921773796775943,15.517440824701536,15.912788391113281,275800
2010-07-21,15.971189893789502,16.025100604600027,15.494975473013783,15.539900779724121,308200
2010-07-22,15.760041695778927,15.944238228082346,15.611785072471081,15.728591918945312,567200
2010-07-23,15.64322655114811,16.029590264524447,15.566853205559394,15.908289909362793,323400
2010-07-26,15.980174481266646,16.317119405747317,15.930755618136333,16.29465675354004,293400
2010-07-27,16.415955330320124,16.537255695475036,16.339580264649108,16.487836837768555,323000
2010-07-28,16.424941440479923,16.546241810859858,16.182340699720058,16.195817947387695,215400
2010-07-29,16.30364406571967,16.321614875105396,15.935251042265856,16.114953994750977,169000
2010-07-30,15.917278670256627,16.375523981861715,15.908293266445876,16.32610511779785,346000
2010-08-02,16.496828452519782,16.63609796163782,16.35755722961078,16.5417537689209,335400
2010-08-03,16.384512187482006,16.420452095080325,15.75105567772031,15.755547523498535,554600
2010-08-04,15.79148168315865,16.236247898049783,15.72858387544786,16.227262496948242,396200
2010-08-05,16.08800844173875,16.15989000546756,15.948737162230332,16.052066802978516,306600
2010-08-06,15.87235496291321,15.899309463268517,15.53540999814615,15.84090518951416,269400
2010-08-09,15.948722119097942,16.070022464813494,15.863363378241836,16.061037063598633,184600
2010-08-10,15.885829366840703,15.939740071682898,15.508451005364519,15.74655818939209,228000
2010-08-11,15.427586669494426,15.517439001774655,15.279330064163446,15.346719741821289,380400
2010-08-12,15.08614867589381,15.580333893849945,15.08614867589381,15.512944221496582,383400
2010-08-13,15.441065092008385,15.441065092008385,15.077165603637695,15.077165603637695,344600
2010-08-16,14.95586003260355,15.162519141443946,14.857022322379782,15.131071090698242,347200
2010-08-17,15.288315618419738,15.795979844050194,15.207448689955038,15.733083724975586,555600
2010-08-18,15.74207056568631,15.966700562181408,15.499469758161796,15.876848220825195,473600
2010-08-19,15.791488593532618,15.863370120010366,15.238897323608398,15.238897323608398,384600
2010-08-20,15.256861169402193,15.261354726763196,15.014260485607778,15.202950477600098,251200
2010-08-23,15.25237517570836,15.43207812190172,15.009774398867142,15.03223705291748,153400
2010-08-24,14.861522491284681,15.131077821523997,14.713265859999362,15.036733627319336,396200
2010-08-25,15.005284761582567,15.39614048370248,14.964851292825964,15.351213455200195,275400
2010-08-26,15.364689428524619,15.41860013843788,15.10411785532782,15.140059471130371,185400
2010-08-27,15.247887588187377,15.445563134344022,14.915436064946089,15.423100471496582,678800
2010-08-30,15.33324117698846,15.391643731240531,15.117596626281738,15.117596626281738,170400
2010-08-31,15.07266933752328,15.292807443106394,14.964847920993584,15.104117393493652,225600
2010-09-01,15.319769137573978,15.562370009425505,15.247887588187377,15.423100471496582,324400
2010-09-02,15.517439192872938,15.701635705109988,15.328749121381659,15.638739585876465,423800
2010-09-03,15.782501718420527,15.872354046596008,15.61627431146917,15.83641242980957,270400
2010-09-07,15.809455776718531,15.809455776718531,14.996296428174603,15.050207138061523,444400
2010-09-08,15.045715523565297,15.202955810557992,15.005282062082806,15.068178176879883,334200
2010-09-09,15.229914799634303,15.315273583309176,14.973836734818779,15.059195518493652,216600
2010-09-10,15.104117663631568,15.16701377669721,14.991802686359907,15.117596626281738,357800
2010-09-13,15.216433830352186,15.450049206993517,15.131075057917936,15.247881889343262,278800
2010-09-14,15.24787926586505,15.256864668858041,15.04571369678913,15.081653594970703,372800
2010-09-15,15.018757176884638,15.274835158617048,14.924413018096981,15.23440170288086,281000
2010-09-16,15.175998287010554,15.175998287010554,14.96035374900042,15.041220664978027,374200
2010-09-17,15.081661590026828,15.131080475790906,14.910942270239454,15.018765449523926,506800
2010-09-20,15.014270640943382,15.301798523875657,14.933405405439698,15.270350456237793,551200
2010-09-21,15.229916366653526,15.315275159111039,15.113107794036843,15.122093200683594,188200
2010-09-22,15.108610952226856,15.216432368756553,15.014265070525227,15.104117393493652,193800
2010-09-23,14.978326413469063,15.099626802481101,14.825577965875087,14.843548774719238,173400
2010-09-24,15.027743467389644,15.027743467389644,14.825576176766555,14.852532386779785,385800
2010-09-27,14.883982237723252,14.897459487461036,14.762681848711214,14.843548774719238,277600
2010-09-28,14.834565812826044,15.108614694554534,14.708773557786452,15.090643882751465,961200
2010-09-29,15.05021134348112,15.391648219892033,15.041225937024116,15.37817096710205,554800
2010-09-30,15.45005200193126,15.535412503598035,15.234407395357445,15.414112091064453,373000
2010-10-01,15.53989465595216,15.53989465595216,15.17599364535395,15.328742027282715,227600
2010-10-04,15.25686520298816,15.306284064284524,14.982816400374102,15.041220664978027,382800
2010-10-05,15.216433189844045,15.378167037156356,15.131074421002817,15.369181632995605,482400
2010-10-06,15.373671869732586,15.512941319651693,15.243386108242253,15.494972229003906,319200
2010-10-07,15.584829630096166,15.724100854630505,15.477008183958795,15.616277694702148,310200
2010-10-08,15.6612016707703,15.818441963131185,15.589320149435231,15.773516654968262,266400
2010-10-11,15.737574697437477,15.872354046596008,15.72409744803787,15.83641242980957,184400
2010-10-12,15.751049660332974,15.966694164912518,15.7330788565038,15.908289909362793,397400
2010-10-13,15.966699967920047,16.290165985456184,15.921772942018636,16.191329956054688,403000
2010-10-14,16.213795079003322,16.26770580449661,16.128436287489695,16.25872039794922,445400
2010-10-15,16.335088927770915,16.4294330878927,16.1598778550332,16.173355102539062,295000
2010-10-18,16.21398223906437,16.32231695928634,16.14627454560736,16.236553192138672,315400
2010-10-19,16.110160096781534,16.182382659304714,15.961201814918226,16.033424377441406,293000
2010-10-20,16.11016877264922,16.317810258406787,16.11016877264922,16.195934295654297,385000
2010-10-21,16.317806850912422,16.426139869455152,16.232041345816953,16.335861206054688,354200
2010-10-22,16.358430945195717,16.381000178884616,16.26363740862689,16.29523468017578,134600
2010-10-25,16.376485807841572,16.49384858174598,16.227527483328696,16.259124755859375,156600
2010-10-26,16.123707075480908,16.35843089332999,16.06953884849271,16.268152236938477,132200
2010-10-27,16.15982125682269,16.227530695317437,16.03794530068567,16.11919593811035,355800
2010-10-28,16.304268172637997,16.47128434603995,16.23204556751811,16.241073608398438,267800
2010-10-29,16.200443301440902,16.200443301440902,16.055998135638717,16.110164642333984,262600
2010-11-01,16.195926851140698,16.299746685337013,16.046966835605645,16.1914119720459,428600
2010-11-02,16.4396767965046,16.71502587349607,16.408079530809363,16.70148468017578,354200
2010-11-03,16.76468178155223,17.25218547887787,16.67440312775984,17.166419982910156,539600
2010-11-04,17.468854562584927,17.762258057644257,17.44628532787609,17.71260643005371,641600
2010-11-05,17.757743411895348,17.766771449407045,17.604270218040675,17.73517417907715,261200
2010-11-08,17.631353695376646,17.744201577324194,17.49593485950197,17.59524154663086,213600
2010-11-09,17.649411634716195,17.649411634716195,17.387605390790476,17.4507999420166,206400
2010-11-10,17.468855112386287,17.70357894897461,17.310867020607574,17.70357894897461,212800
2010-11-11,17.550108142574693,17.62233073896708,17.4462882678808,17.54559326171875,232400
2010-11-12,17.38759717699053,17.545583480424032,17.24766522114831,17.252180099487305,143000
2010-11-15,17.346978297045492,17.423714037972214,17.288296910387164,17.30183982849121,83800
2010-11-16,17.16641668727216,17.274751395409165,16.841416006704687,16.949748992919922,221800
2010-11-17,16.94072450261993,17.062600429060907,16.773710109462495,17.01294708251953,463800
2010-11-18,17.16642655394682,17.50045718426367,17.13482927131286,17.360525131225586,369600
2010-11-19,17.369546600181383,17.3740614799481,17.247670675311667,17.315380096435547,203000
2010-11-22,17.152882551127473,17.34246621595925,17.02649344123962,17.256702423095703,282600
2010-11-23,17.071625978845173,17.143848548219378,16.9226676828517,17.11225128173828,164600
2010-11-24,17.25218609828701,17.536561543348192,17.15739256134445,17.513992309570312,202200
2010-11-26,17.40565299987793,17.527528884480407,17.360512826735416,17.40565299987793,45600
2010-11-29,17.274752203195508,17.37857203730724,17.031000389930476,17.356002807617188,117600
2010-11-30,17.166421232597383,17.27024108934381,17.02197606478303,17.11676788330078,236200
2010-12-01,17.315372798640155,17.60877614869995,17.306344764833817,17.55009651184082,271400
2010-12-02,17.590722912163187,17.590722912163187,17.486903099726174,17.532041549682617,273600
2010-12-03,17.459824826981887,17.541075441572804,17.43725559446709,17.500450134277344,230400
2010-12-06,17.473366207309464,17.52301955252154,17.360518321617327,17.495935440063477,174800
2010-12-07,17.513991329401808,17.563644674087598,17.42371267742056,17.500450134277344,243800
2010-12-08,17.53655674621185,17.59975299419357,17.392111623239877,17.410167694091797,183600
2010-12-09,17.500446333350734,17.500446333350734,17.28377864880709,17.319889068603516,257400
2010-12-10,17.378576194536087,17.89767721119373,17.310866767346912,17.88413429260254,212800
2010-12-13,17.929269272614093,18.267812866299877,17.9066983221643,18.145936965942383,295200
2010-12-14,18.213647216639373,18.50705239459071,18.20462090149435,18.493511199951172,133600
2010-12-15,18.430313840110944,18.70114802296001,18.42579896130781,18.507049560546875,181400
2010-12-16,18.502547407150804,18.881716521784828,18.502547407150804,18.868173599243164,181000
2010-12-17,18.832050749411895,18.94489860534668,18.60184015902882,18.94489860534668,584400
2010-12-20,18.958440566647997,18.958440566647997,18.552187580022576,18.574758529663086,232600
2010-12-21,18.660527039280783,18.78691612425295,18.642470963735576,18.768861770629883,167600
2010-12-22,18.74177781170036,18.90427904910157,18.73274977385339,18.854625701904297,117400
2010-12-23,18.863656581245387,19.03518416040918,18.814003226568666,18.95844841003418,216200
2010-12-27,18.922333945388086,19.084835187448306,18.913307629204475,19.053237915039062,181400
2010-12-28,19.084832983083086,19.084832983083086,18.827539953513387,18.999069213867188,198400
2010-12-29,19.017125287993274,19.080319825512568,18.999069213867188,18.999069213867188,108400
2010-12-30,19.017130503074352,19.224770246699514,19.008102463535543,19.035184860229492,177200
2010-12-31,19.0306635671425,19.0306635671425,18.565730922116188,18.597328186035156,155600
2011-01-03,18.791430656403776,19.08483412993494,18.71920807748142,18.890735626220703,179400
2011-01-04,18.962951146167008,18.976494058495035,18.389685607950593,18.55218505859375,164600
2011-01-05,18.46642375952681,18.678578287548586,18.46642375952681,18.633438110351562,220000
2011-01-06,18.624407298235695,18.624407298235695,18.394198455578184,18.498018264770508,257400
2011-01-07,18.552194352461232,18.606362585066417,18.24524792205449,18.40774917602539,177200
2011-01-10,18.29038511538163,18.470940695345387,18.132397045751034,18.42580223083496,210200
2011-01-11,18.48447762747042,18.556700180456655,18.380657815172796,18.488990783691406,153400
2011-01-12,18.624412746835386,18.624412746835386,18.173021241637105,18.236217498779297,309800
2011-01-13,18.249761446494464,18.321984029346453,18.087260204596937,18.28135871887207,279600
2011-01-14,18.267752504954046,18.517063922590403,18.240555964704882,18.50346565246582,210400
2011-01-18,18.43548085062862,18.562404447680727,18.367487733917862,18.53067398071289,160200
2011-01-19,18.46720109923437,18.517061994225273,18.041103568453075,18.072834014892578,244400
2011-01-20,17.98672152604108,18.118177314089724,17.791804800087814,17.800870895385742,275800
2011-01-21,17.873386136145033,17.896050494846,17.56967819617692,17.592344284057617,230600
2011-01-24,17.619546897170213,17.936853215914393,17.610480804728343,17.905122756958008,271800
2011-01-25,17.79180684535094,18.018454066310827,17.678483234871,18.009387969970703,195400
2011-01-26,18.022974875747238,18.45813857953979,17.99577833307144,18.43547248840332,277400
2011-01-27,18.390148001410555,18.607729038845505,18.34481926705425,18.535202026367188,139600
2011-01-28,18.49893483150391,18.57146182613088,18.086437225341797,18.086437225341797,243400
2011-01-31,18.18163788349643,18.19977007372479,17.927792407841906,18.127243041992188,225800
2011-02-01,18.276822486770843,18.50800350319716,18.127236296006924,18.467206954956055,218000
2011-02-02,18.42641040671495,18.5805305079391,18.42641040671495,18.467206954956055,205200
2011-02-03,18.417345576430293,18.517069134043187,18.168034088627593,18.476272583007812,99800
2011-02-04,18.43094295337713,18.43094295337713,18.195229750997907,18.245092391967773,124400
2011-02-07,18.226961760719185,18.42187843065174,18.226961760719185,18.358417510986328,120800
2011-02-08,18.376548108468175,18.394680292285898,18.249624550924338,18.353883743286133,162000
2011-02-09,18.25869041754944,18.32215133094824,18.08190595045844,18.17709732055664,165200
2011-02-10,18.05924708621301,18.308558634437485,18.05924708621301,18.14537239074707,147800
2011-02-11,18.072840081652092,18.381080289832493,18.022977440743468,18.353883743286133,126200
2011-02-14,18.331225594315097,18.444549198523926,18.31762731514795,18.381088256835938,140400
2011-02-15,18.349351658096392,18.48533959189666,18.272292462975717,18.42641258239746,336200
2011-02-16,18.503469041267454,18.847973600409347,18.37654721904683,18.798110961914062,203400
2011-02-17,18.59865951538086,18.625857788485803,17.95498261451767,18.59865951538086,374600
2011-02-18,18.526133580278454,19.088219152468753,18.313086480850814,19.079153060913086,496200
2011-02-22,18.807172814991542,18.95222678746287,18.498932691195037,18.51706314086914,395600
2011-02-23,18.503473445434253,18.553336095797764,18.158970533474474,18.1816349029541,218000
2011-02-24,18.127236848500143,18.313087411889594,17.9776489239968,18.276823043823242,288400
2011-02-25,18.272283668884764,18.702911630469448,18.272283668884764,18.6621150970459,243400
2011-02-28,18.798121659999158,18.92504355445153,18.485347378411344,18.63493537902832,235400
2011-03-01,18.64399365613614,18.680256298264478,18.267758585119786,18.3176212310791,183600
2011-03-02,18.285890770774156,18.367483877038413,18.181633297032135,18.3176212310791,146600
2011-03-03,18.52613728900479,18.616796493530273,18.358418884599974,18.616796493530273,330400
2011-03-04,18.603194726812276,18.630391272639606,18.37654762262357,18.612260818481445,215600
2011-03-07,18.671187913701218,18.7074522805588,18.190697157099567,18.43094253540039,145200
2011-03-08,18.42187561802945,18.993027266176405,18.42187561802945,18.911434173583984,265000
2011-03-09,18.888771866217496,19.11995291795366,18.870641409147964,19.051958084106445,226600
2011-03-10,18.77998319864781,18.870642405504018,18.653061346557447,18.784515380859375,380000
2011-03-11,18.81171264610639,18.94770058445902,18.68025688972065,18.875173568725586,247600
2011-03-14,18.607732071896574,18.929570634154853,18.58506770102414,18.870643615722656,224400
2011-03-15,18.326682727021485,18.784509060285043,18.326682727021485,18.68931770324707,232200
2011-03-16,18.544263577028374,18.698383656943715,18.421873949226786,18.585060119628906,311400
2011-03-17,18.807183994479228,18.87971102382688,18.607733366887615,18.73918914794922,285800
2011-03-18,18.85704443459213,19.305806605888424,18.78451740711988,19.278608322143555,577600
2011-03-21,19.464452529013748,19.55964562618599,19.43272207301639,19.541513442993164,260000
2011-03-22,19.49164812078849,19.57324120474479,19.432719398113402,19.55510902404785,246800
2011-03-23,19.49165126637945,19.58684263663061,19.206075426445757,19.532447814941406,139200
2011-03-24,19.63670525576878,19.67750180428662,19.355663326634897,19.641239166259766,160000
2011-03-25,19.73189907026592,19.786295627815047,19.65030596312265,19.70016860961914,228000
2011-03-28,19.695631418845974,19.97667331132152,19.60950442255348,19.867883682250977,227600
2011-03-29,19.849759311757445,20.076406478881836,19.836159305887136,20.076406478881836,130400
2011-03-30,20.062797085656317,20.20331888602852,20.01746836511295,20.180654525756836,157800
2011-03-31,20.18519208035159,20.352912195212415,20.18065989876252,20.293983459472656,195600
2011-04-01,20.398245087236166,20.611293978151778,20.398245087236166,20.46623992919922,122200
2011-04-04,20.448097637567546,20.624882064307123,20.398235008655398,20.620349884033203,218800
2011-04-05,20.62489049397189,20.724615792555234,20.507034737702906,20.63848876953125,184800
2011-04-06,20.69741242215981,20.824334240648106,20.615819330508742,20.769939422607422,102200
2011-04-07,20.82886610213444,20.82886610213444,20.520625948255258,20.556888580322266,143800
2011-04-08,20.679282874214994,20.679282874214994,20.19425817271004,20.293983459472656,113600
2011-04-11,20.29399033654778,20.411846118785068,20.225995485407992,20.343852996826172,110400
2011-04-12,20.298508932790433,20.380102007871194,20.253180215158782,20.27584457397461,289600
2011-04-13,20.384641526305415,20.38917370764379,20.162526598760447,20.280384063720703,284600
2011-04-14,20.099062577255456,20.461697549562693,20.017469492338833,20.443565368652344,203000
2011-04-15,20.32571589531181,20.638488330791667,20.32571589531181,20.507034301757812,230200
2011-04-18,20.26589043170571,20.37054120464,20.07478773734918,20.356891632080078,202600
2011-04-19,20.39328339846869,20.538884570008353,20.133931203182232,20.156681060791016,162400
2011-04-20,20.4023820099957,20.566183748426344,20.37053186482338,20.547983169555664,103800
2011-04-21,20.734530705480292,20.734530705480292,20.520678284862676,20.652629852294922,96600
2011-04-25,20.602578088678627,20.602578088678627,20.293175267004635,20.52977752685547,170000
2011-04-26,20.552531141074724,20.998436616572018,20.42058129189963,20.930185317993164,365800
2011-04-27,20.89378204861703,21.11673476380824,20.766381488909165,21.034833908081055,167200
2011-04-28,20.87558974439571,21.608146663477463,20.76183871312719,21.558095932006836,329000
2011-04-29,21.612688850320215,21.82199026261789,21.439786853520975,21.494388580322266,268000
2011-05-02,21.599035666159864,21.639986086545736,21.4261336983415,21.585384368896484,432000
2011-05-03,21.517137200513577,21.621787900673098,21.435236350701373,21.52623748779297,168000
2011-05-04,21.48983873116291,21.52168887233553,21.15768601914663,21.26233673095703,286000
2011-05-05,21.13948563951624,21.45343951357504,20.966585367454687,21.107635498046875,260800
2011-05-06,21.280538183653814,21.426139330923718,21.048485161896874,21.13948631286621,154000
2011-05-09,21.05758583652179,21.34878813639895,20.857384689281893,21.330589294433594,216000
2011-05-10,21.385183277955626,21.59448465517136,21.289632875622633,21.585384368896484,378000
2011-05-11,21.548989306920824,21.626339152309082,21.35333745179436,21.471637725830078,289000
2011-05-12,21.38518976830624,21.59904222141415,21.28508832460421,21.56719207763672,328000
2011-05-13,21.603590763419728,21.667291048808377,21.19863746141823,21.33513832092285,226600
2011-05-16,21.212285301372376,21.335136585645294,21.10308531693142,21.13038444519043,223800
2011-05-17,21.04848527149002,21.125836857712606,20.9074351356706,20.939285278320312,171800
2011-05-18,21.012080626913942,21.157681738732922,20.930179784552998,21.125831604003906,164600
2011-05-19,21.235035153489036,21.239586165333844,20.966584468528996,21.13038444519043,176200
2011-05-20,21.043932465809043,21.043932465809043,20.761830505777542,20.880130767822266,208400
2011-05-23,20.598036057059108,20.629886205576728,20.406933430250486,20.54343605041504,236600
2011-05-24,20.62078331528293,20.62078331528293,20.202180424285007,20.461532592773438,306600
2011-05-25,20.397833955311057,20.50248468653374,20.293181488385535,20.466083526611328,347000
2011-05-26,20.38418046664132,20.63898335166655,20.320480179310678,20.625333786010742,261400
2011-05-27,20.68447883186196,20.86193009191659,20.634428120420434,20.834630966186523,130800
2011-05-31,20.984782658556473,21.166784941255067,20.761831684738215,21.148584365844727,322400
2011-06-01,21.08033425753713,21.134934246630653,20.5934784244702,20.616230010986328,234200
2011-06-02,20.61168493155482,20.61168493155482,20.29318172138805,20.361433029174805,169200
2011-06-03,20.074777589365766,20.21127845307312,19.97922715834088,20.02472686767578,328400
2011-06-06,20.006530093867408,20.065679374977776,19.901879363015023,19.974679946899414,201200
2011-06-07,20.124831035392877,20.124831035392877,19.801778542555944,19.80632781982422,203000
2011-06-08,19.72442942354488,19.97013208379589,19.72442942354488,19.842731475830078,185200
2011-06-09,19.924621908312982,20.102073157930622,19.870020188659712,19.9155216217041,105800
2011-06-10,19.78812538141347,19.865475230847164,19.592473516054323,19.70167350769043,214600
2011-06-13,19.75626737584755,19.806318079699633,19.610666275024414,19.610666275024414,94000
2011-06-14,19.7744747833923,20.015628100254983,19.71987478563397,19.83362579345703,239600
2011-06-15,19.665269055277754,19.79721886675398,19.401365960921048,19.433216094970703,218800
2011-06-16,19.478731303135856,19.733532555748408,19.360429233820007,19.569730758666992,139200
2011-06-17,19.67892507735781,19.78812681259453,19.38772276433015,19.415021896362305,296800
2011-06-20,19.31036392584755,19.60611714034409,19.31036392584755,19.560617446899414,169600
2011-06-21,19.669822959859935,19.815424102840563,19.569721523172305,19.71532440185547,203800
2011-06-22,19.628871472523084,19.756272031842528,19.5333210530335,19.542421340942383,110000
2011-06-23,19.28307342529297,19.387724155565454,19.07832124184558,19.28307342529297,275000
2011-06-24,19.333126731892655,19.37407717404698,19.06467421903718,19.36497688293457,597800
2011-06-27,19.383166613834643,19.715321008269616,19.305816779310224,19.4013671875,228600
2011-06-28,19.442323487320987,19.724425521597446,19.36497362941565,19.697126388549805,379800
2011-06-29,19.728969795159337,19.84727004792954,19.442316846155546,19.67436981201172,178200
2011-06-30,19.756274963906506,19.96102713298785,19.70167496405238,19.91097640991211,171600
2011-07-01,19.88822361499529,20.26587775278124,19.874574050974935,20.238576889038086,262600
2011-07-05,20.256773457247732,20.35687486879936,20.17032334271812,20.343223571777344,197200
2011-07-06,20.370529058138658,20.520679473876953,20.270427623844796,20.520679473876953,197800
2011-07-07,20.625329769130495,20.78458045644228,20.49337820781369,20.72998046875,192600
2011-07-08,20.5161337114064,20.71178560156115,20.461533708668707,20.679935455322266,126600
2011-07-11,20.479737161183376,20.629889372130606,20.42968815990415,20.51158905029297,264200
2011-07-12,20.397831767999783,20.775484215332593,20.397831767999783,20.625333786010742,111400
2011-07-13,20.70723258024452,21.13038646574711,20.698134027089786,20.930185317993164,217800
2011-07-14,20.930188690798065,21.030290148657247,20.629886052923425,20.693586349487305,180800
2011-07-15,20.752731017891225,21.171333830466967,20.57527975013836,20.81188201904297,215000
2011-07-18,20.688573892641568,20.894089879233494,20.414553738637437,20.711408615112305,370000
2011-07-19,20.757077289436246,21.085901085999165,20.757077289436246,21.017396926879883,183200
2011-07-20,20.971723017526777,20.971723017526777,20.6931366858598,20.80731201171875,161600
2011-07-21,20.884957440719656,21.218349295606277,20.74337936172213,21.163545608520508,230800
2011-07-22,21.154413488284543,21.264022615607924,20.916928497565532,21.21378517150879,238200
2011-07-25,20.994569622265097,21.163548698387462,20.90322896900126,20.953466415405273,197600
2011-07-26,20.98999808669918,21.035669276707367,20.48305920176379,20.542430877685547,188600
2011-07-27,20.400857313009436,20.423693784152057,20.044630663064783,20.22274398803711,340400
2011-07-28,20.00352068351796,20.282108812254762,19.816273181901387,19.903047561645508,581400
2011-07-29,19.58792287070816,20.131398654572262,19.583356623242178,20.035490036010742,190000
2011-08-01,20.20446718043881,20.241002380137513,19.418940351878,19.619888305664062,252000
2011-08-02,19.528548083865605,19.79343569123433,19.213424793678243,19.217992782592773,284200
2011-08-03,19.28649354088076,19.368699905094832,18.907432410050976,19.33673095703125,200600
2011-08-04,19.11295284963307,19.336737301681932,18.989645005029956,19.003345489501953,562600
2011-08-05,19.23169477802045,19.455477471473586,18.43246738847578,19.14035415649414,710000
2011-08-08,18.6745219671023,19.537687426790097,18.53294563293457,18.53294563293457,924800
2011-08-09,18.84349553837184,19.555950218771613,18.12647461136842,19.55138397216797,784000
2011-08-10,19.16319980459346,19.277375211068176,18.359405709569977,18.423343658447266,511000
2011-08-11,18.500978118023763,19.245402095882223,18.190422682034306,18.925710678100586,453600
2011-08-12,19.06272552140916,19.272807838965115,18.542084234775476,18.688228607177734,422600
2011-08-15,18.825234272839293,19.1312234072218,18.825234272839293,19.058151245117188,307200
2011-08-16,18.88003437389222,18.943972285820866,18.505539396443766,18.619714736938477,421400
2011-08-17,18.720200412152906,18.84350831802857,18.25436454467465,18.423343658447266,297400
2011-08-18,17.888995150712745,17.984903780288956,17.38662424723528,17.62867546081543,519000
2011-08-19,17.245051529355973,17.95294039816928,17.245051529355973,17.541908264160156,271600
2011-08-22,18.00774451279471,18.039713485927145,17.45970223567264,17.642383575439453,192200
2011-08-23,17.674344886802928,18.31829380417262,17.37748827391279,18.158447265625,606400
2011-08-24,18.18584812166127,18.437033522687596,17.893559528308636,18.153879165649414,596800
2011-08-25,18.26349272275619,18.44617226715888,17.720016853376872,17.825057983398438,334000
2011-08-26,17.729144092638535,18.117339495644295,17.482524975770858,17.971195220947266,308800
2011-08-29,18.067105949134397,18.674517835876433,18.067105949134397,18.473569869995117,571400
2011-08-30,18.368527789338113,18.500969849103214,18.167578091997303,18.249784469604492,453800
2011-08-31,18.327426799827414,18.459868875485576,18.15387978825577,18.322858810424805,469800
2011-09-01,18.30002386123004,18.7156220406208,18.14017907768647,18.245220184326172,489200
2011-09-02,17.8752881387283,18.140175722089747,17.414020604273183,17.4505558013916,299600
2011-09-06,16.96189128429676,17.528201839174198,16.911653846907104,17.464263916015625,414800
2011-09-07,17.67435591232276,18.07625389099121,17.633252690161456,18.07625389099121,316600
2011-09-08,17.943800415582842,18.03057306402922,17.528202165145526,17.560171127319336,297000
2011-09-09,17.40489707694719,17.46883501787193,16.952761756985023,17.25418472290039,592400
2011-09-12,17.076064561608614,17.44142532235432,17.05322984072029,17.427724838256836,403400
2011-09-13,17.459698768208874,17.788524417613626,17.37292610725063,17.7382869720459,264000
2011-09-14,17.843327980412035,18.48727704430307,17.6104109752506,18.226957321166992,389000
2011-09-15,18.331994789876102,18.331994789876102,17.94379927826857,18.281757354736328,257200
2011-09-16,18.277195027089736,18.441607852926932,18.185854374715955,18.300029754638672,335200
2011-09-19,18.02144040251016,18.144750014044163,17.81135813493871,17.975770950317383,188800
2011-09-20,18.035138240545475,18.34569357575968,17.779384840876567,17.857023239135742,320800
2011-09-21,17.86614777816164,17.902684704929847,17.363777230334712,17.386611938476562,406000
2011-09-22,16.907085810168205,17.240477618632777,16.852282130713395,16.99842643737793,411200
2011-09-23,16.984721160454445,17.336381379638905,16.943617972701006,17.185670852661133,207200
2011-09-26,17.290722148169003,17.386629062126996,17.002999664116746,17.350093841552734,208800
2011-09-27,17.610412690422738,17.90726765759262,17.505371541223102,17.669782638549805,447800
2011-09-28,17.697184374106982,17.697184374106982,16.84315299663736,16.856853485107422,352000
2011-09-29,17.135437177637876,17.217643571125723,16.838580563134233,17.162839889526367,262400
2011-09-30,16.94362449645996,17.31811957699224,16.916223522192375,16.94362449645996,374000
2011-10-03,16.834020777355267,17.085206301796266,16.244875311939943,16.3225154876709,535200
2011-10-04,16.212892797457464,17.17196463226731,16.212892797457464,17.144563674926758,521800
2011-10-05,17.149132727757564,17.53732986133985,16.948184791598457,17.377483367919922,470400
2011-10-06,17.318117086424625,17.377488759095844,17.048664919928495,17.267881393432617,432000
2011-10-07,17.290712644384076,17.290712644384076,16.806608607068867,16.911649703979492,513400
2011-10-10,17.19024361963785,17.41859436217752,17.112605203419758,17.40489387512207,905600
2011-10-11,17.308982738496198,17.477961758744584,17.199373642386917,17.304414749145508,298400
2011-10-12,17.418586912263404,17.569299174125483,17.382051715015642,17.473390579223633,260000
2011-10-13,17.423160002238003,17.423160002238003,17.117169142580952,17.318117141723633,167800
2011-10-14,17.482536568763653,17.651517413955368,17.34552643815339,17.541908264160156,203000
2011-10-17,17.376718025384086,17.459311493452265,16.927043449446657,17.000459671020508,364800
2011-10-18,17.032568216028732,17.39047359784901,16.913267589008417,17.25740623474121,421600
2011-10-19,17.28494808700455,17.528140754072922,17.22070910904037,17.25282859802246,229400
2011-10-20,17.252823825001023,17.303297793832282,16.917862282297687,17.193174362182617,263800
2011-10-21,17.31248001717183,17.76215461822268,17.31248001717183,17.75297737121582,335000
2011-10-24,17.7850916930413,18.243943407778364,17.725442230399356,18.23476791381836,282000
2011-10-25,18.133815874614925,18.179700335557488,17.670374767347095,17.697906494140625,195200
2011-10-26,17.904395714592923,17.97322242770858,17.52813741500961,17.8906307220459,286000
2011-10-27,18.409135743360984,18.936816071342054,18.152179827444694,18.877164840698242,492800
2011-10-28,18.808336222309663,19.042349872259063,18.67067928075984,18.721153259277344,306000
2011-10-31,18.381600224897717,18.477958664389547,17.826388322724945,17.8355655670166,472200
2011-11-01,17.206935604690152,17.730026167011932,16.454419234305835,17.174816131591797,689600
2011-11-02,17.317058135695994,17.50518719975253,17.252817448864718,17.459300994873047,429200
2011-11-03,17.619906473916956,18.02369472095853,17.16564250801972,17.991575241088867,459000
2011-11-04,17.8080416910463,17.913577411018853,17.642854737913265,17.78050994873047,273000
2011-11-07,17.73002902783544,17.92733539463593,17.431776479457696,17.913570404052734,149400
2011-11-08,17.96404422959356,18.21182281005547,17.693321664498644,18.17511558532715,152600
2011-11-09,17.89981041193419,17.91357715808821,17.19317987294822,17.298715591430664,402000
2011-11-10,17.463901190851995,17.80345056310666,17.38130772184285,17.656618118286133,243200
2011-11-11,17.8309775007297,18.028283873515853,17.789680777347005,17.97780990600586,184800
2011-11-14,17.90898232989169,17.90898232989169,17.56484353492602,17.674968719482422,145000
2011-11-15,17.60155343479483,17.913572765263726,17.41342428704569,17.84015655517578,201200
2011-11-16,17.66119879391103,17.872270109099713,17.42718349849667,17.440948486328125,212400
2011-11-17,17.440957283159573,17.52814025107844,17.128939649198895,17.275772094726562,340600
2011-11-18,17.34459249885557,17.408831451568563,17.142698397417572,17.280353546142578,152200
2011-11-21,16.995872497558594,17.11517320525661,16.88115953807245,16.995872497558594,208000
2011-11-22,17.018812638332186,17.119760590339396,16.899511945362367,16.945396423339844,147000
2011-11-23,16.79856788725784,16.83986462716239,16.40395498381011,16.477371215820312,204800
2011-11-25,16.481949721767506,16.527835935029923,16.321352351299193,16.33511734008789,108000
2011-11-28,16.927042512643567,16.927042512643567,16.527841939327747,16.784799575805664,239800
2011-11-29,16.830682679937247,17.1243475259816,16.789385951563474,16.849037170410156,203800
2011-11-30,17.381305205718046,17.725444026644883,17.307888993935542,17.67955780029297,607200
2011-12-01,17.587789419330868,17.739209595256582,17.509783707190472,17.51896095275879,307800
2011-12-02,17.76215257685607,17.844746040044637,17.20235457682106,17.3216552734375,167400
2011-12-05,17.546490309062822,17.68414547315172,17.362948923357372,17.436365127563477,317600
2011-12-06,17.436358550587926,17.5143624723425,17.326233410627662,17.40882682800293,197600
2011-12-07,17.34459443471075,17.505193584798114,16.977513413680228,17.436365127563477,163600
2011-12-08,17.307888929949602,17.307888929949602,16.812328189464335,16.849037170410156,263600
2011-12-09,16.92703458941443,17.24364330141515,16.913269602068265,17.151872634887695,373000
2011-12-12,16.963748701861086,17.0096331738532,16.775619566084764,16.982101440429688,187400
2011-12-13,17.12893609167459,17.174820564979388,16.793972785103804,16.839859008789062,294200
2011-12-14,16.683854957474104,16.775625685313862,16.559964737447586,16.615026473999023,449200
2011-12-15,16.771027622727004,16.826089331163278,16.637960222824198,16.693023681640625,405400
2011-12-16,16.757265344659743,16.78479707852279,16.463600518308972,16.63337516784668,964600
2011-12-19,16.729734645602235,16.867389822671164,16.49572101962311,16.55537223815918,316600
2011-12-20,16.81691429512661,16.94539220176055,16.76185083481475,16.844444274902344,425000
2011-12-21,16.752674461767494,17.06010600481642,16.633373792320935,17.027986526489258,172800
2011-12-22,17.0417623952696,17.206949389469532,17.0417623952696,17.119768142700195,148600
2011-12-23,17.138110594938112,17.229881286621094,17.06010664475481,17.229881286621094,139800
2011-12-27,17.133529587012568,17.4822562521132,17.06929060268201,17.44554901123047,200400
2011-12-28,17.40883905837715,17.41342855722214,17.26200660219454,17.298715591430664,337600
2011-12-29,17.34918267562879,17.463895595792053,17.34918267562879,17.413421630859375,166800
2011-12-30,17.367535412565918,17.486837829748655,17.321650944652713,17.413421630859375,275400
2012-01-03,17.826388512044396,17.945690938722564,17.477661977159787,17.50519371032715,326600
2012-01-04,17.427190899923186,17.482252625013967,17.317067449741618,17.340009689331055,319000
2012-01-05,17.225294772927906,17.51437010941174,17.13811182191618,17.358362197875977,144400
2012-01-06,17.390479396902773,17.46848334243127,17.183995790532848,17.413421630859375,180200
2012-01-09,17.49142336399982,17.551074565046257,17.31247151124055,17.45012664794922,241600
2012-01-10,17.638250574065854,17.730021221770283,17.532714941838595,17.688724517822266,164400
2012-01-11,17.55567093652053,17.803451354563112,17.486844209540408,17.75297737121582,233400
2012-01-12,17.74379662378314,17.8952185439531,17.560256970996566,17.872276306152344,159200
2012-01-13,17.68327148630529,17.77085744158845,17.49426891863652,17.651002883911133,183600
2012-01-17,17.803136272883474,17.858455416063364,17.646402217556354,17.743209838867188,232400
2012-01-18,17.761632448203112,18.052051544189453,17.669437472911582,18.052051544189453,235800
2012-01-19,18.07049784090384,18.333257485142802,17.96447217379927,18.29176902770996,141600
2012-01-20,18.287160766786194,18.402406302523964,18.25028310977391,18.383968353271484,147600
2012-01-23,18.300989609702114,18.43928388715434,18.300989609702114,18.35169792175293,149200
2012-01-24,18.28254622425933,18.503817375351673,18.25488667093274,18.425451278686523,188200
2012-01-25,18.407022595108067,18.798856830003533,18.407022595108067,18.76658821105957,148200
2012-01-26,18.734312846928045,18.80346086748751,18.57296981029891,18.655946731567383,263800
2012-01-27,18.554527779670455,18.789627854812643,18.52225917638637,18.711261749267578,298400
2012-01-30,18.568362623277135,18.678999126033364,18.480776637537968,18.61446189880371,152200
2012-01-31,18.71587033155721,18.71587033155721,18.549918272432464,18.660552978515625,228400
2012-02-01,18.77119366555873,19.176856690457413,18.674386077826068,19.126150131225586,333800
2012-02-02,19.126145695578966,19.190682900095346,19.052388639202114,19.13997459411621,249200
2012-02-03,19.379683874308448,19.55946657454546,19.333584618794607,19.49953842163086,300800
2012-02-06,19.370463184128788,19.43039133444746,19.14919204276759,19.227558135986328,183000
2012-02-07,19.222946100029517,19.282874241027212,19.006284038465388,19.116920471191406,183200
2012-02-08,19.130753575328317,19.30131642807584,19.05238747705483,19.199901580810547,182600
2012-02-09,19.213723830442124,19.36123788315711,18.8818163325803,18.927915573120117,153800
2012-02-10,18.78040687722134,18.87260186758571,18.669770426874678,18.748136520385742,103200
2012-02-13,18.94637398114259,19.024741895478556,18.748151428920462,18.909496307373047,169200
2012-02-14,18.798847695537226,18.955581665039062,18.711261737891814,18.955581665039062,127200
2012-02-15,19.020117154186707,19.043167661728877,18.831114598485993,18.997068405151367,251000
2012-02-16,19.116927155094686,19.68393489460719,18.992461784200664,19.674715042114258,234600
2012-02-17,19.674711970551655,19.80378636828787,19.58251521852288,19.670101165771484,147600
2012-02-21,19.633231129814973,19.822233753402465,19.4764971181687,19.564083099365234,146200
2012-02-22,19.527202978443533,19.67471711687217,19.504154224034167,19.610179901123047,177200
2012-02-23,19.605564703674254,19.766909465414592,19.59634485227422,19.730030059814453,240800
2012-02-24,19.73463678071375,19.78073426966727,19.55024330788671,19.58251190185547,155600
2012-02-27,19.39352199024832,19.600964342399525,19.112322552721977,19.490327835083008,181200
2012-02-28,19.494931325612665,19.559468531281578,19.23678074443004,19.36124610900879,166000
2012-02-29,19.36125056051293,19.504155661998418,19.16763889899134,19.176856994628906,266000
2012-03-01,19.176849566042797,19.545636554952868,19.176849566042797,19.28287696838379,284000
2012-03-02,19.204511209059685,19.209120255594957,18.660552275539676,18.771188735961914,409800
2012-03-05,18.646721679283583,19.245997909185625,18.646721679283583,18.748136520385742,305400
2012-03-06,18.56835669974691,18.68360221403731,18.291768168852748,18.402402877807617,572600
2012-03-07,18.462336571179648,18.540704458809294,18.31943321607282,18.531484603881836,170200
2012-03-08,18.628288099516563,18.74814268148141,18.425456592150162,18.692825317382812,136000
2012-03-09,18.67438232929986,19.241391806105753,18.65594438351087,18.955581665039062,323600
2012-03-12,18.93714089805642,19.0523863949769,18.72969865189821,18.780406951904297,113800
2012-03-13,18.946358577227347,19.287486014417155,18.849552783966462,19.28287696838379,278400
2012-03-14,19.21373428954101,19.310540109612067,18.978632431074523,19.029340744018555,161600
2012-03-15,19.024732255846452,19.213734854233532,18.90487592018212,19.153806686401367,134200
2012-03-16,19.135368226716942,19.296713033933152,19.080050861232092,19.126150131225586,268400
2012-03-19,19.103092912482396,19.352023607559584,19.015506967995265,19.301315307617188,197200
2012-03-20,19.15841387105159,19.292097323783096,19.11692541785715,19.19529151916504,134800
2012-03-21,19.26444490328986,19.26444490328986,18.98324550411194,19.112319946289062,152400
2012-03-22,18.918706023510826,19.033951549835564,18.8265092507496,19.029340744018555,266600
2012-03-23,18.974022855614066,19.190685001795984,18.941754249821926,19.18146514892578,177800
2012-03-26,19.40273485747339,19.72081184387207,19.33819765082789,19.72081184387207,231400
2012-03-27,19.762301003036544,19.817620117994146,19.660886142628385,19.674715042114258,141800
2012-03-28,19.64244643764252,19.771520855529477,19.545640624227296,19.674715042114258,150400
2012-03-29,19.50415147277746,19.757691252530638,19.476491916283532,19.72081184387207,187800
2012-03-30,19.82684105552123,19.82684105552123,19.587131890354378,19.60556983947754,159000
2012-04-02,19.554859015331722,19.799180713839075,19.448833347812602,19.789960861206055,193400
2012-04-03,19.803789187298793,19.854497496058137,19.559469254375085,19.665494918823242,151400
2012-04-04,19.453449913548162,19.476498672701908,19.107713250719133,19.16303062438965,320200
2012-04-05,19.121534307134358,19.121534307134358,18.854165645363867,19.0155086517334,193600
2012-04-09,18.669772091919555,18.7850175986598,18.59140599141949,18.600624084472656,153000
2012-04-10,18.56375553654177,18.679001099774457,18.231847751709164,18.337873458862305,278200
2012-04-11,18.522260205550413,18.522260205550413,18.28715835883812,18.4715518951416,239600
2012-04-12,18.448504695244896,18.748142018819856,18.448504695244896,18.6651668548584,137400
2012-04-13,18.572974823644305,18.637512055716293,18.25028690477668,18.27794647216797,176600
2012-04-16,18.389081936904102,18.55579261113524,18.19921739492461,18.4909610748291,158800
2012-04-17,19.449541207495233,21.09349017053775,19.449541207495233,20.861948013305664,1181200
2012-04-18,20.607253195501347,20.607253195501347,20.083967395010614,20.093229293823242,324800
2012-04-19,20.056182432867033,20.0885981937796,19.782962614799338,19.82464027404785,519800
2012-04-20,20.042288327742106,20.042288327742106,19.796854209266566,19.8570556640625,752600
2012-04-23,19.644036031768394,19.843162430946983,19.412493871470172,19.46806526184082,327200
2012-04-24,19.44953467013568,19.736646353972343,19.398595130022137,19.565305709838867,311000
2012-04-25,19.815380139232825,20.037660419498472,19.782964375435334,19.875579833984375,262600
2012-04-26,20.01450238633758,20.162689208984375,19.65792729230427,20.162689208984375,279600
2012-04-27,20.176584475975986,20.662822677827045,20.097860986407227,20.55168342590332,226000
2012-04-30,20.570206054782936,20.85731962473891,20.570206054782936,20.79248809814453,226000
2012-05-01,20.787851878603988,21.056441593846092,20.602619236926962,20.71375846862793,453400
2012-05-02,20.52389929337889,20.75081141367869,20.38034250163602,20.746179580688477,266000
2012-05-03,20.630409630566213,20.681349197121293,20.440545097559777,20.49611473083496,241800
2012-05-04,20.361817634900078,20.435911053689505,19.89873332583454,19.907995223999023,246600
2012-05-07,19.824641703233258,20.24604839200289,19.76444024297285,20.22289276123047,226000
2012-05-08,20.033031061866808,20.510009211655987,19.926521858154192,20.482223510742188,387600
2012-05-09,20.24141752117579,20.51463737192457,20.171955925137304,20.43128204345703,346000
2012-05-10,20.584097273068675,20.67208265319915,20.426648542053975,20.500741958618164,265200
2012-05-11,20.296991921472397,20.570210046126448,20.296991921472397,20.435916900634766,350000
2012-05-14,20.204369254823202,20.584098253619363,20.204369254823202,20.505373001098633,349800
2012-05-15,20.47296385716227,20.968464095410514,20.47296385716227,20.926786422729492,416000
2012-05-16,21.014767669505797,21.11664502222264,20.848057025844447,21.019397735595703,513000
2012-05-17,21.02403336597242,21.20926607398019,20.954569996390212,21.121280670166016,635600
2012-05-18,21.088866298063564,21.11665023451409,20.357192018398653,20.727659225463867,966400
2012-05-21,20.806380684276544,21.394498040474122,20.79711878498288,21.297250747680664,486600
2012-05-22,21.27872503843195,21.463957708092774,20.968457622797146,21.14443016052246,448000
2012-05-23,20.940679548270268,21.343562528105203,20.940679548270268,21.315776824951172,478000
2012-05-24,21.292614879943496,21.894624087740983,21.292614879943496,21.755699157714844,487600
2012-05-25,21.70476837211842,21.783493649734176,21.57510528725369,21.76959991455078,467400
2012-05-29,21.99650560228593,22.408650371979252,21.99650560228593,22.251201629638672,413800
2012-05-30,22.06133540992864,22.329925147485405,21.991873825976167,22.15858268737793,626200
2012-05-31,22.22341653067874,22.269724254477435,22.0381821024311,22.13542938232422,601600
2012-06-01,21.672344467641413,22.13079869304843,21.649190606394395,21.94556427001953,461400
2012-06-04,21.991881956810037,22.038189696565905,21.70940015132894,21.973358154296875,449800
2012-06-05,21.871471845201405,22.357710019527783,21.866841779352743,22.25583267211914,282000
2012-06-06,22.40864679497615,22.4503244485466,22.21878232127216,22.42253875732422,264400
2012-06-07,22.644823808788868,22.686501467981543,22.417911716178416,22.427173614501953,311200
2012-06-08,22.357711187493106,22.404020681031202,22.218786239931916,22.269725799560547,361000
2012-06-11,22.492011468872725,22.492011468872725,22.089128494262695,22.089128494262695,294800
2012-06-12,22.22341392001509,22.450324213109738,22.11690298804274,22.404016494750977,443200
2012-06-13,22.408658860188567,23.098655548244185,22.404028792421716,22.876375198364258,454000
2012-06-14,22.927303261143226,23.03844427208926,22.621667689199683,22.816164016723633,229200
2012-06-15,22.811535993342183,22.945830888755577,22.76985832809412,22.867107391357422,459400
2012-06-18,22.76059346630257,22.99676567595758,22.681868218733324,22.82079315185547,373800
2012-06-19,22.94118966003216,23.25608702946333,22.81615672512338,23.08937644958496,664000
2012-06-20,23.13106804560623,23.15422191421506,22.996773134537317,23.015296936035156,257800
2012-06-21,23.10327479163892,23.144952448122496,22.593882782640897,22.709653854370117,504600
2012-06-22,22.765226552435774,22.765226552435774,22.552208175616467,22.672609329223633,681200
2012-06-25,22.42254466069912,22.672610647958823,22.329929198626672,22.482746124267578,337800
2012-06-26,22.529064773147343,22.6077883011918,22.38550792217946,22.454971313476562,301800
2012-06-27,22.47811795802151,22.816169369438786,22.32529925293497,22.797645568847656,177800
2012-06-28,22.728182429372794,22.880999357597865,22.473484604786453,22.867107391357422,163000
2012-06-29,23.242203496661638,23.38113021850586,23.04770891252237,23.38113021850586,552600
2012-07-02,23.404280519434796,23.631190833044677,23.279247548730293,23.60340690612793,300400
2012-07-03,23.33482001989611,23.635825552794724,23.33482001989611,23.60803985595703,201200
2012-07-05,23.612672024095477,23.640455954801226,23.33482035135161,23.362606048583984,226400
2012-07-06,23.172737363302137,23.288508431144542,23.043072566080756,23.242198944091797,171600
2012-07-09,23.098651696956864,23.41817931540989,23.098651696956864,23.353347778320312,255800
2012-07-10,23.47838420104125,23.59878539221923,23.46449046498164,23.487646102905273,391600
2012-07-11,23.501531820747132,23.751597804973702,23.501531820747132,23.67287254333496,327200
2012-07-12,23.594147662092762,23.631193490990658,23.27925016709104,23.334819793701172,394200
2012-07-13,23.478374786973436,23.992398651893243,23.385757571996873,23.913673400878906,377200
2012-07-16,23.83003282219454,23.85791571472454,23.588386405052514,23.672033309936523,182400
2012-07-17,23.78820775562135,23.8393255021048,23.43038530294309,23.774267196655273,184000
2012-07-18,23.70455794662263,24.076322685337836,23.639499649159163,23.81608772277832,200400
2012-07-19,23.816082942352537,23.86720067230068,23.518672629241863,23.59302520751953,110800
2012-07-20,23.393213448216414,23.430388868685437,23.188744203871444,23.314212799072266,299800
2012-07-23,22.988923208364593,23.346745746410672,22.933157413784166,23.225921630859375,308000
2012-07-24,23.258442452535924,23.40714763935613,23.23056133794817,23.369972229003906,313000
2012-07-25,23.52797008477194,23.65808667106643,23.374616874320118,23.56514549255371,214400
2012-07-26,23.830026292498154,23.91367317446197,23.221265040401544,23.277029037475586,394400
2012-07-27,23.309558581172876,23.676675261310084,23.137618553182936,23.56514549255371,242200
2012-07-30,23.472207128962133,23.62556035780495,23.30026708035216,23.430383682250977,188600
2012-07-31,23.309562717876155,23.448973624033457,23.12832836260108,23.13297462463379,230600
2012-08-01,23.239855486174562,23.239855486174562,22.552093505859375,22.552093505859375,307000
2012-08-02,22.510271537708647,22.7705065362976,22.203566826699404,22.352272033691406,393600
2012-08-03,22.72403637370465,23.44897380025287,22.72403637370465,23.137622833251953,319000
2012-08-06,23.109737686945856,23.188738316030996,22.909914756131645,23.030738830566406,188400
2012-08-07,23.170155329815568,23.179449627998057,22.83556768607044,22.84486198425293,389600
2012-08-08,22.710098368793343,22.77980472202914,22.59392229520448,22.62180519104004,366200
2012-08-09,22.491681093570758,22.598562833086422,22.30579872841836,22.361562728881836,290000
2012-08-10,22.33368233202357,22.412681187490943,22.101330254476242,22.3011531829834,264800
2012-08-13,22.22679498012666,22.33832295649003,21.92008861336434,22.217500686645508,313600
2012-08-14,22.32902846896176,22.403381043459596,21.84573584837322,21.94332504272461,503400
2012-08-15,21.855032813136063,22.171031736553033,21.780680229550036,22.1617374420166,551600
2012-08-16,22.189627369806903,22.254685679509503,21.91545179841309,22.222156524658203,365600
2012-08-17,22.236084441004426,22.75190613564236,22.236084441004426,22.691495895385742,336800
2012-08-20,22.612505750346745,22.612505750346745,22.287212463728345,22.38015365600586,217400
2012-08-21,22.44521638587255,22.658979929379395,22.259335737360303,22.319746017456055,140600
2012-08-22,22.268627590421787,22.342981974828387,22.138510963122425,22.287216186523438,118000
2012-08-23,22.250028046415316,22.250028046415316,21.98049887515277,22.138498306274414,111800
2012-08-24,22.031626936604127,22.250038486648563,22.013038342407597,22.17568588256836,172400
2012-08-27,22.171032596032443,22.25932751119866,21.920091951937135,22.022327423095703,110400
2012-08-28,22.01303695082902,22.2453890454795,21.89686090350378,22.20356559753418,172800
2012-08-29,22.231455480602744,22.35227782783855,22.129219959529586,22.25933837890625,149600
2012-08-30,22.133863153738073,22.133863153738073,21.878276179672103,22.031627655029297,94800
2012-08-31,22.208213191787365,22.208213191787365,21.82250787141673,22.003742218017578,143000
2012-09-04,22.05021988647519,22.38480578457534,21.85504315426936,22.296512603759766,266400
2012-09-05,22.273270625695194,22.315094071181953,22.161740846828597,22.2268009185791,132400
2012-09-06,22.31044510275031,22.329033693900758,22.231446249419353,22.277915954589844,379000
2012-09-07,22.38944254513293,22.421971688667934,22.222148793978402,22.305795669555664,161200
2012-09-10,22.277921849883498,22.38015735555939,22.194274940277058,22.282569885253906,194000
2012-09-11,22.352265368118424,22.361559662372052,22.231443088232027,22.305795669555664,239000
2012-09-12,22.338332492566188,22.449862289246063,22.226804468592295,22.310449600219727,452600
2012-09-13,22.291861391109798,22.844858759614326,22.268624762580455,22.784446716308594,340800
2012-09-14,22.87274541373811,23.165507836155978,22.658980095953652,22.96103858947754,242200
2012-09-17,22.85415696086912,23.156215456295307,22.85415696086912,23.146921157836914,223800
2012-09-18,23.114383733887085,23.30491235238573,23.04003114551458,23.295618057250977,169800
2012-09-19,23.29097012842814,23.44896960102086,23.221265573661245,23.388559341430664,173400
2012-09-20,23.323497565296044,23.532614759676967,23.239850687543676,23.49079132080078,148800
2012-09-21,23.737092292751942,23.978736925992425,23.718503698593164,23.88579750061035,361000
2012-09-24,23.8207388365946,24.27150252184897,23.723151370520775,24.225032806396484,407200
2012-09-25,24.16461458228041,24.610730118350098,24.113496844723464,24.201791763305664,401800
2012-09-26,24.266852533106913,24.452733139080106,24.146028455153882,24.317970275878906,605000
2012-09-27,24.35514531465663,24.8523786313892,24.27149842280389,24.84308433532715,407200
2012-09-28,24.699025249582643,24.80125895287117,24.45737888895468,24.661848068237305,243400
2012-10-01,24.71297768234503,25.372857013987325,24.675800483133756,25.140504837036133,643400
2012-10-02,25.2520314284938,25.32638404468923,25.061502738698884,25.163738250732422,299200
2012-10-03,25.163725212558546,25.17301773365028,25.038254905356744,25.089372634887695,385800
2012-10-04,25.16838511662663,25.19161997736191,24.926738665025994,25.10332679748535,264000
2012-10-05,25.177676533227856,25.39608809909038,24.917441513747104,24.96855926513672,180600
2012-10-08,24.898847725165986,25.028964312151704,24.787317955817127,24.996435165405273,200600
2012-10-09,24.940675369987638,24.99644115437593,24.58285467004561,24.647912979125977,357800
2012-10-10,24.70366955992529,24.78267017769227,24.559610652647528,24.65719985961914,222200
2012-10-11,24.819850268488906,24.87096801209812,24.568909584974094,24.610733032226562,300200
2012-10-12,24.661855294634453,24.661855294634453,24.35515054948734,24.462032318115234,237400
2012-10-15,24.462029817026696,24.773382565722866,24.304030311577723,24.703676223754883,269000
2012-10-16,24.838435876231877,25.098669052124023,24.68508266383353,25.098669052124023,261400
2012-10-17,25.09402329160917,25.205553064006782,24.815201519673526,25.02896499633789,348400
2012-10-18,24.95926043378112,25.00573191419701,24.689732938191824,24.931379318237305,162400
2012-10-19,24.931373852632856,25.061490423860985,24.70831434094845,24.945314407348633,303800
2012-10-22,25.038593745193936,25.057248368009045,24.744791441368335,25.05258560180664,192800
2012-10-23,24.92199739301941,25.131857387948912,24.73079201519524,25.00594139099121,198800
2012-10-24,25.169173012711617,25.19249040051256,24.712145451603053,24.763442993164062,249600
2012-10-25,24.95930979684121,25.08056126541934,24.679495841733914,24.908010482788086,127000
2012-10-26,24.973299871945727,25.005944566524548,24.618870996946065,24.908010482788086,95000
2012-10-31,24.940657595563458,25.21114426715945,24.67483546878952,25.122535705566406,204800
2012-11-01,25.220464470122817,25.29974391972907,24.646846590844902,24.94997787475586,243000
2012-11-02,25.234461508633775,25.234461508633775,24.553583846756283,24.558246612548828,231000
2012-11-05,24.63751983356241,25.38834941164484,24.55357584463359,25.11786460876465,304800
2012-11-06,25.159842925172548,25.453646960247905,25.122533685606328,25.23912239074707,272600
2012-11-07,25.0106065896214,25.5842227381129,24.399681205942365,24.78675651550293,262600
2012-11-08,24.684156145884725,25.2484449455313,24.67016607318341,25.03392219543457,280200
2012-11-09,24.91267282590149,25.556242954837497,24.91267282590149,24.940654754638672,273600
2012-11-12,24.702816505658667,25.07123547813512,24.66550726444445,24.987293243408203,158000
2012-11-13,24.954643168979942,25.253111718642067,24.651513633342034,24.684158325195312,228800
2012-11-14,24.698156845059014,24.698156845059014,24.021941835851553,24.054588317871094,211800
2012-11-15,24.017276867305387,24.110548201231392,23.550921976678097,23.97064208984375,210800
2012-11-16,23.882033627563438,24.05924898490543,23.634866103719965,23.807416915893555,373200
2012-11-19,24.021928792064337,24.091882705688477,23.80274330211242,24.091882705688477,306400
2012-11-20,23.984627085408885,24.502281188964844,23.868038387454924,24.502281188964844,222000
2012-11-21,24.409008115760045,24.68882025908388,24.334391425606874,24.679492950439453,177800
2012-11-23,24.712138070289477,25.047912268135885,24.712138070289477,25.03392219543457,99800
2012-11-26,25.010610088576247,25.44432022379452,25.005945544024115,25.430328369140625,247000
2012-11-27,25.3836927604668,25.490954154595798,25.131860733032227,25.131860733032227,184600
2012-11-28,25.005944020691175,25.248448731556433,24.84272055135994,25.127197265625,187600
2012-11-29,25.323067086755554,25.644853060222566,25.20647837845649,25.313739776611328,270800
2012-11-30,25.393013451304093,25.46296558802275,24.96863075080378,25.1971435546875,376600
2012-12-03,25.32773476053483,25.360379460571576,24.81474331323809,24.96864128112793,211200
2012-12-04,24.84272033950138,25.383691834817434,24.84272033950138,25.360374450683594,195200
2012-12-05,25.411668610462552,25.738115480147545,25.27176077602382,25.644845962524414,367200
2012-12-06,25.6168759103883,25.756782030655827,25.46764247823589,25.495622634887695,223600
2012-12-07,25.64485133671144,25.663504176743785,25.458308704368893,25.514270782470703,147200
2012-12-10,25.518935219267707,25.686823231868527,25.37902735609877,25.630859375,165800
2012-12-11,25.72879276602674,26.07389609145156,25.677495233776515,25.989952087402344,177400
2012-12-12,26.11120900476935,26.125199081079884,25.705479001738052,25.8360595703125,192600
2012-12-13,25.85004482242228,25.901344131324073,25.55624082171344,25.607540130615234,144200
2012-12-14,25.50961440812498,25.845388739859608,25.248455013217747,25.58889389038086,358400
2012-12-17,25.710142837386634,25.840721623356945,25.630861589474275,25.714805603027344,292600
2012-12-18,25.649519045328837,25.71014567937492,25.495621077135553,25.55624771118164,276600
2012-12-19,25.50028472183841,25.584228741706415,25.25311720722854,25.304414749145508,240000
2012-12-20,25.304417105339713,25.686829775347842,25.11787620526555,25.58889389038086,347400
2012-12-21,25.523602946596025,25.565574957906083,25.169174012535407,25.309080123901367,549400
2012-12-24,25.22513231541097,25.318403635324053,25.05724429536791,25.23912239074707,171600
2012-12-26,25.285757983357602,25.383692065009278,24.991953959400185,25.05724334716797,148800
2012-12-27,25.01060913836417,25.346383394258314,24.954645279879784,25.318403244018555,243800
2012-12-28,25.20181232424755,25.514269167794673,25.136522940760226,25.23445701599121,122200
2012-12-31,25.267110115130322,25.63553093482855,24.963978700643857,25.53293228149414,217600
2013-01-02,25.957305682664643,26.07389437182124,25.523595616681924,25.756772994995117,427600
2013-01-03,25.770766819936714,25.938654841402503,25.6028805774734,25.850048065185547,289400
2013-01-04,25.98995134836806,26.265100736260443,25.85470803691198,25.93865203857422,210000
2013-01-07,25.78475296813687,26.07389239722789,25.58422029565382,25.780088424682617,349600
2013-01-08,25.798749616580412,25.88735639577419,25.523600189712585,25.714805603027344,282800
2013-01-09,25.68215481638958,25.933986797330537,25.64018281956609,25.79408073425293,533800
2013-01-10,25.87336977902928,25.87336977902928,25.62620224996788,25.724136352539062,313600
2013-01-11,25.784752638481102,25.784752638481102,25.584219968561843,25.696144104003906,410600
2013-01-14,25.616872311917007,25.724133715021573,25.50961090881244,25.672834396362305,433000
2013-01-15,25.574893118440613,25.649509803071282,25.537583886624233,25.640182495117188,331200
2013-01-16,25.551584945025507,25.644856279172703,25.500285622294413,25.55624771118164,954200
2013-01-17,25.649508683110056,25.831386732768152,25.55157462237139,25.598209381103516,856800
2013-01-18,25.626292217651432,25.87432000739054,25.556097088057935,25.850921630859375,762200
2013-01-22,25.78072259848504,26.201900482177734,25.743283770964997,26.201900482177734,980800
2013-01-23,26.197223898726474,26.197223898726474,26.05215109680746,26.19254493713379,507200
2013-01-24,26.206580924813906,27.31100140656013,26.136384011835496,27.29696273803711,996400
2013-01-25,27.390560860577107,27.619869267816934,27.245489834225133,27.521595001220703,339800
2013-01-28,27.470124662822624,27.877262291524087,27.470124662822624,27.774307250976562,369200
2013-01-29,27.835134298659344,28.045723265830137,27.727500334367996,27.989566802978516,403000
2013-01-30,27.970857151127962,28.087850864265434,27.718150302307258,27.788347244262695,347000
2013-01-31,27.85852629004818,27.952121563467134,27.6572970770109,27.70877456665039,599200
2013-02-01,27.755579570507123,28.069121756642193,27.6432648591684,27.984886169433594,200600
2013-02-04,27.783655401606556,28.045721857053096,27.516909984983144,27.778976440429688,221000
2013-02-05,27.8398152268799,28.041042702176167,27.72282155381972,27.933408737182617,167000
2013-02-06,27.85853461491475,28.050404179427698,27.8210975654688,28.036365509033203,172600
2013-02-07,27.97085096345721,28.078484941511164,27.886615365818116,27.99424934387207,227600
2013-02-08,28.00828774084452,28.012968487990857,27.88193613080503,27.952131271362305,232000
2013-02-11,27.91469036577734,28.05040166618917,27.853853157548894,27.905330657958984,245200
2013-02-12,27.952129916302457,28.078483305398578,27.88661374088563,28.036365509033203,140400
2013-02-13,28.00828613810386,28.078483059826176,27.839816739297678,27.895973205566406,176200
2013-02-14,27.8912984471985,28.13932631473777,27.8912984471985,27.93809700012207,115800
2013-02-15,28.02232192212066,28.05039925798348,27.633902114323618,27.671340942382812,222600
2013-02-19,27.68070672282433,27.82577775042981,27.512235529956826,27.6619873046875,362000
2013-02-20,27.638589150782682,28.050405642071077,27.343764560851913,27.50755500793457,407600
2013-02-21,27.699420498950353,28.218872676236696,26.94130202178793,28.10655975341797,412800
2013-02-22,28.3218293973594,28.54177808025134,28.284390564023823,28.406064987182617,602600
2013-02-25,28.41074139594906,28.513696393189182,28.11123789690326,28.125276565551758,339400
2013-02-26,28.209513990925956,28.429462668425444,28.087841355932024,28.176755905151367,270400
2013-02-27,28.172073287593,28.480936474228386,28.101876378510685,28.32182502746582,298200
2013-02-28,28.36862351822128,28.47625747628844,28.181434724479917,28.275028228759766,348800
2013-03-01,28.125285635804662,28.504345878194076,28.05040973689614,28.480947494506836,516000
2013-03-04,28.37799246406427,28.518384551369973,28.251639049934468,28.480947494506836,227800
2013-03-05,28.54645966095982,28.682172766480193,28.326510957887628,28.387348175048828,244400
2013-03-06,28.462220770837018,28.611972530231757,28.415424015469334,28.569854736328125,291600
2013-03-07,28.65877238768613,28.65877238768613,28.12527971199824,28.438823699951172,321400
2013-03-08,28.649413338182057,28.93019746011312,28.499661568461235,28.91147804260254,414600
2013-03-11,28.766400981208427,29.023786669811827,28.766400981208427,28.92083168029785,123800
2013-03-12,28.79448414305162,29.070589301106754,28.79448414305162,29.06591033935547,135600
2013-03-13,29.037827270551304,29.220337102162517,28.96763214272173,29.168861389160156,115800
2013-03-14,29.178226766289647,29.58536610948629,29.126751040135485,29.561965942382812,212200
2013-03-15,29.622795555824183,29.758508635369353,29.459005139257016,29.711711883544922,379400
2013-03-18,29.50112645404174,29.561961881644297,29.327974524207765,29.42156982421875,125800
2013-03-19,29.48708682725411,29.716395229465462,29.346694765883573,29.547924041748047,123200
2013-03-20,29.664917858120965,29.983140817432602,29.664917858120965,29.83806800842285,159600
2013-03-21,29.735111448759003,30.053334372401594,29.707032325432284,29.828706741333008,161600
2013-03-22,29.819340904551847,30.189041252381784,29.73510533706702,30.08608627319336,229400
2013-03-25,30.08141489399481,30.273286245926787,29.735114595559047,29.89422607421875,194400
2013-03-26,29.89890535601094,30.128211975097656,29.856787558703715,30.128211975097656,150600
2013-03-27,30.006535771982286,30.1235294342041,29.739788579749458,30.1235294342041,97600
2013-03-28,30.20776801696737,30.638303879858828,30.03929684099009,30.390277862548828,314800
2013-04-01,30.413675066371407,30.483871986166726,29.360733765714414,29.636838912963867,289200
2013-04-02,29.674275961054697,29.917623021781488,29.561961246418555,29.636838912963867,157000
2013-04-03,29.702353633409103,29.702353633409103,29.02846894891237,29.131423950195312,201000
2013-04-04,29.201624702500084,29.435612074202226,29.070590560423142,29.426252365112305,217000
2013-04-05,29.014429699072565,29.234378366436584,29.014429699072565,29.145462036132812,199800
2013-04-08,29.201616287231445,29.25309199461888,29.065903222310073,29.201616287231445,132800
2013-04-09,29.281177386130373,29.416890480122902,29.089307826934043,29.136104583740234,163400
2013-04-10,29.206308407509436,29.856793120849897,29.065916318725108,29.791276931762695,196000
2013-04-11,29.744465278202636,29.88017655117382,29.5432360637506,29.68362808227539,189600
2013-04-12,29.627480219041782,29.861467579461753,29.53856387956579,29.707035064697266,149400
2013-04-15,29.6647851321542,29.73049797649627,28.960715873276527,29.05459213256836,278800
2013-04-16,29.2845970343704,29.829077374548618,29.139090484059984,29.80560874938965,302200
2013-04-17,29.660099879228802,29.763363976735032,29.35969718525573,29.533367156982422,309400
2013-04-18,29.60377214038652,29.674179798771114,29.430102184389963,29.599079132080078,276600
2013-04-19,29.608461003077544,30.09661613397034,29.51927774826513,29.946413040161133,321600
2013-04-22,30.049675922291318,30.049675922291318,29.505197529882654,29.800907135009766,178000
2013-04-23,30.002737222307072,30.1247768968068,29.608460155420723,30.063758850097656,217000
2013-04-24,30.059070022288207,30.115396863493817,29.730503944086443,29.786828994750977,119000
2013-04-25,29.885394674148223,30.162330466966107,29.800908003618748,29.85723304748535,250600
2013-04-26,29.866616398792353,29.951104847261742,29.49111317811762,29.58498764038086,235400
2013-04-29,29.678866095747363,30.035595524767825,29.631928861132383,29.838455200195312,158800
2013-04-30,29.833765348143892,30.01682308925936,29.744582086186465,29.974578857421875,158600
2013-05-01,29.83846022225123,30.00743716017051,29.70233971220058,29.791522979736328,519600
2013-05-02,31.7112838597424,32.50453651041948,30.016825048957674,30.035600662231445,196600
2013-05-03,30.378244457933874,30.38763047307528,30.110698262882526,30.1435546875,159200
2013-05-06,29.85254599970759,29.993361331744065,29.59438754187626,29.80560874938965,204800
2013-05-07,29.87131417548779,30.46742820739746,29.77743790769396,30.46742820739746,123600
2013-05-08,30.509674769802643,30.566001612413427,30.09662200057031,30.556612014770508,193600
2013-05-09,30.617631958813185,30.730282056707374,30.448655021430877,30.627017974853516,184600
2013-05-10,30.60354766256216,30.918034707706713,30.37355266746533,30.74905776977539,246200
2013-05-13,30.706807183086315,31.002518571077605,30.655175149661854,30.936805725097656,96400
2013-05-14,30.885179246970246,31.28884599121521,30.885179246970246,31.232519149780273,167800
2013-05-15,31.11987385819494,31.495375449222674,30.974363723933706,31.481294631958008,143200
2013-05-16,31.481291689371243,31.88495845827991,31.38741719565953,31.772308349609375,169800
2013-05-17,31.781681668378372,32.15718665535937,31.65025599725931,32.11494064331055,282000
2013-05-20,31.969451684833494,32.34495687763486,31.870882377466796,32.265159606933594,289600
2013-05-21,32.251071740479794,32.32617419505973,32.039852353867474,32.110260009765625,218000
2013-05-22,32.035157940598125,32.143116825085094,31.326393736571994,31.608020782470703,250000
2013-05-23,31.382729298655544,31.75353971820924,31.382729298655544,31.734764099121094,191000
2013-05-24,31.63617296458114,31.720661401662728,31.481276899751435,31.62678337097168,140800
2013-05-28,31.92720022561499,32.185360449443245,31.65026796831042,31.908428192138672,209600
2013-05-29,31.73006048209028,31.795773340097238,31.43435262105896,31.608020782470703,116000
2013-05-30,31.622101134951926,32.1290283203125,31.5610795024043,32.1290283203125,163800
2013-05-31,31.950668208382417,32.523311875067655,31.838018110683006,32.17597198486328,337600
2013-06-03,32.218222617385536,32.53740095955999,31.884963457055036,32.45760726928711,421800
2013-06-04,32.420053357899,32.61719195797991,31.894346843267236,32.28862762451172,222200
2013-06-05,32.28861863425119,32.387187906846584,31.701894215648903,31.7863826751709,138800
2013-06-06,31.701890642970188,31.776989497925474,31.335775219995195,31.44842529296875,167200
2013-06-07,30.819462995043406,31.6549580216972,29.880702103798157,31.434349060058594,254800
2013-06-10,31.556385618571476,31.556385618571476,31.110472941278406,31.237207412719727,173800
2013-06-11,31.087008977968626,31.33108476676785,30.772521959811147,31.190269470214844,139600
2013-06-12,31.251301880533948,31.551704607767455,30.913347917125506,31.143342971801758,438800
2013-06-13,31.143326059503497,31.781682403487775,30.932106737616788,31.622095108032227,204600
2013-06-14,31.561098374183945,31.631506064025544,31.443753418142574,31.57048797607422,164600
2013-06-17,31.720680881362547,31.884963059606843,31.547009103742635,31.75823211669922,356200
2013-06-18,31.88026137818122,32.16658321892222,31.659652394553024,31.99760627746582,216800
2013-06-19,31.950661986256595,32.03045564070944,31.678421020507812,31.678421020507812,157400
2013-06-20,31.345165313984367,31.4437345883016,31.157412780535573,31.284147262573242,179800
2013-06-21,31.194969278079046,31.856796264648438,31.054157539994424,31.856796264648438,721800
2013-06-24,31.678427848947983,32.133726628856984,31.509450908340888,32.039852142333984,359000
2013-06-25,32.15719763234678,32.49515151977539,31.950669460899924,32.49515151977539,469000
2013-06-26,32.54209113137337,32.77208615107383,32.35903335921225,32.645355224609375,308800
2013-06-27,32.804940110426536,33.18513644225245,32.804940110426536,32.98330307006836,430000
2013-06-28,32.82839827492205,33.274307298202146,32.82839827492205,32.978599548339844,982400
2013-07-01,33.213288315705896,33.57940368541447,33.08655386860325,33.56532287597656,241800
2013-07-02,33.56532962057503,33.654509291961745,33.185129783950664,33.45737075805664,692800
2013-07-03,33.330652479893516,33.541871905997716,33.25555001127161,33.41044616699219,119800
2013-07-05,33.76717755030278,34.13329315185547,33.46677482179376,34.13329315185547,174400
2013-07-08,34.14735771257716,34.26000778686434,33.964299998955006,34.07695007324219,172800
2013-07-09,34.13328523860987,34.20369289514322,33.80941216720581,33.87043380737305,352800
2013-07-10,33.9126691453121,33.9126691453121,33.61696134714437,33.85634231567383,422200
2013-07-11,34.21309938475552,34.21309938475552,33.80473759736266,34.015960693359375,422800
2013-07-12,33.99247009321624,34.274097139656604,33.72022906318828,34.18491744995117,396200
2013-07-15,34.180228377336675,34.30695931608701,33.75309472791324,34.00186538696289,509800
2013-07-16,34.067592766975174,34.20371336277279,33.861064472511984,34.015960693359375,267000
2013-07-17,34.03940877767805,34.26940737195837,33.945534285253416,34.03471755981445,120800
2013-07-18,34.03941158549589,34.546342481001865,34.03941158549589,34.51818084716797,204000
2013-07-19,34.49002079113636,34.96409169407975,34.49002079113636,34.682464599609375,178200
2013-07-22,34.701269433194646,35.0165671332698,34.57421184533826,34.969505310058594,153200
2013-07-23,34.9413066366177,35.06366103888308,34.866010515126185,34.93659973144531,112400
2013-07-24,34.93658158586029,34.93658158586029,34.2965792468576,34.36716842651367,196000
2013-07-25,34.26363359872797,34.83775358523852,34.26363359872797,34.74363708496094,185600
2013-07-26,34.52715849167423,34.57421673122248,34.08480314123087,34.2589225769043,158400
2013-07-29,34.21186355916089,34.291866522313825,33.825980218645036,33.91068649291992,288400
2013-07-30,33.929505143080696,34.28715419905453,33.83068177043923,34.22597885131836,225800
2013-07-31,34.31539996028419,34.89893377157542,34.117753148547386,34.710697174072266,270000
2013-08-01,35.67070905290188,36.20718114935903,35.56717872019693,35.73659133911133,369000
2013-08-02,34.14598640768741,35.95305266573823,34.14598640768741,35.9059944152832,366200
2013-08-05,35.98599486032624,36.93658447265625,35.96246393924825,36.93658447265625,422200
2013-08-06,36.87069178057217,37.24716486952344,36.78598551507381,36.898929595947266,314000
2013-08-07,36.75775543772398,37.13893188032148,36.75775543772398,36.8565788269043,177600
2013-08-08,35.17186960372246,36.922463684535025,35.17186960372246,36.889522552490234,346400
2013-08-09,36.800107858483074,37.0918747234086,36.800107858483074,36.870697021484375,207400
2013-08-12,36.82365198803556,37.24718352768624,36.72953546380885,36.94129943847656,218000
2013-08-13,36.84246333739381,37.29422896084523,36.77187417334833,37.214229583740234,127400
2013-08-14,37.33189531832726,37.35542265768163,36.903656812477855,37.05895233154297,180600
2013-08-15,36.70128339679168,36.743638329483666,35.88245846465658,35.93893051147461,162200
2013-08-16,35.75540117642565,35.92951703933513,35.383634942990156,35.750694274902344,161000
2013-08-19,35.76481138915837,36.0330473309645,35.62363306597034,35.750694274902344,147000
2013-08-20,35.755399499905714,36.1553999430978,35.70363435651822,36.01892852783203,215000
2013-08-21,35.793049006543235,36.324817629293754,35.73187364220377,35.89187240600586,133200
2013-08-22,35.87305221038131,36.30599384615036,35.68951893554943,36.18363952636719,121600
2013-08-23,36.18362705248401,36.41421490655984,36.06597967525775,36.315391540527344,122000
2013-08-26,36.41421995063119,36.96010557992698,36.22128009221701,36.28245544433594,137200
2013-08-27,35.99540552298513,36.277758627865936,35.78834849424029,36.070701599121094,319200
2013-08-28,36.0236344830345,36.1506920923581,35.92480750984392,35.9577522277832,277600
2013-08-29,35.97657301845482,36.1318684461211,35.53892455250402,35.67539596557617,268800
2013-08-30,35.61892688316384,35.67539533563544,34.70598193819437,34.80009841918945,184200
2013-09-03,35.15774931346873,35.58598758169043,34.90363049336691,35.11069107055664,225200
2013-09-04,35.17657808732482,35.22834323862496,34.88951809932018,35.171871185302734,353800
2013-09-05,35.22363656537866,35.55775480483144,35.167168102003956,35.46363830566406,202000
2013-09-06,35.64717766438078,35.71305994973659,34.60717462804658,35.5389404296875,276800
2013-09-09,35.750699596896176,36.66834806328151,35.69422754115153,36.640113830566406,189800
2013-09-10,36.884818606739785,37.171878604842,36.67776158457013,37.16717529296875,193200
2013-09-11,37.09658922937888,37.77894290086646,37.09658922937888,37.741294860839844,333800
2013-09-12,37.74129359680293,37.74129359680293,37.011881694869,37.143646240234375,329600
2013-09-13,37.34599489758905,37.39776004629528,36.927170396467105,37.17658233642578,212800
2013-09-16,37.618940964494925,37.74599860104644,37.077762102975285,37.16717529296875,127400
2013-09-17,37.115413249392184,37.76482578343516,36.96011777701842,37.741294860839844,163600
2013-09-18,37.77894016475762,38.30600191601413,37.487176851468824,38.1883544921875,180800
2013-09-19,38.18364046669926,38.64952317285317,38.12716842128427,38.630699157714844,193400
2013-09-20,38.833060076956194,39.096592747741674,38.164823571296395,38.1883544921875,571800
2013-09-23,38.2212930937287,38.31540959042566,37.71305539481097,38.0612907409668,283800
2013-09-24,38.06128609349265,38.52246548774957,37.88246333547789,38.19305419921875,238600
2013-09-25,38.15070065909489,38.376585258264356,37.86364070134244,37.87305450439453,184600
2013-09-26,38.051884764657665,38.211883544921875,37.72247339922275,38.211883544921875,194600
2013-09-27,38.070706709197275,38.616588883639416,38.01423465378006,38.5224723815918,187400
2013-09-30,38.34364695807739,38.738940547905344,37.95776358168212,38.729530334472656,300200
2013-10-01,38.842465555675545,39.002464294433594,38.4659924440004,39.002464294433594,215800
2013-10-02,38.842471699915265,39.049532303121545,38.456588315049,38.59776306152344,204800
2013-10-03,38.578949171847505,38.65424166466345,37.90129878492971,38.09894561767578,199900
2013-10-04,37.98599869105598,38.29658600591814,37.92011642456055,37.92011642456055,143100
2013-10-07,37.75070774737234,38.00482662589618,37.289528244055454,37.534236907958984,304500
2013-10-08,37.901301585609076,39.38836343417882,37.647182671737035,39.15306854248047,586400
2013-10-09,39.162475217196494,40.31071522848959,39.162475217196494,40.07542037963867,503800
2013-10-10,40.59306170060397,40.63070614163416,39.69894070290868,40.62129592895508,359100
2013-10-11,40.40482614551242,41.308357378501775,40.26364781959548,41.26129913330078,285800
2013-10-14,41.204811086673544,42.16481399536133,41.11069463281326,42.16481399536133,346800
2013-10-15,41.967191469284806,42.12719025110005,41.35542339575848,41.506011962890625,252900
2013-10-16,41.6283685569638,42.62602011235459,41.32719140633919,42.550724029541016,229400
2013-10-17,42.48484208586087,43.14366845439389,42.18366493287118,42.795433044433594,304200
2013-10-18,43.03071824269222,43.350719344570074,42.767185600354296,43.01189422607422,266800
2013-10-21,43.02132326085783,43.5023757133806,42.96472737307215,43.294864654541016,214100
2013-10-22,43.29488749394739,43.6627519631461,42.9836153442013,43.1628303527832,159100
2013-10-23,43.09678510545592,43.70989469006961,42.98359691688594,43.46465301513672,264600
2013-10-24,43.464640254056306,43.85136974979985,43.3231523612435,43.65328598022461,151300
2013-10-25,43.84195715401292,43.84195715401292,43.087363078714354,43.492958068847656,135900
2013-10-28,43.38918458914345,44.247535705566406,43.33258870520157,44.247535705566406,275500
2013-10-29,44.209812507421034,44.39846188724595,43.56840677492892,44.16265106201172,268200
2013-10-30,44.21926295503951,44.40791240312247,43.785368144992034,44.06834411621094,263500
2013-10-31,44.54939176423807,46.03971827793881,44.31358088028708,45.6058235168457,643100
2013-11-01,45.46432438842176,45.50205498117244,43.926836916611485,44.33243179321289,463900
2013-11-04,44.44562287730085,44.92667897083524,43.974001231664246,44.34186553955078,412400
2013-11-05,44.143799185578246,44.389044533370694,43.98344950279673,44.09663772583008,217300
2013-11-06,44.33243280701924,44.56824361982253,43.79478444168273,43.92683792114258,147500
2013-11-07,43.94570117223354,44.08718909260409,43.2288379178847,43.294864654541016,261500
2013-11-08,43.238264089116726,44.42674881854404,43.14394121786533,44.04945373535156,277100
2013-11-11,44.058907118756046,44.45507129665587,43.9457188957227,44.09663772583008,174800
2013-11-12,43.86082233313569,44.3041479253425,43.63444231208437,44.190956115722656,190300
2013-11-13,43.8608126888669,44.40789552050323,43.8608126888669,44.30413818359375,120400
2013-11-14,44.27585212075297,44.926692490426056,44.04947567771,44.53996276855469,146600
2013-11-15,44.47392766675547,45.068168416957505,44.38903561698547,44.9832763671875,155000
2013-11-18,45.200221232365486,45.294547729674534,44.558819041603726,44.64371109008789,116900
2013-11-19,44.53050738516147,45.237939733955045,44.38902307431495,44.473915100097656,216400
2013-11-20,44.662558225831624,44.94553402728563,44.23810172002418,44.63426208496094,96100
2013-11-21,44.86066116763204,46.435876050819445,44.549389092355014,46.03028106689453,214300
2013-11-22,46.17175926423924,46.20948985899494,45.34170417055164,45.53035354614258,231700
2013-11-25,45.53034549815706,46.33210070496513,45.24737328388286,45.70956039428711,127500
2013-11-26,45.70956815277439,46.20005508658943,45.520918778508985,46.19062423706055,290200
2013-11-27,46.2000516257317,47.30364804369173,46.115159593580934,47.23762130737305,190900
2013-11-29,47.49231070750974,47.72812159205187,47.03955424097147,47.08671569824219,105200
2013-12-02,46.954661405289286,47.228202890418316,46.332120824278526,46.39814758300781,155100
2013-12-03,46.39813556345651,47.02067598319664,46.12459774737661,46.624515533447266,230400
2013-12-04,46.37926579220983,46.88861797691455,45.6718334017379,45.8887825012207,248600
2013-12-05,45.87934440457237,46.360400406809184,45.77558708651396,46.1057243347168,161000
2013-12-06,46.332100213865935,46.89804823460248,45.98310127323321,46.68110275268555,237200
2013-12-09,46.85089734523469,47.05841204197234,46.53962889831618,46.954654693603516,231300
2013-12-10,46.77544285198666,47.14330722195397,46.115171717030584,46.134037017822266,208200
2013-12-11,46.275526984143916,46.558499311930596,44.58712027094673,44.67201232910156,279900
2013-12-12,44.672001696422875,45.2190809201714,44.59654050794032,44.79462432861328,225000
2013-12-13,45.00213183637018,45.40772669687182,44.8040516295728,44.96440124511719,180200
2013-12-16,45.05873667318621,46.12460269957744,44.804060528923465,46.08687210083008,197400
2013-12-17,46.020845545489344,46.020845545489344,44.85122216672226,44.99271011352539,155200
2013-12-18,45.15305957186666,46.15289884954399,44.70973763024301,46.08687210083008,233100
2013-12-19,45.813334597989886,45.9265228057803,45.1153364520627,45.1247673034668,213500
2013-12-20,45.28510696578093,46.926351808205055,45.28510696578093,46.59621810913086,894900
2013-12-23,46.60565690620368,46.99238656172067,46.181196650590365,46.89806365966797,265900
2013-12-24,46.869754514433446,47.15273036023899,46.31324086823646,46.43586349487305,140100
2013-12-26,46.48302726183013,47.01124478914639,46.058570668262405,46.67167663574219,131500
2013-12-27,46.86976540193935,47.15274131347814,45.87936050611811,46.18119812011719,150900
2013-12-30,46.134037017822266,46.35098257964431,45.80390324943833,46.134037017822266,186900
2013-12-31,46.22834765675457,46.70940370382224,45.85105253560199,46.2755126953125,270200
2014-01-02,46.27552873209543,46.28495958416292,45.46433872312797,45.91709518432617,210200
2014-01-03,45.90764736078692,46.671675690472036,45.90764736078692,46.33210754394531,223900
2014-01-06,46.520756198262866,46.520756198262866,45.77559317687078,46.077430725097656,277800
2014-01-07,46.15290353591237,46.775444085704805,45.90765821734027,46.42644500732422,375800
2014-01-08,46.42643236424613,47.13386477809456,46.16232181630867,47.096134185791016,600900
2014-01-09,47.256482838123546,47.78470032499477,45.87934863092997,46.75656509399414,519500
2014-01-10,46.699978323805894,47.04898096632092,46.275521679872845,46.8697624206543,595500
2014-01-13,46.93578183614287,47.577187524423,46.22834940920338,46.473594665527344,472700
2014-01-14,46.75658238587251,47.46401504686295,46.718851780387766,47.38855743408203,463700
2014-01-15,47.46401130725221,47.99222894785556,46.93579366664885,47.605499267578125,440600
2014-01-16,47.445143311176096,48.19973732761504,47.35082040844177,48.114845275878906,323000
2014-01-17,47.98254762441593,48.31332994274502,47.254822918835046,47.47219467163086,1795300
2014-01-21,47.67065838540415,47.67065838540415,46.772819741077754,47.40603256225586,504700
2014-01-22,47.38710558746021,47.406007937188605,46.81059653913517,47.075225830078125,344100
2014-01-23,46.75390941893852,46.95237875249871,46.234103633058275,46.90512466430664,389400
2014-01-24,46.46091791520476,46.70664128201395,45.46856786403474,45.56307601928711,238700
2014-01-27,45.600886205803754,45.70484735223299,44.589633680955586,44.73139953613281,426000
2014-01-28,44.80700032376292,45.563076387659784,44.48566754594987,45.553627014160156,371900
2014-01-29,45.137796347025485,45.496933939718915,44.599091760613426,44.816463470458984,328500
2014-01-30,45.26065422939273,45.81826110435422,44.948774373366525,45.5252799987793,278200
2014-01-31,44.854256044988375,45.28899934699883,44.495122154765056,44.84480667114258,315800
2014-02-03,44.78811201190713,44.84481908644686,43.483878139542966,43.776859283447266,440000
2014-02-04,43.918629039227206,44.239961946103385,43.34211968230907,43.389373779296875,264300
2014-02-05,43.24758700824242,43.53111866382662,42.68053090758356,43.32319641113281,334300
2014-02-06,43.49332169529957,43.843006232703054,43.200340614890735,43.710693359375,233300
2014-02-07,43.83355376397884,44.49512168917293,43.79574905848086,44.466766357421875,279100
2014-02-10,44.41951169788241,45.19449012419102,44.16433534698737,44.88261032104492,274200
2014-02-11,44.80700221874968,45.42131607460253,44.655786999575085,45.222843170166016,156100
2014-02-12,45.21339675189397,45.68594479336223,44.84480985638959,44.99602508544922,180500
2014-02-13,44.71249556699587,45.9411197148908,44.551827363247085,45.82770919799805,177100
2014-02-14,45.827704366291606,46.04507600294118,45.39295748773751,45.46856689453125,133700
2014-02-18,45.55363615741955,46.25300530492678,45.55363615741955,46.01673126220703,231800
2014-02-19,45.82772254529282,46.16795419506334,45.005486143892384,45.118900299072266,207800
2014-02-20,45.05272883650118,45.89386738420781,42.330854695699664,45.76155090332031,549700
2014-02-21,45.780446313875416,45.88440744474788,45.09052670611397,45.4780158996582,323600
2014-02-24,45.364615677309814,45.364615677309814,44.58963711457623,44.74085235595703,286400
2014-02-25,44.750292688983556,44.83535147040173,43.767395621240745,43.87135314941406,178400
2014-02-26,43.94697265382291,44.211598432250085,43.483873936319526,43.66344451904297,278100
2014-02-27,43.53113123039777,43.65399113767972,43.04913016096433,43.285404205322266,213900
2014-02-28,43.41772725000189,43.8052166291838,42.82231911472065,43.07749557495117,265600
2014-03-03,42.84120797843873,43.039677294339164,42.4726174707237,42.62383270263672,249800
2014-03-04,43.001879855362255,44.343914814830846,42.78450814806479,44.060386657714844,515600
2014-03-05,43.975327850054434,44.26830898871943,43.63509261941279,44.060386657714844,272500
2014-03-06,44.098178617828076,44.35335496699855,43.92806105171442,44.23994445800781,217300
2014-03-07,44.636879506662275,44.7502900066704,43.79574472153034,43.96586227416992,215600
2014-03-10,43.88081333471827,44.03202857037898,43.62563694855539,43.75794982910156,180900
2014-03-11,43.814658675694595,43.94697156161984,42.99242602369073,43.049129486083984,204300
2014-03-12,42.879020879212966,43.4082761391433,42.64274678901744,43.389373779296875,134000
2014-03-13,43.5689218833244,43.75794179450739,42.86955289877876,42.99241638183594,181000
2014-03-14,42.74669839228912,43.28540290886986,42.075680991671796,42.293052673339844,344100
2014-03-17,42.434813735790925,42.7655959084503,42.41591138231678,42.71834182739258,232000
2014-03-18,42.84120408169,43.04912275337386,42.680535884440246,43.02077102661133,217500
2014-03-19,42.897908247004175,43.09637754814537,42.38755552527946,42.73724365234375,186600
2014-03-20,42.66164451477559,42.90737156083067,42.44427280803831,42.64274215698242,221600
2014-03-21,42.689983798161826,42.992417829390526,41.81104785128879,42.028419494628906,638000
2014-03-24,42.11349431403185,42.179650769577435,40.87541680763094,41.10224151611328,350700
2014-03-25,41.29123806490491,41.88664948404805,41.29123806490491,41.38574981689453,265300
2014-03-26,41.6314798540764,41.659835186858935,40.48791451057708,40.50681686401367,225700
2014-03-27,40.554085364277306,40.74310536059539,39.930321900107195,40.1476936340332,272900
2014-03-28,40.14769319299915,40.37451790714044,39.13644036985131,39.39161682128906,426000
2014-03-31,39.76019867077767,41.92446993339029,39.533377591308714,41.63148880004883,355700
2014-04-01,41.70709573598261,42.3686637878418,41.46136870845351,42.3686637878418,368800
2014-04-02,42.34030144480611,42.8601035405234,42.01896865023002,42.73724365234375,252600
2014-04-03,42.84121432629609,42.99242958061494,42.34031086709436,42.538780212402344,223500
2014-04-04,42.73725607695602,42.897920718325004,41.74490207224153,42.056785583496094,499100
2014-04-07,41.96226320053065,42.21743594400474,41.44245752427399,41.49916458129883,421600
2014-04-08,41.574770386993045,41.91500188388582,40.799788429182115,41.754337310791016,339100
2014-04-09,42.000074606697126,43.21924959250131,41.915015802914134,42.964073181152344,373300
2014-04-10,42.8979062072825,43.18143428189655,41.31959764193611,41.49916458129883,293700
2014-04-11,41.06441700287743,41.57476964701511,40.10986813825828,40.4690055847168,325900
2014-04-14,40.903750107140176,41.045515936698735,40.32724102130908,40.686378479003906,285300
2014-04-15,40.865961038996154,40.99827392939332,39.70348954706477,40.66748809814453,489800
2014-04-16,41.054977393703034,41.262899710187654,40.36505760430647,40.66748809814453,324900
2014-04-17,40.506822230409384,41.44246541531667,40.40286107536285,41.35740661621094,557700
2014-04-21,41.3100488462273,41.651063351848855,40.99745101156968,41.2153205871582,192200
2014-04-22,41.366883350739414,41.54686524127215,40.950089839662525,41.26268768310547,264800
2014-04-23,41.073226256815,41.25320449651639,40.42908866465546,40.54275894165039,244700
2014-04-24,40.864821742497476,40.864821742497476,39.974398078563155,40.29646682739258,201100
2014-04-25,40.12596951173877,40.18280284913781,39.747063732683046,39.83231735229492,242200
2014-04-28,40.097548058255036,40.83641026438165,39.709167693635486,40.64695739746094,224900
2014-04-29,40.921662000690986,41.18689383413165,40.46697730900153,40.66590118408203,259700
2014-04-30,40.6374935519809,41.177431969210964,40.17333412678502,41.09217834472656,267200
2014-05-01,40.84587627587573,40.84587627587573,39.23553252467091,40.523807525634766,409900
2014-05-02,40.64696854815802,41.39530559035432,40.53329824222753,41.28163528442383,258200
2014-05-05,40.997438755617,41.28161983435636,40.580645380851784,41.20583724975586,190200
2014-05-06,41.05427897289913,41.395293403811735,40.779572502051444,40.826934814453125,266700
2014-05-07,40.81747540245667,40.96903701334119,40.12597532695142,40.90272903442383,246000
2014-05-08,40.92165370783101,41.65104471549294,40.14490039858314,40.21120834350586,433700
2014-05-09,39.955458633279115,40.78904910316835,39.82284270674257,40.770103454589844,257000
2014-05-12,40.99744783172925,41.94470866786727,40.789052904967946,41.745784759521484,276800
2014-05-13,41.774200365843136,41.81209166556817,40.66590695023514,40.684852600097656,301900
2014-05-14,40.62801171933201,40.62801171933201,39.538664058992126,39.784950256347656,563300
2014-05-15,39.47234958102498,39.81336399344627,38.96083157590565,39.7186393737793,457900
2014-05-16,39.623915801585994,39.92703892874863,39.44393396054319,39.87967300415039,290000
2014-05-19,39.62391303004829,40.64695260928639,39.62391303004829,40.59959030151367,176600
2014-05-20,40.353306898764636,40.400672827537704,39.06503530153176,39.50077438354492,434800
2014-05-21,39.67127450419492,40.21121275118543,39.47234703410969,40.03123092651367,277000
2014-05-22,39.94598778860684,40.343839219440724,39.51024867053767,39.98387908935547,209700
2014-05-23,40.09755173420605,40.722743722899985,39.936515517830905,40.60906982421875,234900
2014-05-27,40.969033662569544,41.55633440502374,40.808001045087565,41.4710807800293,276500
2014-05-28,41.42371108654191,41.42371108654191,40.66590322895337,40.722740173339844,228300
2014-05-29,40.84588392089741,40.92166651796752,40.28699991480118,40.33436584472656,196900
2014-05-30,40.4669763352337,40.4669763352337,39.76600186063475,39.870201110839844,238900
2014-06-02,39.94598965147654,40.230170806830586,39.22607297124624,39.964935302734375,214500
2014-06-03,39.77548479938382,40.04071668184597,39.28290872230168,39.53866958618164,216400
2014-06-04,39.26395662643979,39.794420304288415,39.074503764274084,39.737586975097656,175200
2014-06-05,39.7660063918056,40.56170557715981,39.377629623568005,40.51434326171875,227600
2014-06-06,40.78906023078704,40.78906023078704,40.315429727652784,40.429100036621094,348000
2014-06-09,40.324888607749585,40.68484869354766,40.249109629089034,40.64695739746094,314700
2014-06-10,40.59012510127936,40.59012510127936,39.97440773017275,40.466983795166016,151400
2014-06-11,40.15438098281166,40.286996904261215,40.00281941351033,40.23016357421875,214800
2014-06-12,40.059664136010454,40.059664136010454,39.34921846441964,39.481834411621094,117500
2014-06-13,39.67127525008231,39.67127525008231,38.97977544029506,39.1029167175293,110700
2014-06-16,39.09345455496246,39.50077699747644,38.771385730963345,39.26396179199219,125800
2014-06-17,39.254486083984375,39.519721564043934,39.159761449793,39.254486083984375,236500
2014-06-18,39.216609339776774,39.652348560248605,39.05557308050681,39.623931884765625,173700
2014-06-19,39.77548134916944,40.050184226385454,39.614445139133636,39.95545959472656,226500
2014-06-20,40.10700357579749,40.3722353188775,39.96491307714093,40.34381866455078,534300
2014-06-23,40.391203594594984,40.391203594594984,39.77548618689886,40.04071807861328,120400
2014-06-24,39.89861902627526,40.25857909823125,39.33973507778284,39.358680725097656,276500
2014-06-25,39.06502398508583,39.68074113212999,39.06502398508583,39.576541900634766,194900
2014-06-26,39.40605185869285,39.6239250448334,38.932421410326285,39.59550476074219,223800
2014-06-27,39.2639681389446,39.99335952336255,39.15976885352577,39.92705154418945,284400
2014-06-30,39.81336903372515,40.097550155727966,39.50077485844036,39.95545959472656,459100
2014-07-01,40.211214314705636,41.3952900977446,39.983870174416644,41.20583724975586,587100
2014-07-02,41.13953717752487,41.28162774411981,40.59012417443854,40.60906982421875,303000
2014-07-03,40.722754615435306,41.15849383639207,40.65644301671093,41.13007354736328,108900
2014-07-07,40.93113570043661,41.1963711647754,40.52381329323241,40.54275894165039,264000
2014-07-08,40.36280049283858,40.47647082556892,39.9460032503028,40.09756851196289,279200
2014-07-09,40.25858568721974,40.39120162661551,39.879679905934694,40.02177047729492,215400
2014-07-10,38.99870833829791,40.258566385554964,38.96082066914503,39.9080810546875,235700
2014-07-11,39.889144192077914,40.353299859577675,39.576546461567446,40.18279266357422,190700
2014-07-14,40.561699966097194,40.561699966097194,39.775475520700596,39.822837829589844,249500
2014-07-15,39.766017282069825,39.99336151736535,39.05557151535309,39.083988189697266,255200
2014-07-16,39.33027048016375,39.40604946827851,38.174611099928555,38.22197341918945,364700
2014-07-17,37.91884580024673,38.14618996500073,37.50205238062946,37.61572265625,403500
2014-07-18,37.511518580383246,38.55350741587372,37.511518580383246,38.20302200317383,720800
2014-07-21,37.95612929205667,38.29799142101366,37.42434335562409,38.02260208129883,307900
2014-07-22,38.16505149845432,38.696837564171005,38.16505149845432,38.55439376831055,315400
2014-07-23,38.56388538191402,38.9152420966686,38.40244886594856,38.70632553100586,196900
2014-07-24,38.87725488087438,38.87725488087438,38.27899976077278,38.41194534301758,204100
2014-07-25,37.95613456447602,38.62086254923377,37.851676274729556,38.307491302490234,222200
2014-07-28,38.34547106873483,38.78229328564207,38.08907447468181,38.25050735473633,322200
2014-07-29,38.29798930611851,38.3549639094682,37.975119937988126,38.07957458496094,378800
2014-07-30,38.31698014328764,38.62085678309226,37.8801579263804,38.25050735473633,450100
2014-07-31,39.36154678806825,39.43751411269665,38.32646617973566,38.696815490722656,400700
2014-08-01,38.63985229362833,38.96272169935949,37.851673334708344,38.212528228759766,314800
2014-08-04,38.45943047486054,38.53540145904102,37.908651707039816,38.44993591308594,239200
2014-08-05,38.28848613998703,38.88674475475094,38.11755510719733,38.630348205566406,202000
2014-08-06,38.24101701520918,38.90574859658333,38.11756598463359,38.8582649230957,280600
2014-08-07,38.91523193049078,38.93422466990717,38.041587652304926,38.155540466308594,155600
2014-08-08,38.12705930130933,38.47841598079286,37.8991500141473,38.10806655883789,259600
2014-08-11,38.184050970561884,38.26002197439884,37.75672313022112,37.92765426635742,288800
2014-08-12,37.88965151220862,37.937131552199894,37.139454563864085,37.28189468383789,202600
2014-08-13,37.3103782173683,38.478404357828154,37.3103782173683,38.45941162109375,246900
2014-08-14,38.6113764239978,39.418548366134495,38.40245979885797,39.409053802490234,315900
2014-08-15,39.81734367727777,40.035754618183724,39.30455088254596,39.902809143066406,657200
2014-08-18,40.2446934273443,40.643530074896134,40.01678418410431,40.58655548095703,339200
2014-08-19,40.57705624502861,41.35574040356458,40.45360525721356,41.260780334472656,390700
2014-08-20,41.11834762265783,42.11544310519142,41.11834762265783,41.72610092163086,553700
2014-08-21,41.61215525320668,41.9730101950807,41.1943256937972,41.83056640625,415900
2014-08-22,41.811546574573,42.096433967687894,41.374724551454236,41.46968460083008,280000
2014-08-25,41.82106379644132,42.07746039350001,41.67862003502138,41.93501663208008,313700
2014-08-26,41.859049939392804,42.44781049234384,41.77358440569867,42.42881774902344,336700
2014-08-27,42.40982215929741,42.64722600112566,41.612145105854715,41.63113784790039,235600
2014-08-28,41.55515872215428,41.76407522114984,41.21330029992669,41.260780334472656,322100
2014-08-29,41.2227980317048,41.41272180700588,41.07085973596287,41.241790771484375,273500
2014-09-02,41.30826869661419,41.773581822956686,41.19431586623253,41.75458908081055,297500
2014-09-03,41.916022397486984,42.115440758382384,41.678618551898595,41.887535095214844,280200
2014-09-04,41.868534241508975,42.248381769859094,41.574152225912904,41.640625,232100
2014-09-05,41.46969421560251,41.849541746161115,41.384232324846074,41.764076232910156,166800
2014-09-08,41.80207105341898,42.02997672469648,41.60265268542732,41.93501663208008,206400
2014-09-09,41.783086827358595,41.830566883345014,41.184827978940696,41.365257263183594,237300
2014-09-10,41.33674710222384,41.6311291083903,41.32725254444174,41.479190826416016,226600
2014-09-11,41.19431376315545,41.802066990823846,41.19431376315545,41.688114166259766,263300
2014-09-12,41.773578591535035,41.773578591535035,41.270280019833244,41.422218322753906,295900
2014-09-15,41.507687643893874,41.507687643893874,40.93791986141231,41.184818267822266,212700
2014-09-16,41.14684673482238,41.526690810999526,40.994904757356174,41.38425064086914,163700
2014-09-17,41.384233178682294,41.944502682949164,41.25128400449762,41.792564392089844,333200
2014-09-18,41.98248107176146,42.62821960449219,41.84004098578773,42.62821960449219,237600
2014-09-19,42.675719571467816,42.780177856815065,42.1249444612219,42.53327941894531,675300
2014-09-22,42.314867026754655,42.49529266357422,42.067964973743074,42.25788879394531,288100
2014-09-23,41.98248633044999,42.22938830638821,41.76407527327044,42.086944580078125,413400
2014-09-24,42.27688196647705,42.32436201638468,41.73560142803965,42.1534309387207,226300
2014-09-25,42.115438648938756,42.115438648938756,41.536176337612666,41.94450759887695,423500
2014-09-26,41.963506691507064,42.295874282484874,41.80207379895728,42.25788879394531,345800
2014-09-29,41.897028693578726,42.713698483258966,41.897028693578726,42.685211181640625,297800
2014-09-30,42.685205212648945,43.141020087278,42.19140485951048,42.50477600097656,510400
2014-10-01,42.39083975449018,42.55227628999804,41.35575860680903,41.83056640625,399700
2014-10-02,41.90653670740614,42.49529735478247,41.67862737350461,42.162933349609375,208200
2014-10-03,42.60923109736329,42.78016211549132,42.35283457017124,42.63772201538086,238000
2014-10-06,42.63772495189752,42.9510960917183,42.49528121948242,42.49528121948242,215400
2014-10-07,42.3338604161621,42.40033321087155,41.55517237921672,41.56467056274414,324600
2014-10-08,41.43171752409858,42.561758453478774,41.29877195858267,42.514278411865234,344900
2014-10-09,42.44780454148791,42.666215625309945,42.09644789555637,42.36233901977539,311400
2014-10-10,42.21039853049252,42.94160270671303,41.94450379755207,42.0584602355957,309200
2014-10-13,42.01099225003031,42.894131352013325,41.78308293105371,42.31486892700195,223600
2014-10-14,42.647211910821895,43.61581970016014,42.33384082684144,43.08403396606445,500300
2014-10-15,41.78306980239612,42.86563057676816,41.33674948849044,42.49528121948242,440900
2014-10-16,41.94451479913852,42.580759066363925,41.63114356856143,42.048973083496094,515600
2014-10-17,42.609235659889926,42.64722113965121,41.783071398803024,42.19140625,587700
2014-10-20,41.88677788809136,42.8101921081543,41.88677788809136,42.8101921081543,266200
2014-10-21,43.20050915813188,43.2385852947568,42.65788517274623,42.9815559387207,294200
2014-10-22,42.94345737649912,43.229048249373896,42.49602937572149,42.58170700073242,405600
2014-10-23,42.86731074754506,43.24810111339394,42.09621552235586,42.9339485168457,276700
2014-10-24,43.07675067388372,43.34330178117131,43.00059113952357,43.29570388793945,152800
2014-10-27,43.08626533433385,43.676490783691406,43.08626533433385,43.676490783691406,160400
2014-10-28,43.952557657175,45.41859581433796,43.67648846072394,45.380516052246094,389500
2014-10-29,45.39954660630173,45.713699131790406,44.55229204699262,45.03779983520508,335500
2014-10-30,45.16156426022551,48.66482258802565,45.16156426022551,47.76996994018555,549300
2014-10-31,48.55058117378049,49.15032466391965,48.23642861130761,48.78857421875,430200
2014-11-03,48.798101427978985,48.798101427978985,47.589099730148,48.07460403442383,486100
2014-11-04,47.88420259518683,48.51250412372818,47.693807422283356,48.33163070678711,219500
2014-11-05,48.64577079270447,48.864727562118276,48.11266876348187,48.36017990112305,196800
2014-11-06,48.512497205340914,48.645772717921105,48.04603291131024,48.407779693603516,239800
2014-11-07,48.24594790318156,48.50298081440218,47.389171532446156,47.589088439941406,232500
2014-11-10,47.551033502155065,47.931820374520754,47.33208023346013,47.92230224609375,296700
2014-11-11,48.25547199089567,49.635832478140465,48.07459857093402,48.98849105834961,678500
2014-11-12,48.66481360823627,50.092771783854,48.63625560679925,49.94045639038086,319400
2014-11-13,49.94999017232335,50.10230560247155,49.58823966391401,49.63583755493164,353300
2014-11-14,49.67392027057403,49.826235709768554,48.693389857727205,48.88378143310547,184300
2014-11-17,48.693380993285295,49.37879852913977,48.331630529246134,49.20744323730469,280600
2014-11-18,49.255038761482055,49.60726742674079,48.978965976948125,49.264556884765625,186800
2014-11-19,49.14081221794096,49.14081221794096,48.179321731968834,48.26499938964844,137400
2014-11-20,47.922285853815524,48.569627310043956,47.874687964987054,48.53154754638672,157700
2014-11-21,49.188410545983764,49.188410545983764,48.369717359377496,48.44587326049805,173000
2014-11-24,48.52202721019574,49.75959042077428,48.51250545397224,49.75006866455078,213400
2014-11-25,49.769109101994225,50.03566380694296,49.25504683624269,49.445438385009766,193000
2014-11-26,49.312160405459295,49.86430603769255,49.29312052522858,49.60727310180664,265400
2014-11-28,49.84527365315423,50.72108648655618,49.46448325424863,49.512081146240234,124800
2014-12-01,49.445445135706436,49.79767753828441,48.79810361335716,49.27408981323242,192600
2014-12-02,49.474012357705405,50.54973867609354,49.25505911684357,50.48310089111328,162200
2014-12-03,50.40692912579421,51.22562580548287,49.902381386285036,51.082828521728516,214400
2014-12-04,51.073317419536664,51.073317419536664,50.40693605620568,50.8067626953125,323500
2014-12-05,50.71155331109753,51.38745261865645,50.568756046014244,51.34937286376953,226700
2014-12-08,51.12090755199924,52.072879746146384,50.94955226653389,51.00667190551758,225200
2014-12-09,50.37836103834787,52.24422908647896,50.064212138400464,52.225189208984375,320500
2014-12-10,51.987198549722066,52.12999219019175,50.49260259759607,50.70203399658203,188300
2014-12-11,50.99715485830247,52.11096431666068,50.99715485830247,51.27322769165039,153800
2014-12-12,50.606834897215656,51.31129582410286,50.58779502011219,50.7877082824707,215500
2014-12-15,51.149468021293764,51.23514566815634,49.20744378006607,49.778629302978516,277300
2014-12-16,49.71200059544558,50.75916879770938,49.71200059544558,49.83575439453125,197100
2014-12-17,50.12135223418531,51.68258651130143,49.40737287832219,51.58738708496094,324000
2014-12-18,52.19664968604437,52.567918349904254,51.45410872683801,52.43464279174805,289700
2014-12-19,52.40608497551624,52.6345599715255,51.701627364837485,52.044334411621094,1036300
2014-12-22,52.03482897183323,52.33945995313034,51.57788249988756,51.92059326171875,235200
2014-12-23,52.27279303536071,52.27279303536071,50.65443957901341,51.00667190551758,217200
2014-12-24,51.035223964665725,51.520728129275355,50.90194845404682,51.34937286376953,145400
2014-12-26,51.69210425190367,51.78730367753275,50.978124901376034,51.311317443847656,188000
2014-12-29,51.37794860098211,51.92057254689412,50.73060711612456,51.18755340576172,231800
2014-12-30,51.225632573616565,51.39698788416763,50.644928869136436,50.8162841796875,183100
2014-12-31,51.18754658526642,51.86344598832646,50.61636107571299,50.68300247192383,289800
2015-01-02,50.99715363449087,51.492179645049944,49.49303935333744,49.65487289428711,268900
2015-01-05,49.264576126238595,49.91191770691875,48.62675630404639,48.96946334838867,338400
2015-01-06,49.01704438440532,49.33119328491549,47.86515539857382,48.131710052490234,430400
2015-01-07,48.56962006859473,49.13128378859665,48.236427633500206,48.912330627441406,393100
2015-01-08,49.140832323069944,50.09280507277716,48.49349056275001,49.87385177612305,247500
2015-01-09,49.73102335775845,50.02613238019229,49.25503731488035,49.302635192871094,218400
2015-01-12,49.40737225197008,49.9880724035948,49.03609994117909,49.38833236694336,201900
2015-01-13,49.64535422014345,50.74964188332806,49.473998924866024,49.959503173828125,245800
2015-01-14,49.502546788779334,49.78813767857141,48.64577048791793,49.15031814575195,189100
2015-01-15,49.38833770980495,49.38833770980495,48.312607694085756,48.38876724243164,207600
2015-01-16,48.09298737729094,49.52404235218279,47.89264055425272,49.476341247558594,205600
2015-01-20,49.533593515193,49.609918213183924,48.655881324468844,49.228302001953125,238700
2015-01-21,49.247385671006185,49.60992072610294,48.48415684924625,48.6558837890625,202600
2015-01-22,49.037500019623515,49.08520113860312,48.217027671470795,48.6558837890625,474600
2015-01-23,48.522312797432335,49.20922046605669,48.302884767591024,48.369667053222656,251800
2015-01-26,48.197943044791664,49.151979913518275,47.47287298651682,49.0279541015625,389300
2015-01-27,48.56048244579862,49.00887733970279,47.873574673877805,48.42691421508789,255000
2015-01-28,48.5509304779835,48.80852084173136,47.31068340907124,47.520572662353516,229500
2015-01-29,47.673216810068794,47.95942710268166,46.90998451061939,47.88310241699219,295800
2015-01-30,47.38701024901758,47.768626458101664,46.87183309792452,47.04356002807617,849800
2015-02-02,47.06263390436576,47.291600682820345,46.423427399177285,46.9290657043457,355500
2015-02-03,47.14850065331408,47.75908731086637,47.02447847980543,47.58736038208008,255200
2015-02-04,47.24389794618721,48.15977230717277,47.215278009706786,47.81631851196289,275900
2015-02-05,48.092996650243236,49.123358177725684,48.092996650243236,49.01841354370117,225000
2015-02-06,49.02795971401652,49.237849013759146,48.42691539889316,48.62726593017578,212200
2015-02-09,48.512779754724384,48.846694886693086,47.37747704050035,47.53966522216797,195700
2015-02-10,47.99758977081605,48.4078258607739,47.577811275401686,48.27425765991211,231900
2015-02-11,48.08346096551619,48.83714734667888,47.87357168401264,48.703582763671875,300800
2015-02-12,48.875312687728524,48.96117615911212,48.407836618588405,48.44599533081055,311000
2015-02-13,48.541397015513134,49.05657415993826,48.2456442753328,48.98979187011719,141200
2015-02-17,49.13291721818026,49.514533564940535,48.913489092570224,49.161537170410156,183200
2015-02-18,48.93255002082263,50.0296901947701,48.92300761445343,49.953369140625,279100
2015-02-19,49.90566125917752,51.5179819775646,49.41910050245825,51.1840705871582,475300
2015-02-20,51.2603911804528,51.58476380229451,50.668889448633635,51.27947235107422,618100
2015-02-23,50.897864128104096,51.69925522195285,50.57349145584718,51.651554107666016,381600
2015-02-24,50.2777235996275,52.262117600390674,49.09471675426763,52.21441650390625,642000
2015-02-25,52.28121717137367,52.45294409065881,52.042707965628935,52.38616180419922,310000
2015-02-26,52.395696643637535,52.567423550050385,52.10948634606991,52.424320220947266,373500
2015-02-27,52.20490264892578,52.557895298566706,52.08087682740141,52.20490264892578,347800
2015-03-02,52.21444472484939,52.94905365370536,51.92823435189102,52.76778793334961,295700
2015-03-03,52.51019987779078,52.51019987779078,51.98548023043819,52.19536590576172,213300
2015-03-04,52.0904087298608,52.29075922725874,51.70879618684331,52.01408767700195,188800
2015-03-05,52.02363110667029,52.51019196478168,51.90914769744018,52.27168273925781,164700
2015-03-06,51.80421604089196,52.243072252410464,51.107769364517935,51.441680908203125,225200
2015-03-09,51.613379775888454,52.01407704945197,51.203143737427155,51.78510665893555,203800
2015-03-10,51.48936872644047,51.80419898693531,50.95510679306046,51.39396286010742,205300
2015-03-11,51.50845450984635,51.90914826622322,51.241321699566434,51.67063903808594,662100
2015-03-12,52.11903288843825,52.37662326850308,51.26994069453657,51.880523681640625,581800
2015-03-13,51.870972288934404,51.918673394157615,51.317632917495324,51.718326568603516,440100
2015-03-16,51.97592472061573,53.111227208852924,51.97592472061573,53.08260726928711,206300
2015-03-17,52.93952550293658,53.34975814819336,52.59607153075595,53.34975814819336,243300
2015-03-18,53.16847955550073,53.931708398663275,52.920431546233736,53.693199157714844,419700
2015-03-19,53.60732617978518,54.313315009126455,53.4165217323495,54.151126861572266,524800
2015-03-20,54.58045297935452,55.2482795715332,54.3133237982279,55.2482795715332,637200
2015-03-23,55.18149727625155,55.35322421822213,54.79988104090312,55.2482795715332,366000
2015-03-24,55.191026880791064,55.992417930474254,55.15286817508161,55.64896774291992,327400
2015-03-25,55.97334605146065,56.011508402867925,55.06701386139188,55.2482795715332,458100
2015-03-26,55.10516403467582,55.21965107115742,54.47549989147334,55.009761810302734,342300
2015-03-27,55.05746779975752,55.71575558007565,54.87620210164659,55.67759323120117,257600
2015-03-30,55.92563223445486,56.994155995086594,55.677584285349,56.95599365234375,328100
2015-03-31,56.79381670625691,57.52842557168112,56.307259478176995,57.442562103271484,700900
2015-04-01,57.24220518337503,57.24220518337503,53.874456609682106,54.275150299072266,739900
2015-04-02,54.16067349186383,54.75217533164447,53.88400192639672,54.07481002807617,224600
2015-04-06,53.60733293735615,54.32286062352174,53.42606723369785,53.464229583740234,301400
2015-04-07,53.378357101822644,53.750430853498735,52.901338724933005,53.32111358642578,278900
2015-04-08,53.51192797473085,53.864920596229915,53.17801652728063,53.64549255371094,254800
2015-04-09,53.50239372477253,53.9126262636936,52.89180702174111,53.47377014160156,212700
2015-04-10,53.81722080493172,53.8744643284867,53.40698465119249,53.807682037353516,196900
2015-04-13,53.77904439158858,54.03663472117804,53.66456101378025,53.969852447509766,171800
2015-04-14,53.83629539803995,54.313313784597554,53.73135077069944,54.00802230834961,434100
2015-04-15,54.05573540207049,54.62815613708779,53.864927277277296,54.30378341674805,285300
2015-04-16,54.4277875125809,54.79032244100372,53.502374481768,53.5309944152832,243100
2015-04-17,53.13985878105636,53.61687725550146,52.786866128988386,53.02537536621094,237300
2015-04-20,53.455542930832465,54.44970987304367,52.948901775115715,53.885711669921875,251400
2015-04-21,54.32542105821478,54.44968914374709,53.95260586188382,54.07687759399414,213200
2015-04-22,53.91438171169821,54.17247925923959,53.38861799409506,53.656280517578125,137100
2015-04-23,53.65628009850533,54.172478836135106,53.34082187040726,54.10556411743164,163600
2015-04-24,54.105565572705046,55.01369861085066,53.43641836767239,54.851192474365234,365400
2015-04-27,54.99457222062658,55.09972495204762,53.35037747751945,53.465087890625,294900
2015-04-28,53.47465784391846,53.84747315357885,52.6621197908736,53.54157257080078,301000
2015-04-29,53.37905874507161,53.73275134297135,52.547401797250586,52.891536712646484,335000
2015-04-30,52.2701787004247,52.633432607262286,50.75025200610087,50.93187713623047,918300
2015-05-01,50.96056325872647,51.69662883791014,50.788495791043076,51.24734115600586,440400
2015-05-04,51.4480889757259,52.165035593165314,51.237783467705036,51.55324172973633,358500
2015-05-05,51.24734280577066,51.295138515759405,50.40612445296881,50.75025939941406,616300
2015-05-06,51.03703552946786,51.189983984055495,50.453918406796646,51.08483123779297,244600
2015-05-07,51.14217909282878,51.897363547135285,50.80760554804901,51.581905364990234,181600
2015-05-08,52.11723711686118,52.700354251567575,51.27601877597758,51.64883041381836,211300
2015-05-11,51.725315484311935,52.11724620352642,51.49589093440564,51.601043701171875,145100
2015-05-12,51.39073617984957,51.419416526590695,50.70246984991178,51.2664680480957,156600
2015-05-13,51.467213416876106,51.85914412987466,51.400298683918756,51.52457046508789,218100
2015-05-14,51.71574646853186,52.184153183642316,51.19954768945742,52.06944274902344,176600
2015-05-15,52.17459812899977,52.17459812899977,51.50544720794614,51.811344146728516,215000
2015-05-18,51.81133113783922,52.576073292782226,51.7635354368887,52.47092056274414,133000
2015-05-19,52.28928214782247,52.5569409223653,52.00250436844411,52.31795883178711,137400
2015-05-20,52.38490676879883,52.556974274935065,52.040771756526354,52.38490676879883,140900
2015-05-21,52.404028300643354,52.576095815037135,51.81135333249801,52.270198822021484,167300
2015-05-22,52.241506363939045,53.37906023575106,51.89737143893274,52.70035171508789,262200
2015-05-26,52.36577863350976,52.70035590232874,51.45764918840723,51.620155334472656,325000
2015-05-27,51.840011025750826,53.20698930738262,51.591471177535254,53.04448318481445,232800
2015-05-28,52.97757198136976,53.18787748282898,52.231948689401925,52.537845611572266,160400
2015-05-29,52.36577636761377,52.671673279448,51.65839112646418,51.75398254394531,230700
2015-06-01,52.0885510655307,52.60474973859739,51.581906427400014,52.2892951965332,151800
2015-06-02,51.88782071050091,52.881987664392256,51.71575321284358,52.480499267578125,126900
2015-06-03,52.5282915022489,53.818794002551876,52.28930928763137,53.79967498779297,253600
2015-06-04,53.455535240907224,53.455535240907224,52.26062427454311,52.604759216308594,156500
2015-06-05,52.54741044173298,53.11140861328558,51.88781719652278,52.98713684082031,148800
2015-06-08,53.01580926232701,53.14008102476607,52.642997621588734,52.7863883972168,129300
2015-06-09,52.72903922513995,53.00625948787505,52.499614679219306,52.80551528930664,140100
2015-06-10,53.14008767193288,53.885711046677685,52.72903795339938,53.50334167480469,192700
2015-06-11,53.59890958986308,53.62758627736247,53.168741044483404,53.60847091674805,161700
2015-06-12,53.46509611541535,53.90482247211372,53.197437228134405,53.82835006713867,225600
2015-06-15,53.312142277049034,53.75186858935722,52.71946752365197,53.22610855102539,224600
2015-06-16,53.07316467971246,54.41146274282737,52.93933523805885,54.40190505981445,187900
2015-06-17,54.59309732155131,54.7364844614048,54.201166638091756,54.411468505859375,247200
2015-06-18,54.535731897887715,55.96006727301391,54.535731897887715,55.75932312011719,302000
2015-06-19,55.92184854152691,56.103473745388754,55.281377838503666,55.94096755981445,318100
2015-06-22,56.40936153298318,56.66746276784637,56.0174308385419,56.619667053222656,313700
2015-06-23,56.61009216308594,56.83951298218222,56.160804559703294,56.61009216308594,286300
2015-06-24,56.61010106240969,56.61010106240969,55.52034288394275,55.768882751464844,268700
2015-06-25,56.055665013535496,56.39979996968452,55.625496318349214,56.294647216796875,255600
2015-06-26,56.495396160926944,56.5145151763911,55.768891806185565,56.046112060546875,310400
2015-06-29,55.730660607010265,56.20862511246761,55.12842430909168,55.33872985839844,278700
2015-06-30,55.940951119492844,55.98874682787522,55.137970820300936,55.52034378051758,417200
2015-07-01,55.960065148118595,56.05565655636958,55.35782906571769,55.749759674072266,321200
2015-07-02,56.10346065463302,56.10346065463302,54.69824778088914,55.013702392578125,266600
2015-07-06,54.53573114724073,55.300473371496366,54.22027657511341,55.233558654785156,266800
2015-07-07,55.931386989931966,58.20649833151295,55.931386989931966,57.97707748413086,900900
2015-07-08,57.35572225133548,58.07266877947717,56.629218040646485,57.652061462402344,8024700
2015-07-09,58.598439796098695,58.598439796098695,57.1071930724927,57.12630844116211,1218300
2015-07-10,57.69029308413589,57.69029308413589,56.954231226050666,57.27924346923828,395600
2015-07-13,57.61383375149556,58.0057644445025,57.48000429240723,57.71898651123047,442400
2015-07-14,57.71898763121641,58.31166252435617,57.45132506126672,58.13959503173828,267400
2015-07-15,58.273404615681,58.6940155193069,57.699848933654174,57.91971206665039,479300
2015-07-16,58.254296566668756,58.53151677865497,57.99619536722423,58.51239776611328,343700
2015-07-17,58.48372492733337,58.68446910239104,57.95796481079132,58.34989547729492,249900
2015-07-20,58.330735348139164,58.8382910632508,58.12962878024535,58.761680603027344,240600
2015-07-21,58.65633765194042,59.11601136985374,58.54142013575258,58.608455657958984,279400
2015-07-22,58.73295244108128,59.05855146516872,58.560574338233806,58.895751953125,373200
2015-07-23,58.97237215573205,59.03940768563163,58.14878861335169,58.24455261230469,280600
2015-07-24,58.024294003870565,58.311589661376765,57.14324984726743,57.26774597167969,335100
2015-07-27,57.10493487049066,57.24858084356327,56.635682590865265,57.20069885253906,256400
2015-07-28,57.449695149633875,57.449695149633875,56.520769114211376,57.27731704711914,372100
2015-07-29,57.191129823436434,58.148784355493106,57.03790524443385,58.04344177246094,362300
2015-07-30,57.44012786001276,57.44012786001276,56.2622130298524,57.24859619140625,263200
2015-07-31,57.526324785587605,58.00515219592422,57.13368645523811,57.33479309082031,438200
2015-08-03,57.650801737370784,57.8423333683578,56.99001779312369,57.30604553222656,278900
2015-08-04,57.3730670500395,58.15834325755053,57.162381942066894,57.75613021850586,227700
2015-08-05,58.1200562654222,58.39777697573468,57.73699661793547,58.129634857177734,290200
2015-08-06,58.23497154857343,58.48396011156026,56.683568625940836,57.27731704711914,271300
2015-08-07,56.855942536977,57.239005770583695,56.51118635736331,57.162391662597656,197000
2015-08-10,57.430545528727805,58.033865275416474,57.171978357363116,57.32520294189453,280900
2015-08-11,57.00915178013847,57.49755745439944,56.73143484622226,57.11449432373047,166200
2015-08-12,56.645260309651775,56.99001283162012,55.94616936943716,56.8176383972168,181800
2015-08-13,56.74103554172144,57.38266237576387,56.386704359536246,56.788917541503906,145400
2015-08-14,56.63569315856827,57.04748493390415,56.405858097502275,56.87510681152344,212600
2015-08-17,56.549498243695716,57.574188280020756,56.22389556325473,57.564613342285156,206400
2015-08-18,57.29647510941545,57.82318439626157,57.29647510941545,57.583770751953125,149800
2015-08-19,57.181548217673445,57.72741097991432,56.539921468540534,56.79848861694336,140200
2015-08-20,56.14728579063766,56.49204200394099,54.71080400398188,54.739532470703125,208600
2015-08-21,53.695675012535155,54.844860875426086,52.690138752441015,53.70525360107422,362600
2015-08-24,52.230484216280246,53.47543450034114,51.70377490223476,52.316673278808594,540400
2015-08-25,53.58077072434109,53.58077072434109,52.6422697401319,52.9104118347168,363800
2015-08-26,53.686122657518425,55.65888895961743,52.929574583818955,55.31413269042969,498400
2015-08-27,55.812112149880825,55.994068872438,53.829767305378375,54.67250442504883,661700
2015-08-28,54.68207504360831,55.4865050367417,54.117058695417455,54.452239990234375,228100
2015-08-31,54.327753064824044,55.00768705475408,53.274334310091966,53.485015869140625,292800
2015-09-01,52.642279863031014,53.24559969186302,52.029381441457886,52.3741340637207,603900
2015-09-02,53.01575541402222,53.29347610473633,52.55608167757928,53.29347610473633,403600
2015-09-03,53.29346381187765,53.724405328841456,52.948707675777584,52.99658966064453,205000
2015-09-04,52.27835576836222,53.15939609530724,52.11555261471957,52.70930099487305,167600
2015-09-08,53.59992359765884,54.308585882729616,53.360509972374544,54.193668365478516,209400
2015-09-09,54.74911997448513,54.74911997448513,53.4467125909803,53.55205154418945,217700
2015-09-10,53.57118803774298,54.68206704158687,53.55203451057097,54.35646438598633,183100
2015-09-11,54.20324534520369,55.30454952426783,54.05959935651847,55.045982360839844,144000
2015-09-14,55.065126856615045,55.08428038259673,54.29900408315532,54.5001106262207,163100
2015-09-15,54.80657588758596,55.045989553172035,54.18410254895972,54.81615447998047,180500
2015-09-16,54.81615375112955,54.81615375112955,53.97341663658628,54.54800796508789,190300
2015-09-17,54.68207646736106,55.58227413380721,54.45224140800293,55.06513977050781,232300
2015-09-18,54.53842154254741,55.28539084295256,54.30858286764332,54.49053955078125,442100
2015-09-21,55.00768105419801,55.4960869650171,54.07875854011983,54.24155807495117,143500
2015-09-22,53.81059660525146,54.20323474258042,53.33176943030584,53.84890365600586,169000
2015-09-23,54.05001512745229,54.5288423461145,53.69568400852754,54.25112533569336,337700
2015-09-24,53.93511523796847,55.59185751740289,53.93511523796847,55.41947937011719,563500
2015-09-25,55.697187319926925,55.697187319926925,52.71888114705396,53.30305099487305,504300
2015-09-28,53.092370537578404,53.149831129613766,50.8514585924736,52.02937698364258,476800
2015-09-29,52.02936917272885,52.67099591490176,51.368585249591014,52.00063705444336,399100
2015-09-30,52.594385225253866,53.283897658372005,51.73249833701832,51.82826232910156,1059900
2015-10-01,51.866564993707016,52.38369927474041,50.68865045568327,51.550540924072266,440800
2015-10-02,51.08129740120607,52.105987548828125,50.55458809265045,52.105987548828125,265500
2015-10-05,52.56565525778705,52.805068884323276,51.6271542801445,52.75718688964844,341500
2015-10-06,52.61354563934431,52.61354563934431,50.97595704955499,51.426055908203125,347400
2015-10-07,51.78994074779677,52.16342530026901,50.851436419583386,52.125118255615234,327300
2015-10-08,52.01023143124743,52.287948535780245,51.320718833702806,52.24006652832031,212600
2015-10-09,52.24963825380674,52.824229574125326,51.92403553144953,52.5656623840332,172200
2015-10-12,52.63269207522631,53.35093297249685,52.565656550400696,53.274322509765625,140800
2015-10-13,53.063635867250696,53.50415606188964,52.613537081810634,52.66142272949219,158300
2015-10-14,52.776343577236524,53.07321415388782,52.259209236204775,52.46989440917969,217900
2015-10-15,52.5560900883473,53.7340049114568,52.01980215009177,53.71485137939453,402600
2015-10-16,53.86806505280936,54.52884533565218,53.360509342212495,53.963829040527344,174700
2015-10-19,53.656734725348436,54.23255227228802,53.23446876832332,53.62794494628906,191400
2015-10-20,53.55116787853429,53.70471947004784,52.956155919039105,53.18648147583008,198700
2015-10-21,53.5703710066418,53.68553380378642,52.198001832390794,52.87938690185547,129300
2015-10-22,53.0425282972233,53.455198881015505,52.38033775300166,53.27285385131836,246500
2015-10-23,53.8870635862128,54.76038893453607,53.666329745014046,54.72200012207031,264300
2015-10-26,54.712391347040594,54.99070469642617,54.29012546797689,54.84675216674805,179300
2015-10-27,54.769985272060026,55.61452085639156,54.35731468317978,55.28822326660156,330500
2015-10-28,55.3553957674343,57.62987961189963,54.88514201059091,57.54350662231445,513100
2015-10-29,56.99647417898696,58.15770809519346,55.480152962154904,57.68745803833008,295000
2015-10-30,57.58188488513413,58.330448217134425,57.27478179195669,57.59148025512695,358600
2015-11-02,57.725851966623594,58.5991772392549,57.62028457197173,58.38804244995117,268900
2015-11-03,58.30166383472267,58.78151291978212,57.59148557801318,58.64715576171875,311600
2015-11-04,58.81991179994312,59.539685550815776,58.69514999139012,59.530086517333984,236000
2015-11-05,59.510900019762815,60.0963166673556,59.079038640615835,60.0195426940918,280000
2015-11-06,59.73162370595131,61.18076652577941,59.49169913134041,61.075199127197266,248600
2015-11-09,60.89286050548834,61.18076927577083,60.30744393137072,60.70092010498047,383400
2015-11-10,60.5089730652507,61.21915137091939,60.153885742895476,60.55695724487305,284400
2015-11-11,60.65294083870208,61.06561145192372,60.038734436035156,60.038734436035156,169900
2015-11-12,59.54927804270659,60.10590480704868,58.93507172409354,59.05983352661133,229300
2015-11-13,58.829494971350194,59.9331492915094,58.829494971350194,59.48208999633789,319600
2015-11-16,59.587668577691986,60.105906546882146,59.46290677156283,60.05792236328125,237000
2015-11-17,60.08670626821234,60.739301352082,59.8083929051883,60.50897216796875,218900
2015-11-18,60.662528076641365,60.84487309488814,59.933158986529584,60.45139694213867,270700
2015-11-19,60.422600523280465,60.422600523280465,59.45330690830907,59.78919982910156,259200
2015-11-20,59.83718834248099,60.26905331546001,59.71243019769925,59.731624603271484,309500
2015-11-23,59.63565199471563,60.70091769737148,59.41492182422203,60.144290924072266,151400
2015-11-24,59.750819053421836,61.171175866184726,59.29976330785621,61.12318801879883,243000
2015-11-25,61.29593580001805,61.29593580001805,60.816086599884294,61.05601119995117,215600
2015-11-27,61.03680181798163,61.986900951014064,60.56655176735774,61.545440673828125,114200
2015-11-30,61.756579124440215,61.756579124440215,60.36501963123638,60.50897216796875,332200
2015-12-01,60.816090535420585,61.526269008397584,60.48979291177587,61.3823127746582,152300
2015-12-02,61.47826619982446,61.72778978947304,60.55695677871787,61.16156768798828,163600
2015-12-03,61.420680669276884,61.420680669276884,59.117403679795856,59.48208999633789,261000
2015-12-04,59.5396815240768,60.34582821697185,59.44370950054264,60.26905059814453,266600
2015-12-07,60.269053941042486,60.365025969899854,59.462907203433495,59.6452522277832,254900
2015-12-08,59.41491924395104,60.97922843581528,59.23257789214682,60.873661041259766,213900
2015-12-09,60.60494708597559,61.09439159181285,60.01953055676744,60.29784393310547,246300
2015-12-10,60.48019142711709,60.94084620319629,60.259461242389065,60.499385833740234,144400
2015-12-11,59.69323272351314,60.441796197556805,58.8966814075265,59.09822082519531,282700
2015-12-14,59.088620201501165,59.7124255203809,58.397636298860014,58.944664001464844,504300
2015-12-15,59.34773991761445,59.7796048622419,58.62796623022147,59.376529693603516,228500
2015-12-16,59.80839444303593,60.28824356639852,59.06942635374256,60.11549758911133,207700
2015-12-17,60.47057611939988,60.84486145638484,59.318941319610836,59.54926681518555,289300
2015-12-18,59.24217222337584,59.395723796134504,58.14811680985056,58.17690658569336,717800
2015-12-21,58.49362335803116,58.685563787108435,57.84102809574391,58.29208755493164,243900
2015-12-22,58.61836749521922,58.80070883428499,58.0809351881902,58.608768463134766,226700
2015-12-23,58.877483755856034,59.04063435535607,58.13851935533808,58.464813232421875,237200
2015-12-24,58.464814811328786,59.46290185593599,58.445624068241706,59.13660430908203,83400
2015-12-28,58.96386161349733,59.597262338392845,58.675952858719086,59.57807159423828,154700
2015-12-29,59.83719253008794,60.192283566586994,59.14621218592292,59.67404556274414,140600
2015-12-30,59.71241915966913,59.84677631287992,59.29014963705483,59.48208999633789,184100
2015-12-31,59.31895014905892,59.44370828566604,57.76423634820528,57.79302978515625,275800
2016-01-04,56.89091121535876,57.06365719362064,54.66441156327038,55.27861785888672,472400
2016-01-05,55.27862812085812,55.89283819145524,54.39570732224304,54.57804870605469,447500
2016-01-06,53.84867068966769,54.990710316717475,53.83907165679995,54.942726135253906,377500
2016-01-07,54.08859256734029,55.06748519652786,53.388013302138624,53.73350524902344,343200
2016-01-08,53.79108591847998,54.51085960247648,53.109701042926616,53.20566940307617,429800
2016-01-11,53.37842481801241,53.57996426749414,52.082833422127024,52.9753532409668,391200
2016-01-12,53.30164612635504,54.14617802085733,52.88897555158203,53.800689697265625,293500
2016-01-13,53.80068248752565,54.05980144121427,52.975341448582206,53.5511589050293,551300
2016-01-14,53.992625039508184,54.885144756217194,53.29204571603009,54.52046203613281,348000
2016-01-15,53.85685516300589,54.58776801170127,52.471965922406014,54.07805252075195,518700
2016-01-19,54.55892445590275,55.030173614627515,54.11652968237833,54.847442626953125,439000
2016-01-20,54.3665783682525,56.511235143277226,53.93380294139289,55.98228454589844,592100
2016-01-21,56.14578604661294,56.222722521919216,54.626251220703125,54.626251220703125,545300
2016-01-22,54.962861945355435,55.722625732421875,54.65510868936969,55.722625732421875,438600
2016-01-25,55.655302723354126,56.0977012213575,54.905154650313534,55.049415588378906,346700
2016-01-26,55.184057008902656,55.328314277828575,54.42428958561881,55.07826614379883,649900
2016-01-27,55.03979280397404,55.29946027507586,54.33773053116149,54.635868072509766,498800
2016-01-28,54.94362047556809,54.94362047556809,52.74125851444326,52.9336051940918,454700
2016-01-29,53.01054337178365,55.03017807006836,52.856666756851205,55.03017807006836,833000
2016-02-01,54.760886633074094,55.2994565743591,54.33772689480503,54.905147552490234,408700
2016-02-02,54.53007439669788,54.7993575370964,53.97226941306363,54.70318603515625,255700
2016-02-03,55.07826905343147,55.07826905343147,53.78955090525709,54.6839599609375,238600
2016-02-04,54.50122711064166,54.63587236708785,53.59720240103735,53.89533996582031,207400
2016-02-05,53.70299489627046,53.70299489627046,52.48159754821937,52.568153381347656,314600
2016-02-08,52.173839858596416,53.924187741001084,51.8180008720525,53.664520263671875,431600
2016-02-09,53.21251210784808,54.31849918728289,53.15480699855702,53.41447448730469,345700
2016-02-10,53.82801424648664,54.818594695953344,53.4721716043591,53.529876708984375,230900
2016-02-11,52.85665759546887,53.93379738200857,52.1545954322303,52.54890441894531,522300
2016-02-12,52.96244646631286,53.16440879300601,52.47196600595705,53.0682373046875,224500
2016-02-16,53.587574355235795,54.45312879189952,53.27982117748327,54.15499496459961,209400
2016-02-17,54.43390171379469,54.847445794710914,54.16461856108935,54.69356918334961,415000
2016-02-18,54.251185948499874,55.059039247526336,53.11634432204107,54.03960418701172,560500
2016-02-19,54.03959494564221,56.98248938926574,53.866483291975655,56.94401931762695,579100
2016-02-22,57.22291332372675,57.636457360571285,56.26118368803387,57.174827575683594,389600
2016-02-23,57.126746128633826,57.578756596719685,56.443915247664854,57.35755920410156,329800
2016-02-24,57.03058528443549,59.54070104018844,56.75168271852769,59.3772087097168,592300
2016-02-25,59.444523868342394,60.156201909080615,59.24255780986044,60.108116149902344,455700
2016-02-26,60.36777693985423,60.867876850862224,59.906147099394815,60.502418518066406,386400
2016-02-29,60.34853899002538,60.45432984457085,59.60800667691481,59.64647674560547,431800
2016-03-01,59.92538693445556,61.2621908090747,59.569544256441375,61.166015625,373200
2016-03-02,61.185247305251316,61.656496509594724,60.69476673385613,61.377593994140625,296100
2016-03-03,61.24295120289308,61.70458471459267,61.07945523651867,61.69496536254883,262300
2016-03-04,61.67572777665422,62.214301439637474,61.35835885890315,62.03157043457031,311300
2016-03-07,61.829614255103145,62.37779998779297,61.791144179793044,62.37779998779297,283100
2016-03-08,61.9834805978491,62.483584186042684,61.42567924027027,61.49300003051758,282400
2016-03-09,61.78152265424847,62.18545476209313,61.2429562936774,61.70458984375,358100
2016-03-10,61.7526651773617,62.07965710151845,60.82940551563793,61.44491195678711,188500
2016-03-11,61.79114574357245,62.6855548392718,60.25237937930926,62.62785339355469,260200
2016-03-14,62.608613102236944,63.03177659323141,62.291240483991096,62.37779998779297,276000
2016-03-15,61.87769953944803,62.78172801234724,61.87769953944803,62.195072174072266,212100
2016-03-16,61.8776879917714,62.849037084309145,61.8776879917714,62.22391128540039,286600
2016-03-17,62.07004460310662,62.47396937394416,60.93520310117044,62.27200698852539,232300
2016-03-18,62.320087384948906,63.12793680956341,62.031565540492124,62.974063873291016,597200
2016-03-21,62.73364056205287,63.02215511100695,62.598991634307986,62.897132873535156,247300
2016-03-22,62.75289194504031,64.0319947985404,62.75289194504031,63.83003234863281,253200
2016-03-23,63.75306040528721,63.887701971461475,62.69515924074009,62.86827087402344,418100
2016-03-24,62.656678944890835,62.90673067157125,62.271985674016456,62.849021911621094,147300
2016-03-28,63.16639943988633,63.974248769373304,62.88749697973074,63.897315979003906,194300
2016-03-29,63.974243747447424,66.28239603787341,63.974243747447424,66.23431396484375,500900
2016-03-30,66.48435329932327,66.48435329932327,65.40722102645994,65.83999633789062,503500
2016-03-31,65.6380711026115,66.92678575321523,65.60922037721254,66.66712188720703,577300
2016-04-01,66.32091461226187,67.90777093129795,66.07086270238838,67.86930084228516,403700
2016-04-04,67.92698959327373,68.24436226516248,67.10952053265972,67.29225158691406,509700
2016-04-05,66.8498602343859,67.45574754620755,66.59018900259215,66.7248306274414,355000
2016-04-06,66.63825650389022,67.28261368745765,65.84001903548622,67.1479721069336,385700
2016-04-07,66.8113756455827,66.8306070146353,66.05160816321332,66.25357055664062,492600
2016-04-08,66.5805597591916,66.84022358638775,66.11892620955622,66.64788055419922,307900
2016-04-11,66.78252833868929,67.15760242243871,65.80155970625462,66.0419921875,311000
2016-04-12,66.00353142332418,67.47498457960303,65.98430005057443,67.42689514160156,227400
2016-04-13,67.93658443766935,68.70597112149912,67.61921188028344,68.29242706298828,451400
2016-04-14,68.56171087298056,68.62903165816923,68.15778616184848,68.41744995117188,379600
2016-04-15,68.35011855598651,68.67711041715488,67.82116437060273,68.57131958007812,240400
2016-04-18,68.59059462746083,68.98557210202395,67.96442229916013,68.96630096435547,244500
2016-04-19,69.20714149559267,69.39018056181231,68.57133357311181,69.32274627685547,318800
2016-04-20,69.34200942649274,69.65990967621539,68.58096124121006,69.31310272216797,196800
2016-04-21,69.29383389324266,69.88147855873888,68.86032890712191,69.13969421386719,268600
2016-04-22,68.9277573573349,69.8525733061187,68.87958687415274,69.71770477294922,309100
2016-04-25,69.70807381370506,69.7658725175168,69.18786343004643,69.62136840820312,260300
2016-04-26,69.61174653524407,69.80441379869931,68.74472915012552,69.31310272216797,430600
2016-04-27,69.50575867362366,69.83329440351363,68.89884299210058,69.45758819580078,465000
2016-04-28,69.5154065678097,70.70995966188634,68.59058320811596,69.62136840820312,298600
2016-04-29,69.51539170443391,69.51539170443391,67.73318698693318,68.59056854248047,507500
2016-05-02,68.8988587704668,69.25530127854837,68.32084965313874,69.21676635742188,333200
2016-05-03,68.85071817074618,69.1589902908911,67.90663066854708,68.1378402709961,250500
2016-05-04,67.6175944154862,67.64649376326936,67.04921362654521,67.4441909790039,255100
2016-05-05,67.20338721661535,68.30160708564055,67.20338721661535,68.09930419921875,283000
2016-05-06,67.8391868343823,68.06076083479792,67.23227825030034,67.81028747558594,323500
2016-05-09,67.78137403319246,68.84105861766606,67.44420266764875,68.63875579833984,315400
2016-05-10,68.98557135228819,69.197509765625,68.35939168100728,69.197509765625,247000
2016-05-11,69.49615863457035,69.85260124323747,68.71584647346818,69.63102722167969,339900
2016-05-12,69.47687421934518,69.47687421934518,68.00294106955086,68.65802001953125,278900
2016-05-13,68.58096103012747,69.18786952294998,68.23415407714748,69.03373718261719,263700
2016-05-16,68.94702243887575,70.86408863912271,68.36901337872608,70.55581665039062,517600
2016-05-17,70.46912838316477,70.92190453724668,68.40755779419248,68.52315521240234,556000
2016-05-18,68.20523413307973,69.12041438008059,68.04145892432341,68.59056854248047,307400
2016-05-19,68.1088874778527,69.16857906431973,68.06072435560192,68.64836883544922,231000
2016-05-20,69.00483731880131,70.13196370261032,68.69656525779186,70.06452941894531,589500
2016-05-23,70.37278168347146,70.73885235613324,69.58283428999233,69.6502685546875,282700
2016-05-24,69.94892250288567,71.49991832958209,69.90075200897417,71.31687927246094,387700
2016-05-25,71.68295109162851,71.95268819435996,70.51728991944863,71.09530639648438,298200
2016-05-26,71.05677609306989,71.42284684917198,70.70996912422146,70.99897003173828,203000
2016-05-27,71.28797250226334,71.84671783447266,71.04713475732326,71.84671783447266,200200
2016-05-31,71.83706582485205,72.4728808538668,71.57696435375338,72.32837677001953,346800
2016-06-01,72.0586656052161,72.7426440078991,71.54808334566609,72.43437194824219,311400
2016-06-02,72.26096068784443,72.95457458496094,72.0201229374448,72.95457458496094,212400
2016-06-03,73.03165420608292,73.1857939303831,72.17427220157629,72.49217987060547,248700
2016-06-06,72.35730716971746,72.89678147449966,71.92380208191551,72.6174087524414,321700
2016-06-07,72.62704607396428,73.68673091954146,72.56924735413949,73.47479248046875,271100
2016-06-08,73.42661363865632,74.42849955029723,73.05090734051409,74.2454605102539,309700
2016-06-09,74.23583461198336,74.8620143070449,74.23583461198336,74.5826416015625,252700
2016-06-10,74.25509898123543,74.38996753713457,73.60001998838888,73.82158660888672,285800
2016-06-13,73.60967169099742,74.02390566792218,72.94495698423596,73.0509262084961,429100
2016-06-14,73.01238626114706,73.01238626114706,72.28023731195253,72.6174087524414,463400
2016-06-15,72.63669701402031,73.09910157003763,72.00088156226163,72.1453857421875,351000
2016-06-16,71.70222642602978,72.3284061438148,71.41321814096408,72.28987121582031,290400
2016-06-17,72.74263034978743,72.74263034978743,70.89299098934738,71.18199920654297,876600
2016-06-20,71.23018112235832,72.34766455193994,71.23018112235832,72.10682678222656,533300
2016-06-21,72.08755716956456,72.98347389449573,71.35540835085682,71.9045181274414,460900
2016-06-22,72.12608283083121,72.77152615468711,71.58660134167924,72.37654876708984,382000
2016-06-23,72.81971469810719,73.08945921169871,72.14537178859456,72.98348999023438,636000
2016-06-24,69.8236871915977,71.47101660167168,69.8236871915977,70.18012237548828,6119900
2016-06-27,69.80441905808186,70.20902475169369,68.61950133396357,68.96630096435547,634200
2016-06-28,69.44796131568104,71.43246912360165,69.26492964658613,71.32649993896484,479700
2016-06-29,72.01048487124318,72.25132261328747,71.31687099819008,71.55770874023438,448800
2016-06-30,71.83709528649963,73.11835408574468,71.49992385243146,73.09908294677734,618500
2016-07-01,73.16651553060706,74.09133908507695,73.15688731113352,73.83123016357422,350300
2016-07-05,73.60002234045801,74.10096165697998,73.0123776067814,73.10871124267578,453100
2016-07-06,72.52106122298036,73.33027987503733,72.48252630147434,73.18577575683594,672700
2016-07-07,73.21466915526908,73.73487952860955,73.03163013044997,73.50367736816406,306700
2016-07-08,73.93719427629544,74.94871583497324,73.41698381895704,74.44776916503906,258700
2016-07-11,73.15687976151388,75.44001700472425,73.15687976151388,74.88127899169922,588200
2016-07-12,74.92946517910315,75.97952194939866,74.79459658105233,75.69051361083984,526000
2016-07-13,75.65199131017667,76.10476768630184,75.02581137191393,75.06434631347656,522600
2016-07-14,75.62304101484102,76.02764660409336,74.9968614982646,75.42073822021484,289500
2016-07-15,75.44966184809812,75.77720506130846,74.90055198605035,74.9390869140625,196400
2016-07-18,74.94872293575096,75.431142623195,74.45665279343878,74.726806640625,234200
2016-07-19,74.53385647162582,74.96803133185823,74.45666753967376,74.71717834472656,273600
2016-07-20,75.47940928842507,76.12585008922092,75.18995444808603,75.72061920166016,344200
2016-07-21,75.768855736729,76.14514260736466,74.41807876876238,74.68824005126953,199300
2016-07-22,74.7847011405558,75.5372746664498,74.4663023838652,75.27676391601562,246200
2016-07-25,75.2381887680573,75.2381887680573,74.40842619461773,74.77506256103516,276900
2016-07-26,74.75576733950145,75.35396311549515,74.29264114282587,75.31536865234375,214000
2016-07-27,75.33469371005137,75.79781269402028,74.91981229962647,75.6723861694336,277800
2016-07-28,75.27676387001557,77.77570164823264,74.30228141330736,77.18714904785156,504300
2016-07-29,77.14857279240039,78.27743334689458,77.11962878246084,77.45732116699219,377700
2016-08-01,77.63096769071947,78.28705869645461,77.47659723350272,78.1037368774414,300400
2016-08-02,77.93008687028275,78.34496816939536,77.40907999338928,77.96868133544922,277300
2016-08-03,77.88185912007589,78.14236259133696,77.62134828767233,78.11341857910156,185600
2016-08-04,78.30637279529398,78.98175746152475,77.91078508997256,78.63441467285156,277200
2016-08-05,78.9914154470992,79.08789792845229,78.59582770406757,78.85633850097656,171900
2016-08-08,78.71156987973946,78.71156987973946,77.59235307094406,77.80461883544922,170200
2016-08-09,78.02656507830616,78.59581679205526,77.98797061889498,78.47039031982422,131600
2016-08-10,78.57653312956079,79.16508582763846,77.9493859672159,78.73090362548828,260700
2016-08-11,78.93352063619976,79.14578651338576,78.44145776942298,78.52828979492188,196400
2016-08-12,78.20988844236773,78.38355984887393,77.38012587363158,78.1520004272461,223700
2016-08-15,78.32569885253906,78.73092982045927,78.27745391586788,78.32569885253906,177100
2016-08-16,78.1906044254269,78.1906044254269,77.31259682959961,77.38978576660156,185600
2016-08-17,77.57309424031088,77.57309424031088,76.79156927028049,77.30294036865234,321700
2016-08-18,77.3704910703524,78.29673621727093,77.21611319862826,78.27743530273438,138200
2016-08-19,77.91077933759202,78.95280762667558,77.91077933759202,78.88526916503906,369500
2016-08-22,78.94317450101245,78.94317450101245,77.98798537357798,78.69231414794922,139900
2016-08-23,79.21332928670788,79.38700070827424,78.48004913330078,78.48004913330078,168400
2016-08-24,78.62475823790483,78.86596808052056,78.02656253934755,78.20987701416016,249200
2016-08-25,77.99762593431893,78.61513002051413,77.88184989908488,78.20024871826172,299900
2016-08-26,78.26778973639048,79.00106252051096,77.8336075067262,78.69231414794922,186000
2016-08-29,78.79844699576816,80.0044964748064,78.64407649024503,79.70539855957031,272600
2016-08-30,79.52208900582018,79.84048788429895,79.19404703003696,79.55103302001953,165100
2016-08-31,79.6185617823149,80.01414955777045,78.79844958188173,78.95282745361328,331600
2016-09-01,79.1843804098054,79.26156933934448,78.53793968748401,78.85633850097656,276500
2016-09-02,79.20368625453929,81.09477851604879,79.20368625453929,81.07547760009766,329900
2016-09-06,80.65094947396683,81.13336933882695,80.20712408163267,80.56411743164062,300200
2016-09-07,80.48690987442035,81.36491735877985,80.08167904831961,80.51585388183594,218100
2016-09-08,80.12025033152095,80.63161394429189,79.56064181292142,79.60888671875,137100
2016-09-09,79.20364916547413,79.33873343044765,77.3511596033409,77.3704605102539,271700
2016-09-12,77.99763341493822,79.53173227919655,77.50557049571741,79.44489288330078,383700
2016-09-13,78.94318983187097,79.15545575944354,77.20647529822556,77.3319091796875,278500
2016-09-14,77.61169992508943,78.10376282198983,77.27400017554265,77.92044830322266,245800
2016-09-15,77.98797075619046,80.27463543149078,77.51519414842636,79.59925079345703,286100
2016-09-16,79.44488441607065,79.46418532916476,78.47040177792262,78.52828979492188,494400
2016-09-19,78.62477535654789,79.4352444319897,78.36427190870627,78.46075439453125,239200
2016-09-20,79.11684560373963,79.22297854648966,78.4511039376062,78.46075439453125,370900
2016-09-21,75.18997050958308,76.1355168103475,71.36920555111432,72.33404541015625,1593300
2016-09-22,72.54629620093874,72.54629620093874,71.55251253152464,71.996337890625,1061800
2016-09-23,71.97702388217844,71.97702388217844,69.99910736083984,69.99910736083984,1166900
2016-09-26,69.3912421965774,69.59385757064165,68.72550807069193,69.26581573486328,608400
2016-09-27,69.5842276821667,71.07008140174214,69.09215747398116,70.92535400390625,532100
2016-09-28,70.6841493288403,72.16035270087488,70.6841493288403,72.13140869140625,581500
2016-09-29,72.1121098048032,72.1121098048032,70.9060603020951,71.14727020263672,568800
2016-09-30,71.137608253165,72.16998605942823,70.8578039593557,71.88053131103516,440100
2016-10-03,71.53319496667933,72.07350269354106,70.77097093134756,71.86124420166016,390800
2016-10-04,72.09279931264805,72.17963132309274,70.52010641950771,70.67448425292969,296900
2016-10-05,70.78062608990228,72.06386438760596,70.60695468599397,71.36917877197266,440400
2016-10-06,71.16654875146328,72.28575851044938,70.7709611055479,72.27611541748047,429900
2016-10-07,72.17000174705437,73.01905790648571,72.16035129037287,72.7874984741211,675200
2016-10-10,72.93222118603195,73.94530570153448,72.90327717607049,72.9418716430664,182200
2016-10-11,72.78751494247275,72.78751494247275,71.0508004039482,71.56216430664062,561400
2016-10-12,71.793747425449,71.793747425449,70.98327800338721,71.34991455078125,361400
2016-10-13,70.71309750079116,71.34024473371471,70.45258667795508,70.5008316040039,318000
2016-10-14,71.01221100621014,71.19553293203299,70.26928756565148,70.2789306640625,238600
2016-10-17,70.12428233392323,70.51090237181498,69.97929613256157,70.1822738647461,220200
2016-10-18,70.74284246640569,71.05214274301615,70.452870230827,70.53019714355469,301600
2016-10-19,70.32722878474075,70.73318406854195,70.21123840038273,70.29823303222656,389700
2016-10-20,70.12426017830667,71.21647545144626,69.97927402275307,70.0662612915039,220800
2016-10-21,69.67965106525587,69.67965106525587,69.1867083396804,69.28336334228516,208900
2016-10-24,70.83951289965364,70.83951289965364,69.61197185834153,69.7569580078125,144600
2016-10-25,69.50566610803953,69.57332533719183,68.67441993599543,68.75173950195312,251000
2016-10-26,68.57778705781399,68.59712248834366,67.82386750189072,68.21049499511719,453100
2016-10-27,68.72273140340627,70.54953763680847,68.48109028920702,69.99859619140625,633900
2016-10-28,70.79119086644177,70.91684898688392,69.921281231585,70.84918975830078,569300
2016-10-31,71.11981225619093,73.78752476325212,70.32722972160585,73.4878921508789,1195700
2016-11-01,73.26560240528694,73.72954930125343,71.54511115769427,71.77709197998047,741200
2016-11-02,71.77708441952092,73.02395355433731,71.63209826443953,71.94139862060547,442300
2016-11-03,72.05739774405207,72.74365776193886,71.91241157141614,72.154052734375,422700
2016-11-04,72.4440024955966,73.88418883395991,71.98005568973177,72.86929321289062,416600
2016-11-07,73.93253974951817,75.18907694369823,73.69089854866078,74.82178497314453,845400
2016-11-08,74.7540892198855,75.60467063491812,74.29014242468712,74.97640228271484,485700
2016-11-09,72.93696683003466,75.35337842939032,71.22615066238417,74.96675109863281,425000
2016-11-10,75.55634122313481,75.96229652196108,74.58977677394756,74.90874481201172,484100
2016-11-11,74.77343502939375,75.33404424461,74.51245846831272,74.95708465576172,324200
2016-11-14,74.9184501627921,75.23741098681111,74.299849194451,74.63814544677734,464500
2016-11-15,74.65746013934061,76.7935673780798,74.3191639475591,76.65824890136719,368600
2016-11-16,76.53260678512832,77.45084046290893,76.38762057960908,76.87090301513672,368600
2016-11-17,76.4939087158809,77.83743268918037,76.29093106965955,77.50880432128906,242100
2016-11-18,77.42180864517847,77.93408660840662,77.1801675399349,77.4604721069336,285300
2016-11-21,77.48946033171224,78.620338824557,77.12216854217223,77.6247787475586,281600
2016-11-22,77.60548228143386,77.97277422041576,76.47460332846283,77.83745574951172,269000
2016-11-23,77.73112522186054,78.84267601331459,77.00620175451697,78.77501678466797,183400
2016-11-25,79.04568048892865,79.42264022975995,78.66872074809736,79.29698944091797,83400
2016-11-28,78.81367904234656,79.4419475125754,78.68802829802189,78.9489974975586,322300
2016-11-29,79.29697955559686,80.09923013450677,78.9296875748655,79.58694458007812,310400
2016-11-30,79.53858942533077,80.42782694893846,78.38837537077858,78.43670654296875,392900
2016-12-01,78.48503869038832,79.00698443350238,76.79355072400666,77.05452728271484,395100
2016-12-02,76.9288697492251,78.58170163531935,76.9288697492251,77.87610626220703,306600
2016-12-05,78.16607386773907,79.54826139944389,77.85677352232341,78.73634338378906,400700
2016-12-06,79.16162022214628,80.65013017752415,78.63967459823711,80.60179901123047,332000
2016-12-07,80.44717872377642,81.05611179595059,79.49994212609137,80.6888198852539,316000
2016-12-08,80.81445419334516,81.73268747043032,80.48581844595681,81.41372680664062,240000
2016-12-09,81.38472621130047,82.13865269960463,80.949775145315,81.39439392089844,262400
2016-12-12,80.75647864361669,82.13866637416356,80.75647864361669,81.62638092041016,247100
2016-12-13,81.7327227220276,82.64129605598791,81.36543072763958,81.65540313720703,318200
2016-12-14,82.11930294232548,83.60781286554135,81.28805704527895,81.82933807373047,226800
2016-12-15,81.89701081738083,82.67025796907919,81.23974668257131,82.44795227050781,244500
2016-12-16,82.60261204261217,83.44352592187501,81.67471088668569,81.80036163330078,664100
2016-12-19,82.19665933404654,82.55429091196334,81.72304471681856,82.16766357421875,376800
2016-12-20,82.03233234130691,82.26430575811865,80.89178592838812,81.43305969238281,367600
2016-12-21,81.33642384433134,82.50596628760336,81.19143765936458,81.79071044921875,278300
2016-12-22,81.93566830477435,82.09998987200662,81.00776728232371,81.11408996582031,247800
2016-12-23,81.34607641404145,81.9260136716504,80.81446295955689,81.23975372314453,341600
2016-12-27,81.6263876108465,82.6799469897238,81.24942796019137,81.96469116210938,250600
2016-12-28,81.86804301245138,82.6799613524999,81.69406103774848,81.91637420654297,196200
2016-12-29,81.7037103650956,82.72826655539173,81.63605113317611,82.38031005859375,211500
2016-12-30,82.83456628314362,82.89256516177544,81.81001037702926,81.99365997314453,284100
2017-01-03,82.14831656891397,82.21597579040689,80.95944633778099,81.25907897949219,566300
2017-01-04,81.82935159942846,82.64126221485698,81.67469774450778,82.44795227050781,611100
2017-01-05,82.62192432680125,83.36617563560941,81.9163291028162,82.18696594238281,446700
2017-01-06,82.08067286135952,84.12012497593656,82.08067286135952,83.7334976196289,458300
2017-01-09,83.94613774297004,84.86437857810958,83.21154654971902,83.93647003173828,303800
2017-01-10,83.86881004948799,85.34766013395775,83.46285467303102,84.76771545410156,508100
2017-01-11,84.56474084847542,84.57440855997288,82.6992707418376,83.09556579589844,291500
2017-01-12,82.55428664847364,83.28887044051758,82.10966043973292,83.13422393798828,246300
2017-01-13,83.25039846193117,84.09258538420941,82.89222548419905,83.12455749511719,206900
2017-01-17,82.35977646905351,82.77602856418424,81.16909946678457,81.56599426269531,479000
2017-01-18,81.94354847900328,82.07907176979946,80.97552075305042,81.65313720703125,337300
2017-01-19,81.43050178446761,81.43050178446761,80.71415588974449,81.04328918457031,187400
2017-01-20,81.13039803921724,81.47888859718157,80.64638419598514,80.86903381347656,196200
2017-01-23,80.7528804451012,81.11105340380333,79.29116372777004,79.76549530029297,414400
2017-01-24,80.2204564511556,81.95322688354842,79.78483956414378,81.604736328125,387800
2017-01-25,82.18554892290172,82.69860239548268,81.52728982579701,81.84674072265625,322100
2017-01-26,81.57570269337351,81.71123338538018,80.52055589452826,81.11105346679688,244500
2017-01-27,81.31430645519723,81.40142538137678,80.83997506880499,81.02389526367188,252900
2017-01-30,80.63668656073526,80.9367726958028,80.02682456306499,80.76252746582031,211600
2017-01-31,80.9077619893694,82.06939234770083,80.88839729829999,81.92418670654297,448400
2017-02-01,82.33076570674187,82.51468596296708,81.29497627676093,81.79834747314453,292700
2017-02-02,81.23689436168456,82.45661150503324,81.0529740946513,81.83707427978516,317700
2017-02-03,82.50502590166006,83.74410050309724,82.50502590166006,83.66665649414062,474100
2017-02-06,83.57954238571989,83.57954238571989,82.49535564331565,82.882568359375,266700
2017-02-07,83.24066991461211,83.44395477223767,82.76633858015245,82.92122650146484,152200
2017-02-08,82.4179072765942,83.26009433569934,82.20493992471927,83.25041198730469,323800
2017-02-09,83.25041198730469,83.63762468294387,82.1565429536818,83.25041198730469,249900
2017-02-10,83.24069801490879,83.55046657664228,81.94354447060763,83.16326141357422,163900
2017-02-13,83.54077045080979,84.04414146653906,83.17291529944686,83.65692901611328,368900
2017-02-14,83.47304114232296,84.35394260725428,83.3278354940143,84.1506576538086,193500
2017-02-15,84.02480690918844,84.5572177103431,83.8408792837261,84.1796875,276300
2017-02-16,83.37623628483891,83.37623628483891,78.79746867794773,79.43636322021484,973600
2017-02-17,78.7393819679366,80.57863636456055,78.01336107864817,80.47215270996094,448300
2017-02-21,79.49441866230599,81.38206927858943,79.49441866230599,80.80125427246094,511000
2017-02-22,81.14008641241413,81.4692196907072,80.49150958680794,80.57862854003906,321600
2017-02-23,80.82062823829934,81.10135714933423,79.52347470330879,81.0916748046875,306200
2017-02-24,80.63670533079726,81.50792429804308,80.63670533079726,81.4401626586914,255900
2017-02-27,81.34338856696972,81.39179291931718,80.92713624737017,81.07234191894531,269300
2017-02-28,81.01423153825648,81.04327118434233,79.81387200663576,79.83323669433594,330300
2017-03-01,80.74318996372546,82.12746241544568,80.46246105851003,81.7402572631836,514700
2017-03-02,81.63376572232629,81.63376572232629,80.20108168716857,80.2882080078125,257900
2017-03-03,80.16235532874059,80.27852128811195,79.07816924979629,79.09752655029297,417800
2017-03-06,78.63290777109256,79.15563632594576,78.51674176697708,78.78778839111328,318200
2017-03-07,78.57478967223045,79.36857191943464,78.43926641432708,78.59415435791016,216600
2017-03-08,78.83614957682747,78.83614957682747,77.7809959271692,77.91651916503906,262400
2017-03-09,78.07141910849283,78.92328064706791,77.9068562065176,78.69095611572266,390000
2017-03-10,79.0394477356565,79.32985155762462,78.27470511585196,78.778076171875,392300
2017-03-13,78.59414548114731,79.39760259498179,78.40053557353559,79.33952331542969,331700
2017-03-14,79.29117755912111,79.29117755912111,78.53610951024234,79.05884552001953,216200
2017-03-15,79.34922009506602,80.49149290869615,78.95232525134259,80.2882080078125,343000
2017-03-16,80.37533231064337,80.37533231064337,78.99105251511622,79.59123229980469,172100
2017-03-17,79.47506955210044,80.54958084747362,79.16530099576092,80.06556701660156,500200
2017-03-20,80.06557899987271,80.36566525657797,79.67836640012865,80.00749969482422,164700
2017-03-21,79.95908371533999,80.6173428234808,77.46157056514707,77.56805419921875,692100
2017-03-22,77.31637220443363,77.51965712767564,76.53226477425449,77.25828552246094,443900
2017-03-23,77.2582791102999,77.59709467304774,76.87107398509839,77.03563690185547,440000
2017-03-24,76.98725118077317,79.02979046750842,76.98725118077317,78.43929290771484,593600
2017-03-27,77.86813237989875,78.88455679642495,77.46155522782476,78.50702667236328,257200
2017-03-28,78.38121978263966,79.00075704415032,78.34249778061191,78.87491607666016,225900
2017-03-29,78.74905277313987,79.13626533443812,78.59417217989974,79.07818603515625,142100
2017-03-30,79.03946823406503,79.39763377926018,78.5941763498591,79.32987213134766,157400
2017-03-31,79.17500826884744,79.53318127523222,78.61355027574716,79.00076293945312,386200
2017-04-03,78.8942370386596,79.82354250279802,78.8942370386596,79.36856842041016,323500
2017-04-04,79.30082134306248,79.43634461985447,77.926223886764,78.23599243164062,280000
2017-04-05,78.27470095363073,78.71031035615148,77.55836270164374,77.58740234375,538900
2017-04-06,77.80038333387309,77.81974063688156,77.02595827516954,77.60677337646484,224500
2017-04-07,77.23893928985481,77.93592048970949,76.667799045626,77.0066146850586,343200
2017-04-10,76.83234580890372,77.2776375754018,75.95143723343355,76.4935302734375,643100
2017-04-11,76.37737338728176,77.31636127051345,76.25152508202561,76.78394317626953,636600
2017-04-12,76.80330345307007,76.87107247265777,76.10632981014174,76.63874053955078,423900
2017-04-13,76.50322665392042,76.69683662192124,75.47711967264405,76.0966567993164,348600
2017-04-17,75.98999968570605,77.00810800545928,75.82515675971833,76.87236022949219,354300
2017-04-18,76.89174096002851,77.64805195345545,76.32935320676839,77.42503356933594,464300
2017-04-19,77.68687140909189,78.49165985897015,77.38628064087172,78.15229034423828,278100
2017-04-20,78.53042499020933,79.4709683920127,77.8129000085268,79.38370513916016,339300
2017-04-21,79.39342213657,79.77157781822606,79.0831403619368,79.4128189086914,306700
2017-04-24,80.46970178802181,80.49878954421125,79.6843027801069,79.93640899658203,232100
2017-04-25,80.39213391769874,80.81876665546214,80.01397090818396,80.35334777832031,438300
2017-04-26,80.7411787952636,81.51688663773668,80.14001224516029,81.44901275634766,626300
2017-04-27,85.3275491840359,90.93201657181001,85.3275491840359,89.8751220703125,1198600
2017-04-28,89.75878560154189,90.66054317177885,87.96496884720199,89.23518371582031,840700
2017-05-01,89.2933376344929,90.73809351318984,89.2933376344929,90.36962890625,496700
2017-05-02,90.59266343057037,91.6301687490698,90.1757216260687,91.40715026855469,438700
2017-05-03,91.08716122932152,91.63015235750966,90.70900563680489,91.5137939453125,395800
2017-05-04,91.78527510351687,93.09427548955986,91.24227670661868,92.90034484863281,384500
2017-05-05,92.98762010654573,93.92816341810436,92.50280457668647,93.61788177490234,306400
2017-05-08,93.61789722711636,94.02514056396868,92.79370477215923,93.31730651855469,276500
2017-05-09,93.29792993799242,93.32701769494065,92.40587086897973,92.63858032226562,425300
2017-05-10,92.03739616441462,92.318590113691,91.47500826586185,92.00830841064453,377000
2017-05-11,91.6398526178812,92.20223312743562,91.15503698701397,91.99861145019531,225100
2017-05-12,92.01800037868324,92.2701065566119,91.47500188793697,91.55257415771484,243100
2017-05-15,91.21321050723832,92.91976356204833,91.21321050723832,92.657958984375,191500
2017-05-16,92.94881750695625,93.49180843692346,92.35734207351487,93.32697296142578,362900
2017-05-17,93.32699801475255,93.71485195357435,92.10526069665836,93.11367797851562,363900
2017-05-18,92.7452479086578,93.8894132938116,92.1440737579157,92.19255828857422,379000
2017-05-19,92.21189811086998,92.66762582244564,91.7949565234387,92.41551971435547,219400
2017-05-22,92.41555594348378,93.22035169016159,92.06648808703798,92.67736053466797,216000
2017-05-23,92.67734881489847,93.07489374698375,92.13435033037155,92.40585327148438,204600
2017-05-24,92.59009919086103,92.91977770966392,91.55259390136143,92.71615600585938,212200
2017-05-25,92.93914735383589,93.86030141573853,92.40585464213328,93.54032135009766,161400
2017-05-26,93.42397722215311,94.31603627084169,92.95855832618516,94.09302520751953,260800
2017-05-30,93.89908504051097,94.61661747918032,93.81182178044804,94.4032974243164,213400
2017-05-31,94.53905759438152,94.95599937506475,93.99606640007785,94.0736312866211,226400
2017-06-01,94.4808633277387,96.07105785061061,93.87968934072178,95.88682556152344,303700
2017-06-02,96.42014271634987,96.47831822942521,95.52807626222778,95.92562866210938,230600
2017-06-05,96.15833452666655,96.87586701710804,95.56685884012141,96.1971206665039,226700
2017-06-06,95.60563909134332,96.740105870337,94.33542453012986,96.23590087890625,316600
2017-06-07,96.74982188868756,96.83709256327812,95.54748099943363,96.42015075683594,190500
2017-06-08,96.41045455258678,96.41045455258678,95.46021248464916,95.80928039550781,236400
2017-06-09,95.85772651817106,96.27466816698544,93.97663990756232,94.96566772460938,269400
2017-06-12,94.69419560203352,94.76206949661886,92.08588505723982,93.17186737060547,480100
2017-06-13,93.64699922999814,94.83964166907413,92.86159279204297,94.66510772705078,263800
2017-06-14,94.81052524224673,95.43108853785736,93.42395251037024,94.00572967529297,207800
2017-06-15,92.98763545473113,93.75364500606713,92.41554918826792,93.31730651855469,202400
2017-06-16,92.72583300553907,93.78273490607997,92.16345250745327,93.05551147460938,483600
2017-06-19,93.51124167338702,94.0736221854941,93.00702927228477,94.03484344482422,263400
2017-06-20,93.76333847113752,94.67479420907766,93.0070272833571,93.15247344970703,186900
2017-06-21,93.64696786951974,93.79241400544893,92.85187071049765,93.62757110595703,241700
2017-06-22,93.40457499719018,94.14148938068317,93.40457499719018,93.53062438964844,190200
2017-06-23,93.86032410896186,93.95728577110549,93.14279153415757,93.49185943603516,413000
2017-06-26,93.77303001234979,93.86030066487135,92.8421849724129,93.74394226074219,234500
2017-06-27,93.53063262918795,93.92818500593836,92.7743214124136,92.8809814453125,275700
2017-06-28,92.87127109853229,93.4239605624994,92.24100936650345,93.30760955810547,282600
2017-06-29,93.29791323922281,93.79242721193319,90.77687365303261,91.55257415771484,337500
2017-06-30,91.43621587505062,92.00829467431902,91.02896518997167,91.64952850341797,256800
2017-07-03,92.03741541442768,92.38648332807641,90.53449110626873,90.59266662597656,158500
2017-07-05,90.62174836436631,91.56229199155206,90.21450495806951,91.42654418945312,212200
2017-07-06,90.53449986264846,91.65926860609096,90.44722917694514,90.8835678100586,345000
2017-07-07,91.3489861227001,93.00705516160606,91.3489861227001,92.82283020019531,200000
2017-07-10,92.66763801751053,92.66763801751053,90.46657881595824,90.54414367675781,271400
2017-07-11,90.54415846599181,91.30047701332887,90.1466135222303,90.7962646484375,196300
2017-07-12,91.17440062335416,92.04706999214478,91.14531287734403,91.22288513183594,166400
2017-07-13,91.41681122850102,91.56225736079638,89.76844145634729,90.80594635009766,186800
2017-07-14,90.90292775358017,91.19382008147132,90.6702183298868,90.7768783569336,143300
2017-07-17,90.78658813037893,91.09730129076239,89.88357685051668,90.96136474609375,157100
2017-07-18,90.59237000030778,91.24292434152201,90.59237000030778,91.13611602783203,237600
2017-07-19,91.15552996083481,91.64101958923122,89.75732486848217,91.3108901977539,236900
2017-07-20,91.54395298089952,91.58279305278793,90.65065355142458,90.76717376708984,168700
2017-07-21,90.7574786121146,91.07790370821773,89.72824244546675,90.30111694335938,216400
2017-07-24,90.30107525484314,91.25263823209539,89.96123398010455,91.20408630371094,239000
2017-07-25,91.27206981695673,91.81581594743858,91.04874128023143,91.71871948242188,442100
2017-07-26,91.5730573484969,92.00029062008447,89.89326727245364,89.98065185546875,300600
2017-07-27,86.41717025548382,91.5730687170254,77.6977716151361,89.58256530761719,3065000
2017-07-28,88.60190316965335,89.81562787060751,86.18416563958922,86.95124053955078,790600
2017-07-31,87.25222486828936,87.32019314195985,85.21316925018857,86.12588500976562,749200
2017-08-01,86.70848359973988,86.70848359973988,84.91216536453075,85.25201416015625,739100
2017-08-02,85.38792293753151,85.58211583644147,83.57218895998803,84.83446502685547,569600
2017-08-03,84.8441659030725,85.53356029546784,84.37810000217779,84.97039794921875,354000
2017-08-04,85.0189639153803,85.0383876541415,83.54307831291801,83.89263153076172,300700
2017-08-07,84.02857167354685,84.59174159399947,83.5819219667008,84.53347778320312,450000
2017-08-08,84.16452871288885,84.53349836717491,83.09645242270257,84.19365692138672,347100
2017-08-09,84.10625468001574,84.32957583705044,83.23237156817342,83.85379791259766,357900
2017-08-10,83.63048271088445,83.63048271088445,82.01866018747683,82.2322769165039,366000
2017-08-11,82.07689298730403,83.33916925493871,81.91182825617831,82.46528625488281,250000
2017-08-14,83.22265393597937,83.3683023458666,82.4750029636042,82.63035583496094,219300
2017-08-15,82.68863642225165,83.74700076008135,82.35849946565268,82.94108581542969,249900
2017-08-16,83.04788760708892,83.94118709994233,82.75659815923852,83.49453735351562,274100
2017-08-17,83.50424495195386,83.86351006804085,82.7177538526132,82.83426666259766,331900
2017-08-18,82.85366297868696,83.4168327338262,81.83413178086535,82.67888641357422,249400
2017-08-21,82.77597892522871,83.39740503654482,82.22252106333832,82.80510711669922,236100
2017-08-22,82.80511669095216,83.6304476459734,82.52353179420666,83.37799835205078,192000
2017-08-23,82.90222041629416,82.90222041629416,82.08660125732422,82.08660125732422,242000
2017-08-24,82.50413822064539,83.1449809077809,81.90212819868107,83.12556457519531,213200
2017-08-25,83.29060881352487,83.61103378215702,82.93135118928699,82.95076751708984,125700
2017-08-28,83.20324906987423,83.20324906987423,82.05749277979591,82.24197387695312,340000
2017-08-29,81.90213584732182,82.69833890144352,81.66910279459984,82.61095428466797,210800
2017-08-30,82.416755265746,83.50425520977196,82.14488213173634,83.43628692626953,140200
2017-08-31,83.43627308030423,84.60144557784275,82.96049517474106,84.5140609741211,295300
2017-09-01,84.59173111937199,85.05779710011514,83.75668821188988,84.95098876953125,319300
2017-09-05,84.70826790016895,85.45592642599503,84.34901014826696,84.98985290527344,520100
2017-09-06,85.2811512129591,86.62110056954211,84.72769306480662,86.3298110961914,1255300
2017-09-07,86.43662210540688,87.0871842283391,86.03852422312337,86.67936706542969,493000
2017-09-08,86.65992891887649,89.17476251598296,86.37834394715651,88.77666473388672,690100
2017-09-11,89.5340326110511,89.78648939421272,88.55334109060495,88.68927764892578,501200
2017-09-12,88.64071703185847,88.8446218323515,88.15522729506966,88.6601333618164,285700
2017-09-13,88.47566599113637,88.66014708223497,88.2620492886138,88.34943389892578,273300
2017-09-14,88.25231172304974,89.10677087637343,87.78624578777662,89.0193862915039,263100
2017-09-15,91.27205110508883,93.44704258910227,91.136114600337,93.12662506103516,761400
2017-09-18,93.09752108479034,94.00053240623546,92.34987005468419,93.94227600097656,367500
2017-09-19,93.89371431577113,93.89371431577113,91.77697871781629,91.8158187866211,353000
2017-09-20,92.03914323236367,92.47608102298885,91.3011967738996,91.93233489990234,268300
2017-09-21,91.92262233105201,92.24304732599562,91.05845121716308,91.3982925415039,370200
2017-09-22,91.54394163232566,92.55376115227993,91.45655703739934,92.44695281982422,149600
2017-09-25,91.56336688538525,92.66057101842645,91.29148641137085,92.4955062866211,193900
2017-09-26,92.71884083508282,92.97129760778404,92.3595831206863,92.437255859375,380000
2017-09-27,92.9907140740983,93.16549070037547,92.23335116289272,92.9518814086914,247300
2017-09-28,92.8450666885158,93.54416573767098,92.01972814951043,93.5150375366211,420300
2017-09-29,93.40823551458507,93.93256539291977,93.12665794672594,93.46649932861328,436200
2017-10-02,93.86461358627888,94.42778363678552,93.33057915189181,93.76751708984375,390900
2017-10-03,93.47619474770006,93.47619474770006,91.65075592445797,91.87408447265625,336700
2017-10-04,91.61190355874308,92.2624579692425,91.02931740892295,92.23332977294922,380300
2017-10-05,92.31103610113885,92.4275563273672,91.43715292439356,92.08770751953125,276500
2017-10-06,92.24308522653428,93.21406507102411,91.96150018267362,92.68002319335938,222500
2017-10-09,92.40811809254835,92.55376650049382,90.99048889838298,91.34004211425781,178700
2017-10-10,91.34975147549756,91.76727294921875,90.93223000177635,91.76727294921875,269600
2017-10-11,91.73815138654822,91.8837923930452,90.98078111283348,91.22352600097656,200600
2017-10-12,91.56336860173589,92.41782788355584,91.01961505149993,92.30130767822266,459200
2017-10-13,92.08769418193143,92.78680062207198,91.35945954144931,92.40811920166016,179300
2017-10-16,92.23334172907983,93.07809657101403,91.98089238982335,92.89360809326172,258500
2017-10-17,89.95697355794317,92.40742503509917,87.2925848863895,90.4334487915039,2153800
2017-10-18,90.47234458799026,91.24054358144588,89.42214793221473,89.85973358154297,654000
2017-10-19,89.97642282444592,90.27786529472095,88.80954252370563,89.73332214355469,499700
2017-10-20,90.18061798829244,91.43501827347043,90.08337920888926,91.25025939941406,327000
2017-10-23,91.43500345239266,91.66837796890033,89.88888707962153,89.95695495605469,312200
2017-10-24,90.31675660098193,90.48207069188918,89.63607770492939,89.85973358154297,219200
2017-10-25,89.90832533548468,90.4820466113354,88.79978718902498,89.12068176269531,710800
2017-10-26,97.24025759278959,100.50753084141475,95.43158820805627,98.14459228515625,995800
2017-10-27,98.39740361274251,98.7863586470879,97.24996845620348,98.36823272705078,616400
2017-10-30,98.01819960447642,99.17535382551513,97.63896312766246,98.55301666259766,475900
2017-10-31,98.61133437798141,99.18504825291005,97.92092212136565,98.60160827636719,546100
2017-11-01,98.5529789446303,99.10724800006398,97.920915918894,98.10567474365234,500000
2017-11-02,98.11541336426163,99.4184291483101,97.23052353154985,97.24024963378906,317700
2017-11-03,97.3374913195092,98.44602960508008,97.0846645856014,98.16403198242188,206800
2017-11-06,97.87231541546024,98.44602934293744,97.30832017164563,97.82369232177734,256800
2017-11-07,97.63894544920643,98.48493093561271,97.42501569715428,98.25155639648438,197200
2017-11-08,98.08623787498358,98.60160998685086,97.8528559452444,98.4460220336914,278700
2017-11-09,98.21265731818247,98.90306223679173,97.38611663640194,98.63079071044922,326400
2017-11-10,98.39739187371568,99.11696750401775,97.48333133060167,98.84469604492188,252600
2017-11-13,98.72800234459277,99.34062052931887,97.84312012720264,98.82524108886719,269400
2017-11-14,98.55300428968212,99.14617048281272,97.71673744096827,98.06680297851562,282200
2017-11-15,97.45417840721154,97.51252018238591,95.58716741320985,95.65523529052734,469200
2017-11-16,95.82054707608164,96.80267571767337,95.16903915552308,95.97612762451172,370100
2017-11-17,95.72331964343752,96.59847609705092,95.36352799063759,96.22896575927734,215500
2017-11-20,96.59847220097967,96.6859922941172,95.64552179295099,96.4817886352539,176500
2017-11-21,96.75405126656435,97.36666218671508,96.62764160905968,97.03604888916016,417600
2017-11-22,97.26940888929634,97.79450706478383,95.71356656498607,95.85942840576172,240200
2017-11-24,95.59687285186423,96.10252622945939,94.3230281447631,94.77033233642578,97800
2017-11-27,94.77032224179517,95.72327970954703,94.24522413738175,94.5272216796875,273200
2017-11-28,94.83839880025262,95.07177328400391,92.94221720944627,93.69096374511719,446700
2017-11-29,94.08967441432658,97.58059606711018,94.08967441432658,97.12356567382812,407700
2017-11-30,97.56115031169395,98.36824621442165,96.65681563704739,97.17218780517578,341500
2017-12-01,96.83186260915897,97.03606628581892,94.23554918168331,96.37483215332031,288300
2017-12-04,96.97770016047251,98.02788917419188,96.569285490804,96.64707946777344,344600
2017-12-05,96.54012009344441,97.55141959502377,96.35536124234709,96.74432373046875,279000
2017-12-06,96.72487006280853,97.7653403571587,96.41370158465264,96.45259857177734,250100
2017-12-07,96.60818858810758,97.16245772608936,96.14143953446106,96.86101531982422,218700
2017-12-08,96.78321625425795,97.12355563359057,95.09123804068861,96.88045501708984,331500
2017-12-11,96.8026877859204,96.89992656816715,96.24841856638606,96.34565734863281,175200
2017-12-12,96.52068717378565,96.59847374589916,95.82055609286093,96.26786041259766,218900
2017-12-13,96.26786430803963,97.09440509358237,95.84973086328128,96.0150375366211,289200
2017-12-14,95.80110302900437,96.60819898556649,95.40242181189166,95.5288314819336,223500
2017-12-15,95.75248331033102,97.26942896222158,95.66496322026805,96.00531005859375,653800
2017-12-18,96.64710666985242,97.56116760940782,95.1204346816331,95.88863372802734,232500
2017-12-19,95.81081650950532,97.09438750433192,95.68440685611773,96.89990997314453,272400
2017-12-20,96.88045189354963,97.9209222018731,96.56928341121481,97.53196716308594,208100
2017-12-21,97.50278495855567,97.59030503197165,96.63734741983667,96.99713897705078,248600
2017-12-22,97.21105624703752,97.71670216381412,96.14141523239586,96.79292297363281,393200
2017-12-26,96.74431484695003,97.02631243947282,96.23866885201235,96.45259857177734,161500
2017-12-27,96.47204672901321,97.43472308277346,95.83998364911007,96.64707946777344,156700
2017-12-28,96.90964458576894,96.90964458576894,95.73303093657793,96.28730010986328,129100
2017-12-29,96.28729221079095,96.9290814213359,95.90805582959341,95.94695281982422,347600
2018-01-02,96.26784994614184,97.05549361712612,95.7135808038117,96.7540512084961,335000
2018-01-03,96.92909984365411,97.220823616409,96.35537840226117,96.87075805664062,194400
2018-01-04,97.11383164179911,97.3958292317857,96.12197702614398,96.841552734375,367500
2018-01-05,97.14299941829348,98.54325380316817,97.14299941829348,98.05705261230469,156600
2018-01-08,98.0278580138494,98.79605659983898,97.47358908710243,98.6113052368164,153900
2018-01-09,98.97113143097046,99.7198855571853,98.50438235643387,99.48650360107422,236400
2018-01-10,99.39898141537886,99.39898141537886,97.10411099855962,97.44445037841797,190100
2018-01-11,97.2888671809399,97.2888671809399,95.83998220241253,96.35535430908203,469700
2018-01-12,96.54985238324252,96.54985238324252,94.75090910659196,95.0426254272461,414300
2018-01-16,95.44129541907432,96.55955964380647,94.77033540046676,95.130126953125,335900
2018-01-17,95.35410945466487,97.46724514489465,94.78930595061583,96.75637817382812,771800
2018-01-18,96.96087709405862,97.19458607711692,95.08145032941866,96.00655364990234,391500
2018-01-19,95.89945712231781,98.48001121845468,95.89945712231781,97.97364044189453,351300
2018-01-22,97.48670105997303,97.88595348663733,97.2529921412068,97.6522445678711,206700
2018-01-23,97.69123128459336,98.99612201314746,97.3796168079868,97.7496566772461,372200
2018-01-24,97.6717529296875,98.30471445841712,96.31817692941459,97.6717529296875,549800
2018-01-25,98.25602825085709,99.15191888229025,97.6425319512765,98.37287902832031,244900
2018-01-26,98.50919678094574,99.0545201073527,97.37958997113351,98.85975646972656,300700
2018-01-29,98.48972789829354,100.1062328417181,98.37286970243397,99.71671295166016,364900
2018-01-30,99.38561785343968,99.53168874002651,97.60357681139683,98.13916015625,313100
2018-01-31,99.02532520895149,99.82383769298842,97.29196938478408,97.5743637084961,504300
2018-02-01,97.37961456853238,98.23655250212445,97.03878740343751,97.51594543457031,277000
2018-02-02,97.23355897912337,97.47700805389807,96.16238453600988,96.22080993652344,199700
2018-02-05,95.94813722373719,96.16237357383291,92.56906326235075,92.7735595703125,348500
2018-02-06,91.5270895737299,92.5593184490858,90.71884449055484,91.79975128173828,386700
2018-02-07,91.53684432334089,92.47168779936135,91.00125343263751,91.74134063720703,330400
2018-02-08,91.83870229867337,91.88739507253923,87.74876189606329,88.0506362915039,395800
2018-02-09,88.99522520812891,90.06639943492394,86.92104218453105,88.85889434814453,377100
2018-02-12,89.12182028576638,90.20273460549322,88.24540969526355,89.55029296875,635800
2018-02-13,89.45290713772047,90.64093952590189,88.6543946614882,90.56303405761719,486200
2018-02-14,90.33905465173402,92.83197754658119,89.78399121047597,92.54957580566406,571000
2018-02-15,91.61472536476103,91.61472536476103,84.78841362987804,86.02513122558594,1038600
2018-02-16,84.34046228746755,85.31425817354433,83.44457185535043,85.158447265625,667100
2018-02-20,84.8955541270517,87.75851737004734,84.38918336537702,87.29109191894531,760900
2018-02-21,87.21317197718582,88.1090699907842,84.77868184893053,84.81763458251953,511900
2018-02-22,85.12924323489047,85.52850315493131,84.12623455894712,84.48654174804688,520900
2018-02-23,84.93450060333754,84.93450060333754,83.61013725727253,84.31127166748047,536800
2018-02-26,84.81760559833128,85.01236919972092,83.78538451411724,83.98014068603516,375700
2018-02-27,84.20414481034685,85.21689358399888,83.40563235431964,84.9831771850586,455400
2018-02-28,85.1974080342495,86.0446132097129,84.87606100791224,84.93448638916016,536700
2018-03-01,84.75919915949656,84.84683722758781,82.86029262664569,83.31797790527344,248900
2018-03-02,82.77267144404047,83.65882949270699,82.50974975665778,83.49327850341797,301500
2018-03-05,83.21086553856586,85.19741027751203,83.12322746438645,84.91500854492188,227000
2018-03-06,85.0221404028408,87.58322906003127,84.88580953471757,87.33003997802734,675300
2018-03-07,86.76522157544933,87.49556857091518,86.36596908125438,86.59967803955078,497200
2018-03-08,87.07683811094863,87.4760980443132,86.43413660265742,87.31055450439453,252900
2018-03-09,87.64162187796003,90.4656311799221,87.64162187796003,89.62816619873047,530100
2018-03-12,89.85215775760405,90.2416776613013,88.83941640925507,89.5989761352539,282200
2018-03-13,89.93980378464973,90.25141822351334,88.65439329565302,89.65740203857422,583500
2018-03-14,89.96901231080003,90.14429588888524,89.092594420374,89.75477600097656,335200
2018-03-15,89.6476596404651,89.94954146011062,88.54727280736097,88.91731262207031,358500
2018-03-16,88.89785221495347,89.04392312464641,87.7585124924037,88.59597778320312,505500
2018-03-19,88.595981461306,88.68361955307505,87.00868890194066,87.68061065673828,332400
2018-03-20,87.66112375813704,89.08287263621679,85.38244439556435,88.5278091430664,285500
2018-03-21,88.54725486718623,88.81017647157036,87.25210463389716,87.6416244506836,242200
2018-03-22,87.067105372987,88.15775215624757,86.51203451146819,86.55098724365234,215300
2018-03-23,86.21016660482111,86.21016660482111,83.76593634020387,83.87305450439453,423100
2018-03-26,84.63260618302942,85.1097640991211,83.04531409338901,85.1097640991211,401900
2018-03-27,85.10003070588218,85.84985777634498,83.55169865276672,84.0093765258789,378400
2018-03-28,84.15543957695908,85.13897551249543,83.72697443461969,84.23334503173828,418200
2018-03-29,84.6813051356674,86.58994453637197,84.28205261133132,85.97645568847656,722700
2018-04-02,85.76220840361225,85.91801932064092,82.66553700766511,82.87003326416016,402400
2018-04-03,83.12322498141313,83.28876851401189,80.91270395869354,81.86702728271484,731000
2018-04-04,81.1366976920448,83.98018076408997,81.1366976920448,83.64909362792969,404800
2018-04-05,84.1165391294375,84.32103550322606,82.50004080018982,82.79217529296875,406400
2018-04-06,82.56817740763424,83.46406809295047,80.57189230519201,81.1366958618164,395300
2018-04-09,81.70151195098364,83.23037186155418,81.15618096496543,82.422119140625,251900
2018-04-10,83.26930313110645,85.22662786155065,83.02585411622266,84.87606811523438,357700
2018-04-11,84.3404688074861,85.24609934872704,83.99964170690588,85.0416030883789,351100
2018-04-12,85.13900413230446,86.23939119043592,84.85660233590423,85.83039855957031,264400
2018-04-13,86.16146201331365,87.04761239340269,85.85958024098787,86.53150177001953,445600
2018-04-16,86.76522710099465,87.80718858370314,86.17121091249527,87.15474700927734,405200
2018-04-17,87.47661511089642,89.24194519758257,86.93042983989301,88.91033935546875,398000
2018-04-18,88.51045144511734,90.51961192872035,87.97402149021623,89.69058990478516,709500
2018-04-19,89.35899233779602,89.93442866890727,88.76404540227556,89.49553680419922,325900
2018-04-20,89.44675519937105,89.47601366076933,88.63723637548583,88.7737808227539,210800
2018-04-23,89.11516904630004,89.74912235945604,88.49096359501824,89.71986389160156,177500
2018-04-24,89.69056998480507,90.4903333683235,88.96883411214525,89.72958374023438,502500
2018-04-25,86.80361961997431,86.80361961997431,83.48752479795493,85.8478012084961,820700
2018-04-26,86.07216446553913,87.96429148197274,84.85301199435585,87.92527770996094,873600
2018-04-27,87.74968194494623,87.74968194494623,86.276944305815,86.74510192871094,1022800
2018-04-30,86.8621564962074,87.61315844377928,85.9746175340308,86.03313446044922,528500
2018-05-01,85.70154718518155,85.97463615577041,84.94078977139155,85.5942611694336,543100
2018-05-02,85.48695149038373,85.76979568623389,83.39000827364237,83.50704956054688,514700
2018-05-03,83.39003828430326,84.1020266805882,82.81460182577345,83.9849853515625,334500
2018-05-04,83.80939251926875,86.40374432671392,83.5850652580848,85.82830810546875,272900
2018-05-07,85.8673026510295,86.54027684287473,84.69691242864162,85.44791412353516,241800
2018-05-08,85.20412448056136,86.10141887114104,85.12609694021987,85.45771026611328,213100
2018-05-09,85.56498626158262,85.96486433708911,83.94594847396648,85.73078918457031,217100
2018-05-10,85.98435951546678,87.36931446099811,85.70151534640246,86.96942901611328,314500
2018-05-11,87.01817189759942,87.89596259940967,86.69631406675043,87.85694885253906,261800
2018-05-14,87.92527180147555,88.75429393794754,86.73537787898171,87.84724426269531,281500
2018-05-15,87.39856552580082,87.79844349574257,86.65731905720729,86.9986801147461,209200
2018-05-16,87.19377097334059,87.93501762965688,86.35499362461515,86.65734100341797,291400
2018-05-17,86.39398531873071,86.84263234208883,85.86731078493301,86.23793029785156,198900
2018-05-18,86.65731683008858,87.42782173508137,86.17941136181656,87.0181884765625,313800
2018-05-21,87.51561880135547,88.26661323099867,87.45709443980834,87.91549682617188,200100
2018-05-22,88.06181923392711,88.4129357291251,87.73996120647631,87.88626098632812,163300
2018-05-23,87.63264225572824,88.74450825885994,87.3400502471275,88.63722229003906,231200
2018-05-24,88.7152558417926,89.37847485733087,88.11055374373565,88.96884155273438,282700
2018-05-25,89.2809421283404,90.60738012891846,88.73476440143654,89.27118682861328,310300
2018-05-29,88.8225439892081,90.04169607396231,88.3934000742182,89.93441009521484,321800
2018-05-30,90.60738571569027,92.4312324981068,90.19775239525474,91.79727935791016,422100
2018-05-31,92.04110357089854,92.19715116006293,90.65614122108016,90.70491027832031,557500
2018-06-01,91.36812927477408,91.90455913996219,90.6951549786496,90.70491027832031,390800
2018-06-04,90.82197408045842,92.98718235431679,90.4513470121671,92.95792388916016,333000
2018-06-05,92.95792627794184,93.32855335575731,92.39224524110817,92.6848373413086,311900
2018-06-06,92.68482983809652,94.13805724245898,92.33371339338797,93.95275115966797,194900
2018-06-07,94.14782293659236,94.31362587569735,92.18742381075518,92.94818115234375,178500
2018-06-08,93.0944747613353,94.41116531292886,93.0944747613353,94.36239624023438,305900
2018-06-11,94.25508736864448,95.0548508554621,93.69915430391899,94.86953735351562,254300
2018-06-12,94.89880415250623,96.09844567352508,94.49891868475727,95.94239807128906,388800
2018-06-13,96.31302122699485,96.69339610794395,95.35720265363918,96.29351806640625,268100
2018-06-14,96.43008250369024,97.61022115347015,96.16674141391104,97.55169677734375,389300
2018-06-15,97.67847037074418,98.70255369765484,97.0737682340583,98.53675079345703,657100
2018-06-18,98.59526985449018,99.0829307182068,97.49315898129177,98.99515533447266,284200
2018-06-19,98.1856434343729,99.326768150022,97.82477913210417,99.19022369384766,273900
2018-06-20,99.2389792951197,99.6193541487259,98.53674650658095,99.36576843261719,213000
2018-06-21,99.33653884437669,99.48283862469502,98.29294465840934,98.42948913574219,281400
2018-06-22,98.99516554441763,99.2682544656859,98.22466040734501,98.49774932861328,786700
2018-06-25,98.56603448868111,98.56603448868111,95.97168195519413,96.20575714111328,195600
2018-06-26,96.55685485199766,97.18106018706484,95.82536352736132,96.86895751953125,290900
2018-06-27,96.69337644307427,97.53215355897044,95.55225203230138,95.63027954101562,325700
2018-06-28,95.43522456970047,96.27400180688855,94.53793041307124,96.24474334716797,514400
2018-06-29,96.35202272780106,97.35660279534532,96.27399521314764,96.83968353271484,514700
2018-07-02,96.11796451808293,96.37154282360392,95.49375917337568,96.25450897216797,353100
2018-07-03,96.55684832266694,97.15179515509573,96.36178695906676,96.47882080078125,137000
2018-07-05,96.92748305628042,97.15181035652394,95.62055534521224,96.95674896240234,475000
2018-07-06,97.12255783339215,98.32219961875194,97.0737887613205,98.078369140625,253800
2018-07-09,98.41971695101815,99.10243916895858,98.33193412807489,98.53675079345703,301000
2018-07-10,98.731827630296,99.07318876703276,98.0003362910966,98.31243896484375,379900
2018-07-11,98.06858774283319,98.25389378288237,97.42487192897244,97.53215789794922,324500
2018-07-12,98.09786224365234,98.36119583895558,97.62970453508464,98.09786224365234,393800
2018-07-13,98.19536178435669,98.58549184423865,97.37608791449338,97.5614013671875,457700
2018-07-16,97.4443924583762,97.89303953749592,95.09386364175307,96.02041625976562,403600
2018-07-17,95.77623456698537,96.87992226240286,95.44415655535508,96.56737518310547,326100
2018-07-18,96.58691971837693,96.65528916873619,94.71163697848479,95.7274169921875,469200
2018-07-19,95.6688074688631,97.3975895335589,95.5711378918755,97.15341186523438,453700
2018-07-20,96.66505925103907,97.69060101585855,96.3915814470872,97.29015350341797,329900
2018-07-23,97.11435827096098,97.78829112922202,96.42089447482395,97.74922180175781,199900
2018-07-24,98.34501367526589,98.34501367526589,96.21578381503863,96.68460083007812,270800
2018-07-25,96.42086001701148,97.57337868433828,96.00087421150147,97.3487319946289,305400
2018-07-26,98.75520519640368,110.65154010065595,98.20824966802296,108.26836395263672,1410500
2018-07-27,109.23530037355508,109.9678332594884,105.9144905853586,107.08654022216797,541200
2018-07-30,106.99863119443748,107.82883357430732,105.65076602429399,106.47120666503906,436000
2018-07-31,106.77401241898052,108.2195475201011,105.49452379859456,107.09632873535156,409900
2018-08-01,106.78377980056578,108.92277110993768,106.78377980056578,108.52232360839844,410200
2018-08-02,108.26837054262457,112.11661276307535,108.26837054262457,111.2375717163086,427200
2018-08-03,111.34502735013275,112.97613254132474,110.9641107474403,112.07756042480469,398900
2018-08-06,111.6185072863947,113.3472895483212,111.28642919640903,113.32775115966797,228700
2018-08-07,113.34726859523941,113.99189371910569,112.5365970053633,113.42539978027344,517800
2018-08-08,113.24961912368946,113.97239051183944,112.0384997663619,112.89800262451172,249800
2018-08-09,112.96634755203054,113.5328340165677,112.53659251877937,112.63426208496094,145000
2018-08-10,111.76501083483245,113.33751573022823,111.76501083483245,112.14592742919922,194800
2018-08-13,112.01895231131854,113.84539654704557,111.64779747707229,112.44869995117188,207500
2018-08-14,112.6537893026539,115.0076652640727,112.09706459689622,114.5193099975586,467100
2018-08-15,114.27516242595223,114.3923704033644,111.76501599380963,112.21430206298828,312900
2018-08-16,112.17522594693978,112.67335050614876,111.28642305676293,112.06778717041016,393300
2018-08-17,111.83335072666993,113.66956375904257,111.78451222165128,113.31794738769531,137100
2018-08-20,113.45470447051132,113.9723598852767,112.36078593905835,112.71240234375,260500
2018-08-21,112.73195183202841,113.71843176599201,111.98965703479729,113.2593765258789,263300
2018-08-22,112.89799086943184,113.42541556328233,112.13615768444055,113.2593765258789,181700
2018-08-23,113.18124060379577,113.65983424319411,112.62451576661006,113.3961181640625,156100
2018-08-24,113.62074859785484,114.32398143891047,112.85891550394815,114.09933471679688,184400
2018-08-27,114.27515032292506,114.92954469448327,114.09934210128289,114.65606689453125,303300
2018-08-28,115.3007142869054,115.3007142869054,113.35705440664194,114.43144226074219,397500
2018-08-29,114.1579491522711,115.09559057293131,113.65983203773112,114.61700439453125,456300
2018-08-30,114.07982043296597,114.66584540213876,113.50355720621928,114.3630599975586,210000
2018-08-31,114.10911232291936,114.773275893807,113.18123269133639,114.32398986816406,228500
2018-09-04,114.14814519560693,114.54859257792998,112.55610250150106,113.47421264648438,371200
2018-09-05,113.7282091562224,114.2556338880842,112.3901126632557,113.66960144042969,292600
2018-09-06,113.48400503853995,114.32397673616946,113.37656627825871,113.86492156982422,377800
2018-09-07,113.75750330008529,114.44119785074315,112.91753145115607,113.5621566772461,229100
2018-09-10,114.14818115308115,114.76350620586679,113.85516496506256,114.30445098876953,227200
2018-09-11,113.9235166234345,114.49977971608389,113.42539216228164,113.79654693603516,174700
2018-09-12,113.73795160406844,115.01744761589498,113.24959628167791,114.97837829589844,268700
2018-09-13,115.58393368626865,116.66808309398257,115.4569639855467,116.09182739257812,399200
2018-09-14,116.08204651549323,118.31871455259589,116.08204651549323,117.77175903320312,466000
2018-09-17,117.77179274697234,118.2406097687399,115.31047730169989,116.21881866455078,340100
2018-09-18,116.09184068841608,117.48853736316266,115.7988244818549,116.94158172607422,329900
2018-09-19,116.89273919939504,117.5373643993286,116.23834480578799,117.50806427001953,363000
2018-09-20,118.16247351283843,119.15871523027272,117.03925462483365,117.30296325683594,504200
2018-09-21,117.23457357579497,119.14892548126822,117.23457357579497,118.75823974609375,503300
2018-09-24,119.2759106225371,121.61024854569608,118.95359431054165,119.9107666015625,538200
2018-09-25,120.17448675427757,120.59447265800134,118.35780423600367,119.7349624633789,280700
2018-09-26,119.91075835495172,121.00467692116898,118.40663057250507,119.50054168701172,355300
2018-09-27,119.8033265334897,120.10610443686477,118.66056946093398,119.85215759277344,307500
2018-09-28,119.54938704818953,121.02422224081526,119.54938704818953,120.59446716308594,656500
2018-10-01,121.32700235020498,122.17673587612997,119.89123645255236,120.13541412353516,245800
2018-10-02,119.86194615585832,120.66284868430664,118.37734162155157,118.91453552246094,270200
2018-10-03,119.63726347718114,121.85440041876863,118.26010558829542,121.09256744384766,729000
2018-10-04,120.20378122143089,120.20378122143089,116.42390826595833,116.80482482910156,376700
2018-10-05,116.57041690897672,118.18199100391782,116.0234613186301,117.58619689941406,208300
2018-10-08,117.5471234303418,118.47500300460591,115.75974117990503,116.81459045410156,208000
2018-10-09,116.42388849615571,117.84012319068337,115.3006773837117,116.013671875,261200
2018-10-10,115.79881794257736,115.79881794257736,112.23382985710083,112.44869995117188,493400
2018-10-11,111.78448166908863,112.79049945485998,109.92873821293993,111.44263458251953,565600
2018-10-12,112.74169792583608,114.01142460847018,111.52080975088407,113.23982238769531,242800
2018-10-15,112.88822499457866,113.73795853824832,112.17522290166664,112.85892486572266,161900
2018-10-16,113.76726757748972,116.73646159920895,112.92729576486144,116.54112243652344,212400
2018-10-17,116.18950215463363,116.74622694682947,114.84164409239929,116.16020202636719,187900
2018-10-18,115.89649971465741,116.61926357409085,113.14216828064437,113.81610107421875,228700
2018-10-19,114.15793188055426,114.35327847095627,110.68084454021383,111.120361328125,237300
2018-10-22,111.49152425465958,111.88221001224426,110.48551345878401,111.32548522949219,186700
2018-10-23,109.90737435341114,111.81447426748117,108.0980801745729,111.40371704101562,499900
2018-10-24,111.66777844728283,114.19101432128676,109.07608303227245,109.41838073730469,341500
2018-10-25,107.57974252785424,109.00761821511307,99.69708378123015,102.0540542602539,952500
2018-10-26,100.51862822646795,100.79246645894784,97.60419851046663,98.9049301147461,484500
2018-10-29,99.35481546017407,100.72401418309775,97.82914093374833,99.09075927734375,595200
2018-10-30,99.05162044999395,102.39637128582524,99.01249964084879,102.3865966796875,380700
2018-10-31,103.78509677361438,105.3107704769207,102.31810053227254,103.58949279785156,907400
2018-11-01,104.09808611035162,104.69466535318563,100.8120129720148,102.62130737304688,398000
2018-11-02,103.24721151583118,105.10540854140567,102.85601096388973,103.82423400878906,299300
2018-11-05,104.01004843646389,105.5846252476347,103.5601704134908,105.28144836425781,292800
2018-11-06,104.77290319821051,105.9954004665336,104.37192797419675,105.92694091796875,239900
2018-11-07,106.70933502767329,108.76312880898622,106.01495752102385,108.7142333984375,376700
2018-11-08,108.37192309573682,110.32791850198943,107.79490803242685,109.301025390625,371300
2018-11-09,108.85115937956485,109.46729531451714,107.55042049980109,108.53820037841797,377200
2018-11-12,108.2154340514924,108.61640918052798,104.40124198547818,104.54794311523438,380400
2018-11-13,105.01739957896042,106.99295928522113,103.98072431344659,104.55774688720703,229600
2018-11-14,105.57485990163642,105.83892348703488,103.96116949511037,104.11764526367188,177100
2018-11-15,103.6090709643557,106.66041878440046,103.03204848458456,106.21054077148438,215300
2018-11-16,105.58463186917395,108.56752786908714,105.15431048911293,107.71666717529297,224500
2018-11-19,107.41350259844522,107.71667953562438,102.52351348765228,103.0711898803711,241400
2018-11-20,101.6041821829745,104.17631349154036,100.87068389550772,102.85601806640625,259800
2018-11-21,103.22763938332571,104.64573277747435,102.76797936326228,102.91468048095703,224600
2018-11-23,101.97582840934918,104.68488652266814,101.2521121188676,103.38414764404297,100200
2018-11-26,104.40123763734921,105.62373456518702,103.28632103608346,103.85356140136719,408500
2018-11-27,103.57975142797251,103.90248503385246,102.37681084104537,102.71910858154297,204400
2018-11-28,103.01251069602242,105.86826249875485,102.47460891811376,105.69222259521484,293600
2018-11-29,104.92937572691024,107.65799024686243,104.92937572691024,106.3768081665039,261600
2018-11-30,106.37679506748476,107.92203305751525,106.02472279808252,107.1494140625,344000
2018-12-03,108.50884717166817,109.1738859388655,106.89515685645951,108.41104888916016,279700
2018-12-04,108.58707170671352,108.58707170671352,105.54549859136607,106.84623718261719,354400
2018-12-06,104.90980677523925,106.16165006049364,101.82912008403929,106.11274719238281,446000
2018-12-07,105.68243317533572,106.816914132894,102.97338272428388,103.68731689453125,404500
2018-12-10,103.64819022577792,106.36702239389506,103.20808682336272,105.25210571289062,493200
2018-12-11,106.38659821646138,107.18855610439884,102.83646893111582,104.31324768066406,466100
2018-12-12,105.73133698786694,106.99295497643642,105.32057972503891,105.37925720214844,441200
2018-12-13,105.75087951954767,106.25944245826474,103.69708601849408,104.76310729980469,363900
2018-12-14,103.85357759585375,104.4012539172381,101.8878001401274,102.32789611816406,282400
2018-12-17,101.53571183669553,102.70930598714617,99.18851607426461,99.78509521484375,407900
2018-12-18,100.93915395698156,103.28635021380362,97.6432986223227,98.40614318847656,351100
2018-12-19,98.92448451154688,100.27411886510441,96.1860875333221,97.1640853881836,350400
2018-12-20,96.78265474484832,97.13473452558729,93.55526670344848,95.50148010253906,322600
2018-12-21,95.64820431335168,96.94893594082046,92.30344558998704,93.01738739013672,1022600
2018-12-24,92.29367929875978,92.58707423885578,89.73132170400312,90.95381927490234,240300
2018-12-26,91.34499990690058,94.44525127431575,90.73863855889651,94.3865737915039,265400
2018-12-27,92.87065319034703,94.23006928654982,90.2789580025147,94.19094848632812,449100
2018-12-28,94.40611914460752,95.21785904664507,92.7141872598146,94.11272430419922,322000
2018-12-31,94.84620731252642,96.13716380225743,94.51368425981501,95.87310028076172,439200
2019-01-02,94.63105501052432,95.25697291163446,92.1371580103139,94.28875732421875,337900
2019-01-03,94.10293747689866,94.40611436844148,91.0320253744988,92.45011901855469,482600
2019-01-04,93.08582805167362,96.52837691917063,92.90000608767454,96.07849884033203,818600
2019-01-07,96.41101445718753,97.31077054482468,95.97091101800635,96.38167572021484,362300
2019-01-08,97.53570133401736,99.61883348039976,96.5870424934323,99.45257568359375,383500
2019-01-09,100.45013890873084,102.21053768389298,99.96114007802245,101.50637817382812,241400
2019-01-10,101.10540976320473,101.71177108466836,99.37435694224125,101.5748519897461,227500
2019-01-11,100.88047814171549,101.62375858531703,100.12741563053817,101.54551696777344,156800
2019-01-14,101.16408211151538,101.71175842302665,100.09806076343223,100.4012451171875,277400
2019-01-15,100.24477286143238,102.2398892362046,100.24477286143238,101.52594757080078,269600
2019-01-16,102.1909995230108,103.08098120261424,101.72156470468548,102.21056365966797,265900
2019-01-17,101.85846884313032,103.3352475593368,101.2814462810701,101.96604919433594,612500
2019-01-18,102.86581321570397,103.17877222636533,101.36947771280643,102.93427276611328,482900
2019-01-22,101.88630970100921,102.532713029958,100.34866212805562,102.29765319824219,396200
2019-01-23,102.7677518725318,104.38375251017268,102.16052526207035,102.54248809814453,244800
2019-01-24,102.3368142936692,103.63940930924512,102.04300075691933,103.28682708740234,192500
2019-01-25,103.61982636120962,105.17705830539573,103.30642076709914,104.5306625366211,241900
2019-01-28,104.16830004525846,104.64820079931799,102.81673961717696,103.55128479003906,228000
2019-01-29,103.60024006441239,104.10952885324924,102.7971377178735,103.23786926269531,262600
2019-01-30,103.61004729038069,104.34459247230043,102.61106165854906,103.72757720947266,400600
2019-01-31,103.81570533497427,106.32295016706126,103.02239903436089,106.03892517089844,371900
2019-02-01,106.01935862751318,106.67555055502534,100.47598719022716,101.09300994873047,856200
2019-02-04,100.75021928993704,102.934262767788,100.2213458651917,102.6110610961914,606100
2019-02-05,102.83631848880104,103.98220710149603,101.60228057472517,101.71981048583984,321700
2019-02-06,102.16055020028585,102.38581402966184,100.92651956966111,101.75900268554688,408500
2019-02-07,101.68064168198855,102.04301999837409,100.46619572896408,100.6816635131836,419300
2019-02-08,100.29969221835077,101.46516540571645,99.69246555656989,100.57392120361328,602600
2019-02-11,100.8481487870961,102.1997091123231,100.63268102390498,101.43578338623047,705100
2019-02-12,102.44456737026341,102.98323683022133,101.70022615437067,102.79714965820312,429700
2019-02-13,102.79715575534308,103.79614145448447,102.36622016181694,103.65901947021484,627700
2019-02-14,98.53676817609939,103.27702853020607,96.56818539775053,98.82079315185547,1187600
2019-02-15,98.8893803735238,100.72084176011899,98.85020372993611,99.81001281738281,1215700
2019-02-19,99.80022849329336,101.15178923077042,99.50640736801584,100.39765930175781,1877200
2019-02-20,100.4270195745492,100.87753972910495,99.63371315806845,100.7502212524414,1202600
2019-02-21,101.14195665391605,103.01260169973303,101.07339941241474,101.69042205810547,448100
2019-02-22,102.23889080831398,102.4543585821685,101.34764657449173,102.13115692138672,338400
2019-02-25,102.79715836424444,103.74717141653001,102.43478001756604,102.9440689086914,475300
2019-02-26,102.92445185932817,103.11053900192161,101.57289161739284,101.63165283203125,344700
2019-02-27,101.34765902867878,102.34663727218852,100.92651945680552,101.74920654296875,182900
2019-02-28,101.7296203542584,103.11056150489115,101.37703804512228,102.59148406982422,519000
2019-03-01,102.92445371641844,104.79509878606801,102.92445371641844,103.95281982421875,447100
2019-03-04,104.06059108315073,104.06059108315073,101.51416870166996,102.73841094970703,441500
2019-03-05,102.91466854780306,102.91466854780306,101.83733721553612,102.33682250976562,421700
2019-03-06,102.19973319060087,102.93427848062271,100.21156513449077,100.49559020996094,447100
2019-03-07,100.18215310066076,101.12236988036884,99.96668535427747,100.35844421386719,325700
2019-03-08,99.7610376891611,100.17238122843528,99.06566909500317,99.47701263427734,356100
2019-03-11,99.86875157492665,101.03423217482516,99.71204503583685,100.91670227050781,200800
2019-03-12,100.94610846575497,101.56312380741556,100.5543494909088,101.29869079589844,326500
2019-03-13,101.4553796769815,103.24767176253796,101.08321279808735,103.07138061523438,595000
2019-03-14,102.92445284617287,103.99199557947233,102.6208432713916,103.82550048828125,481800
2019-03-15,103.94304366715775,104.5110937680957,103.12035660139694,103.53170013427734,880800
2019-03-18,103.91365709470362,103.91365709470362,101.93528535560078,103.7569580078125,369400
2019-03-19,104.28581486407036,104.28581486407036,103.1007422479131,103.60023498535156,471500
2019-03-20,103.62963357591237,103.86469341795636,102.20951585641882,102.92446899414062,257300
2019-03-21,102.50334134147168,105.13790513637292,102.50334134147168,104.6090316772461,328400
2019-03-22,103.90385239051767,104.64819353959136,101.3868114050113,101.53372192382812,232200
2019-03-25,101.51414645453252,103.1007592780812,100.92651179869301,102.79714965820312,441400
2019-03-26,103.68841290206348,104.08016440127004,102.66004653619403,103.32603454589844,301400
2019-03-27,103.29663686648446,104.65799327622503,102.57188774606091,104.12911987304688,403700
2019-03-28,104.45231509277502,106.5188359127012,103.94302630384331,105.34355926513672,488200
2019-03-29,106.09770000285228,108.11524822849657,105.88223223658358,107.92916107177734,486000
2019-04-01,108.55598352651562,110.07404660222821,107.8214383232057,109.47661590576172,608500
2019-04-02,109.50599287123134,109.50599287123134,107.86061137172959,108.97711944580078,337600
2019-04-03,109.61374591666397,110.55396301322584,108.98693451895606,109.49622344970703,473500
2019-04-04,109.71166123932146,109.96630565234092,108.37969289718664,109.55496215820312,364000
2019-04-05,109.79981770320505,111.59210979447619,109.35909356963093,110.54415893554688,291800
2019-04-08,110.10342145195146,110.84776264455684,108.80082623293701,110.79878997802734,263700
2019-04-09,110.005482317238,111.30807752116874,109.84878323608183,110.62249755859375,286600
2019-04-10,110.75960078846374,112.2972556659639,110.40702602368687,112.18952178955078,240900
2019-04-11,112.11119879067425,112.30707454312294,110.91633727306665,112.16996002197266,277800
2019-04-12,112.68902323759265,113.71738948832913,112.1209806384672,113.38439178466797,323600
2019-04-15,113.52148393782214,114.74572559461595,113.45291923175073,114.49108123779297,421600
2019-04-16,114.9323947701183,115.11872101731635,111.13727686782474,111.68643951416016,429700
2019-04-17,112.17678108377594,112.17678108377594,108.6954635096121,109.47998809814453,317100
2019-04-18,109.87222490811811,110.51945118402277,107.75401349945729,109.3622817993164,379800
2019-04-22,108.69545386902242,110.36256660134637,108.00900052627627,109.98992156982422,393900
2019-04-23,111.22553309580691,113.17703570040985,110.15662615072148,112.9710922241211,286800
2019-04-24,112.77496001041004,113.81444855198866,112.16695318473931,112.98089599609375,385900
2019-04-25,117.33500619811238,120.70844378642339,115.71692899964262,119.8945083618164,779500
2019-04-26,120.2475444116031,121.69890510308863,118.16855959091936,121.28703308105469,459200
2019-04-29,120.77709497482297,121.41451274223492,119.35514519096603,119.94353485107422,368100
2019-04-30,119.78660638684752,121.54197382378483,119.78660638684752,121.3948745727539,226500
2019-05-01,119.10015894291607,120.81629960481271,117.94298951162314,118.25679779052734,426100
2019-05-02,117.87436682454032,119.64935202337622,117.38404082696438,119.48263549804688,208700
2019-05-03,120.05139528036158,120.80650137955628,119.64933192042831,120.47307586669922,433500
2019-05-06,118.62948679891744,120.67904611505928,118.62948679891744,120.40446472167969,444000
2019-05-07,119.36494048463881,120.16907467613163,117.97241669869899,119.05113220214844,279700
2019-05-08,119.20805907325823,119.56109440467564,118.05088937178589,118.10973358154297,307900
2019-05-09,116.92314812785588,118.67850872711568,116.06016952876706,118.11953735351562,180800
2019-05-10,117.54093783741261,118.51178112768417,115.4325347470004,118.0802993774414,192200
2019-05-13,116.07976134821138,116.54066142972182,114.82452070448866,115.27562713623047,201700
2019-05-14,115.37368086567146,115.53058125648154,113.46140544783077,114.06941223144531,470300
2019-05-15,113.54966712884872,114.88335410854839,113.12798657671163,114.14786529541016,214100
2019-05-16,114.5695665548433,116.28570742900772,114.5695665548433,114.90298461914062,349000
2019-05-17,114.23612315260982,115.10890263364755,113.77521562136486,114.15767669677734,176200
2019-05-20,113.75562914698902,115.24621685762118,112.85343112524374,115.16777038574219,354400
2019-05-21,115.95228149175243,117.36442265761345,115.5306008648234,116.2366714477539,241400
2019-05-22,116.16803466342766,116.69758763960598,115.26583662184134,115.9130630493164,132300
2019-05-23,115.3246578958062,115.51098414443592,113.5398717997225,113.814453125,196100
2019-05-24,114.57935492684432,115.74633298548262,113.71638401966939,114.04000091552734,154700
2019-05-28,114.05961314530899,115.30504517222317,113.0397343336354,113.42219543457031,141500
2019-05-29,112.80438422468143,113.31432739056552,111.96102301184085,113.13780975341797,161600
2019-05-30,113.28489319878521,114.40284313949705,113.11818418759589,113.59870147705078,124400
2019-05-31,111.94142292780501,112.92207488953473,110.85289865174254,112.3827133178711,212200
2019-06-03,112.38269498317398,113.23586474412934,111.78449678556954,112.48075866699219,279000
2019-06-04,113.61834591345806,114.46170726610748,112.6965306020084,114.04983520507812,185200
2019-06-05,114.72647250774142,115.58945103443762,114.11847307132999,115.16777038574219,244800
2019-06-06,115.08931664736905,116.03074164770526,114.51072809027171,115.7953872680664,182000
2019-06-07,116.29550111516963,117.40364251130255,115.90324635447193,117.00157165527344,251600
2019-06-10,117.58997945970096,118.70792208932987,117.40365319416925,117.63900756835938,243500
2019-06-11,118.50196544866456,118.87461793838705,117.36441319812498,118.35487365722656,168600
2019-06-12,118.40391685257339,120.22793011669725,117.80571855187789,119.82586669921875,190700
2019-06-13,119.88470772378238,121.05168600499772,119.06096363006405,119.5414810180664,258800
2019-06-14,119.64933097560203,120.41423820017901,118.28622554067027,118.34506225585938,170000
2019-06-17,118.41370978633901,119.60029761599104,117.44286655876552,118.32545471191406,245600
2019-06-18,118.93346037965547,119.963147859963,118.4039074596499,119.00210571289062,191300
2019-06-19,119.22766111896269,119.69836984638235,118.61965424078359,119.47282409667969,200400
2019-06-20,120.5711343719698,120.79668757524901,119.26687317975674,119.85526275634766,158700
2019-06-21,119.2178339316913,120.02196807405367,118.52157208126114,119.67874145507812,382700
2019-06-24,119.39437743792212,121.14974536336523,119.100178853987,119.82586669921875,178300
2019-06-25,119.94353541636137,121.07128663458903,119.31591877838397,120.2181167602539,256800
2019-06-26,120.45347630973916,120.68883067403945,117.78610190840139,119.36495208740234,263900
2019-06-27,120.14947629540438,121.42432685148272,119.69837728618087,121.18897247314453,248400
2019-06-28,121.15952018219741,123.4248232085682,121.15952018219741,122.72856140136719,1071700
2019-07-01,123.562128305579,124.6016168320755,121.31643475840214,122.31670379638672,261700
2019-07-02,122.19904280703422,122.19904280703422,119.83566796369321,121.18897247314453,258600
2019-07-03,121.63024931758535,121.8165755656434,120.44366146168814,121.52237701416016,239100
2019-07-05,121.10070313495301,121.66948304243805,119.78663315743277,121.60083770751953,174700
2019-07-08,121.10068816509221,121.12030539080416,119.70816441072182,120.51229858398438,193000
2019-07-09,119.6101166631704,121.7577467762114,119.46301737785053,121.65967559814453,198300
2019-07-10,122.14998681969978,123.02276633034451,121.09088855313082,121.44391632080078,221700
2019-07-11,121.97347992696479,122.2186429005546,120.87515459362174,122.08135223388672,143000
2019-07-12,122.17939947591832,122.87566881112963,120.93397502975758,122.02249908447266,188800
2019-07-15,122.03232442602506,122.51284176053522,121.02225416945502,121.97348022460938,258700
2019-07-16,122.07154566800021,122.25786443202425,120.77708552433806,120.83592224121094,151800
2019-07-17,120.83591333745302,120.89475004999052,119.3355173135122,119.55126190185547,249100
2019-07-18,119.44340294142442,120.22791996269271,118.10971577531018,119.70817565917969,359500
2019-07-19,119.91411360088608,119.91411360088608,118.48236271913612,119.06095123291016,292100
2019-07-22,119.37475641709817,120.83592562061773,119.37475641709817,120.62998962402344,330300
2019-07-23,120.86562681283178,121.98493422553715,120.47288566132309,121.03253936767578,238200
2019-07-24,120.01142995101243,120.78708422014995,117.93972755805463,120.05069732666016,431500
2019-07-25,128.0036913804242,133.01112891791803,125.5196137930402,130.44850158691406,1148600
2019-07-26,131.8622857472574,136.7027927329141,129.95749683835098,134.42491149902344,657700
2019-07-29,135.10244642864527,136.1530172083445,133.61003155449927,135.85845947265625,512600
2019-07-30,135.40680676602173,135.71117757596883,133.786746836231,134.98460388183594,559500
2019-07-31,134.562403893996,136.29045268207688,133.2663560665656,134.77841186523438,472200
2019-08-01,135.09262463187605,137.056322985354,134.1009623568283,134.7882537841797,332600
2019-08-02,134.23840529757302,134.3169550205527,132.71653625122582,133.09945678710938,322900
2019-08-05,131.20449659509768,133.315466112147,130.29136916543283,131.2143096923828,547400
2019-08-06,132.16671926179103,135.96647080980856,132.00961979670686,135.90756225585938,353400
2019-08-07,134.70970683859872,137.61598705386547,133.64930790796748,137.115234375,321600
2019-08-08,138.02837675433824,140.89537492004837,137.73381896719835,140.49281311035156,423900
2019-08-09,140.0803672163639,142.191351136281,140.0803672163639,141.30767822265625,320900
2019-08-12,140.31609320609712,141.5728591666114,139.18695747252917,139.70733642578125,165200
2019-08-13,140.43386349059614,142.50556551260632,139.40291902793973,142.4368438720703,287500
2019-08-14,140.87568396626267,141.67097922327247,139.44219288079037,139.76620483398438,268200
2019-08-15,140.40445347735488,141.40594398378457,139.52079507757276,140.28663635253906,143900
2019-08-16,141.18011013047416,142.5350670150493,140.49281858823747,142.42706298828125,161100
2019-08-19,143.7132595881497,143.7132595881497,142.4564938371204,143.13397216796875,171600
2019-08-20,143.1143295243551,143.6347083855401,142.37794264737678,142.48594665527344,164500
2019-08-21,143.00634864546677,144.47912263762126,142.38779375640752,143.28126525878906,216000
2019-08-22,144.06674377071278,144.5184010412723,142.34850749360623,143.21253967285156,188800
2019-08-23,143.1143255550127,144.23363297770206,140.4338815920672,140.7284393310547,203000
2019-08-26,141.89687050273125,142.8590786589231,140.89537998319906,142.71180725097656,175100
2019-08-27,143.68383397039824,144.29259077066524,142.55471318165698,143.6151123046875,212700
2019-08-28,143.11435704405545,144.03729783776816,142.56452380060932,143.53656005859375,146600
2019-08-29,144.0863787048115,145.00931940502213,143.83110329102524,144.46929931640625,153200
2019-08-30,144.6263772130625,144.6950988603608,142.28957153200884,142.8197784423828,259400
2019-09-03,141.8771991321017,142.87868943853445,140.57133799278955,142.240478515625,291800
2019-09-04,142.42703188335227,145.47077016802763,142.32885595980613,145.24493408203125,339200
2019-09-05,146.5999232201265,147.6505092099487,145.34315725779945,147.2970428466797,226400
2019-09-06,147.5129949205461,149.3392346074149,146.7471539210682,146.9827880859375,252400
2019-09-09,147.14972310315156,147.39518538362353,142.14230157062056,142.80995178222656,504500
2019-09-10,142.18158363539263,142.84924889781843,136.3690380310141,138.49964904785156,600900
2019-09-11,139.0494625294222,143.0357674147322,138.8629088063059,142.09320068359375,436600
2019-09-12,142.84923873041964,143.92926381012867,141.71029011676654,143.43833923339844,207000
2019-09-13,142.79032722593672,144.37110509545485,141.21937743715182,141.58265686035156,325900
2019-09-16,140.82660851291774,141.435365139497,139.0985594990735,139.5502166748047,389900
2019-09-17,139.62877786233585,141.6611978653967,139.18693374782617,140.69898986816406,317600
2019-09-18,140.74811211386947,141.15065896632126,137.2919981627904,138.7549591064453,290200
2019-09-19,139.32438726734011,141.0229970700422,138.86291697201978,140.7284393310547,270700
2019-09-20,141.04264632270264,141.38629957133776,139.66806329182498,140.49281311035156,726400
2019-09-23,140.4927601815432,141.87717077226017,139.90365981103065,141.28805541992188,339600
2019-09-24,142.2306973530097,146.43301136988487,140.43391124579225,140.64010620117188,547500
2019-09-25,140.92481852531392,143.45799133189522,140.51244364728865,142.99652099609375,337700
2019-09-26,142.8590548400514,142.9376045718036,139.8055033091455,140.51243591308594,274400
2019-09-27,141.16048239825136,141.16048239825136,137.6847273795056,138.3131103515625,280500
2019-09-30,138.10690103273913,140.08041237359458,137.98906895050976,139.245849609375,318300
2019-10-01,140.03135393288443,140.83647761663497,137.12508815476698,137.14471435546875,262200
2019-10-02,136.08428127901615,137.10539767617334,134.24821340893962,135.10243225097656,416800
2019-10-03,135.17115393196627,137.87123875986566,134.52312997763187,137.63558959960938,692000
2019-10-04,138.30327383646215,140.12951388072446,137.2232337633605,139.02001953125,611800
2019-10-07,139.01021128787562,139.49132278848313,138.03817518813665,138.14617919921875,327900
2019-10-08,136.91884162002597,137.76323236895914,135.39697265625,135.39697265625,571400
2019-10-09,136.30031597026723,138.61746574790632,135.75046782209358,138.1265411376953,245300
2019-10-10,137.75343303616606,139.92331117797406,137.69452448669847,138.41127014160156,204200
2019-10-11,139.56005045749464,141.7495700690869,138.80402234733157,139.42259216308594,247400
2019-10-14,139.41278912669543,140.10989374800153,138.49966147649158,139.07894897460938,159800
2019-10-15,140.14915356901668,140.40442895547724,139.02001805335416,139.2163848876953,299900
2019-10-16,139.02001894533254,139.0298470253016,137.03669442938383,137.42942810058594,327700
2019-10-17,138.48979407347014,140.56149590757258,138.30324038035073,139.0396270751953,447600
2019-10-18,138.5585455114997,139.24585189332038,137.3606883650159,138.29345703125,268700
2019-10-21,139.02982927813508,139.2360091855571,137.25266994095253,137.53741455078125,246400
2019-10-22,137.96993157158334,139.08069457870246,136.14160330272196,136.45616149902344,330900
2019-10-23,137.10493560663082,139.21833448687778,136.289067015536,136.8002166748047,820400
2019-10-24,141.96078908361926,142.47193863202912,134.45088494496875,136.49546813964844,719700
2019-10-25,136.58393793962904,138.73664872850432,136.10229132406397,138.49090576171875,412900
2019-10-28,138.55974417708117,140.68295236617442,138.10757044299103,140.06369018554688,304000
2019-10-29,139.78842856428454,142.49160105850467,139.69012538309272,140.98764038085938,362600
2019-10-30,140.5846369270514,142.4326137892004,140.2602544195827,142.04925537109375,408800
2019-10-31,141.84289036077567,142.72755933433496,139.79830640074152,141.39071655273438,413900
2019-11-01,142.4031404584256,145.15546489621516,141.82319061231266,144.63449096679688,307000
2019-11-04,145.41104102163666,145.58798378141486,143.55322453825877,145.2242889404297,358500
2019-11-05,145.08665448158865,145.2832458564334,143.5827087155335,144.4084014892578,510100
2019-11-06,144.62465685269152,146.06962670970037,144.08401932133438,144.84091186523438,546200
2019-11-07,145.3914043492171,146.06965748610173,144.72297553353238,145.2734375,275900
2019-11-08,145.12596789316666,145.83370884731713,143.9169166793932,145.2144317626953,543300
2019-11-11,144.42805047840858,146.41365786677454,144.17248319038544,144.84091186523438,241100
2019-11-12,145.15544500365874,146.34484749019404,144.4575434197991,145.0473175048828,370900
2019-11-13,144.46738867935062,146.02048616009628,144.16266977470994,145.686279296875,365300
2019-11-14,145.45035533537808,146.42350293000376,144.8212539102862,146.15809631347656,206800
2019-11-15,146.5807864541948,148.0257565593102,146.24657955886605,147.59324645996094,276800
2019-11-18,147.44575676142472,148.57616823034576,146.25635439067435,146.590576171875,341900
2019-11-19,147.35732981598494,148.00609490798254,146.53163697105805,147.17056274414062,322400
2019-11-20,146.67909337748287,148.03559963275393,145.43071464979087,147.05262756347656,530400
2019-11-21,147.21970200424528,147.21970200424528,144.6443054909514,144.84091186523438,367400
2019-11-22,145.01782159696526,145.19476431205746,143.67115509430892,143.9070587158203,286300
2019-11-25,144.4673519408103,145.35202047117752,143.3271011691244,143.6907958984375,458300
2019-11-26,143.749776288092,145.90247155443433,142.8356048745325,145.61741638183594,3416800
2019-11-27,146.14825291774903,147.74067757352563,145.69609424927665,147.68170166015625,472300
2019-11-29,147.29829312966584,148.31075262874162,144.31005121089498,144.52630615234375,157800
2019-12-02,144.62470450488829,147.09195932588264,143.27802239234396,146.88552856445312,592800
2019-12-03,145.60764642004446,146.88549801438361,143.9955729481916,144.8507537841797,372500
2019-12-04,146.02048532868176,147.75051055106061,144.75244312108916,145.06700134277344,563100
2019-12-05,145.20464194275937,145.4503849713656,144.12336661730635,144.860595703125,293900
2019-12-06,145.56830006204845,146.2957046426434,144.8310711624175,144.9588623046875,430900
2019-12-09,144.94905780815915,144.94905780815915,142.09843000703896,142.26553344726562,247600
2019-12-10,142.80618709139767,143.9169503765369,142.3441889992936,142.88482666015625,267900
2019-12-11,142.92410685116266,144.37891604806984,142.91428253188545,144.1724853515625,287300
2019-12-12,140.94832168575212,143.99554017634415,138.95289018994393,143.91690063476562,449800
2019-12-13,143.42545052476666,144.47722278294273,142.3736632676279,143.8776092529297,341600
2019-12-16,145.59776481614148,147.42609279582842,144.57548083777021,144.74258422851562,500100
2019-12-17,145.2045851791444,145.93198965908775,143.73012758390448,145.86317443847656,444400
2019-12-18,146.18758019429828,146.95429706603028,145.18494467012542,146.75770568847656,343100
2019-12-19,146.993612898706,147.64237795939584,146.07945622142938,146.89532470703125,558800
2019-12-20,147.60305546284212,148.81210662935337,146.35467702321506,148.27146911621094,532300
2019-12-23,148.4287469276312,149.24461534969137,146.95428917669446,148.6351776123047,155500
2019-12-24,148.41891233659908,149.50017227974098,147.5047407948305,148.163330078125,83600
2019-12-26,148.46805883158447,148.5466983779804,147.62270245652832,148.20266723632812,118300
2019-12-27,148.8513962681439,149.52964913613187,147.83893662429327,148.24195861816406,176300
2019-12-30,148.3009345199095,148.74328378091573,147.19018670613573,148.24195861816406,200800
2019-12-31,148.0945546560968,148.9890627126461,147.32783775018632,147.77017211914062,480600
2020-01-02,147.69152494667117,149.9032116763218,146.84616853004627,149.15615844726562,527800
2020-01-03,147.15089304536912,149.77542626513696,146.1875847659583,149.54934692382812,316100
2020-01-06,148.77277958670194,150.01131858562178,148.41890915858792,149.62796020507812,331900
2020-01-07,149.2053168846701,149.83441837990824,148.06508073633793,149.24464416503906,289800
2020-01-08,149.3921197100521,149.40195903197971,147.19027144942302,147.22958374023438,533900
2020-01-09,148.05527336796257,149.41177985314047,147.94714582205756,148.8809814453125,726600
2020-01-10,149.41171356705547,151.03361103711413,148.5663572192835,150.03099060058594,469500
2020-01-13,150.16860344113323,153.61882899874695,150.16860344113323,153.2846221923828,606300
2020-01-14,153.29445840319548,154.86721937709686,152.7833088368335,153.8252716064453,453500
2020-01-15,153.70730730337988,156.0172972093538,153.70730730337988,154.5133514404297,415100
2020-01-16,154.81808042198895,155.8698675964208,154.27744285564367,155.66343688964844,452600
2020-01-17,156.07626351737395,156.49894919709766,154.44452670543885,154.90652465820312,348400
2020-01-21,154.40476715025582,155.6740984740177,154.40476715025582,155.08370971679688,311300
2020-01-22,155.53633268624142,156.13654069647933,154.33588663734807,154.699951171875,506200
2020-01-23,154.2570783753351,155.1623295444651,153.91268265248993,154.0406036376953,814600
2020-01-24,154.52274879697939,154.70970562822896,152.8303330424593,153.25343322753906,391200
2020-01-27,151.3839534686994,154.1882619789897,150.4295003401067,152.99766540527344,615500
2020-01-28,153.4994832107254,155.10336082061434,153.4207637253228,154.80816650390625,204800
2020-01-29,154.9163487353809,156.7366855139298,154.46371560910418,155.5756072998047,261200
2020-01-30,154.95571490330244,156.53007416381996,154.4440609057065,155.41818237304688,331600
2020-01-31,154.56214825105417,154.98524852433053,152.58437217944757,153.45025634765625,567900
2020-02-03,154.0898483790776,155.9397034546165,154.0898483790776,155.75274658203125,324100
2020-02-04,157.25821781957657,158.62593660801946,155.92001695350132,156.39231872558594,376800
2020-02-05,157.23856192373864,158.41932406923974,156.55961956116906,157.0122528076172,474900
2020-02-06,157.10080485440537,157.9765383958476,156.2545892402091,157.80926513671875,197300
2020-02-07,157.4648519820511,157.69116107078258,155.89049263578923,156.5399169921875,227100
2020-02-10,156.28410472484094,157.592787864377,155.900356662436,157.494384765625,182300
2020-02-11,158.33076649960267,159.8460751308153,158.13397531576018,159.60008239746094,247100
2020-02-12,159.7378377275712,160.2396725127052,158.41932028020105,159.60008239746094,464600
2020-02-13,162.80783530635318,172.30314869482092,162.80783530635318,171.58485412597656,615000
2020-02-14,171.9783997334286,172.40151494670573,169.361034037756,171.7717742919922,396900
2020-02-18,171.5946644257626,172.38184405582408,170.22694563653425,170.44342041015625,477900
2020-02-19,169.81372112641688,173.82832470610765,167.20618890425024,171.95877075195312,473500
2020-02-20,170.5615034426817,171.7029132314688,167.72767760588385,168.91827392578125,481500
2020-02-21,168.72150999457844,168.9675027466538,167.03891296413235,167.43251037597656,307100
2020-02-24,163.8213224263208,165.99588973232423,162.5027899943924,164.21490478515625,337600
2020-02-25,164.62818528504778,165.0020990688608,159.74769754256909,159.96417236328125,448300
2020-02-26,160.052717685035,161.99114164985517,155.76260375976562,155.76260375976562,483200
2020-02-27,152.96808113056542,157.95680442982146,152.3284912109375,152.3284912109375,468100
2020-02-28,149.13059237430863,150.36055571206742,145.20455900927107,148.14662170410156,834400
2020-03-02,149.11095991792328,154.15873599255642,148.17619046334093,153.98162841796875,446500
2020-03-03,154.2079731863243,157.34684382898033,149.48490825438017,151.5118865966797,485900
2020-03-04,154.5326291951438,156.77608159297884,153.00747133335318,156.35296630859375,489200
2020-03-05,153.68641946789856,154.71959193049304,148.89448592101564,151.0198516845703,301300
2020-03-06,147.38897830622213,147.86129509654015,143.64990130852237,147.54641723632812,552300
2020-03-09,146.61165662311655,146.61165662311655,136.5259554124659,137.5591278076172,735800
2020-03-10,140.8455839336481,142.12474901483503,134.45960784509867,141.23916625976562,571800
2020-03-11,137.84449305525334,147.10366371953802,137.204917914329,145.46043395996094,1013700
2020-03-12,138.25776019012025,144.683089636887,137.13603384756297,140.47169494628906,1054200
2020-03-13,144.63392001813878,146.41490533917715,133.86927358656777,143.7680206298828,930800
2020-03-16,134.89257559154137,137.6870495205098,127.78830404400809,128.37869262695312,971800
2020-03-17,130.71072790353213,142.80374210959437,127.47346932868007,140.7964324951172,891200
2020-03-18,133.29849329169417,149.19946118375205,128.41799269586085,141.18994140625,823100
2020-03-19,141.18996287923517,144.06315555675909,132.9442835075909,137.0474395751953,683900
2020-03-20,135.3550604723497,137.25413247970855,127.9555936861009,128.55581665039062,709600
2020-03-23,128.3590056456594,130.49422077586163,122.53389950409743,126.89289855957031,555400
2020-03-24,131.96035983423647,138.59233020270136,129.88418029113564,133.3083953857422,623400
2020-03-25,133.79053774306698,137.74610535734513,129.90385530543873,133.14111328125,483100
2020-03-26,134.24314598255327,144.08285522460938,134.24314598255327,144.08285522460938,671400
2020-03-27,140.50116974708473,144.04347027529488,136.43738096283965,138.81858825683594,546600
2020-03-30,141.4261164440871,150.0358607957921,141.35724629665881,149.37660217285156,445100
2020-03-31,150.56721677749965,157.26805555693994,149.2388501851353,149.80955505371094,555600
2020-04-01,146.8773156817943,150.86240015770468,143.44325241470276,147.39881896972656,481000
2020-04-02,146.6116816386027,154.0505001302078,145.77530026786778,153.18460083007812,495200
2020-04-03,151.8070078363816,153.91270466477567,147.32993787009346,148.92398071289062,604600
2020-04-06,153.49947407789097,159.4033000039637,151.52169779777066,158.7145233154297,351500
2020-04-07,163.18172079414447,165.13982817436104,154.51294008050743,155.6051483154297,535800
2020-04-08,155.29032537096464,162.15843940793025,151.92513101461867,162.14859008789062,401300
2020-04-09,162.14854571080522,163.7229050371206,156.54976432623107,160.318359375,380400
2020-04-13,158.1831908892558,159.85595379450368,154.404745414721,157.3173065185547,336000
2020-04-14,161.37120089567424,165.12012700201484,158.94079197373128,164.4116668701172,355600
2020-04-15,161.5090316503967,166.1140246590435,161.1351177910468,162.36508178710938,389400
2020-04-16,163.52612565919645,165.95653497420608,162.58150699249376,164.8938446044922,363400
2020-04-17,167.53091231528794,168.2492220209471,165.39569685249575,167.25540161132812,408500
2020-04-20,166.05495088830997,169.75469168763274,165.15954863338655,167.63914489746094,318400
2020-04-21,165.18674540057734,166.56559368138917,161.31609660863123,162.70480346679688,359500
2020-04-22,164.9798822970626,168.34822397142005,161.35547313692936,167.5504608154297,751500
2020-04-23,176.34559917759788,187.3961314552562,174.45460101087525,184.58917236328125,1013600
2020-04-24,187.13021606318077,193.2858152757854,185.76121139943024,192.58653259277344,885000
2020-04-27,192.90168670044037,195.61015007618374,191.2175083161551,194.85177612304688,456000
2020-04-28,196.96934000700418,198.74214063635281,189.6417119741904,190.1046142578125,335300
2020-04-29,190.26216561053738,192.5372875583935,186.155151880875,186.7362518310547,516800
2020-04-30,185.22936901306878,190.02580697512124,184.2740188399654,186.40138244628906,682400
2020-05-01,184.8058692139424,188.8833377080687,182.29438162061902,188.74545288085938,352500
2020-05-04,188.22346960145202,188.22346960145202,183.9982724987154,185.47561645507812,397200
2020-05-05,187.29765415994868,193.91615590422236,187.07113230766046,191.85772705078125,426600
2020-05-06,192.35018247185104,196.47689891613294,191.21754310982033,194.04420471191406,362300
2020-05-07,194.99951474497794,195.87607136041157,192.45848190928672,194.9798126220703,413400
2020-05-08,196.73299187777098,200.37710436621308,194.90108456879005,196.9890594482422,387900
2020-05-11,195.79733026093126,207.79335647776577,195.14729528598306,207.0743865966797,785800
2020-05-12,208.79791470880656,210.56087162148248,202.524133118363,202.5635223388672,505900
2020-05-13,202.34684768258737,206.5819028077909,198.05270121140953,200.79071044921875,475100
2020-05-14,199.28382605245858,207.4289190776361,198.95880861306378,207.1728515625,447600
2020-05-15,207.7440970929161,211.73292872628286,206.95619234960583,210.93516540527344,847200
2020-05-18,213.84059178166052,218.6074993320474,213.28905248533113,215.10125732421875,427500
2020-05-19,211.01393380468232,213.10190817725854,207.7736331022418,208.37442016601562,1203000
2020-05-20,211.16166196921213,211.16166196921213,205.99095881203942,206.91676330566406,1083600
2020-05-21,206.5326785402621,211.74278655258246,204.51363882897516,207.83274841308594,16495700
2020-05-22,209.5365794896013,210.43283826601217,206.34551171726235,208.24636840820312,536300
2020-05-26,210.5117205922065,211.73298227016676,201.70674610136817,202.83937072753906,729200
2020-05-27,201.16502435122098,201.89385286065738,192.2714139505906,198.24972534179688,915900
2020-05-28,199.93388766515417,205.93190068831194,199.90434198746928,202.91812133789062,755800
2020-05-29,204.54318568034785,213.92925800158332,204.54318568034785,212.77691650390625,1589400
2020-06-01,211.3094088939853,213.1019115370401,207.38952759534007,208.93580627441406,443200
2020-06-02,207.56685213402085,208.45325260867375,204.0901701190477,208.1282501220703,526400
2020-06-03,208.00019006497558,209.1229709115103,205.1439826284782,206.20767211914062,464200
2020-06-04,205.40002461714286,208.5812338822664,201.03692835485677,202.28775024414062,492600
2020-06-05,199.56948155934163,203.47951988690264,198.75201607483606,202.62265014648438,546600
2020-06-08,198.50578362210842,204.55304421167259,197.96408783877618,204.52349853515625,660600
2020-06-09,205.87278393106234,208.34486717170563,203.09538537313335,203.17416381835938,470100
2020-06-10,204.66138565971704,210.47226587388914,204.36591386292594,209.65480041503906,598200
2020-06-11,208.89638263869887,210.05855234363776,198.90954090601934,200.69219970703125,609700
2020-06-12,203.72573951151247,205.2818619352749,195.16699103921908,197.6981658935547,681500
2020-06-15,196.17157940607237,206.7001201225036,194.73363965211198,206.20767211914062,707700
2020-06-16,207.9410947294243,207.9410947294243,201.7953383548798,207.3009033203125,467600
2020-06-17,208.906276237343,212.00869240438533,206.82814522466714,208.05926513671875,779900
2020-06-18,208.68956445771033,211.0828689975896,207.87209916382744,209.43807983398438,692600
2020-06-19,212.65874026479983,213.71258618723462,209.54646533095823,213.31861877441406,1186900
2020-06-22,212.96402127354784,215.90886521766265,210.82679912423447,214.51031494140625,759400
2020-06-23,215.6922272550992,218.56812181510205,213.27923502434783,214.2542724609375,922700
2020-06-24,213.26936806471446,216.48013856511312,209.81238859859633,213.2398223876953,651300
2020-06-25,214.4413747948814,220.19317813013328,211.91020020921553,219.98634338378906,566900
2020-06-26,221.4243476350224,223.24639639660614,217.44535898918903,219.0901336669922,1649200
2020-06-29,219.71058524324903,222.487983943228,213.2398117879496,216.80514526367188,615500
2020-06-30,217.0514079009745,224.51692216211288,215.56420516791616,223.7388458251953,778900
2020-07-01,224.11305152839458,224.3592754885382,219.60222677516515,221.5917205810547,537800
2020-07-02,222.10386991846232,227.8655169686469,221.8576459424428,226.2601318359375,509600
2020-07-06,228.30871996526486,232.96727344168536,227.5700480280001,230.61337280273438,417400
2020-07-07,229.81557519986913,231.2436710596796,227.13665750512874,227.33364868164062,444400
2020-07-08,228.61400122995082,230.29817960842223,225.60022257951263,228.79129028320312,439100
2020-07-09,230.30807186745903,233.03623793419672,227.6882449594241,232.3665008544922,375800
2020-07-10,232.2680285080867,232.38621122056324,226.4571330154227,228.72239685058594,431800
2020-07-13,230.20957391702325,233.449874827398,225.03887042313752,225.58055114746094,587100
2020-07-14,223.59107254817883,230.22926132937323,220.45909575573302,229.7565155029297,458300
2020-07-15,233.6173282509929,238.04936025206777,229.99291818370767,237.5766143798828,513800
2020-07-16,236.09926617123858,238.10844736345283,234.96664180248018,236.72959899902344,359000
2020-07-17,238.34483169853667,244.3822489799629,238.3349881487444,243.21022033691406,554500
2020-07-20,243.2988317384699,248.79455263594295,242.9639707409679,248.0361785888672,446400
2020-07-21,251.48330904576656,251.48330904576656,245.83001634296252,249.040771484375,617200
2020-07-22,250.04533236544165,254.0243195245151,248.9816431752433,251.5128173828125,471100
2020-07-23,260.56404629037274,269.6447873209078,256.80173689196545,258.101806640625,940800
2020-07-24,256.0729526494209,258.8897407013775,249.91735282611754,258.6927795410156,918600
2020-07-27,261.3814604127368,266.0597145610898,260.35716056229404,262.9966735839844,542300
2020-07-28,262.82921097977106,265.7561065242692,259.882586461288,260.4640197753906,432100
2020-07-29,261.8239991078983,267.88473398013883,261.8239991078983,265.7068176269531,418200
2020-07-30,263.1051527870611,266.05174730753004,262.4547281964044,265.056396484375,446200
2020-07-31,266.4262737253884,269.30387738187534,263.2530060824994,264.9677429199219,618300
2020-08-03,268.44649162659323,275.48287901823136,267.07668115777346,274.595947265625,671200
2020-08-04,272.47711366739117,273.13740276050703,268.38735129410304,270.4568786621094,515500
2020-08-05,271.0087140382307,273.1275034239626,269.2545497467148,270.6637878417969,462600
2020-08-06,271.7971390464581,272.112501914646,266.4755184630862,269.9148864746094,310000
2020-08-07,269.964127052909,273.76808984251466,267.0175325565743,269.57977294921875,293100
2020-08-10,268.052283376524,269.44182271916253,261.78460471576085,262.51385498046875,617900
2020-08-11,263.124841644274,264.3172716443053,257.803221648422,260.71038818359375,684200
2020-08-12,260.60203978026027,270.35834964040566,260.60203978026027,268.4859313964844,445800
2020-08-13,268.49578313383415,272.5855457005926,268.28880933498255,271.16644287109375,289500
2020-08-14,271.16643315313735,272.4377189912241,266.8401335534011,268.5154724121094,289100
2020-08-17,270.2204496079386,273.3838533118521,270.05290364573386,270.99896240234375,341900
2020-08-18,271.53098661392585,273.12746929976225,270.35825573736224,271.3141784667969,317700
2020-08-19,272.44749765080996,274.3495088122486,269.7571396592907,270.92987060546875,291100
2020-08-20,270.634254422511,274.1820112685691,270.634254422511,271.471923828125,294100
2020-08-21,271.7774664046875,271.9942746381827,266.45584530713364,267.5398864746094,959300
2020-08-24,268.5648387687814,271.17640272073913,264.0611871698855,265.7562255859375,655800
2020-08-25,265.9532316271531,271.00878208304806,264.68194564665856,270.6145935058594,479100
2020-08-26,269.00812284378094,271.6985105328708,266.95832513398403,270.1315612792969,332700
2020-08-27,269.5305100007119,271.40292800406723,265.6476914726085,269.9444274902344,330400
2020-08-28,269.5600697282758,271.15655274182956,266.1108676361491,267.6482238769531,261700
2020-08-31,268.0523054711218,280.86362889437396,268.0523054711218,279.8387145996094,723000
2020-09-01,281.30710888047105,283.27808170829104,274.70433787741064,277.6607971191406,458200
2020-09-02,279.58250431437887,284.4606439601315,275.0886887266349,283.83978271484375,564900
2020-09-03,280.1737704465841,280.1737704465841,260.43447913109264,263.4205017089844,668600
2020-09-04,261.8831111925456,264.60306291567986,250.32336148120598,259.83331298828125,432100
2020-09-08,256.65019321361905,262.9474651879766,254.10765175955214,258.80841064453125,392300
2020-09-09,263.15450072578875,272.7137333252882,262.4449491300046,268.6141052246094,410800
2020-09-10,268.6139952628902,274.40865924387197,267.49052649836557,271.3832092285156,431300
2020-09-11,273.27531069792064,274.48746954843466,267.244139977611,268.456298828125,352700
2020-09-14,270.92006588735586,274.52694966778523,270.1908155858671,273.83709716796875,396200
2020-09-15,275.4730395004953,281.11002347035446,274.9507328596981,280.2526550292969,353800
2020-09-16,281.238132359756,283.63285725320196,276.3402634228267,277.1976318359375,653000
2020-09-17,274.60574609810845,275.03936246758246,267.3328525347041,270.96929931640625,879700
2020-09-18,271.6197354177989,278.58713093636317,270.9890398101682,273.6991271972656,1612200
2020-09-21,271.2847259659591,273.3936815386085,265.7659954808652,272.82208251953125,669600
2020-09-22,273.1571174984444,273.8962323102536,266.58393994723014,273.0191650390625,597300
2020-09-23,272.4081811976043,272.4081811976043,263.2234401491689,264.406005859375,449400
2020-09-24,263.1248796729605,265.1746782368135,258.1284562005781,259.81365966796875,494300
2020-09-25,257.4779621383864,266.16009293494017,257.2611539768809,265.598388671875,414200
2020-09-28,268.02278894253703,272.2899326421122,266.08137915828445,268.43670654296875,378600
2020-09-29,270.0037248491222,273.11786721386926,269.5208157938068,269.6784973144531,248200
2020-09-30,269.80656846018644,273.7682144747326,268.6141378815598,270.9103088378906,477600
2020-10-01,274.714157335425,276.4288937906651,270.5652385591834,271.7872619628906,398100
2020-10-02,269.8655627592781,272.41796864817854,266.5937410498967,269.87542724609375,281200
2020-10-05,271.79717545992327,283.8989489573523,271.2551698932713,283.4653625488281,873600
2020-10-06,283.179511352223,291.10283010168735,282.5192222586606,286.1162414550781,722600
2020-10-07,287.7127512659025,290.8170272464962,287.39738841669345,288.4617004394531,439100
2020-10-08,289.31914297070495,290.60029359628095,285.3673621530788,287.0328369140625,368300
2020-10-09,288.5603150881561,294.37467973411407,288.1759909714304,293.950927734375,305100
2020-10-12,295.6458581083371,297.6562583643763,293.67488572094817,297.2817687988281,324700
2020-10-13,295.64589542767254,298.7403369023169,294.6801080090661,295.1334533691406,302100
2020-10-14,294.6900238465285,294.6900238465285,282.9627406326568,283.9679260253906,568600
2020-10-15,281.888514954265,287.65361593220894,278.40974945307437,287.1411437988281,341400
2020-10-16,289.29939665080985,291.34922528590874,286.8159816512017,287.8211669921875,298600
2020-10-19,288.7475740946875,291.29011629243,280.20339203111524,281.9082946777344,373000
2020-10-20,282.686701327582,287.5648396076923,281.1099175106641,282.8148193359375,337400
2020-10-21,283.0316425613859,286.29359940701323,275.99525680941434,280.2919921875,336000
2020-10-22,280.91286353507223,282.5487744355159,274.1524418145293,275.354736328125,539600
2020-10-23,277.39468399229736,278.6758041036715,273.2654941464958,277.838134765625,337400
2020-10-26,274.92108651689523,278.60679528234596,274.5268980516824,276.0445251464844,387900
2020-10-27,277.34547970956544,282.40103065354447,276.8921643057666,281.91815185546875,416200
2020-10-28,278.04511646891666,280.1343425930679,272.38840471004227,276.17266845703125,495600
2020-10-29,275.49275266656633,276.2121686740151,269.53057107663744,271.2354736328125,316900
2020-10-30,271.0087446257455,272.2898648432046,260.9469374734535,268.12127685546875,439100
2020-11-02,269.698041101222,272.69389771224184,262.9080262560881,267.4609680175781,411000
2020-11-03,269.0378287761496,275.1872552385695,267.68771701145346,273.00933837890625,296500
2020-11-04,279.77954733469943,289.86108275039754,279.040432628774,285.5840759277344,447000
2020-11-05,290.2454160266698,291.95031816298695,285.3968402427826,290.7381591796875,309000
2020-11-06,291.5757966717176,294.985570496847,289.94975045949406,291.5068054199219,251500
2020-11-09,298.774096654047,300.7462029025886,282.5436706542969,282.5436706542969,515300
2020-11-10,282.14925799552213,287.4640687359846,268.9755724873355,275.5229797363281,416700
2020-11-11,278.6387936996573,282.80980797729205,277.11042385959587,281.0940856933594,437700
2020-11-12,283.4310481900464,288.676856843939,282.9577319646005,285.5510559082031,306700
2020-11-13,287.82885675948916,290.284149124436,284.43683212549433,286.9118347167969,241500
2020-11-16,287.45419144384834,289.3967172718596,284.68338461548063,287.9373779296875,280800
2020-11-17,286.7442752683455,286.7442752683455,282.1985841950275,282.79022216796875,297700
2020-11-18,282.04082640862634,283.5001961371838,277.1302701029859,277.366943359375,358000
2020-11-19,277.9387188772797,283.82545574080495,274.31005152175226,277.29779052734375,391400
2020-11-20,277.98807410155007,283.0662410167393,277.51475782997875,280.7588806152344,351300
2020-11-23,280.92653335002643,281.7843947664494,270.29688171273745,271.87457275390625,300000
2020-11-24,270.1489591339681,271.657619118133,263.4832307922439,263.97625732421875,461100
2020-11-25,265.10037101631684,266.44138873285414,260.3771684364322,265.44549560546875,378300
2020-11-27,267.8613202951823,274.1227635382781,267.8613202951823,274.08331298828125,190600
2020-11-30,275.63140413321594,276.5878767824518,268.07823426138475,271.3223571777344,775400
2020-12-01,270.9575041298814,272.7422575987382,267.46686818933307,268.2162780761719,442200
2020-12-02,268.20642953552647,272.47602600054165,264.86369525269356,271.5491638183594,344700
2020-12-03,270.53342019596573,272.7126184569833,267.3681992690535,268.4429931640625,281900
2020-12-04,267.9205284836093,270.52372358889784,266.9443453651051,267.76275634765625,312400
2020-12-07,268.36420417593837,269.9911857050646,263.5128098847033,264.3213806152344,367900
2020-12-08,263.3549929611385,264.8538126147213,261.7674622503207,263.5522155761719,682900
2020-12-09,263.522699113581,264.09459668878424,256.37381391779627,257.51763916015625,766000
2020-12-10,256.86684451325056,266.38225135302815,256.20617566502165,262.9508056640625,687000
2020-12-11,261.59006715456894,262.13238438877613,259.11506394299005,260.29833984375,592900
2020-12-14,261.3040602131185,267.94020812257673,260.2884267676663,261.2251892089844,393700
2020-12-15,261.88576240555574,264.70588909221374,261.36315561951704,263.4535827636719,406500
2020-12-16,264.341149323973,266.9640546524856,260.31806519326585,263.8875732421875,392700
2020-12-17,265.88916252759935,273.01833593658563,265.8497119852518,269.76434326171875,578600
2020-12-18,269.7939128667461,274.30018173060506,265.5736077625749,273.7874450683594,973400
2020-12-21,270.020790814293,272.2394104003906,262.5662314123611,272.2394104003906,478700
2020-12-22,272.6337902776997,279.36854926585363,271.6181568692603,278.9642639160156,462000
2020-12-23,280.21652850626066,281.67589774909527,275.1284915207523,277.5048828125,478400
2020-12-24,277.8599454233835,280.58143184936415,276.4597366098484,279.01361083984375,147100
2020-12-28,282.5829752851873,282.5829752851873,273.41269702505366,273.6592102050781,213100
2020-12-29,274.3101058704336,276.43011395192326,270.98711184021766,274.4580078125,222700
2020-12-30,276.3807690562597,280.3348206267323,275.14820296118626,276.03564453125,233700
2020-12-31,276.3315435366099,279.526376417988,272.2295585482889,279.3587341308594,455600
2021-01-04,279.4770206595647,285.59056186709716,276.0948657758787,281.5871887207031,483300
2021-01-05,280.6997084044244,287.276664773658,279.9995891390142,286.96112060546875,479000
2021-01-06,282.652100881317,290.6884272237592,281.04482959443834,290.03765869140625,595600
2021-01-07,293.37047981079036,300.81519806884194,290.6292536549966,299.81927490234375,511000
2021-01-08,301.1307677955582,307.7668858367352,300.2630362610801,303.24090576171875,437700
2021-01-11,302.88591316791025,303.2112974173638,297.2851092595551,298.1922912597656,351700
2021-01-12,296.900610225357,299.56293568183787,293.3803932489909,294.3269958496094,499200
2021-01-13,296.18072120564045,296.23004190854715,291.4575191266091,293.8437805175781,452700
2021-01-14,293.8634923462046,296.93013270003627,292.5717653757842,294.5537414550781,434200
2021-01-15,294.37633042619865,295.69763810169377,290.71805139206117,295.23419189453125,351700
2021-01-19,299.0621956289073,299.9304200834383,293.4385183177705,296.10235595703125,399200
2021-01-20,295.63863395058763,302.5350805665938,294.80000672411813,300.9663391113281,418200
2021-01-21,300.3546872181991,301.22291176140016,293.75424166710144,295.66827392578125,486500
2021-01-22,295.165117040189,296.9311331856136,292.5505676828716,296.0727844238281,516900
2021-01-25,298.391349467141,304.90300371863486,294.28703424261795,296.24053955078125,418000
2021-01-26,296.3095665650391,297.2468612671424,292.03754411698515,295.66827392578125,520400
2021-01-27,290.9917267637027,294.2080957306563,286.2658406642862,289.30462646484375,798200
2021-01-28,290.68587759900964,297.98680990182265,288.9395528110321,294.91845703125,648300
2021-01-29,293.704851897519,302.6336882796928,292.83662756463633,295.4807434082031,1401200
2021-02-01,296.5759769060954,299.3384822226751,290.3208519250151,293.04388427734375,793900
2021-02-02,295.98392409431113,299.23973521573186,290.6562194824219,290.6562194824219,420400
2021-02-03,290.6661747756636,292.7380690476314,283.78950791673753,288.1700439453125,666900
2021-02-04,288.9692062364761,291.6922386809061,285.4864321134529,286.3645324707031,592800
2021-02-05,287.67666983753065,290.05441131410504,286.04876404408816,287.44976806640625,451200
2021-02-08,288.88037618857106,293.1721502732569,288.5350856040854,290.5181579589844,385200
2021-02-09,290.40962518005546,293.0340201196604,284.75632024269476,286.00933837890625,520900
2021-02-10,286.16719337990327,290.63655070189384,284.4011771418254,288.3772277832031,334700
2021-02-11,290.99173512761695,291.5343604102176,284.5688727769147,287.1932678222656,440500
2021-02-12,286.6901118656757,290.3307177628347,285.2792619134032,290.07421875,267900
2021-02-16,289.4822395943666,292.5999415330069,289.0678487208357,291.65277099609375,417600
2021-02-17,290.20245944616937,292.5209766852897,286.88742299943425,290.054443359375,415000
2021-02-18,297.94732824882175,299.21019201512496,286.93672067274963,292.7676086425781,639600
2021-02-19,293.69502115393124,294.25739792517317,275.59066223379193,277.78094482421875,1055900
2021-02-22,277.0606720381643,277.19878220253656,268.02329327488417,269.0000305175781,501300
2021-02-23,266.49406763102934,271.95006733990664,261.8767252435234,270.6181335449219,682400
2021-02-24,270.39126155967034,276.3800120256009,268.8620228583772,275.18621826171875,406300
2021-02-25,275.18612818917285,277.6723822633406,271.95988421030256,273.96270751953125,361500
2021-02-26,275.1960596902388,280.1685994987485,273.12416559427226,276.8930358886719,668200
2021-03-01,277.9190750383837,282.1417783349092,277.9190750383837,279.20166015625,406800
2021-03-02,279.8627654549433,281.1651023914424,273.5484456085034,274.377197265625,323900
2021-03-03,273.28200682078693,273.3412012097357,263.80066751256436,264.0374450683594,457000
2021-03-04,264.15577649013585,264.45177847965704,251.79353085260163,253.84568786621094,566400
2021-03-05,256.0162807277715,259.4793031152703,250.46165797420574,258.8873291015625,568100
2021-03-08,258.8774962460141,263.9289518759291,255.67100279798095,257.8514099121094,424400
2021-03-09,261.9063348341175,270.69706216636234,261.8668919841494,263.8401184082031,368600
2021-03-10,267.5103202356581,273.124121700738,263.0902822152065,264.1459655761719,365100
2021-03-11,267.01702811586097,270.1248538744243,265.27070336948026,269.2369079589844,279000
2021-03-12,268.33910259728486,271.5949145216095,267.1452787971899,270.450439453125,254000
2021-03-15,270.3320943283098,272.8479466662107,268.08261679154583,272.3250427246094,324300
2021-03-16,273.8049477922109,275.71898025190455,269.67103511876394,270.49981689453125,293900
2021-03-17,267.8951799889674,273.1834443518833,267.007233802647,270.9142150878906,347000
2021-03-18,269.1875496953738,271.0917060005226,264.8267360857485,265.3496398925781,451500
2021-03-19,265.3101664975655,275.8373127690622,265.3101664975655,273.4398498535156,831400
2021-03-22,272.92689446154384,279.33988214432094,271.8810865712307,278.70843505859375,358100
2021-03-23,279.28069926141404,282.17146967915653,277.99808360653003,279.4582824707031,364500
2021-03-24,279.16222303721213,280.0698903398293,271.89085830393543,274.3573913574219,374700
2021-03-25,274.93953017617866,274.93953017617866,265.97118915451534,271.76263427734375,478100
2021-03-26,272.75911923769917,276.96210175788303,270.27286442650524,276.5575866699219,476400
2021-03-29,274.46593292556094,279.5568607324237,271.9993998859402,276.7548828125,365000
2021-03-30,274.5152852811983,276.4391933321729,272.80846347779845,274.61395263671875,372300
2021-03-31,275.3538815492826,280.42508798175515,272.37432044690627,278.00787353515625,704600
2021-04-01,280.1586400083908,281.2044474579055,275.1663802636385,280.9577941894531,394200
2021-04-05,282.90151981051946,286.64079306841717,281.4709484301256,285.68377685546875,376100
2021-04-06,287.88395032245927,291.3469430976969,285.742985863312,287.3807678222656,332900
2021-04-07,286.0882402573228,287.8542863741847,284.78590356413815,285.3088073730469,291700
2021-04-08,286.5618066461427,290.32080040693415,285.3679830345302,287.97265625,277900
2021-04-09,288.28845108673227,292.580195342535,287.4202264665532,292.55059814453125,201700
2021-04-12,292.5505749720314,294.6520661909971,291.20879529007277,292.9649658203125,334700
2021-04-13,294.5533871334567,302.7817685084573,294.43499835552257,302.34765625,323900
2021-04-14,301.80500039271965,303.3441147215135,294.9381803020203,296.0431823730469,421600
2021-04-15,297.28626460628107,307.37929728458425,297.1284028982112,306.787353515625,364500
2021-04-16,307.70493697677983,310.6253036879412,304.6168327696354,309.6288146972656,363200
2021-04-19,307.59640699019843,312.94386413796326,307.59640699019843,312.5492248535156,335900
2021-04-20,312.04570383547434,315.7080254050225,311.97662673290813,315.08612060546875,316900
2021-04-21,315.88581979088065,320.4859106566117,313.6351345298794,319.66656494140625,408800
2021-04-22,321.32488446385184,322.31202733142516,314.9479198491774,317.7020568847656,406100
2021-04-23,318.1364688554627,321.8086422977338,315.3922123132698,319.5184631347656,309700
2021-04-26,320.1501558102644,320.95962012540224,317.87970932574666,318.26470947265625,319900
2021-04-27,317.2875124341629,319.3703696785837,314.5333750627906,316.23126220703125,403600
2021-04-28,317.0407822389627,320.33783678131766,315.18494827644975,318.0772705078125,316000
2021-04-29,320.82151527421064,329.2911900223541,318.79788392026023,320.3772888183594,514600
2021-04-30,320.66352464703766,326.6258767303638,319.38025081256234,324.29620361328125,917100
2021-05-03,323.8520065162352,330.5349536836785,323.2597146998318,325.63873291015625,663500
2021-05-04,324.6121116220148,325.1451772953306,320.02190253985594,324.9674987792969,515400
2021-05-05,325.7868209604485,325.7868209604485,319.93306987931277,324.3752136230469,314900
2021-05-06,324.7403745112536,325.1846008300781,320.38707106256436,325.1846008300781,224700
2021-05-07,325.7967376508139,330.3376022214656,325.47096353720224,329.3899230957031,278200
2021-05-10,329.6563816261456,332.2229290513486,326.08289904333645,329.439208984375,430700
2021-05-11,325.8262844715322,335.2831007858433,324.9674749152215,330.9100646972656,458400
2021-05-12,326.5271803011128,328.0770021359309,319.83435155687573,320.6240539550781,495300
2021-05-13,322.4699619822121,326.03353314339626,320.84115221026724,324.0789794921875,472400
2021-05-14,326.5764989652229,330.30789822629305,323.1214985336686,328.7877197265625,262000
2021-05-17,328.6693398114802,330.4363044456737,321.90740288039774,322.49969482421875,288900
2021-05-18,322.15414640067627,325.5499209660243,321.3348007837751,322.6674499511719,295800
2021-05-19,319.81455248859487,323.4965760516314,318.9260998203704,321.68023681640625,317000
2021-05-20,322.27260107169195,329.6564421216975,320.74254135471443,328.5113525390625,305900
2021-05-21,329.71567002963616,332.2328728353726,328.8963244025218,329.1628723144531,680100
2021-05-24,331.5023137107841,335.5199922748124,329.70570652303365,335.15472412109375,260700
2021-05-25,335.62860593618876,341.7192912460654,335.62860593618876,340.919677734375,523400
2021-05-26,342.62745671806164,343.78242727123296,339.2119504083794,339.9621887207031,387600
2021-05-27,338.82693807279594,343.37768275828944,336.92175940060406,340.2681884765625,1128700
2021-05-28,341.600863616714,344.7696147127089,340.58410741112647,343.0421142578125,389700
2021-06-01,343.51593878543895,344.79924296923167,335.1351029927879,335.78662109375,297100
2021-06-02,335.105425717728,336.5466460209621,328.9653952303996,329.47869873046875,395300
2021-06-03,327.19845257911464,330.4165488145689,325.2932735732489,328.4916076660156,267500
2021-06-04,331.54184728335736,332.9929487586062,328.5902992308966,329.1430969238281,233800
2021-06-07,328.7185614109939,331.56153757296016,328.27433508873355,329.0344543457031,490200
2021-06-08,331.5812898864524,331.95640900373627,324.0592659037305,326.05328369140625,387100
2021-06-09,327.45503778376917,331.9169127620868,325.2635793823154,331.61090087890625,443300
2021-06-10,332.5191520814554,339.4488856487748,332.5191520814554,339.36004638671875,355700
2021-06-11,338.41236726237065,340.9789450629341,335.9445097859084,340.89007568359375,218800
2021-06-14,341.4823970234161,341.4823970234161,336.7737353963491,340.70257568359375,209800
2021-06-15,341.81794861798016,341.81794861798016,337.3560737184834,340.4063415527344,253000
2021-06-16,341.5218803361371,344.1378033792142,339.1033678268458,341.6600646972656,300700
2021-06-17,339.42911454384466,348.45158557892853,339.14283464893214,347.5039367675781,332500
2021-06-18,345.5987441831195,349.5078217323676,345.5987441831195,347.7605895996094,572500
2021-06-21,349.64609327776043,353.7328499906337,345.4803482478483,352.99249267578125,286900
2021-06-22,352.6074994801978,356.398125069348,351.95598147070433,355.4603271484375,244700
2021-06-23,355.025932949843,356.79292715096625,354.06840314534725,354.0881652832031,274000
2021-06-24,355.9243251002706,357.12864092576564,354.2461697265551,354.9174499511719,235300
2021-06-25,354.3151877846151,356.5954854344536,353.4168841460105,355.4306640625,491700
2021-06-28,355.746614381077,359.8432519813138,354.9963760289088,358.5303649902344,274900
2021-06-29,358.27366262730214,359.44836514107885,355.1839003914967,355.3714599609375,318900
2021-06-30,355.37142424455396,355.67743611652566,352.7258886496724,354.4830017089844,423400
2021-07-01,354.6410175616419,358.4612562996337,354.4929220057326,358.3428039550781,378700
2021-07-02,358.41182449158316,361.2745629507502,355.5589972265175,361.0376281738281,291500
2021-07-06,360.9093320200751,364.4630527885018,360.9093320200751,364.2458801269531,592200
2021-07-07,366.0227607920321,368.73740403748553,363.9990995702932,367.86871337890625,352500
2021-07-08,364.996110830563,370.53396839685576,362.09390810724824,368.3128967285156,473800
2021-07-09,369.65548822620957,370.3662324831457,366.7730170382971,369.37908935546875,512300
2021-07-12,371.2447230432851,372.3404674291235,367.16784779296466,371.1558837890625,297200
2021-07-13,371.1558488325632,372.04430154153874,366.3188546541002,367.8587951660156,242000
2021-07-14,369.19148186240045,369.19148186240045,365.4600825287997,366.6643981933594,192000
2021-07-15,366.3584188675069,369.3790743051043,363.28838820040687,367.177734375,265000
2021-07-16,369.0533065418388,371.0473548928167,365.9043477540794,368.85589599609375,248800
2021-07-19,367.0691802276053,370.16879400177146,364.18670902260635,366.2301025390625,432800
2021-07-20,367.35594654463137,372.0766524356661,366.91151645691434,368.0670166015625,519400
2021-07-21,367.41517990023107,369.48913663180235,358.0132808932064,363.38580322265625,340100
2021-07-22,364.44256789909736,370.34840125448636,363.44511669959235,369.341064453125,247000
2021-07-23,372.3234967328165,376.7874174616341,369.89402028589996,376.343017578125,237900
2021-07-26,374.75300273109974,374.9011360372839,368.5607894204042,372.82720947265625,278100
2021-07-27,373.10375409131376,374.7233952200734,370.15082272168496,373.6864318847656,221900
2021-07-28,373.4000330805426,380.5205892283192,373.0148864520302,379.2466125488281,493800
2021-07-29,380.7180682566627,401.95137167434945,379.61196611017107,399.8971862792969,717400
2021-07-30,401.67487816612805,408.09424947868627,398.4849335715307,406.62274169921875,679900
2021-08-02,407.2251798558912,411.5705946150076,399.383668115642,410.079345703125,300400
2021-08-03,409.29916672723414,417.47645796578405,409.1214067335552,416.9530334472656,331000
2021-08-04,416.5579249852498,424.7450701885148,414.75060829640114,422.82916259765625,387700
2021-08-05,423.05635017835885,424.83404045871066,414.8988003412678,420.3799743652344,204400
2021-08-06,417.38755545476903,423.3822682990469,414.09884505395905,422.187255859375,285500
2021-08-09,423.3921187516712,424.8340300874179,420.0342996005724,423.68841552734375,216500
2021-08-10,425.5845555404599,425.81171337363384,419.53058982014994,419.7380065917969,273900
2021-08-11,421.00205896742017,421.00205896742017,414.2172832713994,417.5652160644531,257000
2021-08-12,416.0739293330584,424.8734079503888,415.19498510068235,424.3894958496094,185900
2021-08-13,425.2092025130849,429.1793554510332,422.7204728667601,428.8929443359375,187000
2021-08-16,429.64356980399356,436.5665940068854,428.3893041860976,436.1320495605469,284700
2021-08-17,434.22604481980653,438.14680072572037,431.29288455629893,436.369140625,273700
2021-08-18,435.895004381958,440.22067732916327,434.9370355779467,436.7344665527344,297400
2021-08-19,435.37163034306775,444.6155406117297,435.37163034306775,441.41571044921875,374300
2021-08-20,440.85278876035534,444.8525386525697,438.7492054322188,443.93408203125,254900
2021-08-23,445.3067927147268,445.3067927147268,440.42806866734844,441.030517578125,243200
2021-08-24,441.8798515602114,442.23540161590574,438.12700067990755,440.3490905761719,252100
2021-08-25,439.48003817924047,440.6453937437429,434.90746576874943,439.0059814453125,257200
2021-08-26,438.96647226351996,442.304519839958,437.1789267643683,441.158935546875,240300
2021-08-27,441.563843757894,443.9439527140267,438.3541581341548,441.41571044921875,255000
2021-08-30,441.62314531163474,447.3709288968701,441.62314531163474,446.0870666503906,349000
2021-08-31,447.4103965987303,450.97563209327154,442.2354057256042,446.01788330078125,513500
2021-09-01,444.09214176124414,449.01034872692117,436.77405450058745,447.49932861328125,368400
2021-09-02,449.5731953907056,454.1457670796886,447.73625220823425,453.3063049316406,249400
2021-09-03,452.16074553405855,459.6269655228571,450.34357332853864,458.61962890625,295100
2021-09-07,457.710957012368,457.9381148050937,451.33109914823535,456.13079833984375,205700
2021-09-08,455.2321370228335,464.5846671869357,454.3037948840424,462.6588439941406,282700
2021-09-09,465.2760345618677,469.4535748027193,455.35071083082,455.5185852050781,363200
2021-09-10,458.92585493043646,461.2565663496598,453.30643290444203,453.3360595703125,340800
2021-09-13,455.4592977199974,456.3481276661248,432.1915495246289,436.724609375,556000
2021-09-14,439.3812356392007,449.0498041049197,437.97886689519,446.4524230957031,382600
2021-09-15,448.10174470295914,453.14834355249104,444.97105351369504,446.8771057128906,263500
2021-09-16,447.13391490224365,452.3583041469863,442.86749461006406,448.83258056640625,243900
2021-09-17,447.5881439142782,449.810233768418,441.98849435969845,443.0550842285156,575900
2021-09-20,438.6108834819092,444.31918393895756,435.3024327188557,439.1343078613281,321700
2021-09-21,442.13668145271265,445.8796772569321,437.6925012036851,442.56134033203125,205600
2021-09-22,444.4179898673323,444.75376873188253,434.6605411786679,443.608154296875,254900
2021-09-23,446.8079867356419,453.9186565285729,442.84771898224517,449.5732421875,206400
2021-09-24,449.039999568346,452.90150231979385,446.07721250842445,451.4398498535156,252600
2021-09-27,448.10179155237245,448.9115970913279,435.2136500515813,436.11236572265625,328100
2021-09-28,431.93483927122156,431.93483927122156,416.29132705836133,422.1280212402344,412900
2021-09-29,424.5080757675537,430.0583580431587,420.6564590762108,427.04620361328125,266200
2021-09-30,430.81886027972683,434.31492717275705,419.01708023318304,419.27386474609375,564300
2021-10-01,419.7281163275691,419.7281163275691,401.7933771991011,414.52349853515625,522400
2021-10-04,411.53098886382685,412.0840398412646,401.08221332355555,404.736328125,593600
2021-10-05,407.83741373656505,414.8987152653152,406.968324907361,408.3509826660156,391000
2021-10-06,405.61525629694347,408.6471810943773,400.2131088127307,408.16326904296875,338800
2021-10-07,411.6002546825397,417.52582896378726,410.0201256520972,412.5384826660156,368000
2021-10-08,413.98022634745337,414.74069408305303,401.7537906560597,402.089599609375,209700
2021-10-11,399.4823909335186,407.7683318772147,397.2010476757742,398.5639343261719,279500
2021-10-12,400.7266974867584,403.2944212767414,397.3985059909106,398.1984558105469,201800
2021-10-13,400.28235495096965,404.89443948815386,394.20864827053435,397.26031494140625,351500
2021-10-14,402.8797515157735,405.082100554045,399.05776136563196,402.3760681152344,258700
2021-10-15,404.1735319658459,404.1735319658459,398.75164132812966,399.7886047363281,234300
2021-10-18,397.9516093639513,403.77841664826803,397.44792602638256,403.6500244140625,217000
2021-10-19,405.0524914311034,417.6739625413483,405.0524914311034,412.39031982421875,379200
2021-10-20,415.2049361615949,417.901052735609,407.9855849324268,409.4571228027344,261100
2021-10-21,411.62000043278874,417.11102984941164,407.798010079966,416.9925231933594,307900
2021-10-22,415.96533203125,419.53053715645837,413.97040006253974,415.96533203125,385600
2021-10-25,417.27887202657945,417.27887202657945,409.9213030669412,412.25201416015625,432800
2021-10-26,416.5875597801641,419.6787386564393,411.0273920428416,415.0863952636719,305500
2021-10-27,417.10112098802216,420.389831205209,412.2026552638596,416.113525390625,310100
2021-10-28,414.9383038659392,420.63675002171874,398.8306213208149,415.9061584472656,693600
2021-10-29,415.77772365903115,427.15481346587563,412.46927256173046,424.5475769042969,554200
2021-11-01,425.5944467443236,425.5944467443236,414.0691929267675,421.446533203125,527700
2021-11-02,423.4316106806159,433.5643511136362,417.3085059457757,432.59649658203125,462600
2021-11-03,433.2087754035568,435.66790878026353,424.17228228603625,432.77423095703125,466200
2021-11-04,429.92991274531454,430.6607538707377,420.7354015434981,427.6979675292969,397200
2021-11-05,423.42167598424885,427.06590571255595,396.292426972975,398.77130126953125,1092700
2021-11-08,400.6478587359245,408.53876970841605,394.7124284454253,408.1437072753906,502600
2021-11-09,408.96370052097615,413.89394019437094,403.82595369561506,409.1513977050781,273000
2021-11-10,406.2170004620639,408.05471424203046,401.1582823087802,404.5768737792969,365100
2021-11-11,407.2148108948487,411.9771022938788,403.233068288709,411.88818359375,298900
2021-11-12,413.85441293969404,415.82057487490874,407.9361473182374,414.1903381347656,227900
2021-11-15,412.99478060262066,417.7768218123925,412.8169431967729,417.4013671875,252800
2021-11-16,418.9230283942584,437.1422304375401,418.587103168994,436.93475341796875,417200
2021-11-17,439.67155753643686,443.9496967282119,434.35597298277435,439.33563232421875,341700
2021-11-18,443.0703116736356,444.86852594533246,439.1182082996149,443.9792785644531,305600
2021-11-19,446.58774138624455,450.3521179446062,440.66947543559144,443.08026123046875,338300
2021-11-22,443.929893439827,445.8071365294216,432.2909501017532,432.43914794921875,302700
2021-11-23,427.51874777335,430.0974804697404,418.3004507767567,425.5328063964844,308000
2021-11-24,424.0705442955247,428.9217545817179,420.6025942481852,428.52655029296875,280600
2021-11-26,431.03619383056105,449.95688400671,431.03619383056105,433.62481689453125,279300
2021-11-29,434.6524058619665,449.5320748275008,431.1448955136411,442.0230712890625,455400
2021-11-30,443.1493755334292,452.5059822177468,433.7532695217986,437.35955810546875,1021300
2021-12-01,437.0137536098115,439.6419062435088,421.80804998532733,430.1963806152344,378200
2021-12-02,427.72631238686967,437.25086674893214,427.72631238686967,432.1526794433594,545400
2021-12-03,434.73134718238396,440.995427066708,422.27235645548643,428.931640625,404400
2021-12-06,428.31914689775306,434.84009416271493,414.19035746862977,418.5080261230469,516700
2021-12-07,425.295704874897,430.5025898294607,421.50165938315325,424.8214416503906,368900
2021-12-08,427.0840212858847,430.8187574230379,420.61243451781587,430.29510498046875,327500
2021-12-09,431.1546889252119,433.1702699320153,423.89269350905914,424.05078125,298200
2021-12-10,423.92235875890714,429.7714849194667,422.5490185390213,426.4023132324219,232000
2021-12-13,427.8646540367166,437.0533140739953,424.83143708416935,435.63055419921875,295400
2021-12-14,431.83642333428463,432.3304362110524,418.7351921937147,423.5567626953125,347000
2021-12-15,425.75023661135884,439.89877448411426,421.8178827445554,438.209228515625,382300
2021-12-16,438.19937135985356,447.11135401736465,435.8478649214015,439.4936828613281,363200
2021-12-17,440.02719244090815,452.09101017259894,436.88527737190594,444.4239196777344,616200
2021-12-20,443.2185354584285,446.3703404958371,425.83916347232946,433.77301025390625,425900
2021-12-21,435.01793533291493,440.33351954055274,429.5837928407014,439.197265625,250300
2021-12-22,440.8669902472418,448.9589240802022,436.2133971035312,448.1783752441406,257000
2021-12-23,448.17835929190977,457.2089293880816,447.4768694311838,454.3337707519531,375400
2021-12-27,462.21825347509116,469.3122717355448,458.29578970313105,460.3113708496094,350000
2021-12-28,462.7320398981918,464.0263513968672,454.6005760004541,459.3035888671875,215100
2021-12-29,459.4319517138986,464.8463434189789,457.40651108440767,462.3861389160156,219400
2021-12-30,464.05597940862657,469.23325542652947,462.6529995704563,465.69610595703125,162700
2021-12-31,459.4319888967838,466.89157149435385,457.7128336837948,463.39398193359375,224800
2022-01-03,460.7658664824585,462.4454923555014,437.45834003089135,440.58050537109375,397600
2022-01-04,437.10254435700807,439.9875925406162,416.09713940559465,423.8630065917969,525800
2022-01-05,420.84956765339945,421.9166221644545,398.66837817018273,399.13275146484375,530100
2022-01-06,399.498384026096,408.2621688302947,391.80165391422963,402.857666015625,519700
2022-01-07,399.37985146698287,400.05170187772956,385.1028644017405,385.79449462890625,513900
2022-01-10,383.43303689407065,388.1656888902486,375.064457212248,387.8692932128906,557200
2022-01-11,387.22708843786614,395.64505747811035,382.41537741888857,394.7064208984375,386700
2022-01-12,396.198362285879,402.7786180059431,394.26184007990327,396.4651184082031,350500
2022-01-13,396.8998637206571,396.8998637206571,375.0052068273046,376.2204895019531,397300
2022-01-14,373.819613080251,376.5564340254687,367.63456116875636,375.23248291015625,424300
2022-01-18,362.817025833903,370.6854335228737,361.4034557875612,367.87811279296875,401300
2022-01-19,370.3987121682866,377.06118464951544,368.93575982604847,371.1302185058594,431700
2022-01-20,373.69040732187005,384.54405582734506,368.6293211469118,369.2915954589844,743300
2022-01-21,375.32148199732177,380.41222267808,362.1646225147151,363.5682678222656,654800
2022-01-24,360.0096719879821,380.6691988826352,356.25337517393734,379.10736083984375,880700
2022-01-25,372.1781145282082,381.3414486848572,368.91606422178353,374.0068054199219,683700
2022-01-26,374.2636765604108,383.8224289362124,370.2404978470984,374.2142639160156,757200
2022-01-27,378.5736011840403,384.38592299317014,374.6393825600295,379.4434509277344,759600
2022-01-28,381.2919378559564,388.52769359746026,372.2175367638343,388.5079345703125,561500
2022-01-31,390.39595119202716,396.5048388815676,383.4171836697134,388.69573974609375,670300
2022-02-01,391.760096699999,393.143982787328,382.76479188267894,392.66949462890625,382500
2022-02-02,394.50807785894307,404.2744062877739,392.847414688801,404.02728271484375,340600
2022-02-03,395.8722719176805,402.2776967073683,395.46698556939543,397.5230407714844,242900
2022-02-04,395.5460269671196,401.00253534565445,392.84745656956204,396.1391296386719,184200
2022-02-07,396.3962299866473,399.569289212341,391.62178416594537,396.10955810546875,248000
2022-02-08,390.4157500632261,398.04692823893413,388.6364721629315,396.079833984375,287500
2022-02-09,402.15903972957426,404.25464293534026,400.1721564229501,404.07672119140625,373500
2022-02-10,395.4866762217117,403.43417874696837,391.81937085839377,394.952880859375,327400
2022-02-11,394.9034962362435,399.5988444393027,386.4913995918132,386.6990051269531,372600
2022-02-14,386.323460287119,390.3663995128602,377.30839451401323,379.2655944824219,495300
2022-02-15,383.38757325400513,388.0631326324132,376.30005487061226,380.93609619140625,502000
2022-02-16,376.45821968611546,378.4648621967961,367.1762725619276,374.9557189941406,615000
2022-02-17,378.1287344633568,390.45525995256816,369.4991681113175,382.8438415527344,598100
2022-02-18,384.4749235219115,385.1371979018033,363.36066665091965,365.2388000488281,502500
2022-02-22,365.0015185415387,369.66721282203855,357.29127510473694,364.8829040527344,564500
2022-02-23,365.7428732843946,366.61275305289223,353.0802643280536,353.3768005371094,426300
2022-02-24,345.1327328237377,375.4795158566945,345.1327328237377,374.02642822265625,538100
2022-02-25,373.21594864863954,382.1222929747208,369.52885362338793,382.0234375,427200
2022-02-28,380.83720096091633,384.6033619577732,375.05453324381295,382.6263732910156,537900
2022-03-01,384.0597457288875,384.0597457288875,374.17480127323296,377.189697265625,410000
2022-03-02,379.7103379789823,383.0613181255727,375.2028061742611,380.2539978027344,256300
2022-03-03,384.04978920797055,387.0943685026277,377.97055538123425,386.7384948730469,287900
2022-03-04,386.60998815420385,387.7467807234299,376.80414166849465,382.735107421875,460300
2022-03-07,380.8075585554197,380.8075585554197,364.5567088226382,368.58978271484375,298100
2022-03-08,363.78565460836296,368.89618331682533,354.4444017482988,354.5234680175781,324500
2022-03-09,363.98342638036627,372.0099964611541,359.31773138515797,368.1153259277344,288500
2022-03-10,363.41995857249645,370.7249466371542,358.6356493169318,367.1960144042969,254400
2022-03-11,371.8023338713496,371.8023338713496,358.80364097890094,359.0309753417969,296800
2022-03-14,361.146413120739,371.5453627167073,359.7526324814864,365.7626647949219,410300
2022-03-15,371.0906590285843,382.02340387511526,366.8796635410564,380.995361328125,524300
2022-03-16,382.2705458711125,392.8078995276072,380.8965242100922,392.1950378417969,368100
2022-03-17,390.4948290191485,400.607107238076,390.069753508484,400.57745361328125,296900
2022-03-18,402.2974485623088,413.9320164083587,402.05032497042316,409.9187316894531,678000
2022-03-21,407.87253753800087,413.2005366123085,405.6088770095388,407.9021911621094,286600
2022-03-22,406.3502525294252,413.19064684614665,404.96636644409256,408.7127685546875,318300
2022-03-23,403.37494900492766,405.4112452169348,396.346737577568,398.5016784667969,242600
2022-03-24,400.0734094249381,404.1855503661656,393.964490189453,403.7506103515625,191700
2022-03-25,405.2826965237492,405.2826965237492,395.6745299263329,400.57745361328125,360800
2022-03-28,402.5742191646785,404.5413132705051,397.4142774442218,401.9712219238281,230300
2022-03-29,409.760571958153,414.99958007774234,407.45739333822706,409.35528564453125,278500
2022-03-30,409.13783377691453,413.2993868321213,404.4919281099168,413.2005615234375,398800
2022-03-31,414.3570763833882,417.0260233366132,405.9845275878906,405.9845275878906,798400
2022-04-01,407.58587585464136,412.7458177429078,404.8378626753089,412.2318115234375,414600
2022-04-04,412.05394798475896,416.63068245331465,403.20690993648986,404.32391357421875,366900
2022-04-05,404.8280239781307,410.80840331157185,402.5742578472594,403.9383850097656,297900
2022-04-06,400.51818399379516,406.11306634022,394.01390362391965,404.73907470703125,296100
2022-04-07,403.3255089347288,419.1216616659309,403.3255089347288,415.6125183105469,340100
2022-04-08,413.0818796523788,415.8496515061674,408.169061987066,408.8214416503906,233100
2022-04-11,407.1806163342793,407.1806163342793,393.2724932342875,393.9150085449219,311000
2022-04-12,394.10287607807834,397.9579986090661,379.2359102964026,380.12554931640625,288000
2022-04-13,379.74005882160895,383.00207867444806,377.7334161505619,382.567138671875,509000
2022-04-14,384.76154591867413,386.12567300070015,375.2621293302178,376.8338317871094,258000
2022-04-18,378.4253329470392,378.4253329470392,365.4266364157546,368.1351318359375,308300
2022-04-19,366.1274558116614,370.6866341709107,362.2803689532504,366.90875244140625,833900
2022-04-20,369.06473607231726,373.63378401712913,362.48807523717755,367.6505126953125,578900
2022-04-21,370.42953790458944,372.8822005745269,359.97609131584636,361.1134338378906,349500
2022-04-22,359.0068876721631,360.8661606498497,345.37884893825697,345.9128723144531,341400
2022-04-25,343.21295746749075,346.87213689045456,335.42975024953967,345.1018981933594,489600
2022-04-26,343.1634892810814,345.3590089979187,328.6552825177028,328.7245178222656,452100
2022-04-27,331.4541269765837,337.48686525620036,328.09162651646733,328.69488525390625,583300
2022-04-28,327.4290189258778,331.2959052222551,304.959561358512,321.7720947265625,880100
2022-04-29,319.50727936849984,325.4509822040204,311.2394554750054,311.5856018066406,660800
2022-05-02,310.4087711292997,314.7899117416339,303.149717129928,308.806640625,584300
2022-05-03,309.46933292242556,311.4077108532343,302.4476211164865,303.0706787109375,503500
2022-05-04,301.0036268723335,317.1337945737367,296.86972946050184,314.9283752441406,758600
2022-05-05,315.01732436768265,315.49204190499364,305.2957405908562,311.2889099121094,592800
2022-05-06,307.2836273700151,310.1318729094957,299.72789340154617,302.9618225097656,593500
2022-05-09,298.9663015888941,300.6871338413109,292.3698735279171,293.5467529296875,439500
2022-05-10,296.7906314559722,299.4608389009395,286.1196105151792,292.99298095703125,457700
2022-05-11,290.1051378012297,296.75103302347867,287.21735551751976,287.5931396484375,389000
2022-05-12,286.06031717187335,294.3182442050929,284.9427733337295,292.7259826660156,446100
2022-05-13,296.66198122136495,303.56501779077,295.7026770151113,301.6068420410156,310200
2022-05-16,299.65862119332513,304.1386647187758,298.47184230430156,300.0245361328125,326700
2022-05-17,304.9199645796934,307.7286424539302,298.2048338199947,301.5574645996094,376300
2022-05-18,297.987278363626,300.5882806651177,289.9667264998896,290.7677917480469,416100
2022-05-19,290.1941434875999,300.45968109981374,287.7612800070013,298.8773193359375,423900
2022-05-20,301.58715894775565,303.11015478155565,291.0545782716127,297.3642272949219,374100
2022-05-23,300.15308171304486,300.2025182537618,294.2291475177279,299.9948425292969,491000
2022-05-24,299.1147111745981,299.77730577395334,294.42696152685943,297.4037780761719,306600
2022-05-25,297.88838309659553,300.43994891797615,292.7951810173084,295.4950866699219,381500
2022-05-26,298.1751394426371,303.02109753004106,294.8522071019161,302.0914611816406,329300
2022-05-27,305.1474805855857,317.82611643339845,305.1376113827981,317.6678771972656,546500
2022-05-31,315.23493866889163,315.8480967010222,306.49242665819935,306.9572448730469,1160300
2022-06-01,309.5879012334883,310.6559780515992,302.00247031504966,305.17706298828125,353500
2022-06-02,305.72108571403584,314.7405104379161,303.2288556006685,314.4833679199219,306100
2022-06-03,310.43842669098836,310.43842669098836,305.17708634110727,306.4627685546875,362200
2022-06-06,309.2220361508085,311.0021745282837,304.66285735999463,305.6221618652344,252400
2022-06-07,303.7430814188691,313.5635695700006,303.7430814188691,312.87127685546875,279300
2022-06-08,309.97356809205735,314.5624138636341,307.34289825971973,308.5692443847656,410200
2022-06-09,305.99790001828745,308.17362080650895,301.01347154937304,301.1816101074219,325400
2022-06-10,299.56961899170386,299.7080594269468,289.9172391709798,290.2732849121094,526200
2022-06-13,284.5273438123747,285.0514979260305,277.54520176358324,280.73956298828125,399700
2022-06-14,279.06825806253823,280.88796387508523,272.84764265073153,277.51556396484375,472200
2022-06-15,281.7879422299523,291.37108868120754,278.376005031371,286.6932678222656,635900
2022-06-16,280.19565873959823,280.670346160701,276.42767642938753,279.5726013183594,371900
2022-06-17,283.3801812037898,288.54261872627956,279.424291307048,279.7012023925781,855900
2022-06-21,283.17248449733637,286.1690699846927,282.351650596628,285.3482360839844,370500
2022-06-22,283.25154052625106,289.0568026978422,282.8361589092464,285.64483642578125,620800
2022-06-23,287.70200101512205,296.4741824873455,287.39542194670054,295.6038818359375,235700
2022-06-24,298.03671140387775,298.76857151140143,294.21929238288607,297.85870361328125,486400
2022-06-27,298.76852090083673,301.7651055924361,295.50489438753596,301.4585266113281,258100
2022-06-28,300.1630705363156,301.49815934388727,293.0424560510459,293.1907958984375,366800
2022-06-29,292.2017547546164,297.17628434316,288.186529528764,296.21697998046875,364800
2022-06-30,295.92038683268225,301.2806316813896,291.1139642334514,299.03564453125,553800
2022-07-01,300.0937448331842,305.2166138938771,296.79058110822257,304.3463134765625,319100
2022-07-05,299.0356253960186,303.4266659366357,294.8324920545621,302.6849365234375,431900
2022-07-06,304.3562484924964,313.8305905680228,301.3299954386222,312.0702209472656,540100
2022-07-07,310.1120445285227,317.46010131233396,310.1120445285227,316.728271484375,530400
2022-07-08,313.36579582290005,317.707399362569,313.3559266215162,314.96795654296875,463400
2022-07-11,314.9679616475886,315.5514517804526,311.269184103861,312.4559631347656,360100
2022-07-12,312.2977210216017,314.8987234104581,291.23261977628437,293.4973449707031,661400
2022-07-13,289.0074069650285,300.7959407309629,287.6722882274042,296.69171142578125,437600
2022-07-14,293.87312116083575,296.0686409357282,288.05795904457796,291.123779296875,470000
2022-07-15,296.0488549026875,298.5113861957408,290.1941257877556,297.1268310546875,302600
2022-07-18,296.44449810354763,298.8773619308692,287.30640213186797,288.76019287109375,253600
2022-07-19,292.47109733814113,297.7159027356082,291.105498848652,297.0627746582031,272800
2022-07-20,298.12158007243073,302.5351087738732,295.9247061089942,300.2491760253906,357600
2022-07-21,305.23672768486273,313.30181884765625,304.7716227118111,313.30181884765625,646100
2022-07-22,314.37063418164576,315.3701224020866,306.3748190171235,310.37274169921875,323900
2022-07-25,309.6402966107986,311.5304024337438,306.57258543115114,310.24395751953125,341100
2022-07-26,308.55177392310924,311.2632501793644,302.2085774446737,310.09552001953125,353600
2022-07-27,309.67004175330476,319.48671335481083,307.04765419130285,317.18096923828125,444600
2022-07-28,313.0841534860873,337.2695550837635,312.7773852905086,336.3789367675781,816200
2022-07-29,335.32003197045805,341.5049225180921,334.6471231267941,339.98095703125,554500
2022-08-01,336.7153484892006,342.13824121914604,334.8648340605711,335.508056640625,413200
2022-08-02,333.58830911412673,340.2778671270983,331.88622579018755,335.5674743652344,397600
2022-08-03,338.74400084651734,343.2268085976003,336.87370552768385,340.0700378417969,395900
2022-08-04,339.1299494035664,339.15963567185565,334.2215982488798,336.9330749511719,282300
2022-08-05,333.20231316006,338.2887816759919,331.915867997488,338.1403503417969,214000
2022-08-08,339.9017505753406,343.62255961126715,335.5574696380878,335.82464599609375,259700
2022-08-09,334.47888230582447,336.2007461780635,325.7903492337957,326.0575256347656,287000
2022-08-10,331.2231392066102,335.96324768134764,330.6689754408406,335.31011962890625,267700
2022-08-11,337.31899907249687,343.2070273263621,333.7466205619248,334.23150634765625,215000
2022-08-12,335.12211227622555,338.27888291138805,334.9242138932521,337.4278564453125,199200
2022-08-15,337.1507251625215,341.39601178132943,335.00331813416926,337.26947021484375,232700
2022-08-16,334.6669561825679,334.6669561825679,327.9872733476984,330.4513244628906,357800
2022-08-17,328.28407747701937,329.16482036724767,323.62315251990896,324.8304443359375,287800
2022-08-18,325.2065156217812,325.2065156217812,317.60652894685103,318.4377746582031,381900
2022-08-19,317.38882288208185,318.0419509905821,312.8367371014112,316.19140625,354700
2022-08-22,311.7185059858916,314.07371730750884,306.43413874647126,308.22528076171875,318000
2022-08-23,306.62213758605924,307.30495191349513,303.0497291280594,306.48358154296875,237300
2022-08-24,308.82891732243576,308.82891732243576,303.25759278200167,307.34454345703125,434500
2022-08-25,311.4116694033188,311.7877155249622,306.25595386098917,311.4017639160156,265500
2022-08-26,311.2137628903805,311.6986788077236,299.8038788951784,300.6054382324219,250800
2022-08-29,298.2996636897868,301.1991323161148,295.40019506345885,298.4283142089844,345400
2022-08-30,299.6455416578705,299.86325099604943,292.36222961635616,293.33203125,324000
2022-08-31,296.1424775134091,296.9242259681457,291.63985888330205,293.5992431640625,508400
2022-09-01,292.74811328022315,293.48042470487843,288.5325132934585,293.01531982421875,244400
2022-09-02,296.2908819017182,298.8736775735613,286.949221254751,288.3148498535156,314200
2022-09-06,288.1169677269053,291.93677226377207,284.6732396093578,287.9685363769531,327400
2022-09-07,287.2856503160351,296.3700090633634,285.93983281257465,295.68719482421875,253300
2022-09-08,293.51015954989407,305.00910274150135,292.40183204222006,304.9200439453125,311600
2022-09-09,305.7908371554268,312.48039298884925,305.0486504280761,310.24395751953125,304700
2022-09-12,310.73882585749254,313.50964491466794,309.254452034078,309.6106872558594,314800
2022-09-13,302.0205278181971,303.198133162507,289.61115741157704,289.90802001953125,354600
2022-09-14,290.254425387322,293.6486859358147,285.67265382144564,287.7903747558594,306000
2022-09-15,283.91120207058816,287.6221362999867,270.7200811510031,270.87841796875,950700
2022-09-16,270.5518535787516,270.5518535787516,263.53571717090244,265.2674865722656,794600
2022-09-19,263.0112198682611,267.1575727105619,258.58778515056434,267.11798095703125,574500
2022-09-20,264.0107047344243,265.8414382683224,259.0429816122043,260.9429931640625,319600
2022-09-21,262.23940388842624,265.28730518161603,255.12430217449904,255.51025390625,342100
2022-09-22,253.96650726821593,254.63941622620794,249.0680610423736,250.4732666015625,467500
2022-09-23,248.6029027149178,251.90810445292487,246.3565463397609,251.59144592285156,371600
2022-09-26,250.58205774969647,255.35185218871723,248.56330118801418,250.1961212158203,730500
2022-09-27,253.02634702345335,253.51123277532974,242.1607356082828,243.82322692871094,456500
2022-09-28,245.45603616136117,250.74041817658184,244.01125417017826,249.30551147460938,476800
2022-09-29,247.66279186601952,249.87944678162012,245.0304990539147,248.65237426757812,395600
2022-09-30,249.25601453586034,251.85860592559663,243.23935185759612,243.5164337158203,539700
2022-10-03,246.45550760159736,255.36173438586607,242.81383640152134,253.26382446289062,439100
2022-10-04,256.7372658743535,259.7159186272427,256.0643570755876,258.429443359375,474600
2022-10-05,254.90658651665464,258.9638813472105,252.38314778544714,256.9649353027344,355100
2022-10-06,256.0445534736483,257.2122837165016,252.78883385676139,253.5904083251953,741500
2022-10-07,250.20601150998388,250.20601150998388,245.18883657147782,247.2174835205078,522900
2022-10-10,248.47429045998535,248.47429045998535,243.18003263012753,243.2592010498047,329500
2022-10-11,242.44770675061378,242.45759713944022,234.422192261937,237.18312072753906,781300
2022-10-12,238.79617081786924,239.69669459284955,236.43106904720386,236.6289825439453,356000
2022-10-13,230.46386093838947,247.7716637824449,229.50396473406954,246.811767578125,1034800
2022-10-14,249.483613559533,250.69090526692736,243.16018277728247,244.95132446289062,859900
2022-10-17,251.2154353276701,256.0544935584628,250.35450331170958,252.6602325439453,417400
2022-10-18,259.82482019454255,261.9326360874291,255.0847108081654,258.88470458984375,678600
2022-10-19,254.61955247598064,255.83674976217486,240.4190533688503,241.10186767578125,1058300
2022-10-20,239.93418653811952,240.95345533463282,228.42533689808369,228.89044189453125,889700
2022-10-21,230.45396423339844,235.33259843107086,224.84303359172702,230.45396423339844,862100
2022-10-24,232.68053056565984,234.15499877929688,228.65292267241233,234.15499877929688,891800
2022-10-25,237.39093026232408,246.79196341597788,234.3133282785558,246.6138458251953,831000
2022-10-26,247.51435940855356,257.75654388239394,247.40550473424827,251.74977111816406,1002400
2022-10-27,205.33836053298924,228.23729806265084,204.0420099258381,218.92532348632812,2378300
2022-10-28,216.02586974336194,224.83314823773193,216.02586974336194,223.16075134277344,1293800
2022-10-31,221.40916684447907,228.9794660015411,219.77634685974007,227.70291137695312,1164200
2022-11-01,227.76227408390054,228.98934651668384,222.4284258967089,227.10914611816406,954000
2022-11-02,225.41701955826375,225.64463443394712,216.8472454996048,217.24307250976562,962600
2022-11-03,210.6424985102283,212.85916839843543,206.61489111912567,207.15916442871094,1069200
2022-11-04,209.75191151752284,213.54199917166991,204.83368532736156,213.34408569335938,774000
2022-11-07,215.09565350375743,223.79407706313026,212.9581516728442,223.58627319335938,758700
2022-11-08,224.34888980717142,229.82588549571997,220.7833884943103,222.4076690673828,690900
2022-11-09,220.76357860702973,224.03195233098103,218.723325375044,219.38690185546875,499100
2022-11-10,232.40093540917383,240.71051886092906,229.83576350510955,240.4134063720703,610300
2022-11-11,241.2552725289262,251.100003568756,240.42332725831668,248.52491760253906,962900
2022-11-14,246.50446818295904,247.55430600326986,239.98753356933594,239.98753356933594,890600
2022-11-15,246.71245292047794,250.15909387213318,243.55302575123653,245.3159637451172,565700
2022-11-16,245.890381004113,246.78174862122177,236.29325549058007,237.79869079589844,547200
2022-11-17,235.035464646165,235.035464646165,219.74344920101788,219.80287170410156,1776600
2022-11-18,223.8338448079427,224.00221358566546,217.1386432090681,222.8434295654297,1766500
2022-11-21,222.50672300565122,224.0616672944844,219.87221446656494,223.091064453125,1029800
2022-11-22,222.95239624240946,226.33961486816406,218.68370857468253,226.33961486816406,1281400
2022-11-23,226.775411876239,229.99426187697495,225.17094378880782,225.87413024902344,545900
2022-11-25,225.61660198678146,225.92362830309906,221.33800075767263,224.4776153564453,362600
2022-11-28,222.7047707370783,224.11115855973972,219.9910275479068,222.03128051757812,555900
2022-11-29,221.02109626554144,223.52684592755233,219.69394330474105,221.3578338623047,315100
2022-11-30,221.96197370648076,232.66836069203717,220.34759192987588,232.41085815429688,1028700
2022-12-01,234.07470586556332,240.70058543726833,230.72711303603302,239.7002716064453,618200
2022-12-02,233.3220487979596,244.47412014259277,233.3220487979596,242.00799560546875,896800
2022-12-05,237.64022713464385,239.48240002377042,233.99549131514607,237.14501953125,602100
2022-12-06,235.98623151207383,236.67951912244686,232.25236201490816,232.7376708984375,608900
2022-12-07,232.46039124875506,234.60959072441722,228.58786363988293,233.6290740966797,472100
2022-12-08,232.5297115420125,235.32269004553217,231.0737997880567,233.76773071289062,708500
2022-12-09,230.42011989984874,239.78945554759662,229.28114831822936,236.7191619873047,691300
2022-12-12,237.4818145742562,240.23516830677212,235.11472226140862,238.96743774414062,462400
2022-12-13,247.87124428043577,252.85303208907803,246.9501501820729,249.48561096191406,572800
2022-12-14,245.62301068973449,248.59425678678772,238.19489544710137,241.24537658691406,861200
2022-12-15,237.18463824408454,238.04630978231762,233.4408698332539,234.80764770507812,637300
2022-12-16,231.767080702468,233.65877756708713,223.08114933541236,223.9329071044922,1590600
2022-12-19,223.9428048615052,227.69647221196206,222.00158421727906,226.04248046875,568900
2022-12-20,224.84411098475974,227.45880706701956,222.2294149024999,225.60671997070312,520100
2022-12-21,228.20160145400368,234.39169731103556,227.78562882591578,232.4306640625,376700
2022-12-22,229.48913423475005,233.54982786930938,226.94375967723153,233.00509643554688,348800
2022-12-23,232.747614455517,233.49042599101332,229.93483840144702,232.87637329101562,337000
2022-12-27,232.57923073640347,235.36229535954772,229.34056841786006,234.4610137939453,340700
2022-12-28,235.5405859437781,237.26389898187085,228.44920840616967,229.02365112304688,299400
2022-12-29,231.70765024873668,240.0469450393949,231.70765024873668,236.68943786621094,381200
2022-12-30,232.7376881819321,234.0153172221744,229.04342836850157,233.09423828125,247800
2023-01-03,236.02588291656681,238.58115636853904,229.54857308717794,232.16326904296875,432400
2023-01-04,236.25361944029277,240.85905888141022,234.55011931316204,238.82870483398438,661200
2023-01-05,235.17414087094346,237.07573668336167,231.04411034064665,231.4600830078125,516800
2023-01-06,233.1239616113084,234.58977204556126,223.49712354337134,230.2715606689453,755900
2023-01-09,233.85688330019454,239.91823592550023,233.15369681752526,238.42269897460938,644900
2023-01-10,239.00701515138616,247.48496726512835,238.75941133912715,243.57281494140625,542300
2023-01-11,248.08912970320787,251.32777679790422,246.56388170421897,248.94088745117188,558500
2023-01-12,248.26743180316592,248.26743180316592,239.67063320170698,245.712158203125,423700
2023-01-13,243.81052394095192,249.8619618138441,243.2757063474356,248.29710388183594,774900
2023-01-17,246.85111894560984,250.91181267607627,245.26644839406202,250.61468505859375,649400
2023-01-18,251.58529334363203,256.2600395558724,250.43640799325448,252.07058715820312,915900
2023-01-19,250.81277976003997,254.6258696544905,246.16772951562973,252.3380126953125,476200
2023-01-20,253.8533805218259,257.1118558018749,251.82302583521317,257.06231689453125,515200
2023-01-23,255.9431173867314,262.9651577500552,254.4872057876312,261.57855224609375,597700
2023-01-24,258.6349283895073,258.6349283895073,253.43148996458993,256.03814697265625,456500
2023-01-25,253.02512742468178,258.198833287105,251.1816282518932,258.1591796875,465900
2023-01-26,261.3803352208101,268.2389558074223,260.03238511412064,267.6938171386719,666900
2023-01-27,267.2280057352075,269.8644106263391,264.74026403877906,266.23687744140625,423600
2023-01-30,262.21287396972866,265.1466049703497,258.76373694753306,259.4971923828125,435800
2023-01-31,260.2107723472848,263.2832754181418,256.6526262004029,263.2436218261719,748400
2023-02-01,264.62128558148027,270.825757256535,261.3505749027316,269.18048095703125,408700
2023-02-02,272.56030437028863,280.9948165590627,272.56030437028863,279.3792724609375,942200
2023-02-03,273.5018777104528,274.0370652366998,267.15863213260667,270.4591064453125,466300
2023-02-06,267.03969466379806,268.8336344942857,264.690725396631,265.7908935546875,579700
2023-02-07,263.6500788594842,271.36105670387275,262.78780197954296,269.96356201171875,377300
2023-02-08,267.8623109325013,269.68598314949764,261.6776505370012,262.7183532714844,519100
2023-02-09,264.3835045370692,267.0892959972009,263.3329108375687,265.0574645996094,770300
2023-02-10,262.17326295354394,270.2212506457818,262.17326295354394,268.73455810546875,1025300
2023-02-13,270.37976883036515,272.4314115240744,267.54515661329805,270.88525390625,800100
2023-02-14,270.84564991496734,274.1461244609723,268.9823539101144,273.5910949707031,598700
2023-02-15,271.7971191957678,276.70318603515625,270.3698920523878,276.70318603515625,668600
2023-02-16,309.80689012530405,326.150617384641,309.2221280212691,316.93310546875,1566600
2023-02-17,314.3660012756051,316.45729728016687,304.6826906959427,310.93670654296875,1040400
2023-02-21,306.66505053044654,306.66505053044654,301.3426957116963,303.9592590332031,794500
2023-02-22,303.57268889237866,305.69368768002516,301.09486819611647,302.8392333984375,558900
2023-02-23,303.21589076277445,310.8277492793943,301.72919822842664,309.26177978515625,835500
2023-02-24,311.0557056018463,311.0557056018463,304.13761909982065,307.49755859375,625300
2023-02-27,310.2231863195903,313.28576941753374,309.1230483242875,310.18353271484375,468500
2023-02-28,309.22208203758424,316.2293657750322,309.22208203758424,314.2173767089844,1051200
2023-03-01,312.60190510581947,318.3802008710463,312.16580617082724,315.45635986328125,534700
2023-03-02,312.32432812306445,321.79951173759696,312.32432812306445,319.83709716796875,548700
2023-03-03,322.2653448638434,327.95444159420566,322.1166816755138,326.3388977050781,476600
2023-03-06,326.0910360982052,327.4389556727049,320.47132697550177,320.5307922363281,327200
2023-03-07,320.1344352004499,321.65086026257865,317.2403273073679,318.8360595703125,475000
2023-03-08,318.63783114414343,320.64982040635607,315.3968524548163,316.883544921875,296800
2023-03-09,318.66750088950766,321.85893463212017,312.25490077068315,312.5126037597656,459500
2023-03-10,311.7099161224987,313.15695527671807,306.6848873219497,311.75946044921875,961100
2023-03-13,310.93674707384463,321.43279131716696,309.0635002154346,318.3702087402344,550900
2023-03-14,322.11669404459093,326.0415536013743,319.8371110777786,325.655029296875,516900
2023-03-15,320.9571118218979,322.9393687167533,315.8032620433778,322.7015075683594,478600
2023-03-16,321.4130058801863,333.96069382700466,320.5705407731874,333.42547607421875,509100
2023-03-17,332.87042066803804,335.2293106848201,325.75412726638154,326.7947998046875,1123600
2023-03-20,327.10211352614743,330.9576176253445,325.63523256544545,329.0149841308594,425100
2023-03-21,330.41240178803986,334.1390534831629,330.30339220498337,332.05767822265625,456400
2023-03-22,331.60178539476027,334.48597222781865,325.81360005253157,326.021728515625,534000
2023-03-23,327.94448827029214,332.5532281347111,325.40720261707304,328.9058837890625,438200
2023-03-24,327.90487214657895,332.1964744798942,324.09894323182533,331.33416748046875,272400
2023-03-27,333.25695214845854,335.9924757896264,331.52247771591624,332.8505859375,302700
2023-03-28,331.5522111762982,336.9736839116302,331.5522111762982,336.7952880859375,297400
2023-03-29,339.6497424541975,341.9392462922336,334.5949823292064,334.9815368652344,566400
2023-03-30,338.49014412793963,341.1067374975702,334.892373614953,337.8459167480469,383400
2023-03-31,340.7895981233409,345.52719084197815,339.8975885794746,343.3962707519531,431400
2023-04-03,339.7984305858038,344.8234584420349,337.92521378391956,343.961181640625,341200
2023-04-04,345.15052202383094,348.21310495222144,344.3576314538248,345.01177978515625,338400
2023-04-05,344.95229778377256,346.6173860481749,342.5537540184893,343.68365478515625,343800
2023-04-06,342.80153464094093,343.29709878278675,336.8944185392524,341.6617431640625,462100
2023-04-10,340.7102353017637,346.9840634179662,339.382127160571,346.6867370605469,302000
2023-04-11,351.9100745997017,357.7676475279903,351.1469165613268,351.66229248046875,351600
2023-04-12,356.28086851492793,359.54168888331975,355.1608887677796,355.5870666503906,403600
2023-04-13,357.4801239678473,364.83430876837195,356.3304115874692,363.4863586425781,477300
2023-04-14,360.8895801975771,366.2416662035778,358.64962088060435,360.7012634277344,304700
2023-04-17,360.978856670503,361.434797500323,357.19276926894673,359.2543029785156,323900
2023-04-18,361.11765402793026,361.11765402793026,355.2501603404733,358.84796142578125,278100
2023-04-19,358.26317313446646,364.53700240832035,355.8348965290912,364.3784484863281,310600
2023-04-20,358.44159649964905,361.8708924542021,356.4196860003943,358.2037353515625,588400
2023-04-21,359.95797465041176,363.73417111572405,359.6507272921092,362.634033203125,244700
2023-04-24,365.0226683602776,368.75921134958213,363.17915390158066,368.6700134277344,271700
2023-04-25,365.48683232525025,365.54632799012234,353.30955863066265,354.01361083984375,503200
2023-04-26,353.08147322428493,357.49426004869105,349.93800795526215,354.24169921875,465100
2023-04-27,352.03031327983723,357.58347356994875,338.64324502835046,352.24847412109375,946900
2023-04-28,353.80538301750283,365.1595831356665,353.4186309258857,358.2181396484375,1032600
2023-05-01,358.65450384400367,364.98113935634916,357.8413559619759,363.0672912597656,380500
2023-05-02,362.9185409778792,367.5395631081493,361.43108867140023,366.528076171875,421300
2023-05-03,370.37561844006245,373.5686838844953,365.0902179769296,365.3480224609375,425300
2023-05-04,365.4174090224133,367.9460655552367,362.01610905891306,366.0818176269531,258700
2023-05-05,368.51131615275426,368.85839438202817,360.0427465650158,365.37774658203125,269900
2023-05-08,362.1351337289621,365.2984513252583,360.6774292872134,364.0093078613281,344300
2023-05-09,360.598127843952,362.7797064561813,357.82153197980284,358.7041015625,353000
2023-05-10,362.60123063633495,363.59286556223566,358.00003005425333,359.6858215332031,308600
2023-05-11,358.97180763976746,360.82615992566343,354.4301334441541,357.08770751953125,510100
2023-05-12,357.26619655701705,358.2975052571668,353.2996572235263,357.00836181640625,410300
2023-05-15,356.89921331485556,358.53540435605385,351.792301165903,352.2087707519531,436900
2023-05-16,352.2088333789313,352.96248549455515,348.5298768239891,351.5940246582031,340900
2023-05-17,352.08981946950036,354.09291069927696,342.75853317033716,345.14837646484375,384500
2023-05-18,345.3170168453277,348.6984953362137,341.6082819050334,347.8059997558594,256000
2023-05-19,349.64050510770846,353.55747461221057,348.3414659607281,348.4505615234375,254500
2023-05-22,347.4985449653545,351.61382296890616,346.67550146956006,347.9844665527344,407000
2023-05-23,346.516865312566,349.0951218329678,338.78212601365294,339.94232177734375,440600
2023-05-24,335.86674518490713,339.35728906001617,331.8803536086488,337.8004150390625,508400
2023-05-25,338.8415473256249,338.90104297930765,336.01538272655074,337.3540954589844,296800
2023-05-26,339.10935635141095,343.24448681434035,337.18558240376325,340.6265563964844,341000
2023-05-30,340.180280948209,341.86607208880594,333.2785117226275,333.5363464355469,474100
2023-05-31,333.02069308402633,333.9627582249418,327.39814085815925,331.83074951171875,1150100
2023-06-01,331.92003395748935,338.7722347277129,330.91847302751495,338.6730651855469,491300
2023-06-02,339.8233360976132,341.0529535803871,337.1459100006715,340.8546447753906,385900
2023-06-05,340.5571526204569,345.96157471100366,340.37866560865285,340.52740478515625,436400
2023-06-06,340.6265066836484,345.0690408675707,339.21837214701657,343.29400634765625,349900
2023-06-07,342.3420776379048,345.95161241261115,340.8446994727196,341.8363342285156,279100
2023-06-08,340.9637443441991,346.98297552005243,338.7127439894842,346.8243103027344,368600
2023-06-09,347.58786019605634,348.06385585062054,344.91046407766,345.3666076660156,266400
2023-06-12,346.5466293627963,354.9755255178156,344.35512483593357,354.400390625,329300
2023-06-13,353.8549387644867,356.8794428940271,352.31791701469575,354.8267517089844,311100
2023-06-14,355.6300359463391,358.24793639686624,350.07687434586524,351.7229919433594,278200
2023-06-15,349.9976371748326,358.2777664409322,348.9861499572028,356.7903137207031,422900
2023-06-16,363.76138355412024,371.3176662166178,358.6247225080877,359.011474609375,1129700
2023-06-20,354.18220673089326,363.92003724483664,353.6566415094052,363.0473937988281,429100
2023-06-21,361.04432574825023,367.39078268030147,360.97490404640666,365.8140869140625,338800
2023-06-22,368.4121948847831,371.8630953036274,364.2572421456069,365.5860595703125,241600
2023-06-23,362.74007957753514,367.0239501430244,361.82779230258603,363.9300537109375,606600
2023-06-26,364.019204625182,364.1976916210955,359.37836115768124,362.01611328125,341300
2023-06-27,363.4639659069702,366.5479664133302,360.0229913357777,366.2504577636719,323500
2023-06-28,365.4174382161817,369.53271674607623,363.51348600965974,366.1214904785156,268700
2023-06-29,364.9216503042539,374.2628645595176,363.2557109027725,374.2033386230469,258100
2023-06-30,376.9303252774794,383.8916216057539,375.58171634666445,379.2705993652344,355200
2023-07-03,376.05771779676513,376.85101361981106,370.76239100907947,375.16522216796875,154800
2023-07-05,373.50913759290216,379.00280241994164,371.7440290002521,373.87603759765625,260800
2023-07-06,370.40532744156656,373.48932725449225,367.8667448992289,370.10784912109375,300900
2023-07-07,368.3923770852412,370.1079164113166,365.70505489407856,368.4915466308594,330600
2023-07-10,370.3358946115277,376.67245500770207,369.23519459658104,374.1437683105469,278500
2023-07-11,375.8494348628021,377.31706535440156,370.1376386305411,372.2002258300781,219900
2023-07-12,375.8494411379028,380.93653291176236,372.3787190596137,380.3117980957031,272700
2023-07-13,382.72147479303027,386.13270102965595,379.1912572187561,380.45062255859375,224700
2023-07-14,380.18289028283783,384.27831669191795,379.7763163728985,381.9083251953125,194500
2023-07-17,381.96782365743786,382.52313674280816,377.20798856503706,380.41094970703125,148100
2023-07-18,380.5299375992685,382.07688550340566,375.92876775325084,381.3728332519531,314000
2023-07-19,380.4109563739118,383.58419999932056,378.44753873847606,382.39422607421875,254100
2023-07-20,382.69173067308253,383.5247003070002,375.2445433425997,375.5816955566406,237800
2023-07-21,376.76177494452014,382.2752626936445,373.7868701764762,374.1636962890625,845000
2023-07-24,372.23984969944695,375.6014756969439,370.95070639338417,372.9141540527344,332200
2023-07-25,370.57277866478603,380.5437347425751,370.0667795454788,374.164306640625,333400
2023-07-26,371.48549974123307,376.6049254725609,366.13790209249606,376.436279296875,357000
2023-07-27,372.35856976270105,372.4677204699854,347.8329659713014,352.10906982421875,1021900
2023-07-28,356.02802435520954,364.1139270335429,353.0317541338432,362.5860290527344,499700
2023-07-31,363.0225966616606,365.41364832052056,360.1454079976385,365.1457824707031,574300
2023-08-01,363.9849040663725,370.04687034754187,362.14944653898533,368.73724365234375,443400
2023-08-02,366.5546447811231,368.18176273921716,363.12186188691334,367.66583251953125,420300
2023-08-03,367.0208706040488,369.1241941219892,365.3739211775738,366.8125305175781,302400
2023-08-04,367.9039050968932,373.76743290952794,365.81048224283853,372.1204833984375,383100
2023-08-07,373.5094192601672,377.08111470654325,371.5251473763567,375.7218933105469,259600
2023-08-08,389.01654722108833,396.8147219598715,384.5519350424475,396.7254333496094,793200
2023-08-09,393.4216080091501,397.7969312922653,393.3521512242783,397.0032043457031,357400
2023-08-10,398.83868556883397,405.3570265772146,396.22936295564847,397.1024475097656,349000
2023-08-11,394.6618058088091,396.8444869412032,390.9809592820831,391.6357727050781,281900
2023-08-14,391.67546932385494,396.9238775156737,390.2666228081403,396.74530029296875,353100
2023-08-15,397.64809354218056,400.89239761416303,395.2967360852021,398.9676513671875,263000
2023-08-16,398.2136591483588,399.8110140038213,394.3443344378211,394.3641662597656,265200
2023-08-17,395.98130640086356,398.30290095434896,388.9371349067776,389.78045654296875,299300
2023-08-18,386.6453273931129,388.2922768516413,383.3415277044238,384.7205810546875,307300
2023-08-21,386.83384295039144,390.19719872018237,384.78011404375394,389.59197998046875,369800
2023-08-22,390.246788613526,393.2331278001503,387.01241541545687,390.0880432128906,340800
2023-08-23,392.2211191682622,392.9850832807419,388.9371513667493,389.9789123535156,543200
2023-08-24,390.28650645501693,394.85033860085184,388.5403372185883,388.6395568847656,280500
2023-08-25,388.82803319520326,392.5485432889929,385.49444040682164,390.63372802734375,329700
2023-08-28,392.10210273769076,400.37651424452446,392.10210273769076,400.19793701171875,218600
2023-08-29,399.5133745517803,409.3057534327744,398.72960879915706,409.1668701171875,267900
2023-08-30,411.3892212959661,412.4607452224516,405.5852191473425,405.9027099609375,309600
2023-08-31,405.7538937466269,408.29375968858074,403.4918246958996,403.7001647949219,428300
2023-09-01,407.1825590150533,407.1825590150533,401.4777767401452,404.48394775390625,258000
2023-09-05,403.22394910451453,403.46205206906853,399.52327071659386,400.4955749511719,264000
2023-09-06,400.84280039726264,402.94615427940107,397.3703241843519,401.6662902832031,394800
2023-09-07,402.1027984536676,402.8568012071613,398.75930505677553,400.68402099609375,230200
2023-09-08,400.1483438327517,400.1483438327517,388.907424731872,390.0682373046875,304300
2023-09-11,390.663499496695,397.0032330917235,389.28441585832985,394.0268249511719,210300
2023-09-12,391.55647426640024,393.2728807833088,387.6176923620077,390.72308349609375,239400
2023-09-13,387.3595956234511,392.4095635054203,386.4369165424858,392.1615295410156,280000
2023-09-14,394.8701852460738,395.7928645932176,388.85784263664493,394.7709655761719,219600
2023-09-15,394.9792261536635,397.4496652431138,390.1475289505396,391.08013916015625,648100
2023-09-18,390.1773597338822,393.21329382892634,388.43122075716644,391.4969177246094,229000
2023-09-19,392.1318753634098,395.72340331903837,389.19516088861394,389.5225524902344,291400
2023-09-20,391.6159116221523,391.6159116221523,380.4742137696569,381.3175354003906,286000
2023-09-21,379.0257599574905,379.0257599574905,369.1440926997001,371.3565368652344,362000
2023-09-22,371.0589005381436,373.4400211170948,368.4495777567897,369.58062744140625,381400
2023-09-25,369.1242001743044,372.854641359418,367.4574189000324,372.64630126953125,201300
2023-09-26,372.64631530232,375.2258751492163,370.56282349222715,372.4478759765625,235500
2023-09-27,375.9600556778956,376.09893898737164,365.55255769096556,372.2296142578125,295500
2023-09-28,373.5888348762463,377.2795823648501,372.62646165192353,376.09893798828125,194800
2023-09-29,377.3887566737331,377.3887566737331,371.91214570319863,372.2593994140625,228500
2023-10-02,370.40413821603346,370.40413821603346,362.774608149262,367.66583251953125,345700
2023-10-03,367.28878676689106,371.70377413037085,364.4810247215538,365.9295349121094,262300
2023-10-04,367.58643194905824,371.2672484714163,364.0345979665355,370.84063720703125,301600
2023-10-05,369.8385528031868,371.9022127891989,362.9332942171094,369.79888916015625,360800
2023-10-06,367.3383693076383,375.7715256590628,366.0188416947899,374.59088134765625,310100
2023-10-09,371.18782092521906,380.09718221312323,371.0985323246874,379.8987731933594,189100
2023-10-10,379.5912768839741,387.0719915353706,377.2200570781743,384.2344665527344,210800
2023-10-11,384.3832622825523,389.54238184953033,380.2659037338086,389.12567138671875,349000
2023-10-12,389.41336126285825,391.32817638410324,379.6408160775597,381.9326477050781,289700
2023-10-13,383.20260409824425,388.12362052420525,381.1489055616263,382.0318908691406,201700
2023-10-16,384.59168819947234,387.49863997691665,380.3651783305316,382.77606201171875,393000
2023-10-17,379.40275706527535,387.6176424900251,378.2717074155017,383.5399475097656,322200
2023-10-18,380.3948896445993,382.02197703543044,371.2672257996393,372.1006164550781,344500
2023-10-19,372.7852249770847,373.9063436639769,365.3442038986944,366.4256286621094,367400
2023-10-20,366.4057640715803,366.7530177463688,359.2425405429517,360.8002014160156,348400
2023-10-23,359.8179501353069,369.93771842888265,355.89900111079197,367.6359558105469,392600
2023-10-24,368.50907463401666,370.4735148535061,362.0800526022122,366.8125305175781,281800
2023-10-25,359.2921500067388,361.39547350827877,350.2240123216,355.1846923828125,572100
2023-10-26,325.42064749251836,329.8753289843031,314.0805389029224,324.7460021972656,1037700
2023-10-27,323.168534999662,325.85721562122114,316.5013785312894,318.3963623046875,486700
2023-10-30,321.55131261741786,321.55131261741786,307.97889818158114,317.3446350097656,732100
2023-10-31,319.98373428150836,325.89688742603965,315.36037627468403,315.7870178222656,674400
2023-11-01,315.85643051035373,321.2040585590671,311.9474421781765,319.15032958984375,565500
2023-11-02,321.8092690001502,329.0419500545146,320.40045261419925,325.18255615234375,500400
2023-11-03,329.57770050770756,337.59414704447585,329.57770050770756,332.3656005859375,334300
2023-11-06,335.9868716057669,335.9868716057669,329.4387675358846,330.41107177734375,289100
2023-11-07,331.4038133276058,331.4038133276058,326.9166741981631,327.9987487792969,436000
2023-11-08,331.53282613099196,343.4059246656613,328.4553503529986,342.7904052734375,534100
2023-11-09,342.1054713040476,342.1054713040476,333.5878413024304,333.5977783203125,813900
2023-11-10,334.2728291047465,340.8744929953632,332.73410612198586,339.1669921875,413400
2023-11-13,335.36477133625743,339.4051983270529,331.8604281719403,335.6725158691406,492800
2023-11-14,344.6269712577331,348.2802184200629,340.3185172191515,344.95458984375,281600
2023-11-15,344.13059820263163,350.23589494517734,342.49259619303854,343.4654846191406,406800
2023-11-16,345.47083072651833,351.81440448786987,340.9439739889371,341.7282409667969,357600
2023-11-17,342.94926803110184,343.75337871453195,338.7798108384611,340.25897216796875,353900
2023-11-20,340.6262357442982,346.7116884082079,340.4277075003439,346.4932861328125,275400
2023-11-21,347.52576667551705,351.02017309443875,345.6594253021242,349.92816162109375,566500
2023-11-22,353.92889115683687,355.88457490278904,347.91293614051386,348.6177978515625,502000
2023-11-24,349.5905870656729,351.7746097047129,347.7540267049954,350.6925354003906,114800
2023-11-27,349.58075371239676,352.6780735263188,348.59792817067523,351.32794189453125,339900
2023-11-28,349.7892355981488,354.19696947960404,348.1909208247353,349.8587341308594,468200
2023-11-29,352.8468528051511,353.38293675836263,346.01684937210126,346.3841857910156,378300
2023-11-30,345.69914315314463,348.79646275405656,344.05120407403746,348.21075439453125,640500
2023-12-01,347.76399138503166,352.5886853093444,346.4237969451792,349.2332458496094,271800
2023-12-04,346.72170400642153,351.4470893061171,344.2894976744442,348.3299255371094,435700
2023-12-05,345.88776079312106,346.47346914604105,337.92602929012713,340.9737243652344,366200
2023-12-06,342.5025218663519,344.5773283825607,338.93861715514134,340.4376220703125,276100
2023-12-07,340.62623178675614,342.0954861946894,335.0173015059069,338.71026611328125,389500
2023-12-08,338.11465297486484,339.78243578316716,335.84128777682304,339.7526550292969,470700
2023-12-11,340.5567690261463,343.91220870882574,337.83669249332013,341.6289367675781,628700
2023-12-12,342.16504685718576,347.4562965574728,338.9088862041357,345.24249267578125,339300
2023-12-13,345.46090540763015,358.72382476719315,345.46090540763015,357.0659484863281,425300
2023-12-14,359.11095294264885,366.2784809699867,353.8197034020667,355.4080810546875,712200
2023-12-15,356.9964360414442,361.30492074108844,353.6906509220391,355.5967102050781,1081800
2023-12-18,357.84020518564046,358.75353205008673,353.0353854450164,353.62109375,253800
2023-12-19,355.3981575153678,359.4385851804555,352.5490207088691,355.7059020996094,371600
2023-12-20,355.54707781759953,359.09113950556446,346.3643037680113,346.95001220703125,445100
2023-12-21,349.4616508901608,353.7502621579727,348.13139310071506,351.18902587890625,320300
2023-12-22,352.7078021477704,357.7508679693567,350.33515784740365,352.35040283203125,479600
2023-12-26,352.64829986390004,355.9540850367757,351.07976589082097,354.7429504394531,236300
2023-12-27,354.6436498661117,356.7482373328296,351.3180211536604,353.2935485839844,223000
2023-12-28,354.67339234910594,356.2022082913069,351.11942470224295,352.35040283203125,197100
2023-12-29,352.9560094528086,353.94874163756975,348.29015606611824,349.56085205078125,254500
2024-01-02,347.08902412497605,353.61128308104406,343.6938660820486,346.1558532714844,730200
2024-01-03,343.4357300545792,344.77589434003335,334.5507644009873,335.8115234375,509000
2024-01-04,334.1635303115657,340.0603612799237,334.1635303115657,337.8465881347656,503600
2024-01-05,336.33764493398684,339.1073761534524,334.91804521092246,337.0127258300781,427900
2024-01-08,338.2834497112831,349.66015276324055,338.2834497112831,349.2928466796875,422300
2024-01-09,346.73161840758394,351.2485687961795,342.30404059114954,346.8011169433594,670800
2024-01-10,349.5310799299155,354.57417651869645,349.31267763204255,354.5642395019531,258700
2024-01-11,352.3603873962405,355.2393048633712,346.84079850743484,352.0526428222656,337600
2024-01-12,353.4524033246914,355.5967086478005,343.9817290549055,344.249755859375,351400
2024-01-16,342.50252824651903,345.53034918111297,340.0802593805315,343.981689453125,381700
2024-01-17,341.0531580477185,343.0485595980928,336.89360742729934,337.04254150390625,228900
2024-01-18,337.3701049414704,341.68849604155724,335.67254137371674,340.3780822753906,314800
2024-01-19,340.9539156909917,340.9539156909917,337.3205118893132,340.2490539550781,385800
2024-01-22,342.33375863141083,347.3470742785697,340.9935641397631,344.5872497558594,304800
2024-01-23,345.95726893205676,349.46161273314476,344.51782527702574,349.074462890625,323500
2024-01-24,351.40731564092783,353.0353805124815,346.13591067394685,346.17559814453125,421600
2024-01-25,347.2875206260664,351.9633114838069,346.4735031802226,351.6456298828125,382100
2024-01-26,356.37099604089997,361.81114880196134,355.39810763307696,358.7336730957031,503200
2024-01-29,357.84030106673504,368.84969939790693,357.60205499294705,367.8073425292969,557600
2024-01-30,368.0059221580632,377.76973666097274,368.0059221580632,373.55828857421875,605700
2024-01-31,372.7338897077105,376.55794859510024,368.6316865834181,370.5188903808594,688700
2024-02-01,370.9063195104871,379.0709874166242,365.9896285372614,378.9319152832031,484300
2024-02-02,376.75668895509745,382.51763438475575,374.740355023502,378.4551696777344,620100
2024-02-05,378.7730395350683,395.847328979854,375.8627698484923,394.9434509277344,920300
2024-02-06,397.3073851284444,403.406068039997,393.7018157584601,395.5890197753906,772100
2024-02-07,405.3329547742251,410.91514863670955,401.2804330451725,410.2198486328125,657600
2024-02-08,408.01481532071864,410.77610041711415,404.39933390162236,408.1340026855469,353100
2024-02-09,409.8921095515981,409.8921095515981,405.5515009104463,406.88250732421875,337300
2024-02-12,404.42913468957784,406.9619571533381,399.8104120723769,403.89276123046875,348200
2024-02-13,399.7209766783011,402.2736836246115,393.6521215813493,395.9068298339844,485700
2024-02-14,400.7341778763002,406.1276184140759,396.6220318449695,405.4422607421875,544600
2024-02-15,335.7843359283738,353.33540309848127,323.5472611254656,348.3392639160156,3178600
2024-02-16,348.45837925879016,366.6649731800546,347.9518027448355,359.6127624511719,1427800
2024-02-20,359.0565551404262,367.6980016455174,347.4651308258785,347.82269287109375,948000
2024-02-21,346.02487719645165,355.3019995983013,346.02487719645165,353.80218505859375,523400
2024-02-22,354.5968225934888,357.5964822812067,349.63048054035875,357.477294921875,537700
2024-02-23,359.13613198603184,365.49304491066107,358.3414989253583,364.96661376953125,488600
2024-02-26,365.2347117373384,368.5522245273662,360.3081090030843,360.844482421875,429400
2024-02-27,359.9406691585518,361.390832782995,355.5901479730712,355.8782043457031,415900
2024-02-28,355.1927804400647,357.5269672065974,350.2760898108181,354.90472412109375,423000
2024-02-29,354.9047121918896,357.92425646735995,353.14663812239195,355.9476318359375,521600
2024-03-01,353.95119559035356,359.096318557489,351.1700259208768,356.30523681640625,327800
2024-03-04,357.5568088454222,358.8976970830899,351.79583330491386,356.37481689453125,478500
2024-03-05,355.4212340542022,358.87781915242493,348.2399226023406,349.5808410644531,518900
2024-03-06,351.0707304778688,355.2821788224487,349.0245999850099,351.9249267578125,424100
2024-03-07,353.2658619826746,363.1886041381231,333.9467784277574,359.72210693359375,939300
2024-03-08,358.3712443049169,361.27160151358925,354.0505508011163,356.5337219238281,320000
2024-03-11,354.4180725242518,358.718911780734,352.0938278777473,355.11334228515625,369800
2024-03-12,355.63969328471285,378.18689522327514,352.61023717468856,375.4454650878906,1034500
2024-03-13,376.6573658956798,385.2690177338605,374.4821053026769,383.1533508300781,697400
2024-03-14,385.169644904655,397.2577354848843,383.76913272878585,396.7015075683594,802900
2024-03-15,389.17250889964635,394.029606169105,384.27570271694105,385.0107116699219,756100
2024-03-18,386.30196968746014,393.6720044356803,385.7854507060189,393.0561828613281,522800
2024-03-19,391.3477412025479,393.21509060442213,388.5765139386114,393.0263671875,493100
2024-03-20,393.6421971962263,393.6421971962263,390.50346541463165,391.44708251953125,302500
2024-03-21,393.2250671386719,398.1814670788823,391.34777519008634,393.2250671386719,318300
2024-03-22,393.46345596321333,394.27794340856025,389.4903819611103,391.2683410644531,403800
2024-03-25,390.59287088782554,391.74506591344755,382.4679423393061,385.7755432128906,362600
2024-03-26,386.0238450003232,387.63293495618933,383.46119555701006,385.6066589355469,350100
2024-03-27,390.44387173560074,392.0827585332431,387.9607007354922,391.44708251953125,253700
2024-03-28,392.6489633159206,395.04274400793196,390.8014984792501,393.0462646484375,236400
2024-04-01,391.9933640103355,393.5428602736028,387.37467205974457,393.2746887207031,359300
2024-04-02,389.927395269934,389.927395269934,378.72332857966666,385.288818359375,422500
2024-04-03,385.00077928873156,389.2023158530157,383.2129081574587,384.54388427734375,304700
2024-04-04,388.14944765009966,392.66880701898316,383.24269903192146,383.52081298828125,386900
2024-04-05,385.0802752104377,392.07289408348197,385.0802752104377,391.3775939941406,242300
2024-04-08,391.67553669153,394.07925969101046,389.25198954746185,389.93731689453125,279400
2024-04-09,391.6754719238758,391.6754719238758,384.9709109584072,389.7386169433594,364900
2024-04-10,382.9844127349424,390.43392566492355,378.43525684304467,387.1462097167969,316900
2024-04-11,389.8082515641581,391.4570506697416,383.40165734123843,384.97100830078125,308200
2024-04-12,381.41509046052636,381.57401705234264,377.17384502845573,377.4420166015625,258200
2024-04-15,382.29912977368923,383.95787120368664,375.6740155021984,376.2600402832031,284500
2024-04-16,374.9886514310103,378.51474244201927,372.70414603122265,376.925537109375,491800
2024-04-17,378.4452172317188,378.5942014349774,374.16423268925615,374.81976318359375,355400
2024-04-18,374.9489046198233,378.10752138811273,369.9031141352284,374.78997802734375,315100
2024-04-19,376.5381446771154,376.5381446771154,369.3766874193164,369.5356140136719,444700
2024-04-22,372.743824775168,376.518262915057,368.4231314475652,372.82330322265625,510700
2024-04-23,377.64315770423354,389.63830422905244,374.81082795579147,387.7799072265625,427100
2024-04-24,387.01474186558187,391.9738144320055,383.0594452969744,383.33770751953125,757300
2024-04-25,382.0955030993161,387.90919770178266,362.6270020263013,365.8965759277344,742400
2024-04-26,361.96105188045806,367.705202204466,356.66412271747964,358.1945495605469,603100
2024-04-29,357.77718831576675,359.9138477149902,351.43675292092996,352.2119140625,511900
2024-04-30,351.54611410591593,365.56862042611647,350.57221142259056,355.262939453125,697400
2024-05-01,354.1896261699296,366.1748284708288,353.4442776172453,361.176025390625,579100
2024-05-02,363.39218240286937,366.4133368321171,357.9561060985698,366.1748046875,445600
2024-05-03,370.2195666975104,370.4779638818506,359.33746649644377,362.7561340332031,451100
2024-05-06,364.31640140097386,366.8804171982258,361.8120413851465,364.2667236328125,332500
2024-05-07,365.96604384075584,366.7312572369116,362.18962429089584,366.0654296875,444900
2024-05-08,364.86302029680047,367.34751535140646,361.2257158974603,364.385986328125,423600
2024-05-09,365.14123794252896,366.93006203208915,352.4206066192726,363.32257080078125,795500
2024-05-10,363.0840530497759,370.20956669922566,361.7821802836242,361.9312438964844,488300
2024-05-13,362.10018951832535,365.4294185603128,355.23307269487094,355.9486083984375,511500
2024-05-14,357.4194742780584,360.2915652938523,344.5696723511132,352.28155517578125,852200
2024-05-15,354.5970743634894,355.998333231926,343.6255355675947,349.3398742675781,776500
2024-05-16,352.2219236616752,355.63064374699127,346.7560343023142,351.913818359375,696800
2024-05-17,352.75849004054686,353.93119459858985,346.83546311649985,353.4342956542969,434700
2024-05-20,353.454204598124,353.454204598124,339.52116738764903,340.63421630859375,668100
2024-05-21,340.117435761558,341.07150372828215,333.9161456193997,334.9198913574219,469700
2024-05-22,334.4726463404205,338.30872232102695,327.26761097211033,332.21673583984375,671300
2024-05-23,333.21055248849694,333.21055248849694,325.9757039885599,326.5520935058594,460100
2024-05-24,325.41914652193475,330.04030086218694,323.9781273823167,329.60302734375,385900
2024-05-28,329.86140809105433,331.38191764546343,324.14707023918356,325.4389953613281,531600
2024-05-29,322.84523080950044,324.08747841372644,320.04274326388264,320.84771728515625,465900
2024-05-30,318.99918394451896,327.2278294911565,318.6612962918478,327.0787658691406,491400
2024-05-31,326.9197666203867,330.18937038261754,324.0079458924954,329.3545837402344,767700
2024-06-03,328.9868940679543,332.6440633808708,323.6502037309498,326.69122314453125,434800
2024-06-04,327.12851953485125,329.0564598620171,315.0339838452933,316.4451904296875,557400
2024-06-05,316.90231811740205,320.4402366495636,315.51100695222203,315.7196960449219,382200
2024-06-06,314.9445338255601,316.6240549038541,313.0364282847159,313.2451477050781,340600
2024-06-07,311.36689494610823,315.57067202524405,310.11469957608637,312.7283935546875,452000
2024-06-10,311.10845860076637,318.0153669837686,309.90597148628547,317.876220703125,446500
2024-06-11,316.1669118145212,326.184382358762,315.37185521367144,326.13470458984375,625900
2024-06-12,327.4862575927288,340.29632852153514,325.5980474361008,336.3211364746094,810100
2024-06-13,334.1943980178345,337.31493836817054,331.3422025438715,334.204345703125,687800
2024-06-14,332.5844558980917,335.8142995299591,327.38688122769514,331.1831970214844,374600
2024-06-17,330.7160541100597,337.25523075306484,328.32099760291607,333.9955749511719,514700
2024-06-18,334.43287179944423,334.4527671683572,308.07736135286666,320.072509765625,1095600
2024-06-20,319.3271677772523,329.1260011049968,317.4389577189654,326.6017761230469,1073700
2024-06-21,327.3272684987911,331.44160710433374,321.8514313772525,330.6962585449219,991200
2024-06-24,329.7123571094182,333.57824595228647,326.09494809905385,328.9471435546875,529500
2024-06-25,327.9533182914495,327.9533182914495,318.01533894928434,321.593017578125,516400
2024-06-26,320.50981964903036,324.94215047169894,318.0352418748062,321.67254638671875,359400
2024-06-27,321.17556901849224,330.6265958984583,321.17556901849224,326.7209777832031,517100
2024-06-28,327.9831523998174,332.1471684419299,323.99801271873264,327.3471374511719,1219800
2024-07-01,329.40428794881444,333.2602291743303,320.52967878153424,322.5371398925781,375200
2024-07-02,324.5843525493825,330.72604728292697,320.44023184352557,320.5992431640625,334500
2024-07-03,320.0923815209764,320.65885363736646,316.1569500885487,318.9097595214844,227200
2024-07-05,320.1619961072623,320.82782384327874,317.10108100818286,320.55950927734375,258800
2024-07-08,318.5420295772128,324.05759561606686,316.33579709601037,317.9954528808594,390900
2024-07-09,318.6016438558119,318.6016438558119,312.26120882448987,316.65380859375,604800
2024-07-10,317.448889116903,320.9470775008576,314.89482096800623,319.35699462890625,686200
2024-07-11,322.64645048671025,332.15710427671195,322.0402179582229,331.23284912109375,442700
2024-07-12,332.16698020906233,332.16698020906233,320.73830505344847,320.9768371582031,631600
2024-07-15,321.14581872886356,326.2241422968916,317.50851439707,318.1246643066406,443700
2024-07-16,320.00295838125805,327.9732074823766,318.1743736870478,327.06884765625,366700
2024-07-17,325.8365577768569,330.16953299206523,323.1731863145441,325.01171875,291500
2024-07-18,322.72598011591873,328.5894130745818,314.28864408722154,314.3780822753906,533800
2024-07-19,317.498595154891,317.498595154891,311.9531853450689,315.9482727050781,554600
2024-07-22,319.3072634257587,320.4998330755016,309.6574939977988,316.047607421875,984700
2024-07-23,320.09240519732316,320.99676504784577,310.28362345226054,314.21905517578125,770400
2024-07-24,315.79917497681924,322.99429301606074,310.7407468693376,321.761962890625,1040200
2024-07-25,280.64856262184554,293.3592481446264,263.3564826564783,275.4410705566406,3347400
2024-07-26,277.8957384307377,287.654842028732,273.78140017035054,282.9939270019531,1190400
2024-07-29,284.703255932869,291.2921110576469,281.82121753121663,286.33306884765625,775500
2024-07-30,285.90576550528465,298.0002708776885,285.01135331945676,297.6524658203125,926300
2024-07-31,297.7419293389176,305.6976256758216,295.7828379020121,304.4744567871094,1193100
2024-08-01,302.44576203816894,307.3384985540887,295.8126865061008,300.6358337402344,794100
2024-08-02,297.65243601991295,299.55186219167825,290.30337719581473,298.6170654296875,457000
2024-08-05,294.8579562086929,302.09763769693996,291.84473783642204,299.9297180175781,981200
2024-08-06,302.46564495476287,308.69098748042245,300.13860725713016,302.77392578125,711800
2024-08-07,302.51535886564807,302.68440041398287,291.705531206792,292.1430969238281,557500
2024-08-08,296.2403338218965,297.74195097758883,289.54759286658856,291.39727783203125,731800
2024-08-09,290.8105124534284,292.7298168104804,281.6117390458846,286.2558898925781,886400
2024-08-12,286.2757918151906,289.2691323634994,283.73992567098185,288.9508972167969,409400
2024-08-13,289.5177157513685,294.30107535902647,289.5177157513685,293.7839660644531,436900
2024-08-14,293.386202474906,293.79393558420895,288.64262910807435,290.5917663574219,217400
2024-08-15,293.86357907562194,294.2414795660771,288.52332193601,290.9796447753906,420900
2024-08-16,290.26360775850253,298.96515128803145,289.9453725971931,298.7463684082031,461500
2024-08-19,298.33858853162985,300.25789283419306,295.9618098756806,300.00927734375,294800
2024-08-20,300.3175715612008,301.27227693818946,297.0955243724369,297.4634704589844,315800
2024-08-21,299.3927842619529,303.12201747156854,298.69664859006025,302.6247863769531,195700
2024-08-22,305.1407512488588,305.1407512488588,295.6734828543115,298.8557434082031,343100
2024-08-23,300.79492964962725,303.4799892541812,298.82588391638285,301.10321044921875,300300
2024-08-26,301.83912830361453,304.04683539884576,299.1739771359876,301.8092956542969,236200
2024-08-27,302.0081678216001,302.7738926376703,299.59163244034664,300.95404052734375,267000
2024-08-28,300.5463081304953,300.5463081304953,293.64473939329554,295.9618225097656,337200
2024-08-29,298.22927276401396,314.2102566657198,298.22927276401396,313.0467529296875,582900
2024-08-30,314.5383692736915,317.9891533511236,310.2422864942787,311.8930969238281,590500
2024-09-03,310.22239708193456,316.2885902999522,300.73522220398115,302.465576171875,383300
2024-09-04,302.266715425786,306.2047761665941,299.6015343914458,303.0324401855469,354100
2024-09-05,301.47115519887376,301.47115519887376,296.0911120305299,298.6369323730469,288800
2024-09-06,296.8569195161026,301.849108809096,292.8790707364362,295.59393310546875,293100
2024-09-09,296.75744335715865,303.8181304428545,291.63596953500024,300.3573913574219,431500
2024-09-10,299.8700771753873,304.4147454080039,297.29442426128475,303.85784912109375,304800
2024-09-11,303.320870762444,303.79819310947806,293.8734815621438,300.67559814453125,283200
2024-09-12,299.8303070684999,300.4667773456785,294.5298377131653,295.83258056640625,364400
2024-09-13,296.4491386172121,300.0689646423041,296.1706904614358,299.0049133300781,392800
2024-09-16,300.695452181416,300.70540651236627,293.55522273018835,295.13641357421875,425400
2024-09-17,297.7418694834216,297.7418694834216,291.2977761690819,294.2214660644531,356500
2024-09-18,295.9618694573949,311.55505922204605,294.3607999439356,307.4678039550781,693100
2024-09-19,313.3450653963436,318.21792370914477,309.0589360918531,309.47662353515625,371200
2024-09-20,308.1439724040616,310.1726833266973,304.5141922721185,306.4434509277344,732100
2024-09-23,305.86668599465,308.193723443252,303.51973988287295,305.0313415527344,354000
2024-09-24,306.8313388900292,308.1340817879165,303.1518170518506,307.9948425292969,326100
2024-09-25,308.49204993139597,309.24785076639097,300.7253041038081,301.650146484375,412000
2024-09-26,305.3396346398982,306.5827121955192,302.7739055698955,305.4390869140625,405600
2024-09-27,307.8357277911432,312.8179925731189,306.21478007739813,309.2777099609375,337400
2024-09-30,309.58601947734155,310.9185951595077,297.0458659285528,298.4977722167969,585100
2024-10-01,298.90543407577064,300.09877020056257,293.4259390475813,298.1396789550781,530600
2024-10-02,297.52311181622895,301.6202900966686,295.5441422945044,298.1496276855469,281800
2024-10-03,296.54859898596413,300.8844390083567,295.62372620351874,295.66351318359375,321900
2024-10-04,298.408269442932,299.5121078799034,293.9928549978926,294.8580322265625,187200
2024-10-07,293.85354440083313,294.8778389692713,288.2447949271101,288.8116455078125,301800
2024-10-08,287.96637768723235,289.6271122843028,284.8437523416351,284.89349365234375,474000
2024-10-09,285.7586785603409,285.7586785603409,279.4438384195788,284.9332580566406,1103200
2024-10-10,285.649308582989,289.38849611373536,284.6846790486668,288.4636535644531,490200
2024-10-11,286.68350646450153,295.14638786448484,284.34651467588765,293.27679443359375,1447600
2024-10-14,294.3607496939718,298.10986047911535,291.17845917947324,293.71435546875,956800
2024-10-15,293.3662526598285,296.28001866530207,288.3939432927128,289.4281921386719,925300
2024-10-16,290.20390127353454,290.20390127353454,284.0481792109517,287.3895568847656,784000
2024-10-17,291.10886894580136,291.2082908658375,284.57524639485536,287.0614013671875,939600
2024-10-18,290.3729965247284,292.4414948137135,285.58963596074335,291.6956481933594,640100
2024-10-21,289.4779406526751,290.84034874026634,285.4802143282935,285.6592102050781,301500
2024-10-22,283.8791375408413,285.4603286100091,281.0349905525277,284.8139343261719,588900
2024-10-23,284.06806525004833,286.90228802993715,281.790738764273,284.85369873046875,671100
2024-10-24,325.6863287154402,350.3788086200963,323.2001735344063,328.8188781738281,2183500
2024-10-25,326.18353579110567,328.80893003673873,303.9970910132,306.2147521972656,1538000
2024-10-28,308.0047977383545,311.14730156427595,303.1319395985588,308.69097900390625,801500
2024-10-29,308.6810464354509,316.77598293379873,307.1694748873307,316.6466979980469,1043300
2024-10-30,314.130676259088,316.91515785123175,309.69538402711146,311.2864990234375,672100
2024-10-31,311.2069656587276,317.7803454384301,306.1849442955186,306.2247009277344,966400
2024-11-01,307.2092142961478,315.0157167148198,307.2092142961478,314.7472229003906,623700
2024-11-04,315.7317323015275,319.5405387764281,311.7240516347413,313.02679443359375,496500
2024-11-05,311.76383218398286,329.9823830262064,311.76383218398286,321.6786193847656,633900
2024-11-06,328.58017226677885,330.0420325282041,318.665385540319,327.5558776855469,740600
2024-11-07,329.4950737885494,329.7138566376331,320.6443682548378,321.62890625,458900
2024-11-08,320.51509542679287,325.0995810990845,319.0433110670742,322.3051452636719,600800
2024-11-11,325.48739625054355,333.72154029009585,324.0454445783376,325.75592041015625,632100
2024-11-12,323.59795360736956,327.9338240419535,322.8123200693727,325.8653259277344,414600
2024-11-13,327.3281013209449,345.8270013017369,325.4672697205151,342.3143005371094,970400
2024-11-14,339.64746622787067,340.65249636141334,335.28892430653565,336.463134765625,572300
2024-11-15,336.23427223550254,336.23427223550254,311.61548354096465,312.94891357421875,1087300
2024-11-18,311.38666244315596,312.5110997790182,303.86367954145874,305.7046203613281,592100
2024-11-19,302.9780453581314,310.06315126319953,298.8881692802564,302.60986328125,745400
2024-11-20,300.61963110084054,311.0482567175514,297.89303722126755,310.1327819824219,437700
2024-11-21,311.5856332997275,319.5962046221606,306.9484647545058,319.3076171875,431400
2024-11-22,317.964261833329,323.40745936411736,314.4615212059406,315.0386657714844,557200
2024-11-25,320.3624198406945,321.74559271863876,317.3074562827117,318.22296142578125,738900
2024-11-26,318.690670190394,318.9294844235169,313.6256158760069,317.7851257324219,315700
2024-11-27,319.42704834089227,322.9198584937935,317.17811298682625,321.7356872558594,391600
2024-11-29,322.0342032180025,324.9796902217428,321.19832300213176,324.0841064453125,305800
2024-12-02,321.7754209677874,324.66123436129453,319.7056269758979,321.06890869140625,400500
2024-12-03,319.0290262801135,322.68102581848456,314.65059289985766,320.3127136230469,334600
2024-12-04,318.4817011808633,321.6461418465222,314.9491087903042,319.50665283203125,350200
2024-12-05,317.685559024082,319.84493859770635,312.3816913222776,316.6407165527344,287000
2024-12-06,319.3474150080614,323.40740849741735,317.67562440135396,320.9096984863281,223900
2024-12-09,322.2929634393453,325.865368469084,317.6657549353344,320.5813903808594,315800
2024-12-10,322.2132753445938,322.2132753445938,315.90434680006706,317.7054748535156,395900
2024-12-11,319.606162097751,322.96960444503895,315.90438944609,316.6606750488281,399100
2024-12-12,319.3275239074612,331.6468644508769,319.3275239074612,329.9949951171875,437900
2024-12-13,328.0644351872609,328.6316492585629,322.64116048314605,328.4326171875,515900
2024-12-16,329.31834688063896,336.3437493941628,328.04462028700385,328.9501647949219,515000
2024-12-17,326.6912536137183,335.55759651444646,326.6912536137183,332.6220703125,596400
2024-12-18,331.3981024684945,335.13968762946655,323.44726436946655,323.72589111328125,544700
2024-12-19,323.51684853351844,328.08438287534955,318.17316800929757,325.4075622558594,529200
2024-12-20,325.45733259767445,333.8858289743835,324.73089882359363,329.77606201171875,2444400
2024-12-23,328.4624972891695,329.059563185821,323.735773690064,327.95501708984375,374200
2024-12-24,328.62174202997153,331.13934326171875,326.5121353526859,331.13934326171875,203600
2024-12-26,329.9849928232372,332.0846689554173,329.1491127298301,331.79608154296875,270800
2024-12-27,328.71130519030993,332.69170440990547,328.71130519030993,331.587158203125,397800
2024-12-30,328.60187395191303,329.34819884002667,325.4473940628828,327.208740234375,485600
2024-12-31,329.3780408340776,330.0348103602676,324.68116846305145,325.95489501953125,301200
2025-01-02,328.0843703627313,330.91044975566814,325.1886267052003,326.7807922363281,443600
2025-01-03,327.12909213996676,337.846336212024,325.5468871330578,333.9156799316406,389300
2025-01-06,332.8409849377936,338.4334408356342,328.49237339538894,331.089599609375,550100
2025-01-07,332.80115682775784,338.02543042120107,329.11927567183193,330.9005126953125,404400
2025-01-08,331.8956518850849,335.68697988561894,325.1687671786921,335.25909423828125,394700
2025-01-10,331.5871506275757,334.16445541921746,329.9352813450184,330.1044616699219,474600
2025-01-13,330.10448217277684,338.7618325944965,330.10448217277684,337.9359130859375,602800
2025-01-14,338.4433791829543,340.164912773423,323.4571785897876,327.3480224609375,445200
2025-01-15,330.55218438405933,330.92036638446393,319.8847152461399,327.3977355957031,447200
2025-01-16,326.77088083462013,336.6124021752226,323.03925654291845,335.54766845703125,384900
2025-01-17,338.333963785577,339.299211896981,333.5077232285574,334.69189453125,610300
2025-01-21,338.8811882226562,343.59798141660707,335.0998215373762,343.00091552734375,388300
2025-01-22,340.30422251799575,346.1852656687694,339.27927099298654,346.16534423828125,422700
2025-01-23,346.17530439408216,346.17530439408216,332.84097387526737,342.3043518066406,397600
2025-01-24,342.21483233360493,346.77240665260217,340.1450380075885,343.3094482421875,271400
2025-01-27,343.65771607994463,344.7622622622482,340.7221595733307,343.37908935546875,355700
2025-01-28,347.1902828846202,347.1902828846202,341.00076147121683,341.6077880859375,293700
2025-01-29,339.86638413967523,340.3241215310824,333.9753801360322,337.9060363769531,410900
2025-01-30,341.1998408514189,346.1454883122991,340.21470171935243,342.22479248046875,400300
2025-01-31,341.42872677222573,345.43900869473214,339.4186358204127,339.8763732910156,568800
2025-02-03,338.8115545761238,340.87138786196857,333.9355417835369,335.3784484863281,609300
2025-02-04,332.3633027976259,336.9407675325172,325.4771994495848,329.4178161621094,592500
2025-02-05,332.0250135331924,333.99532213271283,326.1340091668114,333.4977722167969,415500
2025-02-06,333.55748017172465,333.55748017172465,325.5966814121898,328.85064697265625,404700
2025-02-07,330.0454773574107,331.05117688020374,319.40109477827224,320.1777648925781,341200
2025-02-10,320.6158830995,323.30437287990173,316.2346663799154,322.74676513671875,583300
2025-02-11,320.0582777014666,323.8122085279836,318.93309515836756,321.0241394042969,375800
2025-02-12,317.24037484511183,322.9459025191157,314.4124982426913,320.9046630859375,788000
2025-02-13,242.79941037800953,248.34564772394305,196.16925534460273,198.2602996826172,5219500
2025-02-14,201.80511238815458,222.4864815319605,200.99857146042496,213.8136444091797,5027300
2025-02-18,215.07821062277844,216.0540241760056,205.24036908972462,210.09954833984375,2075400
2025-02-19,210.0995633510256,211.0952958787556,200.5903146724698,201.62588500976562,2881000
2025-02-20,201.13797692052827,207.31151574767125,200.39117750126888,202.7809295654297,1801300
2025-02-21,203.99573064333268,212.07112254774603,203.4978643488403,210.0099639892578,1882000
2025-02-24,208.596017417919,220.5149372596953,208.596017417919,220.12660217285156,1749800
2025-02-25,218.35417967093798,222.83497605291024,217.86628045551817,219.21051025390625,1074400
2025-02-26,219.54906378513024,219.66854682282337,214.74962585549352,218.79229736328125,883100
2025-02-27,219.61874931010237,222.34706172473975,215.82501106221085,221.61021423339844,1052000
2025-02-28,222.72544801120998,232.12516565174428,222.41677335374854,231.34849548339844,1857900
2025-03-03,230.85061693893297,233.31007740583277,222.71548431521524,227.07679748535156,1144700
2025-03-04,225.66286846980353,228.05262046787075,220.86343037513862,224.59742736816406,820100
2025-03-05,224.59742093239896,231.86627124260318,224.59742093239896,229.56613159179688,729000
2025-03-06,228.2716774815314,235.11235495019147,227.66428004384457,231.76669311523438,967100
2025-03-07,230.76101214282392,235.69985214078375,228.0824892256909,230.48220825195312,892200
2025-03-10,228.05260874496395,230.0142029466259,221.3114955991832,225.0753631591797,1142300
2025-03-11,226.95729500052403,233.35986269479767,225.93169177008133,229.78518676757812,1264900
2025-03-12,229.37694710099836,229.75533032582933,220.9928809893842,223.27310180664062,949200
2025-03-13,223.0739608393419,226.10099628457817,219.58889693186558,222.77523803710938,1074100
2025-03-14,224.78661167751258,230.68134624909305,224.0597312073794,229.1280059814453,1027100
2025-03-17,230.21334409646533,233.39968496271646,228.88901808771513,230.4722442626953,935500
2025-03-18,230.82073888181117,233.5291323856911,227.9132019248724,233.46939086914062,575000
2025-03-19,233.4694050782676,234.7538933432926,227.86342613113263,229.4068145751953,818300
2025-03-20,228.07252955851845,229.7254491361189,224.79656116248262,226.53909301757812,830500
2025-03-21,227.02701075321625,229.67566285848508,224.47793797574664,227.7041015625,2640900
2025-03-24,229.30723987642403,233.0213331888543,229.30723987642403,230.91036987304688,654600
2025-03-25,230.06397512920645,231.51773593151515,223.32286249561272,224.8363800048828,878000
2025-03-26,225.1351347320376,225.86201523640202,221.77950572026091,223.95021057128906,704500
2025-03-27,224.3584587965266,226.59885696749686,222.06827096080028,225.0952911376953,562100
2025-03-28,223.5618614150674,223.79087563200883,218.8221650703905,221.2517547607422,496800
2025-03-31,220.72401561245408,224.62728508595154,216.48220074439428,222.92459106445312,680900
2025-04-01,223.58175676668637,223.58175676668637,217.65715175100354,219.220458984375,527400
2025-04-02,217.2389574901455,223.06399868694018,215.705536126855,220.55474853515625,979200
2025-04-03,218.04549986710845,220.4252999482372,214.8691107426006,219.03128051757812,857600
2025-04-04,217.5974012395036,217.5974012395036,201.99427627708624,202.34278869628906,988300
2025-04-07,200.07251021181574,209.99001191692648,194.16782418469958,200.61021423339844,1535000
2025-04-08,204.4935671453001,205.32999394538075,187.54621188927274,189.57749938964844,909300
2025-04-09,188.85063283818764,205.92743942884985,186.63013838562787,202.66143798828125,1291100
2025-04-10,201.64577941692497,206.0070925491262,194.20765656248375,202.8804931640625,1264500
2025-04-11,205.20053298263687,210.5974007191981,199.84348785650494,209.80081176757812,805000
2025-04-14,212.66854084027378,212.66854084027378,207.9786342638221,211.76242065429688,660100
2025-04-15,210.46795714974402,212.6984032444656,208.92458405077457,211.5931396484375,592400
2025-04-16,211.18489313324534,213.70409503365858,206.6344037060119,208.23753356933594,954800
2025-04-17,206.04692450833463,206.04692450833463,192.22616736599724,201.03839111328125,1684600
2025-04-21,204.12515438146912,205.4295614736023,199.4950045180898,205.00140380859375,898800
2025-04-22,207.17209352496894,216.05402525900573,206.36555266207807,214.21192932128906,1588800
2025-04-23,216.70127588809495,222.13796700653992,212.84778065601117,217.24891662597656,1610000
2025-04-24,217.17921194665257,218.3342652706045,199.03696493502449,209.69129943847656,2545600
2025-04-25,213.78378374246736,213.84352526679805,208.48649427160797,213.63442993164062,905900
2025-04-28,212.85773072284766,217.95587602001265,211.5433565919821,215.19769287109375,778800
2025-04-29,215.13795227944692,216.66142172352446,212.3498983604515,212.54905700683594,649200
2025-04-30,211.0938460171544,211.78158044151357,207.2166329372339,210.59548950195312,1611400
2025-05-01,210.7450228131474,211.53241947974755,205.4524786223493,209.5688934326172,611000
2025-05-02,213.6554058054332,214.34314022979237,208.55223995653503,210.59548950195312,661700
2025-05-05,210.11707488936565,212.63875768020088,209.1203618429127,210.28651428222656,439800
2025-05-06,209.54896222822597,210.15695781193003,204.11686380606486,204.68499755859375,672900
2025-05-07,206.99734997344132,213.4460843447935,206.3793927759243,212.44937133789062,938900
2025-05-08,214.1936269571034,220.69220025891056,213.11719025375953,214.03416442871094,672700
2025-05-09,214.63218471497566,214.95114019138467,212.1703022627427,212.35968017578125,563300
2025-05-12,217.53261800722,220.21377848156098,213.96438354774708,218.7386474609375,666000
2025-05-13,218.01103070270867,219.1373212619053,214.89132934783765,215.16043090820312,430000
2025-05-14,215.77842690692623,215.77842690692623,205.711618400906,206.01063537597656,660800
2025-05-15,206.1800670189896,211.56231153312586,202.12343750917995,209.9875030517578,674900
2025-05-16,210.80479804537617,215.96776404960593,207.99406010462715,215.9279022216797,620300
2025-05-19,214.29332285734557,217.09408431805292,212.84809186119753,216.5060272216797,535600
2025-05-20,216.50600286985016,216.64554208394955,212.7483905355999,214.7218780517578,445000
2025-05-21,213.9643676386324,217.23358490538538,207.95418975313865,208.26316833496094,408600
2025-05-22,206.66845052573484,208.57216083302689,205.58202177671222,207.80470275878906,447800
2025-05-23,205.97075907369165,206.31961474729815,203.07033546841555,204.91424560546875,606100
2025-05-27,208.95091666525863,210.5057865412973,207.17676870838028,210.32638549804688,559900
2025-05-28,210.91445326289755,212.70853982987464,209.60876157512476,210.69517517089844,424200
2025-05-29,212.5590186134916,213.13711400493202,209.1702003421612,209.7682342529297,582600
2025-05-30,209.48914077965085,210.53569252003496,205.42256493418066,210.15695190429688,879600
2025-06-02,207.22660545455741,209.9675662306737,205.8012979424875,208.7017364501953,440600
2025-06-03,208.7017557178331,211.6520331901162,205.51227683471282,209.94764709472656,451600
2025-06-04,210.75498490741603,213.03746645524504,210.0473271133324,210.73504638671875,548200
2025-06-05,210.80481148191407,220.27358552010878,208.63198431855702,217.86154174804688,773300
2025-06-06,217.58246589269805,224.4697568460237,217.58246589269805,223.9514617919922,976100
2025-06-09,224.89833341177098,225.02791097585097,221.56931545385177,223.03448486328125,849600
2025-06-10,225.9747636429708,229.51309769481244,223.2637031734596,226.9515380859375,757300
2025-06-11,226.8120314595088,229.04467428705226,220.29353445268146,223.27369689941406,844600
2025-06-12,222.27698184390238,225.8053547170865,221.5892625835962,224.17074584960938,396900
2025-06-13,222.76537317299884,225.50633414045183,220.97128658893902,221.18060302734375,447500
2025-06-16,220.92144538587644,224.6989964295277,218.8981190750114,223.562744140625,545400
2025-06-17,221.57926138986696,223.15406973211194,216.96447539989063,217.34323120117188,444400
2025-06-18,217.17381170931665,219.9347111906446,215.5890415671769,217.23361206054688,598300
2025-06-20,217.70205568494347,219.1871635576794,214.5823390701437,215.11061096191406,858000
2025-06-23,213.60557307400143,217.4429244316067,212.8081995856976,215.9877166748047,437600
2025-06-24,217.82166758142114,222.7055707486023,216.62561493939285,221.94805908203125,575900
2025-06-25,222.3367828188668,223.03447889787836,219.26690486258195,220.29351806640625,627200
2025-06-26,219.75528237828345,221.82844728479782,218.1007503237422,218.2801513671875,657800
2025-06-27,218.23031259707182,219.34664152088135,214.9610951095138,218.15057373046875,1929300
2025-06-30,218.89812262599682,221.01116470580052,215.58904309583846,218.08082580566406,666700
2025-07-01,218.0808226229753,226.05452717804835,215.58903994951496,221.6889190673828,669100
2025-07-02,222.26700687286976,223.4132207800162,218.0608766471947,220.49285888671875,501300
2025-07-03,221.4197799104116,223.67236095316977,219.615731870469,221.5294189453125,370800
2025-07-07,221.7387502818763,224.71892773390232,219.2669062116128,220.7519989013672,400400
2025-07-08,221.27030293416803,221.87829851904422,218.87819763454976,219.7552947998047,645400
2025-07-09,219.43633739564947,225.895033367389,219.43633739564947,225.43653869628906,634500
2025-07-10,225.39669225691418,233.07137982747392,225.21729120508317,228.47653198242188,669900
2025-07-11,227.82866541889945,227.82866541889945,224.6790486051358,226.43325805664062,465400
2025-07-14,224.82858823687516,225.85520154500958,220.7819201501743,223.75213623046875,341000
2025-07-15,225.18737469136457,225.75550843658124,219.69549119744175,220.32342529296875,517500
2025-07-16,221.64904528221965,223.99131174376632,218.7386451016206,223.64247131347656,365700
2025-07-17,223.80193365273212,225.28704151990112,220.67225539458676,220.86163330078125,532400
2025-07-18,221.95804063382414,221.95804063382414,206.12027022863037,210.1968231201172,1473800
2025-07-21,210.12705372723235,212.7384370667068,208.02398857111564,209.3894805908203,688500
2025-07-22,210.80482520007558,218.1804962158203,210.40614603492435,218.1804962158203,786000
2025-07-23,220.87162770253562,229.24401160825263,220.7719503096868,226.56285095214844,1126700
2025-07-24,280.9334936910139,290.0434645312162,269.70054984649795,278.1825866699219,2764800
2025-07-25,278.18261232691594,278.7108690153096,260.1421004283185,262.64385986328125,1493200
2025-07-28,260.1719907738661,261.4677054950096,255.82633673423211,256.9127502441406,1333000
2025-07-29,255.38779119457905,257.3014631827612,250.64342742771154,252.1085968017578,953300
2025-07-30,252.44775382785687,253.4153547692677,247.48997294361007,248.5972442626953,648600
2025-07-31,245.8639860569981,246.79169208669316,237.07565033183752,238.6717071533203,985700
2025-08-01,238.6717071533203,240.4273894446038,234.35235183809104,238.6717071533203,644200
2025-08-04,237.99339880271495,238.9211048806432,236.31752154856414,237.80386352539062,505700
2025-08-05,238.58194043216085,240.54709792468662,236.47712777261015,238.272705078125,788900
2025-08-06,236.5070437126767,238.83131657707253,233.09545457381114,236.6965789794922,534600
2025-08-07,244.4075731723481,249.76437996933018,238.2727006489231,239.9485626220703,791200
2025-08-08,237.59436319717852,241.36508305557552,237.34497788931955,240.38748168945312,445200
2025-08-11,240.5470806311053,243.75916446302548,239.23033418257327,239.73907470703125,390600
2025-08-12,237.90361332215383,241.34512751995004,236.59682152553643,239.3101348876953,364500
2025-08-13,240.11816193505564,246.02360433187206,238.66174500693282,245.61460876464844,445500
2025-08-14,246.35279135264494,246.62211652815677,243.40006258458726,245.5946502685547,365800
2025-08-15,247.15081216770847,249.56486014219976,244.42752884418934,245.5946502685547,781000
2025-08-18,245.58467821767292,245.58467821767292,242.46236929228024,242.49229431152344,564200
2025-08-19,243.7791376534054,249.59480501773749,242.96114651512312,246.38272094726562,648700
2025-08-20,246.40265632927486,248.93641960398514,244.56718409991194,245.7742156982422,604800
2025-08-21,244.42752485550125,244.42752485550125,240.90620555310986,242.03343200683594,351700
2025-08-22,244.1681717630078,247.7992212407845,242.12320919194406,247.2406005859375,503600
2025-08-25,247.98875454502283,249.01622078874595,244.9262956790319,246.6021728515625,435300
2025-08-26,246.1333320953794,246.44256744570535,242.70178777962383,243.89883422851562,492600
2025-08-27,243.4299866823398,246.34280526585206,243.4299866823398,245.36521911621094,292300
2025-08-28,244.51730614322904,248.0486106894554,242.00351315445636,244.84649658203125,784100
2025-08-29,245.4250678490962,247.59971564777152,243.46989556021728,246.34280395507812,463000
2025-09-02,246.1831898235568,247.57975665772256,241.0458586533322,243.1407012939453,405600
2025-09-03,242.25289814546142,248.35784571191436,242.1331828452466,248.337890625,660900
2025-09-04,247.27052629620235,249.16584855491126,243.02099089188022,246.9313507080078,621300
2025-09-05,246.50241572411394,251.03124624347302,246.50241572411394,250.11351013183594,408400
2025-09-08,248.9463879950361,253.64481390592076,248.26806726192632,252.52755737304688,445300
2025-09-09,252.1085939787305,253.1560153277081,249.67459091139864,251.4202880859375,445900
2025-09-10,250.00378760129263,255.3206843838595,249.32546684557255,254.5924835205078,822000
2025-09-11,255.9690934492738,263.4107427262631,253.19592996369053,263.0915222167969,1032900
2025-09-12,260.2784785158359,262.50297603866403,252.7570089041834,252.876708984375,746200
2025-09-15,256.4179892658506,257.98413647583635,254.5426218971464,256.8968200683594,544000
2025-09-16,254.46278856524933,258.1736431564752,253.72461779707584,257.71478271484375,436200
2025-09-17,258.0140091536326,261.5852234740891,255.71967671415155,256.00897216796875,515000
2025-09-18,256.1286952493962,257.57511176337806,249.82422738698884,254.35305786132812,633500
2025-09-19,254.16352341217942,255.59001528680182,251.05119964394322,254.223388671875,1297600
2025-09-22,252.8168550497309,254.12363164259756,250.0037814383896,251.599853515625,473300
2025-09-23,250.81179024908587,253.4054035986364,249.38531356172317,250.183349609375,449400
2025-09-24,249.14586572475298,260.75724380271885,249.14586572475298,259.30084228515625,1166300
2025-09-25,258.0040843104546,258.0040843104546,252.06870167757862,253.8542938232422,745000
2025-09-26,254.36302579114147,262.2535647961902,254.13358036509635,260.876953125,591900
2025-09-29,261.1363639526829,261.43561416985517,257.5352544216822,259.6799621582031,589100
2025-09-30,260.07894033714854,263.6401696925162,259.0714139933927,261.6849670410156,587800
2025-10-01,263.5703459700716,272.4384717070094,260.677482481024,270.7526550292969,888400
2025-10-02,268.8572779120816,273.8051039001749,267.4806967064236,272.48834228515625,562400
2025-10-03,272.97714781588525,276.39870688238506,270.12419454901953,271.88983154296875,532400
2025-10-06,270.77259779443665,270.82246267963563,265.67514620582386,267.410888671875,586400
2025-10-07,268.4782591075928,269.1665345436496,263.8097430521948,265.3160400390625,497600
2025-10-08,266.16395358351645,267.480715290019,263.28104486742563,267.2712097167969,584900
2025-10-09,267.09164478500554,268.83734180974415,262.7723049699414,262.931884765625,487400
2025-10-10,264.26865271778115,264.26865271778115,256.86688292951976,261.1263732910156,595200
2025-10-13,261.7748116237309,265.0068358210767,261.49550126646085,261.8246765136719,454600
2025-10-14,260.9667526931906,262.5728099413094,259.939286419876,260.5278625488281,520700
2025-10-15,260.69740965875604,265.6951007376785,259.8993888876991,262.303466796875,605200
2025-10-16,264.19877740164213,268.7575477242799,259.4803968432675,266.53302001953125,771400
2025-10-17,264.0292044121336,269.9446165765664,264.0292044121336,269.9346618652344,685100
2025-10-20,270.63290577754447,274.4335351792473,270.24388055347356,274.22406005859375,485300
2025-10-21,276.89748629834673,281.33655703013784,273.7552374548244,278.70306396484375,795100
2025-10-22,276.69800977256915,282.84286781385987,275.34133777882073,276.3189392089844,1213700
2025-10-23,300.31978471926357,321.5474626042367,299.2623933647783,306.49456787109375,1898800
2025-10-24,307.1828757556006,309.92611437880817,296.46929174694253,296.7386169433594,819500
2025-10-27,299.25241639627336,300.2599428897773,281.5959529702757,286.5138244628906,1067900
2025-10-28,284.32919085067726,286.58364389325806,280.3091006954163,282.79296875,749100
2025-10-29,283.6508815593,287.6510015674878,281.66575362366945,284.15960693359375,479900
2025-10-30,284.2294366820271,286.56367968224873,277.2366928360247,277.85516357421875,693100
2025-10-31,275.15178680586826,283.610947479504,272.318773337668,281.37646484375,586200
2025-11-03,279.1519520930248,279.89012290905833,273.31632943392253,279.09210205078125,593000
2025-11-04,277.6955165491457,287.2719178963364,275.90990932595906,286.2344665527344,895000
2025-11-05,284.43890644787524,287.15218923044443,279.6407053688132,282.84283447265625,529400
2025-11-06,281.34653269984346,284.84788166228725,261.83462897696705,274.6629943847656,1038400
2025-11-07,276.2889774714371,280.10954673567807,267.4906570968158,270.3735656738281,856200
2025-11-10,270.61296369345376,275.95980012193723,269.5854975200521,274.79266357421875,574700
2025-11-11,276.62814506589234,279.4212482219097,275.7203789295514,276.7279052734375,718400
2025-11-12,276.3884926031453,279.28365216224586,270.7279311807802,273.39349365234375,595700
2025-11-13,269.11061341095257,274.1821615915717,265.7661921110096,266.2154541015625,581000
2025-11-14,264.36854676210265,265.0573989367888,258.4983441256661,260.9242858886719,738400
2025-11-17,260.7745225393716,265.81612185344085,259.656394590651,261.9725341796875,626900
2025-11-18,259.8261244163165,262.07237339042194,256.9009859308993,259.7063293457031,480100
2025-11-19,259.4367793901845,260.2554197229237,255.72297958966666,257.4700622558594,333100
2025-11-20,259.0673979504433,260.0158264301995,252.8977076927653,257.34027099609375,1315100
2025-11-21,259.36690113943547,271.60647346529464,258.4185030697288,270.6181335449219,894000
2025-11-24,269.9791707984251,275.77948276711487,266.8044793477554,273.5332336425781,901700
2025-11-25,277.71625682956454,280.8609995752702,275.2204244176229,280.371826171875,579400
2025-11-26,277.92592522361764,281.3302137803691,274.42176681158844,276.6780090332031,441100
2025-11-28,278.0257343919402,278.08563193179685,273.4833316414863,276.7878112792969,293100
2025-12-01,275.0007902764055,279.01410829831,273.50329082744514,273.6830139160156,546600
2025-12-02,270.14888747873545,274.60144365973235,268.6314019796551,272.5748291015625,546500
2025-12-03,275.3002948033418,284.9242082757149,273.5731678897841,283.8360290527344,856300
2025-12-04,284.0257223542541,285.06399714590975,275.57983418504716,281.3002624511719,788400
2025-12-05,281.53987929685877,283.04734130357684,277.76618204068694,279.7628479003906,645700
2025-12-08,278.8743141993089,280.65134557812934,267.76286392573314,268.63140869140625,660500
2025-12-09,268.19218792926455,271.5166233666276,265.3868442097987,265.62646484375,513000
2025-12-10,267.0241131629463,268.23208749185204,262.94093508697296,266.51495361328125,683900
2025-12-11,268.5116139229772,274.10228437436524,267.4533834639687,272.0856628417969,688200
2025-12-12,271.8061295298136,272.5149373696802,264.94758726979194,267.11395263671875,839200
2025-12-15,267.52326964293,272.3452041664133,265.52660383388974,271.4067687988281,692700
2025-12-16,270.78783587047,272.67469988330106,264.90767028453024,265.995849609375,734700
2025-12-17,264.78787334851427,275.10063986395176,264.47839255492676,268.6813659667969,710900
2025-12-18,268.8510449158119,270.95754323338144,266.21546183257624,268.2121276855469,748800
2025-12-19,269.22045223297,272.2853111459911,268.0024848505844,272.0856628417969,2116900
2025-12-22,271.07734809850814,277.96583944666,269.56985557573466,274.4317626953125,560700
2025-12-23,274.88096472202545,277.3668037823757,272.4250744286661,277.0273742675781,688600
2025-12-24,278.54487997794,278.54487997794,275.22041426649764,276.19879150390625,203700
2025-12-26,275.72957627708416,277.0373899870742,272.37516176644675,273.84271240234375,344500
2025-12-29,274.24207041346614,275.9092693595339,272.07567453140706,275.14056396484375,305100
2025-12-30,274.0823448278469,277.28698516259504,273.4433970967033,276.408447265625,356600
2025-12-31,275.8393748308485,276.6081106813426,274.4217591395243,274.68133544921875,397700
2026-01-02,274.7911322364008,276.6180680481003,269.3102943346,275.939208984375,629200
2026-01-05,271.9858093824558,279.67298466367976,269.1006127658118,278.5648193359375,1048000
2026-01-06,276.67799601484637,290.89424683779504,275.05070850444093,280.36181640625,1070100
2026-01-07,279.80276597812883,280.9109313994719,275.6197484646005,277.975830078125,523400
2026-01-08,276.4084293373464,282.9774769802547,270.8577007665603,274.77117919921875,631100
2026-01-09,275.1605083284008,278.77446854260126,274.33190542884245,275.0606689453125,490200
2026-01-12,277.5265655613966,278.4051034274482,267.3735365746545,272.4550476074219,776500
2026-01-13,273.1339067873666,275.0307332896705,267.9725425226772,271.3768310546875,508200
2026-01-14,272.46504299900914,278.11558070355267,270.1089613867165,274.5216064453125,725700
2026-01-15,275.16052344717076,281.0806305424927,272.3552102884532,278.9442138671875,789700
2026-01-16,278.7944779471733,278.9242661093406,258.95760649480013,259.35693359375,1505500
2026-01-20,254.57491115181745,254.57491115181745,248.0557979790293,250.08241271972656,1801900
2026-01-21,251.26042483057373,255.3735668660942,244.29206523563235,254.73463439941406,1889400
2026-01-22,255.75293425713733,258.3086642361372,246.6181936280265,247.366943359375,1044900
2026-01-23,245.5898982253099,245.7196863795323,231.67313488853944,236.26547241210938,1929300
2026-01-26,238.0824283219746,240.99755859375,236.40523634370024,240.99755859375,989100
2026-01-27,238.4917477022901,243.5033831640969,237.9227058662648,240.12901306152344,935500
2026-01-28,237.92069898080956,238.87996749048148,234.703122661993,235.7123565673828,682800
2026-01-29,234.2634376498883,234.31340304263605,227.39861656120686,232.4747772216797,930200
2026-01-30,229.25720841372166,231.87524565377942,223.66143493514832,230.94593811035156,1601300
2026-02-02,230.72610089892225,237.49100661630496,228.6576677643488,237.32113647460938,1203500
2026-02-03,233.66388486156623,238.58017764155065,227.8282867891259,230.77606201171875,944400
2026-02-04,232.77455692549822,241.19821602639973,230.91595712456353,236.87147521972656,1690400
2026-02-05,234.82301596210877,237.35110933970427,229.79680539342698,231.445556640625,1154400
2026-02-06,235.19273750254877,249.45199500621717,233.32415068242858,248.76251220703125,1481000
2026-02-09,245.78476091147206,251.140724898798,245.78476091147206,248.74252319335938,1048700
2026-02-10,250.22141899474784,252.37979595039116,243.28664309394603,243.37657165527344,1172600
2026-02-11,243.77628446687,251.8501861348566,243.41655496702523,245.97462463378906,1656600
2026-02-12,250.02157999825744,259.7042699009492,227.31868862565707,243.42654418945312,2175300
2026-02-13,243.75629084961938,250.34132425111176,241.95764338293392,250.30136108398438,980300
2026-02-17,247.9930833694141,251.62035442309138,242.13751128979015,243.00685119628906,969900
2026-02-18,243.71631149410376,248.27289014121126,243.70632451418487,248.07302856445312,813700
2026-02-19,245.3251050650696,246.99384558652147,241.727825312814,243.64637756347656,760600
2026-02-20,241.04831803407964,245.17521248380186,239.08980270855866,240.9384002685547,856100
2026-02-23,238.14052134408016,245.0952710198293,236.27191932927718,244.03607177734375,908100
2026-02-24,243.65635694603537,248.44275806695222,241.39806447341476,245.19520568847656,675500
2026-02-25,246.03457532795602,249.09226843209322,244.64562273335454,247.69332885742188,830800
2026-02-26,248.78250835912857,250.13149780800208,245.0852977827876,248.8324737548828,452900
2026-02-27,247.6833240992578,254.20840513319126,246.59414863815718,254.14845275878906,814400
2026-03-02,251.12072812938942,252.85942316992643,249.19218899153208,251.06077575683594,572400
2026-03-03,246.61413648282658,251.6703233267794,244.72556046310316,251.19068908691406,446800
2026-03-04,251.24063362893656,254.4182466094879,247.32358772160893,248.652587890625,1317700
2026-03-05,245.3450891258585,252.18993646156184,242.7370541177174,244.16598510742188,810800
2026-03-06,240.81849482404573,246.09451705932818,239.56943624093347,245.67483520507812,1080700
2026-03-09,243.2266922062172,248.97236189581287,239.66937567274823,247.87318420410156,665900
2026-03-10,240.20895724999622,242.95688617430545,228.22798165098098,233.65390014648438,1411200
2026-03-11,235.9821495555345,238.33037060217646,233.88372498446958,238.07057189941406,726600
2026-03-12,237.0813059229944,240.258918885266,230.87599142401703,230.91595458984375,913700
2026-03-13,234.40334216553111,237.02136419269618,231.25570524812716,235.28268432617188,766400
2026-03-16,236.70160361367982,242.1874591756251,236.02210781300028,240.12901306152344,867800
2026-03-17,241.88769842656077,244.0960254825237,236.43180377852204,239.23968505859375,1066600
2026-03-18,235.83225362640746,239.9291719848633,234.40333788873525,238.82000732421875,1030600
2026-03-19,237.0813068658683,243.2266842641944,237.0813068658683,240.1490020751953,818900
2026-03-20,238.67012284220678,241.21819018255349,235.94216788797863,236.8514862060547,1186900
2026-03-23,240.51873088819931,243.79625957001716,237.23121522619658,241.21820068359375,845300
2026-03-24,238.87996654142432,247.88319105966633,238.64015703860812,245.08529663085938,997100
2026-03-25,246.7340383290696,249.81172055599512,242.51721526630058,246.83396911621094,811100
2026-03-26,245.78476124992255,252.21991372646255,244.53570262473383,247.93313598632812,1059100
2026-03-27,247.25364884173518,249.28211877534778,243.00684962895951,243.16673278808594,785100
2026-03-30,246.55418443215962,248.20293571046423,243.8162424500459,244.95538330078125,793000
2026-03-31,248.12300100869706,252.08002553255844,245.73480147263695,250.4512481689453,797800
2026-04-01,251.12073636074769,254.28834720862955,239.97913950863608,252.54966735839844,1094800
2026-04-02,250.70104955349632,258.0455049860135,248.68256658310895,254.6081085205078,795100
2026-04-06,253.70879498742798,257.11623075274434,251.2706452325329,256.6565856933594,638900
2026-04-07,256.3268077560079,261.3330445603477,255.9570912764515,259.1546936035156,565600
2026-04-08,262.56211039317975,266.5291215822152,261.83264921926866,265.7297058105469,689400
2026-04-09,264.1709025035475,264.3307856695799,257.15620012597753,258.3453063964844,785200
2026-04-10,259.47445696158667,262.3222862421159,255.40751474388145,256.3567810058594,656800
2026-04-13,255.99707127516285,259.78422564637896,254.36829391387747,259.76422119140625,590300
2026-04-14,260.9832939787471,267.8880936100924,260.59360355097584,267.72821044921875,783100
2026-04-15,268.4876389327279,271.0856868451947,265.0502273244661,266.2992858886719,775800
2026-04-16,265.8996139546536,271.0657035015585,264.3008127690407,269.6068115234375,894300
2026-04-17,272.10492073134833,275.22256617828725,269.77668887340843,273.52386474609375,837400
2026-04-20,271.6952369790792,279.9890048806455,271.57533222537404,277.7906494140625,1008200
2026-04-21,277.79065132567393,281.0382039041216,273.67375878228506,274.51312255859375,947800
2026-04-22,275.62225210854774,276.5315704241323,271.92505696787265,274.2033386230469,1007700
2026-04-23,307.77803671562737,320.0887349192839,302.97166173347193,309.4667663574219,2727700
2026-04-24,315.76202947872815,315.76202947872815,301.2429728240629,305.929443359375,1286000
2026-04-27,304.1707368960249,309.7565231622378,300.08382091395265,301.972412109375,1140600
2026-04-28,301.68263718746465,302.32213935040676,290.1912977632213,291.9100036621094,1186500
2026-04-29,296.25,299.510009765625,292.67999267578125,295.3599853515625,796400
2026-04-30,295.5799865722656,300.7200012207031,293.4800109863281,297.5899963378906,1110800
2026-05-01,294.2699890136719,301.0899963378906,294.2699890136719,300.67999267578125,651700
2026-05-04,299.3500061035156,301.4200134277344,298.45001220703125,300.17999267578125,472200
2026-05-05,302.5199890136719,310.0,300.4599914550781,309.9700012207031,896900
2026-05-06,311.30999755859375,315.44000244140625,308.17999267578125,312.54998779296875,789200
2026-05-07,315.2799987792969,323.6300048828125,312.55999755859375,322.010009765625,1610500
2026-05-08,323.5,328.44000244140625,316.1000061035156,325.9200134277344,1033400
2026-05-11,327.4599914550781,330.8800048828125,321.6000061035156,322.29998779296875,879400
2026-05-12,312.3299865722656,315.82000732421875,299.0199890136719,312.07000732421875,1124800
2026-05-13,310.44000244140625,310.489990234375,300.2699890136719,302.3999938964844,718300
2026-05-14,301.70001220703125,304.57000732421875,295.8999938964844,300.19000244140625,700500
2026-05-15,296.760009765625,304.92999267578125,296.760009765625,302.8900146484375,686400
2026-05-18,304.3500061035156,309.0299987792969,301.6300048828125,304.4100036621094,515400
2026-05-19,304.3800048828125,308.25,300.0799865722656,303.92999267578125,565500
2026-05-20,303.989990234375,305.760009765625,299.7200012207031,305.5,641800
2026-05-21,308.1700134277344,316.6000061035156,304.79998779296875,316.1300048828125,743500
2026-05-22,314.6199951171875,317.7900085449219,311.07000732421875,316.4200134277344,533800
2026-05-26,318.6000061035156,320.44000244140625,314.489990234375,316.1700134277344,477700
2026-05-27,317.2799987792969,320.4700012207031,308.2300109863281,312.7099914550781,657600
2026-05-28,314.239990234375,323.8599853515625,313.6000061035156,321.79998779296875,772800
2026-05-29,323.9700012207031,324.3500061035156,319.05999755859375,322.80999755859375,1307900
2026-06-01,321.6499938964844,321.6499938964844,308.5,316.29998779296875,702500
2026-06-02,314.17999267578125,316.739990234375,311.4599914550781,312.1700134277344,707600
2026-06-03,313.4700012207031,317.55999755859375,309.8800048828125,316.30999755859375,635900
2026-06-04,319.8699951171875,321.5,315.0899963378906,317.32000732421875,629100
2026-06-05,315.4100036621094,318.8999938964844,310.57000732421875,314.5,636000
2026-06-08,317.42999267578125,322.5899963378906,315.239990234375,319.75,594600
2026-06-09,327.45001220703125,336.82000732421875,326.69000244140625,334.6600036621094,763100
2026-06-10,330.67999267578125,334.7799987792969,327.760009765625,330.9200134277344,935900
2026-06-11,328.07000732421875,332.9599914550781,325.5899963378906,330.3399963378906,524100
2026-06-12,333.2699890136719,333.3999938964844,327.42999267578125,328.82000732421875,465300
2026-06-15,330.0,331.54998779296875,326.67999267578125,331.42999267578125,558900
2026-06-16,330.8599853515625,331.67999267578125,327.3900146484375,329.5799865722656,770700
2026-06-17,328.7300109863281,330.7699890136719,321.94000244140625,323.5899963378906,670200
2026-06-18,326.3500061035156,329.1099853515625,323.20001220703125,327.95001220703125,1479300
2026-06-22,329.54998779296875,329.8599853515625,324.67999267578125,329.7099914550781,842900
2026-06-23,328.45001220703125,336.5,327.6099853515625,336.3900146484375,784600
2026-06-24,335.7200012207031,345.989990234375,335.7200012207031,340.4100036621094,872400
2026-06-25,345.0,352.30999755859375,345.0,346.55999755859375,1615300
